-- おはよう | Good morning --;
INSERT INTO "vocabulary"."vocabulary" ("id", "word_class_code", "conjugation_kind_code", "jlpt_level", "row_num", "tags", "date_added") VALUES ('f552ea3a-8b7f-5433-aa20-4c93a6868fb3', 'EXPRESSION', NULL, NULL, 1, '{greeting}', '2022-04-24');
INSERT INTO "vocabulary"."definition" ("id", "vocabulary_id", "sort_rank", "value") VALUES ('0c30b7bb-ee6a-50a7-89ba-26093be26f59', 'f552ea3a-8b7f-5433-aa20-4c93a6868fb3', 1, 'Good morning');
INSERT INTO "vocabulary"."spelling" ("id", "vocabulary_id", "spelling_kind_code", "value") VALUES ('f5fc7480-3a86-576c-8d6d-eb492cb64bcc', 'f552ea3a-8b7f-5433-aa20-4c93a6868fb3', 'HIRAGANA', 'おはよう');
INSERT INTO "vocabulary"."spelling" ("id", "vocabulary_id", "spelling_kind_code", "value") VALUES ('290954f1-0099-56e7-a963-127a38f102cc', 'f552ea3a-8b7f-5433-aa20-4c93a6868fb3', 'HIRAGANA', 'おはよう');
INSERT INTO "vocabulary"."linkages" ("vocabulary_id", "preferred_definition_id", "preferred_spelling_id", "phonetic_spelling_id", "alt_phonetic_spelling_id", "kanji_spelling_id") VALUES ('f552ea3a-8b7f-5433-aa20-4c93a6868fb3', '0c30b7bb-ee6a-50a7-89ba-26093be26f59', 'f5fc7480-3a86-576c-8d6d-eb492cb64bcc', '290954f1-0099-56e7-a963-127a38f102cc', NULL, NULL);
INSERT INTO "vocabulary"."reference" ("vocabulary_id", "lesson_code") VALUES ('f552ea3a-8b7f-5433-aa20-4c93a6868fb3', 'GENKI3_L00');
-- おはようございます | Good morning (polite) --;
INSERT INTO "vocabulary"."vocabulary" ("id", "word_class_code", "conjugation_kind_code", "jlpt_level", "row_num", "tags", "date_added") VALUES ('8359d7d1-d6d6-5995-962e-3f6566232911', 'EXPRESSION', NULL, NULL, 2, '{greeting}', '2022-04-24');
INSERT INTO "vocabulary"."definition" ("id", "vocabulary_id", "sort_rank", "value") VALUES ('6abad41f-a910-5b39-ba47-b9ade701482d', '8359d7d1-d6d6-5995-962e-3f6566232911', 1, 'Good morning (polite)');
INSERT INTO "vocabulary"."spelling" ("id", "vocabulary_id", "spelling_kind_code", "value") VALUES ('e371d625-dd61-5fe6-b43e-f2b6c5542bc0', '8359d7d1-d6d6-5995-962e-3f6566232911', 'HIRAGANA', 'おはようございます');
INSERT INTO "vocabulary"."spelling" ("id", "vocabulary_id", "spelling_kind_code", "value") VALUES ('11ed0fa7-5a75-5536-b4ad-539b1bd8ccbd', '8359d7d1-d6d6-5995-962e-3f6566232911', 'HIRAGANA', 'おはようございます');
INSERT INTO "vocabulary"."linkages" ("vocabulary_id", "preferred_definition_id", "preferred_spelling_id", "phonetic_spelling_id", "alt_phonetic_spelling_id", "kanji_spelling_id") VALUES ('8359d7d1-d6d6-5995-962e-3f6566232911', '6abad41f-a910-5b39-ba47-b9ade701482d', 'e371d625-dd61-5fe6-b43e-f2b6c5542bc0', '11ed0fa7-5a75-5536-b4ad-539b1bd8ccbd', NULL, NULL);
INSERT INTO "vocabulary"."reference" ("vocabulary_id", "lesson_code") VALUES ('8359d7d1-d6d6-5995-962e-3f6566232911', 'GENKI3_L00');
-- こんにちは | Good afternoon --;
INSERT INTO "vocabulary"."vocabulary" ("id", "word_class_code", "conjugation_kind_code", "jlpt_level", "row_num", "tags", "date_added") VALUES ('4c55fd59-1160-52d2-8383-00f292668c1f', 'EXPRESSION', NULL, NULL, 3, '{greeting}', '2022-04-24');
INSERT INTO "vocabulary"."definition" ("id", "vocabulary_id", "sort_rank", "value") VALUES ('70ec6aaa-36a9-5e1b-9807-c3bdfe9f433f', '4c55fd59-1160-52d2-8383-00f292668c1f', 1, 'Good afternoon');
INSERT INTO "vocabulary"."spelling" ("id", "vocabulary_id", "spelling_kind_code", "value") VALUES ('604ea9ca-2a13-5b91-a382-499b4ca0e032', '4c55fd59-1160-52d2-8383-00f292668c1f', 'HIRAGANA', 'こんにちは');
INSERT INTO "vocabulary"."spelling" ("id", "vocabulary_id", "spelling_kind_code", "value") VALUES ('384f8a23-fb9e-577d-908b-765a83a5aab4', '4c55fd59-1160-52d2-8383-00f292668c1f', 'HIRAGANA', 'こんにちは');
INSERT INTO "vocabulary"."linkages" ("vocabulary_id", "preferred_definition_id", "preferred_spelling_id", "phonetic_spelling_id", "alt_phonetic_spelling_id", "kanji_spelling_id") VALUES ('4c55fd59-1160-52d2-8383-00f292668c1f', '70ec6aaa-36a9-5e1b-9807-c3bdfe9f433f', '604ea9ca-2a13-5b91-a382-499b4ca0e032', '384f8a23-fb9e-577d-908b-765a83a5aab4', NULL, NULL);
INSERT INTO "vocabulary"."reference" ("vocabulary_id", "lesson_code") VALUES ('4c55fd59-1160-52d2-8383-00f292668c1f', 'DUO_01_02');
INSERT INTO "vocabulary"."reference" ("vocabulary_id", "lesson_code") VALUES ('4c55fd59-1160-52d2-8383-00f292668c1f', 'GENKI3_L00');
-- こんばんは | Good evening --;
INSERT INTO "vocabulary"."vocabulary" ("id", "word_class_code", "conjugation_kind_code", "jlpt_level", "row_num", "tags", "date_added") VALUES ('8d46e404-38ff-518c-a25d-cb95d6f2c511', 'EXPRESSION', NULL, NULL, 4, '{greeting}', '2022-04-24');
INSERT INTO "vocabulary"."definition" ("id", "vocabulary_id", "sort_rank", "value") VALUES ('00cc802b-6141-53c6-be8b-9992f360ae8b', '8d46e404-38ff-518c-a25d-cb95d6f2c511', 1, 'Good evening');
INSERT INTO "vocabulary"."spelling" ("id", "vocabulary_id", "spelling_kind_code", "value") VALUES ('db5529b4-650f-5ebf-bad4-674ca139a14f', '8d46e404-38ff-518c-a25d-cb95d6f2c511', 'HIRAGANA', 'こんばんは');
INSERT INTO "vocabulary"."spelling" ("id", "vocabulary_id", "spelling_kind_code", "value") VALUES ('6dce7fc7-d935-5a78-b543-4b7afe663d5f', '8d46e404-38ff-518c-a25d-cb95d6f2c511', 'HIRAGANA', 'こんばんは');
INSERT INTO "vocabulary"."linkages" ("vocabulary_id", "preferred_definition_id", "preferred_spelling_id", "phonetic_spelling_id", "alt_phonetic_spelling_id", "kanji_spelling_id") VALUES ('8d46e404-38ff-518c-a25d-cb95d6f2c511', '00cc802b-6141-53c6-be8b-9992f360ae8b', 'db5529b4-650f-5ebf-bad4-674ca139a14f', '6dce7fc7-d935-5a78-b543-4b7afe663d5f', NULL, NULL);
INSERT INTO "vocabulary"."reference" ("vocabulary_id", "lesson_code") VALUES ('8d46e404-38ff-518c-a25d-cb95d6f2c511', 'GENKI3_L00');
-- さようなら | Goodbye --;
INSERT INTO "vocabulary"."vocabulary" ("id", "word_class_code", "conjugation_kind_code", "jlpt_level", "row_num", "tags", "date_added") VALUES ('1184380a-27db-5f8e-841d-7b105c2a7366', 'EXPRESSION', NULL, NULL, 5, '{greeting}', '2022-04-24');
INSERT INTO "vocabulary"."definition" ("id", "vocabulary_id", "sort_rank", "value") VALUES ('e9fad67a-69c8-56d7-acc9-a1452986fa56', '1184380a-27db-5f8e-841d-7b105c2a7366', 1, 'Goodbye');
INSERT INTO "vocabulary"."spelling" ("id", "vocabulary_id", "spelling_kind_code", "value") VALUES ('4c463b7b-b4c4-529c-9c6f-66be293f5072', '1184380a-27db-5f8e-841d-7b105c2a7366', 'HIRAGANA', 'さようなら');
INSERT INTO "vocabulary"."spelling" ("id", "vocabulary_id", "spelling_kind_code", "value") VALUES ('119c5309-1e88-5096-a4c7-a9cfca2afc89', '1184380a-27db-5f8e-841d-7b105c2a7366', 'HIRAGANA', 'さようなら');
INSERT INTO "vocabulary"."linkages" ("vocabulary_id", "preferred_definition_id", "preferred_spelling_id", "phonetic_spelling_id", "alt_phonetic_spelling_id", "kanji_spelling_id") VALUES ('1184380a-27db-5f8e-841d-7b105c2a7366', 'e9fad67a-69c8-56d7-acc9-a1452986fa56', '4c463b7b-b4c4-529c-9c6f-66be293f5072', '119c5309-1e88-5096-a4c7-a9cfca2afc89', NULL, NULL);
INSERT INTO "vocabulary"."reference" ("vocabulary_id", "lesson_code") VALUES ('1184380a-27db-5f8e-841d-7b105c2a7366', 'DUO_01_02');
INSERT INTO "vocabulary"."reference" ("vocabulary_id", "lesson_code") VALUES ('1184380a-27db-5f8e-841d-7b105c2a7366', 'GENKI3_L00');
-- おやすみ | Goodnight --;
INSERT INTO "vocabulary"."vocabulary" ("id", "word_class_code", "conjugation_kind_code", "jlpt_level", "row_num", "tags", "date_added") VALUES ('3ecfb07b-0a66-555c-97c4-5af7cb806507', 'EXPRESSION', NULL, NULL, 6, '{greeting}', '2022-04-24');
INSERT INTO "vocabulary"."definition" ("id", "vocabulary_id", "sort_rank", "value") VALUES ('3f8a5aef-4518-587a-b645-9efe56c97c72', '3ecfb07b-0a66-555c-97c4-5af7cb806507', 1, 'Goodnight');
INSERT INTO "vocabulary"."spelling" ("id", "vocabulary_id", "spelling_kind_code", "value") VALUES ('4216dcbf-e450-5776-9841-28b0c3d966b2', '3ecfb07b-0a66-555c-97c4-5af7cb806507', 'HIRAGANA', 'おやすみ');
INSERT INTO "vocabulary"."spelling" ("id", "vocabulary_id", "spelling_kind_code", "value") VALUES ('19ef60e7-abaa-56a1-af80-0f3e59c7275b', '3ecfb07b-0a66-555c-97c4-5af7cb806507', 'HIRAGANA', 'おやすみ');
INSERT INTO "vocabulary"."spelling" ("id", "vocabulary_id", "spelling_kind_code", "value") VALUES ('93c429ca-451b-5d83-a78c-35f8522f865c', '3ecfb07b-0a66-555c-97c4-5af7cb806507', 'KANJI', 'お休み');
INSERT INTO "vocabulary"."linkages" ("vocabulary_id", "preferred_definition_id", "preferred_spelling_id", "phonetic_spelling_id", "alt_phonetic_spelling_id", "kanji_spelling_id") VALUES ('3ecfb07b-0a66-555c-97c4-5af7cb806507', '3f8a5aef-4518-587a-b645-9efe56c97c72', '4216dcbf-e450-5776-9841-28b0c3d966b2', '19ef60e7-abaa-56a1-af80-0f3e59c7275b', NULL, '93c429ca-451b-5d83-a78c-35f8522f865c');
INSERT INTO "vocabulary"."reference" ("vocabulary_id", "lesson_code") VALUES ('3ecfb07b-0a66-555c-97c4-5af7cb806507', 'GENKI3_L00');
-- おやすみなさい | Goodnight --;
INSERT INTO "vocabulary"."vocabulary" ("id", "word_class_code", "conjugation_kind_code", "jlpt_level", "row_num", "tags", "date_added") VALUES ('a419bb62-f061-5ac6-856b-6f85002642c6', 'EXPRESSION', NULL, NULL, 7, '{greeting}', '2022-04-24');
INSERT INTO "vocabulary"."definition" ("id", "vocabulary_id", "sort_rank", "value") VALUES ('1ef208a6-2b55-5214-9159-b189ac254e79', 'a419bb62-f061-5ac6-856b-6f85002642c6', 1, 'Goodnight');
INSERT INTO "vocabulary"."spelling" ("id", "vocabulary_id", "spelling_kind_code", "value") VALUES ('5abff3ed-080a-577e-8b4f-685ba2e360e7', 'a419bb62-f061-5ac6-856b-6f85002642c6', 'HIRAGANA', 'おやすみなさい');
INSERT INTO "vocabulary"."spelling" ("id", "vocabulary_id", "spelling_kind_code", "value") VALUES ('5dbe3f46-5354-5b8f-9027-ca3695327d62', 'a419bb62-f061-5ac6-856b-6f85002642c6', 'HIRAGANA', 'おやすみなさい');
INSERT INTO "vocabulary"."spelling" ("id", "vocabulary_id", "spelling_kind_code", "value") VALUES ('7e50064b-f7fc-5d82-bbae-2cd26f60d51c', 'a419bb62-f061-5ac6-856b-6f85002642c6', 'KANJI', 'お休みなさい');
INSERT INTO "vocabulary"."linkages" ("vocabulary_id", "preferred_definition_id", "preferred_spelling_id", "phonetic_spelling_id", "alt_phonetic_spelling_id", "kanji_spelling_id") VALUES ('a419bb62-f061-5ac6-856b-6f85002642c6', '1ef208a6-2b55-5214-9159-b189ac254e79', '5abff3ed-080a-577e-8b4f-685ba2e360e7', '5dbe3f46-5354-5b8f-9027-ca3695327d62', NULL, '7e50064b-f7fc-5d82-bbae-2cd26f60d51c');
INSERT INTO "vocabulary"."reference" ("vocabulary_id", "lesson_code") VALUES ('a419bb62-f061-5ac6-856b-6f85002642c6', 'GENKI3_L00');
-- ありがとう | Thank you --;
INSERT INTO "vocabulary"."vocabulary" ("id", "word_class_code", "conjugation_kind_code", "jlpt_level", "row_num", "tags", "date_added") VALUES ('c7a645f7-256a-536a-a5ee-5f85e8ce1137', 'EXPRESSION', NULL, NULL, 8, '{greeting}', '2022-04-24');
INSERT INTO "vocabulary"."definition" ("id", "vocabulary_id", "sort_rank", "value") VALUES ('ab23273f-b379-5e9e-9ead-b451928bb628', 'c7a645f7-256a-536a-a5ee-5f85e8ce1137', 1, 'Thank you');
INSERT INTO "vocabulary"."spelling" ("id", "vocabulary_id", "spelling_kind_code", "value") VALUES ('af07a03b-0eb2-5d76-acc0-cfa43cd925e8', 'c7a645f7-256a-536a-a5ee-5f85e8ce1137', 'HIRAGANA', 'ありがとう');
INSERT INTO "vocabulary"."spelling" ("id", "vocabulary_id", "spelling_kind_code", "value") VALUES ('c5e7594d-a0ac-58b3-830a-c6a871ac2aac', 'c7a645f7-256a-536a-a5ee-5f85e8ce1137', 'HIRAGANA', 'ありがとう');
INSERT INTO "vocabulary"."linkages" ("vocabulary_id", "preferred_definition_id", "preferred_spelling_id", "phonetic_spelling_id", "alt_phonetic_spelling_id", "kanji_spelling_id") VALUES ('c7a645f7-256a-536a-a5ee-5f85e8ce1137', 'ab23273f-b379-5e9e-9ead-b451928bb628', 'af07a03b-0eb2-5d76-acc0-cfa43cd925e8', 'c5e7594d-a0ac-58b3-830a-c6a871ac2aac', NULL, NULL);
INSERT INTO "vocabulary"."reference" ("vocabulary_id", "lesson_code") VALUES ('c7a645f7-256a-536a-a5ee-5f85e8ce1137', 'GENKI3_L00');
-- ありがとうございます | Thank you (polite) --;
INSERT INTO "vocabulary"."vocabulary" ("id", "word_class_code", "conjugation_kind_code", "jlpt_level", "row_num", "tags", "date_added") VALUES ('b626308d-6418-5a2c-9151-7a8a368f27a3', 'EXPRESSION', NULL, NULL, 9, '{greeting}', '2022-04-24');
INSERT INTO "vocabulary"."definition" ("id", "vocabulary_id", "sort_rank", "value") VALUES ('e5c38ea7-cfce-5a33-a4cc-6d4b4f3ce678', 'b626308d-6418-5a2c-9151-7a8a368f27a3', 1, 'Thank you (polite)');
INSERT INTO "vocabulary"."spelling" ("id", "vocabulary_id", "spelling_kind_code", "value") VALUES ('20c1e5dc-9e9a-5da7-9f2a-c7d718b38445', 'b626308d-6418-5a2c-9151-7a8a368f27a3', 'HIRAGANA', 'ありがとうございます');
INSERT INTO "vocabulary"."spelling" ("id", "vocabulary_id", "spelling_kind_code", "value") VALUES ('3ca5ac2a-6baf-5026-aed5-5abb065310b6', 'b626308d-6418-5a2c-9151-7a8a368f27a3', 'HIRAGANA', 'ありがとうございます');
INSERT INTO "vocabulary"."linkages" ("vocabulary_id", "preferred_definition_id", "preferred_spelling_id", "phonetic_spelling_id", "alt_phonetic_spelling_id", "kanji_spelling_id") VALUES ('b626308d-6418-5a2c-9151-7a8a368f27a3', 'e5c38ea7-cfce-5a33-a4cc-6d4b4f3ce678', '20c1e5dc-9e9a-5da7-9f2a-c7d718b38445', '3ca5ac2a-6baf-5026-aed5-5abb065310b6', NULL, NULL);
INSERT INTO "vocabulary"."reference" ("vocabulary_id", "lesson_code") VALUES ('b626308d-6418-5a2c-9151-7a8a368f27a3', 'GENKI3_L00');
-- 行ってきます | I'll go and come back --;
INSERT INTO "vocabulary"."vocabulary" ("id", "word_class_code", "conjugation_kind_code", "jlpt_level", "row_num", "tags", "date_added") VALUES ('1913dbc6-4712-549a-9274-dc3511cecbfe', 'EXPRESSION', NULL, NULL, 10, '{greeting}', '2022-04-24');
INSERT INTO "vocabulary"."definition" ("id", "vocabulary_id", "sort_rank", "value") VALUES ('6648ace8-403c-5de2-b346-f65331b6fdde', '1913dbc6-4712-549a-9274-dc3511cecbfe', 1, 'I''ll go and come back');
INSERT INTO "vocabulary"."spelling" ("id", "vocabulary_id", "spelling_kind_code", "value") VALUES ('91adfe87-343c-55f8-8bdd-0a16f7e7a6cb', '1913dbc6-4712-549a-9274-dc3511cecbfe', 'KANJI', '行ってきます');
INSERT INTO "vocabulary"."spelling" ("id", "vocabulary_id", "spelling_kind_code", "value") VALUES ('8ecb31aa-3650-5232-8c2b-a0f1ffa6c640', '1913dbc6-4712-549a-9274-dc3511cecbfe', 'HIRAGANA', 'いってきます');
INSERT INTO "vocabulary"."spelling" ("id", "vocabulary_id", "spelling_kind_code", "value") VALUES ('cc8a33ef-577f-5dfa-b388-9aa936e42dc6', '1913dbc6-4712-549a-9274-dc3511cecbfe', 'KANJI', '行ってきます');
INSERT INTO "vocabulary"."linkages" ("vocabulary_id", "preferred_definition_id", "preferred_spelling_id", "phonetic_spelling_id", "alt_phonetic_spelling_id", "kanji_spelling_id") VALUES ('1913dbc6-4712-549a-9274-dc3511cecbfe', '6648ace8-403c-5de2-b346-f65331b6fdde', '91adfe87-343c-55f8-8bdd-0a16f7e7a6cb', '8ecb31aa-3650-5232-8c2b-a0f1ffa6c640', NULL, 'cc8a33ef-577f-5dfa-b388-9aa936e42dc6');
INSERT INTO "vocabulary"."reference" ("vocabulary_id", "lesson_code") VALUES ('1913dbc6-4712-549a-9274-dc3511cecbfe', 'GENKI3_L00');
-- いってらっしゃい | Please go and come back --;
INSERT INTO "vocabulary"."vocabulary" ("id", "word_class_code", "conjugation_kind_code", "jlpt_level", "row_num", "tags", "date_added") VALUES ('e7161fcf-fbaf-5971-8adb-70745ae24103', 'EXPRESSION', NULL, NULL, 11, '{greeting}', '2022-04-24');
INSERT INTO "vocabulary"."definition" ("id", "vocabulary_id", "sort_rank", "value") VALUES ('ce50f5f1-04e6-5df4-86d2-b17b6eb7cb45', 'e7161fcf-fbaf-5971-8adb-70745ae24103', 1, 'Please go and come back');
INSERT INTO "vocabulary"."spelling" ("id", "vocabulary_id", "spelling_kind_code", "value") VALUES ('ca834af2-1fdb-5e08-b313-1cce81a88421', 'e7161fcf-fbaf-5971-8adb-70745ae24103', 'HIRAGANA', 'いってらっしゃい');
INSERT INTO "vocabulary"."spelling" ("id", "vocabulary_id", "spelling_kind_code", "value") VALUES ('903391a4-0e21-5937-a89f-78afe5da8811', 'e7161fcf-fbaf-5971-8adb-70745ae24103', 'HIRAGANA', 'いってらっしゃい');
INSERT INTO "vocabulary"."linkages" ("vocabulary_id", "preferred_definition_id", "preferred_spelling_id", "phonetic_spelling_id", "alt_phonetic_spelling_id", "kanji_spelling_id") VALUES ('e7161fcf-fbaf-5971-8adb-70745ae24103', 'ce50f5f1-04e6-5df4-86d2-b17b6eb7cb45', 'ca834af2-1fdb-5e08-b313-1cce81a88421', '903391a4-0e21-5937-a89f-78afe5da8811', NULL, NULL);
INSERT INTO "vocabulary"."reference" ("vocabulary_id", "lesson_code") VALUES ('e7161fcf-fbaf-5971-8adb-70745ae24103', 'GENKI3_L00');
-- ただいま | I'm home --;
INSERT INTO "vocabulary"."vocabulary" ("id", "word_class_code", "conjugation_kind_code", "jlpt_level", "row_num", "tags", "date_added") VALUES ('c2a4dbcf-dba1-5e27-964f-5e2f7b358725', 'EXPRESSION', NULL, NULL, 12, '{greeting}', '2022-04-24');
INSERT INTO "vocabulary"."definition" ("id", "vocabulary_id", "sort_rank", "value") VALUES ('b2258fd8-2b05-57aa-9bcd-e77421f36eec', 'c2a4dbcf-dba1-5e27-964f-5e2f7b358725', 1, 'I''m home');
INSERT INTO "vocabulary"."spelling" ("id", "vocabulary_id", "spelling_kind_code", "value") VALUES ('efdbb88d-07df-52e2-8862-d72cfc9cb2e8', 'c2a4dbcf-dba1-5e27-964f-5e2f7b358725', 'HIRAGANA', 'ただいま');
INSERT INTO "vocabulary"."spelling" ("id", "vocabulary_id", "spelling_kind_code", "value") VALUES ('5c68c223-2e63-55ac-9b92-5c9dcd8ff833', 'c2a4dbcf-dba1-5e27-964f-5e2f7b358725', 'HIRAGANA', 'ただいま');
INSERT INTO "vocabulary"."linkages" ("vocabulary_id", "preferred_definition_id", "preferred_spelling_id", "phonetic_spelling_id", "alt_phonetic_spelling_id", "kanji_spelling_id") VALUES ('c2a4dbcf-dba1-5e27-964f-5e2f7b358725', 'b2258fd8-2b05-57aa-9bcd-e77421f36eec', 'efdbb88d-07df-52e2-8862-d72cfc9cb2e8', '5c68c223-2e63-55ac-9b92-5c9dcd8ff833', NULL, NULL);
INSERT INTO "vocabulary"."reference" ("vocabulary_id", "lesson_code") VALUES ('c2a4dbcf-dba1-5e27-964f-5e2f7b358725', 'GENKI3_L00');
-- お帰り | Welcome home --;
INSERT INTO "vocabulary"."vocabulary" ("id", "word_class_code", "conjugation_kind_code", "jlpt_level", "row_num", "tags", "date_added") VALUES ('b06abb09-c9bd-5beb-a7b7-d184bedf72ca', 'EXPRESSION', NULL, NULL, 13, '{greeting}', '2022-04-24');
INSERT INTO "vocabulary"."definition" ("id", "vocabulary_id", "sort_rank", "value") VALUES ('9d7f69ac-2396-5453-a104-e3e18b44fba6', 'b06abb09-c9bd-5beb-a7b7-d184bedf72ca', 1, 'Welcome home');
INSERT INTO "vocabulary"."spelling" ("id", "vocabulary_id", "spelling_kind_code", "value") VALUES ('1e7117d3-2abe-5a1e-b26e-04d143cd4d4d', 'b06abb09-c9bd-5beb-a7b7-d184bedf72ca', 'KANJI', 'お帰り');
INSERT INTO "vocabulary"."spelling" ("id", "vocabulary_id", "spelling_kind_code", "value") VALUES ('3ea06def-86a5-5901-ab6d-a72fd01efb60', 'b06abb09-c9bd-5beb-a7b7-d184bedf72ca', 'HIRAGANA', 'おかえり');
INSERT INTO "vocabulary"."spelling" ("id", "vocabulary_id", "spelling_kind_code", "value") VALUES ('f3c38c78-0c7c-5d6b-82fe-c994d0faccad', 'b06abb09-c9bd-5beb-a7b7-d184bedf72ca', 'KANJI', 'お帰り');
INSERT INTO "vocabulary"."linkages" ("vocabulary_id", "preferred_definition_id", "preferred_spelling_id", "phonetic_spelling_id", "alt_phonetic_spelling_id", "kanji_spelling_id") VALUES ('b06abb09-c9bd-5beb-a7b7-d184bedf72ca', '9d7f69ac-2396-5453-a104-e3e18b44fba6', '1e7117d3-2abe-5a1e-b26e-04d143cd4d4d', '3ea06def-86a5-5901-ab6d-a72fd01efb60', NULL, 'f3c38c78-0c7c-5d6b-82fe-c994d0faccad');
INSERT INTO "vocabulary"."reference" ("vocabulary_id", "lesson_code") VALUES ('b06abb09-c9bd-5beb-a7b7-d184bedf72ca', 'GENKI3_L00');
-- お帰りなさい | Welcome home --;
INSERT INTO "vocabulary"."vocabulary" ("id", "word_class_code", "conjugation_kind_code", "jlpt_level", "row_num", "tags", "date_added") VALUES ('47b08527-885b-50bb-b538-180dc308199a', 'EXPRESSION', NULL, NULL, 14, '{greeting}', '2022-04-24');
INSERT INTO "vocabulary"."definition" ("id", "vocabulary_id", "sort_rank", "value") VALUES ('fe2a0102-4c79-5261-b46a-5d34f0c2faa6', '47b08527-885b-50bb-b538-180dc308199a', 1, 'Welcome home');
INSERT INTO "vocabulary"."spelling" ("id", "vocabulary_id", "spelling_kind_code", "value") VALUES ('bd8340ae-5486-554e-b8e0-d743cd3d2ca5', '47b08527-885b-50bb-b538-180dc308199a', 'KANJI', 'お帰りなさい');
INSERT INTO "vocabulary"."spelling" ("id", "vocabulary_id", "spelling_kind_code", "value") VALUES ('b8fa717b-1272-5beb-b251-358d829bf7f1', '47b08527-885b-50bb-b538-180dc308199a', 'HIRAGANA', 'おかえりなさい');
INSERT INTO "vocabulary"."spelling" ("id", "vocabulary_id", "spelling_kind_code", "value") VALUES ('426413f3-1398-5a28-9214-1bfc3b2f01ae', '47b08527-885b-50bb-b538-180dc308199a', 'KANJI', 'お帰りなさい');
INSERT INTO "vocabulary"."linkages" ("vocabulary_id", "preferred_definition_id", "preferred_spelling_id", "phonetic_spelling_id", "alt_phonetic_spelling_id", "kanji_spelling_id") VALUES ('47b08527-885b-50bb-b538-180dc308199a', 'fe2a0102-4c79-5261-b46a-5d34f0c2faa6', 'bd8340ae-5486-554e-b8e0-d743cd3d2ca5', 'b8fa717b-1272-5beb-b251-358d829bf7f1', NULL, '426413f3-1398-5a28-9214-1bfc3b2f01ae');
INSERT INTO "vocabulary"."reference" ("vocabulary_id", "lesson_code") VALUES ('47b08527-885b-50bb-b538-180dc308199a', 'GENKI3_L00');
-- 頂きます | Thank you for the meal (before) --;
INSERT INTO "vocabulary"."vocabulary" ("id", "word_class_code", "conjugation_kind_code", "jlpt_level", "row_num", "tags", "date_added") VALUES ('797b03e3-1495-52c0-baf4-ffb9cb324089', 'EXPRESSION', NULL, NULL, 15, '{greeting}', '2022-04-24');
INSERT INTO "vocabulary"."definition" ("id", "vocabulary_id", "sort_rank", "value") VALUES ('89f757af-5950-52ca-bf5f-74eed857f0a6', '797b03e3-1495-52c0-baf4-ffb9cb324089', 1, 'Thank you for the meal (before)');
INSERT INTO "vocabulary"."spelling" ("id", "vocabulary_id", "spelling_kind_code", "value") VALUES ('4357718a-3d83-547d-938b-8b622f70f0a5', '797b03e3-1495-52c0-baf4-ffb9cb324089', 'KANJI', '頂きます');
INSERT INTO "vocabulary"."spelling" ("id", "vocabulary_id", "spelling_kind_code", "value") VALUES ('bf9bd497-7acb-5297-a5c7-43907ffec75a', '797b03e3-1495-52c0-baf4-ffb9cb324089', 'HIRAGANA', 'いただきます');
INSERT INTO "vocabulary"."spelling" ("id", "vocabulary_id", "spelling_kind_code", "value") VALUES ('8cc71224-c5cd-5e96-a983-8a98300f4e7d', '797b03e3-1495-52c0-baf4-ffb9cb324089', 'KANJI', '頂きます');
INSERT INTO "vocabulary"."linkages" ("vocabulary_id", "preferred_definition_id", "preferred_spelling_id", "phonetic_spelling_id", "alt_phonetic_spelling_id", "kanji_spelling_id") VALUES ('797b03e3-1495-52c0-baf4-ffb9cb324089', '89f757af-5950-52ca-bf5f-74eed857f0a6', '4357718a-3d83-547d-938b-8b622f70f0a5', 'bf9bd497-7acb-5297-a5c7-43907ffec75a', NULL, '8cc71224-c5cd-5e96-a983-8a98300f4e7d');
INSERT INTO "vocabulary"."reference" ("vocabulary_id", "lesson_code") VALUES ('797b03e3-1495-52c0-baf4-ffb9cb324089', 'GENKI3_L00');
-- ごちそうさま | Thank you for the meal (after) --;
INSERT INTO "vocabulary"."vocabulary" ("id", "word_class_code", "conjugation_kind_code", "jlpt_level", "row_num", "tags", "date_added") VALUES ('59bad243-8b31-54f3-9d7b-6de0961bc059', 'EXPRESSION', NULL, NULL, 16, '{greeting}', '2022-04-24');
INSERT INTO "vocabulary"."definition" ("id", "vocabulary_id", "sort_rank", "value") VALUES ('a142b920-5a2b-5c83-ac9c-151296952336', '59bad243-8b31-54f3-9d7b-6de0961bc059', 1, 'Thank you for the meal (after)');
INSERT INTO "vocabulary"."spelling" ("id", "vocabulary_id", "spelling_kind_code", "value") VALUES ('9e5a2026-3eef-58f0-8162-b1129ac77c5e', '59bad243-8b31-54f3-9d7b-6de0961bc059', 'HIRAGANA', 'ごちそうさま');
INSERT INTO "vocabulary"."spelling" ("id", "vocabulary_id", "spelling_kind_code", "value") VALUES ('a11d2a9a-7b54-5664-b632-5cf4ec90575e', '59bad243-8b31-54f3-9d7b-6de0961bc059', 'HIRAGANA', 'ごちそうさま');
INSERT INTO "vocabulary"."linkages" ("vocabulary_id", "preferred_definition_id", "preferred_spelling_id", "phonetic_spelling_id", "alt_phonetic_spelling_id", "kanji_spelling_id") VALUES ('59bad243-8b31-54f3-9d7b-6de0961bc059', 'a142b920-5a2b-5c83-ac9c-151296952336', '9e5a2026-3eef-58f0-8162-b1129ac77c5e', 'a11d2a9a-7b54-5664-b632-5cf4ec90575e', NULL, NULL);
INSERT INTO "vocabulary"."reference" ("vocabulary_id", "lesson_code") VALUES ('59bad243-8b31-54f3-9d7b-6de0961bc059', 'GENKI3_L00');
-- ごちそうさまでした | Thank you for the meal (after) --;
INSERT INTO "vocabulary"."vocabulary" ("id", "word_class_code", "conjugation_kind_code", "jlpt_level", "row_num", "tags", "date_added") VALUES ('05436324-1858-5a2f-a2a1-a41d00f862cc', 'EXPRESSION', NULL, NULL, 17, '{greeting}', '2022-04-24');
INSERT INTO "vocabulary"."definition" ("id", "vocabulary_id", "sort_rank", "value") VALUES ('943dadce-c1a8-5830-a419-8b998a94181c', '05436324-1858-5a2f-a2a1-a41d00f862cc', 1, 'Thank you for the meal (after)');
INSERT INTO "vocabulary"."spelling" ("id", "vocabulary_id", "spelling_kind_code", "value") VALUES ('7ce3a75b-b88e-52d7-832d-a7a97e19689a', '05436324-1858-5a2f-a2a1-a41d00f862cc', 'HIRAGANA', 'ごちそうさまでした');
INSERT INTO "vocabulary"."spelling" ("id", "vocabulary_id", "spelling_kind_code", "value") VALUES ('0f8516b4-ccbf-5523-804c-4bd83acdd8c5', '05436324-1858-5a2f-a2a1-a41d00f862cc', 'HIRAGANA', 'ごちそうさまでした');
INSERT INTO "vocabulary"."linkages" ("vocabulary_id", "preferred_definition_id", "preferred_spelling_id", "phonetic_spelling_id", "alt_phonetic_spelling_id", "kanji_spelling_id") VALUES ('05436324-1858-5a2f-a2a1-a41d00f862cc', '943dadce-c1a8-5830-a419-8b998a94181c', '7ce3a75b-b88e-52d7-832d-a7a97e19689a', '0f8516b4-ccbf-5523-804c-4bd83acdd8c5', NULL, NULL);
INSERT INTO "vocabulary"."reference" ("vocabulary_id", "lesson_code") VALUES ('05436324-1858-5a2f-a2a1-a41d00f862cc', 'GENKI3_L00');
-- はじめまして | How do you do? --;
INSERT INTO "vocabulary"."vocabulary" ("id", "word_class_code", "conjugation_kind_code", "jlpt_level", "row_num", "tags", "date_added") VALUES ('136d6d6d-0487-5709-ac27-2c376bfebd43', 'EXPRESSION', NULL, NULL, 18, '{greeting}', '2022-04-24');
INSERT INTO "vocabulary"."definition" ("id", "vocabulary_id", "sort_rank", "value") VALUES ('c7b7cce0-557c-5548-881e-df6b2492a2f1', '136d6d6d-0487-5709-ac27-2c376bfebd43', 1, 'How do you do?');
INSERT INTO "vocabulary"."spelling" ("id", "vocabulary_id", "spelling_kind_code", "value") VALUES ('668e94d7-86e5-53e2-8c11-a18271e158d5', '136d6d6d-0487-5709-ac27-2c376bfebd43', 'HIRAGANA', 'はじめまして');
INSERT INTO "vocabulary"."spelling" ("id", "vocabulary_id", "spelling_kind_code", "value") VALUES ('0c8d3999-99c8-5935-a9f2-d9738961553d', '136d6d6d-0487-5709-ac27-2c376bfebd43', 'HIRAGANA', 'はじめまして');
INSERT INTO "vocabulary"."linkages" ("vocabulary_id", "preferred_definition_id", "preferred_spelling_id", "phonetic_spelling_id", "alt_phonetic_spelling_id", "kanji_spelling_id") VALUES ('136d6d6d-0487-5709-ac27-2c376bfebd43', 'c7b7cce0-557c-5548-881e-df6b2492a2f1', '668e94d7-86e5-53e2-8c11-a18271e158d5', '0c8d3999-99c8-5935-a9f2-d9738961553d', NULL, NULL);
INSERT INTO "vocabulary"."reference" ("vocabulary_id", "lesson_code") VALUES ('136d6d6d-0487-5709-ac27-2c376bfebd43', 'GENKI3_L00');
-- よろしくお願いします | Nice to meet you. --;
INSERT INTO "vocabulary"."vocabulary" ("id", "word_class_code", "conjugation_kind_code", "jlpt_level", "row_num", "tags", "date_added") VALUES ('ddd5fd1f-f041-576c-a479-d8d9a3221370', 'EXPRESSION', NULL, NULL, 19, '{greeting}', '2022-04-24');
INSERT INTO "vocabulary"."definition" ("id", "vocabulary_id", "sort_rank", "value") VALUES ('fbea741e-2b2f-55c4-a1d8-7ca9f83bb4e9', 'ddd5fd1f-f041-576c-a479-d8d9a3221370', 1, 'Nice to meet you.');
INSERT INTO "vocabulary"."spelling" ("id", "vocabulary_id", "spelling_kind_code", "value") VALUES ('54a968bc-afcc-5e43-b6b6-b3d2bd46eeba', 'ddd5fd1f-f041-576c-a479-d8d9a3221370', 'KANJI', 'よろしくお願いします');
INSERT INTO "vocabulary"."spelling" ("id", "vocabulary_id", "spelling_kind_code", "value") VALUES ('055f52ac-d788-5eb7-bc2b-7845353e85f5', 'ddd5fd1f-f041-576c-a479-d8d9a3221370', 'HIRAGANA', 'よろしくおねがいします');
INSERT INTO "vocabulary"."spelling" ("id", "vocabulary_id", "spelling_kind_code", "value") VALUES ('9113cfe5-2b13-5f85-ac06-8a5f82ac16fa', 'ddd5fd1f-f041-576c-a479-d8d9a3221370', 'KANJI', 'よろしくお願いします');
INSERT INTO "vocabulary"."linkages" ("vocabulary_id", "preferred_definition_id", "preferred_spelling_id", "phonetic_spelling_id", "alt_phonetic_spelling_id", "kanji_spelling_id") VALUES ('ddd5fd1f-f041-576c-a479-d8d9a3221370', 'fbea741e-2b2f-55c4-a1d8-7ca9f83bb4e9', '54a968bc-afcc-5e43-b6b6-b3d2bd46eeba', '055f52ac-d788-5eb7-bc2b-7845353e85f5', NULL, '9113cfe5-2b13-5f85-ac06-8a5f82ac16fa');
INSERT INTO "vocabulary"."reference" ("vocabulary_id", "lesson_code") VALUES ('ddd5fd1f-f041-576c-a479-d8d9a3221370', 'GENKI3_L00');
-- 大学 | college; university --;
INSERT INTO "vocabulary"."vocabulary" ("id", "word_class_code", "conjugation_kind_code", "jlpt_level", "row_num", "tags", "date_added") VALUES ('d43cc787-37af-5dd1-92b5-fc756f18298a', 'NOUN', NULL, NULL, 20, '{place,school}', '2022-04-24');
INSERT INTO "vocabulary"."definition" ("id", "vocabulary_id", "sort_rank", "value") VALUES ('675778cc-ee97-5655-a9f2-b59e573c7c80', 'd43cc787-37af-5dd1-92b5-fc756f18298a', 1, 'college; university');
INSERT INTO "vocabulary"."spelling" ("id", "vocabulary_id", "spelling_kind_code", "value") VALUES ('84318d00-af9c-5558-9f64-59264f347a24', 'd43cc787-37af-5dd1-92b5-fc756f18298a', 'KANJI', '大学');
INSERT INTO "vocabulary"."spelling" ("id", "vocabulary_id", "spelling_kind_code", "value") VALUES ('dcbd9b62-71be-53e8-be5b-290789559267', 'd43cc787-37af-5dd1-92b5-fc756f18298a', 'HIRAGANA', 'だいがく');
INSERT INTO "vocabulary"."spelling" ("id", "vocabulary_id", "spelling_kind_code", "value") VALUES ('24acf78c-13ad-514c-845f-44742996453b', 'd43cc787-37af-5dd1-92b5-fc756f18298a', 'KANJI', '大学');
INSERT INTO "vocabulary"."linkages" ("vocabulary_id", "preferred_definition_id", "preferred_spelling_id", "phonetic_spelling_id", "alt_phonetic_spelling_id", "kanji_spelling_id") VALUES ('d43cc787-37af-5dd1-92b5-fc756f18298a', '675778cc-ee97-5655-a9f2-b59e573c7c80', '84318d00-af9c-5558-9f64-59264f347a24', 'dcbd9b62-71be-53e8-be5b-290789559267', NULL, '24acf78c-13ad-514c-845f-44742996453b');
INSERT INTO "vocabulary"."reference" ("vocabulary_id", "lesson_code") VALUES ('d43cc787-37af-5dd1-92b5-fc756f18298a', 'DUO_02_05');
INSERT INTO "vocabulary"."reference" ("vocabulary_id", "lesson_code") VALUES ('d43cc787-37af-5dd1-92b5-fc756f18298a', 'GENKI3_L01');
-- 高校 | high school --;
INSERT INTO "vocabulary"."vocabulary" ("id", "word_class_code", "conjugation_kind_code", "jlpt_level", "row_num", "tags", "date_added") VALUES ('3c890a54-15f9-56e1-9bd5-3c91274b6246', 'NOUN', NULL, NULL, 21, '{place,school}', '2022-04-24');
INSERT INTO "vocabulary"."definition" ("id", "vocabulary_id", "sort_rank", "value") VALUES ('087dba10-cab8-5bac-8648-62625261a1a2', '3c890a54-15f9-56e1-9bd5-3c91274b6246', 1, 'high school');
INSERT INTO "vocabulary"."spelling" ("id", "vocabulary_id", "spelling_kind_code", "value") VALUES ('12ab0194-8009-5072-a6f5-971bf3ada176', '3c890a54-15f9-56e1-9bd5-3c91274b6246', 'KANJI', '高校');
INSERT INTO "vocabulary"."spelling" ("id", "vocabulary_id", "spelling_kind_code", "value") VALUES ('3ad75bcc-08ea-5879-85e8-f37672bb1ecc', '3c890a54-15f9-56e1-9bd5-3c91274b6246', 'HIRAGANA', 'こうこう');
INSERT INTO "vocabulary"."spelling" ("id", "vocabulary_id", "spelling_kind_code", "value") VALUES ('a4483db0-e567-5cd1-88b0-f9a47d273aa5', '3c890a54-15f9-56e1-9bd5-3c91274b6246', 'KANJI', '高校');
INSERT INTO "vocabulary"."linkages" ("vocabulary_id", "preferred_definition_id", "preferred_spelling_id", "phonetic_spelling_id", "alt_phonetic_spelling_id", "kanji_spelling_id") VALUES ('3c890a54-15f9-56e1-9bd5-3c91274b6246', '087dba10-cab8-5bac-8648-62625261a1a2', '12ab0194-8009-5072-a6f5-971bf3ada176', '3ad75bcc-08ea-5879-85e8-f37672bb1ecc', NULL, 'a4483db0-e567-5cd1-88b0-f9a47d273aa5');
INSERT INTO "vocabulary"."reference" ("vocabulary_id", "lesson_code") VALUES ('3c890a54-15f9-56e1-9bd5-3c91274b6246', 'DUO_02_05');
INSERT INTO "vocabulary"."reference" ("vocabulary_id", "lesson_code") VALUES ('3c890a54-15f9-56e1-9bd5-3c91274b6246', 'GENKI3_L01');
-- 学生 | student --;
INSERT INTO "vocabulary"."vocabulary" ("id", "word_class_code", "conjugation_kind_code", "jlpt_level", "row_num", "tags", "date_added") VALUES ('6de86986-05ed-58da-a055-9d49c89f7a06', 'NOUN', NULL, NULL, 22, '{school}', '2022-04-24');
INSERT INTO "vocabulary"."definition" ("id", "vocabulary_id", "sort_rank", "value") VALUES ('4d9dcd57-7352-54a1-9b21-412bfe04fc6a', '6de86986-05ed-58da-a055-9d49c89f7a06', 1, 'student');
INSERT INTO "vocabulary"."spelling" ("id", "vocabulary_id", "spelling_kind_code", "value") VALUES ('2b7934e1-b891-5a6c-960a-e709b469badf', '6de86986-05ed-58da-a055-9d49c89f7a06', 'KANJI', '学生');
INSERT INTO "vocabulary"."spelling" ("id", "vocabulary_id", "spelling_kind_code", "value") VALUES ('26222038-0ad6-5148-b113-a73129c12976', '6de86986-05ed-58da-a055-9d49c89f7a06', 'HIRAGANA', 'がくせい');
INSERT INTO "vocabulary"."spelling" ("id", "vocabulary_id", "spelling_kind_code", "value") VALUES ('bc105037-03eb-5976-9732-7fe7fb524d77', '6de86986-05ed-58da-a055-9d49c89f7a06', 'KANJI', '学生');
INSERT INTO "vocabulary"."linkages" ("vocabulary_id", "preferred_definition_id", "preferred_spelling_id", "phonetic_spelling_id", "alt_phonetic_spelling_id", "kanji_spelling_id") VALUES ('6de86986-05ed-58da-a055-9d49c89f7a06', '4d9dcd57-7352-54a1-9b21-412bfe04fc6a', '2b7934e1-b891-5a6c-960a-e709b469badf', '26222038-0ad6-5148-b113-a73129c12976', NULL, 'bc105037-03eb-5976-9732-7fe7fb524d77');
INSERT INTO "vocabulary"."reference" ("vocabulary_id", "lesson_code") VALUES ('6de86986-05ed-58da-a055-9d49c89f7a06', 'GENKI3_L01');
-- 大学生 | college student; university student --;
INSERT INTO "vocabulary"."vocabulary" ("id", "word_class_code", "conjugation_kind_code", "jlpt_level", "row_num", "tags", "date_added") VALUES ('d1cb9e5b-6cc5-5339-b33d-4e948229156e', 'NOUN', NULL, NULL, 23, '{school}', '2022-04-24');
INSERT INTO "vocabulary"."definition" ("id", "vocabulary_id", "sort_rank", "value") VALUES ('b56535be-d189-5dfa-b940-7e213aec4397', 'd1cb9e5b-6cc5-5339-b33d-4e948229156e', 1, 'college student; university student');
INSERT INTO "vocabulary"."spelling" ("id", "vocabulary_id", "spelling_kind_code", "value") VALUES ('c9a38e56-4e89-5053-b874-b62c7f1bc4f3', 'd1cb9e5b-6cc5-5339-b33d-4e948229156e', 'KANJI', '大学生');
INSERT INTO "vocabulary"."spelling" ("id", "vocabulary_id", "spelling_kind_code", "value") VALUES ('41767f12-968d-515d-8127-7afedd99e0fd', 'd1cb9e5b-6cc5-5339-b33d-4e948229156e', 'HIRAGANA', 'だいがくせい');
INSERT INTO "vocabulary"."spelling" ("id", "vocabulary_id", "spelling_kind_code", "value") VALUES ('199a5eb4-55ed-5805-97f8-5cee8f61e232', 'd1cb9e5b-6cc5-5339-b33d-4e948229156e', 'KANJI', '大学生');
INSERT INTO "vocabulary"."linkages" ("vocabulary_id", "preferred_definition_id", "preferred_spelling_id", "phonetic_spelling_id", "alt_phonetic_spelling_id", "kanji_spelling_id") VALUES ('d1cb9e5b-6cc5-5339-b33d-4e948229156e', 'b56535be-d189-5dfa-b940-7e213aec4397', 'c9a38e56-4e89-5053-b874-b62c7f1bc4f3', '41767f12-968d-515d-8127-7afedd99e0fd', NULL, '199a5eb4-55ed-5805-97f8-5cee8f61e232');
INSERT INTO "vocabulary"."reference" ("vocabulary_id", "lesson_code") VALUES ('d1cb9e5b-6cc5-5339-b33d-4e948229156e', 'DUO_02_05');
INSERT INTO "vocabulary"."reference" ("vocabulary_id", "lesson_code") VALUES ('d1cb9e5b-6cc5-5339-b33d-4e948229156e', 'GENKI3_L01');
-- 留学生 | international student; foreign exchange student --;
INSERT INTO "vocabulary"."vocabulary" ("id", "word_class_code", "conjugation_kind_code", "jlpt_level", "row_num", "tags", "date_added") VALUES ('efe5fea4-0476-5328-bd18-2a469a8b6c3e', 'NOUN', NULL, NULL, 24, '{school}', '2022-04-24');
INSERT INTO "vocabulary"."definition" ("id", "vocabulary_id", "sort_rank", "value") VALUES ('a61a02da-0fac-5a7b-be79-fdc870361426', 'efe5fea4-0476-5328-bd18-2a469a8b6c3e', 1, 'international student; foreign exchange student');
INSERT INTO "vocabulary"."spelling" ("id", "vocabulary_id", "spelling_kind_code", "value") VALUES ('43835f7a-0c7c-5451-a45a-976b27b0414d', 'efe5fea4-0476-5328-bd18-2a469a8b6c3e', 'KANJI', '留学生');
INSERT INTO "vocabulary"."spelling" ("id", "vocabulary_id", "spelling_kind_code", "value") VALUES ('80335d91-b032-5a73-aabc-5932e1b1e8d5', 'efe5fea4-0476-5328-bd18-2a469a8b6c3e', 'HIRAGANA', 'りゅうがくせい');
INSERT INTO "vocabulary"."spelling" ("id", "vocabulary_id", "spelling_kind_code", "value") VALUES ('3b66f913-98df-51f4-b2c2-46a4cb254725', 'efe5fea4-0476-5328-bd18-2a469a8b6c3e', 'KANJI', '留学生');
INSERT INTO "vocabulary"."linkages" ("vocabulary_id", "preferred_definition_id", "preferred_spelling_id", "phonetic_spelling_id", "alt_phonetic_spelling_id", "kanji_spelling_id") VALUES ('efe5fea4-0476-5328-bd18-2a469a8b6c3e', 'a61a02da-0fac-5a7b-be79-fdc870361426', '43835f7a-0c7c-5451-a45a-976b27b0414d', '80335d91-b032-5a73-aabc-5932e1b1e8d5', NULL, '3b66f913-98df-51f4-b2c2-46a4cb254725');
INSERT INTO "vocabulary"."reference" ("vocabulary_id", "lesson_code") VALUES ('efe5fea4-0476-5328-bd18-2a469a8b6c3e', 'DUO_02_05');
INSERT INTO "vocabulary"."reference" ("vocabulary_id", "lesson_code") VALUES ('efe5fea4-0476-5328-bd18-2a469a8b6c3e', 'GENKI3_L01');
-- 先生 | teacher; professor --;
INSERT INTO "vocabulary"."vocabulary" ("id", "word_class_code", "conjugation_kind_code", "jlpt_level", "row_num", "tags", "date_added") VALUES ('c21b42a5-1ef1-51cf-9402-199d2b562a47', 'NOUN', NULL, NULL, 25, '{school}', '2022-04-24');
INSERT INTO "vocabulary"."definition" ("id", "vocabulary_id", "sort_rank", "value") VALUES ('69d5dba2-14e1-59fe-8267-61c3b1702d59', 'c21b42a5-1ef1-51cf-9402-199d2b562a47', 1, 'teacher; professor');
INSERT INTO "vocabulary"."spelling" ("id", "vocabulary_id", "spelling_kind_code", "value") VALUES ('34b590ec-9f79-5628-a718-1281ae00bad6', 'c21b42a5-1ef1-51cf-9402-199d2b562a47', 'KANJI', '先生');
INSERT INTO "vocabulary"."spelling" ("id", "vocabulary_id", "spelling_kind_code", "value") VALUES ('e9999ab3-e20b-55bb-8913-daaf1cb5d4b0', 'c21b42a5-1ef1-51cf-9402-199d2b562a47', 'HIRAGANA', 'せんせい');
INSERT INTO "vocabulary"."spelling" ("id", "vocabulary_id", "spelling_kind_code", "value") VALUES ('ded4530d-34ab-5dc6-ab08-3995cb3e64c4', 'c21b42a5-1ef1-51cf-9402-199d2b562a47', 'KANJI', '先生');
INSERT INTO "vocabulary"."linkages" ("vocabulary_id", "preferred_definition_id", "preferred_spelling_id", "phonetic_spelling_id", "alt_phonetic_spelling_id", "kanji_spelling_id") VALUES ('c21b42a5-1ef1-51cf-9402-199d2b562a47', '69d5dba2-14e1-59fe-8267-61c3b1702d59', '34b590ec-9f79-5628-a718-1281ae00bad6', 'e9999ab3-e20b-55bb-8913-daaf1cb5d4b0', NULL, 'ded4530d-34ab-5dc6-ab08-3995cb3e64c4');
INSERT INTO "vocabulary"."reference" ("vocabulary_id", "lesson_code") VALUES ('c21b42a5-1ef1-51cf-9402-199d2b562a47', 'GENKI3_L01');
-- 〜年生 | ...year student --;
INSERT INTO "vocabulary"."vocabulary" ("id", "word_class_code", "conjugation_kind_code", "jlpt_level", "row_num", "tags", "date_added") VALUES ('057a7cd1-f1a6-50e2-8449-3b6f04c67305', 'NOUN', NULL, NULL, 26, '{school}', '2022-04-24');
INSERT INTO "vocabulary"."definition" ("id", "vocabulary_id", "sort_rank", "value") VALUES ('af05748d-e186-5a5f-8dab-e2c217d7e6f5', '057a7cd1-f1a6-50e2-8449-3b6f04c67305', 1, '...year student');
INSERT INTO "vocabulary"."spelling" ("id", "vocabulary_id", "spelling_kind_code", "value") VALUES ('d62c305c-34a9-5945-bf4d-cafae51a2dd6', '057a7cd1-f1a6-50e2-8449-3b6f04c67305', 'KANJI', '〜年生');
INSERT INTO "vocabulary"."spelling" ("id", "vocabulary_id", "spelling_kind_code", "value") VALUES ('f5335306-2599-5286-bf75-cd3c6d03262e', '057a7cd1-f1a6-50e2-8449-3b6f04c67305', 'HIRAGANA', '〜ねんせい');
INSERT INTO "vocabulary"."spelling" ("id", "vocabulary_id", "spelling_kind_code", "value") VALUES ('dc42a680-aba7-5ae7-9e8f-88061ed4466f', '057a7cd1-f1a6-50e2-8449-3b6f04c67305', 'KANJI', '〜年生');
INSERT INTO "vocabulary"."linkages" ("vocabulary_id", "preferred_definition_id", "preferred_spelling_id", "phonetic_spelling_id", "alt_phonetic_spelling_id", "kanji_spelling_id") VALUES ('057a7cd1-f1a6-50e2-8449-3b6f04c67305', 'af05748d-e186-5a5f-8dab-e2c217d7e6f5', 'd62c305c-34a9-5945-bf4d-cafae51a2dd6', 'f5335306-2599-5286-bf75-cd3c6d03262e', NULL, 'dc42a680-aba7-5ae7-9e8f-88061ed4466f');
INSERT INTO "vocabulary"."reference" ("vocabulary_id", "lesson_code") VALUES ('057a7cd1-f1a6-50e2-8449-3b6f04c67305', 'DUO_02_05');
INSERT INTO "vocabulary"."reference" ("vocabulary_id", "lesson_code") VALUES ('057a7cd1-f1a6-50e2-8449-3b6f04c67305', 'GENKI3_L01');
-- 専攻 | major --;
INSERT INTO "vocabulary"."vocabulary" ("id", "word_class_code", "conjugation_kind_code", "jlpt_level", "row_num", "tags", "date_added") VALUES ('e71aac30-c949-5b47-b118-d02a5d703701', 'NOUN', NULL, NULL, 27, '{school}', '2022-04-24');
INSERT INTO "vocabulary"."definition" ("id", "vocabulary_id", "sort_rank", "value") VALUES ('bb6b435a-c0fd-574b-b010-25307c8ca66c', 'e71aac30-c949-5b47-b118-d02a5d703701', 1, 'major');
INSERT INTO "vocabulary"."spelling" ("id", "vocabulary_id", "spelling_kind_code", "value") VALUES ('6cefd15e-be20-5fed-bbc9-e0808a472487', 'e71aac30-c949-5b47-b118-d02a5d703701', 'KANJI', '専攻');
INSERT INTO "vocabulary"."spelling" ("id", "vocabulary_id", "spelling_kind_code", "value") VALUES ('58251802-ccde-5d96-9088-1dfea512a748', 'e71aac30-c949-5b47-b118-d02a5d703701', 'HIRAGANA', 'せんこう');
INSERT INTO "vocabulary"."spelling" ("id", "vocabulary_id", "spelling_kind_code", "value") VALUES ('4b4013ff-6c49-5db6-ac68-72c021f15c5c', 'e71aac30-c949-5b47-b118-d02a5d703701', 'KANJI', '専攻');
INSERT INTO "vocabulary"."linkages" ("vocabulary_id", "preferred_definition_id", "preferred_spelling_id", "phonetic_spelling_id", "alt_phonetic_spelling_id", "kanji_spelling_id") VALUES ('e71aac30-c949-5b47-b118-d02a5d703701', 'bb6b435a-c0fd-574b-b010-25307c8ca66c', '6cefd15e-be20-5fed-bbc9-e0808a472487', '58251802-ccde-5d96-9088-1dfea512a748', NULL, '4b4013ff-6c49-5db6-ac68-72c021f15c5c');
INSERT INTO "vocabulary"."reference" ("vocabulary_id", "lesson_code") VALUES ('e71aac30-c949-5b47-b118-d02a5d703701', 'GENKI3_L01');
-- 私 | I --;
INSERT INTO "vocabulary"."vocabulary" ("id", "word_class_code", "conjugation_kind_code", "jlpt_level", "row_num", "tags", "date_added") VALUES ('4b1d8b7f-6477-5881-9439-1a7f30b26c9d', 'NOUN', NULL, NULL, 28, '{person}', '2022-04-24');
INSERT INTO "vocabulary"."definition" ("id", "vocabulary_id", "sort_rank", "value") VALUES ('7272203b-4682-5a21-a2ae-184df9aaf700', '4b1d8b7f-6477-5881-9439-1a7f30b26c9d', 1, 'I');
INSERT INTO "vocabulary"."spelling" ("id", "vocabulary_id", "spelling_kind_code", "value") VALUES ('7dfb31b4-ea80-5f87-927e-8c7f65b9fc4d', '4b1d8b7f-6477-5881-9439-1a7f30b26c9d', 'KANJI', '私');
INSERT INTO "vocabulary"."spelling" ("id", "vocabulary_id", "spelling_kind_code", "value") VALUES ('71cb9bf5-8b66-5fe9-b0ed-046a6287a9dc', '4b1d8b7f-6477-5881-9439-1a7f30b26c9d', 'HIRAGANA', 'わたし');
INSERT INTO "vocabulary"."spelling" ("id", "vocabulary_id", "spelling_kind_code", "value") VALUES ('c9cab72b-2b19-5729-ace9-484ab1f4f7a1', '4b1d8b7f-6477-5881-9439-1a7f30b26c9d', 'KANJI', '私');
INSERT INTO "vocabulary"."linkages" ("vocabulary_id", "preferred_definition_id", "preferred_spelling_id", "phonetic_spelling_id", "alt_phonetic_spelling_id", "kanji_spelling_id") VALUES ('4b1d8b7f-6477-5881-9439-1a7f30b26c9d', '7272203b-4682-5a21-a2ae-184df9aaf700', '7dfb31b4-ea80-5f87-927e-8c7f65b9fc4d', '71cb9bf5-8b66-5fe9-b0ed-046a6287a9dc', NULL, 'c9cab72b-2b19-5729-ace9-484ab1f4f7a1');
INSERT INTO "vocabulary"."reference" ("vocabulary_id", "lesson_code") VALUES ('4b1d8b7f-6477-5881-9439-1a7f30b26c9d', 'DUO_01_02');
INSERT INTO "vocabulary"."reference" ("vocabulary_id", "lesson_code") VALUES ('4b1d8b7f-6477-5881-9439-1a7f30b26c9d', 'GENKI3_L01');
-- 友達 | friend --;
INSERT INTO "vocabulary"."vocabulary" ("id", "word_class_code", "conjugation_kind_code", "jlpt_level", "row_num", "tags", "date_added") VALUES ('f65b93fb-1086-5405-8163-394db3e83014', 'NOUN', NULL, NULL, 29, '{person}', '2022-04-24');
INSERT INTO "vocabulary"."definition" ("id", "vocabulary_id", "sort_rank", "value") VALUES ('48b3a0db-2a53-57df-9473-5f1f581a7f5a', 'f65b93fb-1086-5405-8163-394db3e83014', 1, 'friend');
INSERT INTO "vocabulary"."spelling" ("id", "vocabulary_id", "spelling_kind_code", "value") VALUES ('88fa4095-b27f-524d-af6d-a0fa9b7ef178', 'f65b93fb-1086-5405-8163-394db3e83014', 'KANJI', '友達');
INSERT INTO "vocabulary"."spelling" ("id", "vocabulary_id", "spelling_kind_code", "value") VALUES ('33fad588-6082-59fe-8438-8ace8bb52bb4', 'f65b93fb-1086-5405-8163-394db3e83014', 'HIRAGANA', 'ともだち');
INSERT INTO "vocabulary"."spelling" ("id", "vocabulary_id", "spelling_kind_code", "value") VALUES ('e107dde2-5688-5c38-8a29-c6ac3b10a1c3', 'f65b93fb-1086-5405-8163-394db3e83014', 'KANJI', '友達');
INSERT INTO "vocabulary"."linkages" ("vocabulary_id", "preferred_definition_id", "preferred_spelling_id", "phonetic_spelling_id", "alt_phonetic_spelling_id", "kanji_spelling_id") VALUES ('f65b93fb-1086-5405-8163-394db3e83014', '48b3a0db-2a53-57df-9473-5f1f581a7f5a', '88fa4095-b27f-524d-af6d-a0fa9b7ef178', '33fad588-6082-59fe-8438-8ace8bb52bb4', NULL, 'e107dde2-5688-5c38-8a29-c6ac3b10a1c3');
INSERT INTO "vocabulary"."reference" ("vocabulary_id", "lesson_code") VALUES ('f65b93fb-1086-5405-8163-394db3e83014', 'GENKI3_L01');
-- 〜さん | Mr./Ms. --;
INSERT INTO "vocabulary"."vocabulary" ("id", "word_class_code", "conjugation_kind_code", "jlpt_level", "row_num", "tags", "date_added") VALUES ('c26e8356-f73a-5ddf-b045-432580c37468', 'NOUN', NULL, NULL, 30, '{person}', '2022-04-24');
INSERT INTO "vocabulary"."definition" ("id", "vocabulary_id", "sort_rank", "value") VALUES ('b6b56a37-985e-5308-8de7-c3b69fca1db7', 'c26e8356-f73a-5ddf-b045-432580c37468', 1, 'Mr./Ms.');
INSERT INTO "vocabulary"."spelling" ("id", "vocabulary_id", "spelling_kind_code", "value") VALUES ('0d135557-26dd-523b-a1c5-d137d79aca32', 'c26e8356-f73a-5ddf-b045-432580c37468', 'HIRAGANA', '〜さん');
INSERT INTO "vocabulary"."spelling" ("id", "vocabulary_id", "spelling_kind_code", "value") VALUES ('7d68ee96-e445-5b4d-b28b-bec866acdf4c', 'c26e8356-f73a-5ddf-b045-432580c37468', 'HIRAGANA', '〜さん');
INSERT INTO "vocabulary"."linkages" ("vocabulary_id", "preferred_definition_id", "preferred_spelling_id", "phonetic_spelling_id", "alt_phonetic_spelling_id", "kanji_spelling_id") VALUES ('c26e8356-f73a-5ddf-b045-432580c37468', 'b6b56a37-985e-5308-8de7-c3b69fca1db7', '0d135557-26dd-523b-a1c5-d137d79aca32', '7d68ee96-e445-5b4d-b28b-bec866acdf4c', NULL, NULL);
INSERT INTO "vocabulary"."reference" ("vocabulary_id", "lesson_code") VALUES ('c26e8356-f73a-5ddf-b045-432580c37468', 'GENKI3_L01');
-- 〜人 | ...people --;
INSERT INTO "vocabulary"."vocabulary" ("id", "word_class_code", "conjugation_kind_code", "jlpt_level", "row_num", "tags", "date_added") VALUES ('0ef6972f-5e7d-5b51-be7f-8f39a5fd5e0e', 'NOUN', NULL, NULL, 31, '{person}', '2022-04-24');
INSERT INTO "vocabulary"."definition" ("id", "vocabulary_id", "sort_rank", "value") VALUES ('f6fd367d-bb72-5403-a55e-c317e2d3945b', '0ef6972f-5e7d-5b51-be7f-8f39a5fd5e0e', 1, '...people');
INSERT INTO "vocabulary"."spelling" ("id", "vocabulary_id", "spelling_kind_code", "value") VALUES ('e2f17556-9b4a-5565-b8c3-4f6e0bd94355', '0ef6972f-5e7d-5b51-be7f-8f39a5fd5e0e', 'KANJI', '〜人');
INSERT INTO "vocabulary"."spelling" ("id", "vocabulary_id", "spelling_kind_code", "value") VALUES ('79c41c02-977e-589a-84b1-271b5f99d899', '0ef6972f-5e7d-5b51-be7f-8f39a5fd5e0e', 'HIRAGANA', '〜じん');
INSERT INTO "vocabulary"."spelling" ("id", "vocabulary_id", "spelling_kind_code", "value") VALUES ('74940083-6bad-5076-be4a-919a89ef7d34', '0ef6972f-5e7d-5b51-be7f-8f39a5fd5e0e', 'KANJI', '〜人');
INSERT INTO "vocabulary"."linkages" ("vocabulary_id", "preferred_definition_id", "preferred_spelling_id", "phonetic_spelling_id", "alt_phonetic_spelling_id", "kanji_spelling_id") VALUES ('0ef6972f-5e7d-5b51-be7f-8f39a5fd5e0e', 'f6fd367d-bb72-5403-a55e-c317e2d3945b', 'e2f17556-9b4a-5565-b8c3-4f6e0bd94355', '79c41c02-977e-589a-84b1-271b5f99d899', NULL, '74940083-6bad-5076-be4a-919a89ef7d34');
INSERT INTO "vocabulary"."reference" ("vocabulary_id", "lesson_code") VALUES ('0ef6972f-5e7d-5b51-be7f-8f39a5fd5e0e', 'GENKI3_L01');
-- もちろん | of course --;
INSERT INTO "vocabulary"."vocabulary" ("id", "word_class_code", "conjugation_kind_code", "jlpt_level", "row_num", "tags", "date_added") VALUES ('146b7705-d9cd-511f-988c-5b2cc7661b75', 'ADVERB', NULL, NULL, 32, '{}', '2022-04-24');
INSERT INTO "vocabulary"."definition" ("id", "vocabulary_id", "sort_rank", "value") VALUES ('f38e45fd-deb3-58bb-98a7-ded4749a33af', '146b7705-d9cd-511f-988c-5b2cc7661b75', 1, 'of course');
INSERT INTO "vocabulary"."spelling" ("id", "vocabulary_id", "spelling_kind_code", "value") VALUES ('bcf591d5-c9a8-5068-a41d-705df7f88ec8', '146b7705-d9cd-511f-988c-5b2cc7661b75', 'HIRAGANA', 'もちろん');
INSERT INTO "vocabulary"."spelling" ("id", "vocabulary_id", "spelling_kind_code", "value") VALUES ('07e74719-21ed-5867-9be5-1035707cb0d3', '146b7705-d9cd-511f-988c-5b2cc7661b75', 'HIRAGANA', 'もちろん');
INSERT INTO "vocabulary"."spelling" ("id", "vocabulary_id", "spelling_kind_code", "value") VALUES ('fa499118-32ec-5452-848b-9407382b9d7b', '146b7705-d9cd-511f-988c-5b2cc7661b75', 'KANJI', '勿論');
INSERT INTO "vocabulary"."linkages" ("vocabulary_id", "preferred_definition_id", "preferred_spelling_id", "phonetic_spelling_id", "alt_phonetic_spelling_id", "kanji_spelling_id") VALUES ('146b7705-d9cd-511f-988c-5b2cc7661b75', 'f38e45fd-deb3-58bb-98a7-ded4749a33af', 'bcf591d5-c9a8-5068-a41d-705df7f88ec8', '07e74719-21ed-5867-9be5-1035707cb0d3', NULL, 'fa499118-32ec-5452-848b-9407382b9d7b');
INSERT INTO "vocabulary"."reference" ("vocabulary_id", "lesson_code") VALUES ('146b7705-d9cd-511f-988c-5b2cc7661b75', 'DUO_02_03');
-- 会社 | office --;
INSERT INTO "vocabulary"."vocabulary" ("id", "word_class_code", "conjugation_kind_code", "jlpt_level", "row_num", "tags", "date_added") VALUES ('8bedfb60-1599-58b0-9568-5e72b8cf6b7e', 'NOUN', NULL, NULL, 33, '{place}', '2022-04-24');
INSERT INTO "vocabulary"."definition" ("id", "vocabulary_id", "sort_rank", "value") VALUES ('2f1c2bfe-00ae-5e85-8066-7594b35a3a3f', '8bedfb60-1599-58b0-9568-5e72b8cf6b7e', 1, 'office');
INSERT INTO "vocabulary"."spelling" ("id", "vocabulary_id", "spelling_kind_code", "value") VALUES ('0d59ad82-f6e4-58f1-9da1-e2413ad77adc', '8bedfb60-1599-58b0-9568-5e72b8cf6b7e', 'KANJI', '会社');
INSERT INTO "vocabulary"."spelling" ("id", "vocabulary_id", "spelling_kind_code", "value") VALUES ('bf11daff-0feb-5439-ad72-fface8f07495', '8bedfb60-1599-58b0-9568-5e72b8cf6b7e', 'HIRAGANA', 'かいしゃ');
INSERT INTO "vocabulary"."spelling" ("id", "vocabulary_id", "spelling_kind_code", "value") VALUES ('6640bacc-739f-56db-b841-e774ee1112ea', '8bedfb60-1599-58b0-9568-5e72b8cf6b7e', 'KANJI', '会社');
INSERT INTO "vocabulary"."linkages" ("vocabulary_id", "preferred_definition_id", "preferred_spelling_id", "phonetic_spelling_id", "alt_phonetic_spelling_id", "kanji_spelling_id") VALUES ('8bedfb60-1599-58b0-9568-5e72b8cf6b7e', '2f1c2bfe-00ae-5e85-8066-7594b35a3a3f', '0d59ad82-f6e4-58f1-9da1-e2413ad77adc', 'bf11daff-0feb-5439-ad72-fface8f07495', NULL, '6640bacc-739f-56db-b841-e774ee1112ea');
INSERT INTO "vocabulary"."reference" ("vocabulary_id", "lesson_code") VALUES ('8bedfb60-1599-58b0-9568-5e72b8cf6b7e', 'DUO_02_03');
-- 学校 | school --;
INSERT INTO "vocabulary"."vocabulary" ("id", "word_class_code", "conjugation_kind_code", "jlpt_level", "row_num", "tags", "date_added") VALUES ('25f93b07-dc04-553a-8794-329cc907dbe5', 'NOUN', NULL, NULL, 34, '{place,school}', '2022-04-24');
INSERT INTO "vocabulary"."definition" ("id", "vocabulary_id", "sort_rank", "value") VALUES ('5ac409a2-6d7e-5427-9ce4-11e8b46e49cd', '25f93b07-dc04-553a-8794-329cc907dbe5', 1, 'school');
INSERT INTO "vocabulary"."spelling" ("id", "vocabulary_id", "spelling_kind_code", "value") VALUES ('e4928e97-24e2-59a3-877f-124e0f5debfd', '25f93b07-dc04-553a-8794-329cc907dbe5', 'KANJI', '学校');
INSERT INTO "vocabulary"."spelling" ("id", "vocabulary_id", "spelling_kind_code", "value") VALUES ('e5fe8a48-9a94-5c5d-a7fb-3b907b0ba6df', '25f93b07-dc04-553a-8794-329cc907dbe5', 'HIRAGANA', 'がっこう');
INSERT INTO "vocabulary"."spelling" ("id", "vocabulary_id", "spelling_kind_code", "value") VALUES ('a36b5da5-f21a-56ec-9fec-64a501ee212b', '25f93b07-dc04-553a-8794-329cc907dbe5', 'KANJI', '学校');
INSERT INTO "vocabulary"."linkages" ("vocabulary_id", "preferred_definition_id", "preferred_spelling_id", "phonetic_spelling_id", "alt_phonetic_spelling_id", "kanji_spelling_id") VALUES ('25f93b07-dc04-553a-8794-329cc907dbe5', '5ac409a2-6d7e-5427-9ce4-11e8b46e49cd', 'e4928e97-24e2-59a3-877f-124e0f5debfd', 'e5fe8a48-9a94-5c5d-a7fb-3b907b0ba6df', NULL, 'a36b5da5-f21a-56ec-9fec-64a501ee212b');
INSERT INTO "vocabulary"."reference" ("vocabulary_id", "lesson_code") VALUES ('25f93b07-dc04-553a-8794-329cc907dbe5', 'DUO_02_03');
-- 小学 | elementary school --;
INSERT INTO "vocabulary"."vocabulary" ("id", "word_class_code", "conjugation_kind_code", "jlpt_level", "row_num", "tags", "date_added") VALUES ('37eba762-70cf-5c5c-b689-621f26c1ee5f', 'NOUN', NULL, NULL, 35, '{place,school}', '2022-04-24');
INSERT INTO "vocabulary"."definition" ("id", "vocabulary_id", "sort_rank", "value") VALUES ('e7af570c-e9da-5e71-992e-a47e2db24d85', '37eba762-70cf-5c5c-b689-621f26c1ee5f', 1, 'elementary school');
INSERT INTO "vocabulary"."spelling" ("id", "vocabulary_id", "spelling_kind_code", "value") VALUES ('1345829c-c4d2-5252-9a6b-4e27da187408', '37eba762-70cf-5c5c-b689-621f26c1ee5f', 'KANJI', '小学');
INSERT INTO "vocabulary"."spelling" ("id", "vocabulary_id", "spelling_kind_code", "value") VALUES ('a75963f9-58cb-56b4-bfee-a051eeeae612', '37eba762-70cf-5c5c-b689-621f26c1ee5f', 'HIRAGANA', 'しょうがく');
INSERT INTO "vocabulary"."spelling" ("id", "vocabulary_id", "spelling_kind_code", "value") VALUES ('dda927ba-87e1-51cf-a97c-c4ead82cfca2', '37eba762-70cf-5c5c-b689-621f26c1ee5f', 'KANJI', '小学');
INSERT INTO "vocabulary"."linkages" ("vocabulary_id", "preferred_definition_id", "preferred_spelling_id", "phonetic_spelling_id", "alt_phonetic_spelling_id", "kanji_spelling_id") VALUES ('37eba762-70cf-5c5c-b689-621f26c1ee5f', 'e7af570c-e9da-5e71-992e-a47e2db24d85', '1345829c-c4d2-5252-9a6b-4e27da187408', 'a75963f9-58cb-56b4-bfee-a051eeeae612', NULL, 'dda927ba-87e1-51cf-a97c-c4ead82cfca2');
INSERT INTO "vocabulary"."reference" ("vocabulary_id", "lesson_code") VALUES ('37eba762-70cf-5c5c-b689-621f26c1ee5f', 'DUO_02_05');
-- 中学 | middle school --;
INSERT INTO "vocabulary"."vocabulary" ("id", "word_class_code", "conjugation_kind_code", "jlpt_level", "row_num", "tags", "date_added") VALUES ('99cdf9f9-df8c-5d7a-9ea1-a7c003c9f289', 'NOUN', NULL, NULL, 36, '{place,school}', '2022-04-24');
INSERT INTO "vocabulary"."definition" ("id", "vocabulary_id", "sort_rank", "value") VALUES ('8bc5bca4-cc36-56a2-8682-ef6a791babff', '99cdf9f9-df8c-5d7a-9ea1-a7c003c9f289', 1, 'middle school');
INSERT INTO "vocabulary"."spelling" ("id", "vocabulary_id", "spelling_kind_code", "value") VALUES ('634704fb-2f52-5493-9b3a-3c1697818d5c', '99cdf9f9-df8c-5d7a-9ea1-a7c003c9f289', 'KANJI', '中学');
INSERT INTO "vocabulary"."spelling" ("id", "vocabulary_id", "spelling_kind_code", "value") VALUES ('d403ffde-dcf5-5734-ac79-e8d4fe7bc330', '99cdf9f9-df8c-5d7a-9ea1-a7c003c9f289', 'HIRAGANA', 'ちゅうがく');
INSERT INTO "vocabulary"."spelling" ("id", "vocabulary_id", "spelling_kind_code", "value") VALUES ('5f87a9f8-891e-5733-8066-e178d13d6662', '99cdf9f9-df8c-5d7a-9ea1-a7c003c9f289', 'KANJI', '中学');
INSERT INTO "vocabulary"."linkages" ("vocabulary_id", "preferred_definition_id", "preferred_spelling_id", "phonetic_spelling_id", "alt_phonetic_spelling_id", "kanji_spelling_id") VALUES ('99cdf9f9-df8c-5d7a-9ea1-a7c003c9f289', '8bc5bca4-cc36-56a2-8682-ef6a791babff', '634704fb-2f52-5493-9b3a-3c1697818d5c', 'd403ffde-dcf5-5734-ac79-e8d4fe7bc330', NULL, '5f87a9f8-891e-5733-8066-e178d13d6662');
INSERT INTO "vocabulary"."reference" ("vocabulary_id", "lesson_code") VALUES ('99cdf9f9-df8c-5d7a-9ea1-a7c003c9f289', 'DUO_02_05');
-- 外国人 | foreigner --;
INSERT INTO "vocabulary"."vocabulary" ("id", "word_class_code", "conjugation_kind_code", "jlpt_level", "row_num", "tags", "date_added") VALUES ('947e6f87-e4fe-5b27-9bd3-215e8b1fc71a', 'NOUN', NULL, NULL, 37, '{person}', '2022-04-24');
INSERT INTO "vocabulary"."definition" ("id", "vocabulary_id", "sort_rank", "value") VALUES ('179182a2-bb92-5adb-8d90-0c40ba2b7a0a', '947e6f87-e4fe-5b27-9bd3-215e8b1fc71a', 1, 'foreigner');
INSERT INTO "vocabulary"."spelling" ("id", "vocabulary_id", "spelling_kind_code", "value") VALUES ('b08af4aa-bcb9-5aa5-ae08-3f09e1c0735c', '947e6f87-e4fe-5b27-9bd3-215e8b1fc71a', 'KANJI', '外国人');
INSERT INTO "vocabulary"."spelling" ("id", "vocabulary_id", "spelling_kind_code", "value") VALUES ('fb37f79e-a0af-5650-ace6-c6be543b2235', '947e6f87-e4fe-5b27-9bd3-215e8b1fc71a', 'KANJI', '外国人');
INSERT INTO "vocabulary"."spelling" ("id", "vocabulary_id", "spelling_kind_code", "value") VALUES ('e4e4037b-f5a8-53b6-8268-29aa31232769', '947e6f87-e4fe-5b27-9bd3-215e8b1fc71a', 'KANJI', '外国人');
INSERT INTO "vocabulary"."linkages" ("vocabulary_id", "preferred_definition_id", "preferred_spelling_id", "phonetic_spelling_id", "alt_phonetic_spelling_id", "kanji_spelling_id") VALUES ('947e6f87-e4fe-5b27-9bd3-215e8b1fc71a', '179182a2-bb92-5adb-8d90-0c40ba2b7a0a', 'b08af4aa-bcb9-5aa5-ae08-3f09e1c0735c', 'fb37f79e-a0af-5650-ace6-c6be543b2235', NULL, 'e4e4037b-f5a8-53b6-8268-29aa31232769');
INSERT INTO "vocabulary"."reference" ("vocabulary_id", "lesson_code") VALUES ('947e6f87-e4fe-5b27-9bd3-215e8b1fc71a', 'DUO_02_05');
-- 住む | to live; to reside; to hinhabit --;
INSERT INTO "vocabulary"."vocabulary" ("id", "word_class_code", "conjugation_kind_code", "jlpt_level", "row_num", "tags", "date_added") VALUES ('dd191fac-e29b-5262-b2a6-f9f2875a4a3f', 'VERB', 'GODAN_VERB', NULL, 38, '{}', '2022-04-24');
INSERT INTO "vocabulary"."definition" ("id", "vocabulary_id", "sort_rank", "value") VALUES ('d97da3d2-a109-55ce-93d6-9964bd269d86', 'dd191fac-e29b-5262-b2a6-f9f2875a4a3f', 1, 'to live; to reside; to hinhabit');
INSERT INTO "vocabulary"."spelling" ("id", "vocabulary_id", "spelling_kind_code", "value") VALUES ('cbab8b4b-1ea7-5b14-9a6a-2e36ba711d45', 'dd191fac-e29b-5262-b2a6-f9f2875a4a3f', 'KANJI', '住む');
INSERT INTO "vocabulary"."spelling" ("id", "vocabulary_id", "spelling_kind_code", "value") VALUES ('29424b09-2905-5b05-bc36-27ac2e9a595e', 'dd191fac-e29b-5262-b2a6-f9f2875a4a3f', 'HIRAGANA', 'すむ');
INSERT INTO "vocabulary"."spelling" ("id", "vocabulary_id", "spelling_kind_code", "value") VALUES ('3a9827c6-6946-59d0-8907-9054f3ec9ac1', 'dd191fac-e29b-5262-b2a6-f9f2875a4a3f', 'KANJI', '住む');
INSERT INTO "vocabulary"."linkages" ("vocabulary_id", "preferred_definition_id", "preferred_spelling_id", "phonetic_spelling_id", "alt_phonetic_spelling_id", "kanji_spelling_id") VALUES ('dd191fac-e29b-5262-b2a6-f9f2875a4a3f', 'd97da3d2-a109-55ce-93d6-9964bd269d86', 'cbab8b4b-1ea7-5b14-9a6a-2e36ba711d45', '29424b09-2905-5b05-bc36-27ac2e9a595e', NULL, '3a9827c6-6946-59d0-8907-9054f3ec9ac1');
INSERT INTO "vocabulary"."reference" ("vocabulary_id", "lesson_code") VALUES ('dd191fac-e29b-5262-b2a6-f9f2875a4a3f', 'DUO_02_05');
-- 京都 | Kyoto --;
INSERT INTO "vocabulary"."vocabulary" ("id", "word_class_code", "conjugation_kind_code", "jlpt_level", "row_num", "tags", "date_added") VALUES ('fc82f2ac-3b17-582f-9259-7200e1430824', 'PROPER_NOUN', NULL, NULL, 39, '{city,place}', '2022-04-24');
INSERT INTO "vocabulary"."definition" ("id", "vocabulary_id", "sort_rank", "value") VALUES ('22879ac5-9111-51a8-98d1-a9a1a6f7b1b6', 'fc82f2ac-3b17-582f-9259-7200e1430824', 1, 'Kyoto');
INSERT INTO "vocabulary"."spelling" ("id", "vocabulary_id", "spelling_kind_code", "value") VALUES ('72bdb2c9-db1d-57b4-8f83-a493e12eff43', 'fc82f2ac-3b17-582f-9259-7200e1430824', 'KANJI', '京都');
INSERT INTO "vocabulary"."spelling" ("id", "vocabulary_id", "spelling_kind_code", "value") VALUES ('58fb3871-e7d4-50f1-a9bb-706cdba7c0dc', 'fc82f2ac-3b17-582f-9259-7200e1430824', 'HIRAGANA', 'きょうと');
INSERT INTO "vocabulary"."spelling" ("id", "vocabulary_id", "spelling_kind_code", "value") VALUES ('f495b870-9f97-5dc4-806d-c39dae605e4b', 'fc82f2ac-3b17-582f-9259-7200e1430824', 'KANJI', '京都');
INSERT INTO "vocabulary"."linkages" ("vocabulary_id", "preferred_definition_id", "preferred_spelling_id", "phonetic_spelling_id", "alt_phonetic_spelling_id", "kanji_spelling_id") VALUES ('fc82f2ac-3b17-582f-9259-7200e1430824', '22879ac5-9111-51a8-98d1-a9a1a6f7b1b6', '72bdb2c9-db1d-57b4-8f83-a493e12eff43', '58fb3871-e7d4-50f1-a9bb-706cdba7c0dc', NULL, 'f495b870-9f97-5dc4-806d-c39dae605e4b');
INSERT INTO "vocabulary"."reference" ("vocabulary_id", "lesson_code") VALUES ('fc82f2ac-3b17-582f-9259-7200e1430824', 'DUO_02_05');
INSERT INTO "vocabulary"."reference" ("vocabulary_id", "lesson_code") VALUES ('fc82f2ac-3b17-582f-9259-7200e1430824', 'GENKI3_L03');
-- 大阪 | Osaka --;
INSERT INTO "vocabulary"."vocabulary" ("id", "word_class_code", "conjugation_kind_code", "jlpt_level", "row_num", "tags", "date_added") VALUES ('15c5fee6-dda7-5d40-b7fd-382d97a28b9c', 'PROPER_NOUN', NULL, NULL, 40, '{city,place}', '2022-04-24');
INSERT INTO "vocabulary"."definition" ("id", "vocabulary_id", "sort_rank", "value") VALUES ('2b7975f2-316a-5940-b731-2ad6ef17d87b', '15c5fee6-dda7-5d40-b7fd-382d97a28b9c', 1, 'Osaka');
INSERT INTO "vocabulary"."spelling" ("id", "vocabulary_id", "spelling_kind_code", "value") VALUES ('7a98604b-6149-5cc8-89cd-e160022182db', '15c5fee6-dda7-5d40-b7fd-382d97a28b9c', 'KANJI', '大阪');
INSERT INTO "vocabulary"."spelling" ("id", "vocabulary_id", "spelling_kind_code", "value") VALUES ('ea3f379f-285e-5755-a454-8dce105af33c', '15c5fee6-dda7-5d40-b7fd-382d97a28b9c', 'HIRAGANA', 'おおさか');
INSERT INTO "vocabulary"."spelling" ("id", "vocabulary_id", "spelling_kind_code", "value") VALUES ('334db642-aafe-590d-af62-2c58e4d660a2', '15c5fee6-dda7-5d40-b7fd-382d97a28b9c', 'KANJI', '大阪');
INSERT INTO "vocabulary"."linkages" ("vocabulary_id", "preferred_definition_id", "preferred_spelling_id", "phonetic_spelling_id", "alt_phonetic_spelling_id", "kanji_spelling_id") VALUES ('15c5fee6-dda7-5d40-b7fd-382d97a28b9c', '2b7975f2-316a-5940-b731-2ad6ef17d87b', '7a98604b-6149-5cc8-89cd-e160022182db', 'ea3f379f-285e-5755-a454-8dce105af33c', NULL, '334db642-aafe-590d-af62-2c58e4d660a2');
INSERT INTO "vocabulary"."reference" ("vocabulary_id", "lesson_code") VALUES ('15c5fee6-dda7-5d40-b7fd-382d97a28b9c', 'DUO_02_05');
-- 東京 | Tokyo --;
INSERT INTO "vocabulary"."vocabulary" ("id", "word_class_code", "conjugation_kind_code", "jlpt_level", "row_num", "tags", "date_added") VALUES ('39458010-a5eb-5b13-b054-4cc458702c56', 'PROPER_NOUN', NULL, NULL, 41, '{city,place}', '2022-04-24');
INSERT INTO "vocabulary"."definition" ("id", "vocabulary_id", "sort_rank", "value") VALUES ('9cb5a01e-e62c-547e-857a-3684e0dc1f9e', '39458010-a5eb-5b13-b054-4cc458702c56', 1, 'Tokyo');
INSERT INTO "vocabulary"."spelling" ("id", "vocabulary_id", "spelling_kind_code", "value") VALUES ('4218953c-665b-5614-a876-c5f58932d3fa', '39458010-a5eb-5b13-b054-4cc458702c56', 'KANJI', '東京');
INSERT INTO "vocabulary"."spelling" ("id", "vocabulary_id", "spelling_kind_code", "value") VALUES ('dbf2195a-113d-5ac9-9006-bd5246bc6e38', '39458010-a5eb-5b13-b054-4cc458702c56', 'HIRAGANA', 'とおきょう');
INSERT INTO "vocabulary"."spelling" ("id", "vocabulary_id", "spelling_kind_code", "value") VALUES ('fda9564c-dc64-55d3-93d7-8c3116c6a4eb', '39458010-a5eb-5b13-b054-4cc458702c56', 'KANJI', '東京');
INSERT INTO "vocabulary"."linkages" ("vocabulary_id", "preferred_definition_id", "preferred_spelling_id", "phonetic_spelling_id", "alt_phonetic_spelling_id", "kanji_spelling_id") VALUES ('39458010-a5eb-5b13-b054-4cc458702c56', '9cb5a01e-e62c-547e-857a-3684e0dc1f9e', '4218953c-665b-5614-a876-c5f58932d3fa', 'dbf2195a-113d-5ac9-9006-bd5246bc6e38', NULL, 'fda9564c-dc64-55d3-93d7-8c3116c6a4eb');
INSERT INTO "vocabulary"."reference" ("vocabulary_id", "lesson_code") VALUES ('39458010-a5eb-5b13-b054-4cc458702c56', 'DUO_02_05');
-- 申す | to say; to be called; name --;
INSERT INTO "vocabulary"."vocabulary" ("id", "word_class_code", "conjugation_kind_code", "jlpt_level", "row_num", "tags", "date_added") VALUES ('091d6d9c-5d19-51f5-bc28-3b5281042464', 'VERB', 'GODAN_VERB', NULL, 42, '{}', '2022-04-24');
INSERT INTO "vocabulary"."definition" ("id", "vocabulary_id", "sort_rank", "value") VALUES ('f450b73b-b1ea-5424-a37d-c31a7abd34f9', '091d6d9c-5d19-51f5-bc28-3b5281042464', 1, 'to say; to be called; name');
INSERT INTO "vocabulary"."spelling" ("id", "vocabulary_id", "spelling_kind_code", "value") VALUES ('a1e63cf9-a452-5306-9351-c5a08786d525', '091d6d9c-5d19-51f5-bc28-3b5281042464', 'KANJI', '申す');
INSERT INTO "vocabulary"."spelling" ("id", "vocabulary_id", "spelling_kind_code", "value") VALUES ('62be684a-2cf3-5ba6-8cc9-e8732d43a325', '091d6d9c-5d19-51f5-bc28-3b5281042464', 'HIRAGANA', 'もうす');
INSERT INTO "vocabulary"."spelling" ("id", "vocabulary_id", "spelling_kind_code", "value") VALUES ('23e16be7-3b0d-5bbf-aa2f-22ef37e23630', '091d6d9c-5d19-51f5-bc28-3b5281042464', 'KANJI', '申す');
INSERT INTO "vocabulary"."linkages" ("vocabulary_id", "preferred_definition_id", "preferred_spelling_id", "phonetic_spelling_id", "alt_phonetic_spelling_id", "kanji_spelling_id") VALUES ('091d6d9c-5d19-51f5-bc28-3b5281042464', 'f450b73b-b1ea-5424-a37d-c31a7abd34f9', 'a1e63cf9-a452-5306-9351-c5a08786d525', '62be684a-2cf3-5ba6-8cc9-e8732d43a325', NULL, '23e16be7-3b0d-5bbf-aa2f-22ef37e23630');
INSERT INTO "vocabulary"."reference" ("vocabulary_id", "lesson_code") VALUES ('091d6d9c-5d19-51f5-bc28-3b5281042464', 'DUO_02_05');
-- 違います | That is not right --;
INSERT INTO "vocabulary"."vocabulary" ("id", "word_class_code", "conjugation_kind_code", "jlpt_level", "row_num", "tags", "date_added") VALUES ('6e44df4a-4366-5c1a-86af-87a4e5f61fc6', 'EXPRESSION', NULL, NULL, 43, '{}', '2022-04-24');
INSERT INTO "vocabulary"."definition" ("id", "vocabulary_id", "sort_rank", "value") VALUES ('bcbeadc9-18d4-5cc4-a6df-1f189e75077e', '6e44df4a-4366-5c1a-86af-87a4e5f61fc6', 1, 'That is not right');
INSERT INTO "vocabulary"."spelling" ("id", "vocabulary_id", "spelling_kind_code", "value") VALUES ('ee161c1e-ffc9-5ad7-8e11-d8992a2c37a9', '6e44df4a-4366-5c1a-86af-87a4e5f61fc6', 'KANJI', '違います');
INSERT INTO "vocabulary"."spelling" ("id", "vocabulary_id", "spelling_kind_code", "value") VALUES ('ed8a8306-08d3-5dc1-8cdf-6d119bee1db6', '6e44df4a-4366-5c1a-86af-87a4e5f61fc6', 'HIRAGANA', 'ちがいます');
INSERT INTO "vocabulary"."spelling" ("id", "vocabulary_id", "spelling_kind_code", "value") VALUES ('eac79d53-8e30-5d62-88f8-cbe7bcf955f9', '6e44df4a-4366-5c1a-86af-87a4e5f61fc6', 'KANJI', '違います');
INSERT INTO "vocabulary"."linkages" ("vocabulary_id", "preferred_definition_id", "preferred_spelling_id", "phonetic_spelling_id", "alt_phonetic_spelling_id", "kanji_spelling_id") VALUES ('6e44df4a-4366-5c1a-86af-87a4e5f61fc6', 'bcbeadc9-18d4-5cc4-a6df-1f189e75077e', 'ee161c1e-ffc9-5ad7-8e11-d8992a2c37a9', 'ed8a8306-08d3-5dc1-8cdf-6d119bee1db6', NULL, 'eac79d53-8e30-5d62-88f8-cbe7bcf955f9');
INSERT INTO "vocabulary"."reference" ("vocabulary_id", "lesson_code") VALUES ('6e44df4a-4366-5c1a-86af-87a4e5f61fc6', 'DUO_02_05');
-- 違いは何ですか | What is the difference? --;
INSERT INTO "vocabulary"."vocabulary" ("id", "word_class_code", "conjugation_kind_code", "jlpt_level", "row_num", "tags", "date_added") VALUES ('7748dd60-2126-5e30-a5b6-39596a0e25e4', 'EXPRESSION', NULL, NULL, 44, '{}', '2022-04-24');
INSERT INTO "vocabulary"."definition" ("id", "vocabulary_id", "sort_rank", "value") VALUES ('224783bc-4284-5d6e-a5a4-64fc24780f77', '7748dd60-2126-5e30-a5b6-39596a0e25e4', 1, 'What is the difference?');
INSERT INTO "vocabulary"."spelling" ("id", "vocabulary_id", "spelling_kind_code", "value") VALUES ('ef3245e7-cb38-5010-8a7e-8abe854b55d2', '7748dd60-2126-5e30-a5b6-39596a0e25e4', 'KANJI', '違いは何ですか');
INSERT INTO "vocabulary"."spelling" ("id", "vocabulary_id", "spelling_kind_code", "value") VALUES ('4c6029af-f588-5cce-b586-0f1545d5e63d', '7748dd60-2126-5e30-a5b6-39596a0e25e4', 'HIRAGANA', 'ちがいはなんですか');
INSERT INTO "vocabulary"."spelling" ("id", "vocabulary_id", "spelling_kind_code", "value") VALUES ('751af121-5a1d-52e0-b68a-9f6decce21e8', '7748dd60-2126-5e30-a5b6-39596a0e25e4', 'KANJI', '違いは何ですか');
INSERT INTO "vocabulary"."linkages" ("vocabulary_id", "preferred_definition_id", "preferred_spelling_id", "phonetic_spelling_id", "alt_phonetic_spelling_id", "kanji_spelling_id") VALUES ('7748dd60-2126-5e30-a5b6-39596a0e25e4', '224783bc-4284-5d6e-a5a4-64fc24780f77', 'ef3245e7-cb38-5010-8a7e-8abe854b55d2', '4c6029af-f588-5cce-b586-0f1545d5e63d', NULL, '751af121-5a1d-52e0-b68a-9f6decce21e8');
INSERT INTO "vocabulary"."reference" ("vocabulary_id", "lesson_code") VALUES ('7748dd60-2126-5e30-a5b6-39596a0e25e4', 'DUO_02_05');
-- 今 | Now --;
INSERT INTO "vocabulary"."vocabulary" ("id", "word_class_code", "conjugation_kind_code", "jlpt_level", "row_num", "tags", "date_added") VALUES ('dce3fe6a-497c-54b2-a121-df6767084258', 'NOUN', NULL, NULL, 45, '{time}', '2022-04-24');
INSERT INTO "vocabulary"."definition" ("id", "vocabulary_id", "sort_rank", "value") VALUES ('e245f70f-ea23-59c5-9070-2419deec3104', 'dce3fe6a-497c-54b2-a121-df6767084258', 1, 'Now');
INSERT INTO "vocabulary"."spelling" ("id", "vocabulary_id", "spelling_kind_code", "value") VALUES ('d75ed4c1-f752-5bb1-9502-cd2247464bb9', 'dce3fe6a-497c-54b2-a121-df6767084258', 'KANJI', '今');
INSERT INTO "vocabulary"."spelling" ("id", "vocabulary_id", "spelling_kind_code", "value") VALUES ('b755f3aa-72e8-5cf1-bfb5-1be674ef6cb1', 'dce3fe6a-497c-54b2-a121-df6767084258', 'HIRAGANA', 'いま');
INSERT INTO "vocabulary"."spelling" ("id", "vocabulary_id", "spelling_kind_code", "value") VALUES ('d6a34dbd-5665-59d8-8a36-e54b02c994e7', 'dce3fe6a-497c-54b2-a121-df6767084258', 'KANJI', '今');
INSERT INTO "vocabulary"."linkages" ("vocabulary_id", "preferred_definition_id", "preferred_spelling_id", "phonetic_spelling_id", "alt_phonetic_spelling_id", "kanji_spelling_id") VALUES ('dce3fe6a-497c-54b2-a121-df6767084258', 'e245f70f-ea23-59c5-9070-2419deec3104', 'd75ed4c1-f752-5bb1-9502-cd2247464bb9', 'b755f3aa-72e8-5cf1-bfb5-1be674ef6cb1', NULL, 'd6a34dbd-5665-59d8-8a36-e54b02c994e7');
INSERT INTO "vocabulary"."reference" ("vocabulary_id", "lesson_code") VALUES ('dce3fe6a-497c-54b2-a121-df6767084258', 'DUO_02_02');
INSERT INTO "vocabulary"."reference" ("vocabulary_id", "lesson_code") VALUES ('dce3fe6a-497c-54b2-a121-df6767084258', 'GENKI3_L01');
-- 午前 | A.M. --;
INSERT INTO "vocabulary"."vocabulary" ("id", "word_class_code", "conjugation_kind_code", "jlpt_level", "row_num", "tags", "date_added") VALUES ('42ffdbae-c27d-53a4-b113-95583953e16c', 'NOUN', NULL, NULL, 46, '{time}', '2022-04-24');
INSERT INTO "vocabulary"."definition" ("id", "vocabulary_id", "sort_rank", "value") VALUES ('34e25082-30e4-5bcc-b102-e06a55c72b2e', '42ffdbae-c27d-53a4-b113-95583953e16c', 1, 'A.M.');
INSERT INTO "vocabulary"."spelling" ("id", "vocabulary_id", "spelling_kind_code", "value") VALUES ('0c620dfa-251d-5ca8-b702-c61cbae6ca2f', '42ffdbae-c27d-53a4-b113-95583953e16c', 'KANJI', '午前');
INSERT INTO "vocabulary"."spelling" ("id", "vocabulary_id", "spelling_kind_code", "value") VALUES ('7a7c00a4-e50d-5d0c-9ad2-7c92f85dc4c7', '42ffdbae-c27d-53a4-b113-95583953e16c', 'HIRAGANA', 'ごぜん');
INSERT INTO "vocabulary"."spelling" ("id", "vocabulary_id", "spelling_kind_code", "value") VALUES ('70d9d1cc-4810-5fef-acfb-015b8ea06e1d', '42ffdbae-c27d-53a4-b113-95583953e16c', 'KANJI', '午前');
INSERT INTO "vocabulary"."linkages" ("vocabulary_id", "preferred_definition_id", "preferred_spelling_id", "phonetic_spelling_id", "alt_phonetic_spelling_id", "kanji_spelling_id") VALUES ('42ffdbae-c27d-53a4-b113-95583953e16c', '34e25082-30e4-5bcc-b102-e06a55c72b2e', '0c620dfa-251d-5ca8-b702-c61cbae6ca2f', '7a7c00a4-e50d-5d0c-9ad2-7c92f85dc4c7', NULL, '70d9d1cc-4810-5fef-acfb-015b8ea06e1d');
INSERT INTO "vocabulary"."reference" ("vocabulary_id", "lesson_code") VALUES ('42ffdbae-c27d-53a4-b113-95583953e16c', 'DUO_02_03');
INSERT INTO "vocabulary"."reference" ("vocabulary_id", "lesson_code") VALUES ('42ffdbae-c27d-53a4-b113-95583953e16c', 'GENKI3_L01');
-- 午後 | P.M. --;
INSERT INTO "vocabulary"."vocabulary" ("id", "word_class_code", "conjugation_kind_code", "jlpt_level", "row_num", "tags", "date_added") VALUES ('94611381-0488-58aa-8cf2-12ad9ff4e2dd', 'NOUN', NULL, NULL, 47, '{time}', '2022-04-24');
INSERT INTO "vocabulary"."definition" ("id", "vocabulary_id", "sort_rank", "value") VALUES ('58ed18c5-e537-5ec8-a4f3-60e26c8f3ad2', '94611381-0488-58aa-8cf2-12ad9ff4e2dd', 1, 'P.M.');
INSERT INTO "vocabulary"."spelling" ("id", "vocabulary_id", "spelling_kind_code", "value") VALUES ('26e758fa-c6eb-5e1b-ae8d-08bf84503fbe', '94611381-0488-58aa-8cf2-12ad9ff4e2dd', 'KANJI', '午後');
INSERT INTO "vocabulary"."spelling" ("id", "vocabulary_id", "spelling_kind_code", "value") VALUES ('f11fd478-13c8-5a41-afad-849c63bf211d', '94611381-0488-58aa-8cf2-12ad9ff4e2dd', 'HIRAGANA', 'ごご');
INSERT INTO "vocabulary"."spelling" ("id", "vocabulary_id", "spelling_kind_code", "value") VALUES ('7021f41f-4fda-5183-a7c1-d7135e7a7d90', '94611381-0488-58aa-8cf2-12ad9ff4e2dd', 'KANJI', '午後');
INSERT INTO "vocabulary"."linkages" ("vocabulary_id", "preferred_definition_id", "preferred_spelling_id", "phonetic_spelling_id", "alt_phonetic_spelling_id", "kanji_spelling_id") VALUES ('94611381-0488-58aa-8cf2-12ad9ff4e2dd', '58ed18c5-e537-5ec8-a4f3-60e26c8f3ad2', '26e758fa-c6eb-5e1b-ae8d-08bf84503fbe', 'f11fd478-13c8-5a41-afad-849c63bf211d', NULL, '7021f41f-4fda-5183-a7c1-d7135e7a7d90');
INSERT INTO "vocabulary"."reference" ("vocabulary_id", "lesson_code") VALUES ('94611381-0488-58aa-8cf2-12ad9ff4e2dd', 'DUO_02_03');
INSERT INTO "vocabulary"."reference" ("vocabulary_id", "lesson_code") VALUES ('94611381-0488-58aa-8cf2-12ad9ff4e2dd', 'GENKI3_L01');
-- 〜時 | ...o'clock --;
INSERT INTO "vocabulary"."vocabulary" ("id", "word_class_code", "conjugation_kind_code", "jlpt_level", "row_num", "tags", "date_added") VALUES ('40502e18-b4ba-50b4-89b7-23fd3b4d4a21', 'NOUN', NULL, NULL, 48, '{time}', '2022-04-24');
INSERT INTO "vocabulary"."definition" ("id", "vocabulary_id", "sort_rank", "value") VALUES ('91620f9e-a77a-5b08-9178-3aefc9330c68', '40502e18-b4ba-50b4-89b7-23fd3b4d4a21', 1, '...o''clock');
INSERT INTO "vocabulary"."spelling" ("id", "vocabulary_id", "spelling_kind_code", "value") VALUES ('102eaf6a-41aa-59bf-85b0-4fc96dfe7b02', '40502e18-b4ba-50b4-89b7-23fd3b4d4a21', 'KANJI', '〜時');
INSERT INTO "vocabulary"."spelling" ("id", "vocabulary_id", "spelling_kind_code", "value") VALUES ('0b1250d9-3605-51a2-9b61-6a1b523956c9', '40502e18-b4ba-50b4-89b7-23fd3b4d4a21', 'HIRAGANA', '〜じ');
INSERT INTO "vocabulary"."spelling" ("id", "vocabulary_id", "spelling_kind_code", "value") VALUES ('fcefca7c-8ba0-562a-8670-40196c80c912', '40502e18-b4ba-50b4-89b7-23fd3b4d4a21', 'KANJI', '〜時');
INSERT INTO "vocabulary"."linkages" ("vocabulary_id", "preferred_definition_id", "preferred_spelling_id", "phonetic_spelling_id", "alt_phonetic_spelling_id", "kanji_spelling_id") VALUES ('40502e18-b4ba-50b4-89b7-23fd3b4d4a21', '91620f9e-a77a-5b08-9178-3aefc9330c68', '102eaf6a-41aa-59bf-85b0-4fc96dfe7b02', '0b1250d9-3605-51a2-9b61-6a1b523956c9', NULL, 'fcefca7c-8ba0-562a-8670-40196c80c912');
INSERT INTO "vocabulary"."reference" ("vocabulary_id", "lesson_code") VALUES ('40502e18-b4ba-50b4-89b7-23fd3b4d4a21', 'DUO_02_02');
INSERT INTO "vocabulary"."reference" ("vocabulary_id", "lesson_code") VALUES ('40502e18-b4ba-50b4-89b7-23fd3b4d4a21', 'GENKI3_L01');
-- 半 | half; half-past --;
INSERT INTO "vocabulary"."vocabulary" ("id", "word_class_code", "conjugation_kind_code", "jlpt_level", "row_num", "tags", "date_added") VALUES ('5372b023-b803-551c-9a7f-f404804f63f1', 'NOUN', NULL, NULL, 49, '{time}', '2022-04-24');
INSERT INTO "vocabulary"."definition" ("id", "vocabulary_id", "sort_rank", "value") VALUES ('90481c8a-5b9b-5482-bca1-5c1ba6ade244', '5372b023-b803-551c-9a7f-f404804f63f1', 1, 'half; half-past');
INSERT INTO "vocabulary"."spelling" ("id", "vocabulary_id", "spelling_kind_code", "value") VALUES ('37bd4f3b-5c55-5250-96a8-eadc56df5b93', '5372b023-b803-551c-9a7f-f404804f63f1', 'KANJI', '半');
INSERT INTO "vocabulary"."spelling" ("id", "vocabulary_id", "spelling_kind_code", "value") VALUES ('1a9ef59c-1876-53a3-a358-e038b47d3955', '5372b023-b803-551c-9a7f-f404804f63f1', 'HIRAGANA', 'はん');
INSERT INTO "vocabulary"."spelling" ("id", "vocabulary_id", "spelling_kind_code", "value") VALUES ('a32348c2-e293-5005-8ab6-1fc41e744e6a', '5372b023-b803-551c-9a7f-f404804f63f1', 'KANJI', '半');
INSERT INTO "vocabulary"."linkages" ("vocabulary_id", "preferred_definition_id", "preferred_spelling_id", "phonetic_spelling_id", "alt_phonetic_spelling_id", "kanji_spelling_id") VALUES ('5372b023-b803-551c-9a7f-f404804f63f1', '90481c8a-5b9b-5482-bca1-5c1ba6ade244', '37bd4f3b-5c55-5250-96a8-eadc56df5b93', '1a9ef59c-1876-53a3-a358-e038b47d3955', NULL, 'a32348c2-e293-5005-8ab6-1fc41e744e6a');
INSERT INTO "vocabulary"."reference" ("vocabulary_id", "lesson_code") VALUES ('5372b023-b803-551c-9a7f-f404804f63f1', 'DUO_02_02');
INSERT INTO "vocabulary"."reference" ("vocabulary_id", "lesson_code") VALUES ('5372b023-b803-551c-9a7f-f404804f63f1', 'GENKI3_L01');
-- ~分 | ...minutes --;
INSERT INTO "vocabulary"."vocabulary" ("id", "word_class_code", "conjugation_kind_code", "jlpt_level", "row_num", "tags", "date_added") VALUES ('2cf1d32f-b261-5ba6-829c-a9f1237a88d6', 'NOUN', NULL, NULL, 50, '{time}', '2022-04-24');
INSERT INTO "vocabulary"."definition" ("id", "vocabulary_id", "sort_rank", "value") VALUES ('fc8e30ae-1ef2-5b2f-b799-b128aa9d6b8e', '2cf1d32f-b261-5ba6-829c-a9f1237a88d6', 1, '...minutes');
INSERT INTO "vocabulary"."spelling" ("id", "vocabulary_id", "spelling_kind_code", "value") VALUES ('daa84374-4c99-53dd-bb22-2201b09b2529', '2cf1d32f-b261-5ba6-829c-a9f1237a88d6', 'KANJI', '~分');
INSERT INTO "vocabulary"."spelling" ("id", "vocabulary_id", "spelling_kind_code", "value") VALUES ('decf2be8-640b-54aa-8b74-516a49e8e740', '2cf1d32f-b261-5ba6-829c-a9f1237a88d6', 'HIRAGANA', '〜ぷん');
INSERT INTO "vocabulary"."spelling" ("id", "vocabulary_id", "spelling_kind_code", "value") VALUES ('968b1468-e28a-5df4-8f6f-92f4908852e1', '2cf1d32f-b261-5ba6-829c-a9f1237a88d6', 'KANJI', '~分');
INSERT INTO "vocabulary"."linkages" ("vocabulary_id", "preferred_definition_id", "preferred_spelling_id", "phonetic_spelling_id", "alt_phonetic_spelling_id", "kanji_spelling_id") VALUES ('2cf1d32f-b261-5ba6-829c-a9f1237a88d6', 'fc8e30ae-1ef2-5b2f-b799-b128aa9d6b8e', 'daa84374-4c99-53dd-bb22-2201b09b2529', 'decf2be8-640b-54aa-8b74-516a49e8e740', NULL, '968b1468-e28a-5df4-8f6f-92f4908852e1');
INSERT INTO "vocabulary"."reference" ("vocabulary_id", "lesson_code") VALUES ('2cf1d32f-b261-5ba6-829c-a9f1237a88d6', 'DUO_02_02');
-- 〜ごろ | approximately --;
INSERT INTO "vocabulary"."vocabulary" ("id", "word_class_code", "conjugation_kind_code", "jlpt_level", "row_num", "tags", "date_added") VALUES ('a39e794c-9682-5cd5-9c5e-dd961aa92bc5', 'NOUN', NULL, NULL, 51, '{time}', '2022-04-24');
INSERT INTO "vocabulary"."definition" ("id", "vocabulary_id", "sort_rank", "value") VALUES ('314a1e72-ae6b-51cf-b8cb-9ace3e575f02', 'a39e794c-9682-5cd5-9c5e-dd961aa92bc5', 1, 'approximately');
INSERT INTO "vocabulary"."spelling" ("id", "vocabulary_id", "spelling_kind_code", "value") VALUES ('a16048d0-d2e9-57aa-a3f0-b15adae3bd95', 'a39e794c-9682-5cd5-9c5e-dd961aa92bc5', 'HIRAGANA', '〜ごろ');
INSERT INTO "vocabulary"."spelling" ("id", "vocabulary_id", "spelling_kind_code", "value") VALUES ('73f2fd59-8226-52ef-9485-62cf1b84274f', 'a39e794c-9682-5cd5-9c5e-dd961aa92bc5', 'HIRAGANA', '〜ごろ');
INSERT INTO "vocabulary"."spelling" ("id", "vocabulary_id", "spelling_kind_code", "value") VALUES ('ead618a5-4a3c-5f13-be94-59a08fa65ab5', 'a39e794c-9682-5cd5-9c5e-dd961aa92bc5', 'KANJI', '頃');
INSERT INTO "vocabulary"."linkages" ("vocabulary_id", "preferred_definition_id", "preferred_spelling_id", "phonetic_spelling_id", "alt_phonetic_spelling_id", "kanji_spelling_id") VALUES ('a39e794c-9682-5cd5-9c5e-dd961aa92bc5', '314a1e72-ae6b-51cf-b8cb-9ace3e575f02', 'a16048d0-d2e9-57aa-a3f0-b15adae3bd95', '73f2fd59-8226-52ef-9485-62cf1b84274f', NULL, 'ead618a5-4a3c-5f13-be94-59a08fa65ab5');
INSERT INTO "vocabulary"."reference" ("vocabulary_id", "lesson_code") VALUES ('a39e794c-9682-5cd5-9c5e-dd961aa92bc5', 'DUO_02_03');
-- ちょうど | exactly --;
INSERT INTO "vocabulary"."vocabulary" ("id", "word_class_code", "conjugation_kind_code", "jlpt_level", "row_num", "tags", "date_added") VALUES ('9e67a677-9058-536e-85d6-389ea5138c86', 'NOUN', NULL, NULL, 52, '{time}', '2022-04-24');
INSERT INTO "vocabulary"."definition" ("id", "vocabulary_id", "sort_rank", "value") VALUES ('757b166c-0216-5b01-910c-b53632eb27c4', '9e67a677-9058-536e-85d6-389ea5138c86', 1, 'exactly');
INSERT INTO "vocabulary"."spelling" ("id", "vocabulary_id", "spelling_kind_code", "value") VALUES ('012b4629-9da1-58d6-a554-39232e243ec3', '9e67a677-9058-536e-85d6-389ea5138c86', 'HIRAGANA', 'ちょうど');
INSERT INTO "vocabulary"."spelling" ("id", "vocabulary_id", "spelling_kind_code", "value") VALUES ('c36c78cc-daf3-57f8-9e90-c5261fe34a5b', '9e67a677-9058-536e-85d6-389ea5138c86', 'HIRAGANA', 'ちょうど');
INSERT INTO "vocabulary"."spelling" ("id", "vocabulary_id", "spelling_kind_code", "value") VALUES ('c56b4146-307d-591d-b061-2fd6c3870bfd', '9e67a677-9058-536e-85d6-389ea5138c86', 'KANJI', '丁度');
INSERT INTO "vocabulary"."linkages" ("vocabulary_id", "preferred_definition_id", "preferred_spelling_id", "phonetic_spelling_id", "alt_phonetic_spelling_id", "kanji_spelling_id") VALUES ('9e67a677-9058-536e-85d6-389ea5138c86', '757b166c-0216-5b01-910c-b53632eb27c4', '012b4629-9da1-58d6-a554-39232e243ec3', 'c36c78cc-daf3-57f8-9e90-c5261fe34a5b', NULL, 'c56b4146-307d-591d-b061-2fd6c3870bfd');
INSERT INTO "vocabulary"."reference" ("vocabulary_id", "lesson_code") VALUES ('9e67a677-9058-536e-85d6-389ea5138c86', 'DUO_02_02');
-- 零 | zero --;
INSERT INTO "vocabulary"."vocabulary" ("id", "word_class_code", "conjugation_kind_code", "jlpt_level", "row_num", "tags", "date_added") VALUES ('252852aa-aefd-504b-b671-668a33020492', 'NOUN', NULL, NULL, 53, '{number,time}', '2022-04-24');
INSERT INTO "vocabulary"."definition" ("id", "vocabulary_id", "sort_rank", "value") VALUES ('c960851c-dc10-51ae-bd83-8f1578b39686', '252852aa-aefd-504b-b671-668a33020492', 1, 'zero');
INSERT INTO "vocabulary"."spelling" ("id", "vocabulary_id", "spelling_kind_code", "value") VALUES ('a757666c-9857-5976-b5e4-cc900d9fe321', '252852aa-aefd-504b-b671-668a33020492', 'KANJI', '零');
INSERT INTO "vocabulary"."spelling" ("id", "vocabulary_id", "spelling_kind_code", "value") VALUES ('eb30e610-1f96-5454-8e6c-fe7d422f8a81', '252852aa-aefd-504b-b671-668a33020492', 'HIRAGANA', 'れい');
INSERT INTO "vocabulary"."spelling" ("id", "vocabulary_id", "spelling_kind_code", "value") VALUES ('2c1e4740-dd0f-5628-aecd-a4b5224e5f11', '252852aa-aefd-504b-b671-668a33020492', 'KANJI', '零');
INSERT INTO "vocabulary"."linkages" ("vocabulary_id", "preferred_definition_id", "preferred_spelling_id", "phonetic_spelling_id", "alt_phonetic_spelling_id", "kanji_spelling_id") VALUES ('252852aa-aefd-504b-b671-668a33020492', 'c960851c-dc10-51ae-bd83-8f1578b39686', 'a757666c-9857-5976-b5e4-cc900d9fe321', 'eb30e610-1f96-5454-8e6c-fe7d422f8a81', NULL, '2c1e4740-dd0f-5628-aecd-a4b5224e5f11');
INSERT INTO "vocabulary"."reference" ("vocabulary_id", "lesson_code") VALUES ('252852aa-aefd-504b-b671-668a33020492', 'DUO_02_03');
-- 日本 | Japan --;
INSERT INTO "vocabulary"."vocabulary" ("id", "word_class_code", "conjugation_kind_code", "jlpt_level", "row_num", "tags", "date_added") VALUES ('cc6a4913-6f39-521b-a0cf-9631f640800e', 'PROPER_NOUN', NULL, NULL, 54, '{country,place}', '2022-04-24');
INSERT INTO "vocabulary"."definition" ("id", "vocabulary_id", "sort_rank", "value") VALUES ('c85faeda-d991-5afd-bf9c-d27c4a946dc3', 'cc6a4913-6f39-521b-a0cf-9631f640800e', 1, 'Japan');
INSERT INTO "vocabulary"."spelling" ("id", "vocabulary_id", "spelling_kind_code", "value") VALUES ('54117b1d-27b2-52fc-8e90-5059833e1338', 'cc6a4913-6f39-521b-a0cf-9631f640800e', 'KANJI', '日本');
INSERT INTO "vocabulary"."spelling" ("id", "vocabulary_id", "spelling_kind_code", "value") VALUES ('b93caac7-6efe-55a8-9253-2476c90453d5', 'cc6a4913-6f39-521b-a0cf-9631f640800e', 'HIRAGANA', 'にほん');
INSERT INTO "vocabulary"."spelling" ("id", "vocabulary_id", "spelling_kind_code", "value") VALUES ('2de9cb9c-5b60-5452-b189-b16a2cf8e26b', 'cc6a4913-6f39-521b-a0cf-9631f640800e', 'KANJI', '日本');
INSERT INTO "vocabulary"."linkages" ("vocabulary_id", "preferred_definition_id", "preferred_spelling_id", "phonetic_spelling_id", "alt_phonetic_spelling_id", "kanji_spelling_id") VALUES ('cc6a4913-6f39-521b-a0cf-9631f640800e', 'c85faeda-d991-5afd-bf9c-d27c4a946dc3', '54117b1d-27b2-52fc-8e90-5059833e1338', 'b93caac7-6efe-55a8-9253-2476c90453d5', NULL, '2de9cb9c-5b60-5452-b189-b16a2cf8e26b');
INSERT INTO "vocabulary"."reference" ("vocabulary_id", "lesson_code") VALUES ('cc6a4913-6f39-521b-a0cf-9631f640800e', 'GENKI3_L01');
-- アメリカ | America --;
INSERT INTO "vocabulary"."vocabulary" ("id", "word_class_code", "conjugation_kind_code", "jlpt_level", "row_num", "tags", "date_added") VALUES ('522e0796-297d-5bf2-be85-e93596baa6bf', 'PROPER_NOUN', NULL, NULL, 55, '{country,place}', '2022-04-24');
INSERT INTO "vocabulary"."definition" ("id", "vocabulary_id", "sort_rank", "value") VALUES ('149a6cc5-42eb-5f45-8476-5f8492afc341', '522e0796-297d-5bf2-be85-e93596baa6bf', 1, 'America');
INSERT INTO "vocabulary"."spelling" ("id", "vocabulary_id", "spelling_kind_code", "value") VALUES ('f891814e-6dac-545a-b7c2-1c46e48d8696', '522e0796-297d-5bf2-be85-e93596baa6bf', 'KATAKANA', 'アメリカ');
INSERT INTO "vocabulary"."spelling" ("id", "vocabulary_id", "spelling_kind_code", "value") VALUES ('5c3e1aa1-26f8-598e-b4e3-9dbb9938a84e', '522e0796-297d-5bf2-be85-e93596baa6bf', 'HIRAGANA', 'あめりか');
INSERT INTO "vocabulary"."linkages" ("vocabulary_id", "preferred_definition_id", "preferred_spelling_id", "phonetic_spelling_id", "alt_phonetic_spelling_id", "kanji_spelling_id") VALUES ('522e0796-297d-5bf2-be85-e93596baa6bf', '149a6cc5-42eb-5f45-8476-5f8492afc341', 'f891814e-6dac-545a-b7c2-1c46e48d8696', '5c3e1aa1-26f8-598e-b4e3-9dbb9938a84e', NULL, NULL);
INSERT INTO "vocabulary"."reference" ("vocabulary_id", "lesson_code") VALUES ('522e0796-297d-5bf2-be85-e93596baa6bf', 'GENKI3_L01');
-- 〜語 | ...language --;
INSERT INTO "vocabulary"."vocabulary" ("id", "word_class_code", "conjugation_kind_code", "jlpt_level", "row_num", "tags", "date_added") VALUES ('a420a37b-593e-572e-aae7-d724eca6803d', 'NOUN', NULL, NULL, 56, '{}', '2022-04-24');
INSERT INTO "vocabulary"."definition" ("id", "vocabulary_id", "sort_rank", "value") VALUES ('5ef0651b-575c-565a-a139-0aea90091172', 'a420a37b-593e-572e-aae7-d724eca6803d', 1, '...language');
INSERT INTO "vocabulary"."spelling" ("id", "vocabulary_id", "spelling_kind_code", "value") VALUES ('974f11b0-99a3-5cce-9391-7ed06bb1a6aa', 'a420a37b-593e-572e-aae7-d724eca6803d', 'KANJI', '〜語');
INSERT INTO "vocabulary"."spelling" ("id", "vocabulary_id", "spelling_kind_code", "value") VALUES ('a9decf66-fe8f-544b-bc84-62b0db0a1747', 'a420a37b-593e-572e-aae7-d724eca6803d', 'HIRAGANA', '〜ご');
INSERT INTO "vocabulary"."spelling" ("id", "vocabulary_id", "spelling_kind_code", "value") VALUES ('d1df585c-d44d-532e-8ffe-d5e32eb430f5', 'a420a37b-593e-572e-aae7-d724eca6803d', 'KANJI', '〜語');
INSERT INTO "vocabulary"."linkages" ("vocabulary_id", "preferred_definition_id", "preferred_spelling_id", "phonetic_spelling_id", "alt_phonetic_spelling_id", "kanji_spelling_id") VALUES ('a420a37b-593e-572e-aae7-d724eca6803d', '5ef0651b-575c-565a-a139-0aea90091172', '974f11b0-99a3-5cce-9391-7ed06bb1a6aa', 'a9decf66-fe8f-544b-bc84-62b0db0a1747', NULL, 'd1df585c-d44d-532e-8ffe-d5e32eb430f5');
INSERT INTO "vocabulary"."reference" ("vocabulary_id", "lesson_code") VALUES ('a420a37b-593e-572e-aae7-d724eca6803d', 'GENKI3_L01');
-- 〜歳 | ...years old --;
INSERT INTO "vocabulary"."vocabulary" ("id", "word_class_code", "conjugation_kind_code", "jlpt_level", "row_num", "tags", "date_added") VALUES ('c59169cb-e5ad-5311-a9ce-43764a5ddda6', 'NOUN', NULL, NULL, 57, '{}', '2022-04-24');
INSERT INTO "vocabulary"."definition" ("id", "vocabulary_id", "sort_rank", "value") VALUES ('3d5d0c1a-90a6-53cc-8a7d-05285a99bc7a', 'c59169cb-e5ad-5311-a9ce-43764a5ddda6', 1, '...years old');
INSERT INTO "vocabulary"."spelling" ("id", "vocabulary_id", "spelling_kind_code", "value") VALUES ('d26fc8f7-f1f5-5297-8283-494f044f7b4a', 'c59169cb-e5ad-5311-a9ce-43764a5ddda6', 'KANJI', '〜歳');
INSERT INTO "vocabulary"."spelling" ("id", "vocabulary_id", "spelling_kind_code", "value") VALUES ('4d4cc18a-83c6-5431-a2e9-85e054a09075', 'c59169cb-e5ad-5311-a9ce-43764a5ddda6', 'HIRAGANA', '〜さい');
INSERT INTO "vocabulary"."spelling" ("id", "vocabulary_id", "spelling_kind_code", "value") VALUES ('074fddbf-75a1-57d4-bd22-cfb53dff5434', 'c59169cb-e5ad-5311-a9ce-43764a5ddda6', 'KANJI', '〜歳');
INSERT INTO "vocabulary"."linkages" ("vocabulary_id", "preferred_definition_id", "preferred_spelling_id", "phonetic_spelling_id", "alt_phonetic_spelling_id", "kanji_spelling_id") VALUES ('c59169cb-e5ad-5311-a9ce-43764a5ddda6', '3d5d0c1a-90a6-53cc-8a7d-05285a99bc7a', 'd26fc8f7-f1f5-5297-8283-494f044f7b4a', '4d4cc18a-83c6-5431-a2e9-85e054a09075', NULL, '074fddbf-75a1-57d4-bd22-cfb53dff5434');
INSERT INTO "vocabulary"."reference" ("vocabulary_id", "lesson_code") VALUES ('c59169cb-e5ad-5311-a9ce-43764a5ddda6', 'GENKI3_L01');
-- 電話 | telephone --;
INSERT INTO "vocabulary"."vocabulary" ("id", "word_class_code", "conjugation_kind_code", "jlpt_level", "row_num", "tags", "date_added") VALUES ('1731f988-dcfb-5b31-bda9-c8988a5711bf', 'NOUN', NULL, NULL, 58, '{}', '2022-04-24');
INSERT INTO "vocabulary"."definition" ("id", "vocabulary_id", "sort_rank", "value") VALUES ('cd715817-45dc-5d6b-9f20-39f9fadb9e54', '1731f988-dcfb-5b31-bda9-c8988a5711bf', 1, 'telephone');
INSERT INTO "vocabulary"."spelling" ("id", "vocabulary_id", "spelling_kind_code", "value") VALUES ('d6538c52-0d3a-5c30-a5b3-483040ecb63b', '1731f988-dcfb-5b31-bda9-c8988a5711bf', 'KANJI', '電話');
INSERT INTO "vocabulary"."spelling" ("id", "vocabulary_id", "spelling_kind_code", "value") VALUES ('31e67484-420b-518f-93b6-db4e772e079c', '1731f988-dcfb-5b31-bda9-c8988a5711bf', 'HIRAGANA', 'でんわ');
INSERT INTO "vocabulary"."spelling" ("id", "vocabulary_id", "spelling_kind_code", "value") VALUES ('19861d2e-8761-53be-bb53-98a3e165a930', '1731f988-dcfb-5b31-bda9-c8988a5711bf', 'KANJI', '電話');
INSERT INTO "vocabulary"."linkages" ("vocabulary_id", "preferred_definition_id", "preferred_spelling_id", "phonetic_spelling_id", "alt_phonetic_spelling_id", "kanji_spelling_id") VALUES ('1731f988-dcfb-5b31-bda9-c8988a5711bf', 'cd715817-45dc-5d6b-9f20-39f9fadb9e54', 'd6538c52-0d3a-5c30-a5b3-483040ecb63b', '31e67484-420b-518f-93b6-db4e772e079c', NULL, '19861d2e-8761-53be-bb53-98a3e165a930');
INSERT INTO "vocabulary"."reference" ("vocabulary_id", "lesson_code") VALUES ('1731f988-dcfb-5b31-bda9-c8988a5711bf', 'GENKI3_L01');
-- 〜番 | number (in a series) --;
INSERT INTO "vocabulary"."vocabulary" ("id", "word_class_code", "conjugation_kind_code", "jlpt_level", "row_num", "tags", "date_added") VALUES ('f6524cfb-fa66-56ae-ae4c-0e38a8b6e54c', 'NOUN', NULL, NULL, 59, '{}', '2022-04-24');
INSERT INTO "vocabulary"."definition" ("id", "vocabulary_id", "sort_rank", "value") VALUES ('bee0793b-7db6-57c9-badd-8303793e42f6', 'f6524cfb-fa66-56ae-ae4c-0e38a8b6e54c', 1, 'number (in a series)');
INSERT INTO "vocabulary"."spelling" ("id", "vocabulary_id", "spelling_kind_code", "value") VALUES ('47e6e09a-2939-5548-9313-e62f55837936', 'f6524cfb-fa66-56ae-ae4c-0e38a8b6e54c', 'KANJI', '〜番');
INSERT INTO "vocabulary"."spelling" ("id", "vocabulary_id", "spelling_kind_code", "value") VALUES ('2d6b6ff2-bc19-55d3-a309-d0319bfa5b5c', 'f6524cfb-fa66-56ae-ae4c-0e38a8b6e54c', 'HIRAGANA', '〜ばん');
INSERT INTO "vocabulary"."spelling" ("id", "vocabulary_id", "spelling_kind_code", "value") VALUES ('0e85eaf8-0a33-5072-8b39-8d4d30a30e47', 'f6524cfb-fa66-56ae-ae4c-0e38a8b6e54c', 'KANJI', '〜番');
INSERT INTO "vocabulary"."linkages" ("vocabulary_id", "preferred_definition_id", "preferred_spelling_id", "phonetic_spelling_id", "alt_phonetic_spelling_id", "kanji_spelling_id") VALUES ('f6524cfb-fa66-56ae-ae4c-0e38a8b6e54c', 'bee0793b-7db6-57c9-badd-8303793e42f6', '47e6e09a-2939-5548-9313-e62f55837936', '2d6b6ff2-bc19-55d3-a309-d0319bfa5b5c', NULL, '0e85eaf8-0a33-5072-8b39-8d4d30a30e47');
INSERT INTO "vocabulary"."reference" ("vocabulary_id", "lesson_code") VALUES ('f6524cfb-fa66-56ae-ae4c-0e38a8b6e54c', 'GENKI3_L01');
-- 番号 | number --;
INSERT INTO "vocabulary"."vocabulary" ("id", "word_class_code", "conjugation_kind_code", "jlpt_level", "row_num", "tags", "date_added") VALUES ('d8f98686-282e-5c5f-88b2-4e046e707e54', 'NOUN', NULL, NULL, 60, '{}', '2022-04-24');
INSERT INTO "vocabulary"."definition" ("id", "vocabulary_id", "sort_rank", "value") VALUES ('6dab218a-ce20-5255-9937-b4d90b8af4a9', 'd8f98686-282e-5c5f-88b2-4e046e707e54', 1, 'number');
INSERT INTO "vocabulary"."spelling" ("id", "vocabulary_id", "spelling_kind_code", "value") VALUES ('aead9a27-1791-5cb5-8507-e801c2c9183e', 'd8f98686-282e-5c5f-88b2-4e046e707e54', 'KANJI', '番号');
INSERT INTO "vocabulary"."spelling" ("id", "vocabulary_id", "spelling_kind_code", "value") VALUES ('9f1829ad-0394-521c-92f9-203cb4e50d1d', 'd8f98686-282e-5c5f-88b2-4e046e707e54', 'HIRAGANA', 'ばんごう');
INSERT INTO "vocabulary"."spelling" ("id", "vocabulary_id", "spelling_kind_code", "value") VALUES ('4169e8ee-34aa-5fc8-8f0b-1637a25fbb39', 'd8f98686-282e-5c5f-88b2-4e046e707e54', 'KANJI', '番号');
INSERT INTO "vocabulary"."linkages" ("vocabulary_id", "preferred_definition_id", "preferred_spelling_id", "phonetic_spelling_id", "alt_phonetic_spelling_id", "kanji_spelling_id") VALUES ('d8f98686-282e-5c5f-88b2-4e046e707e54', '6dab218a-ce20-5255-9937-b4d90b8af4a9', 'aead9a27-1791-5cb5-8507-e801c2c9183e', '9f1829ad-0394-521c-92f9-203cb4e50d1d', NULL, '4169e8ee-34aa-5fc8-8f0b-1637a25fbb39');
INSERT INTO "vocabulary"."reference" ("vocabulary_id", "lesson_code") VALUES ('d8f98686-282e-5c5f-88b2-4e046e707e54', 'GENKI3_L01');
-- 名前 | name --;
INSERT INTO "vocabulary"."vocabulary" ("id", "word_class_code", "conjugation_kind_code", "jlpt_level", "row_num", "tags", "date_added") VALUES ('728f5a87-3848-5450-a941-f9cd0f898067', 'NOUN', NULL, NULL, 61, '{}', '2022-04-24');
INSERT INTO "vocabulary"."definition" ("id", "vocabulary_id", "sort_rank", "value") VALUES ('ac8be3bc-0d6c-5a26-91bf-2f1469b8cbab', '728f5a87-3848-5450-a941-f9cd0f898067', 1, 'name');
INSERT INTO "vocabulary"."spelling" ("id", "vocabulary_id", "spelling_kind_code", "value") VALUES ('0ba2fb79-dc7e-5b1c-840c-887c15f6fa2c', '728f5a87-3848-5450-a941-f9cd0f898067', 'KANJI', '名前');
INSERT INTO "vocabulary"."spelling" ("id", "vocabulary_id", "spelling_kind_code", "value") VALUES ('46ef4882-abf7-5c39-ab39-ea655db75cd0', '728f5a87-3848-5450-a941-f9cd0f898067', 'HIRAGANA', 'なまえ');
INSERT INTO "vocabulary"."spelling" ("id", "vocabulary_id", "spelling_kind_code", "value") VALUES ('959e4884-d3a3-5d17-83a9-26d57e053ff2', '728f5a87-3848-5450-a941-f9cd0f898067', 'KANJI', '名前');
INSERT INTO "vocabulary"."linkages" ("vocabulary_id", "preferred_definition_id", "preferred_spelling_id", "phonetic_spelling_id", "alt_phonetic_spelling_id", "kanji_spelling_id") VALUES ('728f5a87-3848-5450-a941-f9cd0f898067', 'ac8be3bc-0d6c-5a26-91bf-2f1469b8cbab', '0ba2fb79-dc7e-5b1c-840c-887c15f6fa2c', '46ef4882-abf7-5c39-ab39-ea655db75cd0', NULL, '959e4884-d3a3-5d17-83a9-26d57e053ff2');
INSERT INTO "vocabulary"."reference" ("vocabulary_id", "lesson_code") VALUES ('728f5a87-3848-5450-a941-f9cd0f898067', 'GENKI3_L01');
-- 何 | what --;
INSERT INTO "vocabulary"."vocabulary" ("id", "word_class_code", "conjugation_kind_code", "jlpt_level", "row_num", "tags", "date_added") VALUES ('507092ff-6dc3-5749-a9c3-79ba8d2bc360', 'INTERJECTION', NULL, NULL, 62, '{}', '2022-04-24');
INSERT INTO "vocabulary"."definition" ("id", "vocabulary_id", "sort_rank", "value") VALUES ('54a39872-8f7b-5f2c-aa21-c43e5d64ad17', '507092ff-6dc3-5749-a9c3-79ba8d2bc360', 1, 'what');
INSERT INTO "vocabulary"."spelling" ("id", "vocabulary_id", "spelling_kind_code", "value") VALUES ('9cc27352-c54d-5ab0-a777-bac3cd6522f3', '507092ff-6dc3-5749-a9c3-79ba8d2bc360', 'KANJI', '何');
INSERT INTO "vocabulary"."spelling" ("id", "vocabulary_id", "spelling_kind_code", "value") VALUES ('db5f330d-315c-5fc0-853d-da872e527155', '507092ff-6dc3-5749-a9c3-79ba8d2bc360', 'HIRAGANA', 'なに');
INSERT INTO "vocabulary"."spelling" ("id", "vocabulary_id", "spelling_kind_code", "value") VALUES ('2f0fd17f-ad68-5b75-a265-c0715f151b5d', '507092ff-6dc3-5749-a9c3-79ba8d2bc360', 'HIRAGANA', 'なん');
INSERT INTO "vocabulary"."spelling" ("id", "vocabulary_id", "spelling_kind_code", "value") VALUES ('e56e551a-ae26-5a89-9504-4032dbd2de79', '507092ff-6dc3-5749-a9c3-79ba8d2bc360', 'KANJI', '何');
INSERT INTO "vocabulary"."linkages" ("vocabulary_id", "preferred_definition_id", "preferred_spelling_id", "phonetic_spelling_id", "alt_phonetic_spelling_id", "kanji_spelling_id") VALUES ('507092ff-6dc3-5749-a9c3-79ba8d2bc360', '54a39872-8f7b-5f2c-aa21-c43e5d64ad17', '9cc27352-c54d-5ab0-a777-bac3cd6522f3', 'db5f330d-315c-5fc0-853d-da872e527155', '2f0fd17f-ad68-5b75-a265-c0715f151b5d', 'e56e551a-ae26-5a89-9504-4032dbd2de79');
INSERT INTO "vocabulary"."reference" ("vocabulary_id", "lesson_code") VALUES ('507092ff-6dc3-5749-a9c3-79ba8d2bc360', 'GENKI3_L01');
-- あのう | um... --;
INSERT INTO "vocabulary"."vocabulary" ("id", "word_class_code", "conjugation_kind_code", "jlpt_level", "row_num", "tags", "date_added") VALUES ('84e857b9-5605-51fb-bfb3-8cc08eb579d3', 'EXPRESSION', NULL, NULL, 63, '{}', '2022-04-24');
INSERT INTO "vocabulary"."definition" ("id", "vocabulary_id", "sort_rank", "value") VALUES ('950bac62-c8bb-5e9e-b255-38106d4f257a', '84e857b9-5605-51fb-bfb3-8cc08eb579d3', 1, 'um...');
INSERT INTO "vocabulary"."spelling" ("id", "vocabulary_id", "spelling_kind_code", "value") VALUES ('75603bd5-e239-536f-9057-93e3a983473b', '84e857b9-5605-51fb-bfb3-8cc08eb579d3', 'HIRAGANA', 'あのう');
INSERT INTO "vocabulary"."spelling" ("id", "vocabulary_id", "spelling_kind_code", "value") VALUES ('8eb32dc6-3ef2-5f70-8513-b70c886b0a0b', '84e857b9-5605-51fb-bfb3-8cc08eb579d3', 'HIRAGANA', 'あのう');
INSERT INTO "vocabulary"."linkages" ("vocabulary_id", "preferred_definition_id", "preferred_spelling_id", "phonetic_spelling_id", "alt_phonetic_spelling_id", "kanji_spelling_id") VALUES ('84e857b9-5605-51fb-bfb3-8cc08eb579d3', '950bac62-c8bb-5e9e-b255-38106d4f257a', '75603bd5-e239-536f-9057-93e3a983473b', '8eb32dc6-3ef2-5f70-8513-b70c886b0a0b', NULL, NULL);
INSERT INTO "vocabulary"."reference" ("vocabulary_id", "lesson_code") VALUES ('84e857b9-5605-51fb-bfb3-8cc08eb579d3', 'GENKI3_L01');
-- はい | yes --;
INSERT INTO "vocabulary"."vocabulary" ("id", "word_class_code", "conjugation_kind_code", "jlpt_level", "row_num", "tags", "date_added") VALUES ('dde2be42-c934-53fc-9dc6-3ce12b727924', 'INTERJECTION', NULL, NULL, 64, '{}', '2022-04-24');
INSERT INTO "vocabulary"."definition" ("id", "vocabulary_id", "sort_rank", "value") VALUES ('295addc7-c68d-555e-9377-27b6eafd7129', 'dde2be42-c934-53fc-9dc6-3ce12b727924', 1, 'yes');
INSERT INTO "vocabulary"."spelling" ("id", "vocabulary_id", "spelling_kind_code", "value") VALUES ('47c46da2-8df0-516a-980a-5047552faeff', 'dde2be42-c934-53fc-9dc6-3ce12b727924', 'HIRAGANA', 'はい');
INSERT INTO "vocabulary"."spelling" ("id", "vocabulary_id", "spelling_kind_code", "value") VALUES ('011863f2-ddc7-52c6-9550-2a920447c59d', 'dde2be42-c934-53fc-9dc6-3ce12b727924', 'HIRAGANA', 'はい');
INSERT INTO "vocabulary"."linkages" ("vocabulary_id", "preferred_definition_id", "preferred_spelling_id", "phonetic_spelling_id", "alt_phonetic_spelling_id", "kanji_spelling_id") VALUES ('dde2be42-c934-53fc-9dc6-3ce12b727924', '295addc7-c68d-555e-9377-27b6eafd7129', '47c46da2-8df0-516a-980a-5047552faeff', '011863f2-ddc7-52c6-9550-2a920447c59d', NULL, NULL);
INSERT INTO "vocabulary"."reference" ("vocabulary_id", "lesson_code") VALUES ('dde2be42-c934-53fc-9dc6-3ce12b727924', 'GENKI3_L01');
-- いいえ | no --;
INSERT INTO "vocabulary"."vocabulary" ("id", "word_class_code", "conjugation_kind_code", "jlpt_level", "row_num", "tags", "date_added") VALUES ('0428342a-6b57-5e6f-b1c6-4aa6ccfdb267', 'INTERJECTION', NULL, NULL, 65, '{}', '2022-04-24');
INSERT INTO "vocabulary"."definition" ("id", "vocabulary_id", "sort_rank", "value") VALUES ('c7e79a47-4757-562f-ac27-bbec5c052b16', '0428342a-6b57-5e6f-b1c6-4aa6ccfdb267', 1, 'no');
INSERT INTO "vocabulary"."spelling" ("id", "vocabulary_id", "spelling_kind_code", "value") VALUES ('2bacff3a-72c9-55c8-8af9-e885a4c350ff', '0428342a-6b57-5e6f-b1c6-4aa6ccfdb267', 'HIRAGANA', 'いいえ');
INSERT INTO "vocabulary"."spelling" ("id", "vocabulary_id", "spelling_kind_code", "value") VALUES ('73e82014-f7ee-5ca9-9ba7-48c8d9a53162', '0428342a-6b57-5e6f-b1c6-4aa6ccfdb267', 'HIRAGANA', 'いいえ');
INSERT INTO "vocabulary"."linkages" ("vocabulary_id", "preferred_definition_id", "preferred_spelling_id", "phonetic_spelling_id", "alt_phonetic_spelling_id", "kanji_spelling_id") VALUES ('0428342a-6b57-5e6f-b1c6-4aa6ccfdb267', 'c7e79a47-4757-562f-ac27-bbec5c052b16', '2bacff3a-72c9-55c8-8af9-e885a4c350ff', '73e82014-f7ee-5ca9-9ba7-48c8d9a53162', NULL, NULL);
INSERT INTO "vocabulary"."reference" ("vocabulary_id", "lesson_code") VALUES ('0428342a-6b57-5e6f-b1c6-4aa6ccfdb267', 'GENKI3_L01');
-- そうです | that is so;  that is right --;
INSERT INTO "vocabulary"."vocabulary" ("id", "word_class_code", "conjugation_kind_code", "jlpt_level", "row_num", "tags", "date_added") VALUES ('a48cfff2-551b-5525-bf29-f706571e7e15', 'EXPRESSION', NULL, NULL, 66, '{}', '2022-04-24');
INSERT INTO "vocabulary"."definition" ("id", "vocabulary_id", "sort_rank", "value") VALUES ('6a388f8c-1f45-5c6a-8a1b-de76c75ff525', 'a48cfff2-551b-5525-bf29-f706571e7e15', 1, 'that is so;  that is right');
INSERT INTO "vocabulary"."spelling" ("id", "vocabulary_id", "spelling_kind_code", "value") VALUES ('4ffe6f85-1348-5fd7-a531-056164f5f978', 'a48cfff2-551b-5525-bf29-f706571e7e15', 'HIRAGANA', 'そうです');
INSERT INTO "vocabulary"."spelling" ("id", "vocabulary_id", "spelling_kind_code", "value") VALUES ('00f1b374-70d7-5948-9f89-f5d7f6a35b02', 'a48cfff2-551b-5525-bf29-f706571e7e15', 'HIRAGANA', 'そうです');
INSERT INTO "vocabulary"."linkages" ("vocabulary_id", "preferred_definition_id", "preferred_spelling_id", "phonetic_spelling_id", "alt_phonetic_spelling_id", "kanji_spelling_id") VALUES ('a48cfff2-551b-5525-bf29-f706571e7e15', '6a388f8c-1f45-5c6a-8a1b-de76c75ff525', '4ffe6f85-1348-5fd7-a531-056164f5f978', '00f1b374-70d7-5948-9f89-f5d7f6a35b02', NULL, NULL);
INSERT INTO "vocabulary"."reference" ("vocabulary_id", "lesson_code") VALUES ('a48cfff2-551b-5525-bf29-f706571e7e15', 'GENKI3_L01');
-- そうですか | i see; is that so? --;
INSERT INTO "vocabulary"."vocabulary" ("id", "word_class_code", "conjugation_kind_code", "jlpt_level", "row_num", "tags", "date_added") VALUES ('311cf3c0-5798-551b-a933-eb33c4ce7843', 'EXPRESSION', NULL, NULL, 67, '{}', '2022-04-24');
INSERT INTO "vocabulary"."definition" ("id", "vocabulary_id", "sort_rank", "value") VALUES ('a76fda11-4a20-5f2d-979f-6fdf4fb122a5', '311cf3c0-5798-551b-a933-eb33c4ce7843', 1, 'i see; is that so?');
INSERT INTO "vocabulary"."spelling" ("id", "vocabulary_id", "spelling_kind_code", "value") VALUES ('523c1c1e-8589-50f9-9cbe-6252ea640bec', '311cf3c0-5798-551b-a933-eb33c4ce7843', 'HIRAGANA', 'そうですか');
INSERT INTO "vocabulary"."spelling" ("id", "vocabulary_id", "spelling_kind_code", "value") VALUES ('4171058e-6be8-5468-ab39-4ac0aa1d66b4', '311cf3c0-5798-551b-a933-eb33c4ce7843', 'HIRAGANA', 'そうですか');
INSERT INTO "vocabulary"."linkages" ("vocabulary_id", "preferred_definition_id", "preferred_spelling_id", "phonetic_spelling_id", "alt_phonetic_spelling_id", "kanji_spelling_id") VALUES ('311cf3c0-5798-551b-a933-eb33c4ce7843', 'a76fda11-4a20-5f2d-979f-6fdf4fb122a5', '523c1c1e-8589-50f9-9cbe-6252ea640bec', '4171058e-6be8-5468-ab39-4ac0aa1d66b4', NULL, NULL);
INSERT INTO "vocabulary"."reference" ("vocabulary_id", "lesson_code") VALUES ('311cf3c0-5798-551b-a933-eb33c4ce7843', 'GENKI3_L01');
-- イギリス | England --;
INSERT INTO "vocabulary"."vocabulary" ("id", "word_class_code", "conjugation_kind_code", "jlpt_level", "row_num", "tags", "date_added") VALUES ('40483fe8-7fda-56b7-b28b-eedb9da50a52', 'PROPER_NOUN', NULL, NULL, 68, '{country,place}', '2022-04-24');
INSERT INTO "vocabulary"."definition" ("id", "vocabulary_id", "sort_rank", "value") VALUES ('9753f68b-39af-540a-8349-4f07d6af100f', '40483fe8-7fda-56b7-b28b-eedb9da50a52', 1, 'England');
INSERT INTO "vocabulary"."spelling" ("id", "vocabulary_id", "spelling_kind_code", "value") VALUES ('25499d5d-a5e7-5169-92a9-97de3b3c5497', '40483fe8-7fda-56b7-b28b-eedb9da50a52', 'KATAKANA', 'イギリス');
INSERT INTO "vocabulary"."spelling" ("id", "vocabulary_id", "spelling_kind_code", "value") VALUES ('8ec8aa3a-4672-5db1-8c2f-da9d4ede0e06', '40483fe8-7fda-56b7-b28b-eedb9da50a52', 'HIRAGANA', 'いぎりす');
INSERT INTO "vocabulary"."linkages" ("vocabulary_id", "preferred_definition_id", "preferred_spelling_id", "phonetic_spelling_id", "alt_phonetic_spelling_id", "kanji_spelling_id") VALUES ('40483fe8-7fda-56b7-b28b-eedb9da50a52', '9753f68b-39af-540a-8349-4f07d6af100f', '25499d5d-a5e7-5169-92a9-97de3b3c5497', '8ec8aa3a-4672-5db1-8c2f-da9d4ede0e06', NULL, NULL);
INSERT INTO "vocabulary"."reference" ("vocabulary_id", "lesson_code") VALUES ('40483fe8-7fda-56b7-b28b-eedb9da50a52', 'GENKI3_L01');
-- オーストラリア | Australia --;
INSERT INTO "vocabulary"."vocabulary" ("id", "word_class_code", "conjugation_kind_code", "jlpt_level", "row_num", "tags", "date_added") VALUES ('2a0ff39c-471b-56d1-a2b2-39f20596f70c', 'PROPER_NOUN', NULL, NULL, 69, '{country,place}', '2022-04-24');
INSERT INTO "vocabulary"."definition" ("id", "vocabulary_id", "sort_rank", "value") VALUES ('1874e0ce-5b59-5614-9902-5a8fb5f1b21f', '2a0ff39c-471b-56d1-a2b2-39f20596f70c', 1, 'Australia');
INSERT INTO "vocabulary"."spelling" ("id", "vocabulary_id", "spelling_kind_code", "value") VALUES ('3cbe3a8c-061b-5830-9205-5252b909d606', '2a0ff39c-471b-56d1-a2b2-39f20596f70c', 'KATAKANA', 'オーストラリア');
INSERT INTO "vocabulary"."spelling" ("id", "vocabulary_id", "spelling_kind_code", "value") VALUES ('f5c0dde9-4a3c-5aa5-b80b-df6fc3e12bd7', '2a0ff39c-471b-56d1-a2b2-39f20596f70c', 'HIRAGANA', 'おおすとらりあ');
INSERT INTO "vocabulary"."linkages" ("vocabulary_id", "preferred_definition_id", "preferred_spelling_id", "phonetic_spelling_id", "alt_phonetic_spelling_id", "kanji_spelling_id") VALUES ('2a0ff39c-471b-56d1-a2b2-39f20596f70c', '1874e0ce-5b59-5614-9902-5a8fb5f1b21f', '3cbe3a8c-061b-5830-9205-5252b909d606', 'f5c0dde9-4a3c-5aa5-b80b-df6fc3e12bd7', NULL, NULL);
INSERT INTO "vocabulary"."reference" ("vocabulary_id", "lesson_code") VALUES ('2a0ff39c-471b-56d1-a2b2-39f20596f70c', 'GENKI3_L01');
-- 韓国 | Korea --;
INSERT INTO "vocabulary"."vocabulary" ("id", "word_class_code", "conjugation_kind_code", "jlpt_level", "row_num", "tags", "date_added") VALUES ('5cb08712-5c04-56f0-aaf6-a8e76a1e0ef4', 'PROPER_NOUN', NULL, NULL, 70, '{country,place}', '2022-04-24');
INSERT INTO "vocabulary"."definition" ("id", "vocabulary_id", "sort_rank", "value") VALUES ('aba91b69-8529-5743-b927-7b70cfffed1d', '5cb08712-5c04-56f0-aaf6-a8e76a1e0ef4', 1, 'Korea');
INSERT INTO "vocabulary"."spelling" ("id", "vocabulary_id", "spelling_kind_code", "value") VALUES ('0d209186-687a-53f4-b680-7e94f49d0c14', '5cb08712-5c04-56f0-aaf6-a8e76a1e0ef4', 'KANJI', '韓国');
INSERT INTO "vocabulary"."spelling" ("id", "vocabulary_id", "spelling_kind_code", "value") VALUES ('68781a84-ebcd-5b64-9e61-de17df09a581', '5cb08712-5c04-56f0-aaf6-a8e76a1e0ef4', 'HIRAGANA', 'かんこく');
INSERT INTO "vocabulary"."spelling" ("id", "vocabulary_id", "spelling_kind_code", "value") VALUES ('74e9426e-0d2f-5f8e-a23a-b193ddd8d3b8', '5cb08712-5c04-56f0-aaf6-a8e76a1e0ef4', 'KANJI', '韓国');
INSERT INTO "vocabulary"."linkages" ("vocabulary_id", "preferred_definition_id", "preferred_spelling_id", "phonetic_spelling_id", "alt_phonetic_spelling_id", "kanji_spelling_id") VALUES ('5cb08712-5c04-56f0-aaf6-a8e76a1e0ef4', 'aba91b69-8529-5743-b927-7b70cfffed1d', '0d209186-687a-53f4-b680-7e94f49d0c14', '68781a84-ebcd-5b64-9e61-de17df09a581', NULL, '74e9426e-0d2f-5f8e-a23a-b193ddd8d3b8');
INSERT INTO "vocabulary"."reference" ("vocabulary_id", "lesson_code") VALUES ('5cb08712-5c04-56f0-aaf6-a8e76a1e0ef4', 'GENKI3_L01');
-- カナダ | Canada --;
INSERT INTO "vocabulary"."vocabulary" ("id", "word_class_code", "conjugation_kind_code", "jlpt_level", "row_num", "tags", "date_added") VALUES ('b4a146e5-f483-50d5-8b18-ca71fdb3f570', 'PROPER_NOUN', NULL, NULL, 71, '{country,place}', '2022-04-24');
INSERT INTO "vocabulary"."definition" ("id", "vocabulary_id", "sort_rank", "value") VALUES ('af20be0e-b7a5-5349-b6be-aaa087cbad8c', 'b4a146e5-f483-50d5-8b18-ca71fdb3f570', 1, 'Canada');
INSERT INTO "vocabulary"."spelling" ("id", "vocabulary_id", "spelling_kind_code", "value") VALUES ('994abb37-c317-5cb3-84f3-b787f9f1298d', 'b4a146e5-f483-50d5-8b18-ca71fdb3f570', 'KATAKANA', 'カナダ');
INSERT INTO "vocabulary"."spelling" ("id", "vocabulary_id", "spelling_kind_code", "value") VALUES ('841ecbbf-b990-5117-a268-8a73d58fe8b8', 'b4a146e5-f483-50d5-8b18-ca71fdb3f570', 'HIRAGANA', 'かなだ');
INSERT INTO "vocabulary"."linkages" ("vocabulary_id", "preferred_definition_id", "preferred_spelling_id", "phonetic_spelling_id", "alt_phonetic_spelling_id", "kanji_spelling_id") VALUES ('b4a146e5-f483-50d5-8b18-ca71fdb3f570', 'af20be0e-b7a5-5349-b6be-aaa087cbad8c', '994abb37-c317-5cb3-84f3-b787f9f1298d', '841ecbbf-b990-5117-a268-8a73d58fe8b8', NULL, NULL);
INSERT INTO "vocabulary"."reference" ("vocabulary_id", "lesson_code") VALUES ('b4a146e5-f483-50d5-8b18-ca71fdb3f570', 'GENKI3_L01');
-- 中国 | China --;
INSERT INTO "vocabulary"."vocabulary" ("id", "word_class_code", "conjugation_kind_code", "jlpt_level", "row_num", "tags", "date_added") VALUES ('54ca6cf2-c9f0-5a77-b53c-8e4a2fbe76ac', 'PROPER_NOUN', NULL, NULL, 72, '{country,place}', '2022-04-24');
INSERT INTO "vocabulary"."definition" ("id", "vocabulary_id", "sort_rank", "value") VALUES ('94a1c2bc-98b2-5303-b1f0-36b67a35753a', '54ca6cf2-c9f0-5a77-b53c-8e4a2fbe76ac', 1, 'China');
INSERT INTO "vocabulary"."spelling" ("id", "vocabulary_id", "spelling_kind_code", "value") VALUES ('ba00ed73-31ad-56cc-bbf0-780a378e6b19', '54ca6cf2-c9f0-5a77-b53c-8e4a2fbe76ac', 'KANJI', '中国');
INSERT INTO "vocabulary"."spelling" ("id", "vocabulary_id", "spelling_kind_code", "value") VALUES ('d90e3bac-b74d-507c-b895-aca83e1109f4', '54ca6cf2-c9f0-5a77-b53c-8e4a2fbe76ac', 'HIRAGANA', 'ちゅうごく');
INSERT INTO "vocabulary"."spelling" ("id", "vocabulary_id", "spelling_kind_code", "value") VALUES ('fa956f59-e0c9-522b-b300-22bfb5c30422', '54ca6cf2-c9f0-5a77-b53c-8e4a2fbe76ac', 'KANJI', '中国');
INSERT INTO "vocabulary"."linkages" ("vocabulary_id", "preferred_definition_id", "preferred_spelling_id", "phonetic_spelling_id", "alt_phonetic_spelling_id", "kanji_spelling_id") VALUES ('54ca6cf2-c9f0-5a77-b53c-8e4a2fbe76ac', '94a1c2bc-98b2-5303-b1f0-36b67a35753a', 'ba00ed73-31ad-56cc-bbf0-780a378e6b19', 'd90e3bac-b74d-507c-b895-aca83e1109f4', NULL, 'fa956f59-e0c9-522b-b300-22bfb5c30422');
INSERT INTO "vocabulary"."reference" ("vocabulary_id", "lesson_code") VALUES ('54ca6cf2-c9f0-5a77-b53c-8e4a2fbe76ac', 'GENKI3_L01');
-- インド | India --;
INSERT INTO "vocabulary"."vocabulary" ("id", "word_class_code", "conjugation_kind_code", "jlpt_level", "row_num", "tags", "date_added") VALUES ('f3f3ba33-de3b-5fa1-9b99-eee62ae2e024', 'PROPER_NOUN', NULL, NULL, 73, '{country,place}', '2022-04-24');
INSERT INTO "vocabulary"."definition" ("id", "vocabulary_id", "sort_rank", "value") VALUES ('428c46fc-9f6f-5a0c-a503-d45c9ad6e920', 'f3f3ba33-de3b-5fa1-9b99-eee62ae2e024', 1, 'India');
INSERT INTO "vocabulary"."spelling" ("id", "vocabulary_id", "spelling_kind_code", "value") VALUES ('3739a530-d89b-52c3-869f-6fe5bfe077b6', 'f3f3ba33-de3b-5fa1-9b99-eee62ae2e024', 'KATAKANA', 'インド');
INSERT INTO "vocabulary"."spelling" ("id", "vocabulary_id", "spelling_kind_code", "value") VALUES ('cf70aaff-3c10-5207-9f4a-1af1791c8ceb', 'f3f3ba33-de3b-5fa1-9b99-eee62ae2e024', 'HIRAGANA', 'いんど');
INSERT INTO "vocabulary"."linkages" ("vocabulary_id", "preferred_definition_id", "preferred_spelling_id", "phonetic_spelling_id", "alt_phonetic_spelling_id", "kanji_spelling_id") VALUES ('f3f3ba33-de3b-5fa1-9b99-eee62ae2e024', '428c46fc-9f6f-5a0c-a503-d45c9ad6e920', '3739a530-d89b-52c3-869f-6fe5bfe077b6', 'cf70aaff-3c10-5207-9f4a-1af1791c8ceb', NULL, NULL);
INSERT INTO "vocabulary"."reference" ("vocabulary_id", "lesson_code") VALUES ('f3f3ba33-de3b-5fa1-9b99-eee62ae2e024', 'GENKI3_L01');
-- エジプト | Egypt --;
INSERT INTO "vocabulary"."vocabulary" ("id", "word_class_code", "conjugation_kind_code", "jlpt_level", "row_num", "tags", "date_added") VALUES ('eb20360e-5c1a-58b8-9bf8-040795c5bf0a', 'PROPER_NOUN', NULL, NULL, 74, '{country,place}', '2022-04-24');
INSERT INTO "vocabulary"."definition" ("id", "vocabulary_id", "sort_rank", "value") VALUES ('a39bde07-4fbf-5347-ac00-7f7375c46ada', 'eb20360e-5c1a-58b8-9bf8-040795c5bf0a', 1, 'Egypt');
INSERT INTO "vocabulary"."spelling" ("id", "vocabulary_id", "spelling_kind_code", "value") VALUES ('adeb661d-4980-5d5e-8aaa-4ec4ba02f175', 'eb20360e-5c1a-58b8-9bf8-040795c5bf0a', 'KATAKANA', 'エジプト');
INSERT INTO "vocabulary"."spelling" ("id", "vocabulary_id", "spelling_kind_code", "value") VALUES ('1c9376e4-091f-5bc5-8b92-eb594b97d7f6', 'eb20360e-5c1a-58b8-9bf8-040795c5bf0a', 'HIRAGANA', 'いじぷと');
INSERT INTO "vocabulary"."linkages" ("vocabulary_id", "preferred_definition_id", "preferred_spelling_id", "phonetic_spelling_id", "alt_phonetic_spelling_id", "kanji_spelling_id") VALUES ('eb20360e-5c1a-58b8-9bf8-040795c5bf0a', 'a39bde07-4fbf-5347-ac00-7f7375c46ada', 'adeb661d-4980-5d5e-8aaa-4ec4ba02f175', '1c9376e4-091f-5bc5-8b92-eb594b97d7f6', NULL, NULL);
INSERT INTO "vocabulary"."reference" ("vocabulary_id", "lesson_code") VALUES ('eb20360e-5c1a-58b8-9bf8-040795c5bf0a', 'GENKI3_L01');
-- フィリビン | Philipines --;
INSERT INTO "vocabulary"."vocabulary" ("id", "word_class_code", "conjugation_kind_code", "jlpt_level", "row_num", "tags", "date_added") VALUES ('ae144a7c-293f-5f24-81ee-37d5594d6aed', 'PROPER_NOUN', NULL, NULL, 75, '{country,place}', '2022-04-24');
INSERT INTO "vocabulary"."definition" ("id", "vocabulary_id", "sort_rank", "value") VALUES ('cb4f98ff-d415-54de-9362-68569dcf51bf', 'ae144a7c-293f-5f24-81ee-37d5594d6aed', 1, 'Philipines');
INSERT INTO "vocabulary"."spelling" ("id", "vocabulary_id", "spelling_kind_code", "value") VALUES ('b27800b0-0839-5869-bfed-de5297a5aa5b', 'ae144a7c-293f-5f24-81ee-37d5594d6aed', 'KATAKANA', 'フィリビン');
INSERT INTO "vocabulary"."spelling" ("id", "vocabulary_id", "spelling_kind_code", "value") VALUES ('098b1a75-76d5-5f23-94ab-4846f875e2ec', 'ae144a7c-293f-5f24-81ee-37d5594d6aed', 'HIRAGANA', 'ふぃりぴん');
INSERT INTO "vocabulary"."linkages" ("vocabulary_id", "preferred_definition_id", "preferred_spelling_id", "phonetic_spelling_id", "alt_phonetic_spelling_id", "kanji_spelling_id") VALUES ('ae144a7c-293f-5f24-81ee-37d5594d6aed', 'cb4f98ff-d415-54de-9362-68569dcf51bf', 'b27800b0-0839-5869-bfed-de5297a5aa5b', '098b1a75-76d5-5f23-94ab-4846f875e2ec', NULL, NULL);
INSERT INTO "vocabulary"."reference" ("vocabulary_id", "lesson_code") VALUES ('ae144a7c-293f-5f24-81ee-37d5594d6aed', 'GENKI3_L01');
-- アジア研究 | Asian Studies --;
INSERT INTO "vocabulary"."vocabulary" ("id", "word_class_code", "conjugation_kind_code", "jlpt_level", "row_num", "tags", "date_added") VALUES ('abd1e50d-f284-5a21-831f-344cb338414e', 'NOUN', NULL, NULL, 76, '{school_major}', '2022-04-24');
INSERT INTO "vocabulary"."definition" ("id", "vocabulary_id", "sort_rank", "value") VALUES ('b5150a99-74c6-5b40-b7d1-66d7047ca489', 'abd1e50d-f284-5a21-831f-344cb338414e', 1, 'Asian Studies');
INSERT INTO "vocabulary"."spelling" ("id", "vocabulary_id", "spelling_kind_code", "value") VALUES ('8f608b15-c20c-5192-aca5-0be6386a7c1d', 'abd1e50d-f284-5a21-831f-344cb338414e', 'KANJI', 'アジア研究');
INSERT INTO "vocabulary"."spelling" ("id", "vocabulary_id", "spelling_kind_code", "value") VALUES ('2c675fce-b709-5dbb-ae30-c2e108098cd4', 'abd1e50d-f284-5a21-831f-344cb338414e', 'HIRAGANA', 'あじあけんきゅう');
INSERT INTO "vocabulary"."spelling" ("id", "vocabulary_id", "spelling_kind_code", "value") VALUES ('3df3c41a-4fff-5f15-ae6f-101d9ae9344d', 'abd1e50d-f284-5a21-831f-344cb338414e', 'KANJI', 'アジア研究');
INSERT INTO "vocabulary"."linkages" ("vocabulary_id", "preferred_definition_id", "preferred_spelling_id", "phonetic_spelling_id", "alt_phonetic_spelling_id", "kanji_spelling_id") VALUES ('abd1e50d-f284-5a21-831f-344cb338414e', 'b5150a99-74c6-5b40-b7d1-66d7047ca489', '8f608b15-c20c-5192-aca5-0be6386a7c1d', '2c675fce-b709-5dbb-ae30-c2e108098cd4', NULL, '3df3c41a-4fff-5f15-ae6f-101d9ae9344d');
INSERT INTO "vocabulary"."reference" ("vocabulary_id", "lesson_code") VALUES ('abd1e50d-f284-5a21-831f-344cb338414e', 'GENKI3_L01');
-- 経済 | economics --;
INSERT INTO "vocabulary"."vocabulary" ("id", "word_class_code", "conjugation_kind_code", "jlpt_level", "row_num", "tags", "date_added") VALUES ('13912d04-d947-5c72-a192-740c19a28c86', 'NOUN', NULL, NULL, 77, '{school_major}', '2022-04-24');
INSERT INTO "vocabulary"."definition" ("id", "vocabulary_id", "sort_rank", "value") VALUES ('859c4da1-1949-5c28-86a5-c32b6e0dc279', '13912d04-d947-5c72-a192-740c19a28c86', 1, 'economics');
INSERT INTO "vocabulary"."spelling" ("id", "vocabulary_id", "spelling_kind_code", "value") VALUES ('a2495f76-fd62-5bd3-8e90-97611206f2cb', '13912d04-d947-5c72-a192-740c19a28c86', 'KANJI', '経済');
INSERT INTO "vocabulary"."spelling" ("id", "vocabulary_id", "spelling_kind_code", "value") VALUES ('2b28ace1-e773-57fb-a16c-0df53eb6afa3', '13912d04-d947-5c72-a192-740c19a28c86', 'HIRAGANA', 'けいざい');
INSERT INTO "vocabulary"."spelling" ("id", "vocabulary_id", "spelling_kind_code", "value") VALUES ('e40d4dd1-aae5-55bf-aff2-d4eaec4b1424', '13912d04-d947-5c72-a192-740c19a28c86', 'KANJI', '経済');
INSERT INTO "vocabulary"."linkages" ("vocabulary_id", "preferred_definition_id", "preferred_spelling_id", "phonetic_spelling_id", "alt_phonetic_spelling_id", "kanji_spelling_id") VALUES ('13912d04-d947-5c72-a192-740c19a28c86', '859c4da1-1949-5c28-86a5-c32b6e0dc279', 'a2495f76-fd62-5bd3-8e90-97611206f2cb', '2b28ace1-e773-57fb-a16c-0df53eb6afa3', NULL, 'e40d4dd1-aae5-55bf-aff2-d4eaec4b1424');
INSERT INTO "vocabulary"."reference" ("vocabulary_id", "lesson_code") VALUES ('13912d04-d947-5c72-a192-740c19a28c86', 'GENKI3_L01');
-- 工学 | engineering --;
INSERT INTO "vocabulary"."vocabulary" ("id", "word_class_code", "conjugation_kind_code", "jlpt_level", "row_num", "tags", "date_added") VALUES ('7672ef18-d91f-548f-a938-970d6a741586', 'NOUN', NULL, NULL, 78, '{school_major}', '2022-04-24');
INSERT INTO "vocabulary"."definition" ("id", "vocabulary_id", "sort_rank", "value") VALUES ('b1289cbb-5026-5bec-9e42-db37ab44b8d4', '7672ef18-d91f-548f-a938-970d6a741586', 1, 'engineering');
INSERT INTO "vocabulary"."spelling" ("id", "vocabulary_id", "spelling_kind_code", "value") VALUES ('1d953ad2-c436-5804-aa10-3e474d2efff5', '7672ef18-d91f-548f-a938-970d6a741586', 'KANJI', '工学');
INSERT INTO "vocabulary"."spelling" ("id", "vocabulary_id", "spelling_kind_code", "value") VALUES ('01d840f0-5c2c-5e9b-b75d-8c6955945497', '7672ef18-d91f-548f-a938-970d6a741586', 'HIRAGANA', 'こうがく');
INSERT INTO "vocabulary"."spelling" ("id", "vocabulary_id", "spelling_kind_code", "value") VALUES ('89af579e-9072-53df-bf71-8261ace07fd8', '7672ef18-d91f-548f-a938-970d6a741586', 'KANJI', '工学');
INSERT INTO "vocabulary"."linkages" ("vocabulary_id", "preferred_definition_id", "preferred_spelling_id", "phonetic_spelling_id", "alt_phonetic_spelling_id", "kanji_spelling_id") VALUES ('7672ef18-d91f-548f-a938-970d6a741586', 'b1289cbb-5026-5bec-9e42-db37ab44b8d4', '1d953ad2-c436-5804-aa10-3e474d2efff5', '01d840f0-5c2c-5e9b-b75d-8c6955945497', NULL, '89af579e-9072-53df-bf71-8261ace07fd8');
INSERT INTO "vocabulary"."reference" ("vocabulary_id", "lesson_code") VALUES ('7672ef18-d91f-548f-a938-970d6a741586', 'GENKI3_L01');
-- 国際関係 | international relations --;
INSERT INTO "vocabulary"."vocabulary" ("id", "word_class_code", "conjugation_kind_code", "jlpt_level", "row_num", "tags", "date_added") VALUES ('471eeab4-7852-53f9-ba6c-342f13746958', 'NOUN', NULL, NULL, 79, '{school_major}', '2022-04-24');
INSERT INTO "vocabulary"."definition" ("id", "vocabulary_id", "sort_rank", "value") VALUES ('89bfdaf6-0680-5608-aa56-4eaba12adf9f', '471eeab4-7852-53f9-ba6c-342f13746958', 1, 'international relations');
INSERT INTO "vocabulary"."spelling" ("id", "vocabulary_id", "spelling_kind_code", "value") VALUES ('b334841e-11ae-5203-803c-ccede3a019bf', '471eeab4-7852-53f9-ba6c-342f13746958', 'KANJI', '国際関係');
INSERT INTO "vocabulary"."spelling" ("id", "vocabulary_id", "spelling_kind_code", "value") VALUES ('5bd5c0f8-3aa6-5eda-b1da-f0f9b3b85c55', '471eeab4-7852-53f9-ba6c-342f13746958', 'HIRAGANA', 'こくさいかんけい');
INSERT INTO "vocabulary"."spelling" ("id", "vocabulary_id", "spelling_kind_code", "value") VALUES ('a41c9667-1e79-53f9-a038-7234bed267b3', '471eeab4-7852-53f9-ba6c-342f13746958', 'KANJI', '国際関係');
INSERT INTO "vocabulary"."linkages" ("vocabulary_id", "preferred_definition_id", "preferred_spelling_id", "phonetic_spelling_id", "alt_phonetic_spelling_id", "kanji_spelling_id") VALUES ('471eeab4-7852-53f9-ba6c-342f13746958', '89bfdaf6-0680-5608-aa56-4eaba12adf9f', 'b334841e-11ae-5203-803c-ccede3a019bf', '5bd5c0f8-3aa6-5eda-b1da-f0f9b3b85c55', NULL, 'a41c9667-1e79-53f9-a038-7234bed267b3');
INSERT INTO "vocabulary"."reference" ("vocabulary_id", "lesson_code") VALUES ('471eeab4-7852-53f9-ba6c-342f13746958', 'GENKI3_L01');
-- コンピューター | computer; computer science --;
INSERT INTO "vocabulary"."vocabulary" ("id", "word_class_code", "conjugation_kind_code", "jlpt_level", "row_num", "tags", "date_added") VALUES ('9e62feab-62dc-5faf-92d9-8cd423af7dab', 'NOUN', NULL, NULL, 80, '{school_major}', '2022-04-24');
INSERT INTO "vocabulary"."definition" ("id", "vocabulary_id", "sort_rank", "value") VALUES ('a3dabec7-b1a4-5a1a-b54d-19245d9fc30e', '9e62feab-62dc-5faf-92d9-8cd423af7dab', 1, 'computer; computer science');
INSERT INTO "vocabulary"."spelling" ("id", "vocabulary_id", "spelling_kind_code", "value") VALUES ('91163131-4505-585b-9987-e49a5193146c', '9e62feab-62dc-5faf-92d9-8cd423af7dab', 'KATAKANA', 'コンピューター');
INSERT INTO "vocabulary"."spelling" ("id", "vocabulary_id", "spelling_kind_code", "value") VALUES ('a27e1a41-1f3d-54ea-af59-98802f42fab6', '9e62feab-62dc-5faf-92d9-8cd423af7dab', 'HIRAGANA', 'こんぴゅうたあ');
INSERT INTO "vocabulary"."linkages" ("vocabulary_id", "preferred_definition_id", "preferred_spelling_id", "phonetic_spelling_id", "alt_phonetic_spelling_id", "kanji_spelling_id") VALUES ('9e62feab-62dc-5faf-92d9-8cd423af7dab', 'a3dabec7-b1a4-5a1a-b54d-19245d9fc30e', '91163131-4505-585b-9987-e49a5193146c', 'a27e1a41-1f3d-54ea-af59-98802f42fab6', NULL, NULL);
INSERT INTO "vocabulary"."reference" ("vocabulary_id", "lesson_code") VALUES ('9e62feab-62dc-5faf-92d9-8cd423af7dab', 'GENKI3_L01');
-- 政治 | politics; government --;
INSERT INTO "vocabulary"."vocabulary" ("id", "word_class_code", "conjugation_kind_code", "jlpt_level", "row_num", "tags", "date_added") VALUES ('15b8fb86-6025-524c-a968-0d8e442c0d8e', 'NOUN', NULL, NULL, 81, '{school_major}', '2022-04-24');
INSERT INTO "vocabulary"."definition" ("id", "vocabulary_id", "sort_rank", "value") VALUES ('dc0f5690-c3be-51ba-baf9-65bcccac8192', '15b8fb86-6025-524c-a968-0d8e442c0d8e', 1, 'politics; government');
INSERT INTO "vocabulary"."spelling" ("id", "vocabulary_id", "spelling_kind_code", "value") VALUES ('41f9d094-065d-557f-8968-465cd0875f33', '15b8fb86-6025-524c-a968-0d8e442c0d8e', 'KANJI', '政治');
INSERT INTO "vocabulary"."spelling" ("id", "vocabulary_id", "spelling_kind_code", "value") VALUES ('52b8d1ac-2ea7-53e6-92e1-6f4be19e74a8', '15b8fb86-6025-524c-a968-0d8e442c0d8e', 'HIRAGANA', 'せいじ');
INSERT INTO "vocabulary"."spelling" ("id", "vocabulary_id", "spelling_kind_code", "value") VALUES ('1a6ae921-66fb-5ebe-94f8-66dddc8715c9', '15b8fb86-6025-524c-a968-0d8e442c0d8e', 'KANJI', '政治');
INSERT INTO "vocabulary"."linkages" ("vocabulary_id", "preferred_definition_id", "preferred_spelling_id", "phonetic_spelling_id", "alt_phonetic_spelling_id", "kanji_spelling_id") VALUES ('15b8fb86-6025-524c-a968-0d8e442c0d8e', 'dc0f5690-c3be-51ba-baf9-65bcccac8192', '41f9d094-065d-557f-8968-465cd0875f33', '52b8d1ac-2ea7-53e6-92e1-6f4be19e74a8', NULL, '1a6ae921-66fb-5ebe-94f8-66dddc8715c9');
INSERT INTO "vocabulary"."reference" ("vocabulary_id", "lesson_code") VALUES ('15b8fb86-6025-524c-a968-0d8e442c0d8e', 'GENKI3_L01');
-- 生物学 | biology --;
INSERT INTO "vocabulary"."vocabulary" ("id", "word_class_code", "conjugation_kind_code", "jlpt_level", "row_num", "tags", "date_added") VALUES ('ee82d23f-991e-59ba-9646-d407d35b46ae', 'NOUN', NULL, NULL, 82, '{school_major}', '2022-04-24');
INSERT INTO "vocabulary"."definition" ("id", "vocabulary_id", "sort_rank", "value") VALUES ('17dceeb3-bad9-51e4-aab5-f06a99ef289e', 'ee82d23f-991e-59ba-9646-d407d35b46ae', 1, 'biology');
INSERT INTO "vocabulary"."spelling" ("id", "vocabulary_id", "spelling_kind_code", "value") VALUES ('b6d0b06d-4ca7-52d9-8a60-7d25d7e981ef', 'ee82d23f-991e-59ba-9646-d407d35b46ae', 'KANJI', '生物学');
INSERT INTO "vocabulary"."spelling" ("id", "vocabulary_id", "spelling_kind_code", "value") VALUES ('fa863424-3ba5-5fa0-8e02-7fbed092aa3c', 'ee82d23f-991e-59ba-9646-d407d35b46ae', 'HIRAGANA', 'せいぶつがく');
INSERT INTO "vocabulary"."spelling" ("id", "vocabulary_id", "spelling_kind_code", "value") VALUES ('57aef0e6-9bbd-517b-bede-d9674e838f3a', 'ee82d23f-991e-59ba-9646-d407d35b46ae', 'KANJI', '生物学');
INSERT INTO "vocabulary"."linkages" ("vocabulary_id", "preferred_definition_id", "preferred_spelling_id", "phonetic_spelling_id", "alt_phonetic_spelling_id", "kanji_spelling_id") VALUES ('ee82d23f-991e-59ba-9646-d407d35b46ae', '17dceeb3-bad9-51e4-aab5-f06a99ef289e', 'b6d0b06d-4ca7-52d9-8a60-7d25d7e981ef', 'fa863424-3ba5-5fa0-8e02-7fbed092aa3c', NULL, '57aef0e6-9bbd-517b-bede-d9674e838f3a');
INSERT INTO "vocabulary"."reference" ("vocabulary_id", "lesson_code") VALUES ('ee82d23f-991e-59ba-9646-d407d35b46ae', 'GENKI3_L01');
-- ビジネス | business --;
INSERT INTO "vocabulary"."vocabulary" ("id", "word_class_code", "conjugation_kind_code", "jlpt_level", "row_num", "tags", "date_added") VALUES ('a74f0164-da3d-59dc-bbd0-39cf065ee813', 'NOUN', NULL, NULL, 83, '{school_major}', '2022-04-24');
INSERT INTO "vocabulary"."definition" ("id", "vocabulary_id", "sort_rank", "value") VALUES ('c707563f-7fe2-5851-ab17-e7345a10056d', 'a74f0164-da3d-59dc-bbd0-39cf065ee813', 1, 'business');
INSERT INTO "vocabulary"."spelling" ("id", "vocabulary_id", "spelling_kind_code", "value") VALUES ('1fd4040b-2ddd-5921-a0bb-1862ea360550', 'a74f0164-da3d-59dc-bbd0-39cf065ee813', 'KATAKANA', 'ビジネス');
INSERT INTO "vocabulary"."spelling" ("id", "vocabulary_id", "spelling_kind_code", "value") VALUES ('7008d786-7587-5fb4-b283-786935e83115', 'a74f0164-da3d-59dc-bbd0-39cf065ee813', 'HIRAGANA', 'びじねす');
INSERT INTO "vocabulary"."linkages" ("vocabulary_id", "preferred_definition_id", "preferred_spelling_id", "phonetic_spelling_id", "alt_phonetic_spelling_id", "kanji_spelling_id") VALUES ('a74f0164-da3d-59dc-bbd0-39cf065ee813', 'c707563f-7fe2-5851-ab17-e7345a10056d', '1fd4040b-2ddd-5921-a0bb-1862ea360550', '7008d786-7587-5fb4-b283-786935e83115', NULL, NULL);
INSERT INTO "vocabulary"."reference" ("vocabulary_id", "lesson_code") VALUES ('a74f0164-da3d-59dc-bbd0-39cf065ee813', 'GENKI3_L01');
-- 文学 | literature --;
INSERT INTO "vocabulary"."vocabulary" ("id", "word_class_code", "conjugation_kind_code", "jlpt_level", "row_num", "tags", "date_added") VALUES ('f41b3958-7c0c-5c05-9ea8-d0099b014f0c', 'NOUN', NULL, NULL, 84, '{school_major}', '2022-04-24');
INSERT INTO "vocabulary"."definition" ("id", "vocabulary_id", "sort_rank", "value") VALUES ('f875151e-7b26-57bb-bdb3-f951b3728ac5', 'f41b3958-7c0c-5c05-9ea8-d0099b014f0c', 1, 'literature');
INSERT INTO "vocabulary"."spelling" ("id", "vocabulary_id", "spelling_kind_code", "value") VALUES ('0db0a39c-a2d3-54ad-b61c-47677c2c3db6', 'f41b3958-7c0c-5c05-9ea8-d0099b014f0c', 'KANJI', '文学');
INSERT INTO "vocabulary"."spelling" ("id", "vocabulary_id", "spelling_kind_code", "value") VALUES ('1702769a-2750-5c98-a9db-c8c57037a5c5', 'f41b3958-7c0c-5c05-9ea8-d0099b014f0c', 'HIRAGANA', 'ぶんがく');
INSERT INTO "vocabulary"."spelling" ("id", "vocabulary_id", "spelling_kind_code", "value") VALUES ('19cee9aa-30b1-51ae-9d67-c6a1c03b0682', 'f41b3958-7c0c-5c05-9ea8-d0099b014f0c', 'KANJI', '文学');
INSERT INTO "vocabulary"."linkages" ("vocabulary_id", "preferred_definition_id", "preferred_spelling_id", "phonetic_spelling_id", "alt_phonetic_spelling_id", "kanji_spelling_id") VALUES ('f41b3958-7c0c-5c05-9ea8-d0099b014f0c', 'f875151e-7b26-57bb-bdb3-f951b3728ac5', '0db0a39c-a2d3-54ad-b61c-47677c2c3db6', '1702769a-2750-5c98-a9db-c8c57037a5c5', NULL, '19cee9aa-30b1-51ae-9d67-c6a1c03b0682');
INSERT INTO "vocabulary"."reference" ("vocabulary_id", "lesson_code") VALUES ('f41b3958-7c0c-5c05-9ea8-d0099b014f0c', 'GENKI3_L01');
-- 歴史 | history --;
INSERT INTO "vocabulary"."vocabulary" ("id", "word_class_code", "conjugation_kind_code", "jlpt_level", "row_num", "tags", "date_added") VALUES ('0d91d253-e394-572c-a6c4-37e20ed0f603', 'NOUN', NULL, NULL, 85, '{school_major}', '2022-04-24');
INSERT INTO "vocabulary"."definition" ("id", "vocabulary_id", "sort_rank", "value") VALUES ('d25f4c44-9131-5c8c-a2f2-ffda0286de0d', '0d91d253-e394-572c-a6c4-37e20ed0f603', 1, 'history');
INSERT INTO "vocabulary"."spelling" ("id", "vocabulary_id", "spelling_kind_code", "value") VALUES ('648c859c-bd9d-5482-82a7-c9b1ee35e416', '0d91d253-e394-572c-a6c4-37e20ed0f603', 'KANJI', '歴史');
INSERT INTO "vocabulary"."spelling" ("id", "vocabulary_id", "spelling_kind_code", "value") VALUES ('54d998ae-2404-548a-bac0-edd45f46a505', '0d91d253-e394-572c-a6c4-37e20ed0f603', 'HIRAGANA', 'れきし');
INSERT INTO "vocabulary"."spelling" ("id", "vocabulary_id", "spelling_kind_code", "value") VALUES ('5bcbffb1-ed16-5094-84f0-af8285895524', '0d91d253-e394-572c-a6c4-37e20ed0f603', 'KANJI', '歴史');
INSERT INTO "vocabulary"."linkages" ("vocabulary_id", "preferred_definition_id", "preferred_spelling_id", "phonetic_spelling_id", "alt_phonetic_spelling_id", "kanji_spelling_id") VALUES ('0d91d253-e394-572c-a6c4-37e20ed0f603', 'd25f4c44-9131-5c8c-a2f2-ffda0286de0d', '648c859c-bd9d-5482-82a7-c9b1ee35e416', '54d998ae-2404-548a-bac0-edd45f46a505', NULL, '5bcbffb1-ed16-5094-84f0-af8285895524');
INSERT INTO "vocabulary"."reference" ("vocabulary_id", "lesson_code") VALUES ('0d91d253-e394-572c-a6c4-37e20ed0f603', 'GENKI3_L01');
-- 物理 | physics --;
INSERT INTO "vocabulary"."vocabulary" ("id", "word_class_code", "conjugation_kind_code", "jlpt_level", "row_num", "tags", "date_added") VALUES ('a9d318d5-97e8-5990-916c-fd300d951e2c', 'NOUN', NULL, NULL, 86, '{school_major}', '2022-04-24');
INSERT INTO "vocabulary"."definition" ("id", "vocabulary_id", "sort_rank", "value") VALUES ('f894f7ce-d3fb-5ae2-8916-a80c1868ed3f', 'a9d318d5-97e8-5990-916c-fd300d951e2c', 1, 'physics');
INSERT INTO "vocabulary"."spelling" ("id", "vocabulary_id", "spelling_kind_code", "value") VALUES ('d01a82af-d8a5-5e63-8147-6c9a0f44e543', 'a9d318d5-97e8-5990-916c-fd300d951e2c', 'KANJI', '物理');
INSERT INTO "vocabulary"."spelling" ("id", "vocabulary_id", "spelling_kind_code", "value") VALUES ('f287a9ff-32e4-5c99-bc13-078ffab5e0b9', 'a9d318d5-97e8-5990-916c-fd300d951e2c', 'HIRAGANA', 'ぶつり');
INSERT INTO "vocabulary"."spelling" ("id", "vocabulary_id", "spelling_kind_code", "value") VALUES ('8dac71d1-9926-5dd1-95cc-fcccbb512ae8', 'a9d318d5-97e8-5990-916c-fd300d951e2c', 'KANJI', '物理');
INSERT INTO "vocabulary"."linkages" ("vocabulary_id", "preferred_definition_id", "preferred_spelling_id", "phonetic_spelling_id", "alt_phonetic_spelling_id", "kanji_spelling_id") VALUES ('a9d318d5-97e8-5990-916c-fd300d951e2c', 'f894f7ce-d3fb-5ae2-8916-a80c1868ed3f', 'd01a82af-d8a5-5e63-8147-6c9a0f44e543', 'f287a9ff-32e4-5c99-bc13-078ffab5e0b9', NULL, '8dac71d1-9926-5dd1-95cc-fcccbb512ae8');
INSERT INTO "vocabulary"."reference" ("vocabulary_id", "lesson_code") VALUES ('a9d318d5-97e8-5990-916c-fd300d951e2c', 'GENKI3_L01');
-- 医者 | doctor --;
INSERT INTO "vocabulary"."vocabulary" ("id", "word_class_code", "conjugation_kind_code", "jlpt_level", "row_num", "tags", "date_added") VALUES ('45983eaf-745d-5a47-bd34-aa09444736a4', 'NOUN', NULL, NULL, 87, '{occupation}', '2022-04-24');
INSERT INTO "vocabulary"."definition" ("id", "vocabulary_id", "sort_rank", "value") VALUES ('373405a0-b225-5c77-968f-e57e96436a02', '45983eaf-745d-5a47-bd34-aa09444736a4', 1, 'doctor');
INSERT INTO "vocabulary"."spelling" ("id", "vocabulary_id", "spelling_kind_code", "value") VALUES ('b8bf9764-5cfc-59dc-a6da-adf29a9b0424', '45983eaf-745d-5a47-bd34-aa09444736a4', 'KANJI', '医者');
INSERT INTO "vocabulary"."spelling" ("id", "vocabulary_id", "spelling_kind_code", "value") VALUES ('39f4dcb2-884b-5dc8-903d-fc353a8693c5', '45983eaf-745d-5a47-bd34-aa09444736a4', 'HIRAGANA', 'いしゃ');
INSERT INTO "vocabulary"."spelling" ("id", "vocabulary_id", "spelling_kind_code", "value") VALUES ('495fed26-b99b-577e-a263-0dacefbb0806', '45983eaf-745d-5a47-bd34-aa09444736a4', 'KANJI', '医者');
INSERT INTO "vocabulary"."linkages" ("vocabulary_id", "preferred_definition_id", "preferred_spelling_id", "phonetic_spelling_id", "alt_phonetic_spelling_id", "kanji_spelling_id") VALUES ('45983eaf-745d-5a47-bd34-aa09444736a4', '373405a0-b225-5c77-968f-e57e96436a02', 'b8bf9764-5cfc-59dc-a6da-adf29a9b0424', '39f4dcb2-884b-5dc8-903d-fc353a8693c5', NULL, '495fed26-b99b-577e-a263-0dacefbb0806');
INSERT INTO "vocabulary"."reference" ("vocabulary_id", "lesson_code") VALUES ('45983eaf-745d-5a47-bd34-aa09444736a4', 'GENKI3_L01');
-- 会社員 | office worker --;
INSERT INTO "vocabulary"."vocabulary" ("id", "word_class_code", "conjugation_kind_code", "jlpt_level", "row_num", "tags", "date_added") VALUES ('b01b2de0-f80a-587a-99bb-8e7e2157feec', 'NOUN', NULL, NULL, 88, '{occupation}', '2022-04-24');
INSERT INTO "vocabulary"."definition" ("id", "vocabulary_id", "sort_rank", "value") VALUES ('aa17c998-1cad-5695-99dd-0a1257cc8128', 'b01b2de0-f80a-587a-99bb-8e7e2157feec', 1, 'office worker');
INSERT INTO "vocabulary"."spelling" ("id", "vocabulary_id", "spelling_kind_code", "value") VALUES ('12ae9707-a3f3-537a-a083-98b063babd86', 'b01b2de0-f80a-587a-99bb-8e7e2157feec', 'KANJI', '会社員');
INSERT INTO "vocabulary"."spelling" ("id", "vocabulary_id", "spelling_kind_code", "value") VALUES ('65979b45-d58d-513a-a6df-31929700ce54', 'b01b2de0-f80a-587a-99bb-8e7e2157feec', 'HIRAGANA', 'かいしゃいん');
INSERT INTO "vocabulary"."spelling" ("id", "vocabulary_id", "spelling_kind_code", "value") VALUES ('9867d030-e3d5-532c-bf6f-85383f9f57c0', 'b01b2de0-f80a-587a-99bb-8e7e2157feec', 'KANJI', '会社員');
INSERT INTO "vocabulary"."linkages" ("vocabulary_id", "preferred_definition_id", "preferred_spelling_id", "phonetic_spelling_id", "alt_phonetic_spelling_id", "kanji_spelling_id") VALUES ('b01b2de0-f80a-587a-99bb-8e7e2157feec', 'aa17c998-1cad-5695-99dd-0a1257cc8128', '12ae9707-a3f3-537a-a083-98b063babd86', '65979b45-d58d-513a-a6df-31929700ce54', NULL, '9867d030-e3d5-532c-bf6f-85383f9f57c0');
INSERT INTO "vocabulary"."reference" ("vocabulary_id", "lesson_code") VALUES ('b01b2de0-f80a-587a-99bb-8e7e2157feec', 'GENKI3_L01');
-- 看護師 | nurse --;
INSERT INTO "vocabulary"."vocabulary" ("id", "word_class_code", "conjugation_kind_code", "jlpt_level", "row_num", "tags", "date_added") VALUES ('a2bb0866-9ce3-5b9a-bc60-49b48a40e40f', 'NOUN', NULL, NULL, 89, '{occupation}', '2022-04-24');
INSERT INTO "vocabulary"."definition" ("id", "vocabulary_id", "sort_rank", "value") VALUES ('0e8abcc0-a9f9-5143-9bbd-fc25ea10c956', 'a2bb0866-9ce3-5b9a-bc60-49b48a40e40f', 1, 'nurse');
INSERT INTO "vocabulary"."spelling" ("id", "vocabulary_id", "spelling_kind_code", "value") VALUES ('f2b8ed28-0ba7-5c08-8af1-fc9d0b8df30f', 'a2bb0866-9ce3-5b9a-bc60-49b48a40e40f', 'KANJI', '看護師');
INSERT INTO "vocabulary"."spelling" ("id", "vocabulary_id", "spelling_kind_code", "value") VALUES ('b87a6bf8-62d2-5c37-aa18-3180fee27d3e', 'a2bb0866-9ce3-5b9a-bc60-49b48a40e40f', 'HIRAGANA', 'かんごし');
INSERT INTO "vocabulary"."spelling" ("id", "vocabulary_id", "spelling_kind_code", "value") VALUES ('e284ddfc-3847-5242-8910-b201f09ffdb9', 'a2bb0866-9ce3-5b9a-bc60-49b48a40e40f', 'KANJI', '看護師');
INSERT INTO "vocabulary"."linkages" ("vocabulary_id", "preferred_definition_id", "preferred_spelling_id", "phonetic_spelling_id", "alt_phonetic_spelling_id", "kanji_spelling_id") VALUES ('a2bb0866-9ce3-5b9a-bc60-49b48a40e40f', '0e8abcc0-a9f9-5143-9bbd-fc25ea10c956', 'f2b8ed28-0ba7-5c08-8af1-fc9d0b8df30f', 'b87a6bf8-62d2-5c37-aa18-3180fee27d3e', NULL, 'e284ddfc-3847-5242-8910-b201f09ffdb9');
INSERT INTO "vocabulary"."reference" ("vocabulary_id", "lesson_code") VALUES ('a2bb0866-9ce3-5b9a-bc60-49b48a40e40f', 'GENKI3_L01');
-- 高校生 | high school student --;
INSERT INTO "vocabulary"."vocabulary" ("id", "word_class_code", "conjugation_kind_code", "jlpt_level", "row_num", "tags", "date_added") VALUES ('c511ec54-4f00-5426-89ef-ee1558ccfb60', 'NOUN', NULL, NULL, 90, '{occupation}', '2022-04-24');
INSERT INTO "vocabulary"."definition" ("id", "vocabulary_id", "sort_rank", "value") VALUES ('2a46ef9c-f38e-5e90-9bf9-d23dc035a22a', 'c511ec54-4f00-5426-89ef-ee1558ccfb60', 1, 'high school student');
INSERT INTO "vocabulary"."spelling" ("id", "vocabulary_id", "spelling_kind_code", "value") VALUES ('d0d00453-6216-52ca-b238-3004c1039794', 'c511ec54-4f00-5426-89ef-ee1558ccfb60', 'KANJI', '高校生');
INSERT INTO "vocabulary"."spelling" ("id", "vocabulary_id", "spelling_kind_code", "value") VALUES ('02ba3652-a3ea-54cb-adb6-b3479dc485ec', 'c511ec54-4f00-5426-89ef-ee1558ccfb60', 'HIRAGANA', 'こうこうせい');
INSERT INTO "vocabulary"."spelling" ("id", "vocabulary_id", "spelling_kind_code", "value") VALUES ('8179809c-e2dc-5121-89c9-542f1825c1bc', 'c511ec54-4f00-5426-89ef-ee1558ccfb60', 'KANJI', '高校生');
INSERT INTO "vocabulary"."linkages" ("vocabulary_id", "preferred_definition_id", "preferred_spelling_id", "phonetic_spelling_id", "alt_phonetic_spelling_id", "kanji_spelling_id") VALUES ('c511ec54-4f00-5426-89ef-ee1558ccfb60', '2a46ef9c-f38e-5e90-9bf9-d23dc035a22a', 'd0d00453-6216-52ca-b238-3004c1039794', '02ba3652-a3ea-54cb-adb6-b3479dc485ec', NULL, '8179809c-e2dc-5121-89c9-542f1825c1bc');
INSERT INTO "vocabulary"."reference" ("vocabulary_id", "lesson_code") VALUES ('c511ec54-4f00-5426-89ef-ee1558ccfb60', 'GENKI3_L01');
-- 主婦 | housewife --;
INSERT INTO "vocabulary"."vocabulary" ("id", "word_class_code", "conjugation_kind_code", "jlpt_level", "row_num", "tags", "date_added") VALUES ('7d3f6d4b-fd98-5a19-ba56-b7c707092305', 'NOUN', NULL, NULL, 91, '{occupation}', '2022-04-24');
INSERT INTO "vocabulary"."definition" ("id", "vocabulary_id", "sort_rank", "value") VALUES ('4b8bbc3c-2187-5dde-a6a6-f27ee10d781e', '7d3f6d4b-fd98-5a19-ba56-b7c707092305', 1, 'housewife');
INSERT INTO "vocabulary"."spelling" ("id", "vocabulary_id", "spelling_kind_code", "value") VALUES ('7450130b-011a-516d-bb0b-a45d5d06ca69', '7d3f6d4b-fd98-5a19-ba56-b7c707092305', 'KANJI', '主婦');
INSERT INTO "vocabulary"."spelling" ("id", "vocabulary_id", "spelling_kind_code", "value") VALUES ('76857980-9a16-567e-9aa6-720de6a0cf63', '7d3f6d4b-fd98-5a19-ba56-b7c707092305', 'HIRAGANA', 'しゅふ');
INSERT INTO "vocabulary"."spelling" ("id", "vocabulary_id", "spelling_kind_code", "value") VALUES ('be2f7c6e-68bb-5191-9157-3186cc3c3f48', '7d3f6d4b-fd98-5a19-ba56-b7c707092305', 'KANJI', '主婦');
INSERT INTO "vocabulary"."linkages" ("vocabulary_id", "preferred_definition_id", "preferred_spelling_id", "phonetic_spelling_id", "alt_phonetic_spelling_id", "kanji_spelling_id") VALUES ('7d3f6d4b-fd98-5a19-ba56-b7c707092305', '4b8bbc3c-2187-5dde-a6a6-f27ee10d781e', '7450130b-011a-516d-bb0b-a45d5d06ca69', '76857980-9a16-567e-9aa6-720de6a0cf63', NULL, 'be2f7c6e-68bb-5191-9157-3186cc3c3f48');
INSERT INTO "vocabulary"."reference" ("vocabulary_id", "lesson_code") VALUES ('7d3f6d4b-fd98-5a19-ba56-b7c707092305', 'GENKI3_L01');
-- 大学院生 | graduate student --;
INSERT INTO "vocabulary"."vocabulary" ("id", "word_class_code", "conjugation_kind_code", "jlpt_level", "row_num", "tags", "date_added") VALUES ('98e48ea2-8566-55a1-bfb8-d5aaf1a060d0', 'NOUN', NULL, NULL, 92, '{occupation}', '2022-04-24');
INSERT INTO "vocabulary"."definition" ("id", "vocabulary_id", "sort_rank", "value") VALUES ('9d8feb18-e17d-5b9b-88ac-03d638cdc579', '98e48ea2-8566-55a1-bfb8-d5aaf1a060d0', 1, 'graduate student');
INSERT INTO "vocabulary"."spelling" ("id", "vocabulary_id", "spelling_kind_code", "value") VALUES ('87a14ed2-88c1-52fe-a701-ea5974f602f9', '98e48ea2-8566-55a1-bfb8-d5aaf1a060d0', 'KANJI', '大学院生');
INSERT INTO "vocabulary"."spelling" ("id", "vocabulary_id", "spelling_kind_code", "value") VALUES ('fac8eabc-c7c2-59b1-b5a5-6b7afe202947', '98e48ea2-8566-55a1-bfb8-d5aaf1a060d0', 'HIRAGANA', 'だいがくいんせい');
INSERT INTO "vocabulary"."spelling" ("id", "vocabulary_id", "spelling_kind_code", "value") VALUES ('9d93e56b-0290-5df8-9556-c3609b17beb5', '98e48ea2-8566-55a1-bfb8-d5aaf1a060d0', 'KANJI', '大学院生');
INSERT INTO "vocabulary"."linkages" ("vocabulary_id", "preferred_definition_id", "preferred_spelling_id", "phonetic_spelling_id", "alt_phonetic_spelling_id", "kanji_spelling_id") VALUES ('98e48ea2-8566-55a1-bfb8-d5aaf1a060d0', '9d8feb18-e17d-5b9b-88ac-03d638cdc579', '87a14ed2-88c1-52fe-a701-ea5974f602f9', 'fac8eabc-c7c2-59b1-b5a5-6b7afe202947', NULL, '9d93e56b-0290-5df8-9556-c3609b17beb5');
INSERT INTO "vocabulary"."reference" ("vocabulary_id", "lesson_code") VALUES ('98e48ea2-8566-55a1-bfb8-d5aaf1a060d0', 'GENKI3_L01');
-- 弁護士 | lawyer --;
INSERT INTO "vocabulary"."vocabulary" ("id", "word_class_code", "conjugation_kind_code", "jlpt_level", "row_num", "tags", "date_added") VALUES ('902b7ccb-091c-502b-a413-5a3a38c655a4', 'NOUN', NULL, NULL, 93, '{occupation}', '2022-04-24');
INSERT INTO "vocabulary"."definition" ("id", "vocabulary_id", "sort_rank", "value") VALUES ('898f6e90-633d-50ac-9683-4e9f17676516', '902b7ccb-091c-502b-a413-5a3a38c655a4', 1, 'lawyer');
INSERT INTO "vocabulary"."spelling" ("id", "vocabulary_id", "spelling_kind_code", "value") VALUES ('d05158c8-7c9d-51fb-b988-6607779ac888', '902b7ccb-091c-502b-a413-5a3a38c655a4', 'KANJI', '弁護士');
INSERT INTO "vocabulary"."spelling" ("id", "vocabulary_id", "spelling_kind_code", "value") VALUES ('90f78353-1351-51dd-bcc4-d40f106353a8', '902b7ccb-091c-502b-a413-5a3a38c655a4', 'HIRAGANA', 'べんごし');
INSERT INTO "vocabulary"."spelling" ("id", "vocabulary_id", "spelling_kind_code", "value") VALUES ('581c9d55-9f4a-519d-aff8-0a0cddb296aa', '902b7ccb-091c-502b-a413-5a3a38c655a4', 'KANJI', '弁護士');
INSERT INTO "vocabulary"."linkages" ("vocabulary_id", "preferred_definition_id", "preferred_spelling_id", "phonetic_spelling_id", "alt_phonetic_spelling_id", "kanji_spelling_id") VALUES ('902b7ccb-091c-502b-a413-5a3a38c655a4', '898f6e90-633d-50ac-9683-4e9f17676516', 'd05158c8-7c9d-51fb-b988-6607779ac888', '90f78353-1351-51dd-bcc4-d40f106353a8', NULL, '581c9d55-9f4a-519d-aff8-0a0cddb296aa');
INSERT INTO "vocabulary"."reference" ("vocabulary_id", "lesson_code") VALUES ('902b7ccb-091c-502b-a413-5a3a38c655a4', 'GENKI3_L01');
-- お母さん | mother --;
INSERT INTO "vocabulary"."vocabulary" ("id", "word_class_code", "conjugation_kind_code", "jlpt_level", "row_num", "tags", "date_added") VALUES ('f8d03abe-255a-5717-811a-91f511c39759', 'NOUN', NULL, NULL, 94, '{family}', '2022-04-24');
INSERT INTO "vocabulary"."definition" ("id", "vocabulary_id", "sort_rank", "value") VALUES ('601d2ae5-bfb6-54a7-aef1-37c77f71445b', 'f8d03abe-255a-5717-811a-91f511c39759', 1, 'mother');
INSERT INTO "vocabulary"."spelling" ("id", "vocabulary_id", "spelling_kind_code", "value") VALUES ('ff3060d8-dc8f-542e-a144-c8876311a8ec', 'f8d03abe-255a-5717-811a-91f511c39759', 'KANJI', 'お母さん');
INSERT INTO "vocabulary"."spelling" ("id", "vocabulary_id", "spelling_kind_code", "value") VALUES ('2e491e0e-d9f0-5eb4-819b-a0221b25557b', 'f8d03abe-255a-5717-811a-91f511c39759', 'HIRAGANA', 'おかあさん');
INSERT INTO "vocabulary"."spelling" ("id", "vocabulary_id", "spelling_kind_code", "value") VALUES ('6a206bcf-2c70-5915-b4dc-dc113ac11e35', 'f8d03abe-255a-5717-811a-91f511c39759', 'KANJI', 'お母さん');
INSERT INTO "vocabulary"."linkages" ("vocabulary_id", "preferred_definition_id", "preferred_spelling_id", "phonetic_spelling_id", "alt_phonetic_spelling_id", "kanji_spelling_id") VALUES ('f8d03abe-255a-5717-811a-91f511c39759', '601d2ae5-bfb6-54a7-aef1-37c77f71445b', 'ff3060d8-dc8f-542e-a144-c8876311a8ec', '2e491e0e-d9f0-5eb4-819b-a0221b25557b', NULL, '6a206bcf-2c70-5915-b4dc-dc113ac11e35');
INSERT INTO "vocabulary"."reference" ("vocabulary_id", "lesson_code") VALUES ('f8d03abe-255a-5717-811a-91f511c39759', 'GENKI3_L01');
-- お父さん | father --;
INSERT INTO "vocabulary"."vocabulary" ("id", "word_class_code", "conjugation_kind_code", "jlpt_level", "row_num", "tags", "date_added") VALUES ('d7a063c8-998c-50a3-825c-86f896a5a0c7', 'NOUN', NULL, NULL, 95, '{family}', '2022-04-24');
INSERT INTO "vocabulary"."definition" ("id", "vocabulary_id", "sort_rank", "value") VALUES ('a3c2375c-5fb8-5e78-865f-dda2e326489d', 'd7a063c8-998c-50a3-825c-86f896a5a0c7', 1, 'father');
INSERT INTO "vocabulary"."spelling" ("id", "vocabulary_id", "spelling_kind_code", "value") VALUES ('67046ec7-b773-5b58-a65d-a23b65757262', 'd7a063c8-998c-50a3-825c-86f896a5a0c7', 'KANJI', 'お父さん');
INSERT INTO "vocabulary"."spelling" ("id", "vocabulary_id", "spelling_kind_code", "value") VALUES ('a89f5c6d-b85e-5d7d-8703-bd8db3df145c', 'd7a063c8-998c-50a3-825c-86f896a5a0c7', 'KANJI', 'お父さん');
INSERT INTO "vocabulary"."spelling" ("id", "vocabulary_id", "spelling_kind_code", "value") VALUES ('8529ffb1-ff62-5937-815e-efcdc09a9697', 'd7a063c8-998c-50a3-825c-86f896a5a0c7', 'KANJI', 'お父さん');
INSERT INTO "vocabulary"."linkages" ("vocabulary_id", "preferred_definition_id", "preferred_spelling_id", "phonetic_spelling_id", "alt_phonetic_spelling_id", "kanji_spelling_id") VALUES ('d7a063c8-998c-50a3-825c-86f896a5a0c7', 'a3c2375c-5fb8-5e78-865f-dda2e326489d', '67046ec7-b773-5b58-a65d-a23b65757262', 'a89f5c6d-b85e-5d7d-8703-bd8db3df145c', NULL, '8529ffb1-ff62-5937-815e-efcdc09a9697');
INSERT INTO "vocabulary"."reference" ("vocabulary_id", "lesson_code") VALUES ('d7a063c8-998c-50a3-825c-86f896a5a0c7', 'DUO_02_07');
INSERT INTO "vocabulary"."reference" ("vocabulary_id", "lesson_code") VALUES ('d7a063c8-998c-50a3-825c-86f896a5a0c7', 'GENKI3_L01');
-- お姉さん | older sister --;
INSERT INTO "vocabulary"."vocabulary" ("id", "word_class_code", "conjugation_kind_code", "jlpt_level", "row_num", "tags", "date_added") VALUES ('e09e6607-0754-53e7-ac90-7d5eec6a3442', 'NOUN', NULL, NULL, 96, '{family}', '2022-04-24');
INSERT INTO "vocabulary"."definition" ("id", "vocabulary_id", "sort_rank", "value") VALUES ('a56171a6-d08c-53b6-ab4d-6eff83c8640f', 'e09e6607-0754-53e7-ac90-7d5eec6a3442', 1, 'older sister');
INSERT INTO "vocabulary"."spelling" ("id", "vocabulary_id", "spelling_kind_code", "value") VALUES ('fc9e1f35-d910-5d4c-b19b-e6e54eff0075', 'e09e6607-0754-53e7-ac90-7d5eec6a3442', 'KANJI', 'お姉さん');
INSERT INTO "vocabulary"."spelling" ("id", "vocabulary_id", "spelling_kind_code", "value") VALUES ('a601f2e1-a32c-5bce-9c42-258f01403fcd', 'e09e6607-0754-53e7-ac90-7d5eec6a3442', 'HIRAGANA', 'おねえさん');
INSERT INTO "vocabulary"."spelling" ("id", "vocabulary_id", "spelling_kind_code", "value") VALUES ('7ffa880d-c36a-5695-8fe3-b02c35a718a0', 'e09e6607-0754-53e7-ac90-7d5eec6a3442', 'KANJI', 'お姉さん');
INSERT INTO "vocabulary"."linkages" ("vocabulary_id", "preferred_definition_id", "preferred_spelling_id", "phonetic_spelling_id", "alt_phonetic_spelling_id", "kanji_spelling_id") VALUES ('e09e6607-0754-53e7-ac90-7d5eec6a3442', 'a56171a6-d08c-53b6-ab4d-6eff83c8640f', 'fc9e1f35-d910-5d4c-b19b-e6e54eff0075', 'a601f2e1-a32c-5bce-9c42-258f01403fcd', NULL, '7ffa880d-c36a-5695-8fe3-b02c35a718a0');
INSERT INTO "vocabulary"."reference" ("vocabulary_id", "lesson_code") VALUES ('e09e6607-0754-53e7-ac90-7d5eec6a3442', 'DUO_02_07');
INSERT INTO "vocabulary"."reference" ("vocabulary_id", "lesson_code") VALUES ('e09e6607-0754-53e7-ac90-7d5eec6a3442', 'GENKI3_L01');
-- お兄さん | older brother --;
INSERT INTO "vocabulary"."vocabulary" ("id", "word_class_code", "conjugation_kind_code", "jlpt_level", "row_num", "tags", "date_added") VALUES ('942ce296-4fdd-5a7d-9c2c-53d4c2ae2de7', 'NOUN', NULL, NULL, 97, '{family}', '2022-04-24');
INSERT INTO "vocabulary"."definition" ("id", "vocabulary_id", "sort_rank", "value") VALUES ('8c80fdad-7f7e-580d-a9bf-0e21c8bc6532', '942ce296-4fdd-5a7d-9c2c-53d4c2ae2de7', 1, 'older brother');
INSERT INTO "vocabulary"."spelling" ("id", "vocabulary_id", "spelling_kind_code", "value") VALUES ('eb6eb73a-df5a-5d45-9d15-f54d55acd205', '942ce296-4fdd-5a7d-9c2c-53d4c2ae2de7', 'KANJI', 'お兄さん');
INSERT INTO "vocabulary"."spelling" ("id", "vocabulary_id", "spelling_kind_code", "value") VALUES ('0805cc5b-ba34-5149-8399-2dfd0262e316', '942ce296-4fdd-5a7d-9c2c-53d4c2ae2de7', 'HIRAGANA', 'おにいさん');
INSERT INTO "vocabulary"."spelling" ("id", "vocabulary_id", "spelling_kind_code", "value") VALUES ('271c83b2-fc7e-56c5-bc4b-bfb3090ad7ca', '942ce296-4fdd-5a7d-9c2c-53d4c2ae2de7', 'KANJI', 'お兄さん');
INSERT INTO "vocabulary"."linkages" ("vocabulary_id", "preferred_definition_id", "preferred_spelling_id", "phonetic_spelling_id", "alt_phonetic_spelling_id", "kanji_spelling_id") VALUES ('942ce296-4fdd-5a7d-9c2c-53d4c2ae2de7', '8c80fdad-7f7e-580d-a9bf-0e21c8bc6532', 'eb6eb73a-df5a-5d45-9d15-f54d55acd205', '0805cc5b-ba34-5149-8399-2dfd0262e316', NULL, '271c83b2-fc7e-56c5-bc4b-bfb3090ad7ca');
INSERT INTO "vocabulary"."reference" ("vocabulary_id", "lesson_code") VALUES ('942ce296-4fdd-5a7d-9c2c-53d4c2ae2de7', 'DUO_02_07');
INSERT INTO "vocabulary"."reference" ("vocabulary_id", "lesson_code") VALUES ('942ce296-4fdd-5a7d-9c2c-53d4c2ae2de7', 'GENKI3_L01');
-- 妹 | younger sister --;
INSERT INTO "vocabulary"."vocabulary" ("id", "word_class_code", "conjugation_kind_code", "jlpt_level", "row_num", "tags", "date_added") VALUES ('d4387364-3f1c-51be-9762-ddf41f844fb7', 'NOUN', NULL, NULL, 98, '{family}', '2022-04-24');
INSERT INTO "vocabulary"."definition" ("id", "vocabulary_id", "sort_rank", "value") VALUES ('8d4312b2-9816-5e25-8a95-11328473c1c0', 'd4387364-3f1c-51be-9762-ddf41f844fb7', 1, 'younger sister');
INSERT INTO "vocabulary"."spelling" ("id", "vocabulary_id", "spelling_kind_code", "value") VALUES ('ae689b19-e482-5a39-98e9-f858d9bf1db7', 'd4387364-3f1c-51be-9762-ddf41f844fb7', 'KANJI', '妹');
INSERT INTO "vocabulary"."spelling" ("id", "vocabulary_id", "spelling_kind_code", "value") VALUES ('68c29c9b-ef7b-56f3-b567-83b17dad782b', 'd4387364-3f1c-51be-9762-ddf41f844fb7', 'HIRAGANA', 'いもうと');
INSERT INTO "vocabulary"."spelling" ("id", "vocabulary_id", "spelling_kind_code", "value") VALUES ('9f947229-d878-5f11-a54a-4b4b6fe924ec', 'd4387364-3f1c-51be-9762-ddf41f844fb7', 'KANJI', '妹');
INSERT INTO "vocabulary"."linkages" ("vocabulary_id", "preferred_definition_id", "preferred_spelling_id", "phonetic_spelling_id", "alt_phonetic_spelling_id", "kanji_spelling_id") VALUES ('d4387364-3f1c-51be-9762-ddf41f844fb7', '8d4312b2-9816-5e25-8a95-11328473c1c0', 'ae689b19-e482-5a39-98e9-f858d9bf1db7', '68c29c9b-ef7b-56f3-b567-83b17dad782b', NULL, '9f947229-d878-5f11-a54a-4b4b6fe924ec');
INSERT INTO "vocabulary"."reference" ("vocabulary_id", "lesson_code") VALUES ('d4387364-3f1c-51be-9762-ddf41f844fb7', 'DUO_02_07');
INSERT INTO "vocabulary"."reference" ("vocabulary_id", "lesson_code") VALUES ('d4387364-3f1c-51be-9762-ddf41f844fb7', 'GENKI3_L01');
-- 弟 | younger brother --;
INSERT INTO "vocabulary"."vocabulary" ("id", "word_class_code", "conjugation_kind_code", "jlpt_level", "row_num", "tags", "date_added") VALUES ('acc5e753-294b-571f-9ee7-a7cd6eeea235', 'NOUN', NULL, NULL, 99, '{family}', '2022-04-24');
INSERT INTO "vocabulary"."definition" ("id", "vocabulary_id", "sort_rank", "value") VALUES ('c5eaf449-845b-53cf-84b2-126091bbd86c', 'acc5e753-294b-571f-9ee7-a7cd6eeea235', 1, 'younger brother');
INSERT INTO "vocabulary"."spelling" ("id", "vocabulary_id", "spelling_kind_code", "value") VALUES ('bdb99ac0-3de9-5dd2-90a2-a8b80d5bd723', 'acc5e753-294b-571f-9ee7-a7cd6eeea235', 'KANJI', '弟');
INSERT INTO "vocabulary"."spelling" ("id", "vocabulary_id", "spelling_kind_code", "value") VALUES ('61044b2e-c8bf-577f-aad3-7b6a1de8a2e4', 'acc5e753-294b-571f-9ee7-a7cd6eeea235', 'HIRAGANA', 'おとうと');
INSERT INTO "vocabulary"."spelling" ("id", "vocabulary_id", "spelling_kind_code", "value") VALUES ('ec4e6541-bb87-509a-9fd4-8ac6def52823', 'acc5e753-294b-571f-9ee7-a7cd6eeea235', 'KANJI', '弟');
INSERT INTO "vocabulary"."linkages" ("vocabulary_id", "preferred_definition_id", "preferred_spelling_id", "phonetic_spelling_id", "alt_phonetic_spelling_id", "kanji_spelling_id") VALUES ('acc5e753-294b-571f-9ee7-a7cd6eeea235', 'c5eaf449-845b-53cf-84b2-126091bbd86c', 'bdb99ac0-3de9-5dd2-90a2-a8b80d5bd723', '61044b2e-c8bf-577f-aad3-7b6a1de8a2e4', NULL, 'ec4e6541-bb87-509a-9fd4-8ac6def52823');
INSERT INTO "vocabulary"."reference" ("vocabulary_id", "lesson_code") VALUES ('acc5e753-294b-571f-9ee7-a7cd6eeea235', 'DUO_02_07');
INSERT INTO "vocabulary"."reference" ("vocabulary_id", "lesson_code") VALUES ('acc5e753-294b-571f-9ee7-a7cd6eeea235', 'GENKI3_L01');
-- 姉妹 | sisters --;
INSERT INTO "vocabulary"."vocabulary" ("id", "word_class_code", "conjugation_kind_code", "jlpt_level", "row_num", "tags", "date_added") VALUES ('dc17e988-29c0-4adf-8ae2-b9c763a53811', 'NOUN', NULL, NULL, 100, '{family}', '2022-08-08');
INSERT INTO "vocabulary"."definition" ("id", "vocabulary_id", "sort_rank", "value") VALUES ('82d7d2ed-ae78-5034-b1b9-a4e4a4c1552a', 'dc17e988-29c0-4adf-8ae2-b9c763a53811', 1, 'sisters');
INSERT INTO "vocabulary"."spelling" ("id", "vocabulary_id", "spelling_kind_code", "value") VALUES ('04f77857-1024-5757-a0f0-331bc385f649', 'dc17e988-29c0-4adf-8ae2-b9c763a53811', 'KANJI', '姉妹');
INSERT INTO "vocabulary"."spelling" ("id", "vocabulary_id", "spelling_kind_code", "value") VALUES ('1ec544fa-2628-5210-983f-d704e68fe578', 'dc17e988-29c0-4adf-8ae2-b9c763a53811', 'HIRAGANA', 'しまい');
INSERT INTO "vocabulary"."spelling" ("id", "vocabulary_id", "spelling_kind_code", "value") VALUES ('08d813fa-03c6-5441-8312-811231855b80', 'dc17e988-29c0-4adf-8ae2-b9c763a53811', 'KANJI', '姉妹');
INSERT INTO "vocabulary"."linkages" ("vocabulary_id", "preferred_definition_id", "preferred_spelling_id", "phonetic_spelling_id", "alt_phonetic_spelling_id", "kanji_spelling_id") VALUES ('dc17e988-29c0-4adf-8ae2-b9c763a53811', '82d7d2ed-ae78-5034-b1b9-a4e4a4c1552a', '04f77857-1024-5757-a0f0-331bc385f649', '1ec544fa-2628-5210-983f-d704e68fe578', NULL, '08d813fa-03c6-5441-8312-811231855b80');
INSERT INTO "vocabulary"."reference" ("vocabulary_id", "lesson_code") VALUES ('dc17e988-29c0-4adf-8ae2-b9c763a53811', 'DUO_02_07');
-- 兄弟 | brothers --;
INSERT INTO "vocabulary"."vocabulary" ("id", "word_class_code", "conjugation_kind_code", "jlpt_level", "row_num", "tags", "date_added") VALUES ('39d87517-fc60-4158-83ee-97a62168dfb3', 'NOUN', NULL, NULL, 101, '{family}', '2022-08-08');
INSERT INTO "vocabulary"."definition" ("id", "vocabulary_id", "sort_rank", "value") VALUES ('7d304270-9809-5ebb-9d88-ad90ef7a3810', '39d87517-fc60-4158-83ee-97a62168dfb3', 1, 'brothers');
INSERT INTO "vocabulary"."spelling" ("id", "vocabulary_id", "spelling_kind_code", "value") VALUES ('62671bc2-ef7c-5272-9f48-37d8ded11433', '39d87517-fc60-4158-83ee-97a62168dfb3', 'KANJI', '兄弟');
INSERT INTO "vocabulary"."spelling" ("id", "vocabulary_id", "spelling_kind_code", "value") VALUES ('24278101-a5bd-5465-a080-5b0f0ab874aa', '39d87517-fc60-4158-83ee-97a62168dfb3', 'HIRAGANA', 'きょうだい');
INSERT INTO "vocabulary"."spelling" ("id", "vocabulary_id", "spelling_kind_code", "value") VALUES ('63e98539-9fc0-53d4-b9ac-deb41857d5f2', '39d87517-fc60-4158-83ee-97a62168dfb3', 'KANJI', '兄弟');
INSERT INTO "vocabulary"."linkages" ("vocabulary_id", "preferred_definition_id", "preferred_spelling_id", "phonetic_spelling_id", "alt_phonetic_spelling_id", "kanji_spelling_id") VALUES ('39d87517-fc60-4158-83ee-97a62168dfb3', '7d304270-9809-5ebb-9d88-ad90ef7a3810', '62671bc2-ef7c-5272-9f48-37d8ded11433', '24278101-a5bd-5465-a080-5b0f0ab874aa', NULL, '63e98539-9fc0-53d4-b9ac-deb41857d5f2');
INSERT INTO "vocabulary"."reference" ("vocabulary_id", "lesson_code") VALUES ('39d87517-fc60-4158-83ee-97a62168dfb3', 'DUO_02_07');
-- これ | this one --;
INSERT INTO "vocabulary"."vocabulary" ("id", "word_class_code", "conjugation_kind_code", "jlpt_level", "row_num", "tags", "date_added") VALUES ('58ecba76-692b-5baf-a096-62bf3e752da2', 'PRONOUN', NULL, NULL, 102, '{pointing_word}', '2022-05-30');
INSERT INTO "vocabulary"."definition" ("id", "vocabulary_id", "sort_rank", "value") VALUES ('ed424cc9-2370-5e7e-b861-5025b27f47ad', '58ecba76-692b-5baf-a096-62bf3e752da2', 1, 'this one');
INSERT INTO "vocabulary"."spelling" ("id", "vocabulary_id", "spelling_kind_code", "value") VALUES ('9ce21ff0-13ef-5a8c-baf4-0bf7bd11cf18', '58ecba76-692b-5baf-a096-62bf3e752da2', 'HIRAGANA', 'これ');
INSERT INTO "vocabulary"."spelling" ("id", "vocabulary_id", "spelling_kind_code", "value") VALUES ('8f84c212-743d-548e-a6b8-1d3beef4c43f', '58ecba76-692b-5baf-a096-62bf3e752da2', 'HIRAGANA', 'これ');
INSERT INTO "vocabulary"."linkages" ("vocabulary_id", "preferred_definition_id", "preferred_spelling_id", "phonetic_spelling_id", "alt_phonetic_spelling_id", "kanji_spelling_id") VALUES ('58ecba76-692b-5baf-a096-62bf3e752da2', 'ed424cc9-2370-5e7e-b861-5025b27f47ad', '9ce21ff0-13ef-5a8c-baf4-0bf7bd11cf18', '8f84c212-743d-548e-a6b8-1d3beef4c43f', NULL, NULL);
INSERT INTO "vocabulary"."reference" ("vocabulary_id", "lesson_code") VALUES ('58ecba76-692b-5baf-a096-62bf3e752da2', 'DUO_02_01');
INSERT INTO "vocabulary"."reference" ("vocabulary_id", "lesson_code") VALUES ('58ecba76-692b-5baf-a096-62bf3e752da2', 'GENKI3_L02');
-- それ | that one --;
INSERT INTO "vocabulary"."vocabulary" ("id", "word_class_code", "conjugation_kind_code", "jlpt_level", "row_num", "tags", "date_added") VALUES ('8373ee97-fb02-5fa4-9f3a-e6d0bfe42042', 'PRONOUN', NULL, NULL, 103, '{pointing_word}', '2022-05-30');
INSERT INTO "vocabulary"."definition" ("id", "vocabulary_id", "sort_rank", "value") VALUES ('08ede234-fd48-50ba-b534-3eb549d4b0e2', '8373ee97-fb02-5fa4-9f3a-e6d0bfe42042', 1, 'that one');
INSERT INTO "vocabulary"."spelling" ("id", "vocabulary_id", "spelling_kind_code", "value") VALUES ('bc99f576-61e4-5670-8092-01a956d90c1f', '8373ee97-fb02-5fa4-9f3a-e6d0bfe42042', 'HIRAGANA', 'それ');
INSERT INTO "vocabulary"."spelling" ("id", "vocabulary_id", "spelling_kind_code", "value") VALUES ('b8ef949d-2436-5abd-9209-173ec7b10a08', '8373ee97-fb02-5fa4-9f3a-e6d0bfe42042', 'HIRAGANA', 'それ');
INSERT INTO "vocabulary"."linkages" ("vocabulary_id", "preferred_definition_id", "preferred_spelling_id", "phonetic_spelling_id", "alt_phonetic_spelling_id", "kanji_spelling_id") VALUES ('8373ee97-fb02-5fa4-9f3a-e6d0bfe42042', '08ede234-fd48-50ba-b534-3eb549d4b0e2', 'bc99f576-61e4-5670-8092-01a956d90c1f', 'b8ef949d-2436-5abd-9209-173ec7b10a08', NULL, NULL);
INSERT INTO "vocabulary"."reference" ("vocabulary_id", "lesson_code") VALUES ('8373ee97-fb02-5fa4-9f3a-e6d0bfe42042', 'DUO_02_01');
INSERT INTO "vocabulary"."reference" ("vocabulary_id", "lesson_code") VALUES ('8373ee97-fb02-5fa4-9f3a-e6d0bfe42042', 'GENKI3_L02');
-- あれ | that one over there --;
INSERT INTO "vocabulary"."vocabulary" ("id", "word_class_code", "conjugation_kind_code", "jlpt_level", "row_num", "tags", "date_added") VALUES ('e3286acb-a31b-5fb6-9c16-28ac16fcc269', 'PRONOUN', NULL, NULL, 104, '{pointing_word}', '2022-05-30');
INSERT INTO "vocabulary"."definition" ("id", "vocabulary_id", "sort_rank", "value") VALUES ('0fd531aa-0133-5358-a50b-ec5c15fe0f67', 'e3286acb-a31b-5fb6-9c16-28ac16fcc269', 1, 'that one over there');
INSERT INTO "vocabulary"."spelling" ("id", "vocabulary_id", "spelling_kind_code", "value") VALUES ('4c6e3cf6-649a-5445-b4d5-57f03477fbda', 'e3286acb-a31b-5fb6-9c16-28ac16fcc269', 'HIRAGANA', 'あれ');
INSERT INTO "vocabulary"."spelling" ("id", "vocabulary_id", "spelling_kind_code", "value") VALUES ('4b59bdd2-228d-5fad-b60e-0b352cc5c1d6', 'e3286acb-a31b-5fb6-9c16-28ac16fcc269', 'HIRAGANA', 'あれ');
INSERT INTO "vocabulary"."linkages" ("vocabulary_id", "preferred_definition_id", "preferred_spelling_id", "phonetic_spelling_id", "alt_phonetic_spelling_id", "kanji_spelling_id") VALUES ('e3286acb-a31b-5fb6-9c16-28ac16fcc269', '0fd531aa-0133-5358-a50b-ec5c15fe0f67', '4c6e3cf6-649a-5445-b4d5-57f03477fbda', '4b59bdd2-228d-5fad-b60e-0b352cc5c1d6', NULL, NULL);
INSERT INTO "vocabulary"."reference" ("vocabulary_id", "lesson_code") VALUES ('e3286acb-a31b-5fb6-9c16-28ac16fcc269', 'DUO_02_01');
INSERT INTO "vocabulary"."reference" ("vocabulary_id", "lesson_code") VALUES ('e3286acb-a31b-5fb6-9c16-28ac16fcc269', 'GENKI3_L02');
-- どれ | which one --;
INSERT INTO "vocabulary"."vocabulary" ("id", "word_class_code", "conjugation_kind_code", "jlpt_level", "row_num", "tags", "date_added") VALUES ('9ef8e062-db86-5059-82be-ccc85580d5e7', 'PRONOUN', NULL, NULL, 105, '{pointing_word}', '2022-05-30');
INSERT INTO "vocabulary"."definition" ("id", "vocabulary_id", "sort_rank", "value") VALUES ('2809bb8c-a578-52c8-944f-e67dc2a71fa3', '9ef8e062-db86-5059-82be-ccc85580d5e7', 1, 'which one');
INSERT INTO "vocabulary"."spelling" ("id", "vocabulary_id", "spelling_kind_code", "value") VALUES ('c6cb21f4-a3cc-5157-8741-b2f6d0e4a82b', '9ef8e062-db86-5059-82be-ccc85580d5e7', 'HIRAGANA', 'どれ');
INSERT INTO "vocabulary"."spelling" ("id", "vocabulary_id", "spelling_kind_code", "value") VALUES ('506d6916-8213-5457-bb9e-7bda244e92dc', '9ef8e062-db86-5059-82be-ccc85580d5e7', 'HIRAGANA', 'どれ');
INSERT INTO "vocabulary"."linkages" ("vocabulary_id", "preferred_definition_id", "preferred_spelling_id", "phonetic_spelling_id", "alt_phonetic_spelling_id", "kanji_spelling_id") VALUES ('9ef8e062-db86-5059-82be-ccc85580d5e7', '2809bb8c-a578-52c8-944f-e67dc2a71fa3', 'c6cb21f4-a3cc-5157-8741-b2f6d0e4a82b', '506d6916-8213-5457-bb9e-7bda244e92dc', NULL, NULL);
INSERT INTO "vocabulary"."reference" ("vocabulary_id", "lesson_code") VALUES ('9ef8e062-db86-5059-82be-ccc85580d5e7', 'DUO_02_01');
INSERT INTO "vocabulary"."reference" ("vocabulary_id", "lesson_code") VALUES ('9ef8e062-db86-5059-82be-ccc85580d5e7', 'GENKI3_L02');
-- この〜 | this... --;
INSERT INTO "vocabulary"."vocabulary" ("id", "word_class_code", "conjugation_kind_code", "jlpt_level", "row_num", "tags", "date_added") VALUES ('430b4ea9-6092-52c7-b2bf-4300de6196c7', 'PRONOUN', NULL, NULL, 106, '{pointing_word}', '2022-05-30');
INSERT INTO "vocabulary"."definition" ("id", "vocabulary_id", "sort_rank", "value") VALUES ('e7db2bce-df1e-5edc-bf3d-e6c73a47737c', '430b4ea9-6092-52c7-b2bf-4300de6196c7', 1, 'this...');
INSERT INTO "vocabulary"."spelling" ("id", "vocabulary_id", "spelling_kind_code", "value") VALUES ('912c326a-0a7a-5558-8bbd-974ccf5e7338', '430b4ea9-6092-52c7-b2bf-4300de6196c7', 'HIRAGANA', 'この〜');
INSERT INTO "vocabulary"."spelling" ("id", "vocabulary_id", "spelling_kind_code", "value") VALUES ('3d6aab7c-3208-57de-8781-720c7e8013a8', '430b4ea9-6092-52c7-b2bf-4300de6196c7', 'HIRAGANA', 'この〜');
INSERT INTO "vocabulary"."linkages" ("vocabulary_id", "preferred_definition_id", "preferred_spelling_id", "phonetic_spelling_id", "alt_phonetic_spelling_id", "kanji_spelling_id") VALUES ('430b4ea9-6092-52c7-b2bf-4300de6196c7', 'e7db2bce-df1e-5edc-bf3d-e6c73a47737c', '912c326a-0a7a-5558-8bbd-974ccf5e7338', '3d6aab7c-3208-57de-8781-720c7e8013a8', NULL, NULL);
INSERT INTO "vocabulary"."reference" ("vocabulary_id", "lesson_code") VALUES ('430b4ea9-6092-52c7-b2bf-4300de6196c7', 'GENKI3_L02');
-- その〜 | that... --;
INSERT INTO "vocabulary"."vocabulary" ("id", "word_class_code", "conjugation_kind_code", "jlpt_level", "row_num", "tags", "date_added") VALUES ('9d9f54be-2a19-5147-8935-e7c3c887fa03', 'PRONOUN', NULL, NULL, 107, '{pointing_word}', '2022-05-30');
INSERT INTO "vocabulary"."definition" ("id", "vocabulary_id", "sort_rank", "value") VALUES ('fc9e4edf-052d-5978-83b9-194f6a0a88ee', '9d9f54be-2a19-5147-8935-e7c3c887fa03', 1, 'that...');
INSERT INTO "vocabulary"."spelling" ("id", "vocabulary_id", "spelling_kind_code", "value") VALUES ('1ec1e0ef-7799-5dfa-9f03-68e519125802', '9d9f54be-2a19-5147-8935-e7c3c887fa03', 'HIRAGANA', 'その〜');
INSERT INTO "vocabulary"."spelling" ("id", "vocabulary_id", "spelling_kind_code", "value") VALUES ('825c9e04-c7c5-5aa5-9fa7-159c4a25e903', '9d9f54be-2a19-5147-8935-e7c3c887fa03', 'HIRAGANA', 'その〜');
INSERT INTO "vocabulary"."linkages" ("vocabulary_id", "preferred_definition_id", "preferred_spelling_id", "phonetic_spelling_id", "alt_phonetic_spelling_id", "kanji_spelling_id") VALUES ('9d9f54be-2a19-5147-8935-e7c3c887fa03', 'fc9e4edf-052d-5978-83b9-194f6a0a88ee', '1ec1e0ef-7799-5dfa-9f03-68e519125802', '825c9e04-c7c5-5aa5-9fa7-159c4a25e903', NULL, NULL);
INSERT INTO "vocabulary"."reference" ("vocabulary_id", "lesson_code") VALUES ('9d9f54be-2a19-5147-8935-e7c3c887fa03', 'GENKI3_L02');
-- あの〜 | that... over there --;
INSERT INTO "vocabulary"."vocabulary" ("id", "word_class_code", "conjugation_kind_code", "jlpt_level", "row_num", "tags", "date_added") VALUES ('908efe1a-b6e9-55d5-b550-461cea175af4', 'PRONOUN', NULL, NULL, 108, '{pointing_word}', '2022-05-30');
INSERT INTO "vocabulary"."definition" ("id", "vocabulary_id", "sort_rank", "value") VALUES ('9135318b-8521-5cbc-bfa1-80313d877c07', '908efe1a-b6e9-55d5-b550-461cea175af4', 1, 'that... over there');
INSERT INTO "vocabulary"."spelling" ("id", "vocabulary_id", "spelling_kind_code", "value") VALUES ('c0175ef2-ebc7-5b4e-be20-ada862fc6353', '908efe1a-b6e9-55d5-b550-461cea175af4', 'HIRAGANA', 'あの〜');
INSERT INTO "vocabulary"."spelling" ("id", "vocabulary_id", "spelling_kind_code", "value") VALUES ('dc5f7c7d-c25e-5680-b5d8-bae005da375a', '908efe1a-b6e9-55d5-b550-461cea175af4', 'HIRAGANA', 'あの〜');
INSERT INTO "vocabulary"."linkages" ("vocabulary_id", "preferred_definition_id", "preferred_spelling_id", "phonetic_spelling_id", "alt_phonetic_spelling_id", "kanji_spelling_id") VALUES ('908efe1a-b6e9-55d5-b550-461cea175af4', '9135318b-8521-5cbc-bfa1-80313d877c07', 'c0175ef2-ebc7-5b4e-be20-ada862fc6353', 'dc5f7c7d-c25e-5680-b5d8-bae005da375a', NULL, NULL);
INSERT INTO "vocabulary"."reference" ("vocabulary_id", "lesson_code") VALUES ('908efe1a-b6e9-55d5-b550-461cea175af4', 'GENKI3_L02');
-- どの〜 | which.... --;
INSERT INTO "vocabulary"."vocabulary" ("id", "word_class_code", "conjugation_kind_code", "jlpt_level", "row_num", "tags", "date_added") VALUES ('a9b7cffc-2d14-58ae-818b-3ac3b6e6e4d0', 'PRONOUN', NULL, NULL, 109, '{pointing_word}', '2022-05-30');
INSERT INTO "vocabulary"."definition" ("id", "vocabulary_id", "sort_rank", "value") VALUES ('2cff90de-c3a7-5029-a9c9-7f7ee37b3eac', 'a9b7cffc-2d14-58ae-818b-3ac3b6e6e4d0', 1, 'which....');
INSERT INTO "vocabulary"."spelling" ("id", "vocabulary_id", "spelling_kind_code", "value") VALUES ('0c6f235f-da33-5cbc-b69c-ab51b15fe332', 'a9b7cffc-2d14-58ae-818b-3ac3b6e6e4d0', 'HIRAGANA', 'どの〜');
INSERT INTO "vocabulary"."spelling" ("id", "vocabulary_id", "spelling_kind_code", "value") VALUES ('d2bdebfe-e023-5b7e-b332-402230465755', 'a9b7cffc-2d14-58ae-818b-3ac3b6e6e4d0', 'HIRAGANA', 'どの〜');
INSERT INTO "vocabulary"."linkages" ("vocabulary_id", "preferred_definition_id", "preferred_spelling_id", "phonetic_spelling_id", "alt_phonetic_spelling_id", "kanji_spelling_id") VALUES ('a9b7cffc-2d14-58ae-818b-3ac3b6e6e4d0', '2cff90de-c3a7-5029-a9c9-7f7ee37b3eac', '0c6f235f-da33-5cbc-b69c-ab51b15fe332', 'd2bdebfe-e023-5b7e-b332-402230465755', NULL, NULL);
INSERT INTO "vocabulary"."reference" ("vocabulary_id", "lesson_code") VALUES ('a9b7cffc-2d14-58ae-818b-3ac3b6e6e4d0', 'GENKI3_L02');
-- ここ | here --;
INSERT INTO "vocabulary"."vocabulary" ("id", "word_class_code", "conjugation_kind_code", "jlpt_level", "row_num", "tags", "date_added") VALUES ('9c591bfa-c4a7-5263-b2b1-7c8d14e10c34', 'PRONOUN', NULL, NULL, 110, '{pointing_word}', '2022-05-30');
INSERT INTO "vocabulary"."definition" ("id", "vocabulary_id", "sort_rank", "value") VALUES ('ba4bace5-1ffe-5eaf-aaf4-a949b4b66b09', '9c591bfa-c4a7-5263-b2b1-7c8d14e10c34', 1, 'here');
INSERT INTO "vocabulary"."spelling" ("id", "vocabulary_id", "spelling_kind_code", "value") VALUES ('333fa2b7-675c-5da5-9ad5-bf0731289dc1', '9c591bfa-c4a7-5263-b2b1-7c8d14e10c34', 'HIRAGANA', 'ここ');
INSERT INTO "vocabulary"."spelling" ("id", "vocabulary_id", "spelling_kind_code", "value") VALUES ('e9307239-10f6-56ae-8fbb-c8c486da744f', '9c591bfa-c4a7-5263-b2b1-7c8d14e10c34', 'HIRAGANA', 'ここ');
INSERT INTO "vocabulary"."linkages" ("vocabulary_id", "preferred_definition_id", "preferred_spelling_id", "phonetic_spelling_id", "alt_phonetic_spelling_id", "kanji_spelling_id") VALUES ('9c591bfa-c4a7-5263-b2b1-7c8d14e10c34', 'ba4bace5-1ffe-5eaf-aaf4-a949b4b66b09', '333fa2b7-675c-5da5-9ad5-bf0731289dc1', 'e9307239-10f6-56ae-8fbb-c8c486da744f', NULL, NULL);
INSERT INTO "vocabulary"."reference" ("vocabulary_id", "lesson_code") VALUES ('9c591bfa-c4a7-5263-b2b1-7c8d14e10c34', 'GENKI3_L02');
-- そこ | there --;
INSERT INTO "vocabulary"."vocabulary" ("id", "word_class_code", "conjugation_kind_code", "jlpt_level", "row_num", "tags", "date_added") VALUES ('0279527b-c398-5856-aad3-11b834907f56', 'PRONOUN', NULL, NULL, 111, '{pointing_word}', '2022-05-30');
INSERT INTO "vocabulary"."definition" ("id", "vocabulary_id", "sort_rank", "value") VALUES ('70c2785e-931b-52a4-a627-b450554241ad', '0279527b-c398-5856-aad3-11b834907f56', 1, 'there');
INSERT INTO "vocabulary"."spelling" ("id", "vocabulary_id", "spelling_kind_code", "value") VALUES ('0603aa52-cc49-55a8-af60-f31684779b3d', '0279527b-c398-5856-aad3-11b834907f56', 'HIRAGANA', 'そこ');
INSERT INTO "vocabulary"."spelling" ("id", "vocabulary_id", "spelling_kind_code", "value") VALUES ('88ea0a4c-fc5a-593b-b468-5b6d7e36bb75', '0279527b-c398-5856-aad3-11b834907f56', 'HIRAGANA', 'そこ');
INSERT INTO "vocabulary"."linkages" ("vocabulary_id", "preferred_definition_id", "preferred_spelling_id", "phonetic_spelling_id", "alt_phonetic_spelling_id", "kanji_spelling_id") VALUES ('0279527b-c398-5856-aad3-11b834907f56', '70c2785e-931b-52a4-a627-b450554241ad', '0603aa52-cc49-55a8-af60-f31684779b3d', '88ea0a4c-fc5a-593b-b468-5b6d7e36bb75', NULL, NULL);
INSERT INTO "vocabulary"."reference" ("vocabulary_id", "lesson_code") VALUES ('0279527b-c398-5856-aad3-11b834907f56', 'GENKI3_L02');
-- あそこ | over there --;
INSERT INTO "vocabulary"."vocabulary" ("id", "word_class_code", "conjugation_kind_code", "jlpt_level", "row_num", "tags", "date_added") VALUES ('5587745e-e524-5159-8fe6-1e8637b90455', 'PRONOUN', NULL, NULL, 112, '{pointing_word}', '2022-05-30');
INSERT INTO "vocabulary"."definition" ("id", "vocabulary_id", "sort_rank", "value") VALUES ('678757fb-a77b-52fa-a850-48092303ae83', '5587745e-e524-5159-8fe6-1e8637b90455', 1, 'over there');
INSERT INTO "vocabulary"."spelling" ("id", "vocabulary_id", "spelling_kind_code", "value") VALUES ('52665a21-4359-5c7d-ac54-59cd11112eb5', '5587745e-e524-5159-8fe6-1e8637b90455', 'HIRAGANA', 'あそこ');
INSERT INTO "vocabulary"."spelling" ("id", "vocabulary_id", "spelling_kind_code", "value") VALUES ('fadec52b-e747-5657-bf0a-3e43ac0f19e2', '5587745e-e524-5159-8fe6-1e8637b90455', 'HIRAGANA', 'あそこ');
INSERT INTO "vocabulary"."linkages" ("vocabulary_id", "preferred_definition_id", "preferred_spelling_id", "phonetic_spelling_id", "alt_phonetic_spelling_id", "kanji_spelling_id") VALUES ('5587745e-e524-5159-8fe6-1e8637b90455', '678757fb-a77b-52fa-a850-48092303ae83', '52665a21-4359-5c7d-ac54-59cd11112eb5', 'fadec52b-e747-5657-bf0a-3e43ac0f19e2', NULL, NULL);
INSERT INTO "vocabulary"."reference" ("vocabulary_id", "lesson_code") VALUES ('5587745e-e524-5159-8fe6-1e8637b90455', 'GENKI3_L02');
-- どこ | where --;
INSERT INTO "vocabulary"."vocabulary" ("id", "word_class_code", "conjugation_kind_code", "jlpt_level", "row_num", "tags", "date_added") VALUES ('1502a2cb-059c-5a9f-baab-af68a0d09ac8', 'PRONOUN', NULL, NULL, 113, '{pointing_word}', '2022-05-30');
INSERT INTO "vocabulary"."definition" ("id", "vocabulary_id", "sort_rank", "value") VALUES ('9d82b99e-c82b-5908-a9f5-10afbfae112e', '1502a2cb-059c-5a9f-baab-af68a0d09ac8', 1, 'where');
INSERT INTO "vocabulary"."spelling" ("id", "vocabulary_id", "spelling_kind_code", "value") VALUES ('2e424c81-176e-570a-8f58-1736b3f111a5', '1502a2cb-059c-5a9f-baab-af68a0d09ac8', 'HIRAGANA', 'どこ');
INSERT INTO "vocabulary"."spelling" ("id", "vocabulary_id", "spelling_kind_code", "value") VALUES ('e3002ce1-acfc-58d7-b744-69827cf7aca3', '1502a2cb-059c-5a9f-baab-af68a0d09ac8', 'HIRAGANA', 'どこ');
INSERT INTO "vocabulary"."linkages" ("vocabulary_id", "preferred_definition_id", "preferred_spelling_id", "phonetic_spelling_id", "alt_phonetic_spelling_id", "kanji_spelling_id") VALUES ('1502a2cb-059c-5a9f-baab-af68a0d09ac8', '9d82b99e-c82b-5908-a9f5-10afbfae112e', '2e424c81-176e-570a-8f58-1736b3f111a5', 'e3002ce1-acfc-58d7-b744-69827cf7aca3', NULL, NULL);
INSERT INTO "vocabulary"."reference" ("vocabulary_id", "lesson_code") VALUES ('1502a2cb-059c-5a9f-baab-af68a0d09ac8', 'GENKI3_L02');
-- 誰 | who --;
INSERT INTO "vocabulary"."vocabulary" ("id", "word_class_code", "conjugation_kind_code", "jlpt_level", "row_num", "tags", "date_added") VALUES ('93eaf294-a292-5980-b17e-de43755335c9', 'PRONOUN', NULL, NULL, 114, '{pointing_word}', '2022-05-30');
INSERT INTO "vocabulary"."definition" ("id", "vocabulary_id", "sort_rank", "value") VALUES ('9bf2efe4-328f-59c9-9d1f-c7c95d509246', '93eaf294-a292-5980-b17e-de43755335c9', 1, 'who');
INSERT INTO "vocabulary"."spelling" ("id", "vocabulary_id", "spelling_kind_code", "value") VALUES ('1d61c80a-9eed-5659-9a65-346d263ad0ea', '93eaf294-a292-5980-b17e-de43755335c9', 'KANJI', '誰');
INSERT INTO "vocabulary"."spelling" ("id", "vocabulary_id", "spelling_kind_code", "value") VALUES ('6c1bdfcc-b6fd-5443-8596-a4d7fa60bb3c', '93eaf294-a292-5980-b17e-de43755335c9', 'HIRAGANA', 'だれ');
INSERT INTO "vocabulary"."spelling" ("id", "vocabulary_id", "spelling_kind_code", "value") VALUES ('c2628308-c4b2-5443-a778-b3f4c897d318', '93eaf294-a292-5980-b17e-de43755335c9', 'KANJI', '誰');
INSERT INTO "vocabulary"."linkages" ("vocabulary_id", "preferred_definition_id", "preferred_spelling_id", "phonetic_spelling_id", "alt_phonetic_spelling_id", "kanji_spelling_id") VALUES ('93eaf294-a292-5980-b17e-de43755335c9', '9bf2efe4-328f-59c9-9d1f-c7c95d509246', '1d61c80a-9eed-5659-9a65-346d263ad0ea', '6c1bdfcc-b6fd-5443-8596-a4d7fa60bb3c', NULL, 'c2628308-c4b2-5443-a778-b3f4c897d318');
INSERT INTO "vocabulary"."reference" ("vocabulary_id", "lesson_code") VALUES ('93eaf294-a292-5980-b17e-de43755335c9', 'DUO_02_07');
INSERT INTO "vocabulary"."reference" ("vocabulary_id", "lesson_code") VALUES ('93eaf294-a292-5980-b17e-de43755335c9', 'GENKI3_L02');
-- おいし | delicious --;
INSERT INTO "vocabulary"."vocabulary" ("id", "word_class_code", "conjugation_kind_code", "jlpt_level", "row_num", "tags", "date_added") VALUES ('f5fce96d-2982-5d7a-b7ce-9dc8914c6ab3', 'ADJECTIVE', 'I_ADJECTIVE', NULL, 115, '{food}', '2022-05-30');
INSERT INTO "vocabulary"."definition" ("id", "vocabulary_id", "sort_rank", "value") VALUES ('2bcb03ad-2d1d-5ea4-b656-f5257150dcca', 'f5fce96d-2982-5d7a-b7ce-9dc8914c6ab3', 1, 'delicious');
INSERT INTO "vocabulary"."spelling" ("id", "vocabulary_id", "spelling_kind_code", "value") VALUES ('19184959-63c9-59be-9ae4-ed49eaebc1b9', 'f5fce96d-2982-5d7a-b7ce-9dc8914c6ab3', 'HIRAGANA', 'おいし');
INSERT INTO "vocabulary"."spelling" ("id", "vocabulary_id", "spelling_kind_code", "value") VALUES ('02a8a831-b1ff-55a7-bb79-091cadec4716', 'f5fce96d-2982-5d7a-b7ce-9dc8914c6ab3', 'HIRAGANA', 'おいし');
INSERT INTO "vocabulary"."spelling" ("id", "vocabulary_id", "spelling_kind_code", "value") VALUES ('7d51e920-23a5-5bd6-8e53-c598cc31af8d', 'f5fce96d-2982-5d7a-b7ce-9dc8914c6ab3', 'KANJI', '美味しい');
INSERT INTO "vocabulary"."linkages" ("vocabulary_id", "preferred_definition_id", "preferred_spelling_id", "phonetic_spelling_id", "alt_phonetic_spelling_id", "kanji_spelling_id") VALUES ('f5fce96d-2982-5d7a-b7ce-9dc8914c6ab3', '2bcb03ad-2d1d-5ea4-b656-f5257150dcca', '19184959-63c9-59be-9ae4-ed49eaebc1b9', '02a8a831-b1ff-55a7-bb79-091cadec4716', NULL, '7d51e920-23a5-5bd6-8e53-c598cc31af8d');
INSERT INTO "vocabulary"."reference" ("vocabulary_id", "lesson_code") VALUES ('f5fce96d-2982-5d7a-b7ce-9dc8914c6ab3', 'GENKI3_L02');
-- うまい | delicious! (slang) --;
INSERT INTO "vocabulary"."vocabulary" ("id", "word_class_code", "conjugation_kind_code", "jlpt_level", "row_num", "tags", "date_added") VALUES ('10a5183d-9b5d-58c7-885f-0210e56c1dca', 'ADJECTIVE', 'I_ADJECTIVE', NULL, 116, '{food}', '2022-05-30');
INSERT INTO "vocabulary"."definition" ("id", "vocabulary_id", "sort_rank", "value") VALUES ('8391e60e-b6a7-5f74-bc0d-bd9e8d2e837a', '10a5183d-9b5d-58c7-885f-0210e56c1dca', 1, 'delicious! (slang)');
INSERT INTO "vocabulary"."spelling" ("id", "vocabulary_id", "spelling_kind_code", "value") VALUES ('1792caa0-a6cd-592a-993d-36ce2cc6fbab', '10a5183d-9b5d-58c7-885f-0210e56c1dca', 'HIRAGANA', 'うまい');
INSERT INTO "vocabulary"."spelling" ("id", "vocabulary_id", "spelling_kind_code", "value") VALUES ('a5b23dbd-088c-541a-b26f-195298f65ef4', '10a5183d-9b5d-58c7-885f-0210e56c1dca', 'HIRAGANA', 'うまい');
INSERT INTO "vocabulary"."spelling" ("id", "vocabulary_id", "spelling_kind_code", "value") VALUES ('5ed8fc8f-7e23-541f-bd5a-bcb50af11dad', '10a5183d-9b5d-58c7-885f-0210e56c1dca', 'KANJI', '上手い');
INSERT INTO "vocabulary"."linkages" ("vocabulary_id", "preferred_definition_id", "preferred_spelling_id", "phonetic_spelling_id", "alt_phonetic_spelling_id", "kanji_spelling_id") VALUES ('10a5183d-9b5d-58c7-885f-0210e56c1dca', '8391e60e-b6a7-5f74-bc0d-bd9e8d2e837a', '1792caa0-a6cd-592a-993d-36ce2cc6fbab', 'a5b23dbd-088c-541a-b26f-195298f65ef4', NULL, '5ed8fc8f-7e23-541f-bd5a-bcb50af11dad');
INSERT INTO "vocabulary"."reference" ("vocabulary_id", "lesson_code") VALUES ('10a5183d-9b5d-58c7-885f-0210e56c1dca', 'GENKI3_L02');
-- 魚 | fish --;
INSERT INTO "vocabulary"."vocabulary" ("id", "word_class_code", "conjugation_kind_code", "jlpt_level", "row_num", "tags", "date_added") VALUES ('f7aa023d-a413-562b-bf45-75367462a4b2', 'NOUN', NULL, NULL, 117, '{food}', '2022-05-30');
INSERT INTO "vocabulary"."definition" ("id", "vocabulary_id", "sort_rank", "value") VALUES ('20f1e1c3-d081-5dd1-a77f-1a9c6f40c3c8', 'f7aa023d-a413-562b-bf45-75367462a4b2', 1, 'fish');
INSERT INTO "vocabulary"."spelling" ("id", "vocabulary_id", "spelling_kind_code", "value") VALUES ('7c5fbffb-f3c7-594e-b997-88a30dc59b79', 'f7aa023d-a413-562b-bf45-75367462a4b2', 'KANJI', '魚');
INSERT INTO "vocabulary"."spelling" ("id", "vocabulary_id", "spelling_kind_code", "value") VALUES ('4ee001cb-adc6-5f42-bdd0-8391a17f215c', 'f7aa023d-a413-562b-bf45-75367462a4b2', 'KANJI', '魚');
INSERT INTO "vocabulary"."spelling" ("id", "vocabulary_id", "spelling_kind_code", "value") VALUES ('a00436b2-beb8-5337-908e-4bf5527e40ab', 'f7aa023d-a413-562b-bf45-75367462a4b2', 'KANJI', '魚');
INSERT INTO "vocabulary"."linkages" ("vocabulary_id", "preferred_definition_id", "preferred_spelling_id", "phonetic_spelling_id", "alt_phonetic_spelling_id", "kanji_spelling_id") VALUES ('f7aa023d-a413-562b-bf45-75367462a4b2', '20f1e1c3-d081-5dd1-a77f-1a9c6f40c3c8', '7c5fbffb-f3c7-594e-b997-88a30dc59b79', '4ee001cb-adc6-5f42-bdd0-8391a17f215c', NULL, 'a00436b2-beb8-5337-908e-4bf5527e40ab');
INSERT INTO "vocabulary"."reference" ("vocabulary_id", "lesson_code") VALUES ('f7aa023d-a413-562b-bf45-75367462a4b2', 'DUO_02_01');
-- とんかつ | pork cutlet --;
INSERT INTO "vocabulary"."vocabulary" ("id", "word_class_code", "conjugation_kind_code", "jlpt_level", "row_num", "tags", "date_added") VALUES ('81b8f353-cd1c-53e4-a0f4-1630c490c959', 'NOUN', NULL, NULL, 118, '{food}', '2022-05-30');
INSERT INTO "vocabulary"."definition" ("id", "vocabulary_id", "sort_rank", "value") VALUES ('f591f588-6a7c-5348-82b5-e890ed787b54', '81b8f353-cd1c-53e4-a0f4-1630c490c959', 1, 'pork cutlet');
INSERT INTO "vocabulary"."spelling" ("id", "vocabulary_id", "spelling_kind_code", "value") VALUES ('544af4a4-8176-5cb2-8726-b8068a7a536a', '81b8f353-cd1c-53e4-a0f4-1630c490c959', 'HIRAGANA', 'とんかつ');
INSERT INTO "vocabulary"."spelling" ("id", "vocabulary_id", "spelling_kind_code", "value") VALUES ('a4d18da3-cb50-50f8-af3c-9b424accaadf', '81b8f353-cd1c-53e4-a0f4-1630c490c959', 'HIRAGANA', 'とんかつ');
INSERT INTO "vocabulary"."spelling" ("id", "vocabulary_id", "spelling_kind_code", "value") VALUES ('1bc232b8-e862-54c8-b688-39799cf2dff4', '81b8f353-cd1c-53e4-a0f4-1630c490c959', 'KANJI', '豚カツ');
INSERT INTO "vocabulary"."linkages" ("vocabulary_id", "preferred_definition_id", "preferred_spelling_id", "phonetic_spelling_id", "alt_phonetic_spelling_id", "kanji_spelling_id") VALUES ('81b8f353-cd1c-53e4-a0f4-1630c490c959', 'f591f588-6a7c-5348-82b5-e890ed787b54', '544af4a4-8176-5cb2-8726-b8068a7a536a', 'a4d18da3-cb50-50f8-af3c-9b424accaadf', NULL, '1bc232b8-e862-54c8-b688-39799cf2dff4');
INSERT INTO "vocabulary"."reference" ("vocabulary_id", "lesson_code") VALUES ('81b8f353-cd1c-53e4-a0f4-1630c490c959', 'GENKI3_L02');
-- 豚骨 | pork bone (e.g. ramen broth) --;
INSERT INTO "vocabulary"."vocabulary" ("id", "word_class_code", "conjugation_kind_code", "jlpt_level", "row_num", "tags", "date_added") VALUES ('e2c0e2f3-891a-55e3-ad28-285669d27287', 'NOUN', NULL, NULL, 119, '{food}', '2022-05-30');
INSERT INTO "vocabulary"."definition" ("id", "vocabulary_id", "sort_rank", "value") VALUES ('4bf39732-92c9-5fb0-a719-0875cdefaf81', 'e2c0e2f3-891a-55e3-ad28-285669d27287', 1, 'pork bone (e.g. ramen broth)');
INSERT INTO "vocabulary"."spelling" ("id", "vocabulary_id", "spelling_kind_code", "value") VALUES ('f8334a13-fc88-5606-8e8f-4b33b8832b48', 'e2c0e2f3-891a-55e3-ad28-285669d27287', 'KANJI', '豚骨');
INSERT INTO "vocabulary"."spelling" ("id", "vocabulary_id", "spelling_kind_code", "value") VALUES ('b7bab3cf-4ec1-5122-9eeb-ec3d46383a3c', 'e2c0e2f3-891a-55e3-ad28-285669d27287', 'HIRAGANA', 'とんこつ');
INSERT INTO "vocabulary"."spelling" ("id", "vocabulary_id", "spelling_kind_code", "value") VALUES ('5f9e3393-2f37-5559-8a0e-c1c0f7d4ddd4', 'e2c0e2f3-891a-55e3-ad28-285669d27287', 'KANJI', '豚骨');
INSERT INTO "vocabulary"."linkages" ("vocabulary_id", "preferred_definition_id", "preferred_spelling_id", "phonetic_spelling_id", "alt_phonetic_spelling_id", "kanji_spelling_id") VALUES ('e2c0e2f3-891a-55e3-ad28-285669d27287', '4bf39732-92c9-5fb0-a719-0875cdefaf81', 'f8334a13-fc88-5606-8e8f-4b33b8832b48', 'b7bab3cf-4ec1-5122-9eeb-ec3d46383a3c', NULL, '5f9e3393-2f37-5559-8a0e-c1c0f7d4ddd4');
INSERT INTO "vocabulary"."reference" ("vocabulary_id", "lesson_code") VALUES ('e2c0e2f3-891a-55e3-ad28-285669d27287', 'GENKI3_L02');
-- 肉 | meat --;
INSERT INTO "vocabulary"."vocabulary" ("id", "word_class_code", "conjugation_kind_code", "jlpt_level", "row_num", "tags", "date_added") VALUES ('2dd4acb2-11ca-50c5-b365-c22616ea316d', 'NOUN', NULL, NULL, 120, '{food}', '2022-05-30');
INSERT INTO "vocabulary"."definition" ("id", "vocabulary_id", "sort_rank", "value") VALUES ('8d582b84-fdee-5200-a0ea-180645b087b6', '2dd4acb2-11ca-50c5-b365-c22616ea316d', 1, 'meat');
INSERT INTO "vocabulary"."spelling" ("id", "vocabulary_id", "spelling_kind_code", "value") VALUES ('d5975c6d-1f89-5681-ab27-3dcd7a7ffe8d', '2dd4acb2-11ca-50c5-b365-c22616ea316d', 'KANJI', '肉');
INSERT INTO "vocabulary"."spelling" ("id", "vocabulary_id", "spelling_kind_code", "value") VALUES ('d63e6e35-c8dc-56b7-9aff-8de09c1cf006', '2dd4acb2-11ca-50c5-b365-c22616ea316d', 'KANJI', '肉');
INSERT INTO "vocabulary"."spelling" ("id", "vocabulary_id", "spelling_kind_code", "value") VALUES ('b6de8641-fa84-58a8-bfc6-bca971953992', '2dd4acb2-11ca-50c5-b365-c22616ea316d', 'KANJI', '肉');
INSERT INTO "vocabulary"."linkages" ("vocabulary_id", "preferred_definition_id", "preferred_spelling_id", "phonetic_spelling_id", "alt_phonetic_spelling_id", "kanji_spelling_id") VALUES ('2dd4acb2-11ca-50c5-b365-c22616ea316d', '8d582b84-fdee-5200-a0ea-180645b087b6', 'd5975c6d-1f89-5681-ab27-3dcd7a7ffe8d', 'd63e6e35-c8dc-56b7-9aff-8de09c1cf006', NULL, 'b6de8641-fa84-58a8-bfc6-bca971953992');
INSERT INTO "vocabulary"."reference" ("vocabulary_id", "lesson_code") VALUES ('2dd4acb2-11ca-50c5-b365-c22616ea316d', 'DUO_02_01');
INSERT INTO "vocabulary"."reference" ("vocabulary_id", "lesson_code") VALUES ('2dd4acb2-11ca-50c5-b365-c22616ea316d', 'GENKI3_L02');
-- メニュー | menu --;
INSERT INTO "vocabulary"."vocabulary" ("id", "word_class_code", "conjugation_kind_code", "jlpt_level", "row_num", "tags", "date_added") VALUES ('3ab19c55-4c6a-53e0-afce-41968363d92a', 'NOUN', NULL, NULL, 121, '{food}', '2022-05-30');
INSERT INTO "vocabulary"."definition" ("id", "vocabulary_id", "sort_rank", "value") VALUES ('e96675e5-17aa-5ff2-90ad-6e9f455c2c83', '3ab19c55-4c6a-53e0-afce-41968363d92a', 1, 'menu');
INSERT INTO "vocabulary"."spelling" ("id", "vocabulary_id", "spelling_kind_code", "value") VALUES ('9be568a3-30d6-56db-a54f-3da5b342e7b4', '3ab19c55-4c6a-53e0-afce-41968363d92a', 'KATAKANA', 'メニュー');
INSERT INTO "vocabulary"."spelling" ("id", "vocabulary_id", "spelling_kind_code", "value") VALUES ('4a6631bc-3764-54a5-8a53-40b09c2a590d', '3ab19c55-4c6a-53e0-afce-41968363d92a', 'HIRAGANA', 'めにゅう');
INSERT INTO "vocabulary"."linkages" ("vocabulary_id", "preferred_definition_id", "preferred_spelling_id", "phonetic_spelling_id", "alt_phonetic_spelling_id", "kanji_spelling_id") VALUES ('3ab19c55-4c6a-53e0-afce-41968363d92a', 'e96675e5-17aa-5ff2-90ad-6e9f455c2c83', '9be568a3-30d6-56db-a54f-3da5b342e7b4', '4a6631bc-3764-54a5-8a53-40b09c2a590d', NULL, NULL);
INSERT INTO "vocabulary"."reference" ("vocabulary_id", "lesson_code") VALUES ('3ab19c55-4c6a-53e0-afce-41968363d92a', 'GENKI3_L02');
-- 野菜 | vegetables --;
INSERT INTO "vocabulary"."vocabulary" ("id", "word_class_code", "conjugation_kind_code", "jlpt_level", "row_num", "tags", "date_added") VALUES ('496222cc-1cb3-50c8-9e7e-bbc7d327b78c', 'NOUN', NULL, NULL, 122, '{food}', '2022-05-30');
INSERT INTO "vocabulary"."definition" ("id", "vocabulary_id", "sort_rank", "value") VALUES ('58218644-0390-5bfa-8ff2-856ab924b51a', '496222cc-1cb3-50c8-9e7e-bbc7d327b78c', 1, 'vegetables');
INSERT INTO "vocabulary"."spelling" ("id", "vocabulary_id", "spelling_kind_code", "value") VALUES ('bd1904a5-6b5e-5500-9579-aaf74f159fdf', '496222cc-1cb3-50c8-9e7e-bbc7d327b78c', 'KANJI', '野菜');
INSERT INTO "vocabulary"."spelling" ("id", "vocabulary_id", "spelling_kind_code", "value") VALUES ('47a1eb40-08c1-5f76-ab3d-03f6fc8ba2a3', '496222cc-1cb3-50c8-9e7e-bbc7d327b78c', 'HIRAGANA', 'やさい');
INSERT INTO "vocabulary"."spelling" ("id", "vocabulary_id", "spelling_kind_code", "value") VALUES ('ab74af61-8699-576e-9874-a82defbc1779', '496222cc-1cb3-50c8-9e7e-bbc7d327b78c', 'KANJI', '野菜');
INSERT INTO "vocabulary"."linkages" ("vocabulary_id", "preferred_definition_id", "preferred_spelling_id", "phonetic_spelling_id", "alt_phonetic_spelling_id", "kanji_spelling_id") VALUES ('496222cc-1cb3-50c8-9e7e-bbc7d327b78c', '58218644-0390-5bfa-8ff2-856ab924b51a', 'bd1904a5-6b5e-5500-9579-aaf74f159fdf', '47a1eb40-08c1-5f76-ab3d-03f6fc8ba2a3', NULL, 'ab74af61-8699-576e-9874-a82defbc1779');
INSERT INTO "vocabulary"."reference" ("vocabulary_id", "lesson_code") VALUES ('496222cc-1cb3-50c8-9e7e-bbc7d327b78c', 'DUO_02_01');
INSERT INTO "vocabulary"."reference" ("vocabulary_id", "lesson_code") VALUES ('496222cc-1cb3-50c8-9e7e-bbc7d327b78c', 'GENKI3_L02');
-- ご飯 | rice --;
INSERT INTO "vocabulary"."vocabulary" ("id", "word_class_code", "conjugation_kind_code", "jlpt_level", "row_num", "tags", "date_added") VALUES ('4fbc0a01-e32a-5449-8efe-3ae37aee4f2f', 'NOUN', NULL, NULL, 123, '{food}', '2022-05-30');
INSERT INTO "vocabulary"."definition" ("id", "vocabulary_id", "sort_rank", "value") VALUES ('eb8d1ae1-c928-588b-a208-eb5938b5238b', '4fbc0a01-e32a-5449-8efe-3ae37aee4f2f', 1, 'rice');
INSERT INTO "vocabulary"."spelling" ("id", "vocabulary_id", "spelling_kind_code", "value") VALUES ('0375c370-6e31-53cf-867d-3d448a4d8afb', '4fbc0a01-e32a-5449-8efe-3ae37aee4f2f', 'KANJI', 'ご飯');
INSERT INTO "vocabulary"."spelling" ("id", "vocabulary_id", "spelling_kind_code", "value") VALUES ('6240e106-54ef-51b7-b53f-00e9e4da4922', '4fbc0a01-e32a-5449-8efe-3ae37aee4f2f', 'HIRAGANA', 'ごはん');
INSERT INTO "vocabulary"."spelling" ("id", "vocabulary_id", "spelling_kind_code", "value") VALUES ('96145b64-f5fa-5abf-9118-9c3c66ac274e', '4fbc0a01-e32a-5449-8efe-3ae37aee4f2f', 'KANJI', 'ご飯');
INSERT INTO "vocabulary"."linkages" ("vocabulary_id", "preferred_definition_id", "preferred_spelling_id", "phonetic_spelling_id", "alt_phonetic_spelling_id", "kanji_spelling_id") VALUES ('4fbc0a01-e32a-5449-8efe-3ae37aee4f2f', 'eb8d1ae1-c928-588b-a208-eb5938b5238b', '0375c370-6e31-53cf-867d-3d448a4d8afb', '6240e106-54ef-51b7-b53f-00e9e4da4922', NULL, '96145b64-f5fa-5abf-9118-9c3c66ac274e');
INSERT INTO "vocabulary"."reference" ("vocabulary_id", "lesson_code") VALUES ('4fbc0a01-e32a-5449-8efe-3ae37aee4f2f', 'DUO_02_01');
INSERT INTO "vocabulary"."reference" ("vocabulary_id", "lesson_code") VALUES ('4fbc0a01-e32a-5449-8efe-3ae37aee4f2f', 'GENKI3_L04');
-- パン | bread --;
INSERT INTO "vocabulary"."vocabulary" ("id", "word_class_code", "conjugation_kind_code", "jlpt_level", "row_num", "tags", "date_added") VALUES ('b74ca7fa-4622-5a52-b9df-5260878e687b', 'NOUN', NULL, NULL, 124, '{food}', '2022-05-30');
INSERT INTO "vocabulary"."definition" ("id", "vocabulary_id", "sort_rank", "value") VALUES ('67e9ac43-a576-50dd-8d7a-033fe9e3a7ac', 'b74ca7fa-4622-5a52-b9df-5260878e687b', 1, 'bread');
INSERT INTO "vocabulary"."spelling" ("id", "vocabulary_id", "spelling_kind_code", "value") VALUES ('6586f88c-12d0-5bac-a10e-92786e30ad01', 'b74ca7fa-4622-5a52-b9df-5260878e687b', 'KATAKANA', 'パン');
INSERT INTO "vocabulary"."spelling" ("id", "vocabulary_id", "spelling_kind_code", "value") VALUES ('ca9a1be1-2474-588e-8a1d-fb44c2fbaab7', 'b74ca7fa-4622-5a52-b9df-5260878e687b', 'HIRAGANA', 'ぱん');
INSERT INTO "vocabulary"."linkages" ("vocabulary_id", "preferred_definition_id", "preferred_spelling_id", "phonetic_spelling_id", "alt_phonetic_spelling_id", "kanji_spelling_id") VALUES ('b74ca7fa-4622-5a52-b9df-5260878e687b', '67e9ac43-a576-50dd-8d7a-033fe9e3a7ac', '6586f88c-12d0-5bac-a10e-92786e30ad01', 'ca9a1be1-2474-588e-8a1d-fb44c2fbaab7', NULL, NULL);
INSERT INTO "vocabulary"."reference" ("vocabulary_id", "lesson_code") VALUES ('b74ca7fa-4622-5a52-b9df-5260878e687b', 'DUO_02_01');
INSERT INTO "vocabulary"."reference" ("vocabulary_id", "lesson_code") VALUES ('b74ca7fa-4622-5a52-b9df-5260878e687b', 'GENKI3_L04');
-- 卵 | egg --;
INSERT INTO "vocabulary"."vocabulary" ("id", "word_class_code", "conjugation_kind_code", "jlpt_level", "row_num", "tags", "date_added") VALUES ('5e2b2d0d-7461-56e2-a151-9a10375d5615', 'NOUN', NULL, NULL, 125, '{food}', '2022-05-30');
INSERT INTO "vocabulary"."definition" ("id", "vocabulary_id", "sort_rank", "value") VALUES ('6f5da332-3084-511c-9668-055cf9daa7d8', '5e2b2d0d-7461-56e2-a151-9a10375d5615', 1, 'egg');
INSERT INTO "vocabulary"."spelling" ("id", "vocabulary_id", "spelling_kind_code", "value") VALUES ('d95b6d55-7045-5be2-a032-b3408c31e3a4', '5e2b2d0d-7461-56e2-a151-9a10375d5615', 'KANJI', '卵');
INSERT INTO "vocabulary"."spelling" ("id", "vocabulary_id", "spelling_kind_code", "value") VALUES ('2dc0cc5b-fcb5-515b-a568-68c1c0b1254d', '5e2b2d0d-7461-56e2-a151-9a10375d5615', 'HIRAGANA', 'たまご');
INSERT INTO "vocabulary"."spelling" ("id", "vocabulary_id", "spelling_kind_code", "value") VALUES ('3ac8ab8a-21a6-5d8d-95f8-6ac94bf81e92', '5e2b2d0d-7461-56e2-a151-9a10375d5615', 'KANJI', '卵');
INSERT INTO "vocabulary"."linkages" ("vocabulary_id", "preferred_definition_id", "preferred_spelling_id", "phonetic_spelling_id", "alt_phonetic_spelling_id", "kanji_spelling_id") VALUES ('5e2b2d0d-7461-56e2-a151-9a10375d5615', '6f5da332-3084-511c-9668-055cf9daa7d8', 'd95b6d55-7045-5be2-a032-b3408c31e3a4', '2dc0cc5b-fcb5-515b-a568-68c1c0b1254d', NULL, '3ac8ab8a-21a6-5d8d-95f8-6ac94bf81e92');
INSERT INTO "vocabulary"."reference" ("vocabulary_id", "lesson_code") VALUES ('5e2b2d0d-7461-56e2-a151-9a10375d5615', 'DUO_02_06');
-- りんご | apple --;
INSERT INTO "vocabulary"."vocabulary" ("id", "word_class_code", "conjugation_kind_code", "jlpt_level", "row_num", "tags", "date_added") VALUES ('12c11165-7996-5b13-bf19-c3afc419afb2', 'NOUN', NULL, NULL, 126, '{food}', '2022-05-30');
INSERT INTO "vocabulary"."definition" ("id", "vocabulary_id", "sort_rank", "value") VALUES ('1e25848a-875b-5aad-88bb-9edbb686f297', '12c11165-7996-5b13-bf19-c3afc419afb2', 1, 'apple');
INSERT INTO "vocabulary"."spelling" ("id", "vocabulary_id", "spelling_kind_code", "value") VALUES ('111d0fd8-790b-569c-a95c-f443ca683eae', '12c11165-7996-5b13-bf19-c3afc419afb2', 'HIRAGANA', 'りんご');
INSERT INTO "vocabulary"."spelling" ("id", "vocabulary_id", "spelling_kind_code", "value") VALUES ('5d553c7a-18f4-5e49-ada5-16ee5ee2b1ec', '12c11165-7996-5b13-bf19-c3afc419afb2', 'HIRAGANA', 'りんご');
INSERT INTO "vocabulary"."spelling" ("id", "vocabulary_id", "spelling_kind_code", "value") VALUES ('adaa739c-ac69-59b7-98ca-4b4ca99e4d1b', '12c11165-7996-5b13-bf19-c3afc419afb2', 'KANJI', '林檎');
INSERT INTO "vocabulary"."linkages" ("vocabulary_id", "preferred_definition_id", "preferred_spelling_id", "phonetic_spelling_id", "alt_phonetic_spelling_id", "kanji_spelling_id") VALUES ('12c11165-7996-5b13-bf19-c3afc419afb2', '1e25848a-875b-5aad-88bb-9edbb686f297', '111d0fd8-790b-569c-a95c-f443ca683eae', '5d553c7a-18f4-5e49-ada5-16ee5ee2b1ec', NULL, 'adaa739c-ac69-59b7-98ca-4b4ca99e4d1b');
INSERT INTO "vocabulary"."reference" ("vocabulary_id", "lesson_code") VALUES ('12c11165-7996-5b13-bf19-c3afc419afb2', 'DUO_02_06');
-- 〜つ | counter for hito-futa-mi system --;
INSERT INTO "vocabulary"."vocabulary" ("id", "word_class_code", "conjugation_kind_code", "jlpt_level", "row_num", "tags", "date_added") VALUES ('1cf2249c-7785-424d-9a67-1c3ff6253938', 'COUNTER', NULL, NULL, 127, '{}', '2022-05-30');
INSERT INTO "vocabulary"."definition" ("id", "vocabulary_id", "sort_rank", "value") VALUES ('c1f29785-ec1f-5d7c-8798-7f99119ea65e', '1cf2249c-7785-424d-9a67-1c3ff6253938', 1, 'counter for hito-futa-mi system');
INSERT INTO "vocabulary"."spelling" ("id", "vocabulary_id", "spelling_kind_code", "value") VALUES ('a0c42970-6729-5609-8bea-66b82519ef7b', '1cf2249c-7785-424d-9a67-1c3ff6253938', 'HIRAGANA', '〜つ');
INSERT INTO "vocabulary"."spelling" ("id", "vocabulary_id", "spelling_kind_code", "value") VALUES ('dbb15792-4ec7-5622-8aa2-45b217ec0144', '1cf2249c-7785-424d-9a67-1c3ff6253938', 'HIRAGANA', '〜つ');
INSERT INTO "vocabulary"."linkages" ("vocabulary_id", "preferred_definition_id", "preferred_spelling_id", "phonetic_spelling_id", "alt_phonetic_spelling_id", "kanji_spelling_id") VALUES ('1cf2249c-7785-424d-9a67-1c3ff6253938', 'c1f29785-ec1f-5d7c-8798-7f99119ea65e', 'a0c42970-6729-5609-8bea-66b82519ef7b', 'dbb15792-4ec7-5622-8aa2-45b217ec0144', NULL, NULL);
INSERT INTO "vocabulary"."reference" ("vocabulary_id", "lesson_code") VALUES ('1cf2249c-7785-424d-9a67-1c3ff6253938', 'DUO_02_06');
-- 〜個 | counter for round and clustered items --;
INSERT INTO "vocabulary"."vocabulary" ("id", "word_class_code", "conjugation_kind_code", "jlpt_level", "row_num", "tags", "date_added") VALUES ('cab23f18-7b88-4262-956c-d31a0e829cbf', 'COUNTER', NULL, NULL, 128, '{}', '2022-05-30');
INSERT INTO "vocabulary"."definition" ("id", "vocabulary_id", "sort_rank", "value") VALUES ('79b53f6e-b54e-516d-92fe-a39440fa598f', 'cab23f18-7b88-4262-956c-d31a0e829cbf', 1, 'counter for round and clustered items');
INSERT INTO "vocabulary"."spelling" ("id", "vocabulary_id", "spelling_kind_code", "value") VALUES ('101e2fff-6d85-5d27-a623-a59a41a4711c', 'cab23f18-7b88-4262-956c-d31a0e829cbf', 'KANJI', '〜個');
INSERT INTO "vocabulary"."spelling" ("id", "vocabulary_id", "spelling_kind_code", "value") VALUES ('a664556e-5667-52e3-8a4f-10aa066d8473', 'cab23f18-7b88-4262-956c-d31a0e829cbf', 'HIRAGANA', '〜こ');
INSERT INTO "vocabulary"."spelling" ("id", "vocabulary_id", "spelling_kind_code", "value") VALUES ('ba02355f-af30-5f93-ab6e-6825d17fb5e6', 'cab23f18-7b88-4262-956c-d31a0e829cbf', 'KANJI', '〜個');
INSERT INTO "vocabulary"."linkages" ("vocabulary_id", "preferred_definition_id", "preferred_spelling_id", "phonetic_spelling_id", "alt_phonetic_spelling_id", "kanji_spelling_id") VALUES ('cab23f18-7b88-4262-956c-d31a0e829cbf', '79b53f6e-b54e-516d-92fe-a39440fa598f', '101e2fff-6d85-5d27-a623-a59a41a4711c', 'a664556e-5667-52e3-8a4f-10aa066d8473', NULL, 'ba02355f-af30-5f93-ab6e-6825d17fb5e6');
INSERT INTO "vocabulary"."reference" ("vocabulary_id", "lesson_code") VALUES ('cab23f18-7b88-4262-956c-d31a0e829cbf', 'DUO_02_06');
-- 傘 | umbrella --;
INSERT INTO "vocabulary"."vocabulary" ("id", "word_class_code", "conjugation_kind_code", "jlpt_level", "row_num", "tags", "date_added") VALUES ('b1852be8-7a0e-5541-b94d-29be625cb423', 'NOUN', NULL, NULL, 129, '{things}', '2022-05-30');
INSERT INTO "vocabulary"."definition" ("id", "vocabulary_id", "sort_rank", "value") VALUES ('066e8d90-e273-5cd5-82f7-598909c9ddc4', 'b1852be8-7a0e-5541-b94d-29be625cb423', 1, 'umbrella');
INSERT INTO "vocabulary"."spelling" ("id", "vocabulary_id", "spelling_kind_code", "value") VALUES ('7419d187-732d-5ad2-a0bc-233f1fb9ad52', 'b1852be8-7a0e-5541-b94d-29be625cb423', 'KANJI', '傘');
INSERT INTO "vocabulary"."spelling" ("id", "vocabulary_id", "spelling_kind_code", "value") VALUES ('b4ecbe77-d8a1-5136-834e-7e455b1aa114', 'b1852be8-7a0e-5541-b94d-29be625cb423', 'HIRAGANA', 'かさ');
INSERT INTO "vocabulary"."spelling" ("id", "vocabulary_id", "spelling_kind_code", "value") VALUES ('82d7c4a7-d97b-536f-a4b9-504f4fed7cb0', 'b1852be8-7a0e-5541-b94d-29be625cb423', 'KANJI', '傘');
INSERT INTO "vocabulary"."linkages" ("vocabulary_id", "preferred_definition_id", "preferred_spelling_id", "phonetic_spelling_id", "alt_phonetic_spelling_id", "kanji_spelling_id") VALUES ('b1852be8-7a0e-5541-b94d-29be625cb423', '066e8d90-e273-5cd5-82f7-598909c9ddc4', '7419d187-732d-5ad2-a0bc-233f1fb9ad52', 'b4ecbe77-d8a1-5136-834e-7e455b1aa114', NULL, '82d7c4a7-d97b-536f-a4b9-504f4fed7cb0');
INSERT INTO "vocabulary"."reference" ("vocabulary_id", "lesson_code") VALUES ('b1852be8-7a0e-5541-b94d-29be625cb423', 'GENKI3_L02');
-- かばん | bag --;
INSERT INTO "vocabulary"."vocabulary" ("id", "word_class_code", "conjugation_kind_code", "jlpt_level", "row_num", "tags", "date_added") VALUES ('b5d661b7-f275-5647-a86b-cf4bd963f512', 'NOUN', NULL, NULL, 130, '{things}', '2022-05-30');
INSERT INTO "vocabulary"."definition" ("id", "vocabulary_id", "sort_rank", "value") VALUES ('d33086df-a502-5528-a1da-40dd55406a27', 'b5d661b7-f275-5647-a86b-cf4bd963f512', 1, 'bag');
INSERT INTO "vocabulary"."spelling" ("id", "vocabulary_id", "spelling_kind_code", "value") VALUES ('7311b499-24ad-533a-a844-e3a22a5754bc', 'b5d661b7-f275-5647-a86b-cf4bd963f512', 'HIRAGANA', 'かばん');
INSERT INTO "vocabulary"."spelling" ("id", "vocabulary_id", "spelling_kind_code", "value") VALUES ('a60e681d-0b5c-5f71-bef5-fb40aac18fda', 'b5d661b7-f275-5647-a86b-cf4bd963f512', 'HIRAGANA', 'かばん');
INSERT INTO "vocabulary"."spelling" ("id", "vocabulary_id", "spelling_kind_code", "value") VALUES ('f55b6215-28f9-5fce-924a-172d8355680b', 'b5d661b7-f275-5647-a86b-cf4bd963f512', 'KANJI', '鞄');
INSERT INTO "vocabulary"."linkages" ("vocabulary_id", "preferred_definition_id", "preferred_spelling_id", "phonetic_spelling_id", "alt_phonetic_spelling_id", "kanji_spelling_id") VALUES ('b5d661b7-f275-5647-a86b-cf4bd963f512', 'd33086df-a502-5528-a1da-40dd55406a27', '7311b499-24ad-533a-a844-e3a22a5754bc', 'a60e681d-0b5c-5f71-bef5-fb40aac18fda', NULL, 'f55b6215-28f9-5fce-924a-172d8355680b');
INSERT INTO "vocabulary"."reference" ("vocabulary_id", "lesson_code") VALUES ('b5d661b7-f275-5647-a86b-cf4bd963f512', 'GENKI3_L02');
-- 靴 | shoes --;
INSERT INTO "vocabulary"."vocabulary" ("id", "word_class_code", "conjugation_kind_code", "jlpt_level", "row_num", "tags", "date_added") VALUES ('96fb26f0-20df-51e0-b1c4-793ab736c2d9', 'NOUN', NULL, NULL, 131, '{things}', '2022-05-30');
INSERT INTO "vocabulary"."definition" ("id", "vocabulary_id", "sort_rank", "value") VALUES ('c30380d8-0c4b-516e-b3b6-2d7e103c6ffb', '96fb26f0-20df-51e0-b1c4-793ab736c2d9', 1, 'shoes');
INSERT INTO "vocabulary"."spelling" ("id", "vocabulary_id", "spelling_kind_code", "value") VALUES ('bd619174-1290-55b0-8dec-40082364669f', '96fb26f0-20df-51e0-b1c4-793ab736c2d9', 'KANJI', '靴');
INSERT INTO "vocabulary"."spelling" ("id", "vocabulary_id", "spelling_kind_code", "value") VALUES ('9933b3a1-2d53-5e78-b46f-8caae82b61ac', '96fb26f0-20df-51e0-b1c4-793ab736c2d9', 'HIRAGANA', 'くつ');
INSERT INTO "vocabulary"."spelling" ("id", "vocabulary_id", "spelling_kind_code", "value") VALUES ('a88fab6b-b0a0-517b-9d49-3242c6293654', '96fb26f0-20df-51e0-b1c4-793ab736c2d9', 'KANJI', '靴');
INSERT INTO "vocabulary"."linkages" ("vocabulary_id", "preferred_definition_id", "preferred_spelling_id", "phonetic_spelling_id", "alt_phonetic_spelling_id", "kanji_spelling_id") VALUES ('96fb26f0-20df-51e0-b1c4-793ab736c2d9', 'c30380d8-0c4b-516e-b3b6-2d7e103c6ffb', 'bd619174-1290-55b0-8dec-40082364669f', '9933b3a1-2d53-5e78-b46f-8caae82b61ac', NULL, 'a88fab6b-b0a0-517b-9d49-3242c6293654');
INSERT INTO "vocabulary"."reference" ("vocabulary_id", "lesson_code") VALUES ('96fb26f0-20df-51e0-b1c4-793ab736c2d9', 'GENKI3_L02');
-- 財布 | wallet --;
INSERT INTO "vocabulary"."vocabulary" ("id", "word_class_code", "conjugation_kind_code", "jlpt_level", "row_num", "tags", "date_added") VALUES ('b802b5a4-5804-5f5a-a193-e475bceaf5dd', 'NOUN', NULL, NULL, 132, '{things}', '2022-05-30');
INSERT INTO "vocabulary"."definition" ("id", "vocabulary_id", "sort_rank", "value") VALUES ('d444969e-e09d-592c-be68-d5943424ffc7', 'b802b5a4-5804-5f5a-a193-e475bceaf5dd', 1, 'wallet');
INSERT INTO "vocabulary"."spelling" ("id", "vocabulary_id", "spelling_kind_code", "value") VALUES ('f80d77d3-6203-5303-aaa3-5317527a8463', 'b802b5a4-5804-5f5a-a193-e475bceaf5dd', 'KANJI', '財布');
INSERT INTO "vocabulary"."spelling" ("id", "vocabulary_id", "spelling_kind_code", "value") VALUES ('04e60b4b-3ba0-5665-8203-f1f6ae11ed50', 'b802b5a4-5804-5f5a-a193-e475bceaf5dd', 'HIRAGANA', 'さいふ');
INSERT INTO "vocabulary"."spelling" ("id", "vocabulary_id", "spelling_kind_code", "value") VALUES ('81e16a09-eafa-5b1c-b2c1-ba184eea941d', 'b802b5a4-5804-5f5a-a193-e475bceaf5dd', 'KANJI', '財布');
INSERT INTO "vocabulary"."linkages" ("vocabulary_id", "preferred_definition_id", "preferred_spelling_id", "phonetic_spelling_id", "alt_phonetic_spelling_id", "kanji_spelling_id") VALUES ('b802b5a4-5804-5f5a-a193-e475bceaf5dd', 'd444969e-e09d-592c-be68-d5943424ffc7', 'f80d77d3-6203-5303-aaa3-5317527a8463', '04e60b4b-3ba0-5665-8203-f1f6ae11ed50', NULL, '81e16a09-eafa-5b1c-b2c1-ba184eea941d');
INSERT INTO "vocabulary"."reference" ("vocabulary_id", "lesson_code") VALUES ('b802b5a4-5804-5f5a-a193-e475bceaf5dd', 'GENKI3_L02');
-- ジーンズ | jeans --;
INSERT INTO "vocabulary"."vocabulary" ("id", "word_class_code", "conjugation_kind_code", "jlpt_level", "row_num", "tags", "date_added") VALUES ('bf5e0762-effe-5d38-8786-503cde98e504', 'NOUN', NULL, NULL, 133, '{things}', '2022-05-30');
INSERT INTO "vocabulary"."definition" ("id", "vocabulary_id", "sort_rank", "value") VALUES ('43e190eb-00aa-5f28-86be-94233b9dd6c5', 'bf5e0762-effe-5d38-8786-503cde98e504', 1, 'jeans');
INSERT INTO "vocabulary"."spelling" ("id", "vocabulary_id", "spelling_kind_code", "value") VALUES ('4df5bba9-dae9-5f23-9a35-a41c05a299ae', 'bf5e0762-effe-5d38-8786-503cde98e504', 'KATAKANA', 'ジーンズ');
INSERT INTO "vocabulary"."spelling" ("id", "vocabulary_id", "spelling_kind_code", "value") VALUES ('baf92c75-6928-50a9-9900-18378898429a', 'bf5e0762-effe-5d38-8786-503cde98e504', 'KATAKANA', 'ジーンズ');
INSERT INTO "vocabulary"."linkages" ("vocabulary_id", "preferred_definition_id", "preferred_spelling_id", "phonetic_spelling_id", "alt_phonetic_spelling_id", "kanji_spelling_id") VALUES ('bf5e0762-effe-5d38-8786-503cde98e504', '43e190eb-00aa-5f28-86be-94233b9dd6c5', '4df5bba9-dae9-5f23-9a35-a41c05a299ae', 'baf92c75-6928-50a9-9900-18378898429a', NULL, NULL);
INSERT INTO "vocabulary"."reference" ("vocabulary_id", "lesson_code") VALUES ('bf5e0762-effe-5d38-8786-503cde98e504', 'GENKI3_L02');
-- 自転車 | bicycle --;
INSERT INTO "vocabulary"."vocabulary" ("id", "word_class_code", "conjugation_kind_code", "jlpt_level", "row_num", "tags", "date_added") VALUES ('04bddd51-0749-5efe-9946-6d326f61bcb6', 'NOUN', NULL, NULL, 134, '{things}', '2022-05-30');
INSERT INTO "vocabulary"."definition" ("id", "vocabulary_id", "sort_rank", "value") VALUES ('fda2d873-a7f2-57ae-8c12-e17fcbb1ef60', '04bddd51-0749-5efe-9946-6d326f61bcb6', 1, 'bicycle');
INSERT INTO "vocabulary"."spelling" ("id", "vocabulary_id", "spelling_kind_code", "value") VALUES ('dcfc3bbc-bbff-5624-a587-b18d63979068', '04bddd51-0749-5efe-9946-6d326f61bcb6', 'KANJI', '自転車');
INSERT INTO "vocabulary"."spelling" ("id", "vocabulary_id", "spelling_kind_code", "value") VALUES ('265712d8-408a-59f9-8755-bab7c091eb66', '04bddd51-0749-5efe-9946-6d326f61bcb6', 'HIRAGANA', 'じてんしゃ');
INSERT INTO "vocabulary"."spelling" ("id", "vocabulary_id", "spelling_kind_code", "value") VALUES ('aae48e1f-a800-5d3d-af5b-ad23080c64a2', '04bddd51-0749-5efe-9946-6d326f61bcb6', 'KANJI', '自転車');
INSERT INTO "vocabulary"."linkages" ("vocabulary_id", "preferred_definition_id", "preferred_spelling_id", "phonetic_spelling_id", "alt_phonetic_spelling_id", "kanji_spelling_id") VALUES ('04bddd51-0749-5efe-9946-6d326f61bcb6', 'fda2d873-a7f2-57ae-8c12-e17fcbb1ef60', 'dcfc3bbc-bbff-5624-a587-b18d63979068', '265712d8-408a-59f9-8755-bab7c091eb66', NULL, 'aae48e1f-a800-5d3d-af5b-ad23080c64a2');
INSERT INTO "vocabulary"."reference" ("vocabulary_id", "lesson_code") VALUES ('04bddd51-0749-5efe-9946-6d326f61bcb6', 'GENKI3_L02');
-- 新聞 | newspaper --;
INSERT INTO "vocabulary"."vocabulary" ("id", "word_class_code", "conjugation_kind_code", "jlpt_level", "row_num", "tags", "date_added") VALUES ('f8a3e40d-f42e-5ba2-995d-3abc33e63a41', 'NOUN', NULL, NULL, 135, '{things}', '2022-05-30');
INSERT INTO "vocabulary"."definition" ("id", "vocabulary_id", "sort_rank", "value") VALUES ('2891e88e-1ea6-5702-809b-e211c5510cdd', 'f8a3e40d-f42e-5ba2-995d-3abc33e63a41', 1, 'newspaper');
INSERT INTO "vocabulary"."spelling" ("id", "vocabulary_id", "spelling_kind_code", "value") VALUES ('83f5b7e4-a870-5469-aad2-229280a5a456', 'f8a3e40d-f42e-5ba2-995d-3abc33e63a41', 'KANJI', '新聞');
INSERT INTO "vocabulary"."spelling" ("id", "vocabulary_id", "spelling_kind_code", "value") VALUES ('12f1bc62-4b8c-5d9f-87c5-70842ee75f3d', 'f8a3e40d-f42e-5ba2-995d-3abc33e63a41', 'HIRAGANA', 'しんぶん');
INSERT INTO "vocabulary"."spelling" ("id", "vocabulary_id", "spelling_kind_code", "value") VALUES ('ec868b5c-c5d5-5ec1-bf1c-82e06bf37276', 'f8a3e40d-f42e-5ba2-995d-3abc33e63a41', 'KANJI', '新聞');
INSERT INTO "vocabulary"."linkages" ("vocabulary_id", "preferred_definition_id", "preferred_spelling_id", "phonetic_spelling_id", "alt_phonetic_spelling_id", "kanji_spelling_id") VALUES ('f8a3e40d-f42e-5ba2-995d-3abc33e63a41', '2891e88e-1ea6-5702-809b-e211c5510cdd', '83f5b7e4-a870-5469-aad2-229280a5a456', '12f1bc62-4b8c-5d9f-87c5-70842ee75f3d', NULL, 'ec868b5c-c5d5-5ec1-bf1c-82e06bf37276');
INSERT INTO "vocabulary"."reference" ("vocabulary_id", "lesson_code") VALUES ('f8a3e40d-f42e-5ba2-995d-3abc33e63a41', 'GENKI3_L02');
-- スマホ | smart phone --;
INSERT INTO "vocabulary"."vocabulary" ("id", "word_class_code", "conjugation_kind_code", "jlpt_level", "row_num", "tags", "date_added") VALUES ('e7323b54-9fa5-5cb7-8d68-d2ebe9b379ea', 'NOUN', NULL, NULL, 136, '{things}', '2022-05-30');
INSERT INTO "vocabulary"."definition" ("id", "vocabulary_id", "sort_rank", "value") VALUES ('e73e7b71-20a1-5ebe-9a88-dc8638a47d8e', 'e7323b54-9fa5-5cb7-8d68-d2ebe9b379ea', 1, 'smart phone');
INSERT INTO "vocabulary"."spelling" ("id", "vocabulary_id", "spelling_kind_code", "value") VALUES ('79dbb83d-1408-5196-a9b8-1806b11ed4b5', 'e7323b54-9fa5-5cb7-8d68-d2ebe9b379ea', 'KATAKANA', 'スマホ');
INSERT INTO "vocabulary"."spelling" ("id", "vocabulary_id", "spelling_kind_code", "value") VALUES ('51a9ab11-f80a-5fd8-a774-b16a71b5ab3b', 'e7323b54-9fa5-5cb7-8d68-d2ebe9b379ea', 'KATAKANA', 'スマホ');
INSERT INTO "vocabulary"."linkages" ("vocabulary_id", "preferred_definition_id", "preferred_spelling_id", "phonetic_spelling_id", "alt_phonetic_spelling_id", "kanji_spelling_id") VALUES ('e7323b54-9fa5-5cb7-8d68-d2ebe9b379ea', 'e73e7b71-20a1-5ebe-9a88-dc8638a47d8e', '79dbb83d-1408-5196-a9b8-1806b11ed4b5', '51a9ab11-f80a-5fd8-a774-b16a71b5ab3b', NULL, NULL);
INSERT INTO "vocabulary"."reference" ("vocabulary_id", "lesson_code") VALUES ('e7323b54-9fa5-5cb7-8d68-d2ebe9b379ea', 'GENKI3_L02');
-- Ｔシャツ | t-shirt --;
INSERT INTO "vocabulary"."vocabulary" ("id", "word_class_code", "conjugation_kind_code", "jlpt_level", "row_num", "tags", "date_added") VALUES ('1a0585e5-3bd0-5903-90cc-d3381778da68', 'NOUN', NULL, NULL, 137, '{things}', '2022-05-30');
INSERT INTO "vocabulary"."definition" ("id", "vocabulary_id", "sort_rank", "value") VALUES ('f90bbfe2-e71e-531e-9b64-3bd1069f8082', '1a0585e5-3bd0-5903-90cc-d3381778da68', 1, 't-shirt');
INSERT INTO "vocabulary"."spelling" ("id", "vocabulary_id", "spelling_kind_code", "value") VALUES ('f1d26f3b-54c0-5b00-98e4-37ac33f8afea', '1a0585e5-3bd0-5903-90cc-d3381778da68', 'KATAKANA', 'Ｔシャツ');
INSERT INTO "vocabulary"."spelling" ("id", "vocabulary_id", "spelling_kind_code", "value") VALUES ('25d3ba1f-69e5-5414-a4c6-da7ebe2eee42', '1a0585e5-3bd0-5903-90cc-d3381778da68', 'HIRAGANA', 'ていいしゃつ');
INSERT INTO "vocabulary"."linkages" ("vocabulary_id", "preferred_definition_id", "preferred_spelling_id", "phonetic_spelling_id", "alt_phonetic_spelling_id", "kanji_spelling_id") VALUES ('1a0585e5-3bd0-5903-90cc-d3381778da68', 'f90bbfe2-e71e-531e-9b64-3bd1069f8082', 'f1d26f3b-54c0-5b00-98e4-37ac33f8afea', '25d3ba1f-69e5-5414-a4c6-da7ebe2eee42', NULL, NULL);
INSERT INTO "vocabulary"."reference" ("vocabulary_id", "lesson_code") VALUES ('1a0585e5-3bd0-5903-90cc-d3381778da68', 'GENKI3_L02');
-- 時計 | clock --;
INSERT INTO "vocabulary"."vocabulary" ("id", "word_class_code", "conjugation_kind_code", "jlpt_level", "row_num", "tags", "date_added") VALUES ('1c5e45ac-cc4a-5d53-b566-d6d832828ba0', 'NOUN', NULL, NULL, 138, '{things}', '2022-05-30');
INSERT INTO "vocabulary"."definition" ("id", "vocabulary_id", "sort_rank", "value") VALUES ('45c762b4-f2c3-531f-a103-82f36c4fca82', '1c5e45ac-cc4a-5d53-b566-d6d832828ba0', 1, 'clock');
INSERT INTO "vocabulary"."spelling" ("id", "vocabulary_id", "spelling_kind_code", "value") VALUES ('333c4df8-79d5-5424-a692-05469108ab2d', '1c5e45ac-cc4a-5d53-b566-d6d832828ba0', 'KANJI', '時計');
INSERT INTO "vocabulary"."spelling" ("id", "vocabulary_id", "spelling_kind_code", "value") VALUES ('c3724e78-f114-5f78-8a7b-feb083f7b28e', '1c5e45ac-cc4a-5d53-b566-d6d832828ba0', 'KANJI', '時計');
INSERT INTO "vocabulary"."spelling" ("id", "vocabulary_id", "spelling_kind_code", "value") VALUES ('27d7da05-bd21-5c1f-b2d8-45f78e8b5174', '1c5e45ac-cc4a-5d53-b566-d6d832828ba0', 'KANJI', '時計');
INSERT INTO "vocabulary"."linkages" ("vocabulary_id", "preferred_definition_id", "preferred_spelling_id", "phonetic_spelling_id", "alt_phonetic_spelling_id", "kanji_spelling_id") VALUES ('1c5e45ac-cc4a-5d53-b566-d6d832828ba0', '45c762b4-f2c3-531f-a103-82f36c4fca82', '333c4df8-79d5-5424-a692-05469108ab2d', 'c3724e78-f114-5f78-8a7b-feb083f7b28e', NULL, '27d7da05-bd21-5c1f-b2d8-45f78e8b5174');
INSERT INTO "vocabulary"."reference" ("vocabulary_id", "lesson_code") VALUES ('1c5e45ac-cc4a-5d53-b566-d6d832828ba0', 'GENKI3_L02');
-- ノート | notebook --;
INSERT INTO "vocabulary"."vocabulary" ("id", "word_class_code", "conjugation_kind_code", "jlpt_level", "row_num", "tags", "date_added") VALUES ('612eac67-3ec3-535e-94a3-249d60f51046', 'NOUN', NULL, NULL, 139, '{things}', '2022-05-30');
INSERT INTO "vocabulary"."definition" ("id", "vocabulary_id", "sort_rank", "value") VALUES ('9ac0bf5b-32ec-516c-8357-88dd43e6f769', '612eac67-3ec3-535e-94a3-249d60f51046', 1, 'notebook');
INSERT INTO "vocabulary"."spelling" ("id", "vocabulary_id", "spelling_kind_code", "value") VALUES ('2ab88e9d-43d5-52f6-9850-39fc7e0176f4', '612eac67-3ec3-535e-94a3-249d60f51046', 'KATAKANA', 'ノート');
INSERT INTO "vocabulary"."spelling" ("id", "vocabulary_id", "spelling_kind_code", "value") VALUES ('1fe95b6e-33a9-5a67-a3ce-d2aae90a00e3', '612eac67-3ec3-535e-94a3-249d60f51046', 'KATAKANA', 'ノート');
INSERT INTO "vocabulary"."linkages" ("vocabulary_id", "preferred_definition_id", "preferred_spelling_id", "phonetic_spelling_id", "alt_phonetic_spelling_id", "kanji_spelling_id") VALUES ('612eac67-3ec3-535e-94a3-249d60f51046', '9ac0bf5b-32ec-516c-8357-88dd43e6f769', '2ab88e9d-43d5-52f6-9850-39fc7e0176f4', '1fe95b6e-33a9-5a67-a3ce-d2aae90a00e3', NULL, NULL);
INSERT INTO "vocabulary"."reference" ("vocabulary_id", "lesson_code") VALUES ('612eac67-3ec3-535e-94a3-249d60f51046', 'GENKI3_L02');
-- ペン | pen --;
INSERT INTO "vocabulary"."vocabulary" ("id", "word_class_code", "conjugation_kind_code", "jlpt_level", "row_num", "tags", "date_added") VALUES ('442d1c8e-a848-5fa4-8fc9-d398441b4b65', 'NOUN', NULL, NULL, 140, '{things}', '2022-05-30');
INSERT INTO "vocabulary"."definition" ("id", "vocabulary_id", "sort_rank", "value") VALUES ('40c13b4d-220a-5e44-92ea-5b39a4cde327', '442d1c8e-a848-5fa4-8fc9-d398441b4b65', 1, 'pen');
INSERT INTO "vocabulary"."spelling" ("id", "vocabulary_id", "spelling_kind_code", "value") VALUES ('00233e4c-3317-567d-81a3-4c20f6adee9e', '442d1c8e-a848-5fa4-8fc9-d398441b4b65', 'KATAKANA', 'ペン');
INSERT INTO "vocabulary"."spelling" ("id", "vocabulary_id", "spelling_kind_code", "value") VALUES ('ce71b63a-1c1d-536b-b162-e72d1b7d3d35', '442d1c8e-a848-5fa4-8fc9-d398441b4b65', 'KATAKANA', 'ペン');
INSERT INTO "vocabulary"."linkages" ("vocabulary_id", "preferred_definition_id", "preferred_spelling_id", "phonetic_spelling_id", "alt_phonetic_spelling_id", "kanji_spelling_id") VALUES ('442d1c8e-a848-5fa4-8fc9-d398441b4b65', '40c13b4d-220a-5e44-92ea-5b39a4cde327', '00233e4c-3317-567d-81a3-4c20f6adee9e', 'ce71b63a-1c1d-536b-b162-e72d1b7d3d35', NULL, NULL);
INSERT INTO "vocabulary"."reference" ("vocabulary_id", "lesson_code") VALUES ('442d1c8e-a848-5fa4-8fc9-d398441b4b65', 'GENKI3_L02');
-- 帽子 | hat; cap --;
INSERT INTO "vocabulary"."vocabulary" ("id", "word_class_code", "conjugation_kind_code", "jlpt_level", "row_num", "tags", "date_added") VALUES ('5f6cc5c3-6625-5caa-9277-f43493360fc2', 'NOUN', NULL, NULL, 141, '{things}', '2022-05-30');
INSERT INTO "vocabulary"."definition" ("id", "vocabulary_id", "sort_rank", "value") VALUES ('e4ce439f-a7a5-5f2b-859f-4a00e45147a5', '5f6cc5c3-6625-5caa-9277-f43493360fc2', 1, 'hat; cap');
INSERT INTO "vocabulary"."spelling" ("id", "vocabulary_id", "spelling_kind_code", "value") VALUES ('6d4757bd-ac6f-546f-9ba8-82cb6540e15b', '5f6cc5c3-6625-5caa-9277-f43493360fc2', 'KANJI', '帽子');
INSERT INTO "vocabulary"."spelling" ("id", "vocabulary_id", "spelling_kind_code", "value") VALUES ('b809e148-efda-5c72-9f1b-e259a8f3d88b', '5f6cc5c3-6625-5caa-9277-f43493360fc2', 'HIRAGANA', 'ぼうし');
INSERT INTO "vocabulary"."spelling" ("id", "vocabulary_id", "spelling_kind_code", "value") VALUES ('7f6cae90-45b9-5aaf-96d7-d26ba4a1b4be', '5f6cc5c3-6625-5caa-9277-f43493360fc2', 'KANJI', '帽子');
INSERT INTO "vocabulary"."linkages" ("vocabulary_id", "preferred_definition_id", "preferred_spelling_id", "phonetic_spelling_id", "alt_phonetic_spelling_id", "kanji_spelling_id") VALUES ('5f6cc5c3-6625-5caa-9277-f43493360fc2', 'e4ce439f-a7a5-5f2b-859f-4a00e45147a5', '6d4757bd-ac6f-546f-9ba8-82cb6540e15b', 'b809e148-efda-5c72-9f1b-e259a8f3d88b', NULL, '7f6cae90-45b9-5aaf-96d7-d26ba4a1b4be');
INSERT INTO "vocabulary"."reference" ("vocabulary_id", "lesson_code") VALUES ('5f6cc5c3-6625-5caa-9277-f43493360fc2', 'GENKI3_L02');
-- 本 | book --;
INSERT INTO "vocabulary"."vocabulary" ("id", "word_class_code", "conjugation_kind_code", "jlpt_level", "row_num", "tags", "date_added") VALUES ('6d055f49-622a-5d8a-a7d2-11de3279b9ce', 'NOUN', NULL, NULL, 142, '{things}', '2022-05-30');
INSERT INTO "vocabulary"."definition" ("id", "vocabulary_id", "sort_rank", "value") VALUES ('6d449408-4cc5-5ce6-a23a-620d46ec772c', '6d055f49-622a-5d8a-a7d2-11de3279b9ce', 1, 'book');
INSERT INTO "vocabulary"."spelling" ("id", "vocabulary_id", "spelling_kind_code", "value") VALUES ('18fd2601-7d24-5c48-9702-69c3d7c39058', '6d055f49-622a-5d8a-a7d2-11de3279b9ce', 'KANJI', '本');
INSERT INTO "vocabulary"."spelling" ("id", "vocabulary_id", "spelling_kind_code", "value") VALUES ('77b9071f-32b8-54b8-982a-900932eda42c', '6d055f49-622a-5d8a-a7d2-11de3279b9ce', 'HIRAGANA', 'ほん');
INSERT INTO "vocabulary"."spelling" ("id", "vocabulary_id", "spelling_kind_code", "value") VALUES ('e4e0ab5a-42f7-54e7-9a33-504d8d50224c', '6d055f49-622a-5d8a-a7d2-11de3279b9ce', 'KANJI', '本');
INSERT INTO "vocabulary"."linkages" ("vocabulary_id", "preferred_definition_id", "preferred_spelling_id", "phonetic_spelling_id", "alt_phonetic_spelling_id", "kanji_spelling_id") VALUES ('6d055f49-622a-5d8a-a7d2-11de3279b9ce', '6d449408-4cc5-5ce6-a23a-620d46ec772c', '18fd2601-7d24-5c48-9702-69c3d7c39058', '77b9071f-32b8-54b8-982a-900932eda42c', NULL, 'e4e0ab5a-42f7-54e7-9a33-504d8d50224c');
INSERT INTO "vocabulary"."reference" ("vocabulary_id", "lesson_code") VALUES ('6d055f49-622a-5d8a-a7d2-11de3279b9ce', 'GENKI3_L02');
-- 銀行 | bank --;
INSERT INTO "vocabulary"."vocabulary" ("id", "word_class_code", "conjugation_kind_code", "jlpt_level", "row_num", "tags", "date_added") VALUES ('3a52dad1-de68-523b-b6ad-3148496bcf8e', 'NOUN', NULL, NULL, 143, '{place}', '2022-05-30');
INSERT INTO "vocabulary"."definition" ("id", "vocabulary_id", "sort_rank", "value") VALUES ('08f85415-eb18-52c0-aa78-285419232907', '3a52dad1-de68-523b-b6ad-3148496bcf8e', 1, 'bank');
INSERT INTO "vocabulary"."spelling" ("id", "vocabulary_id", "spelling_kind_code", "value") VALUES ('6c2ab6fa-5130-5d89-bc99-09c2a7d3102a', '3a52dad1-de68-523b-b6ad-3148496bcf8e', 'KANJI', '銀行');
INSERT INTO "vocabulary"."spelling" ("id", "vocabulary_id", "spelling_kind_code", "value") VALUES ('c6012a3e-2d80-544d-bf9e-3a7e746a515b', '3a52dad1-de68-523b-b6ad-3148496bcf8e', 'HIRAGANA', 'ぎんこう');
INSERT INTO "vocabulary"."spelling" ("id", "vocabulary_id", "spelling_kind_code", "value") VALUES ('c4cceedd-6a68-598d-af9d-13eba1823635', '3a52dad1-de68-523b-b6ad-3148496bcf8e', 'KANJI', '銀行');
INSERT INTO "vocabulary"."linkages" ("vocabulary_id", "preferred_definition_id", "preferred_spelling_id", "phonetic_spelling_id", "alt_phonetic_spelling_id", "kanji_spelling_id") VALUES ('3a52dad1-de68-523b-b6ad-3148496bcf8e', '08f85415-eb18-52c0-aa78-285419232907', '6c2ab6fa-5130-5d89-bc99-09c2a7d3102a', 'c6012a3e-2d80-544d-bf9e-3a7e746a515b', NULL, 'c4cceedd-6a68-598d-af9d-13eba1823635');
INSERT INTO "vocabulary"."reference" ("vocabulary_id", "lesson_code") VALUES ('3a52dad1-de68-523b-b6ad-3148496bcf8e', 'GENKI3_L02');
-- コンビニ | convenience store --;
INSERT INTO "vocabulary"."vocabulary" ("id", "word_class_code", "conjugation_kind_code", "jlpt_level", "row_num", "tags", "date_added") VALUES ('6c108fe0-b52d-56de-96f2-f8e0bf450367', 'NOUN', NULL, NULL, 144, '{place}', '2022-05-30');
INSERT INTO "vocabulary"."definition" ("id", "vocabulary_id", "sort_rank", "value") VALUES ('7b962872-728a-59c4-8c3f-b24b2aa58654', '6c108fe0-b52d-56de-96f2-f8e0bf450367', 1, 'convenience store');
INSERT INTO "vocabulary"."spelling" ("id", "vocabulary_id", "spelling_kind_code", "value") VALUES ('90ca7d60-bb6c-5c00-bdc4-e1bcd8179574', '6c108fe0-b52d-56de-96f2-f8e0bf450367', 'KATAKANA', 'コンビニ');
INSERT INTO "vocabulary"."spelling" ("id", "vocabulary_id", "spelling_kind_code", "value") VALUES ('be1b0f80-0147-594f-9942-b55243868a6f', '6c108fe0-b52d-56de-96f2-f8e0bf450367', 'KATAKANA', 'コンビニ');
INSERT INTO "vocabulary"."linkages" ("vocabulary_id", "preferred_definition_id", "preferred_spelling_id", "phonetic_spelling_id", "alt_phonetic_spelling_id", "kanji_spelling_id") VALUES ('6c108fe0-b52d-56de-96f2-f8e0bf450367', '7b962872-728a-59c4-8c3f-b24b2aa58654', '90ca7d60-bb6c-5c00-bdc4-e1bcd8179574', 'be1b0f80-0147-594f-9942-b55243868a6f', NULL, NULL);
INSERT INTO "vocabulary"."reference" ("vocabulary_id", "lesson_code") VALUES ('6c108fe0-b52d-56de-96f2-f8e0bf450367', 'GENKI3_L02');
-- トイレ | toilet; restroom --;
INSERT INTO "vocabulary"."vocabulary" ("id", "word_class_code", "conjugation_kind_code", "jlpt_level", "row_num", "tags", "date_added") VALUES ('14edc8de-8ed3-58f5-a083-13a34db6f490', 'NOUN', NULL, NULL, 145, '{place}', '2022-05-30');
INSERT INTO "vocabulary"."definition" ("id", "vocabulary_id", "sort_rank", "value") VALUES ('f90966a0-584f-5ec3-8e48-dfdc88dcdf9e', '14edc8de-8ed3-58f5-a083-13a34db6f490', 1, 'toilet; restroom');
INSERT INTO "vocabulary"."spelling" ("id", "vocabulary_id", "spelling_kind_code", "value") VALUES ('19224027-5c23-5ef7-b4a3-c7f7265e5475', '14edc8de-8ed3-58f5-a083-13a34db6f490', 'KATAKANA', 'トイレ');
INSERT INTO "vocabulary"."spelling" ("id", "vocabulary_id", "spelling_kind_code", "value") VALUES ('2d887961-fc03-5948-946c-dec678dd0e19', '14edc8de-8ed3-58f5-a083-13a34db6f490', 'KATAKANA', 'トイレ');
INSERT INTO "vocabulary"."linkages" ("vocabulary_id", "preferred_definition_id", "preferred_spelling_id", "phonetic_spelling_id", "alt_phonetic_spelling_id", "kanji_spelling_id") VALUES ('14edc8de-8ed3-58f5-a083-13a34db6f490', 'f90966a0-584f-5ec3-8e48-dfdc88dcdf9e', '19224027-5c23-5ef7-b4a3-c7f7265e5475', '2d887961-fc03-5948-946c-dec678dd0e19', NULL, NULL);
INSERT INTO "vocabulary"."reference" ("vocabulary_id", "lesson_code") VALUES ('14edc8de-8ed3-58f5-a083-13a34db6f490', 'GENKI3_L02');
-- 図書館 | libaary --;
INSERT INTO "vocabulary"."vocabulary" ("id", "word_class_code", "conjugation_kind_code", "jlpt_level", "row_num", "tags", "date_added") VALUES ('dd52de46-6d78-5bc3-96ab-b25e9be9e291', 'NOUN', NULL, NULL, 146, '{place}', '2022-05-30');
INSERT INTO "vocabulary"."definition" ("id", "vocabulary_id", "sort_rank", "value") VALUES ('32f71760-45e2-525a-9bc9-685e4293ce8f', 'dd52de46-6d78-5bc3-96ab-b25e9be9e291', 1, 'libaary');
INSERT INTO "vocabulary"."spelling" ("id", "vocabulary_id", "spelling_kind_code", "value") VALUES ('6d7540e0-9f86-5948-9cda-eef004806531', 'dd52de46-6d78-5bc3-96ab-b25e9be9e291', 'KANJI', '図書館');
INSERT INTO "vocabulary"."spelling" ("id", "vocabulary_id", "spelling_kind_code", "value") VALUES ('479ade12-0c1b-5bc2-bb33-15f71a548262', 'dd52de46-6d78-5bc3-96ab-b25e9be9e291', 'HIRAGANA', 'としょかん');
INSERT INTO "vocabulary"."spelling" ("id", "vocabulary_id", "spelling_kind_code", "value") VALUES ('44e3135c-03b5-529a-a8d7-9843ade096cb', 'dd52de46-6d78-5bc3-96ab-b25e9be9e291', 'KANJI', '図書館');
INSERT INTO "vocabulary"."linkages" ("vocabulary_id", "preferred_definition_id", "preferred_spelling_id", "phonetic_spelling_id", "alt_phonetic_spelling_id", "kanji_spelling_id") VALUES ('dd52de46-6d78-5bc3-96ab-b25e9be9e291', '32f71760-45e2-525a-9bc9-685e4293ce8f', '6d7540e0-9f86-5948-9cda-eef004806531', '479ade12-0c1b-5bc2-bb33-15f71a548262', NULL, '44e3135c-03b5-529a-a8d7-9843ade096cb');
INSERT INTO "vocabulary"."reference" ("vocabulary_id", "lesson_code") VALUES ('dd52de46-6d78-5bc3-96ab-b25e9be9e291', 'GENKI3_L02');
-- 郵便局 | post office --;
INSERT INTO "vocabulary"."vocabulary" ("id", "word_class_code", "conjugation_kind_code", "jlpt_level", "row_num", "tags", "date_added") VALUES ('89b553be-905d-57aa-946c-86dc9f366aa2', 'NOUN', NULL, NULL, 147, '{place}', '2022-05-30');
INSERT INTO "vocabulary"."definition" ("id", "vocabulary_id", "sort_rank", "value") VALUES ('6d426af3-e1ee-5207-b450-f4bd1bafd6cc', '89b553be-905d-57aa-946c-86dc9f366aa2', 1, 'post office');
INSERT INTO "vocabulary"."spelling" ("id", "vocabulary_id", "spelling_kind_code", "value") VALUES ('ff6757f4-bb70-5c41-a9db-fad2d4c2dc49', '89b553be-905d-57aa-946c-86dc9f366aa2', 'KANJI', '郵便局');
INSERT INTO "vocabulary"."spelling" ("id", "vocabulary_id", "spelling_kind_code", "value") VALUES ('d99ad263-df26-5612-b2a9-e5fde15af637', '89b553be-905d-57aa-946c-86dc9f366aa2', 'HIRAGANA', 'ゆうびんきょく');
INSERT INTO "vocabulary"."spelling" ("id", "vocabulary_id", "spelling_kind_code", "value") VALUES ('1d03b4c8-3088-53ed-8a1e-292ea5500fd5', '89b553be-905d-57aa-946c-86dc9f366aa2', 'KANJI', '郵便局');
INSERT INTO "vocabulary"."linkages" ("vocabulary_id", "preferred_definition_id", "preferred_spelling_id", "phonetic_spelling_id", "alt_phonetic_spelling_id", "kanji_spelling_id") VALUES ('89b553be-905d-57aa-946c-86dc9f366aa2', '6d426af3-e1ee-5207-b450-f4bd1bafd6cc', 'ff6757f4-bb70-5c41-a9db-fad2d4c2dc49', 'd99ad263-df26-5612-b2a9-e5fde15af637', NULL, '1d03b4c8-3088-53ed-8a1e-292ea5500fd5');
INSERT INTO "vocabulary"."reference" ("vocabulary_id", "lesson_code") VALUES ('89b553be-905d-57aa-946c-86dc9f366aa2', 'GENKI3_L02');
-- いくら | how much --;
INSERT INTO "vocabulary"."vocabulary" ("id", "word_class_code", "conjugation_kind_code", "jlpt_level", "row_num", "tags", "date_added") VALUES ('f7d4fade-03e1-53e3-94c0-24034e6a9e08', 'ADVERB', NULL, NULL, 148, '{money}', '2022-05-30');
INSERT INTO "vocabulary"."definition" ("id", "vocabulary_id", "sort_rank", "value") VALUES ('5530c823-73d7-5426-a40e-6323791a1e59', 'f7d4fade-03e1-53e3-94c0-24034e6a9e08', 1, 'how much');
INSERT INTO "vocabulary"."spelling" ("id", "vocabulary_id", "spelling_kind_code", "value") VALUES ('17d114c8-7248-5b0b-99b4-875b614396b7', 'f7d4fade-03e1-53e3-94c0-24034e6a9e08', 'HIRAGANA', 'いくら');
INSERT INTO "vocabulary"."spelling" ("id", "vocabulary_id", "spelling_kind_code", "value") VALUES ('20a5cc16-38ba-5328-ab66-911185b9336a', 'f7d4fade-03e1-53e3-94c0-24034e6a9e08', 'HIRAGANA', 'いくら');
INSERT INTO "vocabulary"."spelling" ("id", "vocabulary_id", "spelling_kind_code", "value") VALUES ('045ad24a-b6bc-51d2-a956-a01e499a5fcf', 'f7d4fade-03e1-53e3-94c0-24034e6a9e08', 'KANJI', '幾ら');
INSERT INTO "vocabulary"."linkages" ("vocabulary_id", "preferred_definition_id", "preferred_spelling_id", "phonetic_spelling_id", "alt_phonetic_spelling_id", "kanji_spelling_id") VALUES ('f7d4fade-03e1-53e3-94c0-24034e6a9e08', '5530c823-73d7-5426-a40e-6323791a1e59', '17d114c8-7248-5b0b-99b4-875b614396b7', '20a5cc16-38ba-5328-ab66-911185b9336a', NULL, '045ad24a-b6bc-51d2-a956-a01e499a5fcf');
INSERT INTO "vocabulary"."reference" ("vocabulary_id", "lesson_code") VALUES ('f7d4fade-03e1-53e3-94c0-24034e6a9e08', 'GENKI3_L02');
-- 〜円 | ...yen --;
INSERT INTO "vocabulary"."vocabulary" ("id", "word_class_code", "conjugation_kind_code", "jlpt_level", "row_num", "tags", "date_added") VALUES ('fbae6594-96c7-53f0-a80b-bd325d5a22ff', 'NOUN', NULL, NULL, 149, '{money}', '2022-05-30');
INSERT INTO "vocabulary"."definition" ("id", "vocabulary_id", "sort_rank", "value") VALUES ('d5b2e1c2-fdb3-5fd3-aed7-94b2dad3a1d7', 'fbae6594-96c7-53f0-a80b-bd325d5a22ff', 1, '...yen');
INSERT INTO "vocabulary"."spelling" ("id", "vocabulary_id", "spelling_kind_code", "value") VALUES ('96d4d21e-ce30-5ea4-a996-26a05ed14374', 'fbae6594-96c7-53f0-a80b-bd325d5a22ff', 'KANJI', '〜円');
INSERT INTO "vocabulary"."spelling" ("id", "vocabulary_id", "spelling_kind_code", "value") VALUES ('4e2a1640-aa5c-5843-9442-12c367b9652b', 'fbae6594-96c7-53f0-a80b-bd325d5a22ff', 'HIRAGANA', '〜えん');
INSERT INTO "vocabulary"."spelling" ("id", "vocabulary_id", "spelling_kind_code", "value") VALUES ('fca3d400-96a9-5503-808e-fa9c5efb5f60', 'fbae6594-96c7-53f0-a80b-bd325d5a22ff', 'KANJI', '〜円');
INSERT INTO "vocabulary"."linkages" ("vocabulary_id", "preferred_definition_id", "preferred_spelling_id", "phonetic_spelling_id", "alt_phonetic_spelling_id", "kanji_spelling_id") VALUES ('fbae6594-96c7-53f0-a80b-bd325d5a22ff', 'd5b2e1c2-fdb3-5fd3-aed7-94b2dad3a1d7', '96d4d21e-ce30-5ea4-a996-26a05ed14374', '4e2a1640-aa5c-5843-9442-12c367b9652b', NULL, 'fca3d400-96a9-5503-808e-fa9c5efb5f60');
INSERT INTO "vocabulary"."reference" ("vocabulary_id", "lesson_code") VALUES ('fbae6594-96c7-53f0-a80b-bd325d5a22ff', 'GENKI3_L02');
-- 高い | expensive; high --;
INSERT INTO "vocabulary"."vocabulary" ("id", "word_class_code", "conjugation_kind_code", "jlpt_level", "row_num", "tags", "date_added") VALUES ('dcb08e4f-eb7c-5536-bd57-ee51127a14be', 'ADJECTIVE', 'I_ADJECTIVE', NULL, 150, '{money}', '2022-05-30');
INSERT INTO "vocabulary"."definition" ("id", "vocabulary_id", "sort_rank", "value") VALUES ('809ff8d5-d695-50c0-9d38-3a431843e2c3', 'dcb08e4f-eb7c-5536-bd57-ee51127a14be', 1, 'expensive; high');
INSERT INTO "vocabulary"."spelling" ("id", "vocabulary_id", "spelling_kind_code", "value") VALUES ('1edadfbc-49ce-5b83-93f4-4e96451a795a', 'dcb08e4f-eb7c-5536-bd57-ee51127a14be', 'KANJI', '高い');
INSERT INTO "vocabulary"."spelling" ("id", "vocabulary_id", "spelling_kind_code", "value") VALUES ('2cb3a475-9a04-542e-9394-06405c3b93c4', 'dcb08e4f-eb7c-5536-bd57-ee51127a14be', 'HIRAGANA', 'たかい');
INSERT INTO "vocabulary"."spelling" ("id", "vocabulary_id", "spelling_kind_code", "value") VALUES ('a257cdb1-5ba3-506a-91b5-fa7ee5829bc5', 'dcb08e4f-eb7c-5536-bd57-ee51127a14be', 'KANJI', '高い');
INSERT INTO "vocabulary"."linkages" ("vocabulary_id", "preferred_definition_id", "preferred_spelling_id", "phonetic_spelling_id", "alt_phonetic_spelling_id", "kanji_spelling_id") VALUES ('dcb08e4f-eb7c-5536-bd57-ee51127a14be', '809ff8d5-d695-50c0-9d38-3a431843e2c3', '1edadfbc-49ce-5b83-93f4-4e96451a795a', '2cb3a475-9a04-542e-9394-06405c3b93c4', NULL, 'a257cdb1-5ba3-506a-91b5-fa7ee5829bc5');
INSERT INTO "vocabulary"."reference" ("vocabulary_id", "lesson_code") VALUES ('dcb08e4f-eb7c-5536-bd57-ee51127a14be', 'GENKI3_L02');
-- いらっしゃいませ | welcome --;
INSERT INTO "vocabulary"."vocabulary" ("id", "word_class_code", "conjugation_kind_code", "jlpt_level", "row_num", "tags", "date_added") VALUES ('1cee44df-fc33-5279-8d09-5051e714782f', 'EXPRESSION', NULL, NULL, 151, '{}', '2022-05-30');
INSERT INTO "vocabulary"."definition" ("id", "vocabulary_id", "sort_rank", "value") VALUES ('a2cdd732-54ab-54bf-bc36-5ba7a1d1e2e9', '1cee44df-fc33-5279-8d09-5051e714782f', 1, 'welcome');
INSERT INTO "vocabulary"."spelling" ("id", "vocabulary_id", "spelling_kind_code", "value") VALUES ('228995ec-df59-5435-b133-421d8f3a8b8f', '1cee44df-fc33-5279-8d09-5051e714782f', 'HIRAGANA', 'いらっしゃいませ');
INSERT INTO "vocabulary"."spelling" ("id", "vocabulary_id", "spelling_kind_code", "value") VALUES ('35d5c274-d12e-554d-8ff3-afaca97a7dc4', '1cee44df-fc33-5279-8d09-5051e714782f', 'HIRAGANA', 'いらっしゃいませ');
INSERT INTO "vocabulary"."linkages" ("vocabulary_id", "preferred_definition_id", "preferred_spelling_id", "phonetic_spelling_id", "alt_phonetic_spelling_id", "kanji_spelling_id") VALUES ('1cee44df-fc33-5279-8d09-5051e714782f', 'a2cdd732-54ab-54bf-bc36-5ba7a1d1e2e9', '228995ec-df59-5435-b133-421d8f3a8b8f', '35d5c274-d12e-554d-8ff3-afaca97a7dc4', NULL, NULL);
INSERT INTO "vocabulary"."reference" ("vocabulary_id", "lesson_code") VALUES ('1cee44df-fc33-5279-8d09-5051e714782f', 'GENKI3_L02');
-- 〜お願いします | ...please --;
INSERT INTO "vocabulary"."vocabulary" ("id", "word_class_code", "conjugation_kind_code", "jlpt_level", "row_num", "tags", "date_added") VALUES ('845d24c6-6c7c-50f4-8dd7-450485839fa5', 'EXPRESSION', NULL, NULL, 152, '{}', '2022-05-30');
INSERT INTO "vocabulary"."definition" ("id", "vocabulary_id", "sort_rank", "value") VALUES ('ee57c9ab-5ba1-5770-94b8-ce5a08d656fb', '845d24c6-6c7c-50f4-8dd7-450485839fa5', 1, '...please');
INSERT INTO "vocabulary"."spelling" ("id", "vocabulary_id", "spelling_kind_code", "value") VALUES ('4f94f0d0-f34f-5a33-9ea6-d3798b61ddbd', '845d24c6-6c7c-50f4-8dd7-450485839fa5', 'KANJI', '〜お願いします');
INSERT INTO "vocabulary"."spelling" ("id", "vocabulary_id", "spelling_kind_code", "value") VALUES ('12c096ba-4704-5645-9319-9de37a7b8711', '845d24c6-6c7c-50f4-8dd7-450485839fa5', 'HIRAGANA', '〜おねがいします');
INSERT INTO "vocabulary"."spelling" ("id", "vocabulary_id", "spelling_kind_code", "value") VALUES ('2c4c713d-f54b-5568-8448-c6fed1616fe5', '845d24c6-6c7c-50f4-8dd7-450485839fa5', 'KANJI', '〜お願いします');
INSERT INTO "vocabulary"."linkages" ("vocabulary_id", "preferred_definition_id", "preferred_spelling_id", "phonetic_spelling_id", "alt_phonetic_spelling_id", "kanji_spelling_id") VALUES ('845d24c6-6c7c-50f4-8dd7-450485839fa5', 'ee57c9ab-5ba1-5770-94b8-ce5a08d656fb', '4f94f0d0-f34f-5a33-9ea6-d3798b61ddbd', '12c096ba-4704-5645-9319-9de37a7b8711', NULL, '2c4c713d-f54b-5568-8448-c6fed1616fe5');
INSERT INTO "vocabulary"."reference" ("vocabulary_id", "lesson_code") VALUES ('845d24c6-6c7c-50f4-8dd7-450485839fa5', 'GENKI3_L02');
-- 〜ください | please give me... --;
INSERT INTO "vocabulary"."vocabulary" ("id", "word_class_code", "conjugation_kind_code", "jlpt_level", "row_num", "tags", "date_added") VALUES ('fc6be215-8cf3-55b8-8a6b-0dd345852963', 'EXPRESSION', NULL, NULL, 153, '{}', '2022-05-30');
INSERT INTO "vocabulary"."definition" ("id", "vocabulary_id", "sort_rank", "value") VALUES ('ff88c278-bf8a-587c-97a1-070b6b246101', 'fc6be215-8cf3-55b8-8a6b-0dd345852963', 1, 'please give me...');
INSERT INTO "vocabulary"."spelling" ("id", "vocabulary_id", "spelling_kind_code", "value") VALUES ('3e84fd00-e1db-5505-acb3-9f82496bfe29', 'fc6be215-8cf3-55b8-8a6b-0dd345852963', 'HIRAGANA', '〜ください');
INSERT INTO "vocabulary"."spelling" ("id", "vocabulary_id", "spelling_kind_code", "value") VALUES ('3447ab7a-ceef-59b7-afac-487fec8d5a13', 'fc6be215-8cf3-55b8-8a6b-0dd345852963', 'HIRAGANA', '〜ください');
INSERT INTO "vocabulary"."linkages" ("vocabulary_id", "preferred_definition_id", "preferred_spelling_id", "phonetic_spelling_id", "alt_phonetic_spelling_id", "kanji_spelling_id") VALUES ('fc6be215-8cf3-55b8-8a6b-0dd345852963', 'ff88c278-bf8a-587c-97a1-070b6b246101', '3e84fd00-e1db-5505-acb3-9f82496bfe29', '3447ab7a-ceef-59b7-afac-487fec8d5a13', NULL, NULL);
INSERT INTO "vocabulary"."reference" ("vocabulary_id", "lesson_code") VALUES ('fc6be215-8cf3-55b8-8a6b-0dd345852963', 'DUO_02_01');
INSERT INTO "vocabulary"."reference" ("vocabulary_id", "lesson_code") VALUES ('fc6be215-8cf3-55b8-8a6b-0dd345852963', 'GENKI3_L02');
-- じゃあ | then...; if that is the case... --;
INSERT INTO "vocabulary"."vocabulary" ("id", "word_class_code", "conjugation_kind_code", "jlpt_level", "row_num", "tags", "date_added") VALUES ('3bb29baa-6e40-5c58-93cd-2000ea1120eb', 'EXPRESSION', NULL, NULL, 154, '{}', '2022-05-30');
INSERT INTO "vocabulary"."definition" ("id", "vocabulary_id", "sort_rank", "value") VALUES ('3cf68c65-458f-5f1a-aec6-ff1df61fc648', '3bb29baa-6e40-5c58-93cd-2000ea1120eb', 1, 'then...; if that is the case...');
INSERT INTO "vocabulary"."spelling" ("id", "vocabulary_id", "spelling_kind_code", "value") VALUES ('1546c5ab-f3b9-5aaa-9a95-a44735e45e5c', '3bb29baa-6e40-5c58-93cd-2000ea1120eb', 'HIRAGANA', 'じゃあ');
INSERT INTO "vocabulary"."spelling" ("id", "vocabulary_id", "spelling_kind_code", "value") VALUES ('8bbbf733-e286-57ee-91c9-95ddb887801a', '3bb29baa-6e40-5c58-93cd-2000ea1120eb', 'HIRAGANA', 'じゃあ');
INSERT INTO "vocabulary"."linkages" ("vocabulary_id", "preferred_definition_id", "preferred_spelling_id", "phonetic_spelling_id", "alt_phonetic_spelling_id", "kanji_spelling_id") VALUES ('3bb29baa-6e40-5c58-93cd-2000ea1120eb', '3cf68c65-458f-5f1a-aec6-ff1df61fc648', '1546c5ab-f3b9-5aaa-9a95-a44735e45e5c', '8bbbf733-e286-57ee-91c9-95ddb887801a', NULL, NULL);
INSERT INTO "vocabulary"."reference" ("vocabulary_id", "lesson_code") VALUES ('3bb29baa-6e40-5c58-93cd-2000ea1120eb', 'GENKI3_L02');
-- とおぞ | here it is; please go ahead; i beg of you --;
INSERT INTO "vocabulary"."vocabulary" ("id", "word_class_code", "conjugation_kind_code", "jlpt_level", "row_num", "tags", "date_added") VALUES ('8dc54b41-91cb-5289-bb0b-5f4a5854fea7', 'EXPRESSION', NULL, NULL, 155, '{}', '2022-05-30');
INSERT INTO "vocabulary"."definition" ("id", "vocabulary_id", "sort_rank", "value") VALUES ('690e2672-08c9-5d0f-952b-43b79d5da7f6', '8dc54b41-91cb-5289-bb0b-5f4a5854fea7', 1, 'here it is; please go ahead; i beg of you');
INSERT INTO "vocabulary"."spelling" ("id", "vocabulary_id", "spelling_kind_code", "value") VALUES ('8b091e79-a8c1-57ab-9663-34c245a349d1', '8dc54b41-91cb-5289-bb0b-5f4a5854fea7', 'HIRAGANA', 'とおぞ');
INSERT INTO "vocabulary"."spelling" ("id", "vocabulary_id", "spelling_kind_code", "value") VALUES ('289d77ed-0d6a-56e7-a3b2-269e71210e0e', '8dc54b41-91cb-5289-bb0b-5f4a5854fea7', 'HIRAGANA', 'とおぞ');
INSERT INTO "vocabulary"."linkages" ("vocabulary_id", "preferred_definition_id", "preferred_spelling_id", "phonetic_spelling_id", "alt_phonetic_spelling_id", "kanji_spelling_id") VALUES ('8dc54b41-91cb-5289-bb0b-5f4a5854fea7', '690e2672-08c9-5d0f-952b-43b79d5da7f6', '8b091e79-a8c1-57ab-9663-34c245a349d1', '289d77ed-0d6a-56e7-a3b2-269e71210e0e', NULL, NULL);
INSERT INTO "vocabulary"."reference" ("vocabulary_id", "lesson_code") VALUES ('8dc54b41-91cb-5289-bb0b-5f4a5854fea7', 'GENKI3_L02');
-- どうも | thanks (casual) --;
INSERT INTO "vocabulary"."vocabulary" ("id", "word_class_code", "conjugation_kind_code", "jlpt_level", "row_num", "tags", "date_added") VALUES ('5891a34d-ba0a-5458-b42e-f82c60d27f9f', 'EXPRESSION', NULL, NULL, 156, '{}', '2022-05-30');
INSERT INTO "vocabulary"."definition" ("id", "vocabulary_id", "sort_rank", "value") VALUES ('d9c10b38-e08f-5d7e-89ac-368ae533923e', '5891a34d-ba0a-5458-b42e-f82c60d27f9f', 1, 'thanks (casual)');
INSERT INTO "vocabulary"."spelling" ("id", "vocabulary_id", "spelling_kind_code", "value") VALUES ('5487da6f-58e0-5b99-a5f9-a7a8d23225ac', '5891a34d-ba0a-5458-b42e-f82c60d27f9f', 'HIRAGANA', 'どうも');
INSERT INTO "vocabulary"."spelling" ("id", "vocabulary_id", "spelling_kind_code", "value") VALUES ('7a5b0987-0729-55b8-afdd-9942ad24ef81', '5891a34d-ba0a-5458-b42e-f82c60d27f9f', 'HIRAGANA', 'どうも');
INSERT INTO "vocabulary"."linkages" ("vocabulary_id", "preferred_definition_id", "preferred_spelling_id", "phonetic_spelling_id", "alt_phonetic_spelling_id", "kanji_spelling_id") VALUES ('5891a34d-ba0a-5458-b42e-f82c60d27f9f', 'd9c10b38-e08f-5d7e-89ac-368ae533923e', '5487da6f-58e0-5b99-a5f9-a7a8d23225ac', '7a5b0987-0729-55b8-afdd-9942ad24ef81', NULL, NULL);
INSERT INTO "vocabulary"."reference" ("vocabulary_id", "lesson_code") VALUES ('5891a34d-ba0a-5458-b42e-f82c60d27f9f', 'GENKI3_L02');
-- ゼロ | zero --;
INSERT INTO "vocabulary"."vocabulary" ("id", "word_class_code", "conjugation_kind_code", "jlpt_level", "row_num", "tags", "date_added") VALUES ('48b8587c-d363-5b54-94d9-c9e5dfff2412', 'NOUN', NULL, NULL, 157, '{number}', '2022-05-30');
INSERT INTO "vocabulary"."definition" ("id", "vocabulary_id", "sort_rank", "value") VALUES ('494af2ab-28a2-5901-8f5e-810b7cb67717', '48b8587c-d363-5b54-94d9-c9e5dfff2412', 1, 'zero');
INSERT INTO "vocabulary"."spelling" ("id", "vocabulary_id", "spelling_kind_code", "value") VALUES ('f27d5218-e98d-5a33-b455-7fd16d886578', '48b8587c-d363-5b54-94d9-c9e5dfff2412', 'KATAKANA', 'ゼロ');
INSERT INTO "vocabulary"."spelling" ("id", "vocabulary_id", "spelling_kind_code", "value") VALUES ('4ece7a18-2a3d-5698-89e5-f80fc07620ec', '48b8587c-d363-5b54-94d9-c9e5dfff2412', 'KATAKANA', 'ゼロ');
INSERT INTO "vocabulary"."linkages" ("vocabulary_id", "preferred_definition_id", "preferred_spelling_id", "phonetic_spelling_id", "alt_phonetic_spelling_id", "kanji_spelling_id") VALUES ('48b8587c-d363-5b54-94d9-c9e5dfff2412', '494af2ab-28a2-5901-8f5e-810b7cb67717', 'f27d5218-e98d-5a33-b455-7fd16d886578', '4ece7a18-2a3d-5698-89e5-f80fc07620ec', NULL, NULL);
INSERT INTO "vocabulary"."reference" ("vocabulary_id", "lesson_code") VALUES ('48b8587c-d363-5b54-94d9-c9e5dfff2412', 'GENKI3_L02');
-- 一 | one --;
INSERT INTO "vocabulary"."vocabulary" ("id", "word_class_code", "conjugation_kind_code", "jlpt_level", "row_num", "tags", "date_added") VALUES ('c007b505-323f-5517-8353-ed093d1571de', 'NOUN', NULL, NULL, 158, '{number}', '2022-05-30');
INSERT INTO "vocabulary"."definition" ("id", "vocabulary_id", "sort_rank", "value") VALUES ('4cf410dd-6256-57cd-ae9c-0bf2aaec49bb', 'c007b505-323f-5517-8353-ed093d1571de', 1, 'one');
INSERT INTO "vocabulary"."spelling" ("id", "vocabulary_id", "spelling_kind_code", "value") VALUES ('247304c3-1a40-566c-9c08-88502aadbc1b', 'c007b505-323f-5517-8353-ed093d1571de', 'KANJI', '一');
INSERT INTO "vocabulary"."spelling" ("id", "vocabulary_id", "spelling_kind_code", "value") VALUES ('96551937-d15c-5e2d-a7d0-76f009718f99', 'c007b505-323f-5517-8353-ed093d1571de', 'HIRAGANA', 'いち');
INSERT INTO "vocabulary"."spelling" ("id", "vocabulary_id", "spelling_kind_code", "value") VALUES ('15d907c7-5ce8-5e45-b828-b9f4b02b71a8', 'c007b505-323f-5517-8353-ed093d1571de', 'KANJI', '一');
INSERT INTO "vocabulary"."linkages" ("vocabulary_id", "preferred_definition_id", "preferred_spelling_id", "phonetic_spelling_id", "alt_phonetic_spelling_id", "kanji_spelling_id") VALUES ('c007b505-323f-5517-8353-ed093d1571de', '4cf410dd-6256-57cd-ae9c-0bf2aaec49bb', '247304c3-1a40-566c-9c08-88502aadbc1b', '96551937-d15c-5e2d-a7d0-76f009718f99', NULL, '15d907c7-5ce8-5e45-b828-b9f4b02b71a8');
INSERT INTO "vocabulary"."reference" ("vocabulary_id", "lesson_code") VALUES ('c007b505-323f-5517-8353-ed093d1571de', 'GENKI3_L02');
-- 二 | two --;
INSERT INTO "vocabulary"."vocabulary" ("id", "word_class_code", "conjugation_kind_code", "jlpt_level", "row_num", "tags", "date_added") VALUES ('8873834d-7358-505d-a93b-7782dbd00024', 'NOUN', NULL, NULL, 159, '{number}', '2022-05-30');
INSERT INTO "vocabulary"."definition" ("id", "vocabulary_id", "sort_rank", "value") VALUES ('f869af3b-fa51-5951-963e-8004470905de', '8873834d-7358-505d-a93b-7782dbd00024', 1, 'two');
INSERT INTO "vocabulary"."spelling" ("id", "vocabulary_id", "spelling_kind_code", "value") VALUES ('d81143b8-1aa4-5d51-8f2d-1f08104c171f', '8873834d-7358-505d-a93b-7782dbd00024', 'KANJI', '二');
INSERT INTO "vocabulary"."spelling" ("id", "vocabulary_id", "spelling_kind_code", "value") VALUES ('78769f6f-79aa-5f3c-993c-0c00fb177c76', '8873834d-7358-505d-a93b-7782dbd00024', 'HIRAGANA', 'に');
INSERT INTO "vocabulary"."spelling" ("id", "vocabulary_id", "spelling_kind_code", "value") VALUES ('136bfaa9-da25-54d8-95c3-ae3b9c6939a3', '8873834d-7358-505d-a93b-7782dbd00024', 'KANJI', '二');
INSERT INTO "vocabulary"."linkages" ("vocabulary_id", "preferred_definition_id", "preferred_spelling_id", "phonetic_spelling_id", "alt_phonetic_spelling_id", "kanji_spelling_id") VALUES ('8873834d-7358-505d-a93b-7782dbd00024', 'f869af3b-fa51-5951-963e-8004470905de', 'd81143b8-1aa4-5d51-8f2d-1f08104c171f', '78769f6f-79aa-5f3c-993c-0c00fb177c76', NULL, '136bfaa9-da25-54d8-95c3-ae3b9c6939a3');
INSERT INTO "vocabulary"."reference" ("vocabulary_id", "lesson_code") VALUES ('8873834d-7358-505d-a93b-7782dbd00024', 'GENKI3_L02');
-- 三 | three --;
INSERT INTO "vocabulary"."vocabulary" ("id", "word_class_code", "conjugation_kind_code", "jlpt_level", "row_num", "tags", "date_added") VALUES ('0f9e7c25-4cfa-5186-a893-0f59b7e34745', 'NOUN', NULL, NULL, 160, '{number}', '2022-05-30');
INSERT INTO "vocabulary"."definition" ("id", "vocabulary_id", "sort_rank", "value") VALUES ('bed82900-e419-56b0-8496-b73876c0e979', '0f9e7c25-4cfa-5186-a893-0f59b7e34745', 1, 'three');
INSERT INTO "vocabulary"."spelling" ("id", "vocabulary_id", "spelling_kind_code", "value") VALUES ('b3173651-c05a-5869-8e69-d90fa7577056', '0f9e7c25-4cfa-5186-a893-0f59b7e34745', 'KANJI', '三');
INSERT INTO "vocabulary"."spelling" ("id", "vocabulary_id", "spelling_kind_code", "value") VALUES ('a050fcf1-6c9a-5a92-b5e5-a69bf40072e4', '0f9e7c25-4cfa-5186-a893-0f59b7e34745', 'HIRAGANA', 'さん');
INSERT INTO "vocabulary"."spelling" ("id", "vocabulary_id", "spelling_kind_code", "value") VALUES ('254423b8-15cb-52ad-8b49-930cd7f4401c', '0f9e7c25-4cfa-5186-a893-0f59b7e34745', 'KANJI', '三');
INSERT INTO "vocabulary"."linkages" ("vocabulary_id", "preferred_definition_id", "preferred_spelling_id", "phonetic_spelling_id", "alt_phonetic_spelling_id", "kanji_spelling_id") VALUES ('0f9e7c25-4cfa-5186-a893-0f59b7e34745', 'bed82900-e419-56b0-8496-b73876c0e979', 'b3173651-c05a-5869-8e69-d90fa7577056', 'a050fcf1-6c9a-5a92-b5e5-a69bf40072e4', NULL, '254423b8-15cb-52ad-8b49-930cd7f4401c');
INSERT INTO "vocabulary"."reference" ("vocabulary_id", "lesson_code") VALUES ('0f9e7c25-4cfa-5186-a893-0f59b7e34745', 'GENKI3_L02');
-- 四 | four --;
INSERT INTO "vocabulary"."vocabulary" ("id", "word_class_code", "conjugation_kind_code", "jlpt_level", "row_num", "tags", "date_added") VALUES ('59d58d35-f0f2-5535-8404-8cb786e2c830', 'NOUN', NULL, NULL, 161, '{number}', '2022-05-30');
INSERT INTO "vocabulary"."definition" ("id", "vocabulary_id", "sort_rank", "value") VALUES ('a4ef25c2-43ce-56d9-a9ca-883698a474a8', '59d58d35-f0f2-5535-8404-8cb786e2c830', 1, 'four');
INSERT INTO "vocabulary"."spelling" ("id", "vocabulary_id", "spelling_kind_code", "value") VALUES ('fbcd3f08-294a-5349-a109-b85e3c0b248a', '59d58d35-f0f2-5535-8404-8cb786e2c830', 'KANJI', '四');
INSERT INTO "vocabulary"."spelling" ("id", "vocabulary_id", "spelling_kind_code", "value") VALUES ('e76e238c-485a-519c-bfd5-b81b3c727a37', '59d58d35-f0f2-5535-8404-8cb786e2c830', 'HIRAGANA', 'よん');
INSERT INTO "vocabulary"."spelling" ("id", "vocabulary_id", "spelling_kind_code", "value") VALUES ('29abe41e-f629-50e0-bf14-043ce7f02448', '59d58d35-f0f2-5535-8404-8cb786e2c830', 'HIRAGANA', 'し');
INSERT INTO "vocabulary"."spelling" ("id", "vocabulary_id", "spelling_kind_code", "value") VALUES ('cf12912b-2514-52fd-a61f-5b3797dbcc5a', '59d58d35-f0f2-5535-8404-8cb786e2c830', 'KANJI', '四');
INSERT INTO "vocabulary"."linkages" ("vocabulary_id", "preferred_definition_id", "preferred_spelling_id", "phonetic_spelling_id", "alt_phonetic_spelling_id", "kanji_spelling_id") VALUES ('59d58d35-f0f2-5535-8404-8cb786e2c830', 'a4ef25c2-43ce-56d9-a9ca-883698a474a8', 'fbcd3f08-294a-5349-a109-b85e3c0b248a', 'e76e238c-485a-519c-bfd5-b81b3c727a37', '29abe41e-f629-50e0-bf14-043ce7f02448', 'cf12912b-2514-52fd-a61f-5b3797dbcc5a');
INSERT INTO "vocabulary"."reference" ("vocabulary_id", "lesson_code") VALUES ('59d58d35-f0f2-5535-8404-8cb786e2c830', 'GENKI3_L02');
-- ご | five --;
INSERT INTO "vocabulary"."vocabulary" ("id", "word_class_code", "conjugation_kind_code", "jlpt_level", "row_num", "tags", "date_added") VALUES ('82339058-2123-58a8-93dc-b1c0b05cdae8', 'NOUN', NULL, NULL, 162, '{number}', '2022-05-30');
INSERT INTO "vocabulary"."definition" ("id", "vocabulary_id", "sort_rank", "value") VALUES ('80bc9dcc-d8de-5d58-bb15-b1315adbaede', '82339058-2123-58a8-93dc-b1c0b05cdae8', 1, 'five');
INSERT INTO "vocabulary"."spelling" ("id", "vocabulary_id", "spelling_kind_code", "value") VALUES ('847d3be8-8c86-5b15-8d3d-f67ff1565b86', '82339058-2123-58a8-93dc-b1c0b05cdae8', 'HIRAGANA', 'ご');
INSERT INTO "vocabulary"."spelling" ("id", "vocabulary_id", "spelling_kind_code", "value") VALUES ('2bfc5267-f716-5b53-95bd-cff3d98e57e5', '82339058-2123-58a8-93dc-b1c0b05cdae8', 'HIRAGANA', 'ご');
INSERT INTO "vocabulary"."linkages" ("vocabulary_id", "preferred_definition_id", "preferred_spelling_id", "phonetic_spelling_id", "alt_phonetic_spelling_id", "kanji_spelling_id") VALUES ('82339058-2123-58a8-93dc-b1c0b05cdae8', '80bc9dcc-d8de-5d58-bb15-b1315adbaede', '847d3be8-8c86-5b15-8d3d-f67ff1565b86', '2bfc5267-f716-5b53-95bd-cff3d98e57e5', NULL, NULL);
INSERT INTO "vocabulary"."reference" ("vocabulary_id", "lesson_code") VALUES ('82339058-2123-58a8-93dc-b1c0b05cdae8', 'GENKI3_L02');
-- 六 | six --;
INSERT INTO "vocabulary"."vocabulary" ("id", "word_class_code", "conjugation_kind_code", "jlpt_level", "row_num", "tags", "date_added") VALUES ('e469a7d8-cfad-5a85-ba5c-cb1d0c8ca1b0', 'NOUN', NULL, NULL, 163, '{number}', '2022-05-30');
INSERT INTO "vocabulary"."definition" ("id", "vocabulary_id", "sort_rank", "value") VALUES ('ac84df04-b232-5750-a91d-b260c83412bd', 'e469a7d8-cfad-5a85-ba5c-cb1d0c8ca1b0', 1, 'six');
INSERT INTO "vocabulary"."spelling" ("id", "vocabulary_id", "spelling_kind_code", "value") VALUES ('d72639c1-6283-5710-af1b-7b63d524ebff', 'e469a7d8-cfad-5a85-ba5c-cb1d0c8ca1b0', 'KANJI', '六');
INSERT INTO "vocabulary"."spelling" ("id", "vocabulary_id", "spelling_kind_code", "value") VALUES ('4edaab34-4b2c-5626-8254-a9508912882f', 'e469a7d8-cfad-5a85-ba5c-cb1d0c8ca1b0', 'KANJI', '六');
INSERT INTO "vocabulary"."spelling" ("id", "vocabulary_id", "spelling_kind_code", "value") VALUES ('eb9f7cb0-2d08-50d5-adca-1bccb4c10d9f', 'e469a7d8-cfad-5a85-ba5c-cb1d0c8ca1b0', 'KANJI', '六');
INSERT INTO "vocabulary"."linkages" ("vocabulary_id", "preferred_definition_id", "preferred_spelling_id", "phonetic_spelling_id", "alt_phonetic_spelling_id", "kanji_spelling_id") VALUES ('e469a7d8-cfad-5a85-ba5c-cb1d0c8ca1b0', 'ac84df04-b232-5750-a91d-b260c83412bd', 'd72639c1-6283-5710-af1b-7b63d524ebff', '4edaab34-4b2c-5626-8254-a9508912882f', NULL, 'eb9f7cb0-2d08-50d5-adca-1bccb4c10d9f');
INSERT INTO "vocabulary"."reference" ("vocabulary_id", "lesson_code") VALUES ('e469a7d8-cfad-5a85-ba5c-cb1d0c8ca1b0', 'GENKI3_L02');
-- 七 | seven --;
INSERT INTO "vocabulary"."vocabulary" ("id", "word_class_code", "conjugation_kind_code", "jlpt_level", "row_num", "tags", "date_added") VALUES ('49ab0509-4a86-552d-975b-fc49e74790d4', 'NOUN', NULL, NULL, 164, '{number}', '2022-05-30');
INSERT INTO "vocabulary"."definition" ("id", "vocabulary_id", "sort_rank", "value") VALUES ('4bfcc7c1-5be2-5c0f-b46a-8aac9e903627', '49ab0509-4a86-552d-975b-fc49e74790d4', 1, 'seven');
INSERT INTO "vocabulary"."spelling" ("id", "vocabulary_id", "spelling_kind_code", "value") VALUES ('991f0fef-0b09-53c4-a665-707bd5c65d7f', '49ab0509-4a86-552d-975b-fc49e74790d4', 'KANJI', '七');
INSERT INTO "vocabulary"."spelling" ("id", "vocabulary_id", "spelling_kind_code", "value") VALUES ('92a15e3d-a66b-5200-8fe2-13f5a21cb53c', '49ab0509-4a86-552d-975b-fc49e74790d4', 'HIRAGANA', 'なな');
INSERT INTO "vocabulary"."spelling" ("id", "vocabulary_id", "spelling_kind_code", "value") VALUES ('fd253cb8-9349-556d-8d94-a87d116ec6af', '49ab0509-4a86-552d-975b-fc49e74790d4', 'HIRAGANA', 'しち');
INSERT INTO "vocabulary"."spelling" ("id", "vocabulary_id", "spelling_kind_code", "value") VALUES ('0f35d1b5-f3dc-516b-803a-9f10ca3e1b5c', '49ab0509-4a86-552d-975b-fc49e74790d4', 'KANJI', '七');
INSERT INTO "vocabulary"."linkages" ("vocabulary_id", "preferred_definition_id", "preferred_spelling_id", "phonetic_spelling_id", "alt_phonetic_spelling_id", "kanji_spelling_id") VALUES ('49ab0509-4a86-552d-975b-fc49e74790d4', '4bfcc7c1-5be2-5c0f-b46a-8aac9e903627', '991f0fef-0b09-53c4-a665-707bd5c65d7f', '92a15e3d-a66b-5200-8fe2-13f5a21cb53c', 'fd253cb8-9349-556d-8d94-a87d116ec6af', '0f35d1b5-f3dc-516b-803a-9f10ca3e1b5c');
INSERT INTO "vocabulary"."reference" ("vocabulary_id", "lesson_code") VALUES ('49ab0509-4a86-552d-975b-fc49e74790d4', 'GENKI3_L02');
-- 八 | eight --;
INSERT INTO "vocabulary"."vocabulary" ("id", "word_class_code", "conjugation_kind_code", "jlpt_level", "row_num", "tags", "date_added") VALUES ('6d9b3812-644e-5890-94cc-09a2fd01a30a', 'NOUN', NULL, NULL, 165, '{number}', '2022-05-30');
INSERT INTO "vocabulary"."definition" ("id", "vocabulary_id", "sort_rank", "value") VALUES ('5f0568c9-7659-50e1-bcb3-a5d3f402822a', '6d9b3812-644e-5890-94cc-09a2fd01a30a', 1, 'eight');
INSERT INTO "vocabulary"."spelling" ("id", "vocabulary_id", "spelling_kind_code", "value") VALUES ('5510277f-a2fd-5a4c-969f-f4133e104ae7', '6d9b3812-644e-5890-94cc-09a2fd01a30a', 'KANJI', '八');
INSERT INTO "vocabulary"."spelling" ("id", "vocabulary_id", "spelling_kind_code", "value") VALUES ('5d46488d-38e0-5a67-a6f0-fd3a4e61164c', '6d9b3812-644e-5890-94cc-09a2fd01a30a', 'HIRAGANA', 'はち');
INSERT INTO "vocabulary"."spelling" ("id", "vocabulary_id", "spelling_kind_code", "value") VALUES ('fcd12872-c567-537b-aac5-87fca4d5f681', '6d9b3812-644e-5890-94cc-09a2fd01a30a', 'KANJI', '八');
INSERT INTO "vocabulary"."linkages" ("vocabulary_id", "preferred_definition_id", "preferred_spelling_id", "phonetic_spelling_id", "alt_phonetic_spelling_id", "kanji_spelling_id") VALUES ('6d9b3812-644e-5890-94cc-09a2fd01a30a', '5f0568c9-7659-50e1-bcb3-a5d3f402822a', '5510277f-a2fd-5a4c-969f-f4133e104ae7', '5d46488d-38e0-5a67-a6f0-fd3a4e61164c', NULL, 'fcd12872-c567-537b-aac5-87fca4d5f681');
INSERT INTO "vocabulary"."reference" ("vocabulary_id", "lesson_code") VALUES ('6d9b3812-644e-5890-94cc-09a2fd01a30a', 'GENKI3_L02');
-- 九 | nine --;
INSERT INTO "vocabulary"."vocabulary" ("id", "word_class_code", "conjugation_kind_code", "jlpt_level", "row_num", "tags", "date_added") VALUES ('aaf16bcd-1ecc-5f72-97a6-497825719aba', 'NOUN', NULL, NULL, 166, '{number}', '2022-05-30');
INSERT INTO "vocabulary"."definition" ("id", "vocabulary_id", "sort_rank", "value") VALUES ('baf66710-9514-5fd5-85d1-a41afa8ce5e0', 'aaf16bcd-1ecc-5f72-97a6-497825719aba', 1, 'nine');
INSERT INTO "vocabulary"."spelling" ("id", "vocabulary_id", "spelling_kind_code", "value") VALUES ('56681a38-c82c-5c6a-893e-ea0fe921850b', 'aaf16bcd-1ecc-5f72-97a6-497825719aba', 'KANJI', '九');
INSERT INTO "vocabulary"."spelling" ("id", "vocabulary_id", "spelling_kind_code", "value") VALUES ('c261af9d-92bb-50bb-9f8c-1c9fb255ccd3', 'aaf16bcd-1ecc-5f72-97a6-497825719aba', 'HIRAGANA', 'きゅう');
INSERT INTO "vocabulary"."spelling" ("id", "vocabulary_id", "spelling_kind_code", "value") VALUES ('743876f9-75c5-5901-b720-ea07ce6c71fd', 'aaf16bcd-1ecc-5f72-97a6-497825719aba', 'KANJI', '九');
INSERT INTO "vocabulary"."linkages" ("vocabulary_id", "preferred_definition_id", "preferred_spelling_id", "phonetic_spelling_id", "alt_phonetic_spelling_id", "kanji_spelling_id") VALUES ('aaf16bcd-1ecc-5f72-97a6-497825719aba', 'baf66710-9514-5fd5-85d1-a41afa8ce5e0', '56681a38-c82c-5c6a-893e-ea0fe921850b', 'c261af9d-92bb-50bb-9f8c-1c9fb255ccd3', NULL, '743876f9-75c5-5901-b720-ea07ce6c71fd');
INSERT INTO "vocabulary"."reference" ("vocabulary_id", "lesson_code") VALUES ('aaf16bcd-1ecc-5f72-97a6-497825719aba', 'GENKI3_L02');
-- 十 | ten --;
INSERT INTO "vocabulary"."vocabulary" ("id", "word_class_code", "conjugation_kind_code", "jlpt_level", "row_num", "tags", "date_added") VALUES ('e05ed6a4-edcb-5052-9760-1e10c70c2236', 'NOUN', NULL, NULL, 167, '{number}', '2022-05-30');
INSERT INTO "vocabulary"."definition" ("id", "vocabulary_id", "sort_rank", "value") VALUES ('2ce22757-7b74-51ae-ad4a-3512aaf225d7', 'e05ed6a4-edcb-5052-9760-1e10c70c2236', 1, 'ten');
INSERT INTO "vocabulary"."spelling" ("id", "vocabulary_id", "spelling_kind_code", "value") VALUES ('79fe79ba-93e0-5357-ad6d-5c777422ed49', 'e05ed6a4-edcb-5052-9760-1e10c70c2236', 'KANJI', '十');
INSERT INTO "vocabulary"."spelling" ("id", "vocabulary_id", "spelling_kind_code", "value") VALUES ('cdc894d7-630a-596a-aba5-d6327264f06e', 'e05ed6a4-edcb-5052-9760-1e10c70c2236', 'HIRAGANA', 'じゅう');
INSERT INTO "vocabulary"."spelling" ("id", "vocabulary_id", "spelling_kind_code", "value") VALUES ('57a8eeee-c853-5ee3-aed4-4f06f349e0c4', 'e05ed6a4-edcb-5052-9760-1e10c70c2236', 'KANJI', '十');
INSERT INTO "vocabulary"."linkages" ("vocabulary_id", "preferred_definition_id", "preferred_spelling_id", "phonetic_spelling_id", "alt_phonetic_spelling_id", "kanji_spelling_id") VALUES ('e05ed6a4-edcb-5052-9760-1e10c70c2236', '2ce22757-7b74-51ae-ad4a-3512aaf225d7', '79fe79ba-93e0-5357-ad6d-5c777422ed49', 'cdc894d7-630a-596a-aba5-d6327264f06e', NULL, '57a8eeee-c853-5ee3-aed4-4f06f349e0c4');
INSERT INTO "vocabulary"."reference" ("vocabulary_id", "lesson_code") VALUES ('e05ed6a4-edcb-5052-9760-1e10c70c2236', 'GENKI3_L02');
-- 百 | hundred --;
INSERT INTO "vocabulary"."vocabulary" ("id", "word_class_code", "conjugation_kind_code", "jlpt_level", "row_num", "tags", "date_added") VALUES ('0f06fb63-c508-57a2-8983-2cb9f5dfd2e7', 'NOUN', NULL, NULL, 168, '{number}', '2022-07-24');
INSERT INTO "vocabulary"."definition" ("id", "vocabulary_id", "sort_rank", "value") VALUES ('365a3bfe-3161-57f5-a9f4-78a9170ee66d', '0f06fb63-c508-57a2-8983-2cb9f5dfd2e7', 1, 'hundred');
INSERT INTO "vocabulary"."spelling" ("id", "vocabulary_id", "spelling_kind_code", "value") VALUES ('9ded41f8-21eb-58b8-b226-75818da71a02', '0f06fb63-c508-57a2-8983-2cb9f5dfd2e7', 'KANJI', '百');
INSERT INTO "vocabulary"."spelling" ("id", "vocabulary_id", "spelling_kind_code", "value") VALUES ('ec926db4-c395-534d-a2bb-90b3dede88c3', '0f06fb63-c508-57a2-8983-2cb9f5dfd2e7', 'HIRAGANA', 'ひゃく');
INSERT INTO "vocabulary"."spelling" ("id", "vocabulary_id", "spelling_kind_code", "value") VALUES ('eb987800-1e57-570e-9678-02ea831c5eeb', '0f06fb63-c508-57a2-8983-2cb9f5dfd2e7', 'KANJI', '百');
INSERT INTO "vocabulary"."linkages" ("vocabulary_id", "preferred_definition_id", "preferred_spelling_id", "phonetic_spelling_id", "alt_phonetic_spelling_id", "kanji_spelling_id") VALUES ('0f06fb63-c508-57a2-8983-2cb9f5dfd2e7', '365a3bfe-3161-57f5-a9f4-78a9170ee66d', '9ded41f8-21eb-58b8-b226-75818da71a02', 'ec926db4-c395-534d-a2bb-90b3dede88c3', NULL, 'eb987800-1e57-570e-9678-02ea831c5eeb');
INSERT INTO "vocabulary"."reference" ("vocabulary_id", "lesson_code") VALUES ('0f06fb63-c508-57a2-8983-2cb9f5dfd2e7', 'GENKI3_L03');
-- 千 | thousand --;
INSERT INTO "vocabulary"."vocabulary" ("id", "word_class_code", "conjugation_kind_code", "jlpt_level", "row_num", "tags", "date_added") VALUES ('662aaf34-2fd3-5ab7-ad40-ee6e4862fc2c', 'NOUN', NULL, NULL, 169, '{number}', '2022-07-24');
INSERT INTO "vocabulary"."definition" ("id", "vocabulary_id", "sort_rank", "value") VALUES ('26a62189-5b10-5199-8b2d-c11a58f10646', '662aaf34-2fd3-5ab7-ad40-ee6e4862fc2c', 1, 'thousand');
INSERT INTO "vocabulary"."spelling" ("id", "vocabulary_id", "spelling_kind_code", "value") VALUES ('8d37e879-3388-5794-a8f2-de005a64f2aa', '662aaf34-2fd3-5ab7-ad40-ee6e4862fc2c', 'KANJI', '千');
INSERT INTO "vocabulary"."spelling" ("id", "vocabulary_id", "spelling_kind_code", "value") VALUES ('1017c87c-5993-5684-aa9f-2932e79c7dd3', '662aaf34-2fd3-5ab7-ad40-ee6e4862fc2c', 'HIRAGANA', 'せん');
INSERT INTO "vocabulary"."spelling" ("id", "vocabulary_id", "spelling_kind_code", "value") VALUES ('a2919b63-7372-5247-8a2f-72135d6d93aa', '662aaf34-2fd3-5ab7-ad40-ee6e4862fc2c', 'KANJI', '千');
INSERT INTO "vocabulary"."linkages" ("vocabulary_id", "preferred_definition_id", "preferred_spelling_id", "phonetic_spelling_id", "alt_phonetic_spelling_id", "kanji_spelling_id") VALUES ('662aaf34-2fd3-5ab7-ad40-ee6e4862fc2c', '26a62189-5b10-5199-8b2d-c11a58f10646', '8d37e879-3388-5794-a8f2-de005a64f2aa', '1017c87c-5993-5684-aa9f-2932e79c7dd3', NULL, 'a2919b63-7372-5247-8a2f-72135d6d93aa');
INSERT INTO "vocabulary"."reference" ("vocabulary_id", "lesson_code") VALUES ('662aaf34-2fd3-5ab7-ad40-ee6e4862fc2c', 'GENKI3_L03');
-- 万 | ten-thousand --;
INSERT INTO "vocabulary"."vocabulary" ("id", "word_class_code", "conjugation_kind_code", "jlpt_level", "row_num", "tags", "date_added") VALUES ('06eedaf7-2c40-54e4-a1ea-669b265fda8d', 'NOUN', NULL, NULL, 170, '{number}', '2022-07-24');
INSERT INTO "vocabulary"."definition" ("id", "vocabulary_id", "sort_rank", "value") VALUES ('aec0bc53-16b5-5694-af9f-87a36d8f0432', '06eedaf7-2c40-54e4-a1ea-669b265fda8d', 1, 'ten-thousand');
INSERT INTO "vocabulary"."spelling" ("id", "vocabulary_id", "spelling_kind_code", "value") VALUES ('2938d163-d2c6-51fb-9738-47c06d353d6a', '06eedaf7-2c40-54e4-a1ea-669b265fda8d', 'KANJI', '万');
INSERT INTO "vocabulary"."spelling" ("id", "vocabulary_id", "spelling_kind_code", "value") VALUES ('64098756-e8c8-5a23-8815-84e3a32b008d', '06eedaf7-2c40-54e4-a1ea-669b265fda8d', 'HIRAGANA', 'まん');
INSERT INTO "vocabulary"."spelling" ("id", "vocabulary_id", "spelling_kind_code", "value") VALUES ('286e6b83-90cf-5a1b-88d5-02ff01551808', '06eedaf7-2c40-54e4-a1ea-669b265fda8d', 'KANJI', '万');
INSERT INTO "vocabulary"."linkages" ("vocabulary_id", "preferred_definition_id", "preferred_spelling_id", "phonetic_spelling_id", "alt_phonetic_spelling_id", "kanji_spelling_id") VALUES ('06eedaf7-2c40-54e4-a1ea-669b265fda8d', 'aec0bc53-16b5-5694-af9f-87a36d8f0432', '2938d163-d2c6-51fb-9738-47c06d353d6a', '64098756-e8c8-5a23-8815-84e3a32b008d', NULL, '286e6b83-90cf-5a1b-88d5-02ff01551808');
INSERT INTO "vocabulary"."reference" ("vocabulary_id", "lesson_code") VALUES ('06eedaf7-2c40-54e4-a1ea-669b265fda8d', 'GENKI3_L03');
-- 映画 | movie --;
INSERT INTO "vocabulary"."vocabulary" ("id", "word_class_code", "conjugation_kind_code", "jlpt_level", "row_num", "tags", "date_added") VALUES ('b82fa253-fbb7-559c-b127-77d2262df800', 'NOUN', NULL, NULL, 171, '{entertainment}', '2022-07-24');
INSERT INTO "vocabulary"."definition" ("id", "vocabulary_id", "sort_rank", "value") VALUES ('afb1b212-1e3b-54b0-a1a3-d73e477154b3', 'b82fa253-fbb7-559c-b127-77d2262df800', 1, 'movie');
INSERT INTO "vocabulary"."spelling" ("id", "vocabulary_id", "spelling_kind_code", "value") VALUES ('4aae969c-f682-5d56-9eb8-7fc685883434', 'b82fa253-fbb7-559c-b127-77d2262df800', 'KANJI', '映画');
INSERT INTO "vocabulary"."spelling" ("id", "vocabulary_id", "spelling_kind_code", "value") VALUES ('b1a3fd17-f559-53e9-bdbc-79db57d0bf88', 'b82fa253-fbb7-559c-b127-77d2262df800', 'HIRAGANA', 'えいが');
INSERT INTO "vocabulary"."spelling" ("id", "vocabulary_id", "spelling_kind_code", "value") VALUES ('37d49906-abcc-5075-9e52-2bc076408535', 'b82fa253-fbb7-559c-b127-77d2262df800', 'KANJI', '映画');
INSERT INTO "vocabulary"."linkages" ("vocabulary_id", "preferred_definition_id", "preferred_spelling_id", "phonetic_spelling_id", "alt_phonetic_spelling_id", "kanji_spelling_id") VALUES ('b82fa253-fbb7-559c-b127-77d2262df800', 'afb1b212-1e3b-54b0-a1a3-d73e477154b3', '4aae969c-f682-5d56-9eb8-7fc685883434', 'b1a3fd17-f559-53e9-bdbc-79db57d0bf88', NULL, '37d49906-abcc-5075-9e52-2bc076408535');
INSERT INTO "vocabulary"."reference" ("vocabulary_id", "lesson_code") VALUES ('b82fa253-fbb7-559c-b127-77d2262df800', 'GENKI3_L03');
-- 音楽 | music --;
INSERT INTO "vocabulary"."vocabulary" ("id", "word_class_code", "conjugation_kind_code", "jlpt_level", "row_num", "tags", "date_added") VALUES ('aa05a718-c2a5-5083-9c3d-b0e4d1bd09a8', 'NOUN', NULL, NULL, 172, '{entertainment}', '2022-07-24');
INSERT INTO "vocabulary"."definition" ("id", "vocabulary_id", "sort_rank", "value") VALUES ('a1c48256-c7be-54ee-a8cf-6ec7d35208af', 'aa05a718-c2a5-5083-9c3d-b0e4d1bd09a8', 1, 'music');
INSERT INTO "vocabulary"."spelling" ("id", "vocabulary_id", "spelling_kind_code", "value") VALUES ('39b8713b-49c9-5c3b-8d68-1d5ca4f4f69a', 'aa05a718-c2a5-5083-9c3d-b0e4d1bd09a8', 'KANJI', '音楽');
INSERT INTO "vocabulary"."spelling" ("id", "vocabulary_id", "spelling_kind_code", "value") VALUES ('72d55b79-b333-50e8-aaf5-27aad5689dd2', 'aa05a718-c2a5-5083-9c3d-b0e4d1bd09a8', 'HIRAGANA', 'おんがく');
INSERT INTO "vocabulary"."spelling" ("id", "vocabulary_id", "spelling_kind_code", "value") VALUES ('e611dbc0-cb65-5379-a167-2ef46e821d9d', 'aa05a718-c2a5-5083-9c3d-b0e4d1bd09a8', 'KANJI', '音楽');
INSERT INTO "vocabulary"."linkages" ("vocabulary_id", "preferred_definition_id", "preferred_spelling_id", "phonetic_spelling_id", "alt_phonetic_spelling_id", "kanji_spelling_id") VALUES ('aa05a718-c2a5-5083-9c3d-b0e4d1bd09a8', 'a1c48256-c7be-54ee-a8cf-6ec7d35208af', '39b8713b-49c9-5c3b-8d68-1d5ca4f4f69a', '72d55b79-b333-50e8-aaf5-27aad5689dd2', NULL, 'e611dbc0-cb65-5379-a167-2ef46e821d9d');
INSERT INTO "vocabulary"."reference" ("vocabulary_id", "lesson_code") VALUES ('aa05a718-c2a5-5083-9c3d-b0e4d1bd09a8', 'GENKI3_L03');
-- 雑誌 | magazine --;
INSERT INTO "vocabulary"."vocabulary" ("id", "word_class_code", "conjugation_kind_code", "jlpt_level", "row_num", "tags", "date_added") VALUES ('3bef2c81-886b-5bbd-9f1b-dfc94288bea2', 'NOUN', NULL, NULL, 173, '{entertainment}', '2022-07-24');
INSERT INTO "vocabulary"."definition" ("id", "vocabulary_id", "sort_rank", "value") VALUES ('62af9b7f-5ea1-5645-8169-6cc0ca2d0615', '3bef2c81-886b-5bbd-9f1b-dfc94288bea2', 1, 'magazine');
INSERT INTO "vocabulary"."spelling" ("id", "vocabulary_id", "spelling_kind_code", "value") VALUES ('56537cab-17d4-5d3f-aa85-709c6c01e873', '3bef2c81-886b-5bbd-9f1b-dfc94288bea2', 'KANJI', '雑誌');
INSERT INTO "vocabulary"."spelling" ("id", "vocabulary_id", "spelling_kind_code", "value") VALUES ('9fa01974-1b5b-5580-911a-6736e46e08d6', '3bef2c81-886b-5bbd-9f1b-dfc94288bea2', 'HIRAGANA', 'ざっし');
INSERT INTO "vocabulary"."spelling" ("id", "vocabulary_id", "spelling_kind_code", "value") VALUES ('dfaa7547-8eb8-535a-9f87-384b8e61b2a9', '3bef2c81-886b-5bbd-9f1b-dfc94288bea2', 'KANJI', '雑誌');
INSERT INTO "vocabulary"."linkages" ("vocabulary_id", "preferred_definition_id", "preferred_spelling_id", "phonetic_spelling_id", "alt_phonetic_spelling_id", "kanji_spelling_id") VALUES ('3bef2c81-886b-5bbd-9f1b-dfc94288bea2', '62af9b7f-5ea1-5645-8169-6cc0ca2d0615', '56537cab-17d4-5d3f-aa85-709c6c01e873', '9fa01974-1b5b-5580-911a-6736e46e08d6', NULL, 'dfaa7547-8eb8-535a-9f87-384b8e61b2a9');
INSERT INTO "vocabulary"."reference" ("vocabulary_id", "lesson_code") VALUES ('3bef2c81-886b-5bbd-9f1b-dfc94288bea2', 'GENKI3_L03');
-- スポーツ | sports --;
INSERT INTO "vocabulary"."vocabulary" ("id", "word_class_code", "conjugation_kind_code", "jlpt_level", "row_num", "tags", "date_added") VALUES ('bbf5a302-a23c-5142-b721-2aa90ff1e8dc', 'NOUN', NULL, NULL, 174, '{entertainment}', '2022-07-24');
INSERT INTO "vocabulary"."definition" ("id", "vocabulary_id", "sort_rank", "value") VALUES ('77fa23ca-1494-52b3-a47c-b16dfa2f484d', 'bbf5a302-a23c-5142-b721-2aa90ff1e8dc', 1, 'sports');
INSERT INTO "vocabulary"."spelling" ("id", "vocabulary_id", "spelling_kind_code", "value") VALUES ('af7e1e1b-76e1-54c0-9087-5bc91013aedc', 'bbf5a302-a23c-5142-b721-2aa90ff1e8dc', 'KATAKANA', 'スポーツ');
INSERT INTO "vocabulary"."spelling" ("id", "vocabulary_id", "spelling_kind_code", "value") VALUES ('856543ca-d41f-594b-abc2-b552cd903a62', 'bbf5a302-a23c-5142-b721-2aa90ff1e8dc', 'KATAKANA', 'スポーツ');
INSERT INTO "vocabulary"."linkages" ("vocabulary_id", "preferred_definition_id", "preferred_spelling_id", "phonetic_spelling_id", "alt_phonetic_spelling_id", "kanji_spelling_id") VALUES ('bbf5a302-a23c-5142-b721-2aa90ff1e8dc', '77fa23ca-1494-52b3-a47c-b16dfa2f484d', 'af7e1e1b-76e1-54c0-9087-5bc91013aedc', '856543ca-d41f-594b-abc2-b552cd903a62', NULL, NULL);
INSERT INTO "vocabulary"."reference" ("vocabulary_id", "lesson_code") VALUES ('bbf5a302-a23c-5142-b721-2aa90ff1e8dc', 'GENKI3_L03');
-- デート | date (romantic) --;
INSERT INTO "vocabulary"."vocabulary" ("id", "word_class_code", "conjugation_kind_code", "jlpt_level", "row_num", "tags", "date_added") VALUES ('738002f3-36da-5668-8a8b-46415de8cd52', 'NOUN', NULL, NULL, 175, '{entertainment}', '2022-07-24');
INSERT INTO "vocabulary"."definition" ("id", "vocabulary_id", "sort_rank", "value") VALUES ('98cecc42-0734-59bd-9b78-528e565ab9ec', '738002f3-36da-5668-8a8b-46415de8cd52', 1, 'date (romantic)');
INSERT INTO "vocabulary"."spelling" ("id", "vocabulary_id", "spelling_kind_code", "value") VALUES ('8d735046-6a09-55cb-8841-8a53089f3e2d', '738002f3-36da-5668-8a8b-46415de8cd52', 'KATAKANA', 'デート');
INSERT INTO "vocabulary"."spelling" ("id", "vocabulary_id", "spelling_kind_code", "value") VALUES ('3cdc0668-26f0-569c-b29a-35ad448d5aaf', '738002f3-36da-5668-8a8b-46415de8cd52', 'KATAKANA', 'デート');
INSERT INTO "vocabulary"."linkages" ("vocabulary_id", "preferred_definition_id", "preferred_spelling_id", "phonetic_spelling_id", "alt_phonetic_spelling_id", "kanji_spelling_id") VALUES ('738002f3-36da-5668-8a8b-46415de8cd52', '98cecc42-0734-59bd-9b78-528e565ab9ec', '8d735046-6a09-55cb-8841-8a53089f3e2d', '3cdc0668-26f0-569c-b29a-35ad448d5aaf', NULL, NULL);
INSERT INTO "vocabulary"."reference" ("vocabulary_id", "lesson_code") VALUES ('738002f3-36da-5668-8a8b-46415de8cd52', 'GENKI3_L03');
-- テニス | tennis --;
INSERT INTO "vocabulary"."vocabulary" ("id", "word_class_code", "conjugation_kind_code", "jlpt_level", "row_num", "tags", "date_added") VALUES ('8f790b97-9843-5efe-b338-e1c37618c616', 'NOUN', NULL, NULL, 176, '{entertainment}', '2022-07-24');
INSERT INTO "vocabulary"."definition" ("id", "vocabulary_id", "sort_rank", "value") VALUES ('fa9b0206-1dd9-5355-b50f-9fe65660827a', '8f790b97-9843-5efe-b338-e1c37618c616', 1, 'tennis');
INSERT INTO "vocabulary"."spelling" ("id", "vocabulary_id", "spelling_kind_code", "value") VALUES ('f6fc5ee6-11ee-5d5b-bab4-e14a0ed8fe5c', '8f790b97-9843-5efe-b338-e1c37618c616', 'KATAKANA', 'テニス');
INSERT INTO "vocabulary"."spelling" ("id", "vocabulary_id", "spelling_kind_code", "value") VALUES ('6cc10e52-417b-50c1-87f6-7bafca574f3d', '8f790b97-9843-5efe-b338-e1c37618c616', 'KATAKANA', 'テニス');
INSERT INTO "vocabulary"."linkages" ("vocabulary_id", "preferred_definition_id", "preferred_spelling_id", "phonetic_spelling_id", "alt_phonetic_spelling_id", "kanji_spelling_id") VALUES ('8f790b97-9843-5efe-b338-e1c37618c616', 'fa9b0206-1dd9-5355-b50f-9fe65660827a', 'f6fc5ee6-11ee-5d5b-bab4-e14a0ed8fe5c', '6cc10e52-417b-50c1-87f6-7bafca574f3d', NULL, NULL);
INSERT INTO "vocabulary"."reference" ("vocabulary_id", "lesson_code") VALUES ('8f790b97-9843-5efe-b338-e1c37618c616', 'GENKI3_L03');
-- テレビ | TV --;
INSERT INTO "vocabulary"."vocabulary" ("id", "word_class_code", "conjugation_kind_code", "jlpt_level", "row_num", "tags", "date_added") VALUES ('5ca8a07b-ac34-5789-ab4a-8bd29d51929c', 'NOUN', NULL, NULL, 177, '{entertainment}', '2022-07-24');
INSERT INTO "vocabulary"."definition" ("id", "vocabulary_id", "sort_rank", "value") VALUES ('056509e9-06b8-5185-a3c6-2f1f7ed3fc4e', '5ca8a07b-ac34-5789-ab4a-8bd29d51929c', 1, 'TV');
INSERT INTO "vocabulary"."spelling" ("id", "vocabulary_id", "spelling_kind_code", "value") VALUES ('b9e17750-fb09-5052-8504-90550a396367', '5ca8a07b-ac34-5789-ab4a-8bd29d51929c', 'KATAKANA', 'テレビ');
INSERT INTO "vocabulary"."spelling" ("id", "vocabulary_id", "spelling_kind_code", "value") VALUES ('6cbbf73e-ffd0-5318-a009-10707ece949a', '5ca8a07b-ac34-5789-ab4a-8bd29d51929c', 'KATAKANA', 'テレビ');
INSERT INTO "vocabulary"."linkages" ("vocabulary_id", "preferred_definition_id", "preferred_spelling_id", "phonetic_spelling_id", "alt_phonetic_spelling_id", "kanji_spelling_id") VALUES ('5ca8a07b-ac34-5789-ab4a-8bd29d51929c', '056509e9-06b8-5185-a3c6-2f1f7ed3fc4e', 'b9e17750-fb09-5052-8504-90550a396367', '6cbbf73e-ffd0-5318-a009-10707ece949a', NULL, NULL);
INSERT INTO "vocabulary"."reference" ("vocabulary_id", "lesson_code") VALUES ('5ca8a07b-ac34-5789-ab4a-8bd29d51929c', 'GENKI3_L03');
-- アイスクリーム | ice cream --;
INSERT INTO "vocabulary"."vocabulary" ("id", "word_class_code", "conjugation_kind_code", "jlpt_level", "row_num", "tags", "date_added") VALUES ('b3e732b3-61c4-574d-8901-b1c74076b5ea', 'NOUN', NULL, NULL, 178, '{food}', '2022-07-24');
INSERT INTO "vocabulary"."definition" ("id", "vocabulary_id", "sort_rank", "value") VALUES ('77ecffe9-3fc5-5665-9cea-d821358a4d3b', 'b3e732b3-61c4-574d-8901-b1c74076b5ea', 1, 'ice cream');
INSERT INTO "vocabulary"."spelling" ("id", "vocabulary_id", "spelling_kind_code", "value") VALUES ('86c71494-24d4-552a-b3c8-24381654098b', 'b3e732b3-61c4-574d-8901-b1c74076b5ea', 'KATAKANA', 'アイスクリーム');
INSERT INTO "vocabulary"."spelling" ("id", "vocabulary_id", "spelling_kind_code", "value") VALUES ('9e5894c8-46dd-5b5f-ac6f-314ab3997c9d', 'b3e732b3-61c4-574d-8901-b1c74076b5ea', 'KATAKANA', 'アイスクリーム');
INSERT INTO "vocabulary"."linkages" ("vocabulary_id", "preferred_definition_id", "preferred_spelling_id", "phonetic_spelling_id", "alt_phonetic_spelling_id", "kanji_spelling_id") VALUES ('b3e732b3-61c4-574d-8901-b1c74076b5ea', '77ecffe9-3fc5-5665-9cea-d821358a4d3b', '86c71494-24d4-552a-b3c8-24381654098b', '9e5894c8-46dd-5b5f-ac6f-314ab3997c9d', NULL, NULL);
INSERT INTO "vocabulary"."reference" ("vocabulary_id", "lesson_code") VALUES ('b3e732b3-61c4-574d-8901-b1c74076b5ea', 'GENKI3_L03');
-- ハンバーガー | hamburger --;
INSERT INTO "vocabulary"."vocabulary" ("id", "word_class_code", "conjugation_kind_code", "jlpt_level", "row_num", "tags", "date_added") VALUES ('720a22a5-3132-56e6-8380-03a20e2a4af1', 'NOUN', NULL, NULL, 179, '{food}', '2022-07-24');
INSERT INTO "vocabulary"."definition" ("id", "vocabulary_id", "sort_rank", "value") VALUES ('011399ab-93c2-5ddf-9141-fcc1375ca093', '720a22a5-3132-56e6-8380-03a20e2a4af1', 1, 'hamburger');
INSERT INTO "vocabulary"."spelling" ("id", "vocabulary_id", "spelling_kind_code", "value") VALUES ('c9c8d3d2-2f66-5b55-a2c8-bfa8d5bd46df', '720a22a5-3132-56e6-8380-03a20e2a4af1', 'KATAKANA', 'ハンバーガー');
INSERT INTO "vocabulary"."spelling" ("id", "vocabulary_id", "spelling_kind_code", "value") VALUES ('0df076bb-c35b-5aab-8c10-f230ce7c2387', '720a22a5-3132-56e6-8380-03a20e2a4af1', 'KATAKANA', 'ハンバーガー');
INSERT INTO "vocabulary"."linkages" ("vocabulary_id", "preferred_definition_id", "preferred_spelling_id", "phonetic_spelling_id", "alt_phonetic_spelling_id", "kanji_spelling_id") VALUES ('720a22a5-3132-56e6-8380-03a20e2a4af1', '011399ab-93c2-5ddf-9141-fcc1375ca093', 'c9c8d3d2-2f66-5b55-a2c8-bfa8d5bd46df', '0df076bb-c35b-5aab-8c10-f230ce7c2387', NULL, NULL);
INSERT INTO "vocabulary"."reference" ("vocabulary_id", "lesson_code") VALUES ('720a22a5-3132-56e6-8380-03a20e2a4af1', 'GENKI3_L03');
-- お酒 | sake; alcohol --;
INSERT INTO "vocabulary"."vocabulary" ("id", "word_class_code", "conjugation_kind_code", "jlpt_level", "row_num", "tags", "date_added") VALUES ('dbf81e7a-c846-5129-b017-a31ad90eb752', 'NOUN', NULL, NULL, 180, '{food}', '2022-07-24');
INSERT INTO "vocabulary"."definition" ("id", "vocabulary_id", "sort_rank", "value") VALUES ('213da779-7424-5804-829b-2e835e85c3df', 'dbf81e7a-c846-5129-b017-a31ad90eb752', 1, 'sake; alcohol');
INSERT INTO "vocabulary"."spelling" ("id", "vocabulary_id", "spelling_kind_code", "value") VALUES ('45624a06-035a-51e5-b9f3-28e5f26618e1', 'dbf81e7a-c846-5129-b017-a31ad90eb752', 'KANJI', 'お酒');
INSERT INTO "vocabulary"."spelling" ("id", "vocabulary_id", "spelling_kind_code", "value") VALUES ('bc0acedf-2c8f-548b-93aa-0b8cb3ccda34', 'dbf81e7a-c846-5129-b017-a31ad90eb752', 'HIRAGANA', 'おさけ');
INSERT INTO "vocabulary"."spelling" ("id", "vocabulary_id", "spelling_kind_code", "value") VALUES ('8fe9d338-8197-595e-92f4-b67fa0e8b231', 'dbf81e7a-c846-5129-b017-a31ad90eb752', 'KANJI', 'お酒');
INSERT INTO "vocabulary"."linkages" ("vocabulary_id", "preferred_definition_id", "preferred_spelling_id", "phonetic_spelling_id", "alt_phonetic_spelling_id", "kanji_spelling_id") VALUES ('dbf81e7a-c846-5129-b017-a31ad90eb752', '213da779-7424-5804-829b-2e835e85c3df', '45624a06-035a-51e5-b9f3-28e5f26618e1', 'bc0acedf-2c8f-548b-93aa-0b8cb3ccda34', NULL, '8fe9d338-8197-595e-92f4-b67fa0e8b231');
INSERT INTO "vocabulary"."reference" ("vocabulary_id", "lesson_code") VALUES ('dbf81e7a-c846-5129-b017-a31ad90eb752', 'GENKI3_L03');
-- お茶 | green tea --;
INSERT INTO "vocabulary"."vocabulary" ("id", "word_class_code", "conjugation_kind_code", "jlpt_level", "row_num", "tags", "date_added") VALUES ('4b6153f0-1c2e-5330-94dc-e71afa17d386', 'NOUN', NULL, NULL, 181, '{food}', '2022-07-24');
INSERT INTO "vocabulary"."definition" ("id", "vocabulary_id", "sort_rank", "value") VALUES ('056c6a79-6f65-57a5-8481-694d4cd88f1b', '4b6153f0-1c2e-5330-94dc-e71afa17d386', 1, 'green tea');
INSERT INTO "vocabulary"."spelling" ("id", "vocabulary_id", "spelling_kind_code", "value") VALUES ('46844d8e-e657-5663-8e28-9b048a3d8d8e', '4b6153f0-1c2e-5330-94dc-e71afa17d386', 'KANJI', 'お茶');
INSERT INTO "vocabulary"."spelling" ("id", "vocabulary_id", "spelling_kind_code", "value") VALUES ('6e95db7c-175e-5a7f-bac9-b2fc24025c15', '4b6153f0-1c2e-5330-94dc-e71afa17d386', 'HIRAGANA', 'おちゃ');
INSERT INTO "vocabulary"."spelling" ("id", "vocabulary_id", "spelling_kind_code", "value") VALUES ('f5bd1c7c-149e-526f-8316-1e4243d1566f', '4b6153f0-1c2e-5330-94dc-e71afa17d386', 'KANJI', 'お茶');
INSERT INTO "vocabulary"."linkages" ("vocabulary_id", "preferred_definition_id", "preferred_spelling_id", "phonetic_spelling_id", "alt_phonetic_spelling_id", "kanji_spelling_id") VALUES ('4b6153f0-1c2e-5330-94dc-e71afa17d386', '056c6a79-6f65-57a5-8481-694d4cd88f1b', '46844d8e-e657-5663-8e28-9b048a3d8d8e', '6e95db7c-175e-5a7f-bac9-b2fc24025c15', NULL, 'f5bd1c7c-149e-526f-8316-1e4243d1566f');
INSERT INTO "vocabulary"."reference" ("vocabulary_id", "lesson_code") VALUES ('4b6153f0-1c2e-5330-94dc-e71afa17d386', 'GENKI3_L03');
-- コーヒー | coffee --;
INSERT INTO "vocabulary"."vocabulary" ("id", "word_class_code", "conjugation_kind_code", "jlpt_level", "row_num", "tags", "date_added") VALUES ('c675acf7-4ab1-5a0a-beb3-e65aff83932a', 'NOUN', NULL, NULL, 182, '{food}', '2022-07-24');
INSERT INTO "vocabulary"."definition" ("id", "vocabulary_id", "sort_rank", "value") VALUES ('6ec319f3-a284-588f-8f74-f23212f113f4', 'c675acf7-4ab1-5a0a-beb3-e65aff83932a', 1, 'coffee');
INSERT INTO "vocabulary"."spelling" ("id", "vocabulary_id", "spelling_kind_code", "value") VALUES ('42dc81c2-5757-5600-8db5-fb65df0cbfb7', 'c675acf7-4ab1-5a0a-beb3-e65aff83932a', 'KATAKANA', 'コーヒー');
INSERT INTO "vocabulary"."spelling" ("id", "vocabulary_id", "spelling_kind_code", "value") VALUES ('98788bea-a32a-503d-9ec3-0f0871fc66c4', 'c675acf7-4ab1-5a0a-beb3-e65aff83932a', 'KATAKANA', 'コーヒー');
INSERT INTO "vocabulary"."linkages" ("vocabulary_id", "preferred_definition_id", "preferred_spelling_id", "phonetic_spelling_id", "alt_phonetic_spelling_id", "kanji_spelling_id") VALUES ('c675acf7-4ab1-5a0a-beb3-e65aff83932a', '6ec319f3-a284-588f-8f74-f23212f113f4', '42dc81c2-5757-5600-8db5-fb65df0cbfb7', '98788bea-a32a-503d-9ec3-0f0871fc66c4', NULL, NULL);
INSERT INTO "vocabulary"."reference" ("vocabulary_id", "lesson_code") VALUES ('c675acf7-4ab1-5a0a-beb3-e65aff83932a', 'GENKI3_L03');
-- 水 | water --;
INSERT INTO "vocabulary"."vocabulary" ("id", "word_class_code", "conjugation_kind_code", "jlpt_level", "row_num", "tags", "date_added") VALUES ('ff69f94e-49fa-5015-a8e8-6bdab429f087', 'NOUN', NULL, NULL, 183, '{food}', '2022-07-24');
INSERT INTO "vocabulary"."definition" ("id", "vocabulary_id", "sort_rank", "value") VALUES ('c1725f64-5e0a-56b2-8961-2433e969a4af', 'ff69f94e-49fa-5015-a8e8-6bdab429f087', 1, 'water');
INSERT INTO "vocabulary"."spelling" ("id", "vocabulary_id", "spelling_kind_code", "value") VALUES ('aa8b89bf-74ad-5990-9f92-825ea9d60f1c', 'ff69f94e-49fa-5015-a8e8-6bdab429f087', 'KANJI', '水');
INSERT INTO "vocabulary"."spelling" ("id", "vocabulary_id", "spelling_kind_code", "value") VALUES ('3cac88a1-b430-5475-8af9-f782af60ec3e', 'ff69f94e-49fa-5015-a8e8-6bdab429f087', 'HIRAGANA', 'みず');
INSERT INTO "vocabulary"."spelling" ("id", "vocabulary_id", "spelling_kind_code", "value") VALUES ('457d6c5b-f2e2-53ce-ac4e-2aa277fcb9f5', 'ff69f94e-49fa-5015-a8e8-6bdab429f087', 'KANJI', '水');
INSERT INTO "vocabulary"."linkages" ("vocabulary_id", "preferred_definition_id", "preferred_spelling_id", "phonetic_spelling_id", "alt_phonetic_spelling_id", "kanji_spelling_id") VALUES ('ff69f94e-49fa-5015-a8e8-6bdab429f087', 'c1725f64-5e0a-56b2-8961-2433e969a4af', 'aa8b89bf-74ad-5990-9f92-825ea9d60f1c', '3cac88a1-b430-5475-8af9-f782af60ec3e', NULL, '457d6c5b-f2e2-53ce-ac4e-2aa277fcb9f5');
INSERT INTO "vocabulary"."reference" ("vocabulary_id", "lesson_code") VALUES ('ff69f94e-49fa-5015-a8e8-6bdab429f087', 'GENKI3_L03');
-- 朝ご飯 | breakfast --;
INSERT INTO "vocabulary"."vocabulary" ("id", "word_class_code", "conjugation_kind_code", "jlpt_level", "row_num", "tags", "date_added") VALUES ('455c3d21-e4c5-5cae-a4b1-2f4a0b988e50', 'NOUN', NULL, NULL, 184, '{food}', '2022-07-24');
INSERT INTO "vocabulary"."definition" ("id", "vocabulary_id", "sort_rank", "value") VALUES ('581e3e7a-72de-507c-b810-6174adb3f7f4', '455c3d21-e4c5-5cae-a4b1-2f4a0b988e50', 1, 'breakfast');
INSERT INTO "vocabulary"."spelling" ("id", "vocabulary_id", "spelling_kind_code", "value") VALUES ('7c3e5265-4e28-58ec-9fd6-d3b32889d7a4', '455c3d21-e4c5-5cae-a4b1-2f4a0b988e50', 'KANJI', '朝ご飯');
INSERT INTO "vocabulary"."spelling" ("id", "vocabulary_id", "spelling_kind_code", "value") VALUES ('c7e8c941-632a-5882-93ed-4f3de57fb319', '455c3d21-e4c5-5cae-a4b1-2f4a0b988e50', 'HIRAGANA', 'あさごはん');
INSERT INTO "vocabulary"."spelling" ("id", "vocabulary_id", "spelling_kind_code", "value") VALUES ('a834dd0e-ae8b-5531-ae8d-e0fc7ee7add2', '455c3d21-e4c5-5cae-a4b1-2f4a0b988e50', 'KANJI', '朝ご飯');
INSERT INTO "vocabulary"."linkages" ("vocabulary_id", "preferred_definition_id", "preferred_spelling_id", "phonetic_spelling_id", "alt_phonetic_spelling_id", "kanji_spelling_id") VALUES ('455c3d21-e4c5-5cae-a4b1-2f4a0b988e50', '581e3e7a-72de-507c-b810-6174adb3f7f4', '7c3e5265-4e28-58ec-9fd6-d3b32889d7a4', 'c7e8c941-632a-5882-93ed-4f3de57fb319', NULL, 'a834dd0e-ae8b-5531-ae8d-e0fc7ee7add2');
INSERT INTO "vocabulary"."reference" ("vocabulary_id", "lesson_code") VALUES ('455c3d21-e4c5-5cae-a4b1-2f4a0b988e50', 'GENKI3_L03');
-- 昼ご飯 | lunch --;
INSERT INTO "vocabulary"."vocabulary" ("id", "word_class_code", "conjugation_kind_code", "jlpt_level", "row_num", "tags", "date_added") VALUES ('43903683-a322-530c-88e1-a1c406296be6', 'NOUN', NULL, NULL, 185, '{food}', '2022-07-24');
INSERT INTO "vocabulary"."definition" ("id", "vocabulary_id", "sort_rank", "value") VALUES ('c3b94bed-62b7-5a5e-aa43-cf34cd39c5d3', '43903683-a322-530c-88e1-a1c406296be6', 1, 'lunch');
INSERT INTO "vocabulary"."spelling" ("id", "vocabulary_id", "spelling_kind_code", "value") VALUES ('7fa0f793-b187-5b8c-b6d5-1695e03a8e38', '43903683-a322-530c-88e1-a1c406296be6', 'KANJI', '昼ご飯');
INSERT INTO "vocabulary"."spelling" ("id", "vocabulary_id", "spelling_kind_code", "value") VALUES ('8fec06ef-b002-523b-93fb-71f4299bd31e', '43903683-a322-530c-88e1-a1c406296be6', 'HIRAGANA', 'ひるごはん');
INSERT INTO "vocabulary"."spelling" ("id", "vocabulary_id", "spelling_kind_code", "value") VALUES ('e7a6e3f0-ddef-507f-b307-1897345fcc83', '43903683-a322-530c-88e1-a1c406296be6', 'KANJI', '昼ご飯');
INSERT INTO "vocabulary"."linkages" ("vocabulary_id", "preferred_definition_id", "preferred_spelling_id", "phonetic_spelling_id", "alt_phonetic_spelling_id", "kanji_spelling_id") VALUES ('43903683-a322-530c-88e1-a1c406296be6', 'c3b94bed-62b7-5a5e-aa43-cf34cd39c5d3', '7fa0f793-b187-5b8c-b6d5-1695e03a8e38', '8fec06ef-b002-523b-93fb-71f4299bd31e', NULL, 'e7a6e3f0-ddef-507f-b307-1897345fcc83');
INSERT INTO "vocabulary"."reference" ("vocabulary_id", "lesson_code") VALUES ('43903683-a322-530c-88e1-a1c406296be6', 'GENKI3_L03');
-- 晩御飯 | dinner --;
INSERT INTO "vocabulary"."vocabulary" ("id", "word_class_code", "conjugation_kind_code", "jlpt_level", "row_num", "tags", "date_added") VALUES ('4e1fc6f4-772d-5a1f-8391-5453bcbf4817', 'NOUN', NULL, NULL, 186, '{food}', '2022-07-24');
INSERT INTO "vocabulary"."definition" ("id", "vocabulary_id", "sort_rank", "value") VALUES ('b68cdf5e-bc9c-549d-8b3a-3ec42f622692', '4e1fc6f4-772d-5a1f-8391-5453bcbf4817', 1, 'dinner');
INSERT INTO "vocabulary"."spelling" ("id", "vocabulary_id", "spelling_kind_code", "value") VALUES ('dfc887d1-c851-586f-9b75-bc832a01f1ce', '4e1fc6f4-772d-5a1f-8391-5453bcbf4817', 'KANJI', '晩御飯');
INSERT INTO "vocabulary"."spelling" ("id", "vocabulary_id", "spelling_kind_code", "value") VALUES ('c1e71edc-4aff-5e4d-bf94-559bfae34f0a', '4e1fc6f4-772d-5a1f-8391-5453bcbf4817', 'HIRAGANA', 'ばんごはん');
INSERT INTO "vocabulary"."spelling" ("id", "vocabulary_id", "spelling_kind_code", "value") VALUES ('1b5bc0e6-aae6-5996-95c6-8a9a46e32090', '4e1fc6f4-772d-5a1f-8391-5453bcbf4817', 'KANJI', '晩御飯');
INSERT INTO "vocabulary"."linkages" ("vocabulary_id", "preferred_definition_id", "preferred_spelling_id", "phonetic_spelling_id", "alt_phonetic_spelling_id", "kanji_spelling_id") VALUES ('4e1fc6f4-772d-5a1f-8391-5453bcbf4817', 'b68cdf5e-bc9c-549d-8b3a-3ec42f622692', 'dfc887d1-c851-586f-9b75-bc832a01f1ce', 'c1e71edc-4aff-5e4d-bf94-559bfae34f0a', NULL, '1b5bc0e6-aae6-5996-95c6-8a9a46e32090');
INSERT INTO "vocabulary"."reference" ("vocabulary_id", "lesson_code") VALUES ('4e1fc6f4-772d-5a1f-8391-5453bcbf4817', 'GENKI3_L03');
-- 家 | home; house --;
INSERT INTO "vocabulary"."vocabulary" ("id", "word_class_code", "conjugation_kind_code", "jlpt_level", "row_num", "tags", "date_added") VALUES ('e6aa13b6-6f6a-57db-8433-701ba55fa918', 'NOUN', NULL, NULL, 187, '{place}', '2022-07-24');
INSERT INTO "vocabulary"."definition" ("id", "vocabulary_id", "sort_rank", "value") VALUES ('8fb320c1-499d-5e35-a637-cfca897c648c', 'e6aa13b6-6f6a-57db-8433-701ba55fa918', 1, 'home; house');
INSERT INTO "vocabulary"."spelling" ("id", "vocabulary_id", "spelling_kind_code", "value") VALUES ('ec6813d2-a7d2-5c3c-8180-f9c4491b3168', 'e6aa13b6-6f6a-57db-8433-701ba55fa918', 'KANJI', '家');
INSERT INTO "vocabulary"."spelling" ("id", "vocabulary_id", "spelling_kind_code", "value") VALUES ('af93520a-a3ee-5652-9998-7db2633da2c7', 'e6aa13b6-6f6a-57db-8433-701ba55fa918', 'HIRAGANA', 'いえ');
INSERT INTO "vocabulary"."spelling" ("id", "vocabulary_id", "spelling_kind_code", "value") VALUES ('3f6b6010-e217-5fbb-92fd-c7f4fed4c848', 'e6aa13b6-6f6a-57db-8433-701ba55fa918', 'KANJI', '家');
INSERT INTO "vocabulary"."linkages" ("vocabulary_id", "preferred_definition_id", "preferred_spelling_id", "phonetic_spelling_id", "alt_phonetic_spelling_id", "kanji_spelling_id") VALUES ('e6aa13b6-6f6a-57db-8433-701ba55fa918', '8fb320c1-499d-5e35-a637-cfca897c648c', 'ec6813d2-a7d2-5c3c-8180-f9c4491b3168', 'af93520a-a3ee-5652-9998-7db2633da2c7', NULL, '3f6b6010-e217-5fbb-92fd-c7f4fed4c848');
INSERT INTO "vocabulary"."reference" ("vocabulary_id", "lesson_code") VALUES ('e6aa13b6-6f6a-57db-8433-701ba55fa918', 'DUO_02_04');
INSERT INTO "vocabulary"."reference" ("vocabulary_id", "lesson_code") VALUES ('e6aa13b6-6f6a-57db-8433-701ba55fa918', 'GENKI3_L03');
-- うち | my place --;
INSERT INTO "vocabulary"."vocabulary" ("id", "word_class_code", "conjugation_kind_code", "jlpt_level", "row_num", "tags", "date_added") VALUES ('522046f3-2cfa-565e-a8d5-15f048b49776', 'NOUN', NULL, NULL, 188, '{place}', '2022-07-24');
INSERT INTO "vocabulary"."definition" ("id", "vocabulary_id", "sort_rank", "value") VALUES ('f6bcb167-86e0-5985-aeec-8f9db8e91087', '522046f3-2cfa-565e-a8d5-15f048b49776', 1, 'my place');
INSERT INTO "vocabulary"."spelling" ("id", "vocabulary_id", "spelling_kind_code", "value") VALUES ('e4228c33-04d8-5187-8697-77df874c9557', '522046f3-2cfa-565e-a8d5-15f048b49776', 'HIRAGANA', 'うち');
INSERT INTO "vocabulary"."spelling" ("id", "vocabulary_id", "spelling_kind_code", "value") VALUES ('91caa7de-49ca-55cb-83ec-320cc657cd44', '522046f3-2cfa-565e-a8d5-15f048b49776', 'HIRAGANA', 'うち');
INSERT INTO "vocabulary"."spelling" ("id", "vocabulary_id", "spelling_kind_code", "value") VALUES ('cf80c27e-d3a7-5c97-ad7d-dd77b5fca327', '522046f3-2cfa-565e-a8d5-15f048b49776', 'KANJI', '家');
INSERT INTO "vocabulary"."linkages" ("vocabulary_id", "preferred_definition_id", "preferred_spelling_id", "phonetic_spelling_id", "alt_phonetic_spelling_id", "kanji_spelling_id") VALUES ('522046f3-2cfa-565e-a8d5-15f048b49776', 'f6bcb167-86e0-5985-aeec-8f9db8e91087', 'e4228c33-04d8-5187-8697-77df874c9557', '91caa7de-49ca-55cb-83ec-320cc657cd44', NULL, 'cf80c27e-d3a7-5c97-ad7d-dd77b5fca327');
INSERT INTO "vocabulary"."reference" ("vocabulary_id", "lesson_code") VALUES ('522046f3-2cfa-565e-a8d5-15f048b49776', 'GENKI3_L03');
-- カフェ | cafe --;
INSERT INTO "vocabulary"."vocabulary" ("id", "word_class_code", "conjugation_kind_code", "jlpt_level", "row_num", "tags", "date_added") VALUES ('c5ebd7d9-06b2-596e-96f5-7366810ea78c', 'NOUN', NULL, NULL, 189, '{place}', '2022-07-24');
INSERT INTO "vocabulary"."definition" ("id", "vocabulary_id", "sort_rank", "value") VALUES ('b3fe18f2-6831-5a02-baeb-4d1dc5867944', 'c5ebd7d9-06b2-596e-96f5-7366810ea78c', 1, 'cafe');
INSERT INTO "vocabulary"."spelling" ("id", "vocabulary_id", "spelling_kind_code", "value") VALUES ('42b8ec37-7576-5d36-8309-3fa640046f14', 'c5ebd7d9-06b2-596e-96f5-7366810ea78c', 'KATAKANA', 'カフェ');
INSERT INTO "vocabulary"."spelling" ("id", "vocabulary_id", "spelling_kind_code", "value") VALUES ('9700b6d9-aa0a-5e15-851e-1319e473a746', 'c5ebd7d9-06b2-596e-96f5-7366810ea78c', 'KATAKANA', 'カフェ');
INSERT INTO "vocabulary"."linkages" ("vocabulary_id", "preferred_definition_id", "preferred_spelling_id", "phonetic_spelling_id", "alt_phonetic_spelling_id", "kanji_spelling_id") VALUES ('c5ebd7d9-06b2-596e-96f5-7366810ea78c', 'b3fe18f2-6831-5a02-baeb-4d1dc5867944', '42b8ec37-7576-5d36-8309-3fa640046f14', '9700b6d9-aa0a-5e15-851e-1319e473a746', NULL, NULL);
INSERT INTO "vocabulary"."reference" ("vocabulary_id", "lesson_code") VALUES ('c5ebd7d9-06b2-596e-96f5-7366810ea78c', 'GENKI3_L03');
-- 明日 | tomorrow --;
INSERT INTO "vocabulary"."vocabulary" ("id", "word_class_code", "conjugation_kind_code", "jlpt_level", "row_num", "tags", "date_added") VALUES ('3972d239-6e9a-5163-bf43-c4a2b81783db', 'NOUN', NULL, NULL, 190, '{time}', '2022-07-24');
INSERT INTO "vocabulary"."definition" ("id", "vocabulary_id", "sort_rank", "value") VALUES ('4186453a-c983-5c81-8826-27634ff91069', '3972d239-6e9a-5163-bf43-c4a2b81783db', 1, 'tomorrow');
INSERT INTO "vocabulary"."spelling" ("id", "vocabulary_id", "spelling_kind_code", "value") VALUES ('814b705f-25ff-546b-bce9-f0875ee4b1f2', '3972d239-6e9a-5163-bf43-c4a2b81783db', 'KANJI', '明日');
INSERT INTO "vocabulary"."spelling" ("id", "vocabulary_id", "spelling_kind_code", "value") VALUES ('b7e7b41d-f01b-54d2-807c-cd0aabe7a3ce', '3972d239-6e9a-5163-bf43-c4a2b81783db', 'HIRAGANA', 'あした');
INSERT INTO "vocabulary"."spelling" ("id", "vocabulary_id", "spelling_kind_code", "value") VALUES ('9ac91714-b3ae-5e0d-9dde-18d4d1d61577', '3972d239-6e9a-5163-bf43-c4a2b81783db', 'KANJI', '明日');
INSERT INTO "vocabulary"."linkages" ("vocabulary_id", "preferred_definition_id", "preferred_spelling_id", "phonetic_spelling_id", "alt_phonetic_spelling_id", "kanji_spelling_id") VALUES ('3972d239-6e9a-5163-bf43-c4a2b81783db', '4186453a-c983-5c81-8826-27634ff91069', '814b705f-25ff-546b-bce9-f0875ee4b1f2', 'b7e7b41d-f01b-54d2-807c-cd0aabe7a3ce', NULL, '9ac91714-b3ae-5e0d-9dde-18d4d1d61577');
INSERT INTO "vocabulary"."reference" ("vocabulary_id", "lesson_code") VALUES ('3972d239-6e9a-5163-bf43-c4a2b81783db', 'GENKI3_L03');
-- 今日 | today --;
INSERT INTO "vocabulary"."vocabulary" ("id", "word_class_code", "conjugation_kind_code", "jlpt_level", "row_num", "tags", "date_added") VALUES ('a4dbf3ac-a372-58a7-b9ac-a7f018ba587c', 'NOUN', NULL, NULL, 191, '{time}', '2022-07-24');
INSERT INTO "vocabulary"."definition" ("id", "vocabulary_id", "sort_rank", "value") VALUES ('08e0fd99-c81a-5e37-819f-e50bf7dae2bd', 'a4dbf3ac-a372-58a7-b9ac-a7f018ba587c', 1, 'today');
INSERT INTO "vocabulary"."spelling" ("id", "vocabulary_id", "spelling_kind_code", "value") VALUES ('72c6cb54-46bd-5604-a15f-8d8f452ec20d', 'a4dbf3ac-a372-58a7-b9ac-a7f018ba587c', 'KANJI', '今日');
INSERT INTO "vocabulary"."spelling" ("id", "vocabulary_id", "spelling_kind_code", "value") VALUES ('4f416a90-70fb-5f42-94b1-bdc258c34ed9', 'a4dbf3ac-a372-58a7-b9ac-a7f018ba587c', 'HIRAGANA', 'きょう');
INSERT INTO "vocabulary"."spelling" ("id", "vocabulary_id", "spelling_kind_code", "value") VALUES ('29b25ac8-521f-5134-90b2-2ea09ed45384', 'a4dbf3ac-a372-58a7-b9ac-a7f018ba587c', 'KANJI', '今日');
INSERT INTO "vocabulary"."linkages" ("vocabulary_id", "preferred_definition_id", "preferred_spelling_id", "phonetic_spelling_id", "alt_phonetic_spelling_id", "kanji_spelling_id") VALUES ('a4dbf3ac-a372-58a7-b9ac-a7f018ba587c', '08e0fd99-c81a-5e37-819f-e50bf7dae2bd', '72c6cb54-46bd-5604-a15f-8d8f452ec20d', '4f416a90-70fb-5f42-94b1-bdc258c34ed9', NULL, '29b25ac8-521f-5134-90b2-2ea09ed45384');
INSERT INTO "vocabulary"."reference" ("vocabulary_id", "lesson_code") VALUES ('a4dbf3ac-a372-58a7-b9ac-a7f018ba587c', 'GENKI3_L03');
-- 朝 | morning --;
INSERT INTO "vocabulary"."vocabulary" ("id", "word_class_code", "conjugation_kind_code", "jlpt_level", "row_num", "tags", "date_added") VALUES ('b415c8ff-d8fb-5e40-9a89-ed5fa1997831', 'NOUN', NULL, NULL, 192, '{time}', '2022-07-24');
INSERT INTO "vocabulary"."definition" ("id", "vocabulary_id", "sort_rank", "value") VALUES ('bd361bd9-7fd4-5462-8d75-9f9c43e8fbcf', 'b415c8ff-d8fb-5e40-9a89-ed5fa1997831', 1, 'morning');
INSERT INTO "vocabulary"."spelling" ("id", "vocabulary_id", "spelling_kind_code", "value") VALUES ('5a11d427-28c3-517c-b635-d74f7e8865b2', 'b415c8ff-d8fb-5e40-9a89-ed5fa1997831', 'KANJI', '朝');
INSERT INTO "vocabulary"."spelling" ("id", "vocabulary_id", "spelling_kind_code", "value") VALUES ('2a8833d6-cbaa-5073-9244-7571e6fd34d8', 'b415c8ff-d8fb-5e40-9a89-ed5fa1997831', 'HIRAGANA', 'あさ');
INSERT INTO "vocabulary"."spelling" ("id", "vocabulary_id", "spelling_kind_code", "value") VALUES ('faf5724f-4637-5fe7-bcdb-1c5134f90f18', 'b415c8ff-d8fb-5e40-9a89-ed5fa1997831', 'KANJI', '朝');
INSERT INTO "vocabulary"."linkages" ("vocabulary_id", "preferred_definition_id", "preferred_spelling_id", "phonetic_spelling_id", "alt_phonetic_spelling_id", "kanji_spelling_id") VALUES ('b415c8ff-d8fb-5e40-9a89-ed5fa1997831', 'bd361bd9-7fd4-5462-8d75-9f9c43e8fbcf', '5a11d427-28c3-517c-b635-d74f7e8865b2', '2a8833d6-cbaa-5073-9244-7571e6fd34d8', NULL, 'faf5724f-4637-5fe7-bcdb-1c5134f90f18');
INSERT INTO "vocabulary"."reference" ("vocabulary_id", "lesson_code") VALUES ('b415c8ff-d8fb-5e40-9a89-ed5fa1997831', 'GENKI3_L03');
-- 今晩 | tonight --;
INSERT INTO "vocabulary"."vocabulary" ("id", "word_class_code", "conjugation_kind_code", "jlpt_level", "row_num", "tags", "date_added") VALUES ('e872c853-3159-56b7-834e-066e364a5782', 'NOUN', NULL, NULL, 193, '{time}', '2022-07-24');
INSERT INTO "vocabulary"."definition" ("id", "vocabulary_id", "sort_rank", "value") VALUES ('a0c30a10-37a0-5a8b-bd97-cd3d71e95210', 'e872c853-3159-56b7-834e-066e364a5782', 1, 'tonight');
INSERT INTO "vocabulary"."spelling" ("id", "vocabulary_id", "spelling_kind_code", "value") VALUES ('1346c424-4c39-5f56-a0b9-b50c127403d9', 'e872c853-3159-56b7-834e-066e364a5782', 'KANJI', '今晩');
INSERT INTO "vocabulary"."spelling" ("id", "vocabulary_id", "spelling_kind_code", "value") VALUES ('50a9ec6f-50dc-5944-b816-59900b8b1280', 'e872c853-3159-56b7-834e-066e364a5782', 'HIRAGANA', 'こんばん');
INSERT INTO "vocabulary"."spelling" ("id", "vocabulary_id", "spelling_kind_code", "value") VALUES ('1801ef8e-cd8e-5f63-8914-5e26333f35f3', 'e872c853-3159-56b7-834e-066e364a5782', 'KANJI', '今晩');
INSERT INTO "vocabulary"."linkages" ("vocabulary_id", "preferred_definition_id", "preferred_spelling_id", "phonetic_spelling_id", "alt_phonetic_spelling_id", "kanji_spelling_id") VALUES ('e872c853-3159-56b7-834e-066e364a5782', 'a0c30a10-37a0-5a8b-bd97-cd3d71e95210', '1346c424-4c39-5f56-a0b9-b50c127403d9', '50a9ec6f-50dc-5944-b816-59900b8b1280', NULL, '1801ef8e-cd8e-5f63-8914-5e26333f35f3');
INSERT INTO "vocabulary"."reference" ("vocabulary_id", "lesson_code") VALUES ('e872c853-3159-56b7-834e-066e364a5782', 'GENKI3_L03');
-- 毎日 | every day --;
INSERT INTO "vocabulary"."vocabulary" ("id", "word_class_code", "conjugation_kind_code", "jlpt_level", "row_num", "tags", "date_added") VALUES ('7ec8469c-ee0f-5a33-9f9f-e025e6cffdd0', 'NOUN', NULL, NULL, 194, '{time}', '2022-07-24');
INSERT INTO "vocabulary"."definition" ("id", "vocabulary_id", "sort_rank", "value") VALUES ('22b8a8d7-85ff-5dd8-b55c-ed1a146972c0', '7ec8469c-ee0f-5a33-9f9f-e025e6cffdd0', 1, 'every day');
INSERT INTO "vocabulary"."spelling" ("id", "vocabulary_id", "spelling_kind_code", "value") VALUES ('0a499987-2e28-5c59-a40f-a9d4353bc0e2', '7ec8469c-ee0f-5a33-9f9f-e025e6cffdd0', 'KANJI', '毎日');
INSERT INTO "vocabulary"."spelling" ("id", "vocabulary_id", "spelling_kind_code", "value") VALUES ('8e87fa8c-ca37-5286-b2a6-75521668189a', '7ec8469c-ee0f-5a33-9f9f-e025e6cffdd0', 'HIRAGANA', 'まいにち');
INSERT INTO "vocabulary"."spelling" ("id", "vocabulary_id", "spelling_kind_code", "value") VALUES ('5c865896-8860-5a90-b684-7f771f8e5f0f', '7ec8469c-ee0f-5a33-9f9f-e025e6cffdd0', 'KANJI', '毎日');
INSERT INTO "vocabulary"."linkages" ("vocabulary_id", "preferred_definition_id", "preferred_spelling_id", "phonetic_spelling_id", "alt_phonetic_spelling_id", "kanji_spelling_id") VALUES ('7ec8469c-ee0f-5a33-9f9f-e025e6cffdd0', '22b8a8d7-85ff-5dd8-b55c-ed1a146972c0', '0a499987-2e28-5c59-a40f-a9d4353bc0e2', '8e87fa8c-ca37-5286-b2a6-75521668189a', NULL, '5c865896-8860-5a90-b684-7f771f8e5f0f');
INSERT INTO "vocabulary"."reference" ("vocabulary_id", "lesson_code") VALUES ('7ec8469c-ee0f-5a33-9f9f-e025e6cffdd0', 'GENKI3_L03');
-- 毎朝 | every morning --;
INSERT INTO "vocabulary"."vocabulary" ("id", "word_class_code", "conjugation_kind_code", "jlpt_level", "row_num", "tags", "date_added") VALUES ('1efcd811-18f8-5b64-be29-9f46fbef3286', 'NOUN', NULL, NULL, 195, '{time}', '2022-07-24');
INSERT INTO "vocabulary"."definition" ("id", "vocabulary_id", "sort_rank", "value") VALUES ('a7b02077-66a0-54f0-8b5e-fdd06eef7ffe', '1efcd811-18f8-5b64-be29-9f46fbef3286', 1, 'every morning');
INSERT INTO "vocabulary"."spelling" ("id", "vocabulary_id", "spelling_kind_code", "value") VALUES ('c89fd5d4-dee1-5803-b7b9-f3c6cd35a67b', '1efcd811-18f8-5b64-be29-9f46fbef3286', 'KANJI', '毎朝');
INSERT INTO "vocabulary"."spelling" ("id", "vocabulary_id", "spelling_kind_code", "value") VALUES ('d2136e1a-3b49-528d-802f-fc2b2e9d65e0', '1efcd811-18f8-5b64-be29-9f46fbef3286', 'HIRAGANA', 'まいあさ');
INSERT INTO "vocabulary"."spelling" ("id", "vocabulary_id", "spelling_kind_code", "value") VALUES ('85c67379-1253-528b-bd81-3cf46c2c8694', '1efcd811-18f8-5b64-be29-9f46fbef3286', 'KANJI', '毎朝');
INSERT INTO "vocabulary"."linkages" ("vocabulary_id", "preferred_definition_id", "preferred_spelling_id", "phonetic_spelling_id", "alt_phonetic_spelling_id", "kanji_spelling_id") VALUES ('1efcd811-18f8-5b64-be29-9f46fbef3286', 'a7b02077-66a0-54f0-8b5e-fdd06eef7ffe', 'c89fd5d4-dee1-5803-b7b9-f3c6cd35a67b', 'd2136e1a-3b49-528d-802f-fc2b2e9d65e0', NULL, '85c67379-1253-528b-bd81-3cf46c2c8694');
INSERT INTO "vocabulary"."reference" ("vocabulary_id", "lesson_code") VALUES ('1efcd811-18f8-5b64-be29-9f46fbef3286', 'DUO_02_03');
-- 毎晩 | every night --;
INSERT INTO "vocabulary"."vocabulary" ("id", "word_class_code", "conjugation_kind_code", "jlpt_level", "row_num", "tags", "date_added") VALUES ('9e1ccd85-e76b-559b-9c13-ac2202a04849', 'NOUN', NULL, NULL, 196, '{time}', '2022-07-24');
INSERT INTO "vocabulary"."definition" ("id", "vocabulary_id", "sort_rank", "value") VALUES ('99c7c96a-a0e6-5377-9875-d7cfed64d4f1', '9e1ccd85-e76b-559b-9c13-ac2202a04849', 1, 'every night');
INSERT INTO "vocabulary"."spelling" ("id", "vocabulary_id", "spelling_kind_code", "value") VALUES ('68de2223-3acd-53fa-96bf-64ab41e3d0f2', '9e1ccd85-e76b-559b-9c13-ac2202a04849', 'KANJI', '毎晩');
INSERT INTO "vocabulary"."spelling" ("id", "vocabulary_id", "spelling_kind_code", "value") VALUES ('99764c5d-a0c9-5062-9013-5992bb721992', '9e1ccd85-e76b-559b-9c13-ac2202a04849', 'HIRAGANA', 'まいばん');
INSERT INTO "vocabulary"."spelling" ("id", "vocabulary_id", "spelling_kind_code", "value") VALUES ('0ca13bfe-e09c-57a0-8829-f12e5128a3df', '9e1ccd85-e76b-559b-9c13-ac2202a04849', 'KANJI', '毎晩');
INSERT INTO "vocabulary"."linkages" ("vocabulary_id", "preferred_definition_id", "preferred_spelling_id", "phonetic_spelling_id", "alt_phonetic_spelling_id", "kanji_spelling_id") VALUES ('9e1ccd85-e76b-559b-9c13-ac2202a04849', '99c7c96a-a0e6-5377-9875-d7cfed64d4f1', '68de2223-3acd-53fa-96bf-64ab41e3d0f2', '99764c5d-a0c9-5062-9013-5992bb721992', NULL, '0ca13bfe-e09c-57a0-8829-f12e5128a3df');
INSERT INTO "vocabulary"."reference" ("vocabulary_id", "lesson_code") VALUES ('9e1ccd85-e76b-559b-9c13-ac2202a04849', 'GENKI3_L03');
-- 週末 | weekend --;
INSERT INTO "vocabulary"."vocabulary" ("id", "word_class_code", "conjugation_kind_code", "jlpt_level", "row_num", "tags", "date_added") VALUES ('788e64aa-46ee-574d-aad9-83c8b56bc40a', 'NOUN', NULL, NULL, 197, '{time}', '2022-07-24');
INSERT INTO "vocabulary"."definition" ("id", "vocabulary_id", "sort_rank", "value") VALUES ('861be550-1109-505b-be10-493243e4e393', '788e64aa-46ee-574d-aad9-83c8b56bc40a', 1, 'weekend');
INSERT INTO "vocabulary"."spelling" ("id", "vocabulary_id", "spelling_kind_code", "value") VALUES ('c559119c-a377-50a3-9310-a2cc6f33e172', '788e64aa-46ee-574d-aad9-83c8b56bc40a', 'KANJI', '週末');
INSERT INTO "vocabulary"."spelling" ("id", "vocabulary_id", "spelling_kind_code", "value") VALUES ('43654c19-359c-539f-a891-031bd2e17114', '788e64aa-46ee-574d-aad9-83c8b56bc40a', 'HIRAGANA', 'しゅうまつ');
INSERT INTO "vocabulary"."spelling" ("id", "vocabulary_id", "spelling_kind_code", "value") VALUES ('6d199fa4-2ac0-587d-bd68-4ee7e764c1f7', '788e64aa-46ee-574d-aad9-83c8b56bc40a', 'KANJI', '週末');
INSERT INTO "vocabulary"."linkages" ("vocabulary_id", "preferred_definition_id", "preferred_spelling_id", "phonetic_spelling_id", "alt_phonetic_spelling_id", "kanji_spelling_id") VALUES ('788e64aa-46ee-574d-aad9-83c8b56bc40a', '861be550-1109-505b-be10-493243e4e393', 'c559119c-a377-50a3-9310-a2cc6f33e172', '43654c19-359c-539f-a891-031bd2e17114', NULL, '6d199fa4-2ac0-587d-bd68-4ee7e764c1f7');
INSERT INTO "vocabulary"."reference" ("vocabulary_id", "lesson_code") VALUES ('788e64aa-46ee-574d-aad9-83c8b56bc40a', 'GENKI3_L03');
-- 土曜日 | Saturday --;
INSERT INTO "vocabulary"."vocabulary" ("id", "word_class_code", "conjugation_kind_code", "jlpt_level", "row_num", "tags", "date_added") VALUES ('f7d20fe3-57b3-5e6d-85f6-5b54b0ba7088', 'NOUN', NULL, NULL, 198, '{time}', '2022-07-24');
INSERT INTO "vocabulary"."definition" ("id", "vocabulary_id", "sort_rank", "value") VALUES ('0fb2becd-23c1-5742-ba5d-860b61b1abe2', 'f7d20fe3-57b3-5e6d-85f6-5b54b0ba7088', 1, 'Saturday');
INSERT INTO "vocabulary"."spelling" ("id", "vocabulary_id", "spelling_kind_code", "value") VALUES ('d46ae7cb-dba4-5568-bc6d-73af4f50e789', 'f7d20fe3-57b3-5e6d-85f6-5b54b0ba7088', 'KANJI', '土曜日');
INSERT INTO "vocabulary"."spelling" ("id", "vocabulary_id", "spelling_kind_code", "value") VALUES ('c996ce26-1ece-5bf2-91b0-eb99c6378d3b', 'f7d20fe3-57b3-5e6d-85f6-5b54b0ba7088', 'KANJI', '土曜日');
INSERT INTO "vocabulary"."spelling" ("id", "vocabulary_id", "spelling_kind_code", "value") VALUES ('8ecb15a2-84ec-5efe-9870-c2a9a3c56f0f', 'f7d20fe3-57b3-5e6d-85f6-5b54b0ba7088', 'KANJI', '土曜日');
INSERT INTO "vocabulary"."linkages" ("vocabulary_id", "preferred_definition_id", "preferred_spelling_id", "phonetic_spelling_id", "alt_phonetic_spelling_id", "kanji_spelling_id") VALUES ('f7d20fe3-57b3-5e6d-85f6-5b54b0ba7088', '0fb2becd-23c1-5742-ba5d-860b61b1abe2', 'd46ae7cb-dba4-5568-bc6d-73af4f50e789', 'c996ce26-1ece-5bf2-91b0-eb99c6378d3b', NULL, '8ecb15a2-84ec-5efe-9870-c2a9a3c56f0f');
INSERT INTO "vocabulary"."reference" ("vocabulary_id", "lesson_code") VALUES ('f7d20fe3-57b3-5e6d-85f6-5b54b0ba7088', 'GENKI3_L03');
-- 日曜日 | Sunday --;
INSERT INTO "vocabulary"."vocabulary" ("id", "word_class_code", "conjugation_kind_code", "jlpt_level", "row_num", "tags", "date_added") VALUES ('61637bb4-cc4a-52be-86fa-7fb678ab6e62', 'NOUN', NULL, NULL, 199, '{time}', '2022-07-24');
INSERT INTO "vocabulary"."definition" ("id", "vocabulary_id", "sort_rank", "value") VALUES ('a0592aae-c0a4-589c-8637-9d4f489a172e', '61637bb4-cc4a-52be-86fa-7fb678ab6e62', 1, 'Sunday');
INSERT INTO "vocabulary"."spelling" ("id", "vocabulary_id", "spelling_kind_code", "value") VALUES ('fc919ef6-85d9-5552-a3db-e067e046bc3c', '61637bb4-cc4a-52be-86fa-7fb678ab6e62', 'KANJI', '日曜日');
INSERT INTO "vocabulary"."spelling" ("id", "vocabulary_id", "spelling_kind_code", "value") VALUES ('08b4aa36-b009-55f3-b2b9-5a50fb6162b0', '61637bb4-cc4a-52be-86fa-7fb678ab6e62', 'HIRAGANA', 'にちようび');
INSERT INTO "vocabulary"."spelling" ("id", "vocabulary_id", "spelling_kind_code", "value") VALUES ('de697c80-e23e-5f84-a410-cfe3380e134a', '61637bb4-cc4a-52be-86fa-7fb678ab6e62', 'KANJI', '日曜日');
INSERT INTO "vocabulary"."linkages" ("vocabulary_id", "preferred_definition_id", "preferred_spelling_id", "phonetic_spelling_id", "alt_phonetic_spelling_id", "kanji_spelling_id") VALUES ('61637bb4-cc4a-52be-86fa-7fb678ab6e62', 'a0592aae-c0a4-589c-8637-9d4f489a172e', 'fc919ef6-85d9-5552-a3db-e067e046bc3c', '08b4aa36-b009-55f3-b2b9-5a50fb6162b0', NULL, 'de697c80-e23e-5f84-a410-cfe3380e134a');
INSERT INTO "vocabulary"."reference" ("vocabulary_id", "lesson_code") VALUES ('61637bb4-cc4a-52be-86fa-7fb678ab6e62', 'GENKI3_L03');
-- いつ | when --;
INSERT INTO "vocabulary"."vocabulary" ("id", "word_class_code", "conjugation_kind_code", "jlpt_level", "row_num", "tags", "date_added") VALUES ('f05e2adf-83c4-5ccf-a74a-fbd5664dceb1', 'NOUN', NULL, NULL, 200, '{time}', '2022-07-24');
INSERT INTO "vocabulary"."definition" ("id", "vocabulary_id", "sort_rank", "value") VALUES ('5e6ba7a6-d089-5325-b413-338e9081d658', 'f05e2adf-83c4-5ccf-a74a-fbd5664dceb1', 1, 'when');
INSERT INTO "vocabulary"."spelling" ("id", "vocabulary_id", "spelling_kind_code", "value") VALUES ('e124d8c7-641c-5c11-831b-0e400ecdaaf3', 'f05e2adf-83c4-5ccf-a74a-fbd5664dceb1', 'HIRAGANA', 'いつ');
INSERT INTO "vocabulary"."spelling" ("id", "vocabulary_id", "spelling_kind_code", "value") VALUES ('8e0f8d2f-5b43-5efa-a6c7-d42f391dbdd0', 'f05e2adf-83c4-5ccf-a74a-fbd5664dceb1', 'HIRAGANA', 'いつ');
INSERT INTO "vocabulary"."linkages" ("vocabulary_id", "preferred_definition_id", "preferred_spelling_id", "phonetic_spelling_id", "alt_phonetic_spelling_id", "kanji_spelling_id") VALUES ('f05e2adf-83c4-5ccf-a74a-fbd5664dceb1', '5e6ba7a6-d089-5325-b413-338e9081d658', 'e124d8c7-641c-5c11-831b-0e400ecdaaf3', '8e0f8d2f-5b43-5efa-a6c7-d42f391dbdd0', NULL, NULL);
INSERT INTO "vocabulary"."reference" ("vocabulary_id", "lesson_code") VALUES ('f05e2adf-83c4-5ccf-a74a-fbd5664dceb1', 'GENKI3_L03');
-- 行く | to go --;
INSERT INTO "vocabulary"."vocabulary" ("id", "word_class_code", "conjugation_kind_code", "jlpt_level", "row_num", "tags", "date_added") VALUES ('50cbf96a-57d3-5f45-b5fc-e415ff57717a', 'VERB', 'GODAN_VERB', NULL, 201, '{}', '2022-07-24');
INSERT INTO "vocabulary"."definition" ("id", "vocabulary_id", "sort_rank", "value") VALUES ('55cbb623-1dde-57fc-9ed7-18d541e69a24', '50cbf96a-57d3-5f45-b5fc-e415ff57717a', 1, 'to go');
INSERT INTO "vocabulary"."spelling" ("id", "vocabulary_id", "spelling_kind_code", "value") VALUES ('3882f3fd-ec0b-513e-b731-00e6bf2864cf', '50cbf96a-57d3-5f45-b5fc-e415ff57717a', 'KANJI', '行く');
INSERT INTO "vocabulary"."spelling" ("id", "vocabulary_id", "spelling_kind_code", "value") VALUES ('04845431-fcd0-5bbb-9518-f1b95b4b2f6f', '50cbf96a-57d3-5f45-b5fc-e415ff57717a', 'HIRAGANA', 'いく');
INSERT INTO "vocabulary"."spelling" ("id", "vocabulary_id", "spelling_kind_code", "value") VALUES ('02aec5dc-1774-5ab5-865f-795548cf9836', '50cbf96a-57d3-5f45-b5fc-e415ff57717a', 'KANJI', '行く');
INSERT INTO "vocabulary"."linkages" ("vocabulary_id", "preferred_definition_id", "preferred_spelling_id", "phonetic_spelling_id", "alt_phonetic_spelling_id", "kanji_spelling_id") VALUES ('50cbf96a-57d3-5f45-b5fc-e415ff57717a', '55cbb623-1dde-57fc-9ed7-18d541e69a24', '3882f3fd-ec0b-513e-b731-00e6bf2864cf', '04845431-fcd0-5bbb-9518-f1b95b4b2f6f', NULL, '02aec5dc-1774-5ab5-865f-795548cf9836');
INSERT INTO "vocabulary"."reference" ("vocabulary_id", "lesson_code") VALUES ('50cbf96a-57d3-5f45-b5fc-e415ff57717a', 'DUO_02_03');
INSERT INTO "vocabulary"."reference" ("vocabulary_id", "lesson_code") VALUES ('50cbf96a-57d3-5f45-b5fc-e415ff57717a', 'GENKI3_L03');
-- 帰る | to go back; to return --;
INSERT INTO "vocabulary"."vocabulary" ("id", "word_class_code", "conjugation_kind_code", "jlpt_level", "row_num", "tags", "date_added") VALUES ('243bdf44-b101-5d5d-bc51-a4f5c1c03bc3', 'VERB', 'GODAN_VERB', NULL, 202, '{}', '2022-07-24');
INSERT INTO "vocabulary"."definition" ("id", "vocabulary_id", "sort_rank", "value") VALUES ('04e14149-9a2f-5b2c-8641-1410735e067b', '243bdf44-b101-5d5d-bc51-a4f5c1c03bc3', 1, 'to go back; to return');
INSERT INTO "vocabulary"."spelling" ("id", "vocabulary_id", "spelling_kind_code", "value") VALUES ('5d95430c-91d4-5dcd-9d90-8ea64a6435f2', '243bdf44-b101-5d5d-bc51-a4f5c1c03bc3', 'KANJI', '帰る');
INSERT INTO "vocabulary"."spelling" ("id", "vocabulary_id", "spelling_kind_code", "value") VALUES ('0008ad17-1237-5c01-a211-e27a63adf821', '243bdf44-b101-5d5d-bc51-a4f5c1c03bc3', 'HIRAGANA', 'かえる');
INSERT INTO "vocabulary"."spelling" ("id", "vocabulary_id", "spelling_kind_code", "value") VALUES ('afa85902-c093-5e8c-9461-d4ce2170a636', '243bdf44-b101-5d5d-bc51-a4f5c1c03bc3', 'KANJI', '帰る');
INSERT INTO "vocabulary"."linkages" ("vocabulary_id", "preferred_definition_id", "preferred_spelling_id", "phonetic_spelling_id", "alt_phonetic_spelling_id", "kanji_spelling_id") VALUES ('243bdf44-b101-5d5d-bc51-a4f5c1c03bc3', '04e14149-9a2f-5b2c-8641-1410735e067b', '5d95430c-91d4-5dcd-9d90-8ea64a6435f2', '0008ad17-1237-5c01-a211-e27a63adf821', NULL, 'afa85902-c093-5e8c-9461-d4ce2170a636');
INSERT INTO "vocabulary"."reference" ("vocabulary_id", "lesson_code") VALUES ('243bdf44-b101-5d5d-bc51-a4f5c1c03bc3', 'GENKI3_L03');
-- 聞く | to listen; to hear --;
INSERT INTO "vocabulary"."vocabulary" ("id", "word_class_code", "conjugation_kind_code", "jlpt_level", "row_num", "tags", "date_added") VALUES ('27c14160-d0d6-51f8-b7b1-9172cf8b84d2', 'VERB', 'GODAN_VERB', NULL, 203, '{}', '2022-07-24');
INSERT INTO "vocabulary"."definition" ("id", "vocabulary_id", "sort_rank", "value") VALUES ('e5fb1c53-6da8-5de9-abdb-66f543af65f2', '27c14160-d0d6-51f8-b7b1-9172cf8b84d2', 1, 'to listen; to hear');
INSERT INTO "vocabulary"."spelling" ("id", "vocabulary_id", "spelling_kind_code", "value") VALUES ('345b1040-c300-5ce3-ae98-8ee89cc244f7', '27c14160-d0d6-51f8-b7b1-9172cf8b84d2', 'KANJI', '聞く');
INSERT INTO "vocabulary"."spelling" ("id", "vocabulary_id", "spelling_kind_code", "value") VALUES ('39c22edd-ad44-51f0-9dc7-116a662c494e', '27c14160-d0d6-51f8-b7b1-9172cf8b84d2', 'HIRAGANA', 'きく');
INSERT INTO "vocabulary"."spelling" ("id", "vocabulary_id", "spelling_kind_code", "value") VALUES ('326c6ae5-5413-58c0-836a-9ff8fa7ab841', '27c14160-d0d6-51f8-b7b1-9172cf8b84d2', 'KANJI', '聞く');
INSERT INTO "vocabulary"."linkages" ("vocabulary_id", "preferred_definition_id", "preferred_spelling_id", "phonetic_spelling_id", "alt_phonetic_spelling_id", "kanji_spelling_id") VALUES ('27c14160-d0d6-51f8-b7b1-9172cf8b84d2', 'e5fb1c53-6da8-5de9-abdb-66f543af65f2', '345b1040-c300-5ce3-ae98-8ee89cc244f7', '39c22edd-ad44-51f0-9dc7-116a662c494e', NULL, '326c6ae5-5413-58c0-836a-9ff8fa7ab841');
INSERT INTO "vocabulary"."reference" ("vocabulary_id", "lesson_code") VALUES ('27c14160-d0d6-51f8-b7b1-9172cf8b84d2', 'GENKI3_L03');
-- 飲む | to drink; --;
INSERT INTO "vocabulary"."vocabulary" ("id", "word_class_code", "conjugation_kind_code", "jlpt_level", "row_num", "tags", "date_added") VALUES ('b8a9c502-6f50-5d50-96f1-417feef69161', 'VERB', 'GODAN_VERB', NULL, 204, '{}', '2022-07-24');
INSERT INTO "vocabulary"."definition" ("id", "vocabulary_id", "sort_rank", "value") VALUES ('22f90169-82f9-50de-862b-3f5e29a7e24c', 'b8a9c502-6f50-5d50-96f1-417feef69161', 1, 'to drink;');
INSERT INTO "vocabulary"."spelling" ("id", "vocabulary_id", "spelling_kind_code", "value") VALUES ('3cb821d2-fbaf-5b85-ac36-fcd90b1c8d21', 'b8a9c502-6f50-5d50-96f1-417feef69161', 'KANJI', '飲む');
INSERT INTO "vocabulary"."spelling" ("id", "vocabulary_id", "spelling_kind_code", "value") VALUES ('c1edbcc5-68e3-59fa-91c6-2b2539c293f1', 'b8a9c502-6f50-5d50-96f1-417feef69161', 'HIRAGANA', 'のむ');
INSERT INTO "vocabulary"."spelling" ("id", "vocabulary_id", "spelling_kind_code", "value") VALUES ('082f9ce2-0dbe-5f30-8632-b6a278f5af6b', 'b8a9c502-6f50-5d50-96f1-417feef69161', 'KANJI', '飲む');
INSERT INTO "vocabulary"."linkages" ("vocabulary_id", "preferred_definition_id", "preferred_spelling_id", "phonetic_spelling_id", "alt_phonetic_spelling_id", "kanji_spelling_id") VALUES ('b8a9c502-6f50-5d50-96f1-417feef69161', '22f90169-82f9-50de-862b-3f5e29a7e24c', '3cb821d2-fbaf-5b85-ac36-fcd90b1c8d21', 'c1edbcc5-68e3-59fa-91c6-2b2539c293f1', NULL, '082f9ce2-0dbe-5f30-8632-b6a278f5af6b');
INSERT INTO "vocabulary"."reference" ("vocabulary_id", "lesson_code") VALUES ('b8a9c502-6f50-5d50-96f1-417feef69161', 'DUO_02_03');
INSERT INTO "vocabulary"."reference" ("vocabulary_id", "lesson_code") VALUES ('b8a9c502-6f50-5d50-96f1-417feef69161', 'GENKI3_L03');
-- 話す | to speak; to talk --;
INSERT INTO "vocabulary"."vocabulary" ("id", "word_class_code", "conjugation_kind_code", "jlpt_level", "row_num", "tags", "date_added") VALUES ('87e72b5b-0332-5b61-b21c-ea8cc6a05c1f', 'VERB', 'GODAN_VERB', NULL, 205, '{}', '2022-07-24');
INSERT INTO "vocabulary"."definition" ("id", "vocabulary_id", "sort_rank", "value") VALUES ('9bab6f77-4bba-5342-be2f-a68648f140da', '87e72b5b-0332-5b61-b21c-ea8cc6a05c1f', 1, 'to speak; to talk');
INSERT INTO "vocabulary"."spelling" ("id", "vocabulary_id", "spelling_kind_code", "value") VALUES ('73033639-6d42-55b4-9946-fa07700610a6', '87e72b5b-0332-5b61-b21c-ea8cc6a05c1f', 'KANJI', '話す');
INSERT INTO "vocabulary"."spelling" ("id", "vocabulary_id", "spelling_kind_code", "value") VALUES ('88947e11-ff75-5cba-b4b7-10d632f8cacf', '87e72b5b-0332-5b61-b21c-ea8cc6a05c1f', 'HIRAGANA', 'はなす');
INSERT INTO "vocabulary"."spelling" ("id", "vocabulary_id", "spelling_kind_code", "value") VALUES ('ef2f6494-7d03-573e-b623-5ac85df9b17a', '87e72b5b-0332-5b61-b21c-ea8cc6a05c1f', 'KANJI', '話す');
INSERT INTO "vocabulary"."linkages" ("vocabulary_id", "preferred_definition_id", "preferred_spelling_id", "phonetic_spelling_id", "alt_phonetic_spelling_id", "kanji_spelling_id") VALUES ('87e72b5b-0332-5b61-b21c-ea8cc6a05c1f', '9bab6f77-4bba-5342-be2f-a68648f140da', '73033639-6d42-55b4-9946-fa07700610a6', '88947e11-ff75-5cba-b4b7-10d632f8cacf', NULL, 'ef2f6494-7d03-573e-b623-5ac85df9b17a');
INSERT INTO "vocabulary"."reference" ("vocabulary_id", "lesson_code") VALUES ('87e72b5b-0332-5b61-b21c-ea8cc6a05c1f', 'GENKI3_L03');
-- 読む | to read --;
INSERT INTO "vocabulary"."vocabulary" ("id", "word_class_code", "conjugation_kind_code", "jlpt_level", "row_num", "tags", "date_added") VALUES ('615aadf7-6900-5c48-814a-d6cc0884ae86', 'VERB', 'GODAN_VERB', NULL, 206, '{}', '2022-07-24');
INSERT INTO "vocabulary"."definition" ("id", "vocabulary_id", "sort_rank", "value") VALUES ('b04f08cb-c386-52ff-9087-fbd63dab8e93', '615aadf7-6900-5c48-814a-d6cc0884ae86', 1, 'to read');
INSERT INTO "vocabulary"."spelling" ("id", "vocabulary_id", "spelling_kind_code", "value") VALUES ('ab38e31a-b4c5-50f7-b66e-94e921cf3829', '615aadf7-6900-5c48-814a-d6cc0884ae86', 'KANJI', '読む');
INSERT INTO "vocabulary"."spelling" ("id", "vocabulary_id", "spelling_kind_code", "value") VALUES ('52eabef3-0283-5615-ade4-0a1a453b72e7', '615aadf7-6900-5c48-814a-d6cc0884ae86', 'HIRAGANA', 'よむ');
INSERT INTO "vocabulary"."spelling" ("id", "vocabulary_id", "spelling_kind_code", "value") VALUES ('0f2b3ee0-1f70-5912-942a-4c95bdc02791', '615aadf7-6900-5c48-814a-d6cc0884ae86', 'KANJI', '読む');
INSERT INTO "vocabulary"."linkages" ("vocabulary_id", "preferred_definition_id", "preferred_spelling_id", "phonetic_spelling_id", "alt_phonetic_spelling_id", "kanji_spelling_id") VALUES ('615aadf7-6900-5c48-814a-d6cc0884ae86', 'b04f08cb-c386-52ff-9087-fbd63dab8e93', 'ab38e31a-b4c5-50f7-b66e-94e921cf3829', '52eabef3-0283-5615-ade4-0a1a453b72e7', NULL, '0f2b3ee0-1f70-5912-942a-4c95bdc02791');
INSERT INTO "vocabulary"."reference" ("vocabulary_id", "lesson_code") VALUES ('615aadf7-6900-5c48-814a-d6cc0884ae86', 'GENKI3_L03');
-- 起きる | to get up --;
INSERT INTO "vocabulary"."vocabulary" ("id", "word_class_code", "conjugation_kind_code", "jlpt_level", "row_num", "tags", "date_added") VALUES ('bd0e8ffa-f7cd-5b27-8481-6ecb87512f6c', 'VERB', 'ICHIDAN_VERB', NULL, 207, '{}', '2022-07-24');
INSERT INTO "vocabulary"."definition" ("id", "vocabulary_id", "sort_rank", "value") VALUES ('d03d7a0d-4b7c-56b3-a63d-d2cc70f21aa8', 'bd0e8ffa-f7cd-5b27-8481-6ecb87512f6c', 1, 'to get up');
INSERT INTO "vocabulary"."spelling" ("id", "vocabulary_id", "spelling_kind_code", "value") VALUES ('092d8faa-ac13-579d-9a42-96afe4d720a2', 'bd0e8ffa-f7cd-5b27-8481-6ecb87512f6c', 'KANJI', '起きる');
INSERT INTO "vocabulary"."spelling" ("id", "vocabulary_id", "spelling_kind_code", "value") VALUES ('9ead58db-63d9-571a-935e-25e8466fc9c2', 'bd0e8ffa-f7cd-5b27-8481-6ecb87512f6c', 'HIRAGANA', 'おきる');
INSERT INTO "vocabulary"."spelling" ("id", "vocabulary_id", "spelling_kind_code", "value") VALUES ('2856f7e2-561c-5a7f-a6f2-b402ffb7c0c5', 'bd0e8ffa-f7cd-5b27-8481-6ecb87512f6c', 'KANJI', '起きる');
INSERT INTO "vocabulary"."linkages" ("vocabulary_id", "preferred_definition_id", "preferred_spelling_id", "phonetic_spelling_id", "alt_phonetic_spelling_id", "kanji_spelling_id") VALUES ('bd0e8ffa-f7cd-5b27-8481-6ecb87512f6c', 'd03d7a0d-4b7c-56b3-a63d-d2cc70f21aa8', '092d8faa-ac13-579d-9a42-96afe4d720a2', '9ead58db-63d9-571a-935e-25e8466fc9c2', NULL, '2856f7e2-561c-5a7f-a6f2-b402ffb7c0c5');
INSERT INTO "vocabulary"."reference" ("vocabulary_id", "lesson_code") VALUES ('bd0e8ffa-f7cd-5b27-8481-6ecb87512f6c', 'DUO_02_03');
INSERT INTO "vocabulary"."reference" ("vocabulary_id", "lesson_code") VALUES ('bd0e8ffa-f7cd-5b27-8481-6ecb87512f6c', 'GENKI3_L03');
-- 食べる | to eat --;
INSERT INTO "vocabulary"."vocabulary" ("id", "word_class_code", "conjugation_kind_code", "jlpt_level", "row_num", "tags", "date_added") VALUES ('28166f6b-3aba-5230-9bd4-18e1a467bc3f', 'VERB', 'ICHIDAN_VERB', NULL, 208, '{}', '2022-07-24');
INSERT INTO "vocabulary"."definition" ("id", "vocabulary_id", "sort_rank", "value") VALUES ('e9e36461-91cf-5d0c-9e10-ef26e36ba7ba', '28166f6b-3aba-5230-9bd4-18e1a467bc3f', 1, 'to eat');
INSERT INTO "vocabulary"."spelling" ("id", "vocabulary_id", "spelling_kind_code", "value") VALUES ('31a08c23-49ad-5975-ab55-4b41e159466f', '28166f6b-3aba-5230-9bd4-18e1a467bc3f', 'KANJI', '食べる');
INSERT INTO "vocabulary"."spelling" ("id", "vocabulary_id", "spelling_kind_code", "value") VALUES ('dc3b1021-6c5c-57cd-9c18-9e59e3486fbb', '28166f6b-3aba-5230-9bd4-18e1a467bc3f', 'HIRAGANA', 'たべる');
INSERT INTO "vocabulary"."spelling" ("id", "vocabulary_id", "spelling_kind_code", "value") VALUES ('d4eca37a-8680-584c-b6d3-bc2a101e03e4', '28166f6b-3aba-5230-9bd4-18e1a467bc3f', 'KANJI', '食べる');
INSERT INTO "vocabulary"."linkages" ("vocabulary_id", "preferred_definition_id", "preferred_spelling_id", "phonetic_spelling_id", "alt_phonetic_spelling_id", "kanji_spelling_id") VALUES ('28166f6b-3aba-5230-9bd4-18e1a467bc3f', 'e9e36461-91cf-5d0c-9e10-ef26e36ba7ba', '31a08c23-49ad-5975-ab55-4b41e159466f', 'dc3b1021-6c5c-57cd-9c18-9e59e3486fbb', NULL, 'd4eca37a-8680-584c-b6d3-bc2a101e03e4');
INSERT INTO "vocabulary"."reference" ("vocabulary_id", "lesson_code") VALUES ('28166f6b-3aba-5230-9bd4-18e1a467bc3f', 'DUO_02_03');
INSERT INTO "vocabulary"."reference" ("vocabulary_id", "lesson_code") VALUES ('28166f6b-3aba-5230-9bd4-18e1a467bc3f', 'GENKI3_L03');
-- 寝る | to sleep; to go to sleep --;
INSERT INTO "vocabulary"."vocabulary" ("id", "word_class_code", "conjugation_kind_code", "jlpt_level", "row_num", "tags", "date_added") VALUES ('45b4593b-f7a0-516e-84c4-68c7a7099243', 'VERB', 'ICHIDAN_VERB', NULL, 209, '{}', '2022-07-24');
INSERT INTO "vocabulary"."definition" ("id", "vocabulary_id", "sort_rank", "value") VALUES ('b549283c-e6b6-5fed-8cd1-5e9f4cc2eb40', '45b4593b-f7a0-516e-84c4-68c7a7099243', 1, 'to sleep; to go to sleep');
INSERT INTO "vocabulary"."spelling" ("id", "vocabulary_id", "spelling_kind_code", "value") VALUES ('e33889a1-c45a-5d71-ad39-e97f60b2f711', '45b4593b-f7a0-516e-84c4-68c7a7099243', 'KANJI', '寝る');
INSERT INTO "vocabulary"."spelling" ("id", "vocabulary_id", "spelling_kind_code", "value") VALUES ('42f3a150-be9b-5159-bb66-6cbc8b2a38ab', '45b4593b-f7a0-516e-84c4-68c7a7099243', 'HIRAGANA', 'ねる');
INSERT INTO "vocabulary"."spelling" ("id", "vocabulary_id", "spelling_kind_code", "value") VALUES ('fa6b8b18-cb5f-5771-b480-b6233905a801', '45b4593b-f7a0-516e-84c4-68c7a7099243', 'KANJI', '寝る');
INSERT INTO "vocabulary"."linkages" ("vocabulary_id", "preferred_definition_id", "preferred_spelling_id", "phonetic_spelling_id", "alt_phonetic_spelling_id", "kanji_spelling_id") VALUES ('45b4593b-f7a0-516e-84c4-68c7a7099243', 'b549283c-e6b6-5fed-8cd1-5e9f4cc2eb40', 'e33889a1-c45a-5d71-ad39-e97f60b2f711', '42f3a150-be9b-5159-bb66-6cbc8b2a38ab', NULL, 'fa6b8b18-cb5f-5771-b480-b6233905a801');
INSERT INTO "vocabulary"."reference" ("vocabulary_id", "lesson_code") VALUES ('45b4593b-f7a0-516e-84c4-68c7a7099243', 'DUO_02_03');
INSERT INTO "vocabulary"."reference" ("vocabulary_id", "lesson_code") VALUES ('45b4593b-f7a0-516e-84c4-68c7a7099243', 'GENKI3_L03');
-- 見る | to see; to look at; to watch --;
INSERT INTO "vocabulary"."vocabulary" ("id", "word_class_code", "conjugation_kind_code", "jlpt_level", "row_num", "tags", "date_added") VALUES ('66e4cf05-72cd-512b-a462-05f4e69906b5', 'VERB', 'ICHIDAN_VERB', NULL, 210, '{}', '2022-07-24');
INSERT INTO "vocabulary"."definition" ("id", "vocabulary_id", "sort_rank", "value") VALUES ('16e33444-ca16-522c-8520-b11e68cc9530', '66e4cf05-72cd-512b-a462-05f4e69906b5', 1, 'to see; to look at; to watch');
INSERT INTO "vocabulary"."spelling" ("id", "vocabulary_id", "spelling_kind_code", "value") VALUES ('4b7f5150-ff2e-51d8-bc66-b6d1211ce6dd', '66e4cf05-72cd-512b-a462-05f4e69906b5', 'KANJI', '見る');
INSERT INTO "vocabulary"."spelling" ("id", "vocabulary_id", "spelling_kind_code", "value") VALUES ('cbf5b76f-8e85-5f18-a8a8-a87f429f9443', '66e4cf05-72cd-512b-a462-05f4e69906b5', 'HIRAGANA', 'みる');
INSERT INTO "vocabulary"."spelling" ("id", "vocabulary_id", "spelling_kind_code", "value") VALUES ('dbd37ce0-9827-5fcd-8181-5391beb51c4d', '66e4cf05-72cd-512b-a462-05f4e69906b5', 'KANJI', '見る');
INSERT INTO "vocabulary"."linkages" ("vocabulary_id", "preferred_definition_id", "preferred_spelling_id", "phonetic_spelling_id", "alt_phonetic_spelling_id", "kanji_spelling_id") VALUES ('66e4cf05-72cd-512b-a462-05f4e69906b5', '16e33444-ca16-522c-8520-b11e68cc9530', '4b7f5150-ff2e-51d8-bc66-b6d1211ce6dd', 'cbf5b76f-8e85-5f18-a8a8-a87f429f9443', NULL, 'dbd37ce0-9827-5fcd-8181-5391beb51c4d');
INSERT INTO "vocabulary"."reference" ("vocabulary_id", "lesson_code") VALUES ('66e4cf05-72cd-512b-a462-05f4e69906b5', 'GENKI3_L03');
-- 来る | to come --;
INSERT INTO "vocabulary"."vocabulary" ("id", "word_class_code", "conjugation_kind_code", "jlpt_level", "row_num", "tags", "date_added") VALUES ('10567940-e3bb-5257-b33c-ae9976bfaddd', 'VERB', 'IRREGULAR_VERB', NULL, 211, '{}', '2022-07-24');
INSERT INTO "vocabulary"."definition" ("id", "vocabulary_id", "sort_rank", "value") VALUES ('f2fdda32-f107-5e6a-98dc-943c1af6b5d4', '10567940-e3bb-5257-b33c-ae9976bfaddd', 1, 'to come');
INSERT INTO "vocabulary"."spelling" ("id", "vocabulary_id", "spelling_kind_code", "value") VALUES ('a60b31e1-2fd1-5b5b-8793-b7c1e4496bfd', '10567940-e3bb-5257-b33c-ae9976bfaddd', 'KANJI', '来る');
INSERT INTO "vocabulary"."spelling" ("id", "vocabulary_id", "spelling_kind_code", "value") VALUES ('56cc94c2-d95a-5851-9ccf-becc18d62261', '10567940-e3bb-5257-b33c-ae9976bfaddd', 'HIRAGANA', 'くる');
INSERT INTO "vocabulary"."spelling" ("id", "vocabulary_id", "spelling_kind_code", "value") VALUES ('8c528658-4aa8-50fe-a72e-06fc758b4b6f', '10567940-e3bb-5257-b33c-ae9976bfaddd', 'KANJI', '来る');
INSERT INTO "vocabulary"."linkages" ("vocabulary_id", "preferred_definition_id", "preferred_spelling_id", "phonetic_spelling_id", "alt_phonetic_spelling_id", "kanji_spelling_id") VALUES ('10567940-e3bb-5257-b33c-ae9976bfaddd', 'f2fdda32-f107-5e6a-98dc-943c1af6b5d4', 'a60b31e1-2fd1-5b5b-8793-b7c1e4496bfd', '56cc94c2-d95a-5851-9ccf-becc18d62261', NULL, '8c528658-4aa8-50fe-a72e-06fc758b4b6f');
INSERT INTO "vocabulary"."reference" ("vocabulary_id", "lesson_code") VALUES ('10567940-e3bb-5257-b33c-ae9976bfaddd', 'GENKI3_L03');
-- する | to do --;
INSERT INTO "vocabulary"."vocabulary" ("id", "word_class_code", "conjugation_kind_code", "jlpt_level", "row_num", "tags", "date_added") VALUES ('5800b221-4eb5-5331-8c6c-413e2d08c007', 'VERB', 'IRREGULAR_VERB', NULL, 212, '{}', '2022-07-24');
INSERT INTO "vocabulary"."definition" ("id", "vocabulary_id", "sort_rank", "value") VALUES ('99ed4432-a12c-5d1c-b77f-930177871dac', '5800b221-4eb5-5331-8c6c-413e2d08c007', 1, 'to do');
INSERT INTO "vocabulary"."spelling" ("id", "vocabulary_id", "spelling_kind_code", "value") VALUES ('2d3ddb3c-f690-5029-86c3-99b96f3c092d', '5800b221-4eb5-5331-8c6c-413e2d08c007', 'HIRAGANA', 'する');
INSERT INTO "vocabulary"."spelling" ("id", "vocabulary_id", "spelling_kind_code", "value") VALUES ('8fc8513e-7650-5d97-8639-cbe68c2564ac', '5800b221-4eb5-5331-8c6c-413e2d08c007', 'HIRAGANA', 'する');
INSERT INTO "vocabulary"."linkages" ("vocabulary_id", "preferred_definition_id", "preferred_spelling_id", "phonetic_spelling_id", "alt_phonetic_spelling_id", "kanji_spelling_id") VALUES ('5800b221-4eb5-5331-8c6c-413e2d08c007', '99ed4432-a12c-5d1c-b77f-930177871dac', '2d3ddb3c-f690-5029-86c3-99b96f3c092d', '8fc8513e-7650-5d97-8639-cbe68c2564ac', NULL, NULL);
INSERT INTO "vocabulary"."reference" ("vocabulary_id", "lesson_code") VALUES ('5800b221-4eb5-5331-8c6c-413e2d08c007', 'GENKI3_L03');
-- 勉強する | to study --;
INSERT INTO "vocabulary"."vocabulary" ("id", "word_class_code", "conjugation_kind_code", "jlpt_level", "row_num", "tags", "date_added") VALUES ('9e9dc42e-df1e-5ace-948a-9dce72caaceb', 'VERB', 'IRREGULAR_VERB', NULL, 213, '{}', '2022-07-24');
INSERT INTO "vocabulary"."definition" ("id", "vocabulary_id", "sort_rank", "value") VALUES ('539add23-8d2b-58c4-966b-70f53c33f317', '9e9dc42e-df1e-5ace-948a-9dce72caaceb', 1, 'to study');
INSERT INTO "vocabulary"."spelling" ("id", "vocabulary_id", "spelling_kind_code", "value") VALUES ('2589b9e1-407c-586c-880e-8e10a2b0da27', '9e9dc42e-df1e-5ace-948a-9dce72caaceb', 'KANJI', '勉強する');
INSERT INTO "vocabulary"."spelling" ("id", "vocabulary_id", "spelling_kind_code", "value") VALUES ('a9199945-0ff2-598a-bcf8-a7f8939bb295', '9e9dc42e-df1e-5ace-948a-9dce72caaceb', 'HIRAGANA', 'べんきょうする');
INSERT INTO "vocabulary"."spelling" ("id", "vocabulary_id", "spelling_kind_code", "value") VALUES ('914759a4-0bc0-51e6-91b7-ea23f47d4f28', '9e9dc42e-df1e-5ace-948a-9dce72caaceb', 'KANJI', '勉強する');
INSERT INTO "vocabulary"."linkages" ("vocabulary_id", "preferred_definition_id", "preferred_spelling_id", "phonetic_spelling_id", "alt_phonetic_spelling_id", "kanji_spelling_id") VALUES ('9e9dc42e-df1e-5ace-948a-9dce72caaceb', '539add23-8d2b-58c4-966b-70f53c33f317', '2589b9e1-407c-586c-880e-8e10a2b0da27', 'a9199945-0ff2-598a-bcf8-a7f8939bb295', NULL, '914759a4-0bc0-51e6-91b7-ea23f47d4f28');
INSERT INTO "vocabulary"."reference" ("vocabulary_id", "lesson_code") VALUES ('9e9dc42e-df1e-5ace-948a-9dce72caaceb', 'GENKI3_L03');
-- いい | good --;
INSERT INTO "vocabulary"."vocabulary" ("id", "word_class_code", "conjugation_kind_code", "jlpt_level", "row_num", "tags", "date_added") VALUES ('349836a3-2523-5f85-a7c1-f85e49c73f27', 'ADJECTIVE', 'I_ADJECTIVE', NULL, 214, '{}', '2022-07-24');
INSERT INTO "vocabulary"."definition" ("id", "vocabulary_id", "sort_rank", "value") VALUES ('970b388a-e08a-58d9-a394-ca61746475bf', '349836a3-2523-5f85-a7c1-f85e49c73f27', 1, 'good');
INSERT INTO "vocabulary"."spelling" ("id", "vocabulary_id", "spelling_kind_code", "value") VALUES ('b2569dc0-9d49-5063-a635-9b570bebcfb0', '349836a3-2523-5f85-a7c1-f85e49c73f27', 'HIRAGANA', 'いい');
INSERT INTO "vocabulary"."spelling" ("id", "vocabulary_id", "spelling_kind_code", "value") VALUES ('3d18940c-ce00-57d6-88a8-4b04b1055aac', '349836a3-2523-5f85-a7c1-f85e49c73f27', 'HIRAGANA', 'いい');
INSERT INTO "vocabulary"."linkages" ("vocabulary_id", "preferred_definition_id", "preferred_spelling_id", "phonetic_spelling_id", "alt_phonetic_spelling_id", "kanji_spelling_id") VALUES ('349836a3-2523-5f85-a7c1-f85e49c73f27', '970b388a-e08a-58d9-a394-ca61746475bf', 'b2569dc0-9d49-5063-a635-9b570bebcfb0', '3d18940c-ce00-57d6-88a8-4b04b1055aac', NULL, NULL);
INSERT INTO "vocabulary"."reference" ("vocabulary_id", "lesson_code") VALUES ('349836a3-2523-5f85-a7c1-f85e49c73f27', 'GENKI3_L03');
-- 早い | early --;
INSERT INTO "vocabulary"."vocabulary" ("id", "word_class_code", "conjugation_kind_code", "jlpt_level", "row_num", "tags", "date_added") VALUES ('fc5427a3-a54b-5c04-8b36-a570b8e7a72b', 'ADJECTIVE', 'I_ADJECTIVE', NULL, 215, '{}', '2022-07-24');
INSERT INTO "vocabulary"."definition" ("id", "vocabulary_id", "sort_rank", "value") VALUES ('8ea06d2f-8e2b-59e6-914a-ce22e2bc70c9', 'fc5427a3-a54b-5c04-8b36-a570b8e7a72b', 1, 'early');
INSERT INTO "vocabulary"."spelling" ("id", "vocabulary_id", "spelling_kind_code", "value") VALUES ('0941cd05-d8fa-5ad2-946e-7ad78a608370', 'fc5427a3-a54b-5c04-8b36-a570b8e7a72b', 'KANJI', '早い');
INSERT INTO "vocabulary"."spelling" ("id", "vocabulary_id", "spelling_kind_code", "value") VALUES ('ab30470d-1d15-5cbe-b0fd-66c6a0fe650b', 'fc5427a3-a54b-5c04-8b36-a570b8e7a72b', 'HIRAGANA', 'はやい');
INSERT INTO "vocabulary"."spelling" ("id", "vocabulary_id", "spelling_kind_code", "value") VALUES ('2eeb84b5-4480-51e1-a6d6-c4f6beddd056', 'fc5427a3-a54b-5c04-8b36-a570b8e7a72b', 'KANJI', '早い');
INSERT INTO "vocabulary"."linkages" ("vocabulary_id", "preferred_definition_id", "preferred_spelling_id", "phonetic_spelling_id", "alt_phonetic_spelling_id", "kanji_spelling_id") VALUES ('fc5427a3-a54b-5c04-8b36-a570b8e7a72b', '8ea06d2f-8e2b-59e6-914a-ce22e2bc70c9', '0941cd05-d8fa-5ad2-946e-7ad78a608370', 'ab30470d-1d15-5cbe-b0fd-66c6a0fe650b', NULL, '2eeb84b5-4480-51e1-a6d6-c4f6beddd056');
INSERT INTO "vocabulary"."reference" ("vocabulary_id", "lesson_code") VALUES ('fc5427a3-a54b-5c04-8b36-a570b8e7a72b', 'GENKI3_L03');
-- あまり + negative | not much --;
INSERT INTO "vocabulary"."vocabulary" ("id", "word_class_code", "conjugation_kind_code", "jlpt_level", "row_num", "tags", "date_added") VALUES ('311f8bec-e54c-5317-8880-dfd3e39d23a7', 'ADVERB', NULL, NULL, 216, '{}', '2022-07-24');
INSERT INTO "vocabulary"."definition" ("id", "vocabulary_id", "sort_rank", "value") VALUES ('7c8af345-d3b7-5cb6-849d-d1b135a810ad', '311f8bec-e54c-5317-8880-dfd3e39d23a7', 1, 'not much');
INSERT INTO "vocabulary"."spelling" ("id", "vocabulary_id", "spelling_kind_code", "value") VALUES ('582b9fc8-ae4e-512e-8591-28ffd8eae0ea', '311f8bec-e54c-5317-8880-dfd3e39d23a7', 'HIRAGANA', 'あまり + negative');
INSERT INTO "vocabulary"."spelling" ("id", "vocabulary_id", "spelling_kind_code", "value") VALUES ('ebbdb963-4287-5542-b2b3-0fb1fcf03abc', '311f8bec-e54c-5317-8880-dfd3e39d23a7', 'HIRAGANA', 'あまり + negative');
INSERT INTO "vocabulary"."linkages" ("vocabulary_id", "preferred_definition_id", "preferred_spelling_id", "phonetic_spelling_id", "alt_phonetic_spelling_id", "kanji_spelling_id") VALUES ('311f8bec-e54c-5317-8880-dfd3e39d23a7', '7c8af345-d3b7-5cb6-849d-d1b135a810ad', '582b9fc8-ae4e-512e-8591-28ffd8eae0ea', 'ebbdb963-4287-5542-b2b3-0fb1fcf03abc', NULL, NULL);
INSERT INTO "vocabulary"."reference" ("vocabulary_id", "lesson_code") VALUES ('311f8bec-e54c-5317-8880-dfd3e39d23a7', 'GENKI3_L03');
-- 全然 + negative | not at all --;
INSERT INTO "vocabulary"."vocabulary" ("id", "word_class_code", "conjugation_kind_code", "jlpt_level", "row_num", "tags", "date_added") VALUES ('1e68ea18-9d69-5761-a463-510eab20d1d3', 'ADVERB', NULL, NULL, 217, '{}', '2022-07-24');
INSERT INTO "vocabulary"."definition" ("id", "vocabulary_id", "sort_rank", "value") VALUES ('666d87f1-88ab-552e-9cab-82b16a1bd906', '1e68ea18-9d69-5761-a463-510eab20d1d3', 1, 'not at all');
INSERT INTO "vocabulary"."spelling" ("id", "vocabulary_id", "spelling_kind_code", "value") VALUES ('903705d3-d318-52e0-bccc-a09371ba3f44', '1e68ea18-9d69-5761-a463-510eab20d1d3', 'KANJI', '全然 + negative');
INSERT INTO "vocabulary"."spelling" ("id", "vocabulary_id", "spelling_kind_code", "value") VALUES ('c3d8b07f-d2d1-5933-a97f-dc6919f2f2eb', '1e68ea18-9d69-5761-a463-510eab20d1d3', 'HIRAGANA', 'ぜんぜん');
INSERT INTO "vocabulary"."spelling" ("id", "vocabulary_id", "spelling_kind_code", "value") VALUES ('8e5227ae-96af-5c5e-85da-b8c8287b97f2', '1e68ea18-9d69-5761-a463-510eab20d1d3', 'KANJI', '全然 + negative');
INSERT INTO "vocabulary"."linkages" ("vocabulary_id", "preferred_definition_id", "preferred_spelling_id", "phonetic_spelling_id", "alt_phonetic_spelling_id", "kanji_spelling_id") VALUES ('1e68ea18-9d69-5761-a463-510eab20d1d3', '666d87f1-88ab-552e-9cab-82b16a1bd906', '903705d3-d318-52e0-bccc-a09371ba3f44', 'c3d8b07f-d2d1-5933-a97f-dc6919f2f2eb', NULL, '8e5227ae-96af-5c5e-85da-b8c8287b97f2');
INSERT INTO "vocabulary"."reference" ("vocabulary_id", "lesson_code") VALUES ('1e68ea18-9d69-5761-a463-510eab20d1d3', 'GENKI3_L03');
-- たいてい | usually --;
INSERT INTO "vocabulary"."vocabulary" ("id", "word_class_code", "conjugation_kind_code", "jlpt_level", "row_num", "tags", "date_added") VALUES ('818210e0-641a-56f3-9241-7d24504480e2', 'ADVERB', NULL, NULL, 218, '{}', '2022-07-24');
INSERT INTO "vocabulary"."definition" ("id", "vocabulary_id", "sort_rank", "value") VALUES ('279e032e-ff13-58a9-8ad5-454850d63938', '818210e0-641a-56f3-9241-7d24504480e2', 1, 'usually');
INSERT INTO "vocabulary"."spelling" ("id", "vocabulary_id", "spelling_kind_code", "value") VALUES ('e31eba8f-90de-5583-b0ac-9087de32516c', '818210e0-641a-56f3-9241-7d24504480e2', 'HIRAGANA', 'たいてい');
INSERT INTO "vocabulary"."spelling" ("id", "vocabulary_id", "spelling_kind_code", "value") VALUES ('7ee68e37-8bd6-5b1c-9650-5d51dd22bcf1', '818210e0-641a-56f3-9241-7d24504480e2', 'HIRAGANA', 'たいてい');
INSERT INTO "vocabulary"."spelling" ("id", "vocabulary_id", "spelling_kind_code", "value") VALUES ('3439850c-4298-57ed-b993-b061bcdd2aa3', '818210e0-641a-56f3-9241-7d24504480e2', 'KANJI', '大抵');
INSERT INTO "vocabulary"."linkages" ("vocabulary_id", "preferred_definition_id", "preferred_spelling_id", "phonetic_spelling_id", "alt_phonetic_spelling_id", "kanji_spelling_id") VALUES ('818210e0-641a-56f3-9241-7d24504480e2', '279e032e-ff13-58a9-8ad5-454850d63938', 'e31eba8f-90de-5583-b0ac-9087de32516c', '7ee68e37-8bd6-5b1c-9650-5d51dd22bcf1', NULL, '3439850c-4298-57ed-b993-b061bcdd2aa3');
INSERT INTO "vocabulary"."reference" ("vocabulary_id", "lesson_code") VALUES ('818210e0-641a-56f3-9241-7d24504480e2', 'GENKI3_L03');
-- ちょっと | a little --;
INSERT INTO "vocabulary"."vocabulary" ("id", "word_class_code", "conjugation_kind_code", "jlpt_level", "row_num", "tags", "date_added") VALUES ('b8b492d0-5612-5ac1-bb4d-15f03e959c89', 'ADVERB', NULL, NULL, 219, '{}', '2022-07-24');
INSERT INTO "vocabulary"."definition" ("id", "vocabulary_id", "sort_rank", "value") VALUES ('6b6a6f1f-1013-5f90-8264-db7f08115d14', 'b8b492d0-5612-5ac1-bb4d-15f03e959c89', 1, 'a little');
INSERT INTO "vocabulary"."spelling" ("id", "vocabulary_id", "spelling_kind_code", "value") VALUES ('fa84b470-20a5-5429-a584-ff0733509b5b', 'b8b492d0-5612-5ac1-bb4d-15f03e959c89', 'HIRAGANA', 'ちょっと');
INSERT INTO "vocabulary"."spelling" ("id", "vocabulary_id", "spelling_kind_code", "value") VALUES ('2a5c1df6-3078-5ee4-ac49-a4c8ef1e1608', 'b8b492d0-5612-5ac1-bb4d-15f03e959c89', 'HIRAGANA', 'ちょっと');
INSERT INTO "vocabulary"."linkages" ("vocabulary_id", "preferred_definition_id", "preferred_spelling_id", "phonetic_spelling_id", "alt_phonetic_spelling_id", "kanji_spelling_id") VALUES ('b8b492d0-5612-5ac1-bb4d-15f03e959c89', '6b6a6f1f-1013-5f90-8264-db7f08115d14', 'fa84b470-20a5-5429-a584-ff0733509b5b', '2a5c1df6-3078-5ee4-ac49-a4c8ef1e1608', NULL, NULL);
INSERT INTO "vocabulary"."reference" ("vocabulary_id", "lesson_code") VALUES ('b8b492d0-5612-5ac1-bb4d-15f03e959c89', 'GENKI3_L03');
-- 時々 | sometimes --;
INSERT INTO "vocabulary"."vocabulary" ("id", "word_class_code", "conjugation_kind_code", "jlpt_level", "row_num", "tags", "date_added") VALUES ('02115b33-cd19-587a-a3f2-446dea254e33', 'ADVERB', NULL, NULL, 220, '{}', '2022-07-24');
INSERT INTO "vocabulary"."definition" ("id", "vocabulary_id", "sort_rank", "value") VALUES ('5092028b-5719-507b-aaa3-2345d1a795d6', '02115b33-cd19-587a-a3f2-446dea254e33', 1, 'sometimes');
INSERT INTO "vocabulary"."spelling" ("id", "vocabulary_id", "spelling_kind_code", "value") VALUES ('7b217010-ca6e-54e6-b4dc-1f4d97cf5359', '02115b33-cd19-587a-a3f2-446dea254e33', 'KANJI', '時々');
INSERT INTO "vocabulary"."spelling" ("id", "vocabulary_id", "spelling_kind_code", "value") VALUES ('ca99e8db-4a68-50f2-81ca-3282ae40580b', '02115b33-cd19-587a-a3f2-446dea254e33', 'HIRAGANA', 'ときどき');
INSERT INTO "vocabulary"."spelling" ("id", "vocabulary_id", "spelling_kind_code", "value") VALUES ('c174d7ba-6198-545c-9c76-27c81f8a1d7b', '02115b33-cd19-587a-a3f2-446dea254e33', 'KANJI', '時々');
INSERT INTO "vocabulary"."linkages" ("vocabulary_id", "preferred_definition_id", "preferred_spelling_id", "phonetic_spelling_id", "alt_phonetic_spelling_id", "kanji_spelling_id") VALUES ('02115b33-cd19-587a-a3f2-446dea254e33', '5092028b-5719-507b-aaa3-2345d1a795d6', '7b217010-ca6e-54e6-b4dc-1f4d97cf5359', 'ca99e8db-4a68-50f2-81ca-3282ae40580b', NULL, 'c174d7ba-6198-545c-9c76-27c81f8a1d7b');
INSERT INTO "vocabulary"."reference" ("vocabulary_id", "lesson_code") VALUES ('02115b33-cd19-587a-a3f2-446dea254e33', 'GENKI3_L03');
-- よく | often; much --;
INSERT INTO "vocabulary"."vocabulary" ("id", "word_class_code", "conjugation_kind_code", "jlpt_level", "row_num", "tags", "date_added") VALUES ('d7dc5e63-a1ca-58e6-9c31-047e23342953', 'ADVERB', NULL, NULL, 221, '{}', '2022-07-24');
INSERT INTO "vocabulary"."definition" ("id", "vocabulary_id", "sort_rank", "value") VALUES ('0b5c06ad-86b1-5c89-a9b4-22732c9845a3', 'd7dc5e63-a1ca-58e6-9c31-047e23342953', 1, 'often; much');
INSERT INTO "vocabulary"."spelling" ("id", "vocabulary_id", "spelling_kind_code", "value") VALUES ('edaa37b0-8ac6-5c2a-bb26-06fc358ecf30', 'd7dc5e63-a1ca-58e6-9c31-047e23342953', 'HIRAGANA', 'よく');
INSERT INTO "vocabulary"."spelling" ("id", "vocabulary_id", "spelling_kind_code", "value") VALUES ('0d01d42e-68c9-5430-93a4-4fc9de6af9b2', 'd7dc5e63-a1ca-58e6-9c31-047e23342953', 'HIRAGANA', 'よく');
INSERT INTO "vocabulary"."linkages" ("vocabulary_id", "preferred_definition_id", "preferred_spelling_id", "phonetic_spelling_id", "alt_phonetic_spelling_id", "kanji_spelling_id") VALUES ('d7dc5e63-a1ca-58e6-9c31-047e23342953', '0b5c06ad-86b1-5c89-a9b4-22732c9845a3', 'edaa37b0-8ac6-5c2a-bb26-06fc358ecf30', '0d01d42e-68c9-5430-93a4-4fc9de6af9b2', NULL, NULL);
INSERT INTO "vocabulary"."reference" ("vocabulary_id", "lesson_code") VALUES ('d7dc5e63-a1ca-58e6-9c31-047e23342953', 'GENKI3_L03');
-- そうですね | that's so; isn't it? --;
INSERT INTO "vocabulary"."vocabulary" ("id", "word_class_code", "conjugation_kind_code", "jlpt_level", "row_num", "tags", "date_added") VALUES ('31df08c1-4538-5a5f-aa61-af9e88805bd5', 'EXPRESSION', NULL, NULL, 222, '{}', '2022-07-24');
INSERT INTO "vocabulary"."definition" ("id", "vocabulary_id", "sort_rank", "value") VALUES ('a18d4d13-3e5a-590c-b51f-1e176231d8cf', '31df08c1-4538-5a5f-aa61-af9e88805bd5', 1, 'that''s so; isn''t it?');
INSERT INTO "vocabulary"."spelling" ("id", "vocabulary_id", "spelling_kind_code", "value") VALUES ('c1514f7a-a92a-55b1-9ea8-ba3355c3ea7c', '31df08c1-4538-5a5f-aa61-af9e88805bd5', 'HIRAGANA', 'そうですね');
INSERT INTO "vocabulary"."spelling" ("id", "vocabulary_id", "spelling_kind_code", "value") VALUES ('d124b5e7-8c88-5d9d-9232-af21e9926954', '31df08c1-4538-5a5f-aa61-af9e88805bd5', 'HIRAGANA', 'そうですね');
INSERT INTO "vocabulary"."linkages" ("vocabulary_id", "preferred_definition_id", "preferred_spelling_id", "phonetic_spelling_id", "alt_phonetic_spelling_id", "kanji_spelling_id") VALUES ('31df08c1-4538-5a5f-aa61-af9e88805bd5', 'a18d4d13-3e5a-590c-b51f-1e176231d8cf', 'c1514f7a-a92a-55b1-9ea8-ba3355c3ea7c', 'd124b5e7-8c88-5d9d-9232-af21e9926954', NULL, NULL);
INSERT INTO "vocabulary"."reference" ("vocabulary_id", "lesson_code") VALUES ('31df08c1-4538-5a5f-aa61-af9e88805bd5', 'GENKI3_L03');
-- でも | but --;
INSERT INTO "vocabulary"."vocabulary" ("id", "word_class_code", "conjugation_kind_code", "jlpt_level", "row_num", "tags", "date_added") VALUES ('7d85fe8c-2226-573f-a219-0f2def303b50', 'EXPRESSION', NULL, NULL, 223, '{}', '2022-07-24');
INSERT INTO "vocabulary"."definition" ("id", "vocabulary_id", "sort_rank", "value") VALUES ('59631eaa-af4c-5e9f-b344-1b1996c2280d', '7d85fe8c-2226-573f-a219-0f2def303b50', 1, 'but');
INSERT INTO "vocabulary"."spelling" ("id", "vocabulary_id", "spelling_kind_code", "value") VALUES ('d3e5f50d-3645-518a-87d0-a004f692cd1e', '7d85fe8c-2226-573f-a219-0f2def303b50', 'HIRAGANA', 'でも');
INSERT INTO "vocabulary"."spelling" ("id", "vocabulary_id", "spelling_kind_code", "value") VALUES ('1c7a9a4f-0d8e-50a7-8864-2a495195fbce', '7d85fe8c-2226-573f-a219-0f2def303b50', 'HIRAGANA', 'でも');
INSERT INTO "vocabulary"."linkages" ("vocabulary_id", "preferred_definition_id", "preferred_spelling_id", "phonetic_spelling_id", "alt_phonetic_spelling_id", "kanji_spelling_id") VALUES ('7d85fe8c-2226-573f-a219-0f2def303b50', '59631eaa-af4c-5e9f-b344-1b1996c2280d', 'd3e5f50d-3645-518a-87d0-a004f692cd1e', '1c7a9a4f-0d8e-50a7-8864-2a495195fbce', NULL, NULL);
INSERT INTO "vocabulary"."reference" ("vocabulary_id", "lesson_code") VALUES ('7d85fe8c-2226-573f-a219-0f2def303b50', 'GENKI3_L03');
-- どうてすか | How about...?, How is...? --;
INSERT INTO "vocabulary"."vocabulary" ("id", "word_class_code", "conjugation_kind_code", "jlpt_level", "row_num", "tags", "date_added") VALUES ('4fe504e0-3bf5-5480-98e6-5e626dddc417', 'EXPRESSION', NULL, NULL, 224, '{}', '2022-07-24');
INSERT INTO "vocabulary"."definition" ("id", "vocabulary_id", "sort_rank", "value") VALUES ('a65b36e6-b2c6-5122-9084-65242bbb00e7', '4fe504e0-3bf5-5480-98e6-5e626dddc417', 1, 'How about...?, How is...?');
INSERT INTO "vocabulary"."spelling" ("id", "vocabulary_id", "spelling_kind_code", "value") VALUES ('f327a6ae-c1b0-50f9-9f50-bdbe521a31e9', '4fe504e0-3bf5-5480-98e6-5e626dddc417', 'HIRAGANA', 'どうてすか');
INSERT INTO "vocabulary"."spelling" ("id", "vocabulary_id", "spelling_kind_code", "value") VALUES ('d76219da-2c11-54e6-a0cd-17876991e91a', '4fe504e0-3bf5-5480-98e6-5e626dddc417', 'HIRAGANA', 'どうてすか');
INSERT INTO "vocabulary"."linkages" ("vocabulary_id", "preferred_definition_id", "preferred_spelling_id", "phonetic_spelling_id", "alt_phonetic_spelling_id", "kanji_spelling_id") VALUES ('4fe504e0-3bf5-5480-98e6-5e626dddc417', 'a65b36e6-b2c6-5122-9084-65242bbb00e7', 'f327a6ae-c1b0-50f9-9f50-bdbe521a31e9', 'd76219da-2c11-54e6-a0cd-17876991e91a', NULL, NULL);
INSERT INTO "vocabulary"."reference" ("vocabulary_id", "lesson_code") VALUES ('4fe504e0-3bf5-5480-98e6-5e626dddc417', 'GENKI3_L03');
-- ええ | yes --;
INSERT INTO "vocabulary"."vocabulary" ("id", "word_class_code", "conjugation_kind_code", "jlpt_level", "row_num", "tags", "date_added") VALUES ('6e231f76-5724-5b3c-acfc-cdee6e2eb3a6', 'EXPRESSION', NULL, NULL, 225, '{}', '2022-07-24');
INSERT INTO "vocabulary"."definition" ("id", "vocabulary_id", "sort_rank", "value") VALUES ('d7077124-2fde-5c91-a9e1-c37f20352720', '6e231f76-5724-5b3c-acfc-cdee6e2eb3a6', 1, 'yes');
INSERT INTO "vocabulary"."spelling" ("id", "vocabulary_id", "spelling_kind_code", "value") VALUES ('196938a8-fc0c-55c3-9233-c57dfb7cec5c', '6e231f76-5724-5b3c-acfc-cdee6e2eb3a6', 'HIRAGANA', 'ええ');
INSERT INTO "vocabulary"."spelling" ("id", "vocabulary_id", "spelling_kind_code", "value") VALUES ('90ff0f82-193e-559c-b5d4-b38e7877c576', '6e231f76-5724-5b3c-acfc-cdee6e2eb3a6', 'HIRAGANA', 'ええ');
INSERT INTO "vocabulary"."linkages" ("vocabulary_id", "preferred_definition_id", "preferred_spelling_id", "phonetic_spelling_id", "alt_phonetic_spelling_id", "kanji_spelling_id") VALUES ('6e231f76-5724-5b3c-acfc-cdee6e2eb3a6', 'd7077124-2fde-5c91-a9e1-c37f20352720', '196938a8-fc0c-55c3-9233-c57dfb7cec5c', '90ff0f82-193e-559c-b5d4-b38e7877c576', NULL, NULL);
INSERT INTO "vocabulary"."reference" ("vocabulary_id", "lesson_code") VALUES ('6e231f76-5724-5b3c-acfc-cdee6e2eb3a6', 'GENKI3_L03');
-- みんな | everyone; everybody --;
INSERT INTO "vocabulary"."vocabulary" ("id", "word_class_code", "conjugation_kind_code", "jlpt_level", "row_num", "tags", "date_added") VALUES ('50ec881b-73e0-502b-8316-3d67e8dababb', 'NOUN', NULL, NULL, 226, '{}', '2022-07-24');
INSERT INTO "vocabulary"."definition" ("id", "vocabulary_id", "sort_rank", "value") VALUES ('3d55cada-4ecb-5717-b042-6fbebecb8f0f', '50ec881b-73e0-502b-8316-3d67e8dababb', 1, 'everyone; everybody');
INSERT INTO "vocabulary"."spelling" ("id", "vocabulary_id", "spelling_kind_code", "value") VALUES ('09e239ca-0c97-57c7-a8d7-dae5d94d5520', '50ec881b-73e0-502b-8316-3d67e8dababb', 'HIRAGANA', 'みんな');
INSERT INTO "vocabulary"."spelling" ("id", "vocabulary_id", "spelling_kind_code", "value") VALUES ('714b1fb1-9667-5c48-8718-6b417c6c8bad', '50ec881b-73e0-502b-8316-3d67e8dababb', 'HIRAGANA', 'みんな');
INSERT INTO "vocabulary"."linkages" ("vocabulary_id", "preferred_definition_id", "preferred_spelling_id", "phonetic_spelling_id", "alt_phonetic_spelling_id", "kanji_spelling_id") VALUES ('50ec881b-73e0-502b-8316-3d67e8dababb', '3d55cada-4ecb-5717-b042-6fbebecb8f0f', '09e239ca-0c97-57c7-a8d7-dae5d94d5520', '714b1fb1-9667-5c48-8718-6b417c6c8bad', NULL, NULL);
-- 大丈夫 | i'm okay; no problem --;
INSERT INTO "vocabulary"."vocabulary" ("id", "word_class_code", "conjugation_kind_code", "jlpt_level", "row_num", "tags", "date_added") VALUES ('f5f775ad-523f-5888-b269-fcb13c1c1051', 'EXPRESSION', NULL, NULL, 227, '{}', '2022-07-24');
INSERT INTO "vocabulary"."definition" ("id", "vocabulary_id", "sort_rank", "value") VALUES ('90dff9d0-b534-5872-b738-39842ab33a63', 'f5f775ad-523f-5888-b269-fcb13c1c1051', 1, 'i''m okay; no problem');
INSERT INTO "vocabulary"."spelling" ("id", "vocabulary_id", "spelling_kind_code", "value") VALUES ('8b033b71-441f-5c07-bfaa-1873d6aa0744', 'f5f775ad-523f-5888-b269-fcb13c1c1051', 'KANJI', '大丈夫');
INSERT INTO "vocabulary"."spelling" ("id", "vocabulary_id", "spelling_kind_code", "value") VALUES ('d650a56b-a3af-59ae-831d-7c0d77ed9568', 'f5f775ad-523f-5888-b269-fcb13c1c1051', 'HIRAGANA', 'だいじょうぶ');
INSERT INTO "vocabulary"."spelling" ("id", "vocabulary_id", "spelling_kind_code", "value") VALUES ('d738adea-44c5-53d0-a150-8274bd2f51b6', 'f5f775ad-523f-5888-b269-fcb13c1c1051', 'KANJI', '大丈夫');
INSERT INTO "vocabulary"."linkages" ("vocabulary_id", "preferred_definition_id", "preferred_spelling_id", "phonetic_spelling_id", "alt_phonetic_spelling_id", "kanji_spelling_id") VALUES ('f5f775ad-523f-5888-b269-fcb13c1c1051', '90dff9d0-b534-5872-b738-39842ab33a63', '8b033b71-441f-5c07-bfaa-1873d6aa0744', 'd650a56b-a3af-59ae-831d-7c0d77ed9568', NULL, 'd738adea-44c5-53d0-a150-8274bd2f51b6');
-- 大丈夫です | I'm okay; no thank you; it's all right --;
INSERT INTO "vocabulary"."vocabulary" ("id", "word_class_code", "conjugation_kind_code", "jlpt_level", "row_num", "tags", "date_added") VALUES ('6ae314ed-22ae-5a5f-8e43-c5165e6eb3a1', 'EXPRESSION', NULL, NULL, 228, '{}', '2022-07-24');
INSERT INTO "vocabulary"."definition" ("id", "vocabulary_id", "sort_rank", "value") VALUES ('76e4bac6-68ee-5b12-ba72-000bf0cbc25b', '6ae314ed-22ae-5a5f-8e43-c5165e6eb3a1', 1, 'I''m okay; no thank you; it''s all right');
INSERT INTO "vocabulary"."spelling" ("id", "vocabulary_id", "spelling_kind_code", "value") VALUES ('e96e872b-6773-5cee-907d-14e0fd22a95c', '6ae314ed-22ae-5a5f-8e43-c5165e6eb3a1', 'KANJI', '大丈夫です');
INSERT INTO "vocabulary"."spelling" ("id", "vocabulary_id", "spelling_kind_code", "value") VALUES ('0033c2c7-ea74-5456-81a2-d4072a0bcacd', '6ae314ed-22ae-5a5f-8e43-c5165e6eb3a1', 'HIRAGANA', 'だいじょうぶです');
INSERT INTO "vocabulary"."spelling" ("id", "vocabulary_id", "spelling_kind_code", "value") VALUES ('61cd96e2-d997-5c94-85a2-58fccbfd0ce6', '6ae314ed-22ae-5a5f-8e43-c5165e6eb3a1', 'KANJI', '大丈夫です');
INSERT INTO "vocabulary"."linkages" ("vocabulary_id", "preferred_definition_id", "preferred_spelling_id", "phonetic_spelling_id", "alt_phonetic_spelling_id", "kanji_spelling_id") VALUES ('6ae314ed-22ae-5a5f-8e43-c5165e6eb3a1', '76e4bac6-68ee-5b12-ba72-000bf0cbc25b', 'e96e872b-6773-5cee-907d-14e0fd22a95c', '0033c2c7-ea74-5456-81a2-d4072a0bcacd', NULL, '61cd96e2-d997-5c94-85a2-58fccbfd0ce6');
-- 少し | little quantity; few --;
INSERT INTO "vocabulary"."vocabulary" ("id", "word_class_code", "conjugation_kind_code", "jlpt_level", "row_num", "tags", "date_added") VALUES ('8640d0ab-1efc-5b18-a49c-564f8e53d65c', 'ADVERB', NULL, NULL, 229, '{}', '2022-07-24');
INSERT INTO "vocabulary"."definition" ("id", "vocabulary_id", "sort_rank", "value") VALUES ('3141cb54-c49b-52c9-8489-a7bb8017e86d', '8640d0ab-1efc-5b18-a49c-564f8e53d65c', 1, 'little quantity; few');
INSERT INTO "vocabulary"."spelling" ("id", "vocabulary_id", "spelling_kind_code", "value") VALUES ('024b5310-dd7d-52af-b581-fab07ca3ea4c', '8640d0ab-1efc-5b18-a49c-564f8e53d65c', 'KANJI', '少し');
INSERT INTO "vocabulary"."spelling" ("id", "vocabulary_id", "spelling_kind_code", "value") VALUES ('c6189172-3752-527e-908b-ae3035d07115', '8640d0ab-1efc-5b18-a49c-564f8e53d65c', 'HIRAGANA', 'すこし');
INSERT INTO "vocabulary"."spelling" ("id", "vocabulary_id", "spelling_kind_code", "value") VALUES ('bb551800-d04c-5e36-a505-37c96f8c9e99', '8640d0ab-1efc-5b18-a49c-564f8e53d65c', 'KANJI', '少し');
INSERT INTO "vocabulary"."linkages" ("vocabulary_id", "preferred_definition_id", "preferred_spelling_id", "phonetic_spelling_id", "alt_phonetic_spelling_id", "kanji_spelling_id") VALUES ('8640d0ab-1efc-5b18-a49c-564f8e53d65c', '3141cb54-c49b-52c9-8489-a7bb8017e86d', '024b5310-dd7d-52af-b581-fab07ca3ea4c', 'c6189172-3752-527e-908b-ae3035d07115', NULL, 'bb551800-d04c-5e36-a505-37c96f8c9e99');
-- また | again, once more; also, too, as well --;
INSERT INTO "vocabulary"."vocabulary" ("id", "word_class_code", "conjugation_kind_code", "jlpt_level", "row_num", "tags", "date_added") VALUES ('ecb81156-ea05-44c8-bea0-9e5c199c1c4b', 'ADVERB', NULL, NULL, 230, '{}', '2022-08-08');
INSERT INTO "vocabulary"."definition" ("id", "vocabulary_id", "sort_rank", "value") VALUES ('1862872e-f3ce-5be9-b851-a1bf0ef8c1f2', 'ecb81156-ea05-44c8-bea0-9e5c199c1c4b', 1, 'again, once more; also, too, as well');
INSERT INTO "vocabulary"."spelling" ("id", "vocabulary_id", "spelling_kind_code", "value") VALUES ('4ce0e249-9c1f-55a3-be7a-e12a8f8cd65d', 'ecb81156-ea05-44c8-bea0-9e5c199c1c4b', 'HIRAGANA', 'また');
INSERT INTO "vocabulary"."spelling" ("id", "vocabulary_id", "spelling_kind_code", "value") VALUES ('f36cb44e-4127-52c9-8256-59508aa2430e', 'ecb81156-ea05-44c8-bea0-9e5c199c1c4b', 'HIRAGANA', 'また');
INSERT INTO "vocabulary"."linkages" ("vocabulary_id", "preferred_definition_id", "preferred_spelling_id", "phonetic_spelling_id", "alt_phonetic_spelling_id", "kanji_spelling_id") VALUES ('ecb81156-ea05-44c8-bea0-9e5c199c1c4b', '1862872e-f3ce-5be9-b851-a1bf0ef8c1f2', '4ce0e249-9c1f-55a3-be7a-e12a8f8cd65d', 'f36cb44e-4127-52c9-8256-59508aa2430e', NULL, NULL);
-- またね | bye; see you later --;
INSERT INTO "vocabulary"."vocabulary" ("id", "word_class_code", "conjugation_kind_code", "jlpt_level", "row_num", "tags", "date_added") VALUES ('820e130a-a772-413e-a754-d1a0021bbcf5', 'INTERJECTION', NULL, NULL, 231, '{}', '2022-08-08');
INSERT INTO "vocabulary"."definition" ("id", "vocabulary_id", "sort_rank", "value") VALUES ('4e4bece0-689d-58e0-9227-29cb871953f3', '820e130a-a772-413e-a754-d1a0021bbcf5', 1, 'bye; see you later');
INSERT INTO "vocabulary"."spelling" ("id", "vocabulary_id", "spelling_kind_code", "value") VALUES ('1920824f-f54d-5d14-8588-c20a36a83c62', '820e130a-a772-413e-a754-d1a0021bbcf5', 'HIRAGANA', 'またね');
INSERT INTO "vocabulary"."spelling" ("id", "vocabulary_id", "spelling_kind_code", "value") VALUES ('679d1132-92b1-57a6-af16-3102a4cbe017', '820e130a-a772-413e-a754-d1a0021bbcf5', 'HIRAGANA', 'またね');
INSERT INTO "vocabulary"."linkages" ("vocabulary_id", "preferred_definition_id", "preferred_spelling_id", "phonetic_spelling_id", "alt_phonetic_spelling_id", "kanji_spelling_id") VALUES ('820e130a-a772-413e-a754-d1a0021bbcf5', '4e4bece0-689d-58e0-9227-29cb871953f3', '1920824f-f54d-5d14-8588-c20a36a83c62', '679d1132-92b1-57a6-af16-3102a4cbe017', NULL, NULL);
-- じゃね | bye; see you --;
INSERT INTO "vocabulary"."vocabulary" ("id", "word_class_code", "conjugation_kind_code", "jlpt_level", "row_num", "tags", "date_added") VALUES ('82223749-3af6-4348-b0f0-a0addad0ddf2', 'INTERJECTION', NULL, NULL, 232, '{}', '2022-08-08');
INSERT INTO "vocabulary"."definition" ("id", "vocabulary_id", "sort_rank", "value") VALUES ('99677b2c-38c5-543a-aa64-f7a7620485ec', '82223749-3af6-4348-b0f0-a0addad0ddf2', 1, 'bye; see you');
INSERT INTO "vocabulary"."spelling" ("id", "vocabulary_id", "spelling_kind_code", "value") VALUES ('51d10a36-abda-5b85-9f79-0380365747fd', '82223749-3af6-4348-b0f0-a0addad0ddf2', 'HIRAGANA', 'じゃね');
INSERT INTO "vocabulary"."spelling" ("id", "vocabulary_id", "spelling_kind_code", "value") VALUES ('8cd2e002-a760-5aaa-89ac-ed109294b613', '82223749-3af6-4348-b0f0-a0addad0ddf2', 'HIRAGANA', 'じゃあね');
INSERT INTO "vocabulary"."spelling" ("id", "vocabulary_id", "spelling_kind_code", "value") VALUES ('c994ec55-d556-5877-9edd-ad2341651ae2', '82223749-3af6-4348-b0f0-a0addad0ddf2', 'HIRAGANA', 'じゃね');
INSERT INTO "vocabulary"."linkages" ("vocabulary_id", "preferred_definition_id", "preferred_spelling_id", "phonetic_spelling_id", "alt_phonetic_spelling_id", "kanji_spelling_id") VALUES ('82223749-3af6-4348-b0f0-a0addad0ddf2', '99677b2c-38c5-543a-aa64-f7a7620485ec', '51d10a36-abda-5b85-9f79-0380365747fd', '8cd2e002-a760-5aaa-89ac-ed109294b613', 'c994ec55-d556-5877-9edd-ad2341651ae2', NULL);
-- 台所 | kitchen --;
INSERT INTO "vocabulary"."vocabulary" ("id", "word_class_code", "conjugation_kind_code", "jlpt_level", "row_num", "tags", "date_added") VALUES ('03137815-af09-4ff0-84a7-622d92cf600c', 'NOUN', NULL, NULL, 233, '{home}', '2022-05-30');
INSERT INTO "vocabulary"."definition" ("id", "vocabulary_id", "sort_rank", "value") VALUES ('bf638b01-e7f1-5aac-9901-52b09c401c8f', '03137815-af09-4ff0-84a7-622d92cf600c', 1, 'kitchen');
INSERT INTO "vocabulary"."spelling" ("id", "vocabulary_id", "spelling_kind_code", "value") VALUES ('f09476a3-b75a-592b-9896-9df3f4a7c419', '03137815-af09-4ff0-84a7-622d92cf600c', 'KANJI', '台所');
INSERT INTO "vocabulary"."spelling" ("id", "vocabulary_id", "spelling_kind_code", "value") VALUES ('bc030d42-0a02-5483-8bd0-175b82e4bd96', '03137815-af09-4ff0-84a7-622d92cf600c', 'HIRAGANA', 'だいどころ');
INSERT INTO "vocabulary"."spelling" ("id", "vocabulary_id", "spelling_kind_code", "value") VALUES ('c3ce9426-44d6-5d31-bfb3-c6e0f01d7131', '03137815-af09-4ff0-84a7-622d92cf600c', 'KANJI', '台所');
INSERT INTO "vocabulary"."linkages" ("vocabulary_id", "preferred_definition_id", "preferred_spelling_id", "phonetic_spelling_id", "alt_phonetic_spelling_id", "kanji_spelling_id") VALUES ('03137815-af09-4ff0-84a7-622d92cf600c', 'bf638b01-e7f1-5aac-9901-52b09c401c8f', 'f09476a3-b75a-592b-9896-9df3f4a7c419', 'bc030d42-0a02-5483-8bd0-175b82e4bd96', NULL, 'c3ce9426-44d6-5d31-bfb3-c6e0f01d7131');
INSERT INTO "vocabulary"."reference" ("vocabulary_id", "lesson_code") VALUES ('03137815-af09-4ff0-84a7-622d92cf600c', 'DUO_02_04');
-- 部屋 | room --;
INSERT INTO "vocabulary"."vocabulary" ("id", "word_class_code", "conjugation_kind_code", "jlpt_level", "row_num", "tags", "date_added") VALUES ('f6d9d4a3-811d-4ab1-80e1-8f979c4b483c', 'NOUN', NULL, NULL, 234, '{home}', '2022-05-30');
INSERT INTO "vocabulary"."definition" ("id", "vocabulary_id", "sort_rank", "value") VALUES ('e7dbf849-f80d-56fe-affc-ddcca926e2b1', 'f6d9d4a3-811d-4ab1-80e1-8f979c4b483c', 1, 'room');
INSERT INTO "vocabulary"."spelling" ("id", "vocabulary_id", "spelling_kind_code", "value") VALUES ('d35cd043-c5e0-544c-aed2-a5e1fe9a550c', 'f6d9d4a3-811d-4ab1-80e1-8f979c4b483c', 'KANJI', '部屋');
INSERT INTO "vocabulary"."spelling" ("id", "vocabulary_id", "spelling_kind_code", "value") VALUES ('d0f18f1d-34ed-5808-99e7-23ac14396eac', 'f6d9d4a3-811d-4ab1-80e1-8f979c4b483c', 'HIRAGANA', 'へや');
INSERT INTO "vocabulary"."spelling" ("id", "vocabulary_id", "spelling_kind_code", "value") VALUES ('3ee937e6-40f4-51f2-b425-384b9e2315a2', 'f6d9d4a3-811d-4ab1-80e1-8f979c4b483c', 'KANJI', '部屋');
INSERT INTO "vocabulary"."linkages" ("vocabulary_id", "preferred_definition_id", "preferred_spelling_id", "phonetic_spelling_id", "alt_phonetic_spelling_id", "kanji_spelling_id") VALUES ('f6d9d4a3-811d-4ab1-80e1-8f979c4b483c', 'e7dbf849-f80d-56fe-affc-ddcca926e2b1', 'd35cd043-c5e0-544c-aed2-a5e1fe9a550c', 'd0f18f1d-34ed-5808-99e7-23ac14396eac', NULL, '3ee937e6-40f4-51f2-b425-384b9e2315a2');
INSERT INTO "vocabulary"."reference" ("vocabulary_id", "lesson_code") VALUES ('f6d9d4a3-811d-4ab1-80e1-8f979c4b483c', 'DUO_02_04');
-- 風呂 | bath(tub) --;
INSERT INTO "vocabulary"."vocabulary" ("id", "word_class_code", "conjugation_kind_code", "jlpt_level", "row_num", "tags", "date_added") VALUES ('f31e6384-d4e9-4a67-b12e-e08cddfdba29', 'NOUN', NULL, NULL, 235, '{home}', '2022-05-30');
INSERT INTO "vocabulary"."definition" ("id", "vocabulary_id", "sort_rank", "value") VALUES ('2c1acf61-4446-5ab4-b578-bede2a428928', 'f31e6384-d4e9-4a67-b12e-e08cddfdba29', 1, 'bath(tub)');
INSERT INTO "vocabulary"."spelling" ("id", "vocabulary_id", "spelling_kind_code", "value") VALUES ('c2104184-e923-5e12-9b25-0a1a01fcbae9', 'f31e6384-d4e9-4a67-b12e-e08cddfdba29', 'KANJI', '風呂');
INSERT INTO "vocabulary"."spelling" ("id", "vocabulary_id", "spelling_kind_code", "value") VALUES ('74d732d0-0e89-56a7-a0fc-fae80b35aa99', 'f31e6384-d4e9-4a67-b12e-e08cddfdba29', 'HIRAGANA', 'ふろ');
INSERT INTO "vocabulary"."spelling" ("id", "vocabulary_id", "spelling_kind_code", "value") VALUES ('f6ae32c8-3cee-5415-8fcb-d3696a6af708', 'f31e6384-d4e9-4a67-b12e-e08cddfdba29', 'KANJI', '風呂');
INSERT INTO "vocabulary"."linkages" ("vocabulary_id", "preferred_definition_id", "preferred_spelling_id", "phonetic_spelling_id", "alt_phonetic_spelling_id", "kanji_spelling_id") VALUES ('f31e6384-d4e9-4a67-b12e-e08cddfdba29', '2c1acf61-4446-5ab4-b578-bede2a428928', 'c2104184-e923-5e12-9b25-0a1a01fcbae9', '74d732d0-0e89-56a7-a0fc-fae80b35aa99', NULL, 'f6ae32c8-3cee-5415-8fcb-d3696a6af708');
INSERT INTO "vocabulary"."reference" ("vocabulary_id", "lesson_code") VALUES ('f31e6384-d4e9-4a67-b12e-e08cddfdba29', 'DUO_02_04');
-- 寝室 | bedroom --;
INSERT INTO "vocabulary"."vocabulary" ("id", "word_class_code", "conjugation_kind_code", "jlpt_level", "row_num", "tags", "date_added") VALUES ('0079d5eb-c8e1-4f3b-9105-51054a2c0b8a', 'NOUN', NULL, NULL, 236, '{home}', '2022-05-30');
INSERT INTO "vocabulary"."definition" ("id", "vocabulary_id", "sort_rank", "value") VALUES ('617a4779-435c-55d1-b352-38cf190de5f3', '0079d5eb-c8e1-4f3b-9105-51054a2c0b8a', 1, 'bedroom');
INSERT INTO "vocabulary"."spelling" ("id", "vocabulary_id", "spelling_kind_code", "value") VALUES ('67ace14d-c6d6-5586-bd4d-299d449834c1', '0079d5eb-c8e1-4f3b-9105-51054a2c0b8a', 'KANJI', '寝室');
INSERT INTO "vocabulary"."spelling" ("id", "vocabulary_id", "spelling_kind_code", "value") VALUES ('d4346c2d-ff6d-5364-b462-df34bdd62592', '0079d5eb-c8e1-4f3b-9105-51054a2c0b8a', 'HIRAGANA', 'しんしつ');
INSERT INTO "vocabulary"."spelling" ("id", "vocabulary_id", "spelling_kind_code", "value") VALUES ('69f7dc08-6cb8-5a55-9834-a616119242a9', '0079d5eb-c8e1-4f3b-9105-51054a2c0b8a', 'KANJI', '寝室');
INSERT INTO "vocabulary"."linkages" ("vocabulary_id", "preferred_definition_id", "preferred_spelling_id", "phonetic_spelling_id", "alt_phonetic_spelling_id", "kanji_spelling_id") VALUES ('0079d5eb-c8e1-4f3b-9105-51054a2c0b8a', '617a4779-435c-55d1-b352-38cf190de5f3', '67ace14d-c6d6-5586-bd4d-299d449834c1', 'd4346c2d-ff6d-5364-b462-df34bdd62592', NULL, '69f7dc08-6cb8-5a55-9834-a616119242a9');
INSERT INTO "vocabulary"."reference" ("vocabulary_id", "lesson_code") VALUES ('0079d5eb-c8e1-4f3b-9105-51054a2c0b8a', 'DUO_02_04');
-- 窓 | window --;
INSERT INTO "vocabulary"."vocabulary" ("id", "word_class_code", "conjugation_kind_code", "jlpt_level", "row_num", "tags", "date_added") VALUES ('b04ef471-2292-4ca7-a470-4829fb116b8a', 'NOUN', NULL, NULL, 237, '{home}', '2022-05-30');
INSERT INTO "vocabulary"."definition" ("id", "vocabulary_id", "sort_rank", "value") VALUES ('f02a3619-0a47-58c2-baf3-334fb39c79a6', 'b04ef471-2292-4ca7-a470-4829fb116b8a', 1, 'window');
INSERT INTO "vocabulary"."spelling" ("id", "vocabulary_id", "spelling_kind_code", "value") VALUES ('6cebf2c0-d0fb-580a-935b-92d2730a8041', 'b04ef471-2292-4ca7-a470-4829fb116b8a', 'KANJI', '窓');
INSERT INTO "vocabulary"."spelling" ("id", "vocabulary_id", "spelling_kind_code", "value") VALUES ('b35c1668-d85b-5a7a-9db3-11bd8b46c5fb', 'b04ef471-2292-4ca7-a470-4829fb116b8a', 'HIRAGANA', 'まど');
INSERT INTO "vocabulary"."spelling" ("id", "vocabulary_id", "spelling_kind_code", "value") VALUES ('4b9706bd-05ba-52ce-8547-f01255595d0d', 'b04ef471-2292-4ca7-a470-4829fb116b8a', 'KANJI', '窓');
INSERT INTO "vocabulary"."linkages" ("vocabulary_id", "preferred_definition_id", "preferred_spelling_id", "phonetic_spelling_id", "alt_phonetic_spelling_id", "kanji_spelling_id") VALUES ('b04ef471-2292-4ca7-a470-4829fb116b8a', 'f02a3619-0a47-58c2-baf3-334fb39c79a6', '6cebf2c0-d0fb-580a-935b-92d2730a8041', 'b35c1668-d85b-5a7a-9db3-11bd8b46c5fb', NULL, '4b9706bd-05ba-52ce-8547-f01255595d0d');
INSERT INTO "vocabulary"."reference" ("vocabulary_id", "lesson_code") VALUES ('b04ef471-2292-4ca7-a470-4829fb116b8a', 'DUO_02_04');
-- 庭 | yard; garden --;
INSERT INTO "vocabulary"."vocabulary" ("id", "word_class_code", "conjugation_kind_code", "jlpt_level", "row_num", "tags", "date_added") VALUES ('c08c0aff-7835-4c0a-a560-cd8e627c3a90', 'NOUN', NULL, NULL, 238, '{home}', '2022-05-30');
INSERT INTO "vocabulary"."definition" ("id", "vocabulary_id", "sort_rank", "value") VALUES ('2cb6e481-8932-59c7-a2b0-3e142f92df38', 'c08c0aff-7835-4c0a-a560-cd8e627c3a90', 1, 'yard; garden');
INSERT INTO "vocabulary"."spelling" ("id", "vocabulary_id", "spelling_kind_code", "value") VALUES ('a8e43718-6913-5bc1-b150-defa6ddb65d4', 'c08c0aff-7835-4c0a-a560-cd8e627c3a90', 'KANJI', '庭');
INSERT INTO "vocabulary"."spelling" ("id", "vocabulary_id", "spelling_kind_code", "value") VALUES ('7fe67c1b-9b68-57b7-ba02-15d72723f0e8', 'c08c0aff-7835-4c0a-a560-cd8e627c3a90', 'HIRAGANA', 'にわ');
INSERT INTO "vocabulary"."spelling" ("id", "vocabulary_id", "spelling_kind_code", "value") VALUES ('9bce0d93-2302-56c3-abea-7acae030d975', 'c08c0aff-7835-4c0a-a560-cd8e627c3a90', 'KANJI', '庭');
INSERT INTO "vocabulary"."linkages" ("vocabulary_id", "preferred_definition_id", "preferred_spelling_id", "phonetic_spelling_id", "alt_phonetic_spelling_id", "kanji_spelling_id") VALUES ('c08c0aff-7835-4c0a-a560-cd8e627c3a90', '2cb6e481-8932-59c7-a2b0-3e142f92df38', 'a8e43718-6913-5bc1-b150-defa6ddb65d4', '7fe67c1b-9b68-57b7-ba02-15d72723f0e8', NULL, '9bce0d93-2302-56c3-abea-7acae030d975');
INSERT INTO "vocabulary"."reference" ("vocabulary_id", "lesson_code") VALUES ('c08c0aff-7835-4c0a-a560-cd8e627c3a90', 'DUO_02_04');
-- 椅子 | chair --;
INSERT INTO "vocabulary"."vocabulary" ("id", "word_class_code", "conjugation_kind_code", "jlpt_level", "row_num", "tags", "date_added") VALUES ('9e935991-a6f7-4383-b8a0-9376d7af8298', 'NOUN', NULL, NULL, 239, '{home}', '2022-05-30');
INSERT INTO "vocabulary"."definition" ("id", "vocabulary_id", "sort_rank", "value") VALUES ('b3a95227-9e70-5b07-8d35-40eb8d596459', '9e935991-a6f7-4383-b8a0-9376d7af8298', 1, 'chair');
INSERT INTO "vocabulary"."spelling" ("id", "vocabulary_id", "spelling_kind_code", "value") VALUES ('7b55165b-7185-5fb3-b8df-05fc0878f518', '9e935991-a6f7-4383-b8a0-9376d7af8298', 'KANJI', '椅子');
INSERT INTO "vocabulary"."spelling" ("id", "vocabulary_id", "spelling_kind_code", "value") VALUES ('84cb80ce-f7bc-56bf-bded-2436aff4d7dd', '9e935991-a6f7-4383-b8a0-9376d7af8298', 'HIRAGANA', 'いす');
INSERT INTO "vocabulary"."spelling" ("id", "vocabulary_id", "spelling_kind_code", "value") VALUES ('44ac13b5-9b3a-560f-93c5-a572fa8cc2ff', '9e935991-a6f7-4383-b8a0-9376d7af8298', 'KANJI', '椅子');
INSERT INTO "vocabulary"."linkages" ("vocabulary_id", "preferred_definition_id", "preferred_spelling_id", "phonetic_spelling_id", "alt_phonetic_spelling_id", "kanji_spelling_id") VALUES ('9e935991-a6f7-4383-b8a0-9376d7af8298', 'b3a95227-9e70-5b07-8d35-40eb8d596459', '7b55165b-7185-5fb3-b8df-05fc0878f518', '84cb80ce-f7bc-56bf-bded-2436aff4d7dd', NULL, '44ac13b5-9b3a-560f-93c5-a572fa8cc2ff');
INSERT INTO "vocabulary"."reference" ("vocabulary_id", "lesson_code") VALUES ('9e935991-a6f7-4383-b8a0-9376d7af8298', 'DUO_02_04');
-- ソファー | sofa --;
INSERT INTO "vocabulary"."vocabulary" ("id", "word_class_code", "conjugation_kind_code", "jlpt_level", "row_num", "tags", "date_added") VALUES ('2f7263b8-e1dd-4c09-94d0-7ad22fe82a5b', 'NOUN', NULL, NULL, 240, '{home}', '2022-05-30');
INSERT INTO "vocabulary"."definition" ("id", "vocabulary_id", "sort_rank", "value") VALUES ('1ce4db48-0936-56b1-9079-35d831dc4875', '2f7263b8-e1dd-4c09-94d0-7ad22fe82a5b', 1, 'sofa');
INSERT INTO "vocabulary"."spelling" ("id", "vocabulary_id", "spelling_kind_code", "value") VALUES ('39a4f2b0-9035-51a6-82b8-13f0436cef93', '2f7263b8-e1dd-4c09-94d0-7ad22fe82a5b', 'KATAKANA', 'ソファー');
INSERT INTO "vocabulary"."spelling" ("id", "vocabulary_id", "spelling_kind_code", "value") VALUES ('9d8b6358-2d37-5e35-90b4-a4d528bb1bb4', '2f7263b8-e1dd-4c09-94d0-7ad22fe82a5b', 'KATAKANA', 'ソファー');
INSERT INTO "vocabulary"."linkages" ("vocabulary_id", "preferred_definition_id", "preferred_spelling_id", "phonetic_spelling_id", "alt_phonetic_spelling_id", "kanji_spelling_id") VALUES ('2f7263b8-e1dd-4c09-94d0-7ad22fe82a5b', '1ce4db48-0936-56b1-9079-35d831dc4875', '39a4f2b0-9035-51a6-82b8-13f0436cef93', '9d8b6358-2d37-5e35-90b4-a4d528bb1bb4', NULL, NULL);
INSERT INTO "vocabulary"."reference" ("vocabulary_id", "lesson_code") VALUES ('2f7263b8-e1dd-4c09-94d0-7ad22fe82a5b', 'DUO_02_04');
-- 机 | desk --;
INSERT INTO "vocabulary"."vocabulary" ("id", "word_class_code", "conjugation_kind_code", "jlpt_level", "row_num", "tags", "date_added") VALUES ('068b1a67-d6a5-4790-a264-febfbccc06c2', 'NOUN', NULL, NULL, 241, '{home}', '2022-05-30');
INSERT INTO "vocabulary"."definition" ("id", "vocabulary_id", "sort_rank", "value") VALUES ('65a30373-a409-513e-92bd-1e407dabacee', '068b1a67-d6a5-4790-a264-febfbccc06c2', 1, 'desk');
INSERT INTO "vocabulary"."spelling" ("id", "vocabulary_id", "spelling_kind_code", "value") VALUES ('fea29bb7-4b4b-5b66-bcf0-7ee90c2c178b', '068b1a67-d6a5-4790-a264-febfbccc06c2', 'KANJI', '机');
INSERT INTO "vocabulary"."spelling" ("id", "vocabulary_id", "spelling_kind_code", "value") VALUES ('9d1711f2-f4de-591a-9416-2a1b8e4caf44', '068b1a67-d6a5-4790-a264-febfbccc06c2', 'HIRAGANA', 'つくえ');
INSERT INTO "vocabulary"."spelling" ("id", "vocabulary_id", "spelling_kind_code", "value") VALUES ('66621945-b971-596e-bb75-5435fda873ec', '068b1a67-d6a5-4790-a264-febfbccc06c2', 'KANJI', '机');
INSERT INTO "vocabulary"."linkages" ("vocabulary_id", "preferred_definition_id", "preferred_spelling_id", "phonetic_spelling_id", "alt_phonetic_spelling_id", "kanji_spelling_id") VALUES ('068b1a67-d6a5-4790-a264-febfbccc06c2', '65a30373-a409-513e-92bd-1e407dabacee', 'fea29bb7-4b4b-5b66-bcf0-7ee90c2c178b', '9d1711f2-f4de-591a-9416-2a1b8e4caf44', NULL, '66621945-b971-596e-bb75-5435fda873ec');
INSERT INTO "vocabulary"."reference" ("vocabulary_id", "lesson_code") VALUES ('068b1a67-d6a5-4790-a264-febfbccc06c2', 'DUO_02_04');
-- ペット | pet --;
INSERT INTO "vocabulary"."vocabulary" ("id", "word_class_code", "conjugation_kind_code", "jlpt_level", "row_num", "tags", "date_added") VALUES ('7361012a-f230-444c-babe-48449c5bc79d', 'NOUN', NULL, NULL, 242, '{animal}', '2022-05-30');
INSERT INTO "vocabulary"."definition" ("id", "vocabulary_id", "sort_rank", "value") VALUES ('e5b09917-903e-5594-a0a0-6b241fa117b8', '7361012a-f230-444c-babe-48449c5bc79d', 1, 'pet');
INSERT INTO "vocabulary"."spelling" ("id", "vocabulary_id", "spelling_kind_code", "value") VALUES ('bbf9cb8f-bfc9-5bc4-8926-c3844d9b6f11', '7361012a-f230-444c-babe-48449c5bc79d', 'KATAKANA', 'ペット');
INSERT INTO "vocabulary"."spelling" ("id", "vocabulary_id", "spelling_kind_code", "value") VALUES ('af6e5b6e-7974-5ac9-9591-edbc8c48f21f', '7361012a-f230-444c-babe-48449c5bc79d', 'KATAKANA', 'ペット');
INSERT INTO "vocabulary"."linkages" ("vocabulary_id", "preferred_definition_id", "preferred_spelling_id", "phonetic_spelling_id", "alt_phonetic_spelling_id", "kanji_spelling_id") VALUES ('7361012a-f230-444c-babe-48449c5bc79d', 'e5b09917-903e-5594-a0a0-6b241fa117b8', 'bbf9cb8f-bfc9-5bc4-8926-c3844d9b6f11', 'af6e5b6e-7974-5ac9-9591-edbc8c48f21f', NULL, NULL);
INSERT INTO "vocabulary"."reference" ("vocabulary_id", "lesson_code") VALUES ('7361012a-f230-444c-babe-48449c5bc79d', 'DUO_02_04');
-- 犬 | dog --;
INSERT INTO "vocabulary"."vocabulary" ("id", "word_class_code", "conjugation_kind_code", "jlpt_level", "row_num", "tags", "date_added") VALUES ('f9f3b546-f023-4b35-9db2-068f8143c41e', 'NOUN', NULL, NULL, 243, '{animal}', '2022-05-30');
INSERT INTO "vocabulary"."definition" ("id", "vocabulary_id", "sort_rank", "value") VALUES ('508d3ab2-1fb2-53ff-b880-48364e7206fc', 'f9f3b546-f023-4b35-9db2-068f8143c41e', 1, 'dog');
INSERT INTO "vocabulary"."spelling" ("id", "vocabulary_id", "spelling_kind_code", "value") VALUES ('98da10e5-f050-577e-8973-01972b025066', 'f9f3b546-f023-4b35-9db2-068f8143c41e', 'KANJI', '犬');
INSERT INTO "vocabulary"."spelling" ("id", "vocabulary_id", "spelling_kind_code", "value") VALUES ('3ba8ec03-1534-5ea3-b08f-28104a89343f', 'f9f3b546-f023-4b35-9db2-068f8143c41e', 'HIRAGANA', 'いぬ');
INSERT INTO "vocabulary"."spelling" ("id", "vocabulary_id", "spelling_kind_code", "value") VALUES ('d95288a5-a9a6-502b-b225-18d3bab8472b', 'f9f3b546-f023-4b35-9db2-068f8143c41e', 'KANJI', '犬');
INSERT INTO "vocabulary"."linkages" ("vocabulary_id", "preferred_definition_id", "preferred_spelling_id", "phonetic_spelling_id", "alt_phonetic_spelling_id", "kanji_spelling_id") VALUES ('f9f3b546-f023-4b35-9db2-068f8143c41e', '508d3ab2-1fb2-53ff-b880-48364e7206fc', '98da10e5-f050-577e-8973-01972b025066', '3ba8ec03-1534-5ea3-b08f-28104a89343f', NULL, 'd95288a5-a9a6-502b-b225-18d3bab8472b');
INSERT INTO "vocabulary"."reference" ("vocabulary_id", "lesson_code") VALUES ('f9f3b546-f023-4b35-9db2-068f8143c41e', 'DUO_02_04');
-- 猫 | cat --;
INSERT INTO "vocabulary"."vocabulary" ("id", "word_class_code", "conjugation_kind_code", "jlpt_level", "row_num", "tags", "date_added") VALUES ('5399ca2c-f192-40b6-9b69-28dc1de577c8', 'NOUN', NULL, NULL, 244, '{animal}', '2022-05-30');
INSERT INTO "vocabulary"."definition" ("id", "vocabulary_id", "sort_rank", "value") VALUES ('b7771a77-ef06-54c1-9cc6-0a0d7b0daa2a', '5399ca2c-f192-40b6-9b69-28dc1de577c8', 1, 'cat');
INSERT INTO "vocabulary"."spelling" ("id", "vocabulary_id", "spelling_kind_code", "value") VALUES ('ba7dd05d-8f99-5420-acbf-3048b9eac7c3', '5399ca2c-f192-40b6-9b69-28dc1de577c8', 'KANJI', '猫');
INSERT INTO "vocabulary"."spelling" ("id", "vocabulary_id", "spelling_kind_code", "value") VALUES ('05ca9c6e-5ae0-5546-8665-36a8dc255150', '5399ca2c-f192-40b6-9b69-28dc1de577c8', 'HIRAGANA', 'ねこ');
INSERT INTO "vocabulary"."spelling" ("id", "vocabulary_id", "spelling_kind_code", "value") VALUES ('37c9022a-062d-5a08-9874-1ab98cd6573e', '5399ca2c-f192-40b6-9b69-28dc1de577c8', 'KANJI', '猫');
INSERT INTO "vocabulary"."linkages" ("vocabulary_id", "preferred_definition_id", "preferred_spelling_id", "phonetic_spelling_id", "alt_phonetic_spelling_id", "kanji_spelling_id") VALUES ('5399ca2c-f192-40b6-9b69-28dc1de577c8', 'b7771a77-ef06-54c1-9cc6-0a0d7b0daa2a', 'ba7dd05d-8f99-5420-acbf-3048b9eac7c3', '05ca9c6e-5ae0-5546-8665-36a8dc255150', NULL, '37c9022a-062d-5a08-9874-1ab98cd6573e');
INSERT INTO "vocabulary"."reference" ("vocabulary_id", "lesson_code") VALUES ('5399ca2c-f192-40b6-9b69-28dc1de577c8', 'DUO_02_04');
-- 鳥 | bird --;
INSERT INTO "vocabulary"."vocabulary" ("id", "word_class_code", "conjugation_kind_code", "jlpt_level", "row_num", "tags", "date_added") VALUES ('f5b2d28f-d519-4138-a9d0-5c99b82d09af', 'NOUN', NULL, NULL, 245, '{animal}', '2022-05-30');
INSERT INTO "vocabulary"."definition" ("id", "vocabulary_id", "sort_rank", "value") VALUES ('4b2743e9-3668-50f8-900f-76c8ed9233bd', 'f5b2d28f-d519-4138-a9d0-5c99b82d09af', 1, 'bird');
INSERT INTO "vocabulary"."spelling" ("id", "vocabulary_id", "spelling_kind_code", "value") VALUES ('486a9544-51ee-56c4-af41-4ffa6100bc98', 'f5b2d28f-d519-4138-a9d0-5c99b82d09af', 'KANJI', '鳥');
INSERT INTO "vocabulary"."spelling" ("id", "vocabulary_id", "spelling_kind_code", "value") VALUES ('52dd4cdb-fe3e-5197-beb0-ab7b87da23b6', 'f5b2d28f-d519-4138-a9d0-5c99b82d09af', 'HIRAGANA', 'とり');
INSERT INTO "vocabulary"."spelling" ("id", "vocabulary_id", "spelling_kind_code", "value") VALUES ('2a908bcb-e2df-5663-be70-018d795a1686', 'f5b2d28f-d519-4138-a9d0-5c99b82d09af', 'KANJI', '鳥');
INSERT INTO "vocabulary"."linkages" ("vocabulary_id", "preferred_definition_id", "preferred_spelling_id", "phonetic_spelling_id", "alt_phonetic_spelling_id", "kanji_spelling_id") VALUES ('f5b2d28f-d519-4138-a9d0-5c99b82d09af', '4b2743e9-3668-50f8-900f-76c8ed9233bd', '486a9544-51ee-56c4-af41-4ffa6100bc98', '52dd4cdb-fe3e-5197-beb0-ab7b87da23b6', NULL, '2a908bcb-e2df-5663-be70-018d795a1686');
INSERT INTO "vocabulary"."reference" ("vocabulary_id", "lesson_code") VALUES ('f5b2d28f-d519-4138-a9d0-5c99b82d09af', 'DUO_02_04');
-- 子犬 | puppy --;
INSERT INTO "vocabulary"."vocabulary" ("id", "word_class_code", "conjugation_kind_code", "jlpt_level", "row_num", "tags", "date_added") VALUES ('9704386f-fba7-4008-b079-fc541fb9c0dc', 'NOUN', NULL, NULL, 246, '{animal}', '2022-05-30');
INSERT INTO "vocabulary"."definition" ("id", "vocabulary_id", "sort_rank", "value") VALUES ('9782e2f3-4a79-583d-91db-4b36b38e6ec2', '9704386f-fba7-4008-b079-fc541fb9c0dc', 1, 'puppy');
INSERT INTO "vocabulary"."spelling" ("id", "vocabulary_id", "spelling_kind_code", "value") VALUES ('29b6768b-32bf-5d27-9cab-428c1a887d8b', '9704386f-fba7-4008-b079-fc541fb9c0dc', 'KANJI', '子犬');
INSERT INTO "vocabulary"."spelling" ("id", "vocabulary_id", "spelling_kind_code", "value") VALUES ('bdb53816-7c28-5bca-b75d-541f3e8fbcb7', '9704386f-fba7-4008-b079-fc541fb9c0dc', 'HIRAGANA', 'こいぬ');
INSERT INTO "vocabulary"."spelling" ("id", "vocabulary_id", "spelling_kind_code", "value") VALUES ('b5277249-3278-5bbd-ab4a-19f555658d96', '9704386f-fba7-4008-b079-fc541fb9c0dc', 'KANJI', '子犬');
INSERT INTO "vocabulary"."linkages" ("vocabulary_id", "preferred_definition_id", "preferred_spelling_id", "phonetic_spelling_id", "alt_phonetic_spelling_id", "kanji_spelling_id") VALUES ('9704386f-fba7-4008-b079-fc541fb9c0dc', '9782e2f3-4a79-583d-91db-4b36b38e6ec2', '29b6768b-32bf-5d27-9cab-428c1a887d8b', 'bdb53816-7c28-5bca-b75d-541f3e8fbcb7', NULL, 'b5277249-3278-5bbd-ab4a-19f555658d96');
INSERT INTO "vocabulary"."reference" ("vocabulary_id", "lesson_code") VALUES ('9704386f-fba7-4008-b079-fc541fb9c0dc', 'DUO_02_04');
-- 子猫 | kitten --;
INSERT INTO "vocabulary"."vocabulary" ("id", "word_class_code", "conjugation_kind_code", "jlpt_level", "row_num", "tags", "date_added") VALUES ('63a5b1e8-d69e-4f78-9fa1-f6ed248b872b', 'NOUN', NULL, NULL, 247, '{animal}', '2022-05-30');
INSERT INTO "vocabulary"."definition" ("id", "vocabulary_id", "sort_rank", "value") VALUES ('9f3d973f-2700-524f-965e-fa0b4c49dc7c', '63a5b1e8-d69e-4f78-9fa1-f6ed248b872b', 1, 'kitten');
INSERT INTO "vocabulary"."spelling" ("id", "vocabulary_id", "spelling_kind_code", "value") VALUES ('cfe9025d-c4ff-503f-8857-4087fd6b36a4', '63a5b1e8-d69e-4f78-9fa1-f6ed248b872b', 'KANJI', '子猫');
INSERT INTO "vocabulary"."spelling" ("id", "vocabulary_id", "spelling_kind_code", "value") VALUES ('38f21740-3c48-5202-8dae-31bc6b32d036', '63a5b1e8-d69e-4f78-9fa1-f6ed248b872b', 'HIRAGANA', 'こねこ');
INSERT INTO "vocabulary"."spelling" ("id", "vocabulary_id", "spelling_kind_code", "value") VALUES ('eaa1d746-cffe-5569-b690-16122f1eab3b', '63a5b1e8-d69e-4f78-9fa1-f6ed248b872b', 'KANJI', '子猫');
INSERT INTO "vocabulary"."linkages" ("vocabulary_id", "preferred_definition_id", "preferred_spelling_id", "phonetic_spelling_id", "alt_phonetic_spelling_id", "kanji_spelling_id") VALUES ('63a5b1e8-d69e-4f78-9fa1-f6ed248b872b', '9f3d973f-2700-524f-965e-fa0b4c49dc7c', 'cfe9025d-c4ff-503f-8857-4087fd6b36a4', '38f21740-3c48-5202-8dae-31bc6b32d036', NULL, 'eaa1d746-cffe-5569-b690-16122f1eab3b');
INSERT INTO "vocabulary"."reference" ("vocabulary_id", "lesson_code") VALUES ('63a5b1e8-d69e-4f78-9fa1-f6ed248b872b', 'DUO_02_04');
-- 〜羽 | counter for birds, rabbits, etc --;
INSERT INTO "vocabulary"."vocabulary" ("id", "word_class_code", "conjugation_kind_code", "jlpt_level", "row_num", "tags", "date_added") VALUES ('93849573-7b32-4df3-a3b9-a15fb7555627', 'COUNTER', NULL, NULL, 248, '{animal}', '2022-05-30');
INSERT INTO "vocabulary"."definition" ("id", "vocabulary_id", "sort_rank", "value") VALUES ('0da89d6a-1c45-512b-8d53-a3b5fa032c36', '93849573-7b32-4df3-a3b9-a15fb7555627', 1, 'counter for birds, rabbits, etc');
INSERT INTO "vocabulary"."spelling" ("id", "vocabulary_id", "spelling_kind_code", "value") VALUES ('5d233acc-8e96-5776-a6d3-df0e3c26e4a2', '93849573-7b32-4df3-a3b9-a15fb7555627', 'KANJI', '〜羽');
INSERT INTO "vocabulary"."spelling" ("id", "vocabulary_id", "spelling_kind_code", "value") VALUES ('28c4df74-bc0f-598a-8303-aac0cb210aa3', '93849573-7b32-4df3-a3b9-a15fb7555627', 'HIRAGANA', '〜わ');
INSERT INTO "vocabulary"."spelling" ("id", "vocabulary_id", "spelling_kind_code", "value") VALUES ('c00a25ea-c30e-59f9-93d1-75579dbd09e8', '93849573-7b32-4df3-a3b9-a15fb7555627', 'KANJI', '〜羽');
INSERT INTO "vocabulary"."linkages" ("vocabulary_id", "preferred_definition_id", "preferred_spelling_id", "phonetic_spelling_id", "alt_phonetic_spelling_id", "kanji_spelling_id") VALUES ('93849573-7b32-4df3-a3b9-a15fb7555627', '0da89d6a-1c45-512b-8d53-a3b5fa032c36', '5d233acc-8e96-5776-a6d3-df0e3c26e4a2', '28c4df74-bc0f-598a-8303-aac0cb210aa3', NULL, 'c00a25ea-c30e-59f9-93d1-75579dbd09e8');
INSERT INTO "vocabulary"."reference" ("vocabulary_id", "lesson_code") VALUES ('93849573-7b32-4df3-a3b9-a15fb7555627', 'DUO_02_04');
-- 彼女 | she, her --;
INSERT INTO "vocabulary"."vocabulary" ("id", "word_class_code", "conjugation_kind_code", "jlpt_level", "row_num", "tags", "date_added") VALUES ('6432ab47-a4a0-487f-89ad-b37fce084c74', 'PRONOUN', NULL, NULL, 249, '{}', '2022-08-08');
INSERT INTO "vocabulary"."definition" ("id", "vocabulary_id", "sort_rank", "value") VALUES ('81caa6e2-0815-51de-bafb-7267e2178e18', '6432ab47-a4a0-487f-89ad-b37fce084c74', 1, 'she, her');
INSERT INTO "vocabulary"."spelling" ("id", "vocabulary_id", "spelling_kind_code", "value") VALUES ('78d12928-2d08-5dc1-b294-1ad0aca743e9', '6432ab47-a4a0-487f-89ad-b37fce084c74', 'KANJI', '彼女');
INSERT INTO "vocabulary"."spelling" ("id", "vocabulary_id", "spelling_kind_code", "value") VALUES ('ddf03e43-4afd-5826-b904-4c50a79327de', '6432ab47-a4a0-487f-89ad-b37fce084c74', 'HIRAGANA', 'かのじょ');
INSERT INTO "vocabulary"."spelling" ("id", "vocabulary_id", "spelling_kind_code", "value") VALUES ('e3783e07-fdf6-564d-abb1-a8c7d68e97ba', '6432ab47-a4a0-487f-89ad-b37fce084c74', 'KANJI', '彼女');
INSERT INTO "vocabulary"."linkages" ("vocabulary_id", "preferred_definition_id", "preferred_spelling_id", "phonetic_spelling_id", "alt_phonetic_spelling_id", "kanji_spelling_id") VALUES ('6432ab47-a4a0-487f-89ad-b37fce084c74', '81caa6e2-0815-51de-bafb-7267e2178e18', '78d12928-2d08-5dc1-b294-1ad0aca743e9', 'ddf03e43-4afd-5826-b904-4c50a79327de', NULL, 'e3783e07-fdf6-564d-abb1-a8c7d68e97ba');
INSERT INTO "vocabulary"."reference" ("vocabulary_id", "lesson_code") VALUES ('6432ab47-a4a0-487f-89ad-b37fce084c74', 'DUO_02_07');
-- 彼 | him, he --;
INSERT INTO "vocabulary"."vocabulary" ("id", "word_class_code", "conjugation_kind_code", "jlpt_level", "row_num", "tags", "date_added") VALUES ('794880bc-1fa2-4fb8-9fa0-bd04c175bbee', 'PRONOUN', NULL, NULL, 250, '{}', '2022-08-08');
INSERT INTO "vocabulary"."definition" ("id", "vocabulary_id", "sort_rank", "value") VALUES ('11fc46b9-8b57-5e79-affd-a533289a917d', '794880bc-1fa2-4fb8-9fa0-bd04c175bbee', 1, 'him, he');
INSERT INTO "vocabulary"."spelling" ("id", "vocabulary_id", "spelling_kind_code", "value") VALUES ('8a42ed46-f00d-57ec-9944-981cdefdf68d', '794880bc-1fa2-4fb8-9fa0-bd04c175bbee', 'KANJI', '彼');
INSERT INTO "vocabulary"."spelling" ("id", "vocabulary_id", "spelling_kind_code", "value") VALUES ('764410e1-9f1e-56f9-9fe3-468f017df434', '794880bc-1fa2-4fb8-9fa0-bd04c175bbee', 'HIRAGANA', 'かれ');
INSERT INTO "vocabulary"."spelling" ("id", "vocabulary_id", "spelling_kind_code", "value") VALUES ('43f9efa8-abb9-5f89-852f-7963fa3f787d', '794880bc-1fa2-4fb8-9fa0-bd04c175bbee', 'KANJI', '彼');
INSERT INTO "vocabulary"."linkages" ("vocabulary_id", "preferred_definition_id", "preferred_spelling_id", "phonetic_spelling_id", "alt_phonetic_spelling_id", "kanji_spelling_id") VALUES ('794880bc-1fa2-4fb8-9fa0-bd04c175bbee', '11fc46b9-8b57-5e79-affd-a533289a917d', '8a42ed46-f00d-57ec-9944-981cdefdf68d', '764410e1-9f1e-56f9-9fe3-468f017df434', NULL, '43f9efa8-abb9-5f89-852f-7963fa3f787d');
INSERT INTO "vocabulary"."reference" ("vocabulary_id", "lesson_code") VALUES ('794880bc-1fa2-4fb8-9fa0-bd04c175bbee', 'DUO_02_07');
-- 彼ら | they, them --;
INSERT INTO "vocabulary"."vocabulary" ("id", "word_class_code", "conjugation_kind_code", "jlpt_level", "row_num", "tags", "date_added") VALUES ('46260a68-5466-4f70-9b0b-968d8143848f', 'PRONOUN', NULL, NULL, 251, '{}', '2022-08-08');
INSERT INTO "vocabulary"."definition" ("id", "vocabulary_id", "sort_rank", "value") VALUES ('bb8f55c7-665f-5705-9459-a95dd490f761', '46260a68-5466-4f70-9b0b-968d8143848f', 1, 'they, them');
INSERT INTO "vocabulary"."spelling" ("id", "vocabulary_id", "spelling_kind_code", "value") VALUES ('9f35e15f-084a-5efa-8cc2-8f74f7fcf58a', '46260a68-5466-4f70-9b0b-968d8143848f', 'KANJI', '彼ら');
INSERT INTO "vocabulary"."spelling" ("id", "vocabulary_id", "spelling_kind_code", "value") VALUES ('e8501e6f-03af-5beb-b6d9-fe932d87c854', '46260a68-5466-4f70-9b0b-968d8143848f', 'HIRAGANA', 'かれら');
INSERT INTO "vocabulary"."spelling" ("id", "vocabulary_id", "spelling_kind_code", "value") VALUES ('21764a3d-ae1c-5537-952f-8cf85fa20ffc', '46260a68-5466-4f70-9b0b-968d8143848f', 'KANJI', '彼ら');
INSERT INTO "vocabulary"."linkages" ("vocabulary_id", "preferred_definition_id", "preferred_spelling_id", "phonetic_spelling_id", "alt_phonetic_spelling_id", "kanji_spelling_id") VALUES ('46260a68-5466-4f70-9b0b-968d8143848f', 'bb8f55c7-665f-5705-9459-a95dd490f761', '9f35e15f-084a-5efa-8cc2-8f74f7fcf58a', 'e8501e6f-03af-5beb-b6d9-fe932d87c854', NULL, '21764a3d-ae1c-5537-952f-8cf85fa20ffc');
INSERT INTO "vocabulary"."reference" ("vocabulary_id", "lesson_code") VALUES ('46260a68-5466-4f70-9b0b-968d8143848f', 'DUO_02_07');
-- 〜たち | ...plural (person, animal) --;
INSERT INTO "vocabulary"."vocabulary" ("id", "word_class_code", "conjugation_kind_code", "jlpt_level", "row_num", "tags", "date_added") VALUES ('7592b181-b6f1-41f0-b618-4ae67ab38b21', 'SUFFIX', NULL, NULL, 252, '{}', '2022-08-08');
INSERT INTO "vocabulary"."definition" ("id", "vocabulary_id", "sort_rank", "value") VALUES ('5e326524-9469-5fd9-be06-6ae861aeddf2', '7592b181-b6f1-41f0-b618-4ae67ab38b21', 1, '...plural (person, animal)');
INSERT INTO "vocabulary"."spelling" ("id", "vocabulary_id", "spelling_kind_code", "value") VALUES ('240b986e-2b73-5396-85c7-1ceb062d80d9', '7592b181-b6f1-41f0-b618-4ae67ab38b21', 'HIRAGANA', '〜たち');
INSERT INTO "vocabulary"."spelling" ("id", "vocabulary_id", "spelling_kind_code", "value") VALUES ('715c2830-2f77-57b8-a95f-9cc568ac5c5a', '7592b181-b6f1-41f0-b618-4ae67ab38b21', 'HIRAGANA', '〜たち');
INSERT INTO "vocabulary"."spelling" ("id", "vocabulary_id", "spelling_kind_code", "value") VALUES ('05027372-13d7-5090-adf5-3154b223037a', '7592b181-b6f1-41f0-b618-4ae67ab38b21', 'KANJI', '〜達');
INSERT INTO "vocabulary"."linkages" ("vocabulary_id", "preferred_definition_id", "preferred_spelling_id", "phonetic_spelling_id", "alt_phonetic_spelling_id", "kanji_spelling_id") VALUES ('7592b181-b6f1-41f0-b618-4ae67ab38b21', '5e326524-9469-5fd9-be06-6ae861aeddf2', '240b986e-2b73-5396-85c7-1ceb062d80d9', '715c2830-2f77-57b8-a95f-9cc568ac5c5a', NULL, '05027372-13d7-5090-adf5-3154b223037a');
INSERT INTO "vocabulary"."reference" ("vocabulary_id", "lesson_code") VALUES ('7592b181-b6f1-41f0-b618-4ae67ab38b21', 'DUO_02_07');
-- 僕 | I,me (male term) --;
INSERT INTO "vocabulary"."vocabulary" ("id", "word_class_code", "conjugation_kind_code", "jlpt_level", "row_num", "tags", "date_added") VALUES ('bd6d533d-c173-49c5-95c7-85fe90dd38a6', 'PRONOUN', NULL, NULL, 253, '{}', '2022-08-08');
INSERT INTO "vocabulary"."definition" ("id", "vocabulary_id", "sort_rank", "value") VALUES ('f444c3bc-2788-5429-a6be-5cce3d13028d', 'bd6d533d-c173-49c5-95c7-85fe90dd38a6', 1, 'I,me (male term)');
INSERT INTO "vocabulary"."spelling" ("id", "vocabulary_id", "spelling_kind_code", "value") VALUES ('28b908cb-640e-54fb-b149-d6d7ed31f61e', 'bd6d533d-c173-49c5-95c7-85fe90dd38a6', 'KANJI', '僕');
INSERT INTO "vocabulary"."spelling" ("id", "vocabulary_id", "spelling_kind_code", "value") VALUES ('544f8e18-b31f-5476-91e1-e34eb1762e0a', 'bd6d533d-c173-49c5-95c7-85fe90dd38a6', 'HIRAGANA', 'ぼく');
INSERT INTO "vocabulary"."spelling" ("id", "vocabulary_id", "spelling_kind_code", "value") VALUES ('8a41a05c-760a-527c-96f2-992682ef8ded', 'bd6d533d-c173-49c5-95c7-85fe90dd38a6', 'KANJI', '僕');
INSERT INTO "vocabulary"."linkages" ("vocabulary_id", "preferred_definition_id", "preferred_spelling_id", "phonetic_spelling_id", "alt_phonetic_spelling_id", "kanji_spelling_id") VALUES ('bd6d533d-c173-49c5-95c7-85fe90dd38a6', 'f444c3bc-2788-5429-a6be-5cce3d13028d', '28b908cb-640e-54fb-b149-d6d7ed31f61e', '544f8e18-b31f-5476-91e1-e34eb1762e0a', NULL, '8a41a05c-760a-527c-96f2-992682ef8ded');
INSERT INTO "vocabulary"."reference" ("vocabulary_id", "lesson_code") VALUES ('bd6d533d-c173-49c5-95c7-85fe90dd38a6', 'DUO_02_07');
