-- おはよう | Good morning --;
INSERT INTO "vocabulary"."vocabulary" ("id", "word_class_code", "conjugation_kind_code", "jlpt_level", "row_num", "tags", "date_added") VALUES ('f552ea3a-8b7f-5433-aa20-4c93a6868fb3', 'EXPRESSION', NULL, 2, 1, '{greeting}', '2022-04-24');
INSERT INTO "vocabulary"."definition" ("id", "vocabulary_id", "sort_rank", "value") VALUES ('0c30b7bb-ee6a-50a7-89ba-26093be26f59', 'f552ea3a-8b7f-5433-aa20-4c93a6868fb3', 1, 'Good morning');
INSERT INTO "vocabulary"."spelling" ("id", "vocabulary_id", "spelling_kind_code", "value") VALUES ('f5fc7480-3a86-576c-8d6d-eb492cb64bcc', 'f552ea3a-8b7f-5433-aa20-4c93a6868fb3', 'HIRAGANA', 'おはよう');
INSERT INTO "vocabulary"."spelling" ("id", "vocabulary_id", "spelling_kind_code", "value") VALUES ('290954f1-0099-56e7-a963-127a38f102cc', 'f552ea3a-8b7f-5433-aa20-4c93a6868fb3', 'HIRAGANA', 'おはよう');
INSERT INTO "vocabulary"."linkages" ("vocabulary_id", "preferred_definition_id", "preferred_spelling_id", "phonetic_spelling_id", "alt_phonetic_spelling_id", "kanji_spelling_id", "conjugation_set_id") VALUES ('f552ea3a-8b7f-5433-aa20-4c93a6868fb3', '0c30b7bb-ee6a-50a7-89ba-26093be26f59', 'f5fc7480-3a86-576c-8d6d-eb492cb64bcc', '290954f1-0099-56e7-a963-127a38f102cc', NULL, NULL, NULL);
INSERT INTO "vocabulary"."reference" ("vocabulary_id", "lesson_code") VALUES ('f552ea3a-8b7f-5433-aa20-4c93a6868fb3', 'GENKI3_L00');
-- おはようございます | Good morning (polite) --;
INSERT INTO "vocabulary"."vocabulary" ("id", "word_class_code", "conjugation_kind_code", "jlpt_level", "row_num", "tags", "date_added") VALUES ('8359d7d1-d6d6-5995-962e-3f6566232911', 'EXPRESSION', NULL, NULL, 2, '{greeting}', '2022-04-24');
INSERT INTO "vocabulary"."definition" ("id", "vocabulary_id", "sort_rank", "value") VALUES ('6abad41f-a910-5b39-ba47-b9ade701482d', '8359d7d1-d6d6-5995-962e-3f6566232911', 1, 'Good morning (polite)');
INSERT INTO "vocabulary"."spelling" ("id", "vocabulary_id", "spelling_kind_code", "value") VALUES ('e371d625-dd61-5fe6-b43e-f2b6c5542bc0', '8359d7d1-d6d6-5995-962e-3f6566232911', 'HIRAGANA', 'おはようございます');
INSERT INTO "vocabulary"."spelling" ("id", "vocabulary_id", "spelling_kind_code", "value") VALUES ('11ed0fa7-5a75-5536-b4ad-539b1bd8ccbd', '8359d7d1-d6d6-5995-962e-3f6566232911', 'HIRAGANA', 'おはようございます');
INSERT INTO "vocabulary"."linkages" ("vocabulary_id", "preferred_definition_id", "preferred_spelling_id", "phonetic_spelling_id", "alt_phonetic_spelling_id", "kanji_spelling_id", "conjugation_set_id") VALUES ('8359d7d1-d6d6-5995-962e-3f6566232911', '6abad41f-a910-5b39-ba47-b9ade701482d', 'e371d625-dd61-5fe6-b43e-f2b6c5542bc0', '11ed0fa7-5a75-5536-b4ad-539b1bd8ccbd', NULL, NULL, NULL);
INSERT INTO "vocabulary"."reference" ("vocabulary_id", "lesson_code") VALUES ('8359d7d1-d6d6-5995-962e-3f6566232911', 'GENKI3_L00');
-- こんにちは | Good afternoon --;
INSERT INTO "vocabulary"."vocabulary" ("id", "word_class_code", "conjugation_kind_code", "jlpt_level", "row_num", "tags", "date_added") VALUES ('4c55fd59-1160-52d2-8383-00f292668c1f', 'EXPRESSION', NULL, 3, 3, '{greeting}', '2022-04-24');
INSERT INTO "vocabulary"."definition" ("id", "vocabulary_id", "sort_rank", "value") VALUES ('70ec6aaa-36a9-5e1b-9807-c3bdfe9f433f', '4c55fd59-1160-52d2-8383-00f292668c1f', 1, 'Good afternoon');
INSERT INTO "vocabulary"."spelling" ("id", "vocabulary_id", "spelling_kind_code", "value") VALUES ('604ea9ca-2a13-5b91-a382-499b4ca0e032', '4c55fd59-1160-52d2-8383-00f292668c1f', 'HIRAGANA', 'こんにちは');
INSERT INTO "vocabulary"."spelling" ("id", "vocabulary_id", "spelling_kind_code", "value") VALUES ('384f8a23-fb9e-577d-908b-765a83a5aab4', '4c55fd59-1160-52d2-8383-00f292668c1f', 'HIRAGANA', 'こんにちは');
INSERT INTO "vocabulary"."linkages" ("vocabulary_id", "preferred_definition_id", "preferred_spelling_id", "phonetic_spelling_id", "alt_phonetic_spelling_id", "kanji_spelling_id", "conjugation_set_id") VALUES ('4c55fd59-1160-52d2-8383-00f292668c1f', '70ec6aaa-36a9-5e1b-9807-c3bdfe9f433f', '604ea9ca-2a13-5b91-a382-499b4ca0e032', '384f8a23-fb9e-577d-908b-765a83a5aab4', NULL, NULL, NULL);
INSERT INTO "vocabulary"."reference" ("vocabulary_id", "lesson_code") VALUES ('4c55fd59-1160-52d2-8383-00f292668c1f', 'DUO_01_02');
INSERT INTO "vocabulary"."reference" ("vocabulary_id", "lesson_code") VALUES ('4c55fd59-1160-52d2-8383-00f292668c1f', 'DUO_U01');
INSERT INTO "vocabulary"."reference" ("vocabulary_id", "lesson_code") VALUES ('4c55fd59-1160-52d2-8383-00f292668c1f', 'GENKI3_L00');
-- こんばんは | Good evening --;
INSERT INTO "vocabulary"."vocabulary" ("id", "word_class_code", "conjugation_kind_code", "jlpt_level", "row_num", "tags", "date_added") VALUES ('8d46e404-38ff-518c-a25d-cb95d6f2c511', 'EXPRESSION', NULL, 2, 4, '{greeting}', '2022-04-24');
INSERT INTO "vocabulary"."definition" ("id", "vocabulary_id", "sort_rank", "value") VALUES ('00cc802b-6141-53c6-be8b-9992f360ae8b', '8d46e404-38ff-518c-a25d-cb95d6f2c511', 1, 'Good evening');
INSERT INTO "vocabulary"."spelling" ("id", "vocabulary_id", "spelling_kind_code", "value") VALUES ('db5529b4-650f-5ebf-bad4-674ca139a14f', '8d46e404-38ff-518c-a25d-cb95d6f2c511', 'HIRAGANA', 'こんばんは');
INSERT INTO "vocabulary"."spelling" ("id", "vocabulary_id", "spelling_kind_code", "value") VALUES ('6dce7fc7-d935-5a78-b543-4b7afe663d5f', '8d46e404-38ff-518c-a25d-cb95d6f2c511', 'HIRAGANA', 'こんばんは');
INSERT INTO "vocabulary"."linkages" ("vocabulary_id", "preferred_definition_id", "preferred_spelling_id", "phonetic_spelling_id", "alt_phonetic_spelling_id", "kanji_spelling_id", "conjugation_set_id") VALUES ('8d46e404-38ff-518c-a25d-cb95d6f2c511', '00cc802b-6141-53c6-be8b-9992f360ae8b', 'db5529b4-650f-5ebf-bad4-674ca139a14f', '6dce7fc7-d935-5a78-b543-4b7afe663d5f', NULL, NULL, NULL);
INSERT INTO "vocabulary"."reference" ("vocabulary_id", "lesson_code") VALUES ('8d46e404-38ff-518c-a25d-cb95d6f2c511', 'GENKI3_L00');
-- さようなら | Goodbye --;
INSERT INTO "vocabulary"."vocabulary" ("id", "word_class_code", "conjugation_kind_code", "jlpt_level", "row_num", "tags", "date_added") VALUES ('1184380a-27db-5f8e-841d-7b105c2a7366', 'EXPRESSION', NULL, 2, 5, '{greeting}', '2022-04-24');
INSERT INTO "vocabulary"."definition" ("id", "vocabulary_id", "sort_rank", "value") VALUES ('e9fad67a-69c8-56d7-acc9-a1452986fa56', '1184380a-27db-5f8e-841d-7b105c2a7366', 1, 'Goodbye');
INSERT INTO "vocabulary"."spelling" ("id", "vocabulary_id", "spelling_kind_code", "value") VALUES ('4c463b7b-b4c4-529c-9c6f-66be293f5072', '1184380a-27db-5f8e-841d-7b105c2a7366', 'HIRAGANA', 'さようなら');
INSERT INTO "vocabulary"."spelling" ("id", "vocabulary_id", "spelling_kind_code", "value") VALUES ('119c5309-1e88-5096-a4c7-a9cfca2afc89', '1184380a-27db-5f8e-841d-7b105c2a7366', 'HIRAGANA', 'さようなら');
INSERT INTO "vocabulary"."linkages" ("vocabulary_id", "preferred_definition_id", "preferred_spelling_id", "phonetic_spelling_id", "alt_phonetic_spelling_id", "kanji_spelling_id", "conjugation_set_id") VALUES ('1184380a-27db-5f8e-841d-7b105c2a7366', 'e9fad67a-69c8-56d7-acc9-a1452986fa56', '4c463b7b-b4c4-529c-9c6f-66be293f5072', '119c5309-1e88-5096-a4c7-a9cfca2afc89', NULL, NULL, NULL);
INSERT INTO "vocabulary"."reference" ("vocabulary_id", "lesson_code") VALUES ('1184380a-27db-5f8e-841d-7b105c2a7366', 'DUO_01_02');
INSERT INTO "vocabulary"."reference" ("vocabulary_id", "lesson_code") VALUES ('1184380a-27db-5f8e-841d-7b105c2a7366', 'DUO_U01');
INSERT INTO "vocabulary"."reference" ("vocabulary_id", "lesson_code") VALUES ('1184380a-27db-5f8e-841d-7b105c2a7366', 'GENKI3_L00');
-- おやすみ | Goodnight --;
INSERT INTO "vocabulary"."vocabulary" ("id", "word_class_code", "conjugation_kind_code", "jlpt_level", "row_num", "tags", "date_added") VALUES ('3ecfb07b-0a66-555c-97c4-5af7cb806507', 'EXPRESSION', NULL, 2, 6, '{greeting}', '2022-04-24');
INSERT INTO "vocabulary"."definition" ("id", "vocabulary_id", "sort_rank", "value") VALUES ('3f8a5aef-4518-587a-b645-9efe56c97c72', '3ecfb07b-0a66-555c-97c4-5af7cb806507', 1, 'Goodnight');
INSERT INTO "vocabulary"."spelling" ("id", "vocabulary_id", "spelling_kind_code", "value") VALUES ('4216dcbf-e450-5776-9841-28b0c3d966b2', '3ecfb07b-0a66-555c-97c4-5af7cb806507', 'HIRAGANA', 'おやすみ');
INSERT INTO "vocabulary"."spelling" ("id", "vocabulary_id", "spelling_kind_code", "value") VALUES ('19ef60e7-abaa-56a1-af80-0f3e59c7275b', '3ecfb07b-0a66-555c-97c4-5af7cb806507', 'HIRAGANA', 'おやすみ');
INSERT INTO "vocabulary"."linkages" ("vocabulary_id", "preferred_definition_id", "preferred_spelling_id", "phonetic_spelling_id", "alt_phonetic_spelling_id", "kanji_spelling_id", "conjugation_set_id") VALUES ('3ecfb07b-0a66-555c-97c4-5af7cb806507', '3f8a5aef-4518-587a-b645-9efe56c97c72', '4216dcbf-e450-5776-9841-28b0c3d966b2', '19ef60e7-abaa-56a1-af80-0f3e59c7275b', NULL, NULL, NULL);
INSERT INTO "vocabulary"."reference" ("vocabulary_id", "lesson_code") VALUES ('3ecfb07b-0a66-555c-97c4-5af7cb806507', 'GENKI3_L00');
-- おやすみなさい | Goodnight (polite) --;
INSERT INTO "vocabulary"."vocabulary" ("id", "word_class_code", "conjugation_kind_code", "jlpt_level", "row_num", "tags", "date_added") VALUES ('a419bb62-f061-5ac6-856b-6f85002642c6', 'EXPRESSION', NULL, NULL, 7, '{greeting}', '2022-04-24');
INSERT INTO "vocabulary"."definition" ("id", "vocabulary_id", "sort_rank", "value") VALUES ('1ef208a6-2b55-5214-9159-b189ac254e79', 'a419bb62-f061-5ac6-856b-6f85002642c6', 1, 'Goodnight (polite)');
INSERT INTO "vocabulary"."spelling" ("id", "vocabulary_id", "spelling_kind_code", "value") VALUES ('5abff3ed-080a-577e-8b4f-685ba2e360e7', 'a419bb62-f061-5ac6-856b-6f85002642c6', 'HIRAGANA', 'おやすみなさい');
INSERT INTO "vocabulary"."spelling" ("id", "vocabulary_id", "spelling_kind_code", "value") VALUES ('5dbe3f46-5354-5b8f-9027-ca3695327d62', 'a419bb62-f061-5ac6-856b-6f85002642c6', 'HIRAGANA', 'おやすみなさい');
INSERT INTO "vocabulary"."linkages" ("vocabulary_id", "preferred_definition_id", "preferred_spelling_id", "phonetic_spelling_id", "alt_phonetic_spelling_id", "kanji_spelling_id", "conjugation_set_id") VALUES ('a419bb62-f061-5ac6-856b-6f85002642c6', '1ef208a6-2b55-5214-9159-b189ac254e79', '5abff3ed-080a-577e-8b4f-685ba2e360e7', '5dbe3f46-5354-5b8f-9027-ca3695327d62', NULL, NULL, NULL);
INSERT INTO "vocabulary"."reference" ("vocabulary_id", "lesson_code") VALUES ('a419bb62-f061-5ac6-856b-6f85002642c6', 'GENKI3_L00');
-- ありがとう | Thank you --;
INSERT INTO "vocabulary"."vocabulary" ("id", "word_class_code", "conjugation_kind_code", "jlpt_level", "row_num", "tags", "date_added") VALUES ('c7a645f7-256a-536a-a5ee-5f85e8ce1137', 'EXPRESSION', NULL, 3, 8, '{greeting}', '2022-04-24');
INSERT INTO "vocabulary"."definition" ("id", "vocabulary_id", "sort_rank", "value") VALUES ('ab23273f-b379-5e9e-9ead-b451928bb628', 'c7a645f7-256a-536a-a5ee-5f85e8ce1137', 1, 'Thank you');
INSERT INTO "vocabulary"."spelling" ("id", "vocabulary_id", "spelling_kind_code", "value") VALUES ('af07a03b-0eb2-5d76-acc0-cfa43cd925e8', 'c7a645f7-256a-536a-a5ee-5f85e8ce1137', 'HIRAGANA', 'ありがとう');
INSERT INTO "vocabulary"."spelling" ("id", "vocabulary_id", "spelling_kind_code", "value") VALUES ('c5e7594d-a0ac-58b3-830a-c6a871ac2aac', 'c7a645f7-256a-536a-a5ee-5f85e8ce1137', 'HIRAGANA', 'ありがとう');
INSERT INTO "vocabulary"."spelling" ("id", "vocabulary_id", "spelling_kind_code", "value") VALUES ('bef993d7-7718-5489-b079-4c15b3533275', 'c7a645f7-256a-536a-a5ee-5f85e8ce1137', 'KANJI', '有り難う');
INSERT INTO "vocabulary"."linkages" ("vocabulary_id", "preferred_definition_id", "preferred_spelling_id", "phonetic_spelling_id", "alt_phonetic_spelling_id", "kanji_spelling_id", "conjugation_set_id") VALUES ('c7a645f7-256a-536a-a5ee-5f85e8ce1137', 'ab23273f-b379-5e9e-9ead-b451928bb628', 'af07a03b-0eb2-5d76-acc0-cfa43cd925e8', 'c5e7594d-a0ac-58b3-830a-c6a871ac2aac', NULL, 'bef993d7-7718-5489-b079-4c15b3533275', NULL);
INSERT INTO "vocabulary"."reference" ("vocabulary_id", "lesson_code") VALUES ('c7a645f7-256a-536a-a5ee-5f85e8ce1137', 'GENKI3_L00');
-- ありがとうございます | Thank you (polite) --;
INSERT INTO "vocabulary"."vocabulary" ("id", "word_class_code", "conjugation_kind_code", "jlpt_level", "row_num", "tags", "date_added") VALUES ('b626308d-6418-5a2c-9151-7a8a368f27a3', 'EXPRESSION', NULL, NULL, 9, '{greeting}', '2022-04-24');
INSERT INTO "vocabulary"."definition" ("id", "vocabulary_id", "sort_rank", "value") VALUES ('e5c38ea7-cfce-5a33-a4cc-6d4b4f3ce678', 'b626308d-6418-5a2c-9151-7a8a368f27a3', 1, 'Thank you (polite)');
INSERT INTO "vocabulary"."spelling" ("id", "vocabulary_id", "spelling_kind_code", "value") VALUES ('20c1e5dc-9e9a-5da7-9f2a-c7d718b38445', 'b626308d-6418-5a2c-9151-7a8a368f27a3', 'HIRAGANA', 'ありがとうございます');
INSERT INTO "vocabulary"."spelling" ("id", "vocabulary_id", "spelling_kind_code", "value") VALUES ('3ca5ac2a-6baf-5026-aed5-5abb065310b6', 'b626308d-6418-5a2c-9151-7a8a368f27a3', 'HIRAGANA', 'ありがとうございます');
INSERT INTO "vocabulary"."spelling" ("id", "vocabulary_id", "spelling_kind_code", "value") VALUES ('fb3791fd-3ef6-5ab8-8b79-1efa2ce5144a', 'b626308d-6418-5a2c-9151-7a8a368f27a3', 'KANJI', '有難うございます');
INSERT INTO "vocabulary"."linkages" ("vocabulary_id", "preferred_definition_id", "preferred_spelling_id", "phonetic_spelling_id", "alt_phonetic_spelling_id", "kanji_spelling_id", "conjugation_set_id") VALUES ('b626308d-6418-5a2c-9151-7a8a368f27a3', 'e5c38ea7-cfce-5a33-a4cc-6d4b4f3ce678', '20c1e5dc-9e9a-5da7-9f2a-c7d718b38445', '3ca5ac2a-6baf-5026-aed5-5abb065310b6', NULL, 'fb3791fd-3ef6-5ab8-8b79-1efa2ce5144a', NULL);
INSERT INTO "vocabulary"."reference" ("vocabulary_id", "lesson_code") VALUES ('b626308d-6418-5a2c-9151-7a8a368f27a3', 'GENKI3_L00');
-- いってきます | I'll go and come back --;
INSERT INTO "vocabulary"."vocabulary" ("id", "word_class_code", "conjugation_kind_code", "jlpt_level", "row_num", "tags", "date_added") VALUES ('1913dbc6-4712-549a-9274-dc3511cecbfe', 'EXPRESSION', NULL, NULL, 10, '{greeting}', '2022-04-24');
INSERT INTO "vocabulary"."definition" ("id", "vocabulary_id", "sort_rank", "value") VALUES ('6648ace8-403c-5de2-b346-f65331b6fdde', '1913dbc6-4712-549a-9274-dc3511cecbfe', 1, 'I''ll go and come back');
INSERT INTO "vocabulary"."spelling" ("id", "vocabulary_id", "spelling_kind_code", "value") VALUES ('91adfe87-343c-55f8-8bdd-0a16f7e7a6cb', '1913dbc6-4712-549a-9274-dc3511cecbfe', 'HIRAGANA', 'いってきます');
INSERT INTO "vocabulary"."spelling" ("id", "vocabulary_id", "spelling_kind_code", "value") VALUES ('8ecb31aa-3650-5232-8c2b-a0f1ffa6c640', '1913dbc6-4712-549a-9274-dc3511cecbfe', 'HIRAGANA', 'いってきます');
INSERT INTO "vocabulary"."spelling" ("id", "vocabulary_id", "spelling_kind_code", "value") VALUES ('cc8a33ef-577f-5dfa-b388-9aa936e42dc6', '1913dbc6-4712-549a-9274-dc3511cecbfe', 'KANJI', '行ってきます');
INSERT INTO "vocabulary"."linkages" ("vocabulary_id", "preferred_definition_id", "preferred_spelling_id", "phonetic_spelling_id", "alt_phonetic_spelling_id", "kanji_spelling_id", "conjugation_set_id") VALUES ('1913dbc6-4712-549a-9274-dc3511cecbfe', '6648ace8-403c-5de2-b346-f65331b6fdde', '91adfe87-343c-55f8-8bdd-0a16f7e7a6cb', '8ecb31aa-3650-5232-8c2b-a0f1ffa6c640', NULL, 'cc8a33ef-577f-5dfa-b388-9aa936e42dc6', NULL);
INSERT INTO "vocabulary"."reference" ("vocabulary_id", "lesson_code") VALUES ('1913dbc6-4712-549a-9274-dc3511cecbfe', 'GENKI3_L00');
-- いってらっしゃい | Please go and come back --;
INSERT INTO "vocabulary"."vocabulary" ("id", "word_class_code", "conjugation_kind_code", "jlpt_level", "row_num", "tags", "date_added") VALUES ('e7161fcf-fbaf-5971-8adb-70745ae24103', 'EXPRESSION', NULL, 2, 11, '{greeting}', '2022-04-24');
INSERT INTO "vocabulary"."definition" ("id", "vocabulary_id", "sort_rank", "value") VALUES ('ce50f5f1-04e6-5df4-86d2-b17b6eb7cb45', 'e7161fcf-fbaf-5971-8adb-70745ae24103', 1, 'Please go and come back');
INSERT INTO "vocabulary"."spelling" ("id", "vocabulary_id", "spelling_kind_code", "value") VALUES ('ca834af2-1fdb-5e08-b313-1cce81a88421', 'e7161fcf-fbaf-5971-8adb-70745ae24103', 'HIRAGANA', 'いってらっしゃい');
INSERT INTO "vocabulary"."spelling" ("id", "vocabulary_id", "spelling_kind_code", "value") VALUES ('903391a4-0e21-5937-a89f-78afe5da8811', 'e7161fcf-fbaf-5971-8adb-70745ae24103', 'HIRAGANA', 'いってらっしゃい');
INSERT INTO "vocabulary"."linkages" ("vocabulary_id", "preferred_definition_id", "preferred_spelling_id", "phonetic_spelling_id", "alt_phonetic_spelling_id", "kanji_spelling_id", "conjugation_set_id") VALUES ('e7161fcf-fbaf-5971-8adb-70745ae24103', 'ce50f5f1-04e6-5df4-86d2-b17b6eb7cb45', 'ca834af2-1fdb-5e08-b313-1cce81a88421', '903391a4-0e21-5937-a89f-78afe5da8811', NULL, NULL, NULL);
INSERT INTO "vocabulary"."reference" ("vocabulary_id", "lesson_code") VALUES ('e7161fcf-fbaf-5971-8adb-70745ae24103', 'GENKI3_L00');
-- ただいま | I'm home --;
INSERT INTO "vocabulary"."vocabulary" ("id", "word_class_code", "conjugation_kind_code", "jlpt_level", "row_num", "tags", "date_added") VALUES ('c2a4dbcf-dba1-5e27-964f-5e2f7b358725', 'EXPRESSION', NULL, NULL, 12, '{greeting}', '2022-04-24');
INSERT INTO "vocabulary"."definition" ("id", "vocabulary_id", "sort_rank", "value") VALUES ('b2258fd8-2b05-57aa-9bcd-e77421f36eec', 'c2a4dbcf-dba1-5e27-964f-5e2f7b358725', 1, 'I''m home');
INSERT INTO "vocabulary"."spelling" ("id", "vocabulary_id", "spelling_kind_code", "value") VALUES ('efdbb88d-07df-52e2-8862-d72cfc9cb2e8', 'c2a4dbcf-dba1-5e27-964f-5e2f7b358725', 'HIRAGANA', 'ただいま');
INSERT INTO "vocabulary"."spelling" ("id", "vocabulary_id", "spelling_kind_code", "value") VALUES ('5c68c223-2e63-55ac-9b92-5c9dcd8ff833', 'c2a4dbcf-dba1-5e27-964f-5e2f7b358725', 'HIRAGANA', 'ただいま');
INSERT INTO "vocabulary"."linkages" ("vocabulary_id", "preferred_definition_id", "preferred_spelling_id", "phonetic_spelling_id", "alt_phonetic_spelling_id", "kanji_spelling_id", "conjugation_set_id") VALUES ('c2a4dbcf-dba1-5e27-964f-5e2f7b358725', 'b2258fd8-2b05-57aa-9bcd-e77421f36eec', 'efdbb88d-07df-52e2-8862-d72cfc9cb2e8', '5c68c223-2e63-55ac-9b92-5c9dcd8ff833', NULL, NULL, NULL);
INSERT INTO "vocabulary"."reference" ("vocabulary_id", "lesson_code") VALUES ('c2a4dbcf-dba1-5e27-964f-5e2f7b358725', 'GENKI3_L00');
-- お帰り | Welcome home --;
INSERT INTO "vocabulary"."vocabulary" ("id", "word_class_code", "conjugation_kind_code", "jlpt_level", "row_num", "tags", "date_added") VALUES ('b06abb09-c9bd-5beb-a7b7-d184bedf72ca', 'EXPRESSION', NULL, 2, 13, '{greeting}', '2022-04-24');
INSERT INTO "vocabulary"."definition" ("id", "vocabulary_id", "sort_rank", "value") VALUES ('9d7f69ac-2396-5453-a104-e3e18b44fba6', 'b06abb09-c9bd-5beb-a7b7-d184bedf72ca', 1, 'Welcome home');
INSERT INTO "vocabulary"."spelling" ("id", "vocabulary_id", "spelling_kind_code", "value") VALUES ('1e7117d3-2abe-5a1e-b26e-04d143cd4d4d', 'b06abb09-c9bd-5beb-a7b7-d184bedf72ca', 'KANJI', 'お帰り');
INSERT INTO "vocabulary"."spelling" ("id", "vocabulary_id", "spelling_kind_code", "value") VALUES ('3ea06def-86a5-5901-ab6d-a72fd01efb60', 'b06abb09-c9bd-5beb-a7b7-d184bedf72ca', 'HIRAGANA', 'おかえり');
INSERT INTO "vocabulary"."spelling" ("id", "vocabulary_id", "spelling_kind_code", "value") VALUES ('f3c38c78-0c7c-5d6b-82fe-c994d0faccad', 'b06abb09-c9bd-5beb-a7b7-d184bedf72ca', 'KANJI', 'お帰り');
INSERT INTO "vocabulary"."linkages" ("vocabulary_id", "preferred_definition_id", "preferred_spelling_id", "phonetic_spelling_id", "alt_phonetic_spelling_id", "kanji_spelling_id", "conjugation_set_id") VALUES ('b06abb09-c9bd-5beb-a7b7-d184bedf72ca', '9d7f69ac-2396-5453-a104-e3e18b44fba6', '1e7117d3-2abe-5a1e-b26e-04d143cd4d4d', '3ea06def-86a5-5901-ab6d-a72fd01efb60', NULL, 'f3c38c78-0c7c-5d6b-82fe-c994d0faccad', NULL);
INSERT INTO "vocabulary"."reference" ("vocabulary_id", "lesson_code") VALUES ('b06abb09-c9bd-5beb-a7b7-d184bedf72ca', 'GENKI3_L00');
-- お帰りなさい | Welcome home (polite) --;
INSERT INTO "vocabulary"."vocabulary" ("id", "word_class_code", "conjugation_kind_code", "jlpt_level", "row_num", "tags", "date_added") VALUES ('47b08527-885b-50bb-b538-180dc308199a', 'EXPRESSION', NULL, NULL, 14, '{greeting}', '2022-04-24');
INSERT INTO "vocabulary"."definition" ("id", "vocabulary_id", "sort_rank", "value") VALUES ('fe2a0102-4c79-5261-b46a-5d34f0c2faa6', '47b08527-885b-50bb-b538-180dc308199a', 1, 'Welcome home (polite)');
INSERT INTO "vocabulary"."spelling" ("id", "vocabulary_id", "spelling_kind_code", "value") VALUES ('bd8340ae-5486-554e-b8e0-d743cd3d2ca5', '47b08527-885b-50bb-b538-180dc308199a', 'KANJI', 'お帰りなさい');
INSERT INTO "vocabulary"."spelling" ("id", "vocabulary_id", "spelling_kind_code", "value") VALUES ('b8fa717b-1272-5beb-b251-358d829bf7f1', '47b08527-885b-50bb-b538-180dc308199a', 'HIRAGANA', 'おかえりなさい');
INSERT INTO "vocabulary"."spelling" ("id", "vocabulary_id", "spelling_kind_code", "value") VALUES ('426413f3-1398-5a28-9214-1bfc3b2f01ae', '47b08527-885b-50bb-b538-180dc308199a', 'KANJI', 'お帰りなさい');
INSERT INTO "vocabulary"."linkages" ("vocabulary_id", "preferred_definition_id", "preferred_spelling_id", "phonetic_spelling_id", "alt_phonetic_spelling_id", "kanji_spelling_id", "conjugation_set_id") VALUES ('47b08527-885b-50bb-b538-180dc308199a', 'fe2a0102-4c79-5261-b46a-5d34f0c2faa6', 'bd8340ae-5486-554e-b8e0-d743cd3d2ca5', 'b8fa717b-1272-5beb-b251-358d829bf7f1', NULL, '426413f3-1398-5a28-9214-1bfc3b2f01ae', NULL);
INSERT INTO "vocabulary"."reference" ("vocabulary_id", "lesson_code") VALUES ('47b08527-885b-50bb-b538-180dc308199a', 'GENKI3_L00');
-- いただきます | Thank you for the meal (before) --;
INSERT INTO "vocabulary"."vocabulary" ("id", "word_class_code", "conjugation_kind_code", "jlpt_level", "row_num", "tags", "date_added") VALUES ('797b03e3-1495-52c0-baf4-ffb9cb324089', 'EXPRESSION', NULL, 3, 15, '{greeting}', '2022-04-24');
INSERT INTO "vocabulary"."definition" ("id", "vocabulary_id", "sort_rank", "value") VALUES ('89f757af-5950-52ca-bf5f-74eed857f0a6', '797b03e3-1495-52c0-baf4-ffb9cb324089', 1, 'Thank you for the meal (before)');
INSERT INTO "vocabulary"."spelling" ("id", "vocabulary_id", "spelling_kind_code", "value") VALUES ('4357718a-3d83-547d-938b-8b622f70f0a5', '797b03e3-1495-52c0-baf4-ffb9cb324089', 'HIRAGANA', 'いただきます');
INSERT INTO "vocabulary"."spelling" ("id", "vocabulary_id", "spelling_kind_code", "value") VALUES ('bf9bd497-7acb-5297-a5c7-43907ffec75a', '797b03e3-1495-52c0-baf4-ffb9cb324089', 'HIRAGANA', 'いただきます');
INSERT INTO "vocabulary"."linkages" ("vocabulary_id", "preferred_definition_id", "preferred_spelling_id", "phonetic_spelling_id", "alt_phonetic_spelling_id", "kanji_spelling_id", "conjugation_set_id") VALUES ('797b03e3-1495-52c0-baf4-ffb9cb324089', '89f757af-5950-52ca-bf5f-74eed857f0a6', '4357718a-3d83-547d-938b-8b622f70f0a5', 'bf9bd497-7acb-5297-a5c7-43907ffec75a', NULL, NULL, NULL);
INSERT INTO "vocabulary"."reference" ("vocabulary_id", "lesson_code") VALUES ('797b03e3-1495-52c0-baf4-ffb9cb324089', 'GENKI3_L00');
-- ごちそうさま | Thank you for the meal (after) --;
INSERT INTO "vocabulary"."vocabulary" ("id", "word_class_code", "conjugation_kind_code", "jlpt_level", "row_num", "tags", "date_added") VALUES ('59bad243-8b31-54f3-9d7b-6de0961bc059', 'EXPRESSION', NULL, 2, 16, '{greeting}', '2022-04-24');
INSERT INTO "vocabulary"."definition" ("id", "vocabulary_id", "sort_rank", "value") VALUES ('a142b920-5a2b-5c83-ac9c-151296952336', '59bad243-8b31-54f3-9d7b-6de0961bc059', 1, 'Thank you for the meal (after)');
INSERT INTO "vocabulary"."spelling" ("id", "vocabulary_id", "spelling_kind_code", "value") VALUES ('9e5a2026-3eef-58f0-8162-b1129ac77c5e', '59bad243-8b31-54f3-9d7b-6de0961bc059', 'HIRAGANA', 'ごちそうさま');
INSERT INTO "vocabulary"."spelling" ("id", "vocabulary_id", "spelling_kind_code", "value") VALUES ('a11d2a9a-7b54-5664-b632-5cf4ec90575e', '59bad243-8b31-54f3-9d7b-6de0961bc059', 'HIRAGANA', 'ごちそうさま');
INSERT INTO "vocabulary"."linkages" ("vocabulary_id", "preferred_definition_id", "preferred_spelling_id", "phonetic_spelling_id", "alt_phonetic_spelling_id", "kanji_spelling_id", "conjugation_set_id") VALUES ('59bad243-8b31-54f3-9d7b-6de0961bc059', 'a142b920-5a2b-5c83-ac9c-151296952336', '9e5a2026-3eef-58f0-8162-b1129ac77c5e', 'a11d2a9a-7b54-5664-b632-5cf4ec90575e', NULL, NULL, NULL);
INSERT INTO "vocabulary"."reference" ("vocabulary_id", "lesson_code") VALUES ('59bad243-8b31-54f3-9d7b-6de0961bc059', 'GENKI3_L00');
-- ごちそうさまでした | Thank you for the meal (after, polite) --;
INSERT INTO "vocabulary"."vocabulary" ("id", "word_class_code", "conjugation_kind_code", "jlpt_level", "row_num", "tags", "date_added") VALUES ('05436324-1858-5a2f-a2a1-a41d00f862cc', 'EXPRESSION', NULL, NULL, 17, '{greeting}', '2022-04-24');
INSERT INTO "vocabulary"."definition" ("id", "vocabulary_id", "sort_rank", "value") VALUES ('943dadce-c1a8-5830-a419-8b998a94181c', '05436324-1858-5a2f-a2a1-a41d00f862cc', 1, 'Thank you for the meal (after, polite)');
INSERT INTO "vocabulary"."spelling" ("id", "vocabulary_id", "spelling_kind_code", "value") VALUES ('7ce3a75b-b88e-52d7-832d-a7a97e19689a', '05436324-1858-5a2f-a2a1-a41d00f862cc', 'HIRAGANA', 'ごちそうさまでした');
INSERT INTO "vocabulary"."spelling" ("id", "vocabulary_id", "spelling_kind_code", "value") VALUES ('0f8516b4-ccbf-5523-804c-4bd83acdd8c5', '05436324-1858-5a2f-a2a1-a41d00f862cc', 'HIRAGANA', 'ごちそうさまでした');
INSERT INTO "vocabulary"."linkages" ("vocabulary_id", "preferred_definition_id", "preferred_spelling_id", "phonetic_spelling_id", "alt_phonetic_spelling_id", "kanji_spelling_id", "conjugation_set_id") VALUES ('05436324-1858-5a2f-a2a1-a41d00f862cc', '943dadce-c1a8-5830-a419-8b998a94181c', '7ce3a75b-b88e-52d7-832d-a7a97e19689a', '0f8516b4-ccbf-5523-804c-4bd83acdd8c5', NULL, NULL, NULL);
INSERT INTO "vocabulary"."reference" ("vocabulary_id", "lesson_code") VALUES ('05436324-1858-5a2f-a2a1-a41d00f862cc', 'GENKI3_L00');
-- はじめまして | How do you do?; I am glad to meet you --;
INSERT INTO "vocabulary"."vocabulary" ("id", "word_class_code", "conjugation_kind_code", "jlpt_level", "row_num", "tags", "date_added") VALUES ('136d6d6d-0487-5709-ac27-2c376bfebd43', 'EXPRESSION', NULL, 2, 18, '{greeting}', '2022-04-24');
INSERT INTO "vocabulary"."definition" ("id", "vocabulary_id", "sort_rank", "value") VALUES ('c7b7cce0-557c-5548-881e-df6b2492a2f1', '136d6d6d-0487-5709-ac27-2c376bfebd43', 1, 'How do you do?; I am glad to meet you');
INSERT INTO "vocabulary"."spelling" ("id", "vocabulary_id", "spelling_kind_code", "value") VALUES ('668e94d7-86e5-53e2-8c11-a18271e158d5', '136d6d6d-0487-5709-ac27-2c376bfebd43', 'HIRAGANA', 'はじめまして');
INSERT INTO "vocabulary"."spelling" ("id", "vocabulary_id", "spelling_kind_code", "value") VALUES ('0c8d3999-99c8-5935-a9f2-d9738961553d', '136d6d6d-0487-5709-ac27-2c376bfebd43', 'HIRAGANA', 'はじめまして');
INSERT INTO "vocabulary"."spelling" ("id", "vocabulary_id", "spelling_kind_code", "value") VALUES ('45e94d7b-c636-5dda-b173-2d3c4b4c4c2b', '136d6d6d-0487-5709-ac27-2c376bfebd43', 'KANJI', '初めまして');
INSERT INTO "vocabulary"."linkages" ("vocabulary_id", "preferred_definition_id", "preferred_spelling_id", "phonetic_spelling_id", "alt_phonetic_spelling_id", "kanji_spelling_id", "conjugation_set_id") VALUES ('136d6d6d-0487-5709-ac27-2c376bfebd43', 'c7b7cce0-557c-5548-881e-df6b2492a2f1', '668e94d7-86e5-53e2-8c11-a18271e158d5', '0c8d3999-99c8-5935-a9f2-d9738961553d', NULL, '45e94d7b-c636-5dda-b173-2d3c4b4c4c2b', NULL);
INSERT INTO "vocabulary"."reference" ("vocabulary_id", "lesson_code") VALUES ('136d6d6d-0487-5709-ac27-2c376bfebd43', 'GENKI3_L00');
-- よろしくお願いします | Nice to meet you; i'm counting on you --;
INSERT INTO "vocabulary"."vocabulary" ("id", "word_class_code", "conjugation_kind_code", "jlpt_level", "row_num", "tags", "date_added") VALUES ('ddd5fd1f-f041-576c-a479-d8d9a3221370', 'EXPRESSION', NULL, NULL, 19, '{greeting}', '2022-04-24');
INSERT INTO "vocabulary"."definition" ("id", "vocabulary_id", "sort_rank", "value") VALUES ('fbea741e-2b2f-55c4-a1d8-7ca9f83bb4e9', 'ddd5fd1f-f041-576c-a479-d8d9a3221370', 1, 'Nice to meet you; i''m counting on you');
INSERT INTO "vocabulary"."spelling" ("id", "vocabulary_id", "spelling_kind_code", "value") VALUES ('54a968bc-afcc-5e43-b6b6-b3d2bd46eeba', 'ddd5fd1f-f041-576c-a479-d8d9a3221370', 'KANJI', 'よろしくお願いします');
INSERT INTO "vocabulary"."spelling" ("id", "vocabulary_id", "spelling_kind_code", "value") VALUES ('055f52ac-d788-5eb7-bc2b-7845353e85f5', 'ddd5fd1f-f041-576c-a479-d8d9a3221370', 'HIRAGANA', 'よろしくおねがいします');
INSERT INTO "vocabulary"."spelling" ("id", "vocabulary_id", "spelling_kind_code", "value") VALUES ('9113cfe5-2b13-5f85-ac06-8a5f82ac16fa', 'ddd5fd1f-f041-576c-a479-d8d9a3221370', 'KANJI', 'よろしくお願いします');
INSERT INTO "vocabulary"."linkages" ("vocabulary_id", "preferred_definition_id", "preferred_spelling_id", "phonetic_spelling_id", "alt_phonetic_spelling_id", "kanji_spelling_id", "conjugation_set_id") VALUES ('ddd5fd1f-f041-576c-a479-d8d9a3221370', 'fbea741e-2b2f-55c4-a1d8-7ca9f83bb4e9', '54a968bc-afcc-5e43-b6b6-b3d2bd46eeba', '055f52ac-d788-5eb7-bc2b-7845353e85f5', NULL, '9113cfe5-2b13-5f85-ac06-8a5f82ac16fa', NULL);
INSERT INTO "vocabulary"."reference" ("vocabulary_id", "lesson_code") VALUES ('ddd5fd1f-f041-576c-a479-d8d9a3221370', 'GENKI3_L00');
-- だ | be; is (coupala) --;
INSERT INTO "vocabulary"."vocabulary" ("id", "word_class_code", "conjugation_kind_code", "jlpt_level", "row_num", "tags", "date_added") VALUES ('0d8e1494-cfe2-43ab-b06e-31ad060eec1a', 'VERB', 'IRREGULAR_VERB', NULL, 20, '{}', '2022-10-09');
INSERT INTO "vocabulary"."definition" ("id", "vocabulary_id", "sort_rank", "value") VALUES ('6b2c6f9d-77f7-5c31-b1a2-13c0d0566878', '0d8e1494-cfe2-43ab-b06e-31ad060eec1a', 1, 'be; is (coupala)');
INSERT INTO "vocabulary"."spelling" ("id", "vocabulary_id", "spelling_kind_code", "value") VALUES ('985306f4-9f6b-5364-b9c2-98a5b9edda42', '0d8e1494-cfe2-43ab-b06e-31ad060eec1a', 'HIRAGANA', 'だ');
INSERT INTO "vocabulary"."spelling" ("id", "vocabulary_id", "spelling_kind_code", "value") VALUES ('e1438f31-559b-52f2-a383-8f448ed05580', '0d8e1494-cfe2-43ab-b06e-31ad060eec1a', 'HIRAGANA', 'だ');
INSERT INTO "vocabulary"."conjugation_set" ("id", "vocabulary_id") VALUES ('fca92734-1609-5387-b5c0-f6afcd28defb', '0d8e1494-cfe2-43ab-b06e-31ad060eec1a');
INSERT INTO "vocabulary"."linkages" ("vocabulary_id", "preferred_definition_id", "preferred_spelling_id", "phonetic_spelling_id", "alt_phonetic_spelling_id", "kanji_spelling_id", "conjugation_set_id") VALUES ('0d8e1494-cfe2-43ab-b06e-31ad060eec1a', '6b2c6f9d-77f7-5c31-b1a2-13c0d0566878', '985306f4-9f6b-5364-b9c2-98a5b9edda42', 'e1438f31-559b-52f2-a383-8f448ed05580', NULL, NULL, 'fca92734-1609-5387-b5c0-f6afcd28defb');
INSERT INTO "vocabulary"."conjugation" ("id", "conjugation_set_id", "politeness_code", "charge_code", "form_code", "sort_rank", "value") VALUES ('f6a87711-8ee7-5677-9f38-14f566474fd8', 'fca92734-1609-5387-b5c0-f6afcd28defb', 'PLAIN', 'POSITIVE', 'PRESENT', 1, 'だ');
INSERT INTO "vocabulary"."conjugation" ("id", "conjugation_set_id", "politeness_code", "charge_code", "form_code", "sort_rank", "value") VALUES ('9b5bf850-b3d6-5397-b357-3161f06835e9', 'fca92734-1609-5387-b5c0-f6afcd28defb', 'PLAIN', 'POSITIVE', 'PAST', 1, 'だった');
INSERT INTO "vocabulary"."conjugation" ("id", "conjugation_set_id", "politeness_code", "charge_code", "form_code", "sort_rank", "value") VALUES ('db805ecd-fe70-58a7-b269-e3776895f2f0', 'fca92734-1609-5387-b5c0-f6afcd28defb', 'PLAIN', 'POSITIVE', 'TE', 1, 'で');
INSERT INTO "vocabulary"."conjugation" ("id", "conjugation_set_id", "politeness_code", "charge_code", "form_code", "sort_rank", "value") VALUES ('b358ed4e-b65b-5bdb-a818-04249944bc68', 'fca92734-1609-5387-b5c0-f6afcd28defb', 'PLAIN', 'NEGATIVE', 'PRESENT', 1, 'じゃない');
INSERT INTO "vocabulary"."conjugation" ("id", "conjugation_set_id", "politeness_code", "charge_code", "form_code", "sort_rank", "value") VALUES ('926de079-942f-5d14-81fd-73af15ce35b4', 'fca92734-1609-5387-b5c0-f6afcd28defb', 'PLAIN', 'NEGATIVE', 'PAST', 1, 'じゃなかった');
INSERT INTO "vocabulary"."conjugation" ("id", "conjugation_set_id", "politeness_code", "charge_code", "form_code", "sort_rank", "value") VALUES ('8816aa46-3539-5c1e-8725-fc4f110dde39', 'fca92734-1609-5387-b5c0-f6afcd28defb', 'POLITE', 'POSITIVE', 'PRESENT', 1, 'です');
INSERT INTO "vocabulary"."conjugation" ("id", "conjugation_set_id", "politeness_code", "charge_code", "form_code", "sort_rank", "value") VALUES ('6cb07ec0-6f49-5fa8-8935-268e2da970cf', 'fca92734-1609-5387-b5c0-f6afcd28defb', 'POLITE', 'POSITIVE', 'PAST', 1, 'でした');
INSERT INTO "vocabulary"."conjugation" ("id", "conjugation_set_id", "politeness_code", "charge_code", "form_code", "sort_rank", "value") VALUES ('5b36f7f8-9567-5dd2-b192-c43f0e8a7550', 'fca92734-1609-5387-b5c0-f6afcd28defb', 'POLITE', 'POSITIVE', 'TE', 1, 'でありまして');
INSERT INTO "vocabulary"."conjugation" ("id", "conjugation_set_id", "politeness_code", "charge_code", "form_code", "sort_rank", "value") VALUES ('c153c311-6771-5751-ac64-ac45a3e131f5', 'fca92734-1609-5387-b5c0-f6afcd28defb', 'POLITE', 'NEGATIVE', 'PRESENT', 1, 'じゃないです');
INSERT INTO "vocabulary"."conjugation" ("id", "conjugation_set_id", "politeness_code", "charge_code", "form_code", "sort_rank", "value") VALUES ('32b5c6b3-f7c7-5fe0-8cfd-a5d9948d422a', 'fca92734-1609-5387-b5c0-f6afcd28defb', 'POLITE', 'NEGATIVE', 'PAST', 1, 'じゃないかったです');
-- 大学 | college; university --;
INSERT INTO "vocabulary"."vocabulary" ("id", "word_class_code", "conjugation_kind_code", "jlpt_level", "row_num", "tags", "date_added") VALUES ('d43cc787-37af-5dd1-92b5-fc756f18298a', 'NOUN', NULL, 5, 21, '{place,school}', '2022-04-24');
INSERT INTO "vocabulary"."definition" ("id", "vocabulary_id", "sort_rank", "value") VALUES ('675778cc-ee97-5655-a9f2-b59e573c7c80', 'd43cc787-37af-5dd1-92b5-fc756f18298a', 1, 'college; university');
INSERT INTO "vocabulary"."spelling" ("id", "vocabulary_id", "spelling_kind_code", "value") VALUES ('84318d00-af9c-5558-9f64-59264f347a24', 'd43cc787-37af-5dd1-92b5-fc756f18298a', 'KANJI', '大学');
INSERT INTO "vocabulary"."spelling" ("id", "vocabulary_id", "spelling_kind_code", "value") VALUES ('dcbd9b62-71be-53e8-be5b-290789559267', 'd43cc787-37af-5dd1-92b5-fc756f18298a', 'HIRAGANA', 'だいがく');
INSERT INTO "vocabulary"."spelling" ("id", "vocabulary_id", "spelling_kind_code", "value") VALUES ('24acf78c-13ad-514c-845f-44742996453b', 'd43cc787-37af-5dd1-92b5-fc756f18298a', 'KANJI', '大学');
INSERT INTO "vocabulary"."linkages" ("vocabulary_id", "preferred_definition_id", "preferred_spelling_id", "phonetic_spelling_id", "alt_phonetic_spelling_id", "kanji_spelling_id", "conjugation_set_id") VALUES ('d43cc787-37af-5dd1-92b5-fc756f18298a', '675778cc-ee97-5655-a9f2-b59e573c7c80', '84318d00-af9c-5558-9f64-59264f347a24', 'dcbd9b62-71be-53e8-be5b-290789559267', NULL, '24acf78c-13ad-514c-845f-44742996453b', NULL);
INSERT INTO "vocabulary"."reference" ("vocabulary_id", "lesson_code") VALUES ('d43cc787-37af-5dd1-92b5-fc756f18298a', 'DUO_02_05');
INSERT INTO "vocabulary"."reference" ("vocabulary_id", "lesson_code") VALUES ('d43cc787-37af-5dd1-92b5-fc756f18298a', 'DUO_U08');
INSERT INTO "vocabulary"."reference" ("vocabulary_id", "lesson_code") VALUES ('d43cc787-37af-5dd1-92b5-fc756f18298a', 'GENKI3_L01');
-- 高校 | high school --;
INSERT INTO "vocabulary"."vocabulary" ("id", "word_class_code", "conjugation_kind_code", "jlpt_level", "row_num", "tags", "date_added") VALUES ('3c890a54-15f9-56e1-9bd5-3c91274b6246', 'NOUN', NULL, 4, 22, '{place,school}', '2022-04-24');
INSERT INTO "vocabulary"."definition" ("id", "vocabulary_id", "sort_rank", "value") VALUES ('087dba10-cab8-5bac-8648-62625261a1a2', '3c890a54-15f9-56e1-9bd5-3c91274b6246', 1, 'high school');
INSERT INTO "vocabulary"."spelling" ("id", "vocabulary_id", "spelling_kind_code", "value") VALUES ('12ab0194-8009-5072-a6f5-971bf3ada176', '3c890a54-15f9-56e1-9bd5-3c91274b6246', 'KANJI', '高校');
INSERT INTO "vocabulary"."spelling" ("id", "vocabulary_id", "spelling_kind_code", "value") VALUES ('3ad75bcc-08ea-5879-85e8-f37672bb1ecc', '3c890a54-15f9-56e1-9bd5-3c91274b6246', 'HIRAGANA', 'こうこう');
INSERT INTO "vocabulary"."spelling" ("id", "vocabulary_id", "spelling_kind_code", "value") VALUES ('a4483db0-e567-5cd1-88b0-f9a47d273aa5', '3c890a54-15f9-56e1-9bd5-3c91274b6246', 'KANJI', '高校');
INSERT INTO "vocabulary"."linkages" ("vocabulary_id", "preferred_definition_id", "preferred_spelling_id", "phonetic_spelling_id", "alt_phonetic_spelling_id", "kanji_spelling_id", "conjugation_set_id") VALUES ('3c890a54-15f9-56e1-9bd5-3c91274b6246', '087dba10-cab8-5bac-8648-62625261a1a2', '12ab0194-8009-5072-a6f5-971bf3ada176', '3ad75bcc-08ea-5879-85e8-f37672bb1ecc', NULL, 'a4483db0-e567-5cd1-88b0-f9a47d273aa5', NULL);
INSERT INTO "vocabulary"."reference" ("vocabulary_id", "lesson_code") VALUES ('3c890a54-15f9-56e1-9bd5-3c91274b6246', 'DUO_02_05');
INSERT INTO "vocabulary"."reference" ("vocabulary_id", "lesson_code") VALUES ('3c890a54-15f9-56e1-9bd5-3c91274b6246', 'DUO_U08');
INSERT INTO "vocabulary"."reference" ("vocabulary_id", "lesson_code") VALUES ('3c890a54-15f9-56e1-9bd5-3c91274b6246', 'GENKI3_L01');
-- 学生 | student --;
INSERT INTO "vocabulary"."vocabulary" ("id", "word_class_code", "conjugation_kind_code", "jlpt_level", "row_num", "tags", "date_added") VALUES ('6de86986-05ed-58da-a055-9d49c89f7a06', 'NOUN', NULL, 5, 23, '{school}', '2022-04-24');
INSERT INTO "vocabulary"."definition" ("id", "vocabulary_id", "sort_rank", "value") VALUES ('4d9dcd57-7352-54a1-9b21-412bfe04fc6a', '6de86986-05ed-58da-a055-9d49c89f7a06', 1, 'student');
INSERT INTO "vocabulary"."spelling" ("id", "vocabulary_id", "spelling_kind_code", "value") VALUES ('2b7934e1-b891-5a6c-960a-e709b469badf', '6de86986-05ed-58da-a055-9d49c89f7a06', 'KANJI', '学生');
INSERT INTO "vocabulary"."spelling" ("id", "vocabulary_id", "spelling_kind_code", "value") VALUES ('26222038-0ad6-5148-b113-a73129c12976', '6de86986-05ed-58da-a055-9d49c89f7a06', 'HIRAGANA', 'がくせい');
INSERT INTO "vocabulary"."spelling" ("id", "vocabulary_id", "spelling_kind_code", "value") VALUES ('bc105037-03eb-5976-9732-7fe7fb524d77', '6de86986-05ed-58da-a055-9d49c89f7a06', 'KANJI', '学生');
INSERT INTO "vocabulary"."linkages" ("vocabulary_id", "preferred_definition_id", "preferred_spelling_id", "phonetic_spelling_id", "alt_phonetic_spelling_id", "kanji_spelling_id", "conjugation_set_id") VALUES ('6de86986-05ed-58da-a055-9d49c89f7a06', '4d9dcd57-7352-54a1-9b21-412bfe04fc6a', '2b7934e1-b891-5a6c-960a-e709b469badf', '26222038-0ad6-5148-b113-a73129c12976', NULL, 'bc105037-03eb-5976-9732-7fe7fb524d77', NULL);
INSERT INTO "vocabulary"."reference" ("vocabulary_id", "lesson_code") VALUES ('6de86986-05ed-58da-a055-9d49c89f7a06', 'GENKI3_L01');
-- 大学生 | college student; university student --;
INSERT INTO "vocabulary"."vocabulary" ("id", "word_class_code", "conjugation_kind_code", "jlpt_level", "row_num", "tags", "date_added") VALUES ('d1cb9e5b-6cc5-5339-b33d-4e948229156e', 'NOUN', NULL, 4, 24, '{school}', '2022-04-24');
INSERT INTO "vocabulary"."definition" ("id", "vocabulary_id", "sort_rank", "value") VALUES ('b56535be-d189-5dfa-b940-7e213aec4397', 'd1cb9e5b-6cc5-5339-b33d-4e948229156e', 1, 'college student; university student');
INSERT INTO "vocabulary"."spelling" ("id", "vocabulary_id", "spelling_kind_code", "value") VALUES ('c9a38e56-4e89-5053-b874-b62c7f1bc4f3', 'd1cb9e5b-6cc5-5339-b33d-4e948229156e', 'KANJI', '大学生');
INSERT INTO "vocabulary"."spelling" ("id", "vocabulary_id", "spelling_kind_code", "value") VALUES ('41767f12-968d-515d-8127-7afedd99e0fd', 'd1cb9e5b-6cc5-5339-b33d-4e948229156e', 'HIRAGANA', 'だいがくせい');
INSERT INTO "vocabulary"."spelling" ("id", "vocabulary_id", "spelling_kind_code", "value") VALUES ('199a5eb4-55ed-5805-97f8-5cee8f61e232', 'd1cb9e5b-6cc5-5339-b33d-4e948229156e', 'KANJI', '大学生');
INSERT INTO "vocabulary"."linkages" ("vocabulary_id", "preferred_definition_id", "preferred_spelling_id", "phonetic_spelling_id", "alt_phonetic_spelling_id", "kanji_spelling_id", "conjugation_set_id") VALUES ('d1cb9e5b-6cc5-5339-b33d-4e948229156e', 'b56535be-d189-5dfa-b940-7e213aec4397', 'c9a38e56-4e89-5053-b874-b62c7f1bc4f3', '41767f12-968d-515d-8127-7afedd99e0fd', NULL, '199a5eb4-55ed-5805-97f8-5cee8f61e232', NULL);
INSERT INTO "vocabulary"."reference" ("vocabulary_id", "lesson_code") VALUES ('d1cb9e5b-6cc5-5339-b33d-4e948229156e', 'DUO_02_05');
INSERT INTO "vocabulary"."reference" ("vocabulary_id", "lesson_code") VALUES ('d1cb9e5b-6cc5-5339-b33d-4e948229156e', 'DUO_U08');
INSERT INTO "vocabulary"."reference" ("vocabulary_id", "lesson_code") VALUES ('d1cb9e5b-6cc5-5339-b33d-4e948229156e', 'GENKI3_L01');
-- 留学生 | international student; foreign exchange student --;
INSERT INTO "vocabulary"."vocabulary" ("id", "word_class_code", "conjugation_kind_code", "jlpt_level", "row_num", "tags", "date_added") VALUES ('efe5fea4-0476-5328-bd18-2a469a8b6c3e', 'NOUN', NULL, 5, 25, '{school}', '2022-04-24');
INSERT INTO "vocabulary"."definition" ("id", "vocabulary_id", "sort_rank", "value") VALUES ('a61a02da-0fac-5a7b-be79-fdc870361426', 'efe5fea4-0476-5328-bd18-2a469a8b6c3e', 1, 'international student; foreign exchange student');
INSERT INTO "vocabulary"."spelling" ("id", "vocabulary_id", "spelling_kind_code", "value") VALUES ('43835f7a-0c7c-5451-a45a-976b27b0414d', 'efe5fea4-0476-5328-bd18-2a469a8b6c3e', 'KANJI', '留学生');
INSERT INTO "vocabulary"."spelling" ("id", "vocabulary_id", "spelling_kind_code", "value") VALUES ('80335d91-b032-5a73-aabc-5932e1b1e8d5', 'efe5fea4-0476-5328-bd18-2a469a8b6c3e', 'HIRAGANA', 'りゅうがくせい');
INSERT INTO "vocabulary"."spelling" ("id", "vocabulary_id", "spelling_kind_code", "value") VALUES ('3b66f913-98df-51f4-b2c2-46a4cb254725', 'efe5fea4-0476-5328-bd18-2a469a8b6c3e', 'KANJI', '留学生');
INSERT INTO "vocabulary"."linkages" ("vocabulary_id", "preferred_definition_id", "preferred_spelling_id", "phonetic_spelling_id", "alt_phonetic_spelling_id", "kanji_spelling_id", "conjugation_set_id") VALUES ('efe5fea4-0476-5328-bd18-2a469a8b6c3e', 'a61a02da-0fac-5a7b-be79-fdc870361426', '43835f7a-0c7c-5451-a45a-976b27b0414d', '80335d91-b032-5a73-aabc-5932e1b1e8d5', NULL, '3b66f913-98df-51f4-b2c2-46a4cb254725', NULL);
INSERT INTO "vocabulary"."reference" ("vocabulary_id", "lesson_code") VALUES ('efe5fea4-0476-5328-bd18-2a469a8b6c3e', 'DUO_02_05');
INSERT INTO "vocabulary"."reference" ("vocabulary_id", "lesson_code") VALUES ('efe5fea4-0476-5328-bd18-2a469a8b6c3e', 'DUO_U08');
INSERT INTO "vocabulary"."reference" ("vocabulary_id", "lesson_code") VALUES ('efe5fea4-0476-5328-bd18-2a469a8b6c3e', 'GENKI3_L01');
-- 先生 | teacher; professor --;
INSERT INTO "vocabulary"."vocabulary" ("id", "word_class_code", "conjugation_kind_code", "jlpt_level", "row_num", "tags", "date_added") VALUES ('c21b42a5-1ef1-51cf-9402-199d2b562a47', 'NOUN', NULL, 5, 26, '{school}', '2022-04-24');
INSERT INTO "vocabulary"."definition" ("id", "vocabulary_id", "sort_rank", "value") VALUES ('69d5dba2-14e1-59fe-8267-61c3b1702d59', 'c21b42a5-1ef1-51cf-9402-199d2b562a47', 1, 'teacher; professor');
INSERT INTO "vocabulary"."spelling" ("id", "vocabulary_id", "spelling_kind_code", "value") VALUES ('34b590ec-9f79-5628-a718-1281ae00bad6', 'c21b42a5-1ef1-51cf-9402-199d2b562a47', 'KANJI', '先生');
INSERT INTO "vocabulary"."spelling" ("id", "vocabulary_id", "spelling_kind_code", "value") VALUES ('e9999ab3-e20b-55bb-8913-daaf1cb5d4b0', 'c21b42a5-1ef1-51cf-9402-199d2b562a47', 'HIRAGANA', 'せんせい');
INSERT INTO "vocabulary"."spelling" ("id", "vocabulary_id", "spelling_kind_code", "value") VALUES ('ded4530d-34ab-5dc6-ab08-3995cb3e64c4', 'c21b42a5-1ef1-51cf-9402-199d2b562a47', 'KANJI', '先生');
INSERT INTO "vocabulary"."linkages" ("vocabulary_id", "preferred_definition_id", "preferred_spelling_id", "phonetic_spelling_id", "alt_phonetic_spelling_id", "kanji_spelling_id", "conjugation_set_id") VALUES ('c21b42a5-1ef1-51cf-9402-199d2b562a47', '69d5dba2-14e1-59fe-8267-61c3b1702d59', '34b590ec-9f79-5628-a718-1281ae00bad6', 'e9999ab3-e20b-55bb-8913-daaf1cb5d4b0', NULL, 'ded4530d-34ab-5dc6-ab08-3995cb3e64c4', NULL);
INSERT INTO "vocabulary"."reference" ("vocabulary_id", "lesson_code") VALUES ('c21b42a5-1ef1-51cf-9402-199d2b562a47', 'GENKI3_L01');
-- 〜年生 | ...year student --;
INSERT INTO "vocabulary"."vocabulary" ("id", "word_class_code", "conjugation_kind_code", "jlpt_level", "row_num", "tags", "date_added") VALUES ('057a7cd1-f1a6-50e2-8449-3b6f04c67305', 'NOUN', NULL, 1, 27, '{school}', '2022-04-24');
INSERT INTO "vocabulary"."definition" ("id", "vocabulary_id", "sort_rank", "value") VALUES ('af05748d-e186-5a5f-8dab-e2c217d7e6f5', '057a7cd1-f1a6-50e2-8449-3b6f04c67305', 1, '...year student');
INSERT INTO "vocabulary"."spelling" ("id", "vocabulary_id", "spelling_kind_code", "value") VALUES ('d62c305c-34a9-5945-bf4d-cafae51a2dd6', '057a7cd1-f1a6-50e2-8449-3b6f04c67305', 'KANJI', '〜年生');
INSERT INTO "vocabulary"."spelling" ("id", "vocabulary_id", "spelling_kind_code", "value") VALUES ('f5335306-2599-5286-bf75-cd3c6d03262e', '057a7cd1-f1a6-50e2-8449-3b6f04c67305', 'HIRAGANA', '〜ねんせい');
INSERT INTO "vocabulary"."spelling" ("id", "vocabulary_id", "spelling_kind_code", "value") VALUES ('dc42a680-aba7-5ae7-9e8f-88061ed4466f', '057a7cd1-f1a6-50e2-8449-3b6f04c67305', 'KANJI', '〜年生');
INSERT INTO "vocabulary"."linkages" ("vocabulary_id", "preferred_definition_id", "preferred_spelling_id", "phonetic_spelling_id", "alt_phonetic_spelling_id", "kanji_spelling_id", "conjugation_set_id") VALUES ('057a7cd1-f1a6-50e2-8449-3b6f04c67305', 'af05748d-e186-5a5f-8dab-e2c217d7e6f5', 'd62c305c-34a9-5945-bf4d-cafae51a2dd6', 'f5335306-2599-5286-bf75-cd3c6d03262e', NULL, 'dc42a680-aba7-5ae7-9e8f-88061ed4466f', NULL);
INSERT INTO "vocabulary"."reference" ("vocabulary_id", "lesson_code") VALUES ('057a7cd1-f1a6-50e2-8449-3b6f04c67305', 'DUO_02_05');
INSERT INTO "vocabulary"."reference" ("vocabulary_id", "lesson_code") VALUES ('057a7cd1-f1a6-50e2-8449-3b6f04c67305', 'DUO_U08');
INSERT INTO "vocabulary"."reference" ("vocabulary_id", "lesson_code") VALUES ('057a7cd1-f1a6-50e2-8449-3b6f04c67305', 'GENKI3_L01');
-- 専攻 | major --;
INSERT INTO "vocabulary"."vocabulary" ("id", "word_class_code", "conjugation_kind_code", "jlpt_level", "row_num", "tags", "date_added") VALUES ('e71aac30-c949-5b47-b118-d02a5d703701', 'NOUN', NULL, 3, 28, '{school}', '2022-04-24');
INSERT INTO "vocabulary"."definition" ("id", "vocabulary_id", "sort_rank", "value") VALUES ('bb6b435a-c0fd-574b-b010-25307c8ca66c', 'e71aac30-c949-5b47-b118-d02a5d703701', 1, 'major');
INSERT INTO "vocabulary"."spelling" ("id", "vocabulary_id", "spelling_kind_code", "value") VALUES ('6cefd15e-be20-5fed-bbc9-e0808a472487', 'e71aac30-c949-5b47-b118-d02a5d703701', 'KANJI', '専攻');
INSERT INTO "vocabulary"."spelling" ("id", "vocabulary_id", "spelling_kind_code", "value") VALUES ('58251802-ccde-5d96-9088-1dfea512a748', 'e71aac30-c949-5b47-b118-d02a5d703701', 'HIRAGANA', 'せんこう');
INSERT INTO "vocabulary"."spelling" ("id", "vocabulary_id", "spelling_kind_code", "value") VALUES ('4b4013ff-6c49-5db6-ac68-72c021f15c5c', 'e71aac30-c949-5b47-b118-d02a5d703701', 'KANJI', '専攻');
INSERT INTO "vocabulary"."linkages" ("vocabulary_id", "preferred_definition_id", "preferred_spelling_id", "phonetic_spelling_id", "alt_phonetic_spelling_id", "kanji_spelling_id", "conjugation_set_id") VALUES ('e71aac30-c949-5b47-b118-d02a5d703701', 'bb6b435a-c0fd-574b-b010-25307c8ca66c', '6cefd15e-be20-5fed-bbc9-e0808a472487', '58251802-ccde-5d96-9088-1dfea512a748', NULL, '4b4013ff-6c49-5db6-ac68-72c021f15c5c', NULL);
INSERT INTO "vocabulary"."reference" ("vocabulary_id", "lesson_code") VALUES ('e71aac30-c949-5b47-b118-d02a5d703701', 'GENKI3_L01');
-- 私 | I --;
INSERT INTO "vocabulary"."vocabulary" ("id", "word_class_code", "conjugation_kind_code", "jlpt_level", "row_num", "tags", "date_added") VALUES ('4b1d8b7f-6477-5881-9439-1a7f30b26c9d', 'PRONOUN', NULL, 5, 29, '{person}', '2022-04-24');
INSERT INTO "vocabulary"."definition" ("id", "vocabulary_id", "sort_rank", "value") VALUES ('7272203b-4682-5a21-a2ae-184df9aaf700', '4b1d8b7f-6477-5881-9439-1a7f30b26c9d', 1, 'I');
INSERT INTO "vocabulary"."spelling" ("id", "vocabulary_id", "spelling_kind_code", "value") VALUES ('7dfb31b4-ea80-5f87-927e-8c7f65b9fc4d', '4b1d8b7f-6477-5881-9439-1a7f30b26c9d', 'KANJI', '私');
INSERT INTO "vocabulary"."spelling" ("id", "vocabulary_id", "spelling_kind_code", "value") VALUES ('71cb9bf5-8b66-5fe9-b0ed-046a6287a9dc', '4b1d8b7f-6477-5881-9439-1a7f30b26c9d', 'HIRAGANA', 'わたし');
INSERT INTO "vocabulary"."spelling" ("id", "vocabulary_id", "spelling_kind_code", "value") VALUES ('c9cab72b-2b19-5729-ace9-484ab1f4f7a1', '4b1d8b7f-6477-5881-9439-1a7f30b26c9d', 'KANJI', '私');
INSERT INTO "vocabulary"."linkages" ("vocabulary_id", "preferred_definition_id", "preferred_spelling_id", "phonetic_spelling_id", "alt_phonetic_spelling_id", "kanji_spelling_id", "conjugation_set_id") VALUES ('4b1d8b7f-6477-5881-9439-1a7f30b26c9d', '7272203b-4682-5a21-a2ae-184df9aaf700', '7dfb31b4-ea80-5f87-927e-8c7f65b9fc4d', '71cb9bf5-8b66-5fe9-b0ed-046a6287a9dc', NULL, 'c9cab72b-2b19-5729-ace9-484ab1f4f7a1', NULL);
INSERT INTO "vocabulary"."reference" ("vocabulary_id", "lesson_code") VALUES ('4b1d8b7f-6477-5881-9439-1a7f30b26c9d', 'DUO_01_02');
INSERT INTO "vocabulary"."reference" ("vocabulary_id", "lesson_code") VALUES ('4b1d8b7f-6477-5881-9439-1a7f30b26c9d', 'DUO_U01');
INSERT INTO "vocabulary"."reference" ("vocabulary_id", "lesson_code") VALUES ('4b1d8b7f-6477-5881-9439-1a7f30b26c9d', 'GENKI3_L01');
-- あなた | you --;
INSERT INTO "vocabulary"."vocabulary" ("id", "word_class_code", "conjugation_kind_code", "jlpt_level", "row_num", "tags", "date_added") VALUES ('c88ef88c-2242-4ea2-903e-ceeb22e7614d', 'PRONOUN', NULL, 5, 30, '{person}', '2022-10-10');
INSERT INTO "vocabulary"."definition" ("id", "vocabulary_id", "sort_rank", "value") VALUES ('d800fd25-2110-5c2d-ab61-03567e8e39f5', 'c88ef88c-2242-4ea2-903e-ceeb22e7614d', 1, 'you');
INSERT INTO "vocabulary"."spelling" ("id", "vocabulary_id", "spelling_kind_code", "value") VALUES ('c0bbf428-cfc7-5f8c-8030-51e492d911bf', 'c88ef88c-2242-4ea2-903e-ceeb22e7614d', 'HIRAGANA', 'あなた');
INSERT INTO "vocabulary"."spelling" ("id", "vocabulary_id", "spelling_kind_code", "value") VALUES ('7f265d97-1549-58b4-bc31-c4716918265c', 'c88ef88c-2242-4ea2-903e-ceeb22e7614d', 'HIRAGANA', 'あなた');
INSERT INTO "vocabulary"."spelling" ("id", "vocabulary_id", "spelling_kind_code", "value") VALUES ('ed04c4a7-0aad-5891-89b8-d994071236d3', 'c88ef88c-2242-4ea2-903e-ceeb22e7614d', 'KANJI', '貴方');
INSERT INTO "vocabulary"."linkages" ("vocabulary_id", "preferred_definition_id", "preferred_spelling_id", "phonetic_spelling_id", "alt_phonetic_spelling_id", "kanji_spelling_id", "conjugation_set_id") VALUES ('c88ef88c-2242-4ea2-903e-ceeb22e7614d', 'd800fd25-2110-5c2d-ab61-03567e8e39f5', 'c0bbf428-cfc7-5f8c-8030-51e492d911bf', '7f265d97-1549-58b4-bc31-c4716918265c', NULL, 'ed04c4a7-0aad-5891-89b8-d994071236d3', NULL);
-- 友達 | friend --;
INSERT INTO "vocabulary"."vocabulary" ("id", "word_class_code", "conjugation_kind_code", "jlpt_level", "row_num", "tags", "date_added") VALUES ('f65b93fb-1086-5405-8163-394db3e83014', 'NOUN', NULL, 5, 31, '{person}', '2022-04-24');
INSERT INTO "vocabulary"."definition" ("id", "vocabulary_id", "sort_rank", "value") VALUES ('48b3a0db-2a53-57df-9473-5f1f581a7f5a', 'f65b93fb-1086-5405-8163-394db3e83014', 1, 'friend');
INSERT INTO "vocabulary"."spelling" ("id", "vocabulary_id", "spelling_kind_code", "value") VALUES ('88fa4095-b27f-524d-af6d-a0fa9b7ef178', 'f65b93fb-1086-5405-8163-394db3e83014', 'KANJI', '友達');
INSERT INTO "vocabulary"."spelling" ("id", "vocabulary_id", "spelling_kind_code", "value") VALUES ('33fad588-6082-59fe-8438-8ace8bb52bb4', 'f65b93fb-1086-5405-8163-394db3e83014', 'HIRAGANA', 'ともだち');
INSERT INTO "vocabulary"."spelling" ("id", "vocabulary_id", "spelling_kind_code", "value") VALUES ('e107dde2-5688-5c38-8a29-c6ac3b10a1c3', 'f65b93fb-1086-5405-8163-394db3e83014', 'KANJI', '友達');
INSERT INTO "vocabulary"."linkages" ("vocabulary_id", "preferred_definition_id", "preferred_spelling_id", "phonetic_spelling_id", "alt_phonetic_spelling_id", "kanji_spelling_id", "conjugation_set_id") VALUES ('f65b93fb-1086-5405-8163-394db3e83014', '48b3a0db-2a53-57df-9473-5f1f581a7f5a', '88fa4095-b27f-524d-af6d-a0fa9b7ef178', '33fad588-6082-59fe-8438-8ace8bb52bb4', NULL, 'e107dde2-5688-5c38-8a29-c6ac3b10a1c3', NULL);
INSERT INTO "vocabulary"."reference" ("vocabulary_id", "lesson_code") VALUES ('f65b93fb-1086-5405-8163-394db3e83014', 'GENKI3_L01');
-- 〜さん | Mr./Ms. --;
INSERT INTO "vocabulary"."vocabulary" ("id", "word_class_code", "conjugation_kind_code", "jlpt_level", "row_num", "tags", "date_added") VALUES ('c26e8356-f73a-5ddf-b045-432580c37468', 'SUFFIX', NULL, 1, 32, '{person}', '2022-04-24');
INSERT INTO "vocabulary"."definition" ("id", "vocabulary_id", "sort_rank", "value") VALUES ('b6b56a37-985e-5308-8de7-c3b69fca1db7', 'c26e8356-f73a-5ddf-b045-432580c37468', 1, 'Mr./Ms.');
INSERT INTO "vocabulary"."spelling" ("id", "vocabulary_id", "spelling_kind_code", "value") VALUES ('0d135557-26dd-523b-a1c5-d137d79aca32', 'c26e8356-f73a-5ddf-b045-432580c37468', 'HIRAGANA', '〜さん');
INSERT INTO "vocabulary"."spelling" ("id", "vocabulary_id", "spelling_kind_code", "value") VALUES ('7d68ee96-e445-5b4d-b28b-bec866acdf4c', 'c26e8356-f73a-5ddf-b045-432580c37468', 'HIRAGANA', '〜さん');
INSERT INTO "vocabulary"."linkages" ("vocabulary_id", "preferred_definition_id", "preferred_spelling_id", "phonetic_spelling_id", "alt_phonetic_spelling_id", "kanji_spelling_id", "conjugation_set_id") VALUES ('c26e8356-f73a-5ddf-b045-432580c37468', 'b6b56a37-985e-5308-8de7-c3b69fca1db7', '0d135557-26dd-523b-a1c5-d137d79aca32', '7d68ee96-e445-5b4d-b28b-bec866acdf4c', NULL, NULL, NULL);
INSERT INTO "vocabulary"."reference" ("vocabulary_id", "lesson_code") VALUES ('c26e8356-f73a-5ddf-b045-432580c37468', 'GENKI3_L01');
-- 〜人 | ...people --;
INSERT INTO "vocabulary"."vocabulary" ("id", "word_class_code", "conjugation_kind_code", "jlpt_level", "row_num", "tags", "date_added") VALUES ('0ef6972f-5e7d-5b51-be7f-8f39a5fd5e0e', 'SUFFIX', NULL, 1, 33, '{person}', '2022-04-24');
INSERT INTO "vocabulary"."definition" ("id", "vocabulary_id", "sort_rank", "value") VALUES ('f6fd367d-bb72-5403-a55e-c317e2d3945b', '0ef6972f-5e7d-5b51-be7f-8f39a5fd5e0e', 1, '...people');
INSERT INTO "vocabulary"."spelling" ("id", "vocabulary_id", "spelling_kind_code", "value") VALUES ('e2f17556-9b4a-5565-b8c3-4f6e0bd94355', '0ef6972f-5e7d-5b51-be7f-8f39a5fd5e0e', 'KANJI', '〜人');
INSERT INTO "vocabulary"."spelling" ("id", "vocabulary_id", "spelling_kind_code", "value") VALUES ('79c41c02-977e-589a-84b1-271b5f99d899', '0ef6972f-5e7d-5b51-be7f-8f39a5fd5e0e', 'HIRAGANA', '〜じん');
INSERT INTO "vocabulary"."spelling" ("id", "vocabulary_id", "spelling_kind_code", "value") VALUES ('74940083-6bad-5076-be4a-919a89ef7d34', '0ef6972f-5e7d-5b51-be7f-8f39a5fd5e0e', 'KANJI', '〜人');
INSERT INTO "vocabulary"."linkages" ("vocabulary_id", "preferred_definition_id", "preferred_spelling_id", "phonetic_spelling_id", "alt_phonetic_spelling_id", "kanji_spelling_id", "conjugation_set_id") VALUES ('0ef6972f-5e7d-5b51-be7f-8f39a5fd5e0e', 'f6fd367d-bb72-5403-a55e-c317e2d3945b', 'e2f17556-9b4a-5565-b8c3-4f6e0bd94355', '79c41c02-977e-589a-84b1-271b5f99d899', NULL, '74940083-6bad-5076-be4a-919a89ef7d34', NULL);
INSERT INTO "vocabulary"."reference" ("vocabulary_id", "lesson_code") VALUES ('0ef6972f-5e7d-5b51-be7f-8f39a5fd5e0e', 'GENKI3_L01');
-- もちろん | of course --;
INSERT INTO "vocabulary"."vocabulary" ("id", "word_class_code", "conjugation_kind_code", "jlpt_level", "row_num", "tags", "date_added") VALUES ('146b7705-d9cd-511f-988c-5b2cc7661b75', 'ADVERB', NULL, 3, 34, '{}', '2022-04-24');
INSERT INTO "vocabulary"."definition" ("id", "vocabulary_id", "sort_rank", "value") VALUES ('f38e45fd-deb3-58bb-98a7-ded4749a33af', '146b7705-d9cd-511f-988c-5b2cc7661b75', 1, 'of course');
INSERT INTO "vocabulary"."spelling" ("id", "vocabulary_id", "spelling_kind_code", "value") VALUES ('bcf591d5-c9a8-5068-a41d-705df7f88ec8', '146b7705-d9cd-511f-988c-5b2cc7661b75', 'HIRAGANA', 'もちろん');
INSERT INTO "vocabulary"."spelling" ("id", "vocabulary_id", "spelling_kind_code", "value") VALUES ('07e74719-21ed-5867-9be5-1035707cb0d3', '146b7705-d9cd-511f-988c-5b2cc7661b75', 'HIRAGANA', 'もちろん');
INSERT INTO "vocabulary"."spelling" ("id", "vocabulary_id", "spelling_kind_code", "value") VALUES ('fa499118-32ec-5452-848b-9407382b9d7b', '146b7705-d9cd-511f-988c-5b2cc7661b75', 'KANJI', '勿論');
INSERT INTO "vocabulary"."linkages" ("vocabulary_id", "preferred_definition_id", "preferred_spelling_id", "phonetic_spelling_id", "alt_phonetic_spelling_id", "kanji_spelling_id", "conjugation_set_id") VALUES ('146b7705-d9cd-511f-988c-5b2cc7661b75', 'f38e45fd-deb3-58bb-98a7-ded4749a33af', 'bcf591d5-c9a8-5068-a41d-705df7f88ec8', '07e74719-21ed-5867-9be5-1035707cb0d3', NULL, 'fa499118-32ec-5452-848b-9407382b9d7b', NULL);
INSERT INTO "vocabulary"."reference" ("vocabulary_id", "lesson_code") VALUES ('146b7705-d9cd-511f-988c-5b2cc7661b75', 'DUO_02_03');
INSERT INTO "vocabulary"."reference" ("vocabulary_id", "lesson_code") VALUES ('146b7705-d9cd-511f-988c-5b2cc7661b75', 'DUO_U07');
INSERT INTO "vocabulary"."reference" ("vocabulary_id", "lesson_code") VALUES ('146b7705-d9cd-511f-988c-5b2cc7661b75', 'GENKI3_L07');
-- 会社 | office; company --;
INSERT INTO "vocabulary"."vocabulary" ("id", "word_class_code", "conjugation_kind_code", "jlpt_level", "row_num", "tags", "date_added") VALUES ('8bedfb60-1599-58b0-9568-5e72b8cf6b7e', 'NOUN', NULL, 5, 35, '{place}', '2022-04-24');
INSERT INTO "vocabulary"."definition" ("id", "vocabulary_id", "sort_rank", "value") VALUES ('2f1c2bfe-00ae-5e85-8066-7594b35a3a3f', '8bedfb60-1599-58b0-9568-5e72b8cf6b7e', 1, 'office; company');
INSERT INTO "vocabulary"."spelling" ("id", "vocabulary_id", "spelling_kind_code", "value") VALUES ('0d59ad82-f6e4-58f1-9da1-e2413ad77adc', '8bedfb60-1599-58b0-9568-5e72b8cf6b7e', 'KANJI', '会社');
INSERT INTO "vocabulary"."spelling" ("id", "vocabulary_id", "spelling_kind_code", "value") VALUES ('bf11daff-0feb-5439-ad72-fface8f07495', '8bedfb60-1599-58b0-9568-5e72b8cf6b7e', 'HIRAGANA', 'かいしゃ');
INSERT INTO "vocabulary"."spelling" ("id", "vocabulary_id", "spelling_kind_code", "value") VALUES ('6640bacc-739f-56db-b841-e774ee1112ea', '8bedfb60-1599-58b0-9568-5e72b8cf6b7e', 'KANJI', '会社');
INSERT INTO "vocabulary"."linkages" ("vocabulary_id", "preferred_definition_id", "preferred_spelling_id", "phonetic_spelling_id", "alt_phonetic_spelling_id", "kanji_spelling_id", "conjugation_set_id") VALUES ('8bedfb60-1599-58b0-9568-5e72b8cf6b7e', '2f1c2bfe-00ae-5e85-8066-7594b35a3a3f', '0d59ad82-f6e4-58f1-9da1-e2413ad77adc', 'bf11daff-0feb-5439-ad72-fface8f07495', NULL, '6640bacc-739f-56db-b841-e774ee1112ea', NULL);
INSERT INTO "vocabulary"."reference" ("vocabulary_id", "lesson_code") VALUES ('8bedfb60-1599-58b0-9568-5e72b8cf6b7e', 'DUO_02_03');
INSERT INTO "vocabulary"."reference" ("vocabulary_id", "lesson_code") VALUES ('8bedfb60-1599-58b0-9568-5e72b8cf6b7e', 'DUO_U07');
INSERT INTO "vocabulary"."reference" ("vocabulary_id", "lesson_code") VALUES ('8bedfb60-1599-58b0-9568-5e72b8cf6b7e', 'GENKI3_L07');
-- 学校 | school --;
INSERT INTO "vocabulary"."vocabulary" ("id", "word_class_code", "conjugation_kind_code", "jlpt_level", "row_num", "tags", "date_added") VALUES ('25f93b07-dc04-553a-8794-329cc907dbe5', 'NOUN', NULL, 5, 36, '{place,school}', '2022-04-24');
INSERT INTO "vocabulary"."definition" ("id", "vocabulary_id", "sort_rank", "value") VALUES ('5ac409a2-6d7e-5427-9ce4-11e8b46e49cd', '25f93b07-dc04-553a-8794-329cc907dbe5', 1, 'school');
INSERT INTO "vocabulary"."spelling" ("id", "vocabulary_id", "spelling_kind_code", "value") VALUES ('e4928e97-24e2-59a3-877f-124e0f5debfd', '25f93b07-dc04-553a-8794-329cc907dbe5', 'KANJI', '学校');
INSERT INTO "vocabulary"."spelling" ("id", "vocabulary_id", "spelling_kind_code", "value") VALUES ('e5fe8a48-9a94-5c5d-a7fb-3b907b0ba6df', '25f93b07-dc04-553a-8794-329cc907dbe5', 'HIRAGANA', 'がっこう');
INSERT INTO "vocabulary"."spelling" ("id", "vocabulary_id", "spelling_kind_code", "value") VALUES ('a36b5da5-f21a-56ec-9fec-64a501ee212b', '25f93b07-dc04-553a-8794-329cc907dbe5', 'KANJI', '学校');
INSERT INTO "vocabulary"."linkages" ("vocabulary_id", "preferred_definition_id", "preferred_spelling_id", "phonetic_spelling_id", "alt_phonetic_spelling_id", "kanji_spelling_id", "conjugation_set_id") VALUES ('25f93b07-dc04-553a-8794-329cc907dbe5', '5ac409a2-6d7e-5427-9ce4-11e8b46e49cd', 'e4928e97-24e2-59a3-877f-124e0f5debfd', 'e5fe8a48-9a94-5c5d-a7fb-3b907b0ba6df', NULL, 'a36b5da5-f21a-56ec-9fec-64a501ee212b', NULL);
INSERT INTO "vocabulary"."reference" ("vocabulary_id", "lesson_code") VALUES ('25f93b07-dc04-553a-8794-329cc907dbe5', 'DUO_02_03');
INSERT INTO "vocabulary"."reference" ("vocabulary_id", "lesson_code") VALUES ('25f93b07-dc04-553a-8794-329cc907dbe5', 'DUO_U07');
-- 小学 | elementary school --;
INSERT INTO "vocabulary"."vocabulary" ("id", "word_class_code", "conjugation_kind_code", "jlpt_level", "row_num", "tags", "date_added") VALUES ('37eba762-70cf-5c5c-b689-621f26c1ee5f', 'NOUN', NULL, NULL, 37, '{place,school}', '2022-04-24');
INSERT INTO "vocabulary"."definition" ("id", "vocabulary_id", "sort_rank", "value") VALUES ('e7af570c-e9da-5e71-992e-a47e2db24d85', '37eba762-70cf-5c5c-b689-621f26c1ee5f', 1, 'elementary school');
INSERT INTO "vocabulary"."spelling" ("id", "vocabulary_id", "spelling_kind_code", "value") VALUES ('1345829c-c4d2-5252-9a6b-4e27da187408', '37eba762-70cf-5c5c-b689-621f26c1ee5f', 'KANJI', '小学');
INSERT INTO "vocabulary"."spelling" ("id", "vocabulary_id", "spelling_kind_code", "value") VALUES ('a75963f9-58cb-56b4-bfee-a051eeeae612', '37eba762-70cf-5c5c-b689-621f26c1ee5f', 'HIRAGANA', 'しょうがく');
INSERT INTO "vocabulary"."spelling" ("id", "vocabulary_id", "spelling_kind_code", "value") VALUES ('dda927ba-87e1-51cf-a97c-c4ead82cfca2', '37eba762-70cf-5c5c-b689-621f26c1ee5f', 'KANJI', '小学');
INSERT INTO "vocabulary"."linkages" ("vocabulary_id", "preferred_definition_id", "preferred_spelling_id", "phonetic_spelling_id", "alt_phonetic_spelling_id", "kanji_spelling_id", "conjugation_set_id") VALUES ('37eba762-70cf-5c5c-b689-621f26c1ee5f', 'e7af570c-e9da-5e71-992e-a47e2db24d85', '1345829c-c4d2-5252-9a6b-4e27da187408', 'a75963f9-58cb-56b4-bfee-a051eeeae612', NULL, 'dda927ba-87e1-51cf-a97c-c4ead82cfca2', NULL);
INSERT INTO "vocabulary"."reference" ("vocabulary_id", "lesson_code") VALUES ('37eba762-70cf-5c5c-b689-621f26c1ee5f', 'DUO_02_05');
INSERT INTO "vocabulary"."reference" ("vocabulary_id", "lesson_code") VALUES ('37eba762-70cf-5c5c-b689-621f26c1ee5f', 'DUO_U08');
-- 中学 | middle school --;
INSERT INTO "vocabulary"."vocabulary" ("id", "word_class_code", "conjugation_kind_code", "jlpt_level", "row_num", "tags", "date_added") VALUES ('99cdf9f9-df8c-5d7a-9ea1-a7c003c9f289', 'NOUN', NULL, 3, 38, '{place,school}', '2022-04-24');
INSERT INTO "vocabulary"."definition" ("id", "vocabulary_id", "sort_rank", "value") VALUES ('8bc5bca4-cc36-56a2-8682-ef6a791babff', '99cdf9f9-df8c-5d7a-9ea1-a7c003c9f289', 1, 'middle school');
INSERT INTO "vocabulary"."spelling" ("id", "vocabulary_id", "spelling_kind_code", "value") VALUES ('634704fb-2f52-5493-9b3a-3c1697818d5c', '99cdf9f9-df8c-5d7a-9ea1-a7c003c9f289', 'KANJI', '中学');
INSERT INTO "vocabulary"."spelling" ("id", "vocabulary_id", "spelling_kind_code", "value") VALUES ('d403ffde-dcf5-5734-ac79-e8d4fe7bc330', '99cdf9f9-df8c-5d7a-9ea1-a7c003c9f289', 'HIRAGANA', 'ちゅうがく');
INSERT INTO "vocabulary"."spelling" ("id", "vocabulary_id", "spelling_kind_code", "value") VALUES ('5f87a9f8-891e-5733-8066-e178d13d6662', '99cdf9f9-df8c-5d7a-9ea1-a7c003c9f289', 'KANJI', '中学');
INSERT INTO "vocabulary"."linkages" ("vocabulary_id", "preferred_definition_id", "preferred_spelling_id", "phonetic_spelling_id", "alt_phonetic_spelling_id", "kanji_spelling_id", "conjugation_set_id") VALUES ('99cdf9f9-df8c-5d7a-9ea1-a7c003c9f289', '8bc5bca4-cc36-56a2-8682-ef6a791babff', '634704fb-2f52-5493-9b3a-3c1697818d5c', 'd403ffde-dcf5-5734-ac79-e8d4fe7bc330', NULL, '5f87a9f8-891e-5733-8066-e178d13d6662', NULL);
INSERT INTO "vocabulary"."reference" ("vocabulary_id", "lesson_code") VALUES ('99cdf9f9-df8c-5d7a-9ea1-a7c003c9f289', 'DUO_02_05');
INSERT INTO "vocabulary"."reference" ("vocabulary_id", "lesson_code") VALUES ('99cdf9f9-df8c-5d7a-9ea1-a7c003c9f289', 'DUO_U08');
-- 外国人 | foreigner --;
INSERT INTO "vocabulary"."vocabulary" ("id", "word_class_code", "conjugation_kind_code", "jlpt_level", "row_num", "tags", "date_added") VALUES ('947e6f87-e4fe-5b27-9bd3-215e8b1fc71a', 'NOUN', NULL, 5, 39, '{person}', '2022-04-24');
INSERT INTO "vocabulary"."definition" ("id", "vocabulary_id", "sort_rank", "value") VALUES ('179182a2-bb92-5adb-8d90-0c40ba2b7a0a', '947e6f87-e4fe-5b27-9bd3-215e8b1fc71a', 1, 'foreigner');
INSERT INTO "vocabulary"."spelling" ("id", "vocabulary_id", "spelling_kind_code", "value") VALUES ('b08af4aa-bcb9-5aa5-ae08-3f09e1c0735c', '947e6f87-e4fe-5b27-9bd3-215e8b1fc71a', 'KANJI', '外国人');
INSERT INTO "vocabulary"."spelling" ("id", "vocabulary_id", "spelling_kind_code", "value") VALUES ('fb37f79e-a0af-5650-ace6-c6be543b2235', '947e6f87-e4fe-5b27-9bd3-215e8b1fc71a', 'HIRAGANA', 'がいこくじん');
INSERT INTO "vocabulary"."spelling" ("id", "vocabulary_id", "spelling_kind_code", "value") VALUES ('e4e4037b-f5a8-53b6-8268-29aa31232769', '947e6f87-e4fe-5b27-9bd3-215e8b1fc71a', 'KANJI', '外国人');
INSERT INTO "vocabulary"."linkages" ("vocabulary_id", "preferred_definition_id", "preferred_spelling_id", "phonetic_spelling_id", "alt_phonetic_spelling_id", "kanji_spelling_id", "conjugation_set_id") VALUES ('947e6f87-e4fe-5b27-9bd3-215e8b1fc71a', '179182a2-bb92-5adb-8d90-0c40ba2b7a0a', 'b08af4aa-bcb9-5aa5-ae08-3f09e1c0735c', 'fb37f79e-a0af-5650-ace6-c6be543b2235', NULL, 'e4e4037b-f5a8-53b6-8268-29aa31232769', NULL);
INSERT INTO "vocabulary"."reference" ("vocabulary_id", "lesson_code") VALUES ('947e6f87-e4fe-5b27-9bd3-215e8b1fc71a', 'DUO_02_05');
INSERT INTO "vocabulary"."reference" ("vocabulary_id", "lesson_code") VALUES ('947e6f87-e4fe-5b27-9bd3-215e8b1fc71a', 'DUO_U08');
-- 住む | to live; to reside; to inhabit --;
INSERT INTO "vocabulary"."vocabulary" ("id", "word_class_code", "conjugation_kind_code", "jlpt_level", "row_num", "tags", "date_added") VALUES ('dd191fac-e29b-5262-b2a6-f9f2875a4a3f', 'VERB', 'GODAN_VERB', 5, 40, '{}', '2022-04-24');
INSERT INTO "vocabulary"."definition" ("id", "vocabulary_id", "sort_rank", "value") VALUES ('d97da3d2-a109-55ce-93d6-9964bd269d86', 'dd191fac-e29b-5262-b2a6-f9f2875a4a3f', 1, 'to live; to reside; to inhabit');
INSERT INTO "vocabulary"."spelling" ("id", "vocabulary_id", "spelling_kind_code", "value") VALUES ('cbab8b4b-1ea7-5b14-9a6a-2e36ba711d45', 'dd191fac-e29b-5262-b2a6-f9f2875a4a3f', 'KANJI', '住む');
INSERT INTO "vocabulary"."spelling" ("id", "vocabulary_id", "spelling_kind_code", "value") VALUES ('29424b09-2905-5b05-bc36-27ac2e9a595e', 'dd191fac-e29b-5262-b2a6-f9f2875a4a3f', 'HIRAGANA', 'すむ');
INSERT INTO "vocabulary"."spelling" ("id", "vocabulary_id", "spelling_kind_code", "value") VALUES ('3a9827c6-6946-59d0-8907-9054f3ec9ac1', 'dd191fac-e29b-5262-b2a6-f9f2875a4a3f', 'KANJI', '住む');
INSERT INTO "vocabulary"."conjugation_set" ("id", "vocabulary_id") VALUES ('b6a9976c-337d-5ea7-93a3-0cdd8a734f60', 'dd191fac-e29b-5262-b2a6-f9f2875a4a3f');
INSERT INTO "vocabulary"."linkages" ("vocabulary_id", "preferred_definition_id", "preferred_spelling_id", "phonetic_spelling_id", "alt_phonetic_spelling_id", "kanji_spelling_id", "conjugation_set_id") VALUES ('dd191fac-e29b-5262-b2a6-f9f2875a4a3f', 'd97da3d2-a109-55ce-93d6-9964bd269d86', 'cbab8b4b-1ea7-5b14-9a6a-2e36ba711d45', '29424b09-2905-5b05-bc36-27ac2e9a595e', NULL, '3a9827c6-6946-59d0-8907-9054f3ec9ac1', 'b6a9976c-337d-5ea7-93a3-0cdd8a734f60');
INSERT INTO "vocabulary"."reference" ("vocabulary_id", "lesson_code") VALUES ('dd191fac-e29b-5262-b2a6-f9f2875a4a3f', 'DUO_02_05');
INSERT INTO "vocabulary"."reference" ("vocabulary_id", "lesson_code") VALUES ('dd191fac-e29b-5262-b2a6-f9f2875a4a3f', 'DUO_U08');
INSERT INTO "vocabulary"."reference" ("vocabulary_id", "lesson_code") VALUES ('dd191fac-e29b-5262-b2a6-f9f2875a4a3f', 'GENKI3_L07');
INSERT INTO "vocabulary"."conjugation" ("id", "conjugation_set_id", "politeness_code", "charge_code", "form_code", "sort_rank", "value") VALUES ('f069ee1e-4c62-5fc4-a3f4-215a0517731c', 'b6a9976c-337d-5ea7-93a3-0cdd8a734f60', 'PLAIN', 'POSITIVE', 'PRESENT', 1, '住む');
INSERT INTO "vocabulary"."conjugation" ("id", "conjugation_set_id", "politeness_code", "charge_code", "form_code", "sort_rank", "value") VALUES ('37d42a1a-3aa6-5fc6-bef1-916c19250763', 'b6a9976c-337d-5ea7-93a3-0cdd8a734f60', 'PLAIN', 'POSITIVE', 'PAST', 1, '住んだ');
INSERT INTO "vocabulary"."conjugation" ("id", "conjugation_set_id", "politeness_code", "charge_code", "form_code", "sort_rank", "value") VALUES ('91a37a37-dbf2-5f4c-ac9d-3a5ddb35a20a', 'b6a9976c-337d-5ea7-93a3-0cdd8a734f60', 'PLAIN', 'POSITIVE', 'TE', 1, '住んで');
INSERT INTO "vocabulary"."conjugation" ("id", "conjugation_set_id", "politeness_code", "charge_code", "form_code", "sort_rank", "value") VALUES ('175e55bd-2294-5574-b27c-25c59977bb24', 'b6a9976c-337d-5ea7-93a3-0cdd8a734f60', 'PLAIN', 'NEGATIVE', 'PRESENT', 1, '住まない');
INSERT INTO "vocabulary"."conjugation" ("id", "conjugation_set_id", "politeness_code", "charge_code", "form_code", "sort_rank", "value") VALUES ('2129877a-02c7-55d9-b5aa-01d689564e4d', 'b6a9976c-337d-5ea7-93a3-0cdd8a734f60', 'PLAIN', 'NEGATIVE', 'PAST', 1, '住まなかった');
INSERT INTO "vocabulary"."conjugation" ("id", "conjugation_set_id", "politeness_code", "charge_code", "form_code", "sort_rank", "value") VALUES ('6904c342-0dc9-5e1d-b6e3-8b7ed718250e', 'b6a9976c-337d-5ea7-93a3-0cdd8a734f60', 'PLAIN', 'NEGATIVE', 'TE', 1, '住まなくて');
INSERT INTO "vocabulary"."conjugation" ("id", "conjugation_set_id", "politeness_code", "charge_code", "form_code", "sort_rank", "value") VALUES ('8ac7db30-0c68-50de-b50d-da7b5a5a49ed', 'b6a9976c-337d-5ea7-93a3-0cdd8a734f60', 'POLITE', 'POSITIVE', 'PRESENT', 1, '住みます');
INSERT INTO "vocabulary"."conjugation" ("id", "conjugation_set_id", "politeness_code", "charge_code", "form_code", "sort_rank", "value") VALUES ('5bb0f3e8-59cd-54d1-858e-d5910a8a4522', 'b6a9976c-337d-5ea7-93a3-0cdd8a734f60', 'POLITE', 'POSITIVE', 'PAST', 1, '住みました');
INSERT INTO "vocabulary"."conjugation" ("id", "conjugation_set_id", "politeness_code", "charge_code", "form_code", "sort_rank", "value") VALUES ('4ab7cd50-9870-58f9-8dc6-06148c75b71e', 'b6a9976c-337d-5ea7-93a3-0cdd8a734f60', 'POLITE', 'NEGATIVE', 'PRESENT', 1, '住みません');
INSERT INTO "vocabulary"."conjugation" ("id", "conjugation_set_id", "politeness_code", "charge_code", "form_code", "sort_rank", "value") VALUES ('4da93835-9ba8-5225-9084-4aa301860694', 'b6a9976c-337d-5ea7-93a3-0cdd8a734f60', 'POLITE', 'NEGATIVE', 'PAST', 1, '住みませんでした');
-- 京都 | Kyoto --;
INSERT INTO "vocabulary"."vocabulary" ("id", "word_class_code", "conjugation_kind_code", "jlpt_level", "row_num", "tags", "date_added") VALUES ('fc82f2ac-3b17-582f-9259-7200e1430824', 'PROPER_NOUN', NULL, NULL, 41, '{city,place}', '2022-04-24');
INSERT INTO "vocabulary"."definition" ("id", "vocabulary_id", "sort_rank", "value") VALUES ('22879ac5-9111-51a8-98d1-a9a1a6f7b1b6', 'fc82f2ac-3b17-582f-9259-7200e1430824', 1, 'Kyoto');
INSERT INTO "vocabulary"."spelling" ("id", "vocabulary_id", "spelling_kind_code", "value") VALUES ('72bdb2c9-db1d-57b4-8f83-a493e12eff43', 'fc82f2ac-3b17-582f-9259-7200e1430824', 'KANJI', '京都');
INSERT INTO "vocabulary"."spelling" ("id", "vocabulary_id", "spelling_kind_code", "value") VALUES ('58fb3871-e7d4-50f1-a9bb-706cdba7c0dc', 'fc82f2ac-3b17-582f-9259-7200e1430824', 'HIRAGANA', 'きょうと');
INSERT INTO "vocabulary"."spelling" ("id", "vocabulary_id", "spelling_kind_code", "value") VALUES ('f495b870-9f97-5dc4-806d-c39dae605e4b', 'fc82f2ac-3b17-582f-9259-7200e1430824', 'KANJI', '京都');
INSERT INTO "vocabulary"."linkages" ("vocabulary_id", "preferred_definition_id", "preferred_spelling_id", "phonetic_spelling_id", "alt_phonetic_spelling_id", "kanji_spelling_id", "conjugation_set_id") VALUES ('fc82f2ac-3b17-582f-9259-7200e1430824', '22879ac5-9111-51a8-98d1-a9a1a6f7b1b6', '72bdb2c9-db1d-57b4-8f83-a493e12eff43', '58fb3871-e7d4-50f1-a9bb-706cdba7c0dc', NULL, 'f495b870-9f97-5dc4-806d-c39dae605e4b', NULL);
INSERT INTO "vocabulary"."reference" ("vocabulary_id", "lesson_code") VALUES ('fc82f2ac-3b17-582f-9259-7200e1430824', 'DUO_02_05');
INSERT INTO "vocabulary"."reference" ("vocabulary_id", "lesson_code") VALUES ('fc82f2ac-3b17-582f-9259-7200e1430824', 'DUO_U08');
INSERT INTO "vocabulary"."reference" ("vocabulary_id", "lesson_code") VALUES ('fc82f2ac-3b17-582f-9259-7200e1430824', 'GENKI3_L03');
-- 大阪 | Osaka --;
INSERT INTO "vocabulary"."vocabulary" ("id", "word_class_code", "conjugation_kind_code", "jlpt_level", "row_num", "tags", "date_added") VALUES ('15c5fee6-dda7-5d40-b7fd-382d97a28b9c', 'PROPER_NOUN', NULL, NULL, 42, '{city,place}', '2022-04-24');
INSERT INTO "vocabulary"."definition" ("id", "vocabulary_id", "sort_rank", "value") VALUES ('2b7975f2-316a-5940-b731-2ad6ef17d87b', '15c5fee6-dda7-5d40-b7fd-382d97a28b9c', 1, 'Osaka');
INSERT INTO "vocabulary"."spelling" ("id", "vocabulary_id", "spelling_kind_code", "value") VALUES ('7a98604b-6149-5cc8-89cd-e160022182db', '15c5fee6-dda7-5d40-b7fd-382d97a28b9c', 'KANJI', '大阪');
INSERT INTO "vocabulary"."spelling" ("id", "vocabulary_id", "spelling_kind_code", "value") VALUES ('ea3f379f-285e-5755-a454-8dce105af33c', '15c5fee6-dda7-5d40-b7fd-382d97a28b9c', 'HIRAGANA', 'おおさか');
INSERT INTO "vocabulary"."spelling" ("id", "vocabulary_id", "spelling_kind_code", "value") VALUES ('334db642-aafe-590d-af62-2c58e4d660a2', '15c5fee6-dda7-5d40-b7fd-382d97a28b9c', 'KANJI', '大阪');
INSERT INTO "vocabulary"."linkages" ("vocabulary_id", "preferred_definition_id", "preferred_spelling_id", "phonetic_spelling_id", "alt_phonetic_spelling_id", "kanji_spelling_id", "conjugation_set_id") VALUES ('15c5fee6-dda7-5d40-b7fd-382d97a28b9c', '2b7975f2-316a-5940-b731-2ad6ef17d87b', '7a98604b-6149-5cc8-89cd-e160022182db', 'ea3f379f-285e-5755-a454-8dce105af33c', NULL, '334db642-aafe-590d-af62-2c58e4d660a2', NULL);
INSERT INTO "vocabulary"."reference" ("vocabulary_id", "lesson_code") VALUES ('15c5fee6-dda7-5d40-b7fd-382d97a28b9c', 'DUO_02_05');
INSERT INTO "vocabulary"."reference" ("vocabulary_id", "lesson_code") VALUES ('15c5fee6-dda7-5d40-b7fd-382d97a28b9c', 'DUO_U08');
-- 東京 | Tokyo --;
INSERT INTO "vocabulary"."vocabulary" ("id", "word_class_code", "conjugation_kind_code", "jlpt_level", "row_num", "tags", "date_added") VALUES ('39458010-a5eb-5b13-b054-4cc458702c56', 'PROPER_NOUN', NULL, NULL, 43, '{city,place}', '2022-04-24');
INSERT INTO "vocabulary"."definition" ("id", "vocabulary_id", "sort_rank", "value") VALUES ('9cb5a01e-e62c-547e-857a-3684e0dc1f9e', '39458010-a5eb-5b13-b054-4cc458702c56', 1, 'Tokyo');
INSERT INTO "vocabulary"."spelling" ("id", "vocabulary_id", "spelling_kind_code", "value") VALUES ('4218953c-665b-5614-a876-c5f58932d3fa', '39458010-a5eb-5b13-b054-4cc458702c56', 'KANJI', '東京');
INSERT INTO "vocabulary"."spelling" ("id", "vocabulary_id", "spelling_kind_code", "value") VALUES ('dbf2195a-113d-5ac9-9006-bd5246bc6e38', '39458010-a5eb-5b13-b054-4cc458702c56', 'HIRAGANA', 'とおきょう');
INSERT INTO "vocabulary"."spelling" ("id", "vocabulary_id", "spelling_kind_code", "value") VALUES ('fda9564c-dc64-55d3-93d7-8c3116c6a4eb', '39458010-a5eb-5b13-b054-4cc458702c56', 'KANJI', '東京');
INSERT INTO "vocabulary"."linkages" ("vocabulary_id", "preferred_definition_id", "preferred_spelling_id", "phonetic_spelling_id", "alt_phonetic_spelling_id", "kanji_spelling_id", "conjugation_set_id") VALUES ('39458010-a5eb-5b13-b054-4cc458702c56', '9cb5a01e-e62c-547e-857a-3684e0dc1f9e', '4218953c-665b-5614-a876-c5f58932d3fa', 'dbf2195a-113d-5ac9-9006-bd5246bc6e38', NULL, 'fda9564c-dc64-55d3-93d7-8c3116c6a4eb', NULL);
INSERT INTO "vocabulary"."reference" ("vocabulary_id", "lesson_code") VALUES ('39458010-a5eb-5b13-b054-4cc458702c56', 'DUO_02_05');
INSERT INTO "vocabulary"."reference" ("vocabulary_id", "lesson_code") VALUES ('39458010-a5eb-5b13-b054-4cc458702c56', 'DUO_U08');
-- 申す | to say; to be called; name --;
INSERT INTO "vocabulary"."vocabulary" ("id", "word_class_code", "conjugation_kind_code", "jlpt_level", "row_num", "tags", "date_added") VALUES ('091d6d9c-5d19-51f5-bc28-3b5281042464', 'VERB', 'GODAN_VERB', 4, 44, '{}', '2022-04-24');
INSERT INTO "vocabulary"."definition" ("id", "vocabulary_id", "sort_rank", "value") VALUES ('f450b73b-b1ea-5424-a37d-c31a7abd34f9', '091d6d9c-5d19-51f5-bc28-3b5281042464', 1, 'to say; to be called; name');
INSERT INTO "vocabulary"."spelling" ("id", "vocabulary_id", "spelling_kind_code", "value") VALUES ('a1e63cf9-a452-5306-9351-c5a08786d525', '091d6d9c-5d19-51f5-bc28-3b5281042464', 'KANJI', '申す');
INSERT INTO "vocabulary"."spelling" ("id", "vocabulary_id", "spelling_kind_code", "value") VALUES ('62be684a-2cf3-5ba6-8cc9-e8732d43a325', '091d6d9c-5d19-51f5-bc28-3b5281042464', 'HIRAGANA', 'もうす');
INSERT INTO "vocabulary"."spelling" ("id", "vocabulary_id", "spelling_kind_code", "value") VALUES ('23e16be7-3b0d-5bbf-aa2f-22ef37e23630', '091d6d9c-5d19-51f5-bc28-3b5281042464', 'KANJI', '申す');
INSERT INTO "vocabulary"."conjugation_set" ("id", "vocabulary_id") VALUES ('1715e14a-edca-59bc-8d64-e901ecbb698a', '091d6d9c-5d19-51f5-bc28-3b5281042464');
INSERT INTO "vocabulary"."linkages" ("vocabulary_id", "preferred_definition_id", "preferred_spelling_id", "phonetic_spelling_id", "alt_phonetic_spelling_id", "kanji_spelling_id", "conjugation_set_id") VALUES ('091d6d9c-5d19-51f5-bc28-3b5281042464', 'f450b73b-b1ea-5424-a37d-c31a7abd34f9', 'a1e63cf9-a452-5306-9351-c5a08786d525', '62be684a-2cf3-5ba6-8cc9-e8732d43a325', NULL, '23e16be7-3b0d-5bbf-aa2f-22ef37e23630', '1715e14a-edca-59bc-8d64-e901ecbb698a');
INSERT INTO "vocabulary"."reference" ("vocabulary_id", "lesson_code") VALUES ('091d6d9c-5d19-51f5-bc28-3b5281042464', 'DUO_02_05');
INSERT INTO "vocabulary"."reference" ("vocabulary_id", "lesson_code") VALUES ('091d6d9c-5d19-51f5-bc28-3b5281042464', 'DUO_U08');
INSERT INTO "vocabulary"."conjugation" ("id", "conjugation_set_id", "politeness_code", "charge_code", "form_code", "sort_rank", "value") VALUES ('2cc93a52-a0ee-51f5-a5b1-76f87e002231', '1715e14a-edca-59bc-8d64-e901ecbb698a', 'PLAIN', 'POSITIVE', 'PRESENT', 1, '申す');
INSERT INTO "vocabulary"."conjugation" ("id", "conjugation_set_id", "politeness_code", "charge_code", "form_code", "sort_rank", "value") VALUES ('5e3cce3b-f3c9-5939-9087-47a3c9adf1c1', '1715e14a-edca-59bc-8d64-e901ecbb698a', 'PLAIN', 'POSITIVE', 'PAST', 1, '申した');
INSERT INTO "vocabulary"."conjugation" ("id", "conjugation_set_id", "politeness_code", "charge_code", "form_code", "sort_rank", "value") VALUES ('aa75b3ea-fc35-5eb6-aa23-e40ee73b625a', '1715e14a-edca-59bc-8d64-e901ecbb698a', 'PLAIN', 'POSITIVE', 'TE', 1, '申して');
INSERT INTO "vocabulary"."conjugation" ("id", "conjugation_set_id", "politeness_code", "charge_code", "form_code", "sort_rank", "value") VALUES ('3f32ec75-3539-5793-944d-bf93f3e6c40c', '1715e14a-edca-59bc-8d64-e901ecbb698a', 'PLAIN', 'NEGATIVE', 'PRESENT', 1, '申さない');
INSERT INTO "vocabulary"."conjugation" ("id", "conjugation_set_id", "politeness_code", "charge_code", "form_code", "sort_rank", "value") VALUES ('df311e08-a96b-5dcf-97ec-35b81418f6b3', '1715e14a-edca-59bc-8d64-e901ecbb698a', 'PLAIN', 'NEGATIVE', 'PAST', 1, '申さなかった');
INSERT INTO "vocabulary"."conjugation" ("id", "conjugation_set_id", "politeness_code", "charge_code", "form_code", "sort_rank", "value") VALUES ('5bb9afc0-939f-589b-a2e2-2882b4e76492', '1715e14a-edca-59bc-8d64-e901ecbb698a', 'PLAIN', 'NEGATIVE', 'TE', 1, '申さなくて');
INSERT INTO "vocabulary"."conjugation" ("id", "conjugation_set_id", "politeness_code", "charge_code", "form_code", "sort_rank", "value") VALUES ('0b835ac6-ef2e-502a-accf-1c2e8bd2bf7c', '1715e14a-edca-59bc-8d64-e901ecbb698a', 'POLITE', 'POSITIVE', 'PRESENT', 1, '申します');
INSERT INTO "vocabulary"."conjugation" ("id", "conjugation_set_id", "politeness_code", "charge_code", "form_code", "sort_rank", "value") VALUES ('1813669a-12c1-5679-b31b-9c5bfa88b8f0', '1715e14a-edca-59bc-8d64-e901ecbb698a', 'POLITE', 'POSITIVE', 'PAST', 1, '申しました');
INSERT INTO "vocabulary"."conjugation" ("id", "conjugation_set_id", "politeness_code", "charge_code", "form_code", "sort_rank", "value") VALUES ('197eff1c-d7d3-59fd-8a69-574303a814ff', '1715e14a-edca-59bc-8d64-e901ecbb698a', 'POLITE', 'NEGATIVE', 'PRESENT', 1, '申しません');
INSERT INTO "vocabulary"."conjugation" ("id", "conjugation_set_id", "politeness_code", "charge_code", "form_code", "sort_rank", "value") VALUES ('8724fa8f-4c70-5b52-9699-aa33265d1107', '1715e14a-edca-59bc-8d64-e901ecbb698a', 'POLITE', 'NEGATIVE', 'PAST', 1, '申しませんでした');
-- 違う | to differ, to disagree; to be wrong --;
INSERT INTO "vocabulary"."vocabulary" ("id", "word_class_code", "conjugation_kind_code", "jlpt_level", "row_num", "tags", "date_added") VALUES ('b7d078d1-235f-4462-b052-453aa5f6dfcf', 'VERB', 'GODAN_VERB', 5, 45, '{}', '2022-08-10');
INSERT INTO "vocabulary"."definition" ("id", "vocabulary_id", "sort_rank", "value") VALUES ('0abfb734-68cb-55cd-9e56-6e222bf9d4f7', 'b7d078d1-235f-4462-b052-453aa5f6dfcf', 1, 'to differ, to disagree; to be wrong');
INSERT INTO "vocabulary"."spelling" ("id", "vocabulary_id", "spelling_kind_code", "value") VALUES ('8f9bf302-d8b2-5c46-a3ac-db30f8524977', 'b7d078d1-235f-4462-b052-453aa5f6dfcf', 'KANJI', '違う');
INSERT INTO "vocabulary"."spelling" ("id", "vocabulary_id", "spelling_kind_code", "value") VALUES ('ad367637-b6ca-5439-82af-73dd300220a3', 'b7d078d1-235f-4462-b052-453aa5f6dfcf', 'HIRAGANA', 'ちがう');
INSERT INTO "vocabulary"."spelling" ("id", "vocabulary_id", "spelling_kind_code", "value") VALUES ('aae803ed-4f78-5e0c-aca1-aa4c13b73d60', 'b7d078d1-235f-4462-b052-453aa5f6dfcf', 'KANJI', '違う');
INSERT INTO "vocabulary"."conjugation_set" ("id", "vocabulary_id") VALUES ('09b8334f-dd34-543b-91f4-707094b70e5f', 'b7d078d1-235f-4462-b052-453aa5f6dfcf');
INSERT INTO "vocabulary"."linkages" ("vocabulary_id", "preferred_definition_id", "preferred_spelling_id", "phonetic_spelling_id", "alt_phonetic_spelling_id", "kanji_spelling_id", "conjugation_set_id") VALUES ('b7d078d1-235f-4462-b052-453aa5f6dfcf', '0abfb734-68cb-55cd-9e56-6e222bf9d4f7', '8f9bf302-d8b2-5c46-a3ac-db30f8524977', 'ad367637-b6ca-5439-82af-73dd300220a3', NULL, 'aae803ed-4f78-5e0c-aca1-aa4c13b73d60', '09b8334f-dd34-543b-91f4-707094b70e5f');
INSERT INTO "vocabulary"."conjugation" ("id", "conjugation_set_id", "politeness_code", "charge_code", "form_code", "sort_rank", "value") VALUES ('347791a6-7893-5ad1-8a78-7e8c23e99c3e', '09b8334f-dd34-543b-91f4-707094b70e5f', 'PLAIN', 'POSITIVE', 'PRESENT', 1, '違う');
INSERT INTO "vocabulary"."conjugation" ("id", "conjugation_set_id", "politeness_code", "charge_code", "form_code", "sort_rank", "value") VALUES ('95b85369-72c1-5f8c-a703-59ece88175b6', '09b8334f-dd34-543b-91f4-707094b70e5f', 'PLAIN', 'POSITIVE', 'PAST', 1, '違った');
INSERT INTO "vocabulary"."conjugation" ("id", "conjugation_set_id", "politeness_code", "charge_code", "form_code", "sort_rank", "value") VALUES ('0c8d45f7-1e0b-5a01-a9d8-01fb722fb7a6', '09b8334f-dd34-543b-91f4-707094b70e5f', 'PLAIN', 'POSITIVE', 'TE', 1, '違って');
INSERT INTO "vocabulary"."conjugation" ("id", "conjugation_set_id", "politeness_code", "charge_code", "form_code", "sort_rank", "value") VALUES ('d114353f-bf18-5827-bc1c-4f1573a8c3d7', '09b8334f-dd34-543b-91f4-707094b70e5f', 'PLAIN', 'NEGATIVE', 'PRESENT', 1, '違わない');
INSERT INTO "vocabulary"."conjugation" ("id", "conjugation_set_id", "politeness_code", "charge_code", "form_code", "sort_rank", "value") VALUES ('184bebd5-6d00-5931-9a8e-dfa70c64e191', '09b8334f-dd34-543b-91f4-707094b70e5f', 'PLAIN', 'NEGATIVE', 'PAST', 1, '違わなかった');
INSERT INTO "vocabulary"."conjugation" ("id", "conjugation_set_id", "politeness_code", "charge_code", "form_code", "sort_rank", "value") VALUES ('da3e4e3e-c76c-57fa-ac35-fdddc0c153e6', '09b8334f-dd34-543b-91f4-707094b70e5f', 'PLAIN', 'NEGATIVE', 'TE', 1, '違わなくて');
INSERT INTO "vocabulary"."conjugation" ("id", "conjugation_set_id", "politeness_code", "charge_code", "form_code", "sort_rank", "value") VALUES ('3a8d6bae-fa21-5db8-bac3-0e4e4d98a13d', '09b8334f-dd34-543b-91f4-707094b70e5f', 'POLITE', 'POSITIVE', 'PRESENT', 1, '違います');
INSERT INTO "vocabulary"."conjugation" ("id", "conjugation_set_id", "politeness_code", "charge_code", "form_code", "sort_rank", "value") VALUES ('62ec62df-a862-50ca-adcf-66e9e1f98489', '09b8334f-dd34-543b-91f4-707094b70e5f', 'POLITE', 'POSITIVE', 'PAST', 1, '違いました');
INSERT INTO "vocabulary"."conjugation" ("id", "conjugation_set_id", "politeness_code", "charge_code", "form_code", "sort_rank", "value") VALUES ('4603f522-82b6-52a8-bf9d-333524226d77', '09b8334f-dd34-543b-91f4-707094b70e5f', 'POLITE', 'NEGATIVE', 'PRESENT', 1, '違いません');
INSERT INTO "vocabulary"."conjugation" ("id", "conjugation_set_id", "politeness_code", "charge_code", "form_code", "sort_rank", "value") VALUES ('45dd6e71-5c59-536b-a5d2-cf28eb4681e2', '09b8334f-dd34-543b-91f4-707094b70e5f', 'POLITE', 'NEGATIVE', 'PAST', 1, '違いませんでした');
-- 違います | That is not right (this is wrong) --;
INSERT INTO "vocabulary"."vocabulary" ("id", "word_class_code", "conjugation_kind_code", "jlpt_level", "row_num", "tags", "date_added") VALUES ('6e44df4a-4366-5c1a-86af-87a4e5f61fc6', 'EXPRESSION', NULL, NULL, 46, '{}', '2022-04-24');
INSERT INTO "vocabulary"."definition" ("id", "vocabulary_id", "sort_rank", "value") VALUES ('bcbeadc9-18d4-5cc4-a6df-1f189e75077e', '6e44df4a-4366-5c1a-86af-87a4e5f61fc6', 1, 'That is not right (this is wrong)');
INSERT INTO "vocabulary"."spelling" ("id", "vocabulary_id", "spelling_kind_code", "value") VALUES ('ee161c1e-ffc9-5ad7-8e11-d8992a2c37a9', '6e44df4a-4366-5c1a-86af-87a4e5f61fc6', 'KANJI', '違います');
INSERT INTO "vocabulary"."spelling" ("id", "vocabulary_id", "spelling_kind_code", "value") VALUES ('ed8a8306-08d3-5dc1-8cdf-6d119bee1db6', '6e44df4a-4366-5c1a-86af-87a4e5f61fc6', 'HIRAGANA', 'ちがいます');
INSERT INTO "vocabulary"."spelling" ("id", "vocabulary_id", "spelling_kind_code", "value") VALUES ('eac79d53-8e30-5d62-88f8-cbe7bcf955f9', '6e44df4a-4366-5c1a-86af-87a4e5f61fc6', 'KANJI', '違います');
INSERT INTO "vocabulary"."linkages" ("vocabulary_id", "preferred_definition_id", "preferred_spelling_id", "phonetic_spelling_id", "alt_phonetic_spelling_id", "kanji_spelling_id", "conjugation_set_id") VALUES ('6e44df4a-4366-5c1a-86af-87a4e5f61fc6', 'bcbeadc9-18d4-5cc4-a6df-1f189e75077e', 'ee161c1e-ffc9-5ad7-8e11-d8992a2c37a9', 'ed8a8306-08d3-5dc1-8cdf-6d119bee1db6', NULL, 'eac79d53-8e30-5d62-88f8-cbe7bcf955f9', NULL);
INSERT INTO "vocabulary"."reference" ("vocabulary_id", "lesson_code") VALUES ('6e44df4a-4366-5c1a-86af-87a4e5f61fc6', 'DUO_02_05');
INSERT INTO "vocabulary"."reference" ("vocabulary_id", "lesson_code") VALUES ('6e44df4a-4366-5c1a-86af-87a4e5f61fc6', 'DUO_U08');
-- 違いは何ですか | What is the difference? --;
INSERT INTO "vocabulary"."vocabulary" ("id", "word_class_code", "conjugation_kind_code", "jlpt_level", "row_num", "tags", "date_added") VALUES ('7748dd60-2126-5e30-a5b6-39596a0e25e4', 'EXPRESSION', NULL, NULL, 47, '{}', '2022-04-24');
INSERT INTO "vocabulary"."definition" ("id", "vocabulary_id", "sort_rank", "value") VALUES ('224783bc-4284-5d6e-a5a4-64fc24780f77', '7748dd60-2126-5e30-a5b6-39596a0e25e4', 1, 'What is the difference?');
INSERT INTO "vocabulary"."spelling" ("id", "vocabulary_id", "spelling_kind_code", "value") VALUES ('ef3245e7-cb38-5010-8a7e-8abe854b55d2', '7748dd60-2126-5e30-a5b6-39596a0e25e4', 'KANJI', '違いは何ですか');
INSERT INTO "vocabulary"."spelling" ("id", "vocabulary_id", "spelling_kind_code", "value") VALUES ('4c6029af-f588-5cce-b586-0f1545d5e63d', '7748dd60-2126-5e30-a5b6-39596a0e25e4', 'HIRAGANA', 'ちがいはなんですか');
INSERT INTO "vocabulary"."spelling" ("id", "vocabulary_id", "spelling_kind_code", "value") VALUES ('751af121-5a1d-52e0-b68a-9f6decce21e8', '7748dd60-2126-5e30-a5b6-39596a0e25e4', 'KANJI', '違いは何ですか');
INSERT INTO "vocabulary"."linkages" ("vocabulary_id", "preferred_definition_id", "preferred_spelling_id", "phonetic_spelling_id", "alt_phonetic_spelling_id", "kanji_spelling_id", "conjugation_set_id") VALUES ('7748dd60-2126-5e30-a5b6-39596a0e25e4', '224783bc-4284-5d6e-a5a4-64fc24780f77', 'ef3245e7-cb38-5010-8a7e-8abe854b55d2', '4c6029af-f588-5cce-b586-0f1545d5e63d', NULL, '751af121-5a1d-52e0-b68a-9f6decce21e8', NULL);
INSERT INTO "vocabulary"."reference" ("vocabulary_id", "lesson_code") VALUES ('7748dd60-2126-5e30-a5b6-39596a0e25e4', 'DUO_02_05');
INSERT INTO "vocabulary"."reference" ("vocabulary_id", "lesson_code") VALUES ('7748dd60-2126-5e30-a5b6-39596a0e25e4', 'DUO_U08');
-- 今 | Now --;
INSERT INTO "vocabulary"."vocabulary" ("id", "word_class_code", "conjugation_kind_code", "jlpt_level", "row_num", "tags", "date_added") VALUES ('dce3fe6a-497c-54b2-a121-df6767084258', 'NOUN', NULL, 5, 48, '{time}', '2022-04-24');
INSERT INTO "vocabulary"."definition" ("id", "vocabulary_id", "sort_rank", "value") VALUES ('e245f70f-ea23-59c5-9070-2419deec3104', 'dce3fe6a-497c-54b2-a121-df6767084258', 1, 'Now');
INSERT INTO "vocabulary"."spelling" ("id", "vocabulary_id", "spelling_kind_code", "value") VALUES ('d75ed4c1-f752-5bb1-9502-cd2247464bb9', 'dce3fe6a-497c-54b2-a121-df6767084258', 'KANJI', '今');
INSERT INTO "vocabulary"."spelling" ("id", "vocabulary_id", "spelling_kind_code", "value") VALUES ('b755f3aa-72e8-5cf1-bfb5-1be674ef6cb1', 'dce3fe6a-497c-54b2-a121-df6767084258', 'HIRAGANA', 'いま');
INSERT INTO "vocabulary"."spelling" ("id", "vocabulary_id", "spelling_kind_code", "value") VALUES ('d6a34dbd-5665-59d8-8a36-e54b02c994e7', 'dce3fe6a-497c-54b2-a121-df6767084258', 'KANJI', '今');
INSERT INTO "vocabulary"."linkages" ("vocabulary_id", "preferred_definition_id", "preferred_spelling_id", "phonetic_spelling_id", "alt_phonetic_spelling_id", "kanji_spelling_id", "conjugation_set_id") VALUES ('dce3fe6a-497c-54b2-a121-df6767084258', 'e245f70f-ea23-59c5-9070-2419deec3104', 'd75ed4c1-f752-5bb1-9502-cd2247464bb9', 'b755f3aa-72e8-5cf1-bfb5-1be674ef6cb1', NULL, 'd6a34dbd-5665-59d8-8a36-e54b02c994e7', NULL);
INSERT INTO "vocabulary"."reference" ("vocabulary_id", "lesson_code") VALUES ('dce3fe6a-497c-54b2-a121-df6767084258', 'DUO_02_02');
INSERT INTO "vocabulary"."reference" ("vocabulary_id", "lesson_code") VALUES ('dce3fe6a-497c-54b2-a121-df6767084258', 'DUO_U06');
INSERT INTO "vocabulary"."reference" ("vocabulary_id", "lesson_code") VALUES ('dce3fe6a-497c-54b2-a121-df6767084258', 'GENKI3_L01');
-- 午前 | A.M. --;
INSERT INTO "vocabulary"."vocabulary" ("id", "word_class_code", "conjugation_kind_code", "jlpt_level", "row_num", "tags", "date_added") VALUES ('42ffdbae-c27d-53a4-b113-95583953e16c', 'NOUN', NULL, 5, 49, '{time}', '2022-04-24');
INSERT INTO "vocabulary"."definition" ("id", "vocabulary_id", "sort_rank", "value") VALUES ('34e25082-30e4-5bcc-b102-e06a55c72b2e', '42ffdbae-c27d-53a4-b113-95583953e16c', 1, 'A.M.');
INSERT INTO "vocabulary"."spelling" ("id", "vocabulary_id", "spelling_kind_code", "value") VALUES ('0c620dfa-251d-5ca8-b702-c61cbae6ca2f', '42ffdbae-c27d-53a4-b113-95583953e16c', 'KANJI', '午前');
INSERT INTO "vocabulary"."spelling" ("id", "vocabulary_id", "spelling_kind_code", "value") VALUES ('7a7c00a4-e50d-5d0c-9ad2-7c92f85dc4c7', '42ffdbae-c27d-53a4-b113-95583953e16c', 'HIRAGANA', 'ごぜん');
INSERT INTO "vocabulary"."spelling" ("id", "vocabulary_id", "spelling_kind_code", "value") VALUES ('70d9d1cc-4810-5fef-acfb-015b8ea06e1d', '42ffdbae-c27d-53a4-b113-95583953e16c', 'KANJI', '午前');
INSERT INTO "vocabulary"."linkages" ("vocabulary_id", "preferred_definition_id", "preferred_spelling_id", "phonetic_spelling_id", "alt_phonetic_spelling_id", "kanji_spelling_id", "conjugation_set_id") VALUES ('42ffdbae-c27d-53a4-b113-95583953e16c', '34e25082-30e4-5bcc-b102-e06a55c72b2e', '0c620dfa-251d-5ca8-b702-c61cbae6ca2f', '7a7c00a4-e50d-5d0c-9ad2-7c92f85dc4c7', NULL, '70d9d1cc-4810-5fef-acfb-015b8ea06e1d', NULL);
INSERT INTO "vocabulary"."reference" ("vocabulary_id", "lesson_code") VALUES ('42ffdbae-c27d-53a4-b113-95583953e16c', 'DUO_02_03');
INSERT INTO "vocabulary"."reference" ("vocabulary_id", "lesson_code") VALUES ('42ffdbae-c27d-53a4-b113-95583953e16c', 'DUO_U07');
INSERT INTO "vocabulary"."reference" ("vocabulary_id", "lesson_code") VALUES ('42ffdbae-c27d-53a4-b113-95583953e16c', 'GENKI3_L01');
-- 午後 | P.M. --;
INSERT INTO "vocabulary"."vocabulary" ("id", "word_class_code", "conjugation_kind_code", "jlpt_level", "row_num", "tags", "date_added") VALUES ('94611381-0488-58aa-8cf2-12ad9ff4e2dd', 'NOUN', NULL, 5, 50, '{time}', '2022-04-24');
INSERT INTO "vocabulary"."definition" ("id", "vocabulary_id", "sort_rank", "value") VALUES ('58ed18c5-e537-5ec8-a4f3-60e26c8f3ad2', '94611381-0488-58aa-8cf2-12ad9ff4e2dd', 1, 'P.M.');
INSERT INTO "vocabulary"."spelling" ("id", "vocabulary_id", "spelling_kind_code", "value") VALUES ('26e758fa-c6eb-5e1b-ae8d-08bf84503fbe', '94611381-0488-58aa-8cf2-12ad9ff4e2dd', 'KANJI', '午後');
INSERT INTO "vocabulary"."spelling" ("id", "vocabulary_id", "spelling_kind_code", "value") VALUES ('f11fd478-13c8-5a41-afad-849c63bf211d', '94611381-0488-58aa-8cf2-12ad9ff4e2dd', 'HIRAGANA', 'ごご');
INSERT INTO "vocabulary"."spelling" ("id", "vocabulary_id", "spelling_kind_code", "value") VALUES ('7021f41f-4fda-5183-a7c1-d7135e7a7d90', '94611381-0488-58aa-8cf2-12ad9ff4e2dd', 'KANJI', '午後');
INSERT INTO "vocabulary"."linkages" ("vocabulary_id", "preferred_definition_id", "preferred_spelling_id", "phonetic_spelling_id", "alt_phonetic_spelling_id", "kanji_spelling_id", "conjugation_set_id") VALUES ('94611381-0488-58aa-8cf2-12ad9ff4e2dd', '58ed18c5-e537-5ec8-a4f3-60e26c8f3ad2', '26e758fa-c6eb-5e1b-ae8d-08bf84503fbe', 'f11fd478-13c8-5a41-afad-849c63bf211d', NULL, '7021f41f-4fda-5183-a7c1-d7135e7a7d90', NULL);
INSERT INTO "vocabulary"."reference" ("vocabulary_id", "lesson_code") VALUES ('94611381-0488-58aa-8cf2-12ad9ff4e2dd', 'DUO_02_03');
INSERT INTO "vocabulary"."reference" ("vocabulary_id", "lesson_code") VALUES ('94611381-0488-58aa-8cf2-12ad9ff4e2dd', 'DUO_U07');
INSERT INTO "vocabulary"."reference" ("vocabulary_id", "lesson_code") VALUES ('94611381-0488-58aa-8cf2-12ad9ff4e2dd', 'GENKI3_L01');
-- 〜時 | ...o'clock --;
INSERT INTO "vocabulary"."vocabulary" ("id", "word_class_code", "conjugation_kind_code", "jlpt_level", "row_num", "tags", "date_added") VALUES ('40502e18-b4ba-50b4-89b7-23fd3b4d4a21', 'SUFFIX', NULL, NULL, 51, '{time}', '2022-04-24');
INSERT INTO "vocabulary"."definition" ("id", "vocabulary_id", "sort_rank", "value") VALUES ('91620f9e-a77a-5b08-9178-3aefc9330c68', '40502e18-b4ba-50b4-89b7-23fd3b4d4a21', 1, '...o''clock');
INSERT INTO "vocabulary"."spelling" ("id", "vocabulary_id", "spelling_kind_code", "value") VALUES ('102eaf6a-41aa-59bf-85b0-4fc96dfe7b02', '40502e18-b4ba-50b4-89b7-23fd3b4d4a21', 'KANJI', '〜時');
INSERT INTO "vocabulary"."spelling" ("id", "vocabulary_id", "spelling_kind_code", "value") VALUES ('0b1250d9-3605-51a2-9b61-6a1b523956c9', '40502e18-b4ba-50b4-89b7-23fd3b4d4a21', 'HIRAGANA', '〜じ');
INSERT INTO "vocabulary"."spelling" ("id", "vocabulary_id", "spelling_kind_code", "value") VALUES ('fcefca7c-8ba0-562a-8670-40196c80c912', '40502e18-b4ba-50b4-89b7-23fd3b4d4a21', 'KANJI', '〜時');
INSERT INTO "vocabulary"."linkages" ("vocabulary_id", "preferred_definition_id", "preferred_spelling_id", "phonetic_spelling_id", "alt_phonetic_spelling_id", "kanji_spelling_id", "conjugation_set_id") VALUES ('40502e18-b4ba-50b4-89b7-23fd3b4d4a21', '91620f9e-a77a-5b08-9178-3aefc9330c68', '102eaf6a-41aa-59bf-85b0-4fc96dfe7b02', '0b1250d9-3605-51a2-9b61-6a1b523956c9', NULL, 'fcefca7c-8ba0-562a-8670-40196c80c912', NULL);
INSERT INTO "vocabulary"."reference" ("vocabulary_id", "lesson_code") VALUES ('40502e18-b4ba-50b4-89b7-23fd3b4d4a21', 'DUO_02_02');
INSERT INTO "vocabulary"."reference" ("vocabulary_id", "lesson_code") VALUES ('40502e18-b4ba-50b4-89b7-23fd3b4d4a21', 'DUO_U06');
INSERT INTO "vocabulary"."reference" ("vocabulary_id", "lesson_code") VALUES ('40502e18-b4ba-50b4-89b7-23fd3b4d4a21', 'GENKI3_L01');
-- 半 | half; half-past --;
INSERT INTO "vocabulary"."vocabulary" ("id", "word_class_code", "conjugation_kind_code", "jlpt_level", "row_num", "tags", "date_added") VALUES ('5372b023-b803-551c-9a7f-f404804f63f1', 'NOUN', NULL, 5, 52, '{time}', '2022-04-24');
INSERT INTO "vocabulary"."definition" ("id", "vocabulary_id", "sort_rank", "value") VALUES ('90481c8a-5b9b-5482-bca1-5c1ba6ade244', '5372b023-b803-551c-9a7f-f404804f63f1', 1, 'half; half-past');
INSERT INTO "vocabulary"."spelling" ("id", "vocabulary_id", "spelling_kind_code", "value") VALUES ('37bd4f3b-5c55-5250-96a8-eadc56df5b93', '5372b023-b803-551c-9a7f-f404804f63f1', 'KANJI', '半');
INSERT INTO "vocabulary"."spelling" ("id", "vocabulary_id", "spelling_kind_code", "value") VALUES ('1a9ef59c-1876-53a3-a358-e038b47d3955', '5372b023-b803-551c-9a7f-f404804f63f1', 'HIRAGANA', 'はん');
INSERT INTO "vocabulary"."spelling" ("id", "vocabulary_id", "spelling_kind_code", "value") VALUES ('a32348c2-e293-5005-8ab6-1fc41e744e6a', '5372b023-b803-551c-9a7f-f404804f63f1', 'KANJI', '半');
INSERT INTO "vocabulary"."linkages" ("vocabulary_id", "preferred_definition_id", "preferred_spelling_id", "phonetic_spelling_id", "alt_phonetic_spelling_id", "kanji_spelling_id", "conjugation_set_id") VALUES ('5372b023-b803-551c-9a7f-f404804f63f1', '90481c8a-5b9b-5482-bca1-5c1ba6ade244', '37bd4f3b-5c55-5250-96a8-eadc56df5b93', '1a9ef59c-1876-53a3-a358-e038b47d3955', NULL, 'a32348c2-e293-5005-8ab6-1fc41e744e6a', NULL);
INSERT INTO "vocabulary"."reference" ("vocabulary_id", "lesson_code") VALUES ('5372b023-b803-551c-9a7f-f404804f63f1', 'DUO_02_02');
INSERT INTO "vocabulary"."reference" ("vocabulary_id", "lesson_code") VALUES ('5372b023-b803-551c-9a7f-f404804f63f1', 'DUO_U06');
INSERT INTO "vocabulary"."reference" ("vocabulary_id", "lesson_code") VALUES ('5372b023-b803-551c-9a7f-f404804f63f1', 'GENKI3_L01');
-- 〜分 | minute, arcminutes --;
INSERT INTO "vocabulary"."vocabulary" ("id", "word_class_code", "conjugation_kind_code", "jlpt_level", "row_num", "tags", "date_added") VALUES ('2cf1d32f-b261-5ba6-829c-a9f1237a88d6', 'NOUN', NULL, 1, 53, '{time}', '2022-04-24');
INSERT INTO "vocabulary"."definition" ("id", "vocabulary_id", "sort_rank", "value") VALUES ('fc8e30ae-1ef2-5b2f-b799-b128aa9d6b8e', '2cf1d32f-b261-5ba6-829c-a9f1237a88d6', 1, 'minute, arcminutes');
INSERT INTO "vocabulary"."spelling" ("id", "vocabulary_id", "spelling_kind_code", "value") VALUES ('daa84374-4c99-53dd-bb22-2201b09b2529', '2cf1d32f-b261-5ba6-829c-a9f1237a88d6', 'KANJI', '〜分');
INSERT INTO "vocabulary"."spelling" ("id", "vocabulary_id", "spelling_kind_code", "value") VALUES ('decf2be8-640b-54aa-8b74-516a49e8e740', '2cf1d32f-b261-5ba6-829c-a9f1237a88d6', 'HIRAGANA', '〜ふん');
INSERT INTO "vocabulary"."spelling" ("id", "vocabulary_id", "spelling_kind_code", "value") VALUES ('c6dd7210-a7bc-59cf-a570-55c191db5c83', '2cf1d32f-b261-5ba6-829c-a9f1237a88d6', 'HIRAGANA', '〜ぷん');
INSERT INTO "vocabulary"."spelling" ("id", "vocabulary_id", "spelling_kind_code", "value") VALUES ('968b1468-e28a-5df4-8f6f-92f4908852e1', '2cf1d32f-b261-5ba6-829c-a9f1237a88d6', 'KANJI', '〜分');
INSERT INTO "vocabulary"."linkages" ("vocabulary_id", "preferred_definition_id", "preferred_spelling_id", "phonetic_spelling_id", "alt_phonetic_spelling_id", "kanji_spelling_id", "conjugation_set_id") VALUES ('2cf1d32f-b261-5ba6-829c-a9f1237a88d6', 'fc8e30ae-1ef2-5b2f-b799-b128aa9d6b8e', 'daa84374-4c99-53dd-bb22-2201b09b2529', 'decf2be8-640b-54aa-8b74-516a49e8e740', 'c6dd7210-a7bc-59cf-a570-55c191db5c83', '968b1468-e28a-5df4-8f6f-92f4908852e1', NULL);
INSERT INTO "vocabulary"."reference" ("vocabulary_id", "lesson_code") VALUES ('2cf1d32f-b261-5ba6-829c-a9f1237a88d6', 'DUO_02_02');
INSERT INTO "vocabulary"."reference" ("vocabulary_id", "lesson_code") VALUES ('2cf1d32f-b261-5ba6-829c-a9f1237a88d6', 'DUO_U06');
-- 分 | part, portion, share --;
INSERT INTO "vocabulary"."vocabulary" ("id", "word_class_code", "conjugation_kind_code", "jlpt_level", "row_num", "tags", "date_added") VALUES ('db9793c1-8b7c-481c-bc77-6d36eb4afb30', 'NOUN', NULL, 3, 54, '{}', '2022-08-09');
INSERT INTO "vocabulary"."definition" ("id", "vocabulary_id", "sort_rank", "value") VALUES ('0ead0488-83b8-571f-89e6-a64f932f845a', 'db9793c1-8b7c-481c-bc77-6d36eb4afb30', 1, 'part, portion, share');
INSERT INTO "vocabulary"."spelling" ("id", "vocabulary_id", "spelling_kind_code", "value") VALUES ('2acca732-66b5-5135-a31d-d507a7c3ae35', 'db9793c1-8b7c-481c-bc77-6d36eb4afb30', 'KANJI', '分');
INSERT INTO "vocabulary"."spelling" ("id", "vocabulary_id", "spelling_kind_code", "value") VALUES ('4eb09455-be5f-53b8-82aa-a721a0d83c85', 'db9793c1-8b7c-481c-bc77-6d36eb4afb30', 'HIRAGANA', 'ぶん');
INSERT INTO "vocabulary"."spelling" ("id", "vocabulary_id", "spelling_kind_code", "value") VALUES ('3e56e2b4-77b8-5b5b-9df3-1bf1f8934e45', 'db9793c1-8b7c-481c-bc77-6d36eb4afb30', 'KANJI', '分');
INSERT INTO "vocabulary"."linkages" ("vocabulary_id", "preferred_definition_id", "preferred_spelling_id", "phonetic_spelling_id", "alt_phonetic_spelling_id", "kanji_spelling_id", "conjugation_set_id") VALUES ('db9793c1-8b7c-481c-bc77-6d36eb4afb30', '0ead0488-83b8-571f-89e6-a64f932f845a', '2acca732-66b5-5135-a31d-d507a7c3ae35', '4eb09455-be5f-53b8-82aa-a721a0d83c85', NULL, '3e56e2b4-77b8-5b5b-9df3-1bf1f8934e45', NULL);
-- 〜ごろ | approximately at time --;
INSERT INTO "vocabulary"."vocabulary" ("id", "word_class_code", "conjugation_kind_code", "jlpt_level", "row_num", "tags", "date_added") VALUES ('a39e794c-9682-5cd5-9c5e-dd961aa92bc5', 'NOUN', NULL, 3, 55, '{time}', '2022-04-24');
INSERT INTO "vocabulary"."definition" ("id", "vocabulary_id", "sort_rank", "value") VALUES ('314a1e72-ae6b-51cf-b8cb-9ace3e575f02', 'a39e794c-9682-5cd5-9c5e-dd961aa92bc5', 1, 'approximately at time');
INSERT INTO "vocabulary"."spelling" ("id", "vocabulary_id", "spelling_kind_code", "value") VALUES ('a16048d0-d2e9-57aa-a3f0-b15adae3bd95', 'a39e794c-9682-5cd5-9c5e-dd961aa92bc5', 'HIRAGANA', '〜ごろ');
INSERT INTO "vocabulary"."spelling" ("id", "vocabulary_id", "spelling_kind_code", "value") VALUES ('73f2fd59-8226-52ef-9485-62cf1b84274f', 'a39e794c-9682-5cd5-9c5e-dd961aa92bc5', 'HIRAGANA', '〜ごろ');
INSERT INTO "vocabulary"."spelling" ("id", "vocabulary_id", "spelling_kind_code", "value") VALUES ('ead618a5-4a3c-5f13-be94-59a08fa65ab5', 'a39e794c-9682-5cd5-9c5e-dd961aa92bc5', 'KANJI', '〜頃');
INSERT INTO "vocabulary"."linkages" ("vocabulary_id", "preferred_definition_id", "preferred_spelling_id", "phonetic_spelling_id", "alt_phonetic_spelling_id", "kanji_spelling_id", "conjugation_set_id") VALUES ('a39e794c-9682-5cd5-9c5e-dd961aa92bc5', '314a1e72-ae6b-51cf-b8cb-9ace3e575f02', 'a16048d0-d2e9-57aa-a3f0-b15adae3bd95', '73f2fd59-8226-52ef-9485-62cf1b84274f', NULL, 'ead618a5-4a3c-5f13-be94-59a08fa65ab5', NULL);
INSERT INTO "vocabulary"."reference" ("vocabulary_id", "lesson_code") VALUES ('a39e794c-9682-5cd5-9c5e-dd961aa92bc5', 'DUO_02_03');
INSERT INTO "vocabulary"."reference" ("vocabulary_id", "lesson_code") VALUES ('a39e794c-9682-5cd5-9c5e-dd961aa92bc5', 'DUO_U07');
-- ちょうど | exactly --;
INSERT INTO "vocabulary"."vocabulary" ("id", "word_class_code", "conjugation_kind_code", "jlpt_level", "row_num", "tags", "date_added") VALUES ('9e67a677-9058-536e-85d6-389ea5138c86', 'NOUN', NULL, 5, 56, '{time}', '2022-04-24');
INSERT INTO "vocabulary"."definition" ("id", "vocabulary_id", "sort_rank", "value") VALUES ('757b166c-0216-5b01-910c-b53632eb27c4', '9e67a677-9058-536e-85d6-389ea5138c86', 1, 'exactly');
INSERT INTO "vocabulary"."spelling" ("id", "vocabulary_id", "spelling_kind_code", "value") VALUES ('012b4629-9da1-58d6-a554-39232e243ec3', '9e67a677-9058-536e-85d6-389ea5138c86', 'HIRAGANA', 'ちょうど');
INSERT INTO "vocabulary"."spelling" ("id", "vocabulary_id", "spelling_kind_code", "value") VALUES ('c36c78cc-daf3-57f8-9e90-c5261fe34a5b', '9e67a677-9058-536e-85d6-389ea5138c86', 'HIRAGANA', 'ちょうど');
INSERT INTO "vocabulary"."spelling" ("id", "vocabulary_id", "spelling_kind_code", "value") VALUES ('c56b4146-307d-591d-b061-2fd6c3870bfd', '9e67a677-9058-536e-85d6-389ea5138c86', 'KANJI', '丁度');
INSERT INTO "vocabulary"."linkages" ("vocabulary_id", "preferred_definition_id", "preferred_spelling_id", "phonetic_spelling_id", "alt_phonetic_spelling_id", "kanji_spelling_id", "conjugation_set_id") VALUES ('9e67a677-9058-536e-85d6-389ea5138c86', '757b166c-0216-5b01-910c-b53632eb27c4', '012b4629-9da1-58d6-a554-39232e243ec3', 'c36c78cc-daf3-57f8-9e90-c5261fe34a5b', NULL, 'c56b4146-307d-591d-b061-2fd6c3870bfd', NULL);
INSERT INTO "vocabulary"."reference" ("vocabulary_id", "lesson_code") VALUES ('9e67a677-9058-536e-85d6-389ea5138c86', 'DUO_02_02');
INSERT INTO "vocabulary"."reference" ("vocabulary_id", "lesson_code") VALUES ('9e67a677-9058-536e-85d6-389ea5138c86', 'DUO_U06');
-- 零 | zero --;
INSERT INTO "vocabulary"."vocabulary" ("id", "word_class_code", "conjugation_kind_code", "jlpt_level", "row_num", "tags", "date_added") VALUES ('252852aa-aefd-504b-b671-668a33020492', 'NOUN', NULL, 5, 57, '{number,time}', '2022-04-24');
INSERT INTO "vocabulary"."definition" ("id", "vocabulary_id", "sort_rank", "value") VALUES ('c960851c-dc10-51ae-bd83-8f1578b39686', '252852aa-aefd-504b-b671-668a33020492', 1, 'zero');
INSERT INTO "vocabulary"."spelling" ("id", "vocabulary_id", "spelling_kind_code", "value") VALUES ('a757666c-9857-5976-b5e4-cc900d9fe321', '252852aa-aefd-504b-b671-668a33020492', 'KANJI', '零');
INSERT INTO "vocabulary"."spelling" ("id", "vocabulary_id", "spelling_kind_code", "value") VALUES ('eb30e610-1f96-5454-8e6c-fe7d422f8a81', '252852aa-aefd-504b-b671-668a33020492', 'HIRAGANA', 'れい');
INSERT INTO "vocabulary"."spelling" ("id", "vocabulary_id", "spelling_kind_code", "value") VALUES ('2c1e4740-dd0f-5628-aecd-a4b5224e5f11', '252852aa-aefd-504b-b671-668a33020492', 'KANJI', '零');
INSERT INTO "vocabulary"."linkages" ("vocabulary_id", "preferred_definition_id", "preferred_spelling_id", "phonetic_spelling_id", "alt_phonetic_spelling_id", "kanji_spelling_id", "conjugation_set_id") VALUES ('252852aa-aefd-504b-b671-668a33020492', 'c960851c-dc10-51ae-bd83-8f1578b39686', 'a757666c-9857-5976-b5e4-cc900d9fe321', 'eb30e610-1f96-5454-8e6c-fe7d422f8a81', NULL, '2c1e4740-dd0f-5628-aecd-a4b5224e5f11', NULL);
INSERT INTO "vocabulary"."reference" ("vocabulary_id", "lesson_code") VALUES ('252852aa-aefd-504b-b671-668a33020492', 'DUO_02_03');
INSERT INTO "vocabulary"."reference" ("vocabulary_id", "lesson_code") VALUES ('252852aa-aefd-504b-b671-668a33020492', 'DUO_U07');
-- 日本 | Japan --;
INSERT INTO "vocabulary"."vocabulary" ("id", "word_class_code", "conjugation_kind_code", "jlpt_level", "row_num", "tags", "date_added") VALUES ('cc6a4913-6f39-521b-a0cf-9631f640800e', 'PROPER_NOUN', NULL, 3, 58, '{country,place}', '2022-04-24');
INSERT INTO "vocabulary"."definition" ("id", "vocabulary_id", "sort_rank", "value") VALUES ('c85faeda-d991-5afd-bf9c-d27c4a946dc3', 'cc6a4913-6f39-521b-a0cf-9631f640800e', 1, 'Japan');
INSERT INTO "vocabulary"."spelling" ("id", "vocabulary_id", "spelling_kind_code", "value") VALUES ('54117b1d-27b2-52fc-8e90-5059833e1338', 'cc6a4913-6f39-521b-a0cf-9631f640800e', 'KANJI', '日本');
INSERT INTO "vocabulary"."spelling" ("id", "vocabulary_id", "spelling_kind_code", "value") VALUES ('b93caac7-6efe-55a8-9253-2476c90453d5', 'cc6a4913-6f39-521b-a0cf-9631f640800e', 'HIRAGANA', 'にほん');
INSERT INTO "vocabulary"."spelling" ("id", "vocabulary_id", "spelling_kind_code", "value") VALUES ('2de9cb9c-5b60-5452-b189-b16a2cf8e26b', 'cc6a4913-6f39-521b-a0cf-9631f640800e', 'KANJI', '日本');
INSERT INTO "vocabulary"."linkages" ("vocabulary_id", "preferred_definition_id", "preferred_spelling_id", "phonetic_spelling_id", "alt_phonetic_spelling_id", "kanji_spelling_id", "conjugation_set_id") VALUES ('cc6a4913-6f39-521b-a0cf-9631f640800e', 'c85faeda-d991-5afd-bf9c-d27c4a946dc3', '54117b1d-27b2-52fc-8e90-5059833e1338', 'b93caac7-6efe-55a8-9253-2476c90453d5', NULL, '2de9cb9c-5b60-5452-b189-b16a2cf8e26b', NULL);
INSERT INTO "vocabulary"."reference" ("vocabulary_id", "lesson_code") VALUES ('cc6a4913-6f39-521b-a0cf-9631f640800e', 'GENKI3_L01');
-- アメリカ | America --;
INSERT INTO "vocabulary"."vocabulary" ("id", "word_class_code", "conjugation_kind_code", "jlpt_level", "row_num", "tags", "date_added") VALUES ('522e0796-297d-5bf2-be85-e93596baa6bf', 'PROPER_NOUN', NULL, 4, 59, '{country,place}', '2022-04-24');
INSERT INTO "vocabulary"."definition" ("id", "vocabulary_id", "sort_rank", "value") VALUES ('149a6cc5-42eb-5f45-8476-5f8492afc341', '522e0796-297d-5bf2-be85-e93596baa6bf', 1, 'America');
INSERT INTO "vocabulary"."spelling" ("id", "vocabulary_id", "spelling_kind_code", "value") VALUES ('f891814e-6dac-545a-b7c2-1c46e48d8696', '522e0796-297d-5bf2-be85-e93596baa6bf', 'KATAKANA', 'アメリカ');
INSERT INTO "vocabulary"."spelling" ("id", "vocabulary_id", "spelling_kind_code", "value") VALUES ('5c3e1aa1-26f8-598e-b4e3-9dbb9938a84e', '522e0796-297d-5bf2-be85-e93596baa6bf', 'HIRAGANA', 'あめりか');
INSERT INTO "vocabulary"."linkages" ("vocabulary_id", "preferred_definition_id", "preferred_spelling_id", "phonetic_spelling_id", "alt_phonetic_spelling_id", "kanji_spelling_id", "conjugation_set_id") VALUES ('522e0796-297d-5bf2-be85-e93596baa6bf', '149a6cc5-42eb-5f45-8476-5f8492afc341', 'f891814e-6dac-545a-b7c2-1c46e48d8696', '5c3e1aa1-26f8-598e-b4e3-9dbb9938a84e', NULL, NULL, NULL);
INSERT INTO "vocabulary"."reference" ("vocabulary_id", "lesson_code") VALUES ('522e0796-297d-5bf2-be85-e93596baa6bf', 'GENKI3_L01');
-- 〜語 | ...language --;
INSERT INTO "vocabulary"."vocabulary" ("id", "word_class_code", "conjugation_kind_code", "jlpt_level", "row_num", "tags", "date_added") VALUES ('a420a37b-593e-572e-aae7-d724eca6803d', 'NOUN', NULL, 3, 60, '{}', '2022-04-24');
INSERT INTO "vocabulary"."definition" ("id", "vocabulary_id", "sort_rank", "value") VALUES ('5ef0651b-575c-565a-a139-0aea90091172', 'a420a37b-593e-572e-aae7-d724eca6803d', 1, '...language');
INSERT INTO "vocabulary"."spelling" ("id", "vocabulary_id", "spelling_kind_code", "value") VALUES ('974f11b0-99a3-5cce-9391-7ed06bb1a6aa', 'a420a37b-593e-572e-aae7-d724eca6803d', 'KANJI', '〜語');
INSERT INTO "vocabulary"."spelling" ("id", "vocabulary_id", "spelling_kind_code", "value") VALUES ('a9decf66-fe8f-544b-bc84-62b0db0a1747', 'a420a37b-593e-572e-aae7-d724eca6803d', 'HIRAGANA', '〜ご');
INSERT INTO "vocabulary"."spelling" ("id", "vocabulary_id", "spelling_kind_code", "value") VALUES ('d1df585c-d44d-532e-8ffe-d5e32eb430f5', 'a420a37b-593e-572e-aae7-d724eca6803d', 'KANJI', '〜語');
INSERT INTO "vocabulary"."linkages" ("vocabulary_id", "preferred_definition_id", "preferred_spelling_id", "phonetic_spelling_id", "alt_phonetic_spelling_id", "kanji_spelling_id", "conjugation_set_id") VALUES ('a420a37b-593e-572e-aae7-d724eca6803d', '5ef0651b-575c-565a-a139-0aea90091172', '974f11b0-99a3-5cce-9391-7ed06bb1a6aa', 'a9decf66-fe8f-544b-bc84-62b0db0a1747', NULL, 'd1df585c-d44d-532e-8ffe-d5e32eb430f5', NULL);
INSERT INTO "vocabulary"."reference" ("vocabulary_id", "lesson_code") VALUES ('a420a37b-593e-572e-aae7-d724eca6803d', 'GENKI3_L01');
-- 〜歳 | ...years old --;
INSERT INTO "vocabulary"."vocabulary" ("id", "word_class_code", "conjugation_kind_code", "jlpt_level", "row_num", "tags", "date_added") VALUES ('c59169cb-e5ad-5311-a9ce-43764a5ddda6', 'SUFFIX', NULL, NULL, 61, '{}', '2022-04-24');
INSERT INTO "vocabulary"."definition" ("id", "vocabulary_id", "sort_rank", "value") VALUES ('3d5d0c1a-90a6-53cc-8a7d-05285a99bc7a', 'c59169cb-e5ad-5311-a9ce-43764a5ddda6', 1, '...years old');
INSERT INTO "vocabulary"."spelling" ("id", "vocabulary_id", "spelling_kind_code", "value") VALUES ('d26fc8f7-f1f5-5297-8283-494f044f7b4a', 'c59169cb-e5ad-5311-a9ce-43764a5ddda6', 'KANJI', '〜歳');
INSERT INTO "vocabulary"."spelling" ("id", "vocabulary_id", "spelling_kind_code", "value") VALUES ('4d4cc18a-83c6-5431-a2e9-85e054a09075', 'c59169cb-e5ad-5311-a9ce-43764a5ddda6', 'HIRAGANA', '〜さい');
INSERT INTO "vocabulary"."spelling" ("id", "vocabulary_id", "spelling_kind_code", "value") VALUES ('074fddbf-75a1-57d4-bd22-cfb53dff5434', 'c59169cb-e5ad-5311-a9ce-43764a5ddda6', 'KANJI', '〜歳');
INSERT INTO "vocabulary"."linkages" ("vocabulary_id", "preferred_definition_id", "preferred_spelling_id", "phonetic_spelling_id", "alt_phonetic_spelling_id", "kanji_spelling_id", "conjugation_set_id") VALUES ('c59169cb-e5ad-5311-a9ce-43764a5ddda6', '3d5d0c1a-90a6-53cc-8a7d-05285a99bc7a', 'd26fc8f7-f1f5-5297-8283-494f044f7b4a', '4d4cc18a-83c6-5431-a2e9-85e054a09075', NULL, '074fddbf-75a1-57d4-bd22-cfb53dff5434', NULL);
INSERT INTO "vocabulary"."reference" ("vocabulary_id", "lesson_code") VALUES ('c59169cb-e5ad-5311-a9ce-43764a5ddda6', 'GENKI3_L01');
-- 電話 | telephone --;
INSERT INTO "vocabulary"."vocabulary" ("id", "word_class_code", "conjugation_kind_code", "jlpt_level", "row_num", "tags", "date_added") VALUES ('1731f988-dcfb-5b31-bda9-c8988a5711bf', 'NOUN', NULL, 5, 62, '{}', '2022-04-24');
INSERT INTO "vocabulary"."definition" ("id", "vocabulary_id", "sort_rank", "value") VALUES ('cd715817-45dc-5d6b-9f20-39f9fadb9e54', '1731f988-dcfb-5b31-bda9-c8988a5711bf', 1, 'telephone');
INSERT INTO "vocabulary"."spelling" ("id", "vocabulary_id", "spelling_kind_code", "value") VALUES ('d6538c52-0d3a-5c30-a5b3-483040ecb63b', '1731f988-dcfb-5b31-bda9-c8988a5711bf', 'KANJI', '電話');
INSERT INTO "vocabulary"."spelling" ("id", "vocabulary_id", "spelling_kind_code", "value") VALUES ('31e67484-420b-518f-93b6-db4e772e079c', '1731f988-dcfb-5b31-bda9-c8988a5711bf', 'HIRAGANA', 'でんわ');
INSERT INTO "vocabulary"."spelling" ("id", "vocabulary_id", "spelling_kind_code", "value") VALUES ('19861d2e-8761-53be-bb53-98a3e165a930', '1731f988-dcfb-5b31-bda9-c8988a5711bf', 'KANJI', '電話');
INSERT INTO "vocabulary"."linkages" ("vocabulary_id", "preferred_definition_id", "preferred_spelling_id", "phonetic_spelling_id", "alt_phonetic_spelling_id", "kanji_spelling_id", "conjugation_set_id") VALUES ('1731f988-dcfb-5b31-bda9-c8988a5711bf', 'cd715817-45dc-5d6b-9f20-39f9fadb9e54', 'd6538c52-0d3a-5c30-a5b3-483040ecb63b', '31e67484-420b-518f-93b6-db4e772e079c', NULL, '19861d2e-8761-53be-bb53-98a3e165a930', NULL);
INSERT INTO "vocabulary"."reference" ("vocabulary_id", "lesson_code") VALUES ('1731f988-dcfb-5b31-bda9-c8988a5711bf', 'DUO_01_04');
INSERT INTO "vocabulary"."reference" ("vocabulary_id", "lesson_code") VALUES ('1731f988-dcfb-5b31-bda9-c8988a5711bf', 'DUO_U02');
INSERT INTO "vocabulary"."reference" ("vocabulary_id", "lesson_code") VALUES ('1731f988-dcfb-5b31-bda9-c8988a5711bf', 'GENKI3_L01');
-- 〜番 | number (in a series) --;
INSERT INTO "vocabulary"."vocabulary" ("id", "word_class_code", "conjugation_kind_code", "jlpt_level", "row_num", "tags", "date_added") VALUES ('f6524cfb-fa66-56ae-ae4c-0e38a8b6e54c', 'NOUN', NULL, 3, 63, '{}', '2022-04-24');
INSERT INTO "vocabulary"."definition" ("id", "vocabulary_id", "sort_rank", "value") VALUES ('bee0793b-7db6-57c9-badd-8303793e42f6', 'f6524cfb-fa66-56ae-ae4c-0e38a8b6e54c', 1, 'number (in a series)');
INSERT INTO "vocabulary"."spelling" ("id", "vocabulary_id", "spelling_kind_code", "value") VALUES ('47e6e09a-2939-5548-9313-e62f55837936', 'f6524cfb-fa66-56ae-ae4c-0e38a8b6e54c', 'KANJI', '〜番');
INSERT INTO "vocabulary"."spelling" ("id", "vocabulary_id", "spelling_kind_code", "value") VALUES ('2d6b6ff2-bc19-55d3-a309-d0319bfa5b5c', 'f6524cfb-fa66-56ae-ae4c-0e38a8b6e54c', 'HIRAGANA', '〜ばん');
INSERT INTO "vocabulary"."spelling" ("id", "vocabulary_id", "spelling_kind_code", "value") VALUES ('0e85eaf8-0a33-5072-8b39-8d4d30a30e47', 'f6524cfb-fa66-56ae-ae4c-0e38a8b6e54c', 'KANJI', '〜番');
INSERT INTO "vocabulary"."linkages" ("vocabulary_id", "preferred_definition_id", "preferred_spelling_id", "phonetic_spelling_id", "alt_phonetic_spelling_id", "kanji_spelling_id", "conjugation_set_id") VALUES ('f6524cfb-fa66-56ae-ae4c-0e38a8b6e54c', 'bee0793b-7db6-57c9-badd-8303793e42f6', '47e6e09a-2939-5548-9313-e62f55837936', '2d6b6ff2-bc19-55d3-a309-d0319bfa5b5c', NULL, '0e85eaf8-0a33-5072-8b39-8d4d30a30e47', NULL);
INSERT INTO "vocabulary"."reference" ("vocabulary_id", "lesson_code") VALUES ('f6524cfb-fa66-56ae-ae4c-0e38a8b6e54c', 'GENKI3_L01');
-- 番号 | number; series of digits --;
INSERT INTO "vocabulary"."vocabulary" ("id", "word_class_code", "conjugation_kind_code", "jlpt_level", "row_num", "tags", "date_added") VALUES ('d8f98686-282e-5c5f-88b2-4e046e707e54', 'NOUN', NULL, 5, 64, '{}', '2022-04-24');
INSERT INTO "vocabulary"."definition" ("id", "vocabulary_id", "sort_rank", "value") VALUES ('6dab218a-ce20-5255-9937-b4d90b8af4a9', 'd8f98686-282e-5c5f-88b2-4e046e707e54', 1, 'number; series of digits');
INSERT INTO "vocabulary"."spelling" ("id", "vocabulary_id", "spelling_kind_code", "value") VALUES ('aead9a27-1791-5cb5-8507-e801c2c9183e', 'd8f98686-282e-5c5f-88b2-4e046e707e54', 'KANJI', '番号');
INSERT INTO "vocabulary"."spelling" ("id", "vocabulary_id", "spelling_kind_code", "value") VALUES ('9f1829ad-0394-521c-92f9-203cb4e50d1d', 'd8f98686-282e-5c5f-88b2-4e046e707e54', 'HIRAGANA', 'ばんごう');
INSERT INTO "vocabulary"."spelling" ("id", "vocabulary_id", "spelling_kind_code", "value") VALUES ('4169e8ee-34aa-5fc8-8f0b-1637a25fbb39', 'd8f98686-282e-5c5f-88b2-4e046e707e54', 'KANJI', '番号');
INSERT INTO "vocabulary"."linkages" ("vocabulary_id", "preferred_definition_id", "preferred_spelling_id", "phonetic_spelling_id", "alt_phonetic_spelling_id", "kanji_spelling_id", "conjugation_set_id") VALUES ('d8f98686-282e-5c5f-88b2-4e046e707e54', '6dab218a-ce20-5255-9937-b4d90b8af4a9', 'aead9a27-1791-5cb5-8507-e801c2c9183e', '9f1829ad-0394-521c-92f9-203cb4e50d1d', NULL, '4169e8ee-34aa-5fc8-8f0b-1637a25fbb39', NULL);
INSERT INTO "vocabulary"."reference" ("vocabulary_id", "lesson_code") VALUES ('d8f98686-282e-5c5f-88b2-4e046e707e54', 'GENKI3_L01');
-- 名前 | name --;
INSERT INTO "vocabulary"."vocabulary" ("id", "word_class_code", "conjugation_kind_code", "jlpt_level", "row_num", "tags", "date_added") VALUES ('728f5a87-3848-5450-a941-f9cd0f898067', 'NOUN', NULL, 5, 65, '{}', '2022-04-24');
INSERT INTO "vocabulary"."definition" ("id", "vocabulary_id", "sort_rank", "value") VALUES ('ac8be3bc-0d6c-5a26-91bf-2f1469b8cbab', '728f5a87-3848-5450-a941-f9cd0f898067', 1, 'name');
INSERT INTO "vocabulary"."spelling" ("id", "vocabulary_id", "spelling_kind_code", "value") VALUES ('0ba2fb79-dc7e-5b1c-840c-887c15f6fa2c', '728f5a87-3848-5450-a941-f9cd0f898067', 'KANJI', '名前');
INSERT INTO "vocabulary"."spelling" ("id", "vocabulary_id", "spelling_kind_code", "value") VALUES ('46ef4882-abf7-5c39-ab39-ea655db75cd0', '728f5a87-3848-5450-a941-f9cd0f898067', 'HIRAGANA', 'なまえ');
INSERT INTO "vocabulary"."spelling" ("id", "vocabulary_id", "spelling_kind_code", "value") VALUES ('959e4884-d3a3-5d17-83a9-26d57e053ff2', '728f5a87-3848-5450-a941-f9cd0f898067', 'KANJI', '名前');
INSERT INTO "vocabulary"."linkages" ("vocabulary_id", "preferred_definition_id", "preferred_spelling_id", "phonetic_spelling_id", "alt_phonetic_spelling_id", "kanji_spelling_id", "conjugation_set_id") VALUES ('728f5a87-3848-5450-a941-f9cd0f898067', 'ac8be3bc-0d6c-5a26-91bf-2f1469b8cbab', '0ba2fb79-dc7e-5b1c-840c-887c15f6fa2c', '46ef4882-abf7-5c39-ab39-ea655db75cd0', NULL, '959e4884-d3a3-5d17-83a9-26d57e053ff2', NULL);
INSERT INTO "vocabulary"."reference" ("vocabulary_id", "lesson_code") VALUES ('728f5a87-3848-5450-a941-f9cd0f898067', 'GENKI3_L01');
-- 何 | what --;
INSERT INTO "vocabulary"."vocabulary" ("id", "word_class_code", "conjugation_kind_code", "jlpt_level", "row_num", "tags", "date_added") VALUES ('507092ff-6dc3-5749-a9c3-79ba8d2bc360', 'PRONOUN', NULL, 5, 66, '{}', '2022-04-24');
INSERT INTO "vocabulary"."definition" ("id", "vocabulary_id", "sort_rank", "value") VALUES ('54a39872-8f7b-5f2c-aa21-c43e5d64ad17', '507092ff-6dc3-5749-a9c3-79ba8d2bc360', 1, 'what');
INSERT INTO "vocabulary"."spelling" ("id", "vocabulary_id", "spelling_kind_code", "value") VALUES ('9cc27352-c54d-5ab0-a777-bac3cd6522f3', '507092ff-6dc3-5749-a9c3-79ba8d2bc360', 'KANJI', '何');
INSERT INTO "vocabulary"."spelling" ("id", "vocabulary_id", "spelling_kind_code", "value") VALUES ('db5f330d-315c-5fc0-853d-da872e527155', '507092ff-6dc3-5749-a9c3-79ba8d2bc360', 'HIRAGANA', 'なに');
INSERT INTO "vocabulary"."spelling" ("id", "vocabulary_id", "spelling_kind_code", "value") VALUES ('2f0fd17f-ad68-5b75-a265-c0715f151b5d', '507092ff-6dc3-5749-a9c3-79ba8d2bc360', 'HIRAGANA', 'なん');
INSERT INTO "vocabulary"."spelling" ("id", "vocabulary_id", "spelling_kind_code", "value") VALUES ('e56e551a-ae26-5a89-9504-4032dbd2de79', '507092ff-6dc3-5749-a9c3-79ba8d2bc360', 'KANJI', '何');
INSERT INTO "vocabulary"."linkages" ("vocabulary_id", "preferred_definition_id", "preferred_spelling_id", "phonetic_spelling_id", "alt_phonetic_spelling_id", "kanji_spelling_id", "conjugation_set_id") VALUES ('507092ff-6dc3-5749-a9c3-79ba8d2bc360', '54a39872-8f7b-5f2c-aa21-c43e5d64ad17', '9cc27352-c54d-5ab0-a777-bac3cd6522f3', 'db5f330d-315c-5fc0-853d-da872e527155', '2f0fd17f-ad68-5b75-a265-c0715f151b5d', 'e56e551a-ae26-5a89-9504-4032dbd2de79', NULL);
INSERT INTO "vocabulary"."reference" ("vocabulary_id", "lesson_code") VALUES ('507092ff-6dc3-5749-a9c3-79ba8d2bc360', 'GENKI3_L01');
-- あのう | um --;
INSERT INTO "vocabulary"."vocabulary" ("id", "word_class_code", "conjugation_kind_code", "jlpt_level", "row_num", "tags", "date_added") VALUES ('84e857b9-5605-51fb-bfb3-8cc08eb579d3', 'EXPRESSION', NULL, 5, 67, '{}', '2022-04-24');
INSERT INTO "vocabulary"."definition" ("id", "vocabulary_id", "sort_rank", "value") VALUES ('950bac62-c8bb-5e9e-b255-38106d4f257a', '84e857b9-5605-51fb-bfb3-8cc08eb579d3', 1, 'um');
INSERT INTO "vocabulary"."spelling" ("id", "vocabulary_id", "spelling_kind_code", "value") VALUES ('75603bd5-e239-536f-9057-93e3a983473b', '84e857b9-5605-51fb-bfb3-8cc08eb579d3', 'HIRAGANA', 'あのう');
INSERT INTO "vocabulary"."spelling" ("id", "vocabulary_id", "spelling_kind_code", "value") VALUES ('8eb32dc6-3ef2-5f70-8513-b70c886b0a0b', '84e857b9-5605-51fb-bfb3-8cc08eb579d3', 'HIRAGANA', 'あのう');
INSERT INTO "vocabulary"."linkages" ("vocabulary_id", "preferred_definition_id", "preferred_spelling_id", "phonetic_spelling_id", "alt_phonetic_spelling_id", "kanji_spelling_id", "conjugation_set_id") VALUES ('84e857b9-5605-51fb-bfb3-8cc08eb579d3', '950bac62-c8bb-5e9e-b255-38106d4f257a', '75603bd5-e239-536f-9057-93e3a983473b', '8eb32dc6-3ef2-5f70-8513-b70c886b0a0b', NULL, NULL, NULL);
INSERT INTO "vocabulary"."reference" ("vocabulary_id", "lesson_code") VALUES ('84e857b9-5605-51fb-bfb3-8cc08eb579d3', 'GENKI3_L01');
-- はい | yes --;
INSERT INTO "vocabulary"."vocabulary" ("id", "word_class_code", "conjugation_kind_code", "jlpt_level", "row_num", "tags", "date_added") VALUES ('dde2be42-c934-53fc-9dc6-3ce12b727924', 'INTERJECTION', NULL, 5, 68, '{}', '2022-04-24');
INSERT INTO "vocabulary"."definition" ("id", "vocabulary_id", "sort_rank", "value") VALUES ('295addc7-c68d-555e-9377-27b6eafd7129', 'dde2be42-c934-53fc-9dc6-3ce12b727924', 1, 'yes');
INSERT INTO "vocabulary"."spelling" ("id", "vocabulary_id", "spelling_kind_code", "value") VALUES ('47c46da2-8df0-516a-980a-5047552faeff', 'dde2be42-c934-53fc-9dc6-3ce12b727924', 'HIRAGANA', 'はい');
INSERT INTO "vocabulary"."spelling" ("id", "vocabulary_id", "spelling_kind_code", "value") VALUES ('011863f2-ddc7-52c6-9550-2a920447c59d', 'dde2be42-c934-53fc-9dc6-3ce12b727924', 'HIRAGANA', 'はい');
INSERT INTO "vocabulary"."linkages" ("vocabulary_id", "preferred_definition_id", "preferred_spelling_id", "phonetic_spelling_id", "alt_phonetic_spelling_id", "kanji_spelling_id", "conjugation_set_id") VALUES ('dde2be42-c934-53fc-9dc6-3ce12b727924', '295addc7-c68d-555e-9377-27b6eafd7129', '47c46da2-8df0-516a-980a-5047552faeff', '011863f2-ddc7-52c6-9550-2a920447c59d', NULL, NULL, NULL);
INSERT INTO "vocabulary"."reference" ("vocabulary_id", "lesson_code") VALUES ('dde2be42-c934-53fc-9dc6-3ce12b727924', 'GENKI3_L01');
-- いいえ | no --;
INSERT INTO "vocabulary"."vocabulary" ("id", "word_class_code", "conjugation_kind_code", "jlpt_level", "row_num", "tags", "date_added") VALUES ('0428342a-6b57-5e6f-b1c6-4aa6ccfdb267', 'INTERJECTION', NULL, 5, 69, '{}', '2022-04-24');
INSERT INTO "vocabulary"."definition" ("id", "vocabulary_id", "sort_rank", "value") VALUES ('c7e79a47-4757-562f-ac27-bbec5c052b16', '0428342a-6b57-5e6f-b1c6-4aa6ccfdb267', 1, 'no');
INSERT INTO "vocabulary"."spelling" ("id", "vocabulary_id", "spelling_kind_code", "value") VALUES ('2bacff3a-72c9-55c8-8af9-e885a4c350ff', '0428342a-6b57-5e6f-b1c6-4aa6ccfdb267', 'HIRAGANA', 'いいえ');
INSERT INTO "vocabulary"."spelling" ("id", "vocabulary_id", "spelling_kind_code", "value") VALUES ('73e82014-f7ee-5ca9-9ba7-48c8d9a53162', '0428342a-6b57-5e6f-b1c6-4aa6ccfdb267', 'HIRAGANA', 'いいえ');
INSERT INTO "vocabulary"."linkages" ("vocabulary_id", "preferred_definition_id", "preferred_spelling_id", "phonetic_spelling_id", "alt_phonetic_spelling_id", "kanji_spelling_id", "conjugation_set_id") VALUES ('0428342a-6b57-5e6f-b1c6-4aa6ccfdb267', 'c7e79a47-4757-562f-ac27-bbec5c052b16', '2bacff3a-72c9-55c8-8af9-e885a4c350ff', '73e82014-f7ee-5ca9-9ba7-48c8d9a53162', NULL, NULL, NULL);
INSERT INTO "vocabulary"."reference" ("vocabulary_id", "lesson_code") VALUES ('0428342a-6b57-5e6f-b1c6-4aa6ccfdb267', 'GENKI3_L01');
-- そうです | that is so;  that is right --;
INSERT INTO "vocabulary"."vocabulary" ("id", "word_class_code", "conjugation_kind_code", "jlpt_level", "row_num", "tags", "date_added") VALUES ('a48cfff2-551b-5525-bf29-f706571e7e15', 'EXPRESSION', NULL, NULL, 70, '{}', '2022-04-24');
INSERT INTO "vocabulary"."definition" ("id", "vocabulary_id", "sort_rank", "value") VALUES ('6a388f8c-1f45-5c6a-8a1b-de76c75ff525', 'a48cfff2-551b-5525-bf29-f706571e7e15', 1, 'that is so;  that is right');
INSERT INTO "vocabulary"."spelling" ("id", "vocabulary_id", "spelling_kind_code", "value") VALUES ('4ffe6f85-1348-5fd7-a531-056164f5f978', 'a48cfff2-551b-5525-bf29-f706571e7e15', 'HIRAGANA', 'そうです');
INSERT INTO "vocabulary"."spelling" ("id", "vocabulary_id", "spelling_kind_code", "value") VALUES ('00f1b374-70d7-5948-9f89-f5d7f6a35b02', 'a48cfff2-551b-5525-bf29-f706571e7e15', 'HIRAGANA', 'そうです');
INSERT INTO "vocabulary"."linkages" ("vocabulary_id", "preferred_definition_id", "preferred_spelling_id", "phonetic_spelling_id", "alt_phonetic_spelling_id", "kanji_spelling_id", "conjugation_set_id") VALUES ('a48cfff2-551b-5525-bf29-f706571e7e15', '6a388f8c-1f45-5c6a-8a1b-de76c75ff525', '4ffe6f85-1348-5fd7-a531-056164f5f978', '00f1b374-70d7-5948-9f89-f5d7f6a35b02', NULL, NULL, NULL);
INSERT INTO "vocabulary"."reference" ("vocabulary_id", "lesson_code") VALUES ('a48cfff2-551b-5525-bf29-f706571e7e15', 'GENKI3_L01');
-- そうですか | i see; is that so? --;
INSERT INTO "vocabulary"."vocabulary" ("id", "word_class_code", "conjugation_kind_code", "jlpt_level", "row_num", "tags", "date_added") VALUES ('311cf3c0-5798-551b-a933-eb33c4ce7843', 'EXPRESSION', NULL, NULL, 71, '{}', '2022-04-24');
INSERT INTO "vocabulary"."definition" ("id", "vocabulary_id", "sort_rank", "value") VALUES ('a76fda11-4a20-5f2d-979f-6fdf4fb122a5', '311cf3c0-5798-551b-a933-eb33c4ce7843', 1, 'i see; is that so?');
INSERT INTO "vocabulary"."spelling" ("id", "vocabulary_id", "spelling_kind_code", "value") VALUES ('523c1c1e-8589-50f9-9cbe-6252ea640bec', '311cf3c0-5798-551b-a933-eb33c4ce7843', 'HIRAGANA', 'そうですか');
INSERT INTO "vocabulary"."spelling" ("id", "vocabulary_id", "spelling_kind_code", "value") VALUES ('4171058e-6be8-5468-ab39-4ac0aa1d66b4', '311cf3c0-5798-551b-a933-eb33c4ce7843', 'HIRAGANA', 'そうですか');
INSERT INTO "vocabulary"."linkages" ("vocabulary_id", "preferred_definition_id", "preferred_spelling_id", "phonetic_spelling_id", "alt_phonetic_spelling_id", "kanji_spelling_id", "conjugation_set_id") VALUES ('311cf3c0-5798-551b-a933-eb33c4ce7843', 'a76fda11-4a20-5f2d-979f-6fdf4fb122a5', '523c1c1e-8589-50f9-9cbe-6252ea640bec', '4171058e-6be8-5468-ab39-4ac0aa1d66b4', NULL, NULL, NULL);
INSERT INTO "vocabulary"."reference" ("vocabulary_id", "lesson_code") VALUES ('311cf3c0-5798-551b-a933-eb33c4ce7843', 'GENKI3_L01');
-- イギリス | England --;
INSERT INTO "vocabulary"."vocabulary" ("id", "word_class_code", "conjugation_kind_code", "jlpt_level", "row_num", "tags", "date_added") VALUES ('40483fe8-7fda-56b7-b28b-eedb9da50a52', 'PROPER_NOUN', NULL, NULL, 72, '{country,place}', '2022-04-24');
INSERT INTO "vocabulary"."definition" ("id", "vocabulary_id", "sort_rank", "value") VALUES ('9753f68b-39af-540a-8349-4f07d6af100f', '40483fe8-7fda-56b7-b28b-eedb9da50a52', 1, 'England');
INSERT INTO "vocabulary"."spelling" ("id", "vocabulary_id", "spelling_kind_code", "value") VALUES ('25499d5d-a5e7-5169-92a9-97de3b3c5497', '40483fe8-7fda-56b7-b28b-eedb9da50a52', 'KATAKANA', 'イギリス');
INSERT INTO "vocabulary"."spelling" ("id", "vocabulary_id", "spelling_kind_code", "value") VALUES ('8ec8aa3a-4672-5db1-8c2f-da9d4ede0e06', '40483fe8-7fda-56b7-b28b-eedb9da50a52', 'HIRAGANA', 'いぎりす');
INSERT INTO "vocabulary"."linkages" ("vocabulary_id", "preferred_definition_id", "preferred_spelling_id", "phonetic_spelling_id", "alt_phonetic_spelling_id", "kanji_spelling_id", "conjugation_set_id") VALUES ('40483fe8-7fda-56b7-b28b-eedb9da50a52', '9753f68b-39af-540a-8349-4f07d6af100f', '25499d5d-a5e7-5169-92a9-97de3b3c5497', '8ec8aa3a-4672-5db1-8c2f-da9d4ede0e06', NULL, NULL, NULL);
INSERT INTO "vocabulary"."reference" ("vocabulary_id", "lesson_code") VALUES ('40483fe8-7fda-56b7-b28b-eedb9da50a52', 'GENKI3_L01');
-- オーストラリア | Australia --;
INSERT INTO "vocabulary"."vocabulary" ("id", "word_class_code", "conjugation_kind_code", "jlpt_level", "row_num", "tags", "date_added") VALUES ('2a0ff39c-471b-56d1-a2b2-39f20596f70c', 'PROPER_NOUN', NULL, NULL, 73, '{country,place}', '2022-04-24');
INSERT INTO "vocabulary"."definition" ("id", "vocabulary_id", "sort_rank", "value") VALUES ('1874e0ce-5b59-5614-9902-5a8fb5f1b21f', '2a0ff39c-471b-56d1-a2b2-39f20596f70c', 1, 'Australia');
INSERT INTO "vocabulary"."spelling" ("id", "vocabulary_id", "spelling_kind_code", "value") VALUES ('3cbe3a8c-061b-5830-9205-5252b909d606', '2a0ff39c-471b-56d1-a2b2-39f20596f70c', 'KATAKANA', 'オーストラリア');
INSERT INTO "vocabulary"."spelling" ("id", "vocabulary_id", "spelling_kind_code", "value") VALUES ('f5c0dde9-4a3c-5aa5-b80b-df6fc3e12bd7', '2a0ff39c-471b-56d1-a2b2-39f20596f70c', 'HIRAGANA', 'おおすとらりあ');
INSERT INTO "vocabulary"."linkages" ("vocabulary_id", "preferred_definition_id", "preferred_spelling_id", "phonetic_spelling_id", "alt_phonetic_spelling_id", "kanji_spelling_id", "conjugation_set_id") VALUES ('2a0ff39c-471b-56d1-a2b2-39f20596f70c', '1874e0ce-5b59-5614-9902-5a8fb5f1b21f', '3cbe3a8c-061b-5830-9205-5252b909d606', 'f5c0dde9-4a3c-5aa5-b80b-df6fc3e12bd7', NULL, NULL, NULL);
INSERT INTO "vocabulary"."reference" ("vocabulary_id", "lesson_code") VALUES ('2a0ff39c-471b-56d1-a2b2-39f20596f70c', 'GENKI3_L01');
-- 韓国 | Korea --;
INSERT INTO "vocabulary"."vocabulary" ("id", "word_class_code", "conjugation_kind_code", "jlpt_level", "row_num", "tags", "date_added") VALUES ('5cb08712-5c04-56f0-aaf6-a8e76a1e0ef4', 'PROPER_NOUN', NULL, NULL, 74, '{country,place}', '2022-04-24');
INSERT INTO "vocabulary"."definition" ("id", "vocabulary_id", "sort_rank", "value") VALUES ('aba91b69-8529-5743-b927-7b70cfffed1d', '5cb08712-5c04-56f0-aaf6-a8e76a1e0ef4', 1, 'Korea');
INSERT INTO "vocabulary"."spelling" ("id", "vocabulary_id", "spelling_kind_code", "value") VALUES ('0d209186-687a-53f4-b680-7e94f49d0c14', '5cb08712-5c04-56f0-aaf6-a8e76a1e0ef4', 'KANJI', '韓国');
INSERT INTO "vocabulary"."spelling" ("id", "vocabulary_id", "spelling_kind_code", "value") VALUES ('68781a84-ebcd-5b64-9e61-de17df09a581', '5cb08712-5c04-56f0-aaf6-a8e76a1e0ef4', 'HIRAGANA', 'かんこく');
INSERT INTO "vocabulary"."spelling" ("id", "vocabulary_id", "spelling_kind_code", "value") VALUES ('74e9426e-0d2f-5f8e-a23a-b193ddd8d3b8', '5cb08712-5c04-56f0-aaf6-a8e76a1e0ef4', 'KANJI', '韓国');
INSERT INTO "vocabulary"."linkages" ("vocabulary_id", "preferred_definition_id", "preferred_spelling_id", "phonetic_spelling_id", "alt_phonetic_spelling_id", "kanji_spelling_id", "conjugation_set_id") VALUES ('5cb08712-5c04-56f0-aaf6-a8e76a1e0ef4', 'aba91b69-8529-5743-b927-7b70cfffed1d', '0d209186-687a-53f4-b680-7e94f49d0c14', '68781a84-ebcd-5b64-9e61-de17df09a581', NULL, '74e9426e-0d2f-5f8e-a23a-b193ddd8d3b8', NULL);
INSERT INTO "vocabulary"."reference" ("vocabulary_id", "lesson_code") VALUES ('5cb08712-5c04-56f0-aaf6-a8e76a1e0ef4', 'GENKI3_L01');
-- カナダ | Canada --;
INSERT INTO "vocabulary"."vocabulary" ("id", "word_class_code", "conjugation_kind_code", "jlpt_level", "row_num", "tags", "date_added") VALUES ('b4a146e5-f483-50d5-8b18-ca71fdb3f570', 'PROPER_NOUN', NULL, NULL, 75, '{country,place}', '2022-04-24');
INSERT INTO "vocabulary"."definition" ("id", "vocabulary_id", "sort_rank", "value") VALUES ('af20be0e-b7a5-5349-b6be-aaa087cbad8c', 'b4a146e5-f483-50d5-8b18-ca71fdb3f570', 1, 'Canada');
INSERT INTO "vocabulary"."spelling" ("id", "vocabulary_id", "spelling_kind_code", "value") VALUES ('994abb37-c317-5cb3-84f3-b787f9f1298d', 'b4a146e5-f483-50d5-8b18-ca71fdb3f570', 'KATAKANA', 'カナダ');
INSERT INTO "vocabulary"."spelling" ("id", "vocabulary_id", "spelling_kind_code", "value") VALUES ('841ecbbf-b990-5117-a268-8a73d58fe8b8', 'b4a146e5-f483-50d5-8b18-ca71fdb3f570', 'HIRAGANA', 'かなだ');
INSERT INTO "vocabulary"."linkages" ("vocabulary_id", "preferred_definition_id", "preferred_spelling_id", "phonetic_spelling_id", "alt_phonetic_spelling_id", "kanji_spelling_id", "conjugation_set_id") VALUES ('b4a146e5-f483-50d5-8b18-ca71fdb3f570', 'af20be0e-b7a5-5349-b6be-aaa087cbad8c', '994abb37-c317-5cb3-84f3-b787f9f1298d', '841ecbbf-b990-5117-a268-8a73d58fe8b8', NULL, NULL, NULL);
INSERT INTO "vocabulary"."reference" ("vocabulary_id", "lesson_code") VALUES ('b4a146e5-f483-50d5-8b18-ca71fdb3f570', 'GENKI3_L01');
-- 中国 | China --;
INSERT INTO "vocabulary"."vocabulary" ("id", "word_class_code", "conjugation_kind_code", "jlpt_level", "row_num", "tags", "date_added") VALUES ('54ca6cf2-c9f0-5a77-b53c-8e4a2fbe76ac', 'PROPER_NOUN', NULL, NULL, 76, '{country,place}', '2022-04-24');
INSERT INTO "vocabulary"."definition" ("id", "vocabulary_id", "sort_rank", "value") VALUES ('94a1c2bc-98b2-5303-b1f0-36b67a35753a', '54ca6cf2-c9f0-5a77-b53c-8e4a2fbe76ac', 1, 'China');
INSERT INTO "vocabulary"."spelling" ("id", "vocabulary_id", "spelling_kind_code", "value") VALUES ('ba00ed73-31ad-56cc-bbf0-780a378e6b19', '54ca6cf2-c9f0-5a77-b53c-8e4a2fbe76ac', 'KANJI', '中国');
INSERT INTO "vocabulary"."spelling" ("id", "vocabulary_id", "spelling_kind_code", "value") VALUES ('d90e3bac-b74d-507c-b895-aca83e1109f4', '54ca6cf2-c9f0-5a77-b53c-8e4a2fbe76ac', 'HIRAGANA', 'ちゅうごく');
INSERT INTO "vocabulary"."spelling" ("id", "vocabulary_id", "spelling_kind_code", "value") VALUES ('fa956f59-e0c9-522b-b300-22bfb5c30422', '54ca6cf2-c9f0-5a77-b53c-8e4a2fbe76ac', 'KANJI', '中国');
INSERT INTO "vocabulary"."linkages" ("vocabulary_id", "preferred_definition_id", "preferred_spelling_id", "phonetic_spelling_id", "alt_phonetic_spelling_id", "kanji_spelling_id", "conjugation_set_id") VALUES ('54ca6cf2-c9f0-5a77-b53c-8e4a2fbe76ac', '94a1c2bc-98b2-5303-b1f0-36b67a35753a', 'ba00ed73-31ad-56cc-bbf0-780a378e6b19', 'd90e3bac-b74d-507c-b895-aca83e1109f4', NULL, 'fa956f59-e0c9-522b-b300-22bfb5c30422', NULL);
INSERT INTO "vocabulary"."reference" ("vocabulary_id", "lesson_code") VALUES ('54ca6cf2-c9f0-5a77-b53c-8e4a2fbe76ac', 'GENKI3_L01');
-- インド | India --;
INSERT INTO "vocabulary"."vocabulary" ("id", "word_class_code", "conjugation_kind_code", "jlpt_level", "row_num", "tags", "date_added") VALUES ('f3f3ba33-de3b-5fa1-9b99-eee62ae2e024', 'PROPER_NOUN', NULL, NULL, 77, '{country,place}', '2022-04-24');
INSERT INTO "vocabulary"."definition" ("id", "vocabulary_id", "sort_rank", "value") VALUES ('428c46fc-9f6f-5a0c-a503-d45c9ad6e920', 'f3f3ba33-de3b-5fa1-9b99-eee62ae2e024', 1, 'India');
INSERT INTO "vocabulary"."spelling" ("id", "vocabulary_id", "spelling_kind_code", "value") VALUES ('3739a530-d89b-52c3-869f-6fe5bfe077b6', 'f3f3ba33-de3b-5fa1-9b99-eee62ae2e024', 'KATAKANA', 'インド');
INSERT INTO "vocabulary"."spelling" ("id", "vocabulary_id", "spelling_kind_code", "value") VALUES ('cf70aaff-3c10-5207-9f4a-1af1791c8ceb', 'f3f3ba33-de3b-5fa1-9b99-eee62ae2e024', 'HIRAGANA', 'いんど');
INSERT INTO "vocabulary"."linkages" ("vocabulary_id", "preferred_definition_id", "preferred_spelling_id", "phonetic_spelling_id", "alt_phonetic_spelling_id", "kanji_spelling_id", "conjugation_set_id") VALUES ('f3f3ba33-de3b-5fa1-9b99-eee62ae2e024', '428c46fc-9f6f-5a0c-a503-d45c9ad6e920', '3739a530-d89b-52c3-869f-6fe5bfe077b6', 'cf70aaff-3c10-5207-9f4a-1af1791c8ceb', NULL, NULL, NULL);
INSERT INTO "vocabulary"."reference" ("vocabulary_id", "lesson_code") VALUES ('f3f3ba33-de3b-5fa1-9b99-eee62ae2e024', 'GENKI3_L01');
-- エジプト | Egypt --;
INSERT INTO "vocabulary"."vocabulary" ("id", "word_class_code", "conjugation_kind_code", "jlpt_level", "row_num", "tags", "date_added") VALUES ('eb20360e-5c1a-58b8-9bf8-040795c5bf0a', 'PROPER_NOUN', NULL, NULL, 78, '{country,place}', '2022-04-24');
INSERT INTO "vocabulary"."definition" ("id", "vocabulary_id", "sort_rank", "value") VALUES ('a39bde07-4fbf-5347-ac00-7f7375c46ada', 'eb20360e-5c1a-58b8-9bf8-040795c5bf0a', 1, 'Egypt');
INSERT INTO "vocabulary"."spelling" ("id", "vocabulary_id", "spelling_kind_code", "value") VALUES ('adeb661d-4980-5d5e-8aaa-4ec4ba02f175', 'eb20360e-5c1a-58b8-9bf8-040795c5bf0a', 'KATAKANA', 'エジプト');
INSERT INTO "vocabulary"."spelling" ("id", "vocabulary_id", "spelling_kind_code", "value") VALUES ('1c9376e4-091f-5bc5-8b92-eb594b97d7f6', 'eb20360e-5c1a-58b8-9bf8-040795c5bf0a', 'HIRAGANA', 'いじぷと');
INSERT INTO "vocabulary"."linkages" ("vocabulary_id", "preferred_definition_id", "preferred_spelling_id", "phonetic_spelling_id", "alt_phonetic_spelling_id", "kanji_spelling_id", "conjugation_set_id") VALUES ('eb20360e-5c1a-58b8-9bf8-040795c5bf0a', 'a39bde07-4fbf-5347-ac00-7f7375c46ada', 'adeb661d-4980-5d5e-8aaa-4ec4ba02f175', '1c9376e4-091f-5bc5-8b92-eb594b97d7f6', NULL, NULL, NULL);
INSERT INTO "vocabulary"."reference" ("vocabulary_id", "lesson_code") VALUES ('eb20360e-5c1a-58b8-9bf8-040795c5bf0a', 'GENKI3_L01');
-- フィリビン | Philipines --;
INSERT INTO "vocabulary"."vocabulary" ("id", "word_class_code", "conjugation_kind_code", "jlpt_level", "row_num", "tags", "date_added") VALUES ('ae144a7c-293f-5f24-81ee-37d5594d6aed', 'PROPER_NOUN', NULL, NULL, 79, '{country,place}', '2022-04-24');
INSERT INTO "vocabulary"."definition" ("id", "vocabulary_id", "sort_rank", "value") VALUES ('cb4f98ff-d415-54de-9362-68569dcf51bf', 'ae144a7c-293f-5f24-81ee-37d5594d6aed', 1, 'Philipines');
INSERT INTO "vocabulary"."spelling" ("id", "vocabulary_id", "spelling_kind_code", "value") VALUES ('b27800b0-0839-5869-bfed-de5297a5aa5b', 'ae144a7c-293f-5f24-81ee-37d5594d6aed', 'KATAKANA', 'フィリビン');
INSERT INTO "vocabulary"."spelling" ("id", "vocabulary_id", "spelling_kind_code", "value") VALUES ('098b1a75-76d5-5f23-94ab-4846f875e2ec', 'ae144a7c-293f-5f24-81ee-37d5594d6aed', 'HIRAGANA', 'ふぃりぴん');
INSERT INTO "vocabulary"."linkages" ("vocabulary_id", "preferred_definition_id", "preferred_spelling_id", "phonetic_spelling_id", "alt_phonetic_spelling_id", "kanji_spelling_id", "conjugation_set_id") VALUES ('ae144a7c-293f-5f24-81ee-37d5594d6aed', 'cb4f98ff-d415-54de-9362-68569dcf51bf', 'b27800b0-0839-5869-bfed-de5297a5aa5b', '098b1a75-76d5-5f23-94ab-4846f875e2ec', NULL, NULL, NULL);
INSERT INTO "vocabulary"."reference" ("vocabulary_id", "lesson_code") VALUES ('ae144a7c-293f-5f24-81ee-37d5594d6aed', 'GENKI3_L01');
-- アジア研究 | Asian Studies --;
INSERT INTO "vocabulary"."vocabulary" ("id", "word_class_code", "conjugation_kind_code", "jlpt_level", "row_num", "tags", "date_added") VALUES ('abd1e50d-f284-5a21-831f-344cb338414e', 'NOUN', NULL, NULL, 80, '{school_major}', '2022-04-24');
INSERT INTO "vocabulary"."definition" ("id", "vocabulary_id", "sort_rank", "value") VALUES ('b5150a99-74c6-5b40-b7d1-66d7047ca489', 'abd1e50d-f284-5a21-831f-344cb338414e', 1, 'Asian Studies');
INSERT INTO "vocabulary"."spelling" ("id", "vocabulary_id", "spelling_kind_code", "value") VALUES ('8f608b15-c20c-5192-aca5-0be6386a7c1d', 'abd1e50d-f284-5a21-831f-344cb338414e', 'KANJI', 'アジア研究');
INSERT INTO "vocabulary"."spelling" ("id", "vocabulary_id", "spelling_kind_code", "value") VALUES ('2c675fce-b709-5dbb-ae30-c2e108098cd4', 'abd1e50d-f284-5a21-831f-344cb338414e', 'HIRAGANA', 'あじあけんきゅう');
INSERT INTO "vocabulary"."spelling" ("id", "vocabulary_id", "spelling_kind_code", "value") VALUES ('3df3c41a-4fff-5f15-ae6f-101d9ae9344d', 'abd1e50d-f284-5a21-831f-344cb338414e', 'KANJI', 'アジア研究');
INSERT INTO "vocabulary"."linkages" ("vocabulary_id", "preferred_definition_id", "preferred_spelling_id", "phonetic_spelling_id", "alt_phonetic_spelling_id", "kanji_spelling_id", "conjugation_set_id") VALUES ('abd1e50d-f284-5a21-831f-344cb338414e', 'b5150a99-74c6-5b40-b7d1-66d7047ca489', '8f608b15-c20c-5192-aca5-0be6386a7c1d', '2c675fce-b709-5dbb-ae30-c2e108098cd4', NULL, '3df3c41a-4fff-5f15-ae6f-101d9ae9344d', NULL);
INSERT INTO "vocabulary"."reference" ("vocabulary_id", "lesson_code") VALUES ('abd1e50d-f284-5a21-831f-344cb338414e', 'GENKI3_L01');
-- 経済 | economics --;
INSERT INTO "vocabulary"."vocabulary" ("id", "word_class_code", "conjugation_kind_code", "jlpt_level", "row_num", "tags", "date_added") VALUES ('13912d04-d947-5c72-a192-740c19a28c86', 'NOUN', NULL, 4, 81, '{school_major}', '2022-04-24');
INSERT INTO "vocabulary"."definition" ("id", "vocabulary_id", "sort_rank", "value") VALUES ('859c4da1-1949-5c28-86a5-c32b6e0dc279', '13912d04-d947-5c72-a192-740c19a28c86', 1, 'economics');
INSERT INTO "vocabulary"."spelling" ("id", "vocabulary_id", "spelling_kind_code", "value") VALUES ('a2495f76-fd62-5bd3-8e90-97611206f2cb', '13912d04-d947-5c72-a192-740c19a28c86', 'KANJI', '経済');
INSERT INTO "vocabulary"."spelling" ("id", "vocabulary_id", "spelling_kind_code", "value") VALUES ('2b28ace1-e773-57fb-a16c-0df53eb6afa3', '13912d04-d947-5c72-a192-740c19a28c86', 'HIRAGANA', 'けいざい');
INSERT INTO "vocabulary"."spelling" ("id", "vocabulary_id", "spelling_kind_code", "value") VALUES ('e40d4dd1-aae5-55bf-aff2-d4eaec4b1424', '13912d04-d947-5c72-a192-740c19a28c86', 'KANJI', '経済');
INSERT INTO "vocabulary"."linkages" ("vocabulary_id", "preferred_definition_id", "preferred_spelling_id", "phonetic_spelling_id", "alt_phonetic_spelling_id", "kanji_spelling_id", "conjugation_set_id") VALUES ('13912d04-d947-5c72-a192-740c19a28c86', '859c4da1-1949-5c28-86a5-c32b6e0dc279', 'a2495f76-fd62-5bd3-8e90-97611206f2cb', '2b28ace1-e773-57fb-a16c-0df53eb6afa3', NULL, 'e40d4dd1-aae5-55bf-aff2-d4eaec4b1424', NULL);
INSERT INTO "vocabulary"."reference" ("vocabulary_id", "lesson_code") VALUES ('13912d04-d947-5c72-a192-740c19a28c86', 'GENKI3_L01');
-- 工学 | engineering --;
INSERT INTO "vocabulary"."vocabulary" ("id", "word_class_code", "conjugation_kind_code", "jlpt_level", "row_num", "tags", "date_added") VALUES ('7672ef18-d91f-548f-a938-970d6a741586', 'NOUN', NULL, 1, 82, '{school_major}', '2022-04-24');
INSERT INTO "vocabulary"."definition" ("id", "vocabulary_id", "sort_rank", "value") VALUES ('b1289cbb-5026-5bec-9e42-db37ab44b8d4', '7672ef18-d91f-548f-a938-970d6a741586', 1, 'engineering');
INSERT INTO "vocabulary"."spelling" ("id", "vocabulary_id", "spelling_kind_code", "value") VALUES ('1d953ad2-c436-5804-aa10-3e474d2efff5', '7672ef18-d91f-548f-a938-970d6a741586', 'KANJI', '工学');
INSERT INTO "vocabulary"."spelling" ("id", "vocabulary_id", "spelling_kind_code", "value") VALUES ('01d840f0-5c2c-5e9b-b75d-8c6955945497', '7672ef18-d91f-548f-a938-970d6a741586', 'HIRAGANA', 'こうがく');
INSERT INTO "vocabulary"."spelling" ("id", "vocabulary_id", "spelling_kind_code", "value") VALUES ('89af579e-9072-53df-bf71-8261ace07fd8', '7672ef18-d91f-548f-a938-970d6a741586', 'KANJI', '工学');
INSERT INTO "vocabulary"."linkages" ("vocabulary_id", "preferred_definition_id", "preferred_spelling_id", "phonetic_spelling_id", "alt_phonetic_spelling_id", "kanji_spelling_id", "conjugation_set_id") VALUES ('7672ef18-d91f-548f-a938-970d6a741586', 'b1289cbb-5026-5bec-9e42-db37ab44b8d4', '1d953ad2-c436-5804-aa10-3e474d2efff5', '01d840f0-5c2c-5e9b-b75d-8c6955945497', NULL, '89af579e-9072-53df-bf71-8261ace07fd8', NULL);
INSERT INTO "vocabulary"."reference" ("vocabulary_id", "lesson_code") VALUES ('7672ef18-d91f-548f-a938-970d6a741586', 'GENKI3_L01');
-- 国際関係 | international relations --;
INSERT INTO "vocabulary"."vocabulary" ("id", "word_class_code", "conjugation_kind_code", "jlpt_level", "row_num", "tags", "date_added") VALUES ('471eeab4-7852-53f9-ba6c-342f13746958', 'NOUN', NULL, NULL, 83, '{school_major}', '2022-04-24');
INSERT INTO "vocabulary"."definition" ("id", "vocabulary_id", "sort_rank", "value") VALUES ('89bfdaf6-0680-5608-aa56-4eaba12adf9f', '471eeab4-7852-53f9-ba6c-342f13746958', 1, 'international relations');
INSERT INTO "vocabulary"."spelling" ("id", "vocabulary_id", "spelling_kind_code", "value") VALUES ('b334841e-11ae-5203-803c-ccede3a019bf', '471eeab4-7852-53f9-ba6c-342f13746958', 'KANJI', '国際関係');
INSERT INTO "vocabulary"."spelling" ("id", "vocabulary_id", "spelling_kind_code", "value") VALUES ('5bd5c0f8-3aa6-5eda-b1da-f0f9b3b85c55', '471eeab4-7852-53f9-ba6c-342f13746958', 'HIRAGANA', 'こくさいかんけい');
INSERT INTO "vocabulary"."spelling" ("id", "vocabulary_id", "spelling_kind_code", "value") VALUES ('a41c9667-1e79-53f9-a038-7234bed267b3', '471eeab4-7852-53f9-ba6c-342f13746958', 'KANJI', '国際関係');
INSERT INTO "vocabulary"."linkages" ("vocabulary_id", "preferred_definition_id", "preferred_spelling_id", "phonetic_spelling_id", "alt_phonetic_spelling_id", "kanji_spelling_id", "conjugation_set_id") VALUES ('471eeab4-7852-53f9-ba6c-342f13746958', '89bfdaf6-0680-5608-aa56-4eaba12adf9f', 'b334841e-11ae-5203-803c-ccede3a019bf', '5bd5c0f8-3aa6-5eda-b1da-f0f9b3b85c55', NULL, 'a41c9667-1e79-53f9-a038-7234bed267b3', NULL);
INSERT INTO "vocabulary"."reference" ("vocabulary_id", "lesson_code") VALUES ('471eeab4-7852-53f9-ba6c-342f13746958', 'GENKI3_L01');
-- コンピューター | computer; computer science --;
INSERT INTO "vocabulary"."vocabulary" ("id", "word_class_code", "conjugation_kind_code", "jlpt_level", "row_num", "tags", "date_added") VALUES ('9e62feab-62dc-5faf-92d9-8cd423af7dab', 'NOUN', NULL, 4, 84, '{school_major}', '2022-04-24');
INSERT INTO "vocabulary"."definition" ("id", "vocabulary_id", "sort_rank", "value") VALUES ('a3dabec7-b1a4-5a1a-b54d-19245d9fc30e', '9e62feab-62dc-5faf-92d9-8cd423af7dab', 1, 'computer; computer science');
INSERT INTO "vocabulary"."spelling" ("id", "vocabulary_id", "spelling_kind_code", "value") VALUES ('91163131-4505-585b-9987-e49a5193146c', '9e62feab-62dc-5faf-92d9-8cd423af7dab', 'KATAKANA', 'コンピューター');
INSERT INTO "vocabulary"."spelling" ("id", "vocabulary_id", "spelling_kind_code", "value") VALUES ('a27e1a41-1f3d-54ea-af59-98802f42fab6', '9e62feab-62dc-5faf-92d9-8cd423af7dab', 'HIRAGANA', 'こんぴゅうたあ');
INSERT INTO "vocabulary"."linkages" ("vocabulary_id", "preferred_definition_id", "preferred_spelling_id", "phonetic_spelling_id", "alt_phonetic_spelling_id", "kanji_spelling_id", "conjugation_set_id") VALUES ('9e62feab-62dc-5faf-92d9-8cd423af7dab', 'a3dabec7-b1a4-5a1a-b54d-19245d9fc30e', '91163131-4505-585b-9987-e49a5193146c', 'a27e1a41-1f3d-54ea-af59-98802f42fab6', NULL, NULL, NULL);
INSERT INTO "vocabulary"."reference" ("vocabulary_id", "lesson_code") VALUES ('9e62feab-62dc-5faf-92d9-8cd423af7dab', 'GENKI3_L01');
-- 政治 | politics; government --;
INSERT INTO "vocabulary"."vocabulary" ("id", "word_class_code", "conjugation_kind_code", "jlpt_level", "row_num", "tags", "date_added") VALUES ('15b8fb86-6025-524c-a968-0d8e442c0d8e', 'NOUN', NULL, 4, 85, '{school_major}', '2022-04-24');
INSERT INTO "vocabulary"."definition" ("id", "vocabulary_id", "sort_rank", "value") VALUES ('dc0f5690-c3be-51ba-baf9-65bcccac8192', '15b8fb86-6025-524c-a968-0d8e442c0d8e', 1, 'politics; government');
INSERT INTO "vocabulary"."spelling" ("id", "vocabulary_id", "spelling_kind_code", "value") VALUES ('41f9d094-065d-557f-8968-465cd0875f33', '15b8fb86-6025-524c-a968-0d8e442c0d8e', 'KANJI', '政治');
INSERT INTO "vocabulary"."spelling" ("id", "vocabulary_id", "spelling_kind_code", "value") VALUES ('52b8d1ac-2ea7-53e6-92e1-6f4be19e74a8', '15b8fb86-6025-524c-a968-0d8e442c0d8e', 'HIRAGANA', 'せいじ');
INSERT INTO "vocabulary"."spelling" ("id", "vocabulary_id", "spelling_kind_code", "value") VALUES ('1a6ae921-66fb-5ebe-94f8-66dddc8715c9', '15b8fb86-6025-524c-a968-0d8e442c0d8e', 'KANJI', '政治');
INSERT INTO "vocabulary"."linkages" ("vocabulary_id", "preferred_definition_id", "preferred_spelling_id", "phonetic_spelling_id", "alt_phonetic_spelling_id", "kanji_spelling_id", "conjugation_set_id") VALUES ('15b8fb86-6025-524c-a968-0d8e442c0d8e', 'dc0f5690-c3be-51ba-baf9-65bcccac8192', '41f9d094-065d-557f-8968-465cd0875f33', '52b8d1ac-2ea7-53e6-92e1-6f4be19e74a8', NULL, '1a6ae921-66fb-5ebe-94f8-66dddc8715c9', NULL);
INSERT INTO "vocabulary"."reference" ("vocabulary_id", "lesson_code") VALUES ('15b8fb86-6025-524c-a968-0d8e442c0d8e', 'GENKI3_L01');
-- 生物学 | biology --;
INSERT INTO "vocabulary"."vocabulary" ("id", "word_class_code", "conjugation_kind_code", "jlpt_level", "row_num", "tags", "date_added") VALUES ('ee82d23f-991e-59ba-9646-d407d35b46ae', 'NOUN', NULL, NULL, 86, '{school_major}', '2022-04-24');
INSERT INTO "vocabulary"."definition" ("id", "vocabulary_id", "sort_rank", "value") VALUES ('17dceeb3-bad9-51e4-aab5-f06a99ef289e', 'ee82d23f-991e-59ba-9646-d407d35b46ae', 1, 'biology');
INSERT INTO "vocabulary"."spelling" ("id", "vocabulary_id", "spelling_kind_code", "value") VALUES ('b6d0b06d-4ca7-52d9-8a60-7d25d7e981ef', 'ee82d23f-991e-59ba-9646-d407d35b46ae', 'KANJI', '生物学');
INSERT INTO "vocabulary"."spelling" ("id", "vocabulary_id", "spelling_kind_code", "value") VALUES ('fa863424-3ba5-5fa0-8e02-7fbed092aa3c', 'ee82d23f-991e-59ba-9646-d407d35b46ae', 'HIRAGANA', 'せいぶつがく');
INSERT INTO "vocabulary"."spelling" ("id", "vocabulary_id", "spelling_kind_code", "value") VALUES ('57aef0e6-9bbd-517b-bede-d9674e838f3a', 'ee82d23f-991e-59ba-9646-d407d35b46ae', 'KANJI', '生物学');
INSERT INTO "vocabulary"."linkages" ("vocabulary_id", "preferred_definition_id", "preferred_spelling_id", "phonetic_spelling_id", "alt_phonetic_spelling_id", "kanji_spelling_id", "conjugation_set_id") VALUES ('ee82d23f-991e-59ba-9646-d407d35b46ae', '17dceeb3-bad9-51e4-aab5-f06a99ef289e', 'b6d0b06d-4ca7-52d9-8a60-7d25d7e981ef', 'fa863424-3ba5-5fa0-8e02-7fbed092aa3c', NULL, '57aef0e6-9bbd-517b-bede-d9674e838f3a', NULL);
INSERT INTO "vocabulary"."reference" ("vocabulary_id", "lesson_code") VALUES ('ee82d23f-991e-59ba-9646-d407d35b46ae', 'GENKI3_L01');
-- ビジネス | business --;
INSERT INTO "vocabulary"."vocabulary" ("id", "word_class_code", "conjugation_kind_code", "jlpt_level", "row_num", "tags", "date_added") VALUES ('a74f0164-da3d-59dc-bbd0-39cf065ee813', 'NOUN', NULL, 1, 87, '{school_major}', '2022-04-24');
INSERT INTO "vocabulary"."definition" ("id", "vocabulary_id", "sort_rank", "value") VALUES ('c707563f-7fe2-5851-ab17-e7345a10056d', 'a74f0164-da3d-59dc-bbd0-39cf065ee813', 1, 'business');
INSERT INTO "vocabulary"."spelling" ("id", "vocabulary_id", "spelling_kind_code", "value") VALUES ('1fd4040b-2ddd-5921-a0bb-1862ea360550', 'a74f0164-da3d-59dc-bbd0-39cf065ee813', 'KATAKANA', 'ビジネス');
INSERT INTO "vocabulary"."spelling" ("id", "vocabulary_id", "spelling_kind_code", "value") VALUES ('7008d786-7587-5fb4-b283-786935e83115', 'a74f0164-da3d-59dc-bbd0-39cf065ee813', 'HIRAGANA', 'びじねす');
INSERT INTO "vocabulary"."linkages" ("vocabulary_id", "preferred_definition_id", "preferred_spelling_id", "phonetic_spelling_id", "alt_phonetic_spelling_id", "kanji_spelling_id", "conjugation_set_id") VALUES ('a74f0164-da3d-59dc-bbd0-39cf065ee813', 'c707563f-7fe2-5851-ab17-e7345a10056d', '1fd4040b-2ddd-5921-a0bb-1862ea360550', '7008d786-7587-5fb4-b283-786935e83115', NULL, NULL, NULL);
INSERT INTO "vocabulary"."reference" ("vocabulary_id", "lesson_code") VALUES ('a74f0164-da3d-59dc-bbd0-39cf065ee813', 'GENKI3_L01');
-- 文学 | literature --;
INSERT INTO "vocabulary"."vocabulary" ("id", "word_class_code", "conjugation_kind_code", "jlpt_level", "row_num", "tags", "date_added") VALUES ('f41b3958-7c0c-5c05-9ea8-d0099b014f0c', 'NOUN', NULL, 4, 88, '{school_major}', '2022-04-24');
INSERT INTO "vocabulary"."definition" ("id", "vocabulary_id", "sort_rank", "value") VALUES ('f875151e-7b26-57bb-bdb3-f951b3728ac5', 'f41b3958-7c0c-5c05-9ea8-d0099b014f0c', 1, 'literature');
INSERT INTO "vocabulary"."spelling" ("id", "vocabulary_id", "spelling_kind_code", "value") VALUES ('0db0a39c-a2d3-54ad-b61c-47677c2c3db6', 'f41b3958-7c0c-5c05-9ea8-d0099b014f0c', 'KANJI', '文学');
INSERT INTO "vocabulary"."spelling" ("id", "vocabulary_id", "spelling_kind_code", "value") VALUES ('1702769a-2750-5c98-a9db-c8c57037a5c5', 'f41b3958-7c0c-5c05-9ea8-d0099b014f0c', 'HIRAGANA', 'ぶんがく');
INSERT INTO "vocabulary"."spelling" ("id", "vocabulary_id", "spelling_kind_code", "value") VALUES ('19cee9aa-30b1-51ae-9d67-c6a1c03b0682', 'f41b3958-7c0c-5c05-9ea8-d0099b014f0c', 'KANJI', '文学');
INSERT INTO "vocabulary"."linkages" ("vocabulary_id", "preferred_definition_id", "preferred_spelling_id", "phonetic_spelling_id", "alt_phonetic_spelling_id", "kanji_spelling_id", "conjugation_set_id") VALUES ('f41b3958-7c0c-5c05-9ea8-d0099b014f0c', 'f875151e-7b26-57bb-bdb3-f951b3728ac5', '0db0a39c-a2d3-54ad-b61c-47677c2c3db6', '1702769a-2750-5c98-a9db-c8c57037a5c5', NULL, '19cee9aa-30b1-51ae-9d67-c6a1c03b0682', NULL);
INSERT INTO "vocabulary"."reference" ("vocabulary_id", "lesson_code") VALUES ('f41b3958-7c0c-5c05-9ea8-d0099b014f0c', 'GENKI3_L01');
-- 歴史 | history --;
INSERT INTO "vocabulary"."vocabulary" ("id", "word_class_code", "conjugation_kind_code", "jlpt_level", "row_num", "tags", "date_added") VALUES ('0d91d253-e394-572c-a6c4-37e20ed0f603', 'NOUN', NULL, 4, 89, '{school_major}', '2022-04-24');
INSERT INTO "vocabulary"."definition" ("id", "vocabulary_id", "sort_rank", "value") VALUES ('d25f4c44-9131-5c8c-a2f2-ffda0286de0d', '0d91d253-e394-572c-a6c4-37e20ed0f603', 1, 'history');
INSERT INTO "vocabulary"."spelling" ("id", "vocabulary_id", "spelling_kind_code", "value") VALUES ('648c859c-bd9d-5482-82a7-c9b1ee35e416', '0d91d253-e394-572c-a6c4-37e20ed0f603', 'KANJI', '歴史');
INSERT INTO "vocabulary"."spelling" ("id", "vocabulary_id", "spelling_kind_code", "value") VALUES ('54d998ae-2404-548a-bac0-edd45f46a505', '0d91d253-e394-572c-a6c4-37e20ed0f603', 'HIRAGANA', 'れきし');
INSERT INTO "vocabulary"."spelling" ("id", "vocabulary_id", "spelling_kind_code", "value") VALUES ('5bcbffb1-ed16-5094-84f0-af8285895524', '0d91d253-e394-572c-a6c4-37e20ed0f603', 'KANJI', '歴史');
INSERT INTO "vocabulary"."linkages" ("vocabulary_id", "preferred_definition_id", "preferred_spelling_id", "phonetic_spelling_id", "alt_phonetic_spelling_id", "kanji_spelling_id", "conjugation_set_id") VALUES ('0d91d253-e394-572c-a6c4-37e20ed0f603', 'd25f4c44-9131-5c8c-a2f2-ffda0286de0d', '648c859c-bd9d-5482-82a7-c9b1ee35e416', '54d998ae-2404-548a-bac0-edd45f46a505', NULL, '5bcbffb1-ed16-5094-84f0-af8285895524', NULL);
INSERT INTO "vocabulary"."reference" ("vocabulary_id", "lesson_code") VALUES ('0d91d253-e394-572c-a6c4-37e20ed0f603', 'GENKI3_L01');
-- 物理 | physics --;
INSERT INTO "vocabulary"."vocabulary" ("id", "word_class_code", "conjugation_kind_code", "jlpt_level", "row_num", "tags", "date_added") VALUES ('a9d318d5-97e8-5990-916c-fd300d951e2c', 'NOUN', NULL, 3, 90, '{school_major}', '2022-04-24');
INSERT INTO "vocabulary"."definition" ("id", "vocabulary_id", "sort_rank", "value") VALUES ('f894f7ce-d3fb-5ae2-8916-a80c1868ed3f', 'a9d318d5-97e8-5990-916c-fd300d951e2c', 1, 'physics');
INSERT INTO "vocabulary"."spelling" ("id", "vocabulary_id", "spelling_kind_code", "value") VALUES ('d01a82af-d8a5-5e63-8147-6c9a0f44e543', 'a9d318d5-97e8-5990-916c-fd300d951e2c', 'KANJI', '物理');
INSERT INTO "vocabulary"."spelling" ("id", "vocabulary_id", "spelling_kind_code", "value") VALUES ('f287a9ff-32e4-5c99-bc13-078ffab5e0b9', 'a9d318d5-97e8-5990-916c-fd300d951e2c', 'HIRAGANA', 'ぶつり');
INSERT INTO "vocabulary"."spelling" ("id", "vocabulary_id", "spelling_kind_code", "value") VALUES ('8dac71d1-9926-5dd1-95cc-fcccbb512ae8', 'a9d318d5-97e8-5990-916c-fd300d951e2c', 'KANJI', '物理');
INSERT INTO "vocabulary"."linkages" ("vocabulary_id", "preferred_definition_id", "preferred_spelling_id", "phonetic_spelling_id", "alt_phonetic_spelling_id", "kanji_spelling_id", "conjugation_set_id") VALUES ('a9d318d5-97e8-5990-916c-fd300d951e2c', 'f894f7ce-d3fb-5ae2-8916-a80c1868ed3f', 'd01a82af-d8a5-5e63-8147-6c9a0f44e543', 'f287a9ff-32e4-5c99-bc13-078ffab5e0b9', NULL, '8dac71d1-9926-5dd1-95cc-fcccbb512ae8', NULL);
INSERT INTO "vocabulary"."reference" ("vocabulary_id", "lesson_code") VALUES ('a9d318d5-97e8-5990-916c-fd300d951e2c', 'GENKI3_L01');
-- 医者 | doctor --;
INSERT INTO "vocabulary"."vocabulary" ("id", "word_class_code", "conjugation_kind_code", "jlpt_level", "row_num", "tags", "date_added") VALUES ('45983eaf-745d-5a47-bd34-aa09444736a4', 'NOUN', NULL, 5, 91, '{occupation}', '2022-04-24');
INSERT INTO "vocabulary"."definition" ("id", "vocabulary_id", "sort_rank", "value") VALUES ('373405a0-b225-5c77-968f-e57e96436a02', '45983eaf-745d-5a47-bd34-aa09444736a4', 1, 'doctor');
INSERT INTO "vocabulary"."spelling" ("id", "vocabulary_id", "spelling_kind_code", "value") VALUES ('b8bf9764-5cfc-59dc-a6da-adf29a9b0424', '45983eaf-745d-5a47-bd34-aa09444736a4', 'KANJI', '医者');
INSERT INTO "vocabulary"."spelling" ("id", "vocabulary_id", "spelling_kind_code", "value") VALUES ('39f4dcb2-884b-5dc8-903d-fc353a8693c5', '45983eaf-745d-5a47-bd34-aa09444736a4', 'HIRAGANA', 'いしゃ');
INSERT INTO "vocabulary"."spelling" ("id", "vocabulary_id", "spelling_kind_code", "value") VALUES ('495fed26-b99b-577e-a263-0dacefbb0806', '45983eaf-745d-5a47-bd34-aa09444736a4', 'KANJI', '医者');
INSERT INTO "vocabulary"."linkages" ("vocabulary_id", "preferred_definition_id", "preferred_spelling_id", "phonetic_spelling_id", "alt_phonetic_spelling_id", "kanji_spelling_id", "conjugation_set_id") VALUES ('45983eaf-745d-5a47-bd34-aa09444736a4', '373405a0-b225-5c77-968f-e57e96436a02', 'b8bf9764-5cfc-59dc-a6da-adf29a9b0424', '39f4dcb2-884b-5dc8-903d-fc353a8693c5', NULL, '495fed26-b99b-577e-a263-0dacefbb0806', NULL);
INSERT INTO "vocabulary"."reference" ("vocabulary_id", "lesson_code") VALUES ('45983eaf-745d-5a47-bd34-aa09444736a4', 'GENKI3_L01');
-- 会社員 | office worker --;
INSERT INTO "vocabulary"."vocabulary" ("id", "word_class_code", "conjugation_kind_code", "jlpt_level", "row_num", "tags", "date_added") VALUES ('b01b2de0-f80a-587a-99bb-8e7e2157feec', 'NOUN', NULL, NULL, 92, '{occupation}', '2022-04-24');
INSERT INTO "vocabulary"."definition" ("id", "vocabulary_id", "sort_rank", "value") VALUES ('aa17c998-1cad-5695-99dd-0a1257cc8128', 'b01b2de0-f80a-587a-99bb-8e7e2157feec', 1, 'office worker');
INSERT INTO "vocabulary"."spelling" ("id", "vocabulary_id", "spelling_kind_code", "value") VALUES ('12ae9707-a3f3-537a-a083-98b063babd86', 'b01b2de0-f80a-587a-99bb-8e7e2157feec', 'KANJI', '会社員');
INSERT INTO "vocabulary"."spelling" ("id", "vocabulary_id", "spelling_kind_code", "value") VALUES ('65979b45-d58d-513a-a6df-31929700ce54', 'b01b2de0-f80a-587a-99bb-8e7e2157feec', 'HIRAGANA', 'かいしゃいん');
INSERT INTO "vocabulary"."spelling" ("id", "vocabulary_id", "spelling_kind_code", "value") VALUES ('9867d030-e3d5-532c-bf6f-85383f9f57c0', 'b01b2de0-f80a-587a-99bb-8e7e2157feec', 'KANJI', '会社員');
INSERT INTO "vocabulary"."linkages" ("vocabulary_id", "preferred_definition_id", "preferred_spelling_id", "phonetic_spelling_id", "alt_phonetic_spelling_id", "kanji_spelling_id", "conjugation_set_id") VALUES ('b01b2de0-f80a-587a-99bb-8e7e2157feec', 'aa17c998-1cad-5695-99dd-0a1257cc8128', '12ae9707-a3f3-537a-a083-98b063babd86', '65979b45-d58d-513a-a6df-31929700ce54', NULL, '9867d030-e3d5-532c-bf6f-85383f9f57c0', NULL);
INSERT INTO "vocabulary"."reference" ("vocabulary_id", "lesson_code") VALUES ('b01b2de0-f80a-587a-99bb-8e7e2157feec', 'GENKI3_L01');
INSERT INTO "vocabulary"."reference" ("vocabulary_id", "lesson_code") VALUES ('b01b2de0-f80a-587a-99bb-8e7e2157feec', 'GENKI3_L08');
-- 看護師 | nurse --;
INSERT INTO "vocabulary"."vocabulary" ("id", "word_class_code", "conjugation_kind_code", "jlpt_level", "row_num", "tags", "date_added") VALUES ('a2bb0866-9ce3-5b9a-bc60-49b48a40e40f', 'NOUN', NULL, 4, 93, '{occupation}', '2022-04-24');
INSERT INTO "vocabulary"."definition" ("id", "vocabulary_id", "sort_rank", "value") VALUES ('0e8abcc0-a9f9-5143-9bbd-fc25ea10c956', 'a2bb0866-9ce3-5b9a-bc60-49b48a40e40f', 1, 'nurse');
INSERT INTO "vocabulary"."spelling" ("id", "vocabulary_id", "spelling_kind_code", "value") VALUES ('f2b8ed28-0ba7-5c08-8af1-fc9d0b8df30f', 'a2bb0866-9ce3-5b9a-bc60-49b48a40e40f', 'KANJI', '看護師');
INSERT INTO "vocabulary"."spelling" ("id", "vocabulary_id", "spelling_kind_code", "value") VALUES ('b87a6bf8-62d2-5c37-aa18-3180fee27d3e', 'a2bb0866-9ce3-5b9a-bc60-49b48a40e40f', 'HIRAGANA', 'かんごし');
INSERT INTO "vocabulary"."spelling" ("id", "vocabulary_id", "spelling_kind_code", "value") VALUES ('e284ddfc-3847-5242-8910-b201f09ffdb9', 'a2bb0866-9ce3-5b9a-bc60-49b48a40e40f', 'KANJI', '看護師');
INSERT INTO "vocabulary"."linkages" ("vocabulary_id", "preferred_definition_id", "preferred_spelling_id", "phonetic_spelling_id", "alt_phonetic_spelling_id", "kanji_spelling_id", "conjugation_set_id") VALUES ('a2bb0866-9ce3-5b9a-bc60-49b48a40e40f', '0e8abcc0-a9f9-5143-9bbd-fc25ea10c956', 'f2b8ed28-0ba7-5c08-8af1-fc9d0b8df30f', 'b87a6bf8-62d2-5c37-aa18-3180fee27d3e', NULL, 'e284ddfc-3847-5242-8910-b201f09ffdb9', NULL);
INSERT INTO "vocabulary"."reference" ("vocabulary_id", "lesson_code") VALUES ('a2bb0866-9ce3-5b9a-bc60-49b48a40e40f', 'GENKI3_L01');
-- 高校生 | high school student --;
INSERT INTO "vocabulary"."vocabulary" ("id", "word_class_code", "conjugation_kind_code", "jlpt_level", "row_num", "tags", "date_added") VALUES ('c511ec54-4f00-5426-89ef-ee1558ccfb60', 'NOUN', NULL, 4, 94, '{occupation,school}', '2022-04-24');
INSERT INTO "vocabulary"."definition" ("id", "vocabulary_id", "sort_rank", "value") VALUES ('2a46ef9c-f38e-5e90-9bf9-d23dc035a22a', 'c511ec54-4f00-5426-89ef-ee1558ccfb60', 1, 'high school student');
INSERT INTO "vocabulary"."spelling" ("id", "vocabulary_id", "spelling_kind_code", "value") VALUES ('d0d00453-6216-52ca-b238-3004c1039794', 'c511ec54-4f00-5426-89ef-ee1558ccfb60', 'KANJI', '高校生');
INSERT INTO "vocabulary"."spelling" ("id", "vocabulary_id", "spelling_kind_code", "value") VALUES ('02ba3652-a3ea-54cb-adb6-b3479dc485ec', 'c511ec54-4f00-5426-89ef-ee1558ccfb60', 'HIRAGANA', 'こうこうせい');
INSERT INTO "vocabulary"."spelling" ("id", "vocabulary_id", "spelling_kind_code", "value") VALUES ('8179809c-e2dc-5121-89c9-542f1825c1bc', 'c511ec54-4f00-5426-89ef-ee1558ccfb60', 'KANJI', '高校生');
INSERT INTO "vocabulary"."linkages" ("vocabulary_id", "preferred_definition_id", "preferred_spelling_id", "phonetic_spelling_id", "alt_phonetic_spelling_id", "kanji_spelling_id", "conjugation_set_id") VALUES ('c511ec54-4f00-5426-89ef-ee1558ccfb60', '2a46ef9c-f38e-5e90-9bf9-d23dc035a22a', 'd0d00453-6216-52ca-b238-3004c1039794', '02ba3652-a3ea-54cb-adb6-b3479dc485ec', NULL, '8179809c-e2dc-5121-89c9-542f1825c1bc', NULL);
INSERT INTO "vocabulary"."reference" ("vocabulary_id", "lesson_code") VALUES ('c511ec54-4f00-5426-89ef-ee1558ccfb60', 'GENKI3_L01');
-- 主婦 | housewife --;
INSERT INTO "vocabulary"."vocabulary" ("id", "word_class_code", "conjugation_kind_code", "jlpt_level", "row_num", "tags", "date_added") VALUES ('7d3f6d4b-fd98-5a19-ba56-b7c707092305', 'NOUN', NULL, 3, 95, '{occupation}', '2022-04-24');
INSERT INTO "vocabulary"."definition" ("id", "vocabulary_id", "sort_rank", "value") VALUES ('4b8bbc3c-2187-5dde-a6a6-f27ee10d781e', '7d3f6d4b-fd98-5a19-ba56-b7c707092305', 1, 'housewife');
INSERT INTO "vocabulary"."spelling" ("id", "vocabulary_id", "spelling_kind_code", "value") VALUES ('7450130b-011a-516d-bb0b-a45d5d06ca69', '7d3f6d4b-fd98-5a19-ba56-b7c707092305', 'KANJI', '主婦');
INSERT INTO "vocabulary"."spelling" ("id", "vocabulary_id", "spelling_kind_code", "value") VALUES ('76857980-9a16-567e-9aa6-720de6a0cf63', '7d3f6d4b-fd98-5a19-ba56-b7c707092305', 'HIRAGANA', 'しゅふ');
INSERT INTO "vocabulary"."spelling" ("id", "vocabulary_id", "spelling_kind_code", "value") VALUES ('be2f7c6e-68bb-5191-9157-3186cc3c3f48', '7d3f6d4b-fd98-5a19-ba56-b7c707092305', 'KANJI', '主婦');
INSERT INTO "vocabulary"."linkages" ("vocabulary_id", "preferred_definition_id", "preferred_spelling_id", "phonetic_spelling_id", "alt_phonetic_spelling_id", "kanji_spelling_id", "conjugation_set_id") VALUES ('7d3f6d4b-fd98-5a19-ba56-b7c707092305', '4b8bbc3c-2187-5dde-a6a6-f27ee10d781e', '7450130b-011a-516d-bb0b-a45d5d06ca69', '76857980-9a16-567e-9aa6-720de6a0cf63', NULL, 'be2f7c6e-68bb-5191-9157-3186cc3c3f48', NULL);
INSERT INTO "vocabulary"."reference" ("vocabulary_id", "lesson_code") VALUES ('7d3f6d4b-fd98-5a19-ba56-b7c707092305', 'GENKI3_L01');
-- 大学院生 | graduate student --;
INSERT INTO "vocabulary"."vocabulary" ("id", "word_class_code", "conjugation_kind_code", "jlpt_level", "row_num", "tags", "date_added") VALUES ('98e48ea2-8566-55a1-bfb8-d5aaf1a060d0', 'NOUN', NULL, NULL, 96, '{occupation,school}', '2022-04-24');
INSERT INTO "vocabulary"."definition" ("id", "vocabulary_id", "sort_rank", "value") VALUES ('9d8feb18-e17d-5b9b-88ac-03d638cdc579', '98e48ea2-8566-55a1-bfb8-d5aaf1a060d0', 1, 'graduate student');
INSERT INTO "vocabulary"."spelling" ("id", "vocabulary_id", "spelling_kind_code", "value") VALUES ('87a14ed2-88c1-52fe-a701-ea5974f602f9', '98e48ea2-8566-55a1-bfb8-d5aaf1a060d0', 'KANJI', '大学院生');
INSERT INTO "vocabulary"."spelling" ("id", "vocabulary_id", "spelling_kind_code", "value") VALUES ('fac8eabc-c7c2-59b1-b5a5-6b7afe202947', '98e48ea2-8566-55a1-bfb8-d5aaf1a060d0', 'HIRAGANA', 'だいがくいんせい');
INSERT INTO "vocabulary"."spelling" ("id", "vocabulary_id", "spelling_kind_code", "value") VALUES ('9d93e56b-0290-5df8-9556-c3609b17beb5', '98e48ea2-8566-55a1-bfb8-d5aaf1a060d0', 'KANJI', '大学院生');
INSERT INTO "vocabulary"."linkages" ("vocabulary_id", "preferred_definition_id", "preferred_spelling_id", "phonetic_spelling_id", "alt_phonetic_spelling_id", "kanji_spelling_id", "conjugation_set_id") VALUES ('98e48ea2-8566-55a1-bfb8-d5aaf1a060d0', '9d8feb18-e17d-5b9b-88ac-03d638cdc579', '87a14ed2-88c1-52fe-a701-ea5974f602f9', 'fac8eabc-c7c2-59b1-b5a5-6b7afe202947', NULL, '9d93e56b-0290-5df8-9556-c3609b17beb5', NULL);
INSERT INTO "vocabulary"."reference" ("vocabulary_id", "lesson_code") VALUES ('98e48ea2-8566-55a1-bfb8-d5aaf1a060d0', 'GENKI3_L01');
-- 弁護士 | lawyer --;
INSERT INTO "vocabulary"."vocabulary" ("id", "word_class_code", "conjugation_kind_code", "jlpt_level", "row_num", "tags", "date_added") VALUES ('902b7ccb-091c-502b-a413-5a3a38c655a4', 'NOUN', NULL, NULL, 97, '{occupation}', '2022-04-24');
INSERT INTO "vocabulary"."definition" ("id", "vocabulary_id", "sort_rank", "value") VALUES ('898f6e90-633d-50ac-9683-4e9f17676516', '902b7ccb-091c-502b-a413-5a3a38c655a4', 1, 'lawyer');
INSERT INTO "vocabulary"."spelling" ("id", "vocabulary_id", "spelling_kind_code", "value") VALUES ('d05158c8-7c9d-51fb-b988-6607779ac888', '902b7ccb-091c-502b-a413-5a3a38c655a4', 'KANJI', '弁護士');
INSERT INTO "vocabulary"."spelling" ("id", "vocabulary_id", "spelling_kind_code", "value") VALUES ('90f78353-1351-51dd-bcc4-d40f106353a8', '902b7ccb-091c-502b-a413-5a3a38c655a4', 'HIRAGANA', 'べんごし');
INSERT INTO "vocabulary"."spelling" ("id", "vocabulary_id", "spelling_kind_code", "value") VALUES ('581c9d55-9f4a-519d-aff8-0a0cddb296aa', '902b7ccb-091c-502b-a413-5a3a38c655a4', 'KANJI', '弁護士');
INSERT INTO "vocabulary"."linkages" ("vocabulary_id", "preferred_definition_id", "preferred_spelling_id", "phonetic_spelling_id", "alt_phonetic_spelling_id", "kanji_spelling_id", "conjugation_set_id") VALUES ('902b7ccb-091c-502b-a413-5a3a38c655a4', '898f6e90-633d-50ac-9683-4e9f17676516', 'd05158c8-7c9d-51fb-b988-6607779ac888', '90f78353-1351-51dd-bcc4-d40f106353a8', NULL, '581c9d55-9f4a-519d-aff8-0a0cddb296aa', NULL);
INSERT INTO "vocabulary"."reference" ("vocabulary_id", "lesson_code") VALUES ('902b7ccb-091c-502b-a413-5a3a38c655a4', 'GENKI3_L01');
-- お母さん | mother --;
INSERT INTO "vocabulary"."vocabulary" ("id", "word_class_code", "conjugation_kind_code", "jlpt_level", "row_num", "tags", "date_added") VALUES ('f8d03abe-255a-5717-811a-91f511c39759', 'NOUN', NULL, 5, 98, '{family}', '2022-04-24');
INSERT INTO "vocabulary"."definition" ("id", "vocabulary_id", "sort_rank", "value") VALUES ('601d2ae5-bfb6-54a7-aef1-37c77f71445b', 'f8d03abe-255a-5717-811a-91f511c39759', 1, 'mother');
INSERT INTO "vocabulary"."spelling" ("id", "vocabulary_id", "spelling_kind_code", "value") VALUES ('ff3060d8-dc8f-542e-a144-c8876311a8ec', 'f8d03abe-255a-5717-811a-91f511c39759', 'KANJI', 'お母さん');
INSERT INTO "vocabulary"."spelling" ("id", "vocabulary_id", "spelling_kind_code", "value") VALUES ('2e491e0e-d9f0-5eb4-819b-a0221b25557b', 'f8d03abe-255a-5717-811a-91f511c39759', 'HIRAGANA', 'おかあさん');
INSERT INTO "vocabulary"."spelling" ("id", "vocabulary_id", "spelling_kind_code", "value") VALUES ('6a206bcf-2c70-5915-b4dc-dc113ac11e35', 'f8d03abe-255a-5717-811a-91f511c39759', 'KANJI', 'お母さん');
INSERT INTO "vocabulary"."linkages" ("vocabulary_id", "preferred_definition_id", "preferred_spelling_id", "phonetic_spelling_id", "alt_phonetic_spelling_id", "kanji_spelling_id", "conjugation_set_id") VALUES ('f8d03abe-255a-5717-811a-91f511c39759', '601d2ae5-bfb6-54a7-aef1-37c77f71445b', 'ff3060d8-dc8f-542e-a144-c8876311a8ec', '2e491e0e-d9f0-5eb4-819b-a0221b25557b', NULL, '6a206bcf-2c70-5915-b4dc-dc113ac11e35', NULL);
INSERT INTO "vocabulary"."reference" ("vocabulary_id", "lesson_code") VALUES ('f8d03abe-255a-5717-811a-91f511c39759', 'GENKI3_L01');
-- お父さん | father --;
INSERT INTO "vocabulary"."vocabulary" ("id", "word_class_code", "conjugation_kind_code", "jlpt_level", "row_num", "tags", "date_added") VALUES ('d7a063c8-998c-50a3-825c-86f896a5a0c7', 'NOUN', NULL, 5, 99, '{family}', '2022-04-24');
INSERT INTO "vocabulary"."definition" ("id", "vocabulary_id", "sort_rank", "value") VALUES ('a3c2375c-5fb8-5e78-865f-dda2e326489d', 'd7a063c8-998c-50a3-825c-86f896a5a0c7', 1, 'father');
INSERT INTO "vocabulary"."spelling" ("id", "vocabulary_id", "spelling_kind_code", "value") VALUES ('67046ec7-b773-5b58-a65d-a23b65757262', 'd7a063c8-998c-50a3-825c-86f896a5a0c7', 'KANJI', 'お父さん');
INSERT INTO "vocabulary"."spelling" ("id", "vocabulary_id", "spelling_kind_code", "value") VALUES ('a89f5c6d-b85e-5d7d-8703-bd8db3df145c', 'd7a063c8-998c-50a3-825c-86f896a5a0c7', 'HIRAGANA', 'おとうさん');
INSERT INTO "vocabulary"."spelling" ("id", "vocabulary_id", "spelling_kind_code", "value") VALUES ('8529ffb1-ff62-5937-815e-efcdc09a9697', 'd7a063c8-998c-50a3-825c-86f896a5a0c7', 'KANJI', 'お父さん');
INSERT INTO "vocabulary"."linkages" ("vocabulary_id", "preferred_definition_id", "preferred_spelling_id", "phonetic_spelling_id", "alt_phonetic_spelling_id", "kanji_spelling_id", "conjugation_set_id") VALUES ('d7a063c8-998c-50a3-825c-86f896a5a0c7', 'a3c2375c-5fb8-5e78-865f-dda2e326489d', '67046ec7-b773-5b58-a65d-a23b65757262', 'a89f5c6d-b85e-5d7d-8703-bd8db3df145c', NULL, '8529ffb1-ff62-5937-815e-efcdc09a9697', NULL);
INSERT INTO "vocabulary"."reference" ("vocabulary_id", "lesson_code") VALUES ('d7a063c8-998c-50a3-825c-86f896a5a0c7', 'DUO_02_07');
INSERT INTO "vocabulary"."reference" ("vocabulary_id", "lesson_code") VALUES ('d7a063c8-998c-50a3-825c-86f896a5a0c7', 'DUO_U09');
INSERT INTO "vocabulary"."reference" ("vocabulary_id", "lesson_code") VALUES ('d7a063c8-998c-50a3-825c-86f896a5a0c7', 'GENKI3_L01');
-- お姉さん | older sister --;
INSERT INTO "vocabulary"."vocabulary" ("id", "word_class_code", "conjugation_kind_code", "jlpt_level", "row_num", "tags", "date_added") VALUES ('e09e6607-0754-53e7-ac90-7d5eec6a3442', 'NOUN', NULL, 5, 100, '{family}', '2022-04-24');
INSERT INTO "vocabulary"."definition" ("id", "vocabulary_id", "sort_rank", "value") VALUES ('a56171a6-d08c-53b6-ab4d-6eff83c8640f', 'e09e6607-0754-53e7-ac90-7d5eec6a3442', 1, 'older sister');
INSERT INTO "vocabulary"."spelling" ("id", "vocabulary_id", "spelling_kind_code", "value") VALUES ('fc9e1f35-d910-5d4c-b19b-e6e54eff0075', 'e09e6607-0754-53e7-ac90-7d5eec6a3442', 'KANJI', 'お姉さん');
INSERT INTO "vocabulary"."spelling" ("id", "vocabulary_id", "spelling_kind_code", "value") VALUES ('a601f2e1-a32c-5bce-9c42-258f01403fcd', 'e09e6607-0754-53e7-ac90-7d5eec6a3442', 'HIRAGANA', 'おねえさん');
INSERT INTO "vocabulary"."spelling" ("id", "vocabulary_id", "spelling_kind_code", "value") VALUES ('7ffa880d-c36a-5695-8fe3-b02c35a718a0', 'e09e6607-0754-53e7-ac90-7d5eec6a3442', 'KANJI', 'お姉さん');
INSERT INTO "vocabulary"."linkages" ("vocabulary_id", "preferred_definition_id", "preferred_spelling_id", "phonetic_spelling_id", "alt_phonetic_spelling_id", "kanji_spelling_id", "conjugation_set_id") VALUES ('e09e6607-0754-53e7-ac90-7d5eec6a3442', 'a56171a6-d08c-53b6-ab4d-6eff83c8640f', 'fc9e1f35-d910-5d4c-b19b-e6e54eff0075', 'a601f2e1-a32c-5bce-9c42-258f01403fcd', NULL, '7ffa880d-c36a-5695-8fe3-b02c35a718a0', NULL);
INSERT INTO "vocabulary"."reference" ("vocabulary_id", "lesson_code") VALUES ('e09e6607-0754-53e7-ac90-7d5eec6a3442', 'DUO_02_07');
INSERT INTO "vocabulary"."reference" ("vocabulary_id", "lesson_code") VALUES ('e09e6607-0754-53e7-ac90-7d5eec6a3442', 'DUO_U09');
INSERT INTO "vocabulary"."reference" ("vocabulary_id", "lesson_code") VALUES ('e09e6607-0754-53e7-ac90-7d5eec6a3442', 'GENKI3_L01');
INSERT INTO "vocabulary"."reference" ("vocabulary_id", "lesson_code") VALUES ('e09e6607-0754-53e7-ac90-7d5eec6a3442', 'GENKI3_L07');
-- お兄さん | older brother --;
INSERT INTO "vocabulary"."vocabulary" ("id", "word_class_code", "conjugation_kind_code", "jlpt_level", "row_num", "tags", "date_added") VALUES ('942ce296-4fdd-5a7d-9c2c-53d4c2ae2de7', 'NOUN', NULL, 5, 101, '{family}', '2022-04-24');
INSERT INTO "vocabulary"."definition" ("id", "vocabulary_id", "sort_rank", "value") VALUES ('8c80fdad-7f7e-580d-a9bf-0e21c8bc6532', '942ce296-4fdd-5a7d-9c2c-53d4c2ae2de7', 1, 'older brother');
INSERT INTO "vocabulary"."spelling" ("id", "vocabulary_id", "spelling_kind_code", "value") VALUES ('eb6eb73a-df5a-5d45-9d15-f54d55acd205', '942ce296-4fdd-5a7d-9c2c-53d4c2ae2de7', 'KANJI', 'お兄さん');
INSERT INTO "vocabulary"."spelling" ("id", "vocabulary_id", "spelling_kind_code", "value") VALUES ('0805cc5b-ba34-5149-8399-2dfd0262e316', '942ce296-4fdd-5a7d-9c2c-53d4c2ae2de7', 'HIRAGANA', 'おにいさん');
INSERT INTO "vocabulary"."spelling" ("id", "vocabulary_id", "spelling_kind_code", "value") VALUES ('271c83b2-fc7e-56c5-bc4b-bfb3090ad7ca', '942ce296-4fdd-5a7d-9c2c-53d4c2ae2de7', 'KANJI', 'お兄さん');
INSERT INTO "vocabulary"."linkages" ("vocabulary_id", "preferred_definition_id", "preferred_spelling_id", "phonetic_spelling_id", "alt_phonetic_spelling_id", "kanji_spelling_id", "conjugation_set_id") VALUES ('942ce296-4fdd-5a7d-9c2c-53d4c2ae2de7', '8c80fdad-7f7e-580d-a9bf-0e21c8bc6532', 'eb6eb73a-df5a-5d45-9d15-f54d55acd205', '0805cc5b-ba34-5149-8399-2dfd0262e316', NULL, '271c83b2-fc7e-56c5-bc4b-bfb3090ad7ca', NULL);
INSERT INTO "vocabulary"."reference" ("vocabulary_id", "lesson_code") VALUES ('942ce296-4fdd-5a7d-9c2c-53d4c2ae2de7', 'DUO_02_07');
INSERT INTO "vocabulary"."reference" ("vocabulary_id", "lesson_code") VALUES ('942ce296-4fdd-5a7d-9c2c-53d4c2ae2de7', 'DUO_U09');
INSERT INTO "vocabulary"."reference" ("vocabulary_id", "lesson_code") VALUES ('942ce296-4fdd-5a7d-9c2c-53d4c2ae2de7', 'GENKI3_L01');
INSERT INTO "vocabulary"."reference" ("vocabulary_id", "lesson_code") VALUES ('942ce296-4fdd-5a7d-9c2c-53d4c2ae2de7', 'GENKI3_L07');
-- 妹 | younger sister --;
INSERT INTO "vocabulary"."vocabulary" ("id", "word_class_code", "conjugation_kind_code", "jlpt_level", "row_num", "tags", "date_added") VALUES ('d4387364-3f1c-51be-9762-ddf41f844fb7', 'NOUN', NULL, 5, 102, '{family}', '2022-04-24');
INSERT INTO "vocabulary"."definition" ("id", "vocabulary_id", "sort_rank", "value") VALUES ('8d4312b2-9816-5e25-8a95-11328473c1c0', 'd4387364-3f1c-51be-9762-ddf41f844fb7', 1, 'younger sister');
INSERT INTO "vocabulary"."spelling" ("id", "vocabulary_id", "spelling_kind_code", "value") VALUES ('ae689b19-e482-5a39-98e9-f858d9bf1db7', 'd4387364-3f1c-51be-9762-ddf41f844fb7', 'KANJI', '妹');
INSERT INTO "vocabulary"."spelling" ("id", "vocabulary_id", "spelling_kind_code", "value") VALUES ('68c29c9b-ef7b-56f3-b567-83b17dad782b', 'd4387364-3f1c-51be-9762-ddf41f844fb7', 'HIRAGANA', 'いもうと');
INSERT INTO "vocabulary"."spelling" ("id", "vocabulary_id", "spelling_kind_code", "value") VALUES ('9f947229-d878-5f11-a54a-4b4b6fe924ec', 'd4387364-3f1c-51be-9762-ddf41f844fb7', 'KANJI', '妹');
INSERT INTO "vocabulary"."linkages" ("vocabulary_id", "preferred_definition_id", "preferred_spelling_id", "phonetic_spelling_id", "alt_phonetic_spelling_id", "kanji_spelling_id", "conjugation_set_id") VALUES ('d4387364-3f1c-51be-9762-ddf41f844fb7', '8d4312b2-9816-5e25-8a95-11328473c1c0', 'ae689b19-e482-5a39-98e9-f858d9bf1db7', '68c29c9b-ef7b-56f3-b567-83b17dad782b', NULL, '9f947229-d878-5f11-a54a-4b4b6fe924ec', NULL);
INSERT INTO "vocabulary"."reference" ("vocabulary_id", "lesson_code") VALUES ('d4387364-3f1c-51be-9762-ddf41f844fb7', 'DUO_02_07');
INSERT INTO "vocabulary"."reference" ("vocabulary_id", "lesson_code") VALUES ('d4387364-3f1c-51be-9762-ddf41f844fb7', 'DUO_U09');
INSERT INTO "vocabulary"."reference" ("vocabulary_id", "lesson_code") VALUES ('d4387364-3f1c-51be-9762-ddf41f844fb7', 'GENKI3_L01');
INSERT INTO "vocabulary"."reference" ("vocabulary_id", "lesson_code") VALUES ('d4387364-3f1c-51be-9762-ddf41f844fb7', 'GENKI3_L07');
-- 弟 | younger brother --;
INSERT INTO "vocabulary"."vocabulary" ("id", "word_class_code", "conjugation_kind_code", "jlpt_level", "row_num", "tags", "date_added") VALUES ('acc5e753-294b-571f-9ee7-a7cd6eeea235', 'NOUN', NULL, 5, 103, '{family}', '2022-04-24');
INSERT INTO "vocabulary"."definition" ("id", "vocabulary_id", "sort_rank", "value") VALUES ('c5eaf449-845b-53cf-84b2-126091bbd86c', 'acc5e753-294b-571f-9ee7-a7cd6eeea235', 1, 'younger brother');
INSERT INTO "vocabulary"."spelling" ("id", "vocabulary_id", "spelling_kind_code", "value") VALUES ('bdb99ac0-3de9-5dd2-90a2-a8b80d5bd723', 'acc5e753-294b-571f-9ee7-a7cd6eeea235', 'KANJI', '弟');
INSERT INTO "vocabulary"."spelling" ("id", "vocabulary_id", "spelling_kind_code", "value") VALUES ('61044b2e-c8bf-577f-aad3-7b6a1de8a2e4', 'acc5e753-294b-571f-9ee7-a7cd6eeea235', 'HIRAGANA', 'おとうと');
INSERT INTO "vocabulary"."spelling" ("id", "vocabulary_id", "spelling_kind_code", "value") VALUES ('ec4e6541-bb87-509a-9fd4-8ac6def52823', 'acc5e753-294b-571f-9ee7-a7cd6eeea235', 'KANJI', '弟');
INSERT INTO "vocabulary"."linkages" ("vocabulary_id", "preferred_definition_id", "preferred_spelling_id", "phonetic_spelling_id", "alt_phonetic_spelling_id", "kanji_spelling_id", "conjugation_set_id") VALUES ('acc5e753-294b-571f-9ee7-a7cd6eeea235', 'c5eaf449-845b-53cf-84b2-126091bbd86c', 'bdb99ac0-3de9-5dd2-90a2-a8b80d5bd723', '61044b2e-c8bf-577f-aad3-7b6a1de8a2e4', NULL, 'ec4e6541-bb87-509a-9fd4-8ac6def52823', NULL);
INSERT INTO "vocabulary"."reference" ("vocabulary_id", "lesson_code") VALUES ('acc5e753-294b-571f-9ee7-a7cd6eeea235', 'DUO_02_07');
INSERT INTO "vocabulary"."reference" ("vocabulary_id", "lesson_code") VALUES ('acc5e753-294b-571f-9ee7-a7cd6eeea235', 'DUO_U09');
INSERT INTO "vocabulary"."reference" ("vocabulary_id", "lesson_code") VALUES ('acc5e753-294b-571f-9ee7-a7cd6eeea235', 'GENKI3_L01');
INSERT INTO "vocabulary"."reference" ("vocabulary_id", "lesson_code") VALUES ('acc5e753-294b-571f-9ee7-a7cd6eeea235', 'GENKI3_L07');
-- 姉妹 | sisters --;
INSERT INTO "vocabulary"."vocabulary" ("id", "word_class_code", "conjugation_kind_code", "jlpt_level", "row_num", "tags", "date_added") VALUES ('dc17e988-29c0-4adf-8ae2-b9c763a53811', 'NOUN', NULL, 3, 104, '{family}', '2022-08-08');
INSERT INTO "vocabulary"."definition" ("id", "vocabulary_id", "sort_rank", "value") VALUES ('82d7d2ed-ae78-5034-b1b9-a4e4a4c1552a', 'dc17e988-29c0-4adf-8ae2-b9c763a53811', 1, 'sisters');
INSERT INTO "vocabulary"."spelling" ("id", "vocabulary_id", "spelling_kind_code", "value") VALUES ('04f77857-1024-5757-a0f0-331bc385f649', 'dc17e988-29c0-4adf-8ae2-b9c763a53811', 'KANJI', '姉妹');
INSERT INTO "vocabulary"."spelling" ("id", "vocabulary_id", "spelling_kind_code", "value") VALUES ('1ec544fa-2628-5210-983f-d704e68fe578', 'dc17e988-29c0-4adf-8ae2-b9c763a53811', 'HIRAGANA', 'しまい');
INSERT INTO "vocabulary"."spelling" ("id", "vocabulary_id", "spelling_kind_code", "value") VALUES ('08d813fa-03c6-5441-8312-811231855b80', 'dc17e988-29c0-4adf-8ae2-b9c763a53811', 'KANJI', '姉妹');
INSERT INTO "vocabulary"."linkages" ("vocabulary_id", "preferred_definition_id", "preferred_spelling_id", "phonetic_spelling_id", "alt_phonetic_spelling_id", "kanji_spelling_id", "conjugation_set_id") VALUES ('dc17e988-29c0-4adf-8ae2-b9c763a53811', '82d7d2ed-ae78-5034-b1b9-a4e4a4c1552a', '04f77857-1024-5757-a0f0-331bc385f649', '1ec544fa-2628-5210-983f-d704e68fe578', NULL, '08d813fa-03c6-5441-8312-811231855b80', NULL);
INSERT INTO "vocabulary"."reference" ("vocabulary_id", "lesson_code") VALUES ('dc17e988-29c0-4adf-8ae2-b9c763a53811', 'DUO_02_07');
INSERT INTO "vocabulary"."reference" ("vocabulary_id", "lesson_code") VALUES ('dc17e988-29c0-4adf-8ae2-b9c763a53811', 'DUO_U09');
-- 兄弟 | brothers; siblings --;
INSERT INTO "vocabulary"."vocabulary" ("id", "word_class_code", "conjugation_kind_code", "jlpt_level", "row_num", "tags", "date_added") VALUES ('39d87517-fc60-4158-83ee-97a62168dfb3', 'NOUN', NULL, 5, 105, '{family}', '2022-08-08');
INSERT INTO "vocabulary"."definition" ("id", "vocabulary_id", "sort_rank", "value") VALUES ('7d304270-9809-5ebb-9d88-ad90ef7a3810', '39d87517-fc60-4158-83ee-97a62168dfb3', 1, 'brothers; siblings');
INSERT INTO "vocabulary"."spelling" ("id", "vocabulary_id", "spelling_kind_code", "value") VALUES ('62671bc2-ef7c-5272-9f48-37d8ded11433', '39d87517-fc60-4158-83ee-97a62168dfb3', 'KANJI', '兄弟');
INSERT INTO "vocabulary"."spelling" ("id", "vocabulary_id", "spelling_kind_code", "value") VALUES ('24278101-a5bd-5465-a080-5b0f0ab874aa', '39d87517-fc60-4158-83ee-97a62168dfb3', 'HIRAGANA', 'きょうだい');
INSERT INTO "vocabulary"."spelling" ("id", "vocabulary_id", "spelling_kind_code", "value") VALUES ('63e98539-9fc0-53d4-b9ac-deb41857d5f2', '39d87517-fc60-4158-83ee-97a62168dfb3', 'KANJI', '兄弟');
INSERT INTO "vocabulary"."linkages" ("vocabulary_id", "preferred_definition_id", "preferred_spelling_id", "phonetic_spelling_id", "alt_phonetic_spelling_id", "kanji_spelling_id", "conjugation_set_id") VALUES ('39d87517-fc60-4158-83ee-97a62168dfb3', '7d304270-9809-5ebb-9d88-ad90ef7a3810', '62671bc2-ef7c-5272-9f48-37d8ded11433', '24278101-a5bd-5465-a080-5b0f0ab874aa', NULL, '63e98539-9fc0-53d4-b9ac-deb41857d5f2', NULL);
INSERT INTO "vocabulary"."reference" ("vocabulary_id", "lesson_code") VALUES ('39d87517-fc60-4158-83ee-97a62168dfb3', 'DUO_02_07');
INSERT INTO "vocabulary"."reference" ("vocabulary_id", "lesson_code") VALUES ('39d87517-fc60-4158-83ee-97a62168dfb3', 'DUO_U09');
INSERT INTO "vocabulary"."reference" ("vocabulary_id", "lesson_code") VALUES ('39d87517-fc60-4158-83ee-97a62168dfb3', 'GENKI3_L07');
-- これ | this one --;
INSERT INTO "vocabulary"."vocabulary" ("id", "word_class_code", "conjugation_kind_code", "jlpt_level", "row_num", "tags", "date_added") VALUES ('58ecba76-692b-5baf-a096-62bf3e752da2', 'PRONOUN', NULL, 5, 106, '{pointing_word}', '2022-05-30');
INSERT INTO "vocabulary"."definition" ("id", "vocabulary_id", "sort_rank", "value") VALUES ('ed424cc9-2370-5e7e-b861-5025b27f47ad', '58ecba76-692b-5baf-a096-62bf3e752da2', 1, 'this one');
INSERT INTO "vocabulary"."spelling" ("id", "vocabulary_id", "spelling_kind_code", "value") VALUES ('9ce21ff0-13ef-5a8c-baf4-0bf7bd11cf18', '58ecba76-692b-5baf-a096-62bf3e752da2', 'HIRAGANA', 'これ');
INSERT INTO "vocabulary"."spelling" ("id", "vocabulary_id", "spelling_kind_code", "value") VALUES ('8f84c212-743d-548e-a6b8-1d3beef4c43f', '58ecba76-692b-5baf-a096-62bf3e752da2', 'HIRAGANA', 'これ');
INSERT INTO "vocabulary"."linkages" ("vocabulary_id", "preferred_definition_id", "preferred_spelling_id", "phonetic_spelling_id", "alt_phonetic_spelling_id", "kanji_spelling_id", "conjugation_set_id") VALUES ('58ecba76-692b-5baf-a096-62bf3e752da2', 'ed424cc9-2370-5e7e-b861-5025b27f47ad', '9ce21ff0-13ef-5a8c-baf4-0bf7bd11cf18', '8f84c212-743d-548e-a6b8-1d3beef4c43f', NULL, NULL, NULL);
INSERT INTO "vocabulary"."reference" ("vocabulary_id", "lesson_code") VALUES ('58ecba76-692b-5baf-a096-62bf3e752da2', 'DUO_02_01');
INSERT INTO "vocabulary"."reference" ("vocabulary_id", "lesson_code") VALUES ('58ecba76-692b-5baf-a096-62bf3e752da2', 'DUO_U06');
INSERT INTO "vocabulary"."reference" ("vocabulary_id", "lesson_code") VALUES ('58ecba76-692b-5baf-a096-62bf3e752da2', 'GENKI3_L02');
-- それ | that one --;
INSERT INTO "vocabulary"."vocabulary" ("id", "word_class_code", "conjugation_kind_code", "jlpt_level", "row_num", "tags", "date_added") VALUES ('8373ee97-fb02-5fa4-9f3a-e6d0bfe42042', 'PRONOUN', NULL, 5, 107, '{pointing_word}', '2022-05-30');
INSERT INTO "vocabulary"."definition" ("id", "vocabulary_id", "sort_rank", "value") VALUES ('08ede234-fd48-50ba-b534-3eb549d4b0e2', '8373ee97-fb02-5fa4-9f3a-e6d0bfe42042', 1, 'that one');
INSERT INTO "vocabulary"."spelling" ("id", "vocabulary_id", "spelling_kind_code", "value") VALUES ('bc99f576-61e4-5670-8092-01a956d90c1f', '8373ee97-fb02-5fa4-9f3a-e6d0bfe42042', 'HIRAGANA', 'それ');
INSERT INTO "vocabulary"."spelling" ("id", "vocabulary_id", "spelling_kind_code", "value") VALUES ('b8ef949d-2436-5abd-9209-173ec7b10a08', '8373ee97-fb02-5fa4-9f3a-e6d0bfe42042', 'HIRAGANA', 'それ');
INSERT INTO "vocabulary"."linkages" ("vocabulary_id", "preferred_definition_id", "preferred_spelling_id", "phonetic_spelling_id", "alt_phonetic_spelling_id", "kanji_spelling_id", "conjugation_set_id") VALUES ('8373ee97-fb02-5fa4-9f3a-e6d0bfe42042', '08ede234-fd48-50ba-b534-3eb549d4b0e2', 'bc99f576-61e4-5670-8092-01a956d90c1f', 'b8ef949d-2436-5abd-9209-173ec7b10a08', NULL, NULL, NULL);
INSERT INTO "vocabulary"."reference" ("vocabulary_id", "lesson_code") VALUES ('8373ee97-fb02-5fa4-9f3a-e6d0bfe42042', 'DUO_02_01');
INSERT INTO "vocabulary"."reference" ("vocabulary_id", "lesson_code") VALUES ('8373ee97-fb02-5fa4-9f3a-e6d0bfe42042', 'DUO_U06');
INSERT INTO "vocabulary"."reference" ("vocabulary_id", "lesson_code") VALUES ('8373ee97-fb02-5fa4-9f3a-e6d0bfe42042', 'GENKI3_L02');
-- あれ | that one over there --;
INSERT INTO "vocabulary"."vocabulary" ("id", "word_class_code", "conjugation_kind_code", "jlpt_level", "row_num", "tags", "date_added") VALUES ('e3286acb-a31b-5fb6-9c16-28ac16fcc269', 'PRONOUN', NULL, 5, 108, '{pointing_word}', '2022-05-30');
INSERT INTO "vocabulary"."definition" ("id", "vocabulary_id", "sort_rank", "value") VALUES ('0fd531aa-0133-5358-a50b-ec5c15fe0f67', 'e3286acb-a31b-5fb6-9c16-28ac16fcc269', 1, 'that one over there');
INSERT INTO "vocabulary"."spelling" ("id", "vocabulary_id", "spelling_kind_code", "value") VALUES ('4c6e3cf6-649a-5445-b4d5-57f03477fbda', 'e3286acb-a31b-5fb6-9c16-28ac16fcc269', 'HIRAGANA', 'あれ');
INSERT INTO "vocabulary"."spelling" ("id", "vocabulary_id", "spelling_kind_code", "value") VALUES ('4b59bdd2-228d-5fad-b60e-0b352cc5c1d6', 'e3286acb-a31b-5fb6-9c16-28ac16fcc269', 'HIRAGANA', 'あれ');
INSERT INTO "vocabulary"."linkages" ("vocabulary_id", "preferred_definition_id", "preferred_spelling_id", "phonetic_spelling_id", "alt_phonetic_spelling_id", "kanji_spelling_id", "conjugation_set_id") VALUES ('e3286acb-a31b-5fb6-9c16-28ac16fcc269', '0fd531aa-0133-5358-a50b-ec5c15fe0f67', '4c6e3cf6-649a-5445-b4d5-57f03477fbda', '4b59bdd2-228d-5fad-b60e-0b352cc5c1d6', NULL, NULL, NULL);
INSERT INTO "vocabulary"."reference" ("vocabulary_id", "lesson_code") VALUES ('e3286acb-a31b-5fb6-9c16-28ac16fcc269', 'DUO_02_01');
INSERT INTO "vocabulary"."reference" ("vocabulary_id", "lesson_code") VALUES ('e3286acb-a31b-5fb6-9c16-28ac16fcc269', 'DUO_U06');
INSERT INTO "vocabulary"."reference" ("vocabulary_id", "lesson_code") VALUES ('e3286acb-a31b-5fb6-9c16-28ac16fcc269', 'GENKI3_L02');
-- どれ | which one --;
INSERT INTO "vocabulary"."vocabulary" ("id", "word_class_code", "conjugation_kind_code", "jlpt_level", "row_num", "tags", "date_added") VALUES ('9ef8e062-db86-5059-82be-ccc85580d5e7', 'PRONOUN', NULL, 5, 109, '{pointing_word}', '2022-05-30');
INSERT INTO "vocabulary"."definition" ("id", "vocabulary_id", "sort_rank", "value") VALUES ('2809bb8c-a578-52c8-944f-e67dc2a71fa3', '9ef8e062-db86-5059-82be-ccc85580d5e7', 1, 'which one');
INSERT INTO "vocabulary"."spelling" ("id", "vocabulary_id", "spelling_kind_code", "value") VALUES ('c6cb21f4-a3cc-5157-8741-b2f6d0e4a82b', '9ef8e062-db86-5059-82be-ccc85580d5e7', 'HIRAGANA', 'どれ');
INSERT INTO "vocabulary"."spelling" ("id", "vocabulary_id", "spelling_kind_code", "value") VALUES ('506d6916-8213-5457-bb9e-7bda244e92dc', '9ef8e062-db86-5059-82be-ccc85580d5e7', 'HIRAGANA', 'どれ');
INSERT INTO "vocabulary"."linkages" ("vocabulary_id", "preferred_definition_id", "preferred_spelling_id", "phonetic_spelling_id", "alt_phonetic_spelling_id", "kanji_spelling_id", "conjugation_set_id") VALUES ('9ef8e062-db86-5059-82be-ccc85580d5e7', '2809bb8c-a578-52c8-944f-e67dc2a71fa3', 'c6cb21f4-a3cc-5157-8741-b2f6d0e4a82b', '506d6916-8213-5457-bb9e-7bda244e92dc', NULL, NULL, NULL);
INSERT INTO "vocabulary"."reference" ("vocabulary_id", "lesson_code") VALUES ('9ef8e062-db86-5059-82be-ccc85580d5e7', 'DUO_02_01');
INSERT INTO "vocabulary"."reference" ("vocabulary_id", "lesson_code") VALUES ('9ef8e062-db86-5059-82be-ccc85580d5e7', 'DUO_U06');
INSERT INTO "vocabulary"."reference" ("vocabulary_id", "lesson_code") VALUES ('9ef8e062-db86-5059-82be-ccc85580d5e7', 'GENKI3_L02');
-- この〜 | this... --;
INSERT INTO "vocabulary"."vocabulary" ("id", "word_class_code", "conjugation_kind_code", "jlpt_level", "row_num", "tags", "date_added") VALUES ('430b4ea9-6092-52c7-b2bf-4300de6196c7', 'PRONOUN', NULL, 5, 110, '{pointing_word}', '2022-05-30');
INSERT INTO "vocabulary"."definition" ("id", "vocabulary_id", "sort_rank", "value") VALUES ('e7db2bce-df1e-5edc-bf3d-e6c73a47737c', '430b4ea9-6092-52c7-b2bf-4300de6196c7', 1, 'this...');
INSERT INTO "vocabulary"."spelling" ("id", "vocabulary_id", "spelling_kind_code", "value") VALUES ('912c326a-0a7a-5558-8bbd-974ccf5e7338', '430b4ea9-6092-52c7-b2bf-4300de6196c7', 'HIRAGANA', 'この〜');
INSERT INTO "vocabulary"."spelling" ("id", "vocabulary_id", "spelling_kind_code", "value") VALUES ('3d6aab7c-3208-57de-8781-720c7e8013a8', '430b4ea9-6092-52c7-b2bf-4300de6196c7', 'HIRAGANA', 'この');
INSERT INTO "vocabulary"."linkages" ("vocabulary_id", "preferred_definition_id", "preferred_spelling_id", "phonetic_spelling_id", "alt_phonetic_spelling_id", "kanji_spelling_id", "conjugation_set_id") VALUES ('430b4ea9-6092-52c7-b2bf-4300de6196c7', 'e7db2bce-df1e-5edc-bf3d-e6c73a47737c', '912c326a-0a7a-5558-8bbd-974ccf5e7338', '3d6aab7c-3208-57de-8781-720c7e8013a8', NULL, NULL, NULL);
INSERT INTO "vocabulary"."reference" ("vocabulary_id", "lesson_code") VALUES ('430b4ea9-6092-52c7-b2bf-4300de6196c7', 'GENKI3_L02');
-- その〜 | that... --;
INSERT INTO "vocabulary"."vocabulary" ("id", "word_class_code", "conjugation_kind_code", "jlpt_level", "row_num", "tags", "date_added") VALUES ('9d9f54be-2a19-5147-8935-e7c3c887fa03', 'PRONOUN', NULL, 5, 111, '{pointing_word}', '2022-05-30');
INSERT INTO "vocabulary"."definition" ("id", "vocabulary_id", "sort_rank", "value") VALUES ('fc9e4edf-052d-5978-83b9-194f6a0a88ee', '9d9f54be-2a19-5147-8935-e7c3c887fa03', 1, 'that...');
INSERT INTO "vocabulary"."spelling" ("id", "vocabulary_id", "spelling_kind_code", "value") VALUES ('1ec1e0ef-7799-5dfa-9f03-68e519125802', '9d9f54be-2a19-5147-8935-e7c3c887fa03', 'HIRAGANA', 'その〜');
INSERT INTO "vocabulary"."spelling" ("id", "vocabulary_id", "spelling_kind_code", "value") VALUES ('825c9e04-c7c5-5aa5-9fa7-159c4a25e903', '9d9f54be-2a19-5147-8935-e7c3c887fa03', 'HIRAGANA', 'その');
INSERT INTO "vocabulary"."linkages" ("vocabulary_id", "preferred_definition_id", "preferred_spelling_id", "phonetic_spelling_id", "alt_phonetic_spelling_id", "kanji_spelling_id", "conjugation_set_id") VALUES ('9d9f54be-2a19-5147-8935-e7c3c887fa03', 'fc9e4edf-052d-5978-83b9-194f6a0a88ee', '1ec1e0ef-7799-5dfa-9f03-68e519125802', '825c9e04-c7c5-5aa5-9fa7-159c4a25e903', NULL, NULL, NULL);
INSERT INTO "vocabulary"."reference" ("vocabulary_id", "lesson_code") VALUES ('9d9f54be-2a19-5147-8935-e7c3c887fa03', 'GENKI3_L02');
-- あの〜 | that... over there --;
INSERT INTO "vocabulary"."vocabulary" ("id", "word_class_code", "conjugation_kind_code", "jlpt_level", "row_num", "tags", "date_added") VALUES ('908efe1a-b6e9-55d5-b550-461cea175af4', 'PRONOUN', NULL, 5, 112, '{pointing_word}', '2022-05-30');
INSERT INTO "vocabulary"."definition" ("id", "vocabulary_id", "sort_rank", "value") VALUES ('9135318b-8521-5cbc-bfa1-80313d877c07', '908efe1a-b6e9-55d5-b550-461cea175af4', 1, 'that... over there');
INSERT INTO "vocabulary"."spelling" ("id", "vocabulary_id", "spelling_kind_code", "value") VALUES ('c0175ef2-ebc7-5b4e-be20-ada862fc6353', '908efe1a-b6e9-55d5-b550-461cea175af4', 'HIRAGANA', 'あの〜');
INSERT INTO "vocabulary"."spelling" ("id", "vocabulary_id", "spelling_kind_code", "value") VALUES ('dc5f7c7d-c25e-5680-b5d8-bae005da375a', '908efe1a-b6e9-55d5-b550-461cea175af4', 'HIRAGANA', 'あの');
INSERT INTO "vocabulary"."linkages" ("vocabulary_id", "preferred_definition_id", "preferred_spelling_id", "phonetic_spelling_id", "alt_phonetic_spelling_id", "kanji_spelling_id", "conjugation_set_id") VALUES ('908efe1a-b6e9-55d5-b550-461cea175af4', '9135318b-8521-5cbc-bfa1-80313d877c07', 'c0175ef2-ebc7-5b4e-be20-ada862fc6353', 'dc5f7c7d-c25e-5680-b5d8-bae005da375a', NULL, NULL, NULL);
INSERT INTO "vocabulary"."reference" ("vocabulary_id", "lesson_code") VALUES ('908efe1a-b6e9-55d5-b550-461cea175af4', 'GENKI3_L02');
-- どの〜 | which.... --;
INSERT INTO "vocabulary"."vocabulary" ("id", "word_class_code", "conjugation_kind_code", "jlpt_level", "row_num", "tags", "date_added") VALUES ('a9b7cffc-2d14-58ae-818b-3ac3b6e6e4d0', 'PRONOUN', NULL, 5, 113, '{pointing_word}', '2022-05-30');
INSERT INTO "vocabulary"."definition" ("id", "vocabulary_id", "sort_rank", "value") VALUES ('2cff90de-c3a7-5029-a9c9-7f7ee37b3eac', 'a9b7cffc-2d14-58ae-818b-3ac3b6e6e4d0', 1, 'which....');
INSERT INTO "vocabulary"."spelling" ("id", "vocabulary_id", "spelling_kind_code", "value") VALUES ('0c6f235f-da33-5cbc-b69c-ab51b15fe332', 'a9b7cffc-2d14-58ae-818b-3ac3b6e6e4d0', 'HIRAGANA', 'どの〜');
INSERT INTO "vocabulary"."spelling" ("id", "vocabulary_id", "spelling_kind_code", "value") VALUES ('d2bdebfe-e023-5b7e-b332-402230465755', 'a9b7cffc-2d14-58ae-818b-3ac3b6e6e4d0', 'HIRAGANA', 'どの');
INSERT INTO "vocabulary"."linkages" ("vocabulary_id", "preferred_definition_id", "preferred_spelling_id", "phonetic_spelling_id", "alt_phonetic_spelling_id", "kanji_spelling_id", "conjugation_set_id") VALUES ('a9b7cffc-2d14-58ae-818b-3ac3b6e6e4d0', '2cff90de-c3a7-5029-a9c9-7f7ee37b3eac', '0c6f235f-da33-5cbc-b69c-ab51b15fe332', 'd2bdebfe-e023-5b7e-b332-402230465755', NULL, NULL, NULL);
INSERT INTO "vocabulary"."reference" ("vocabulary_id", "lesson_code") VALUES ('a9b7cffc-2d14-58ae-818b-3ac3b6e6e4d0', 'GENKI3_L02');
-- ここ | here --;
INSERT INTO "vocabulary"."vocabulary" ("id", "word_class_code", "conjugation_kind_code", "jlpt_level", "row_num", "tags", "date_added") VALUES ('9c591bfa-c4a7-5263-b2b1-7c8d14e10c34', 'PRONOUN', NULL, 5, 114, '{pointing_word}', '2022-05-30');
INSERT INTO "vocabulary"."definition" ("id", "vocabulary_id", "sort_rank", "value") VALUES ('ba4bace5-1ffe-5eaf-aaf4-a949b4b66b09', '9c591bfa-c4a7-5263-b2b1-7c8d14e10c34', 1, 'here');
INSERT INTO "vocabulary"."spelling" ("id", "vocabulary_id", "spelling_kind_code", "value") VALUES ('333fa2b7-675c-5da5-9ad5-bf0731289dc1', '9c591bfa-c4a7-5263-b2b1-7c8d14e10c34', 'HIRAGANA', 'ここ');
INSERT INTO "vocabulary"."spelling" ("id", "vocabulary_id", "spelling_kind_code", "value") VALUES ('e9307239-10f6-56ae-8fbb-c8c486da744f', '9c591bfa-c4a7-5263-b2b1-7c8d14e10c34', 'HIRAGANA', 'ここ');
INSERT INTO "vocabulary"."linkages" ("vocabulary_id", "preferred_definition_id", "preferred_spelling_id", "phonetic_spelling_id", "alt_phonetic_spelling_id", "kanji_spelling_id", "conjugation_set_id") VALUES ('9c591bfa-c4a7-5263-b2b1-7c8d14e10c34', 'ba4bace5-1ffe-5eaf-aaf4-a949b4b66b09', '333fa2b7-675c-5da5-9ad5-bf0731289dc1', 'e9307239-10f6-56ae-8fbb-c8c486da744f', NULL, NULL, NULL);
INSERT INTO "vocabulary"."reference" ("vocabulary_id", "lesson_code") VALUES ('9c591bfa-c4a7-5263-b2b1-7c8d14e10c34', 'GENKI3_L02');
-- そこ | there --;
INSERT INTO "vocabulary"."vocabulary" ("id", "word_class_code", "conjugation_kind_code", "jlpt_level", "row_num", "tags", "date_added") VALUES ('0279527b-c398-5856-aad3-11b834907f56', 'PRONOUN', NULL, 5, 115, '{pointing_word}', '2022-05-30');
INSERT INTO "vocabulary"."definition" ("id", "vocabulary_id", "sort_rank", "value") VALUES ('70c2785e-931b-52a4-a627-b450554241ad', '0279527b-c398-5856-aad3-11b834907f56', 1, 'there');
INSERT INTO "vocabulary"."spelling" ("id", "vocabulary_id", "spelling_kind_code", "value") VALUES ('0603aa52-cc49-55a8-af60-f31684779b3d', '0279527b-c398-5856-aad3-11b834907f56', 'HIRAGANA', 'そこ');
INSERT INTO "vocabulary"."spelling" ("id", "vocabulary_id", "spelling_kind_code", "value") VALUES ('88ea0a4c-fc5a-593b-b468-5b6d7e36bb75', '0279527b-c398-5856-aad3-11b834907f56', 'HIRAGANA', 'そこ');
INSERT INTO "vocabulary"."linkages" ("vocabulary_id", "preferred_definition_id", "preferred_spelling_id", "phonetic_spelling_id", "alt_phonetic_spelling_id", "kanji_spelling_id", "conjugation_set_id") VALUES ('0279527b-c398-5856-aad3-11b834907f56', '70c2785e-931b-52a4-a627-b450554241ad', '0603aa52-cc49-55a8-af60-f31684779b3d', '88ea0a4c-fc5a-593b-b468-5b6d7e36bb75', NULL, NULL, NULL);
INSERT INTO "vocabulary"."reference" ("vocabulary_id", "lesson_code") VALUES ('0279527b-c398-5856-aad3-11b834907f56', 'GENKI3_L02');
-- あそこ | over there --;
INSERT INTO "vocabulary"."vocabulary" ("id", "word_class_code", "conjugation_kind_code", "jlpt_level", "row_num", "tags", "date_added") VALUES ('5587745e-e524-5159-8fe6-1e8637b90455', 'PRONOUN', NULL, 5, 116, '{pointing_word}', '2022-05-30');
INSERT INTO "vocabulary"."definition" ("id", "vocabulary_id", "sort_rank", "value") VALUES ('678757fb-a77b-52fa-a850-48092303ae83', '5587745e-e524-5159-8fe6-1e8637b90455', 1, 'over there');
INSERT INTO "vocabulary"."spelling" ("id", "vocabulary_id", "spelling_kind_code", "value") VALUES ('52665a21-4359-5c7d-ac54-59cd11112eb5', '5587745e-e524-5159-8fe6-1e8637b90455', 'HIRAGANA', 'あそこ');
INSERT INTO "vocabulary"."spelling" ("id", "vocabulary_id", "spelling_kind_code", "value") VALUES ('fadec52b-e747-5657-bf0a-3e43ac0f19e2', '5587745e-e524-5159-8fe6-1e8637b90455', 'HIRAGANA', 'あそこ');
INSERT INTO "vocabulary"."linkages" ("vocabulary_id", "preferred_definition_id", "preferred_spelling_id", "phonetic_spelling_id", "alt_phonetic_spelling_id", "kanji_spelling_id", "conjugation_set_id") VALUES ('5587745e-e524-5159-8fe6-1e8637b90455', '678757fb-a77b-52fa-a850-48092303ae83', '52665a21-4359-5c7d-ac54-59cd11112eb5', 'fadec52b-e747-5657-bf0a-3e43ac0f19e2', NULL, NULL, NULL);
INSERT INTO "vocabulary"."reference" ("vocabulary_id", "lesson_code") VALUES ('5587745e-e524-5159-8fe6-1e8637b90455', 'GENKI3_L02');
-- どこ | where --;
INSERT INTO "vocabulary"."vocabulary" ("id", "word_class_code", "conjugation_kind_code", "jlpt_level", "row_num", "tags", "date_added") VALUES ('1502a2cb-059c-5a9f-baab-af68a0d09ac8', 'PRONOUN', NULL, 5, 117, '{pointing_word}', '2022-05-30');
INSERT INTO "vocabulary"."definition" ("id", "vocabulary_id", "sort_rank", "value") VALUES ('9d82b99e-c82b-5908-a9f5-10afbfae112e', '1502a2cb-059c-5a9f-baab-af68a0d09ac8', 1, 'where');
INSERT INTO "vocabulary"."spelling" ("id", "vocabulary_id", "spelling_kind_code", "value") VALUES ('2e424c81-176e-570a-8f58-1736b3f111a5', '1502a2cb-059c-5a9f-baab-af68a0d09ac8', 'HIRAGANA', 'どこ');
INSERT INTO "vocabulary"."spelling" ("id", "vocabulary_id", "spelling_kind_code", "value") VALUES ('e3002ce1-acfc-58d7-b744-69827cf7aca3', '1502a2cb-059c-5a9f-baab-af68a0d09ac8', 'HIRAGANA', 'どこ');
INSERT INTO "vocabulary"."linkages" ("vocabulary_id", "preferred_definition_id", "preferred_spelling_id", "phonetic_spelling_id", "alt_phonetic_spelling_id", "kanji_spelling_id", "conjugation_set_id") VALUES ('1502a2cb-059c-5a9f-baab-af68a0d09ac8', '9d82b99e-c82b-5908-a9f5-10afbfae112e', '2e424c81-176e-570a-8f58-1736b3f111a5', 'e3002ce1-acfc-58d7-b744-69827cf7aca3', NULL, NULL, NULL);
INSERT INTO "vocabulary"."reference" ("vocabulary_id", "lesson_code") VALUES ('1502a2cb-059c-5a9f-baab-af68a0d09ac8', 'GENKI3_L02');
-- 誰 | who --;
INSERT INTO "vocabulary"."vocabulary" ("id", "word_class_code", "conjugation_kind_code", "jlpt_level", "row_num", "tags", "date_added") VALUES ('93eaf294-a292-5980-b17e-de43755335c9', 'PRONOUN', NULL, 5, 118, '{pointing_word}', '2022-05-30');
INSERT INTO "vocabulary"."definition" ("id", "vocabulary_id", "sort_rank", "value") VALUES ('9bf2efe4-328f-59c9-9d1f-c7c95d509246', '93eaf294-a292-5980-b17e-de43755335c9', 1, 'who');
INSERT INTO "vocabulary"."spelling" ("id", "vocabulary_id", "spelling_kind_code", "value") VALUES ('1d61c80a-9eed-5659-9a65-346d263ad0ea', '93eaf294-a292-5980-b17e-de43755335c9', 'KANJI', '誰');
INSERT INTO "vocabulary"."spelling" ("id", "vocabulary_id", "spelling_kind_code", "value") VALUES ('6c1bdfcc-b6fd-5443-8596-a4d7fa60bb3c', '93eaf294-a292-5980-b17e-de43755335c9', 'HIRAGANA', 'だれ');
INSERT INTO "vocabulary"."spelling" ("id", "vocabulary_id", "spelling_kind_code", "value") VALUES ('c2628308-c4b2-5443-a778-b3f4c897d318', '93eaf294-a292-5980-b17e-de43755335c9', 'KANJI', '誰');
INSERT INTO "vocabulary"."linkages" ("vocabulary_id", "preferred_definition_id", "preferred_spelling_id", "phonetic_spelling_id", "alt_phonetic_spelling_id", "kanji_spelling_id", "conjugation_set_id") VALUES ('93eaf294-a292-5980-b17e-de43755335c9', '9bf2efe4-328f-59c9-9d1f-c7c95d509246', '1d61c80a-9eed-5659-9a65-346d263ad0ea', '6c1bdfcc-b6fd-5443-8596-a4d7fa60bb3c', NULL, 'c2628308-c4b2-5443-a778-b3f4c897d318', NULL);
INSERT INTO "vocabulary"."reference" ("vocabulary_id", "lesson_code") VALUES ('93eaf294-a292-5980-b17e-de43755335c9', 'DUO_02_07');
INSERT INTO "vocabulary"."reference" ("vocabulary_id", "lesson_code") VALUES ('93eaf294-a292-5980-b17e-de43755335c9', 'DUO_U09');
INSERT INTO "vocabulary"."reference" ("vocabulary_id", "lesson_code") VALUES ('93eaf294-a292-5980-b17e-de43755335c9', 'GENKI3_L02');
-- おいしい | delicious --;
INSERT INTO "vocabulary"."vocabulary" ("id", "word_class_code", "conjugation_kind_code", "jlpt_level", "row_num", "tags", "date_added") VALUES ('f5fce96d-2982-5d7a-b7ce-9dc8914c6ab3', 'ADJECTIVE', 'I_ADJECTIVE', 5, 119, '{food}', '2022-05-30');
INSERT INTO "vocabulary"."definition" ("id", "vocabulary_id", "sort_rank", "value") VALUES ('2bcb03ad-2d1d-5ea4-b656-f5257150dcca', 'f5fce96d-2982-5d7a-b7ce-9dc8914c6ab3', 1, 'delicious');
INSERT INTO "vocabulary"."spelling" ("id", "vocabulary_id", "spelling_kind_code", "value") VALUES ('19184959-63c9-59be-9ae4-ed49eaebc1b9', 'f5fce96d-2982-5d7a-b7ce-9dc8914c6ab3', 'HIRAGANA', 'おいしい');
INSERT INTO "vocabulary"."spelling" ("id", "vocabulary_id", "spelling_kind_code", "value") VALUES ('02a8a831-b1ff-55a7-bb79-091cadec4716', 'f5fce96d-2982-5d7a-b7ce-9dc8914c6ab3', 'HIRAGANA', 'おいしい');
INSERT INTO "vocabulary"."spelling" ("id", "vocabulary_id", "spelling_kind_code", "value") VALUES ('7d51e920-23a5-5bd6-8e53-c598cc31af8d', 'f5fce96d-2982-5d7a-b7ce-9dc8914c6ab3', 'KANJI', '美味しい');
INSERT INTO "vocabulary"."conjugation_set" ("id", "vocabulary_id") VALUES ('9663fa14-add3-5bd5-bee9-30d6224e837f', 'f5fce96d-2982-5d7a-b7ce-9dc8914c6ab3');
INSERT INTO "vocabulary"."linkages" ("vocabulary_id", "preferred_definition_id", "preferred_spelling_id", "phonetic_spelling_id", "alt_phonetic_spelling_id", "kanji_spelling_id", "conjugation_set_id") VALUES ('f5fce96d-2982-5d7a-b7ce-9dc8914c6ab3', '2bcb03ad-2d1d-5ea4-b656-f5257150dcca', '19184959-63c9-59be-9ae4-ed49eaebc1b9', '02a8a831-b1ff-55a7-bb79-091cadec4716', NULL, '7d51e920-23a5-5bd6-8e53-c598cc31af8d', '9663fa14-add3-5bd5-bee9-30d6224e837f');
INSERT INTO "vocabulary"."reference" ("vocabulary_id", "lesson_code") VALUES ('f5fce96d-2982-5d7a-b7ce-9dc8914c6ab3', 'GENKI3_L02');
INSERT INTO "vocabulary"."conjugation" ("id", "conjugation_set_id", "politeness_code", "charge_code", "form_code", "sort_rank", "value") VALUES ('ed03b197-43dc-5e24-a804-b1e7252116bb', '9663fa14-add3-5bd5-bee9-30d6224e837f', 'PLAIN', 'POSITIVE', 'PRESENT', 1, 'おいしい');
INSERT INTO "vocabulary"."conjugation" ("id", "conjugation_set_id", "politeness_code", "charge_code", "form_code", "sort_rank", "value") VALUES ('118e5624-b1b4-5ca4-9695-64f20560dbcb', '9663fa14-add3-5bd5-bee9-30d6224e837f', 'PLAIN', 'POSITIVE', 'PAST', 1, 'おいしかった');
INSERT INTO "vocabulary"."conjugation" ("id", "conjugation_set_id", "politeness_code", "charge_code", "form_code", "sort_rank", "value") VALUES ('0568e386-fa91-5c87-ac24-9c477b0698e3', '9663fa14-add3-5bd5-bee9-30d6224e837f', 'PLAIN', 'NEGATIVE', 'PRESENT', 1, 'おいしくない');
INSERT INTO "vocabulary"."conjugation" ("id", "conjugation_set_id", "politeness_code", "charge_code", "form_code", "sort_rank", "value") VALUES ('031750b1-dfab-5dfb-8c25-400ac3151864', '9663fa14-add3-5bd5-bee9-30d6224e837f', 'PLAIN', 'NEGATIVE', 'PAST', 1, 'おいしくなかった');
-- うまい | skillful; delicious! (slang) --;
INSERT INTO "vocabulary"."vocabulary" ("id", "word_class_code", "conjugation_kind_code", "jlpt_level", "row_num", "tags", "date_added") VALUES ('10a5183d-9b5d-58c7-885f-0210e56c1dca', 'ADJECTIVE', 'I_ADJECTIVE', NULL, 120, '{food,slang}', '2022-05-30');
INSERT INTO "vocabulary"."definition" ("id", "vocabulary_id", "sort_rank", "value") VALUES ('8391e60e-b6a7-5f74-bc0d-bd9e8d2e837a', '10a5183d-9b5d-58c7-885f-0210e56c1dca', 1, 'skillful; delicious! (slang)');
INSERT INTO "vocabulary"."spelling" ("id", "vocabulary_id", "spelling_kind_code", "value") VALUES ('1792caa0-a6cd-592a-993d-36ce2cc6fbab', '10a5183d-9b5d-58c7-885f-0210e56c1dca', 'HIRAGANA', 'うまい');
INSERT INTO "vocabulary"."spelling" ("id", "vocabulary_id", "spelling_kind_code", "value") VALUES ('a5b23dbd-088c-541a-b26f-195298f65ef4', '10a5183d-9b5d-58c7-885f-0210e56c1dca', 'HIRAGANA', 'うまい');
INSERT INTO "vocabulary"."spelling" ("id", "vocabulary_id", "spelling_kind_code", "value") VALUES ('5ed8fc8f-7e23-541f-bd5a-bcb50af11dad', '10a5183d-9b5d-58c7-885f-0210e56c1dca', 'KANJI', '上手い');
INSERT INTO "vocabulary"."linkages" ("vocabulary_id", "preferred_definition_id", "preferred_spelling_id", "phonetic_spelling_id", "alt_phonetic_spelling_id", "kanji_spelling_id", "conjugation_set_id") VALUES ('10a5183d-9b5d-58c7-885f-0210e56c1dca', '8391e60e-b6a7-5f74-bc0d-bd9e8d2e837a', '1792caa0-a6cd-592a-993d-36ce2cc6fbab', 'a5b23dbd-088c-541a-b26f-195298f65ef4', NULL, '5ed8fc8f-7e23-541f-bd5a-bcb50af11dad', NULL);
INSERT INTO "vocabulary"."reference" ("vocabulary_id", "lesson_code") VALUES ('10a5183d-9b5d-58c7-885f-0210e56c1dca', 'GENKI3_L08');
-- 上手 | skillful; proficient; adept --;
INSERT INTO "vocabulary"."vocabulary" ("id", "word_class_code", "conjugation_kind_code", "jlpt_level", "row_num", "tags", "date_added") VALUES ('432e16e3-a00f-5af7-a67a-e75a5451933e', 'ADJECTIVE', 'NA_ADJECTIVE', 5, 121, '{}', '2022-09-06');
INSERT INTO "vocabulary"."definition" ("id", "vocabulary_id", "sort_rank", "value") VALUES ('c5ea1b3b-7566-594c-a9f4-6d36c88c52f4', '432e16e3-a00f-5af7-a67a-e75a5451933e', 1, 'skillful; proficient; adept');
INSERT INTO "vocabulary"."spelling" ("id", "vocabulary_id", "spelling_kind_code", "value") VALUES ('8d817b99-0bf4-5375-853c-61f7e40ab1a7', '432e16e3-a00f-5af7-a67a-e75a5451933e', 'KANJI', '上手');
INSERT INTO "vocabulary"."spelling" ("id", "vocabulary_id", "spelling_kind_code", "value") VALUES ('1de46c1e-0ace-507d-9c35-3b36b50f8ed9', '432e16e3-a00f-5af7-a67a-e75a5451933e', 'HIRAGANA', 'じょうず');
INSERT INTO "vocabulary"."spelling" ("id", "vocabulary_id", "spelling_kind_code", "value") VALUES ('9b426ccd-83af-57a6-b771-65eeec8c7c40', '432e16e3-a00f-5af7-a67a-e75a5451933e', 'KANJI', '上手');
INSERT INTO "vocabulary"."linkages" ("vocabulary_id", "preferred_definition_id", "preferred_spelling_id", "phonetic_spelling_id", "alt_phonetic_spelling_id", "kanji_spelling_id", "conjugation_set_id") VALUES ('432e16e3-a00f-5af7-a67a-e75a5451933e', 'c5ea1b3b-7566-594c-a9f4-6d36c88c52f4', '8d817b99-0bf4-5375-853c-61f7e40ab1a7', '1de46c1e-0ace-507d-9c35-3b36b50f8ed9', NULL, '9b426ccd-83af-57a6-b771-65eeec8c7c40', NULL);
INSERT INTO "vocabulary"."reference" ("vocabulary_id", "lesson_code") VALUES ('432e16e3-a00f-5af7-a67a-e75a5451933e', 'LULI_KANJI_L01');
-- 下手 | unskillful; awkward --;
INSERT INTO "vocabulary"."vocabulary" ("id", "word_class_code", "conjugation_kind_code", "jlpt_level", "row_num", "tags", "date_added") VALUES ('70003bab-5f71-537a-a19f-10a36b67cbdc', 'ADJECTIVE', 'NA_ADJECTIVE', 5, 122, '{}', '2022-09-07');
INSERT INTO "vocabulary"."definition" ("id", "vocabulary_id", "sort_rank", "value") VALUES ('abf23f92-17f0-5882-b69a-5d260e2d6b82', '70003bab-5f71-537a-a19f-10a36b67cbdc', 1, 'unskillful; awkward');
INSERT INTO "vocabulary"."spelling" ("id", "vocabulary_id", "spelling_kind_code", "value") VALUES ('054db57f-d5cf-5d3d-860f-915fe784eeba', '70003bab-5f71-537a-a19f-10a36b67cbdc', 'KANJI', '下手');
INSERT INTO "vocabulary"."spelling" ("id", "vocabulary_id", "spelling_kind_code", "value") VALUES ('1d73dc1f-7724-5a46-ace7-54a66a983a49', '70003bab-5f71-537a-a19f-10a36b67cbdc', 'HIRAGANA', 'へた');
INSERT INTO "vocabulary"."spelling" ("id", "vocabulary_id", "spelling_kind_code", "value") VALUES ('55d69665-634e-5fea-aa7a-bb48ef92b7dd', '70003bab-5f71-537a-a19f-10a36b67cbdc', 'KANJI', '下手');
INSERT INTO "vocabulary"."linkages" ("vocabulary_id", "preferred_definition_id", "preferred_spelling_id", "phonetic_spelling_id", "alt_phonetic_spelling_id", "kanji_spelling_id", "conjugation_set_id") VALUES ('70003bab-5f71-537a-a19f-10a36b67cbdc', 'abf23f92-17f0-5882-b69a-5d260e2d6b82', '054db57f-d5cf-5d3d-860f-915fe784eeba', '1d73dc1f-7724-5a46-ace7-54a66a983a49', NULL, '55d69665-634e-5fea-aa7a-bb48ef92b7dd', NULL);
INSERT INTO "vocabulary"."reference" ("vocabulary_id", "lesson_code") VALUES ('70003bab-5f71-537a-a19f-10a36b67cbdc', 'GENKI3_L08');
INSERT INTO "vocabulary"."reference" ("vocabulary_id", "lesson_code") VALUES ('70003bab-5f71-537a-a19f-10a36b67cbdc', 'LULI_KANJI_L01');
-- 魚 | fish --;
INSERT INTO "vocabulary"."vocabulary" ("id", "word_class_code", "conjugation_kind_code", "jlpt_level", "row_num", "tags", "date_added") VALUES ('f7aa023d-a413-562b-bf45-75367462a4b2', 'NOUN', NULL, 5, 123, '{food}', '2022-05-30');
INSERT INTO "vocabulary"."definition" ("id", "vocabulary_id", "sort_rank", "value") VALUES ('20f1e1c3-d081-5dd1-a77f-1a9c6f40c3c8', 'f7aa023d-a413-562b-bf45-75367462a4b2', 1, 'fish');
INSERT INTO "vocabulary"."spelling" ("id", "vocabulary_id", "spelling_kind_code", "value") VALUES ('7c5fbffb-f3c7-594e-b997-88a30dc59b79', 'f7aa023d-a413-562b-bf45-75367462a4b2', 'KANJI', '魚');
INSERT INTO "vocabulary"."spelling" ("id", "vocabulary_id", "spelling_kind_code", "value") VALUES ('4ee001cb-adc6-5f42-bdd0-8391a17f215c', 'f7aa023d-a413-562b-bf45-75367462a4b2', 'HIRAGANA', 'さかな');
INSERT INTO "vocabulary"."spelling" ("id", "vocabulary_id", "spelling_kind_code", "value") VALUES ('a00436b2-beb8-5337-908e-4bf5527e40ab', 'f7aa023d-a413-562b-bf45-75367462a4b2', 'KANJI', '魚');
INSERT INTO "vocabulary"."linkages" ("vocabulary_id", "preferred_definition_id", "preferred_spelling_id", "phonetic_spelling_id", "alt_phonetic_spelling_id", "kanji_spelling_id", "conjugation_set_id") VALUES ('f7aa023d-a413-562b-bf45-75367462a4b2', '20f1e1c3-d081-5dd1-a77f-1a9c6f40c3c8', '7c5fbffb-f3c7-594e-b997-88a30dc59b79', '4ee001cb-adc6-5f42-bdd0-8391a17f215c', NULL, 'a00436b2-beb8-5337-908e-4bf5527e40ab', NULL);
INSERT INTO "vocabulary"."reference" ("vocabulary_id", "lesson_code") VALUES ('f7aa023d-a413-562b-bf45-75367462a4b2', 'DUO_02_01');
INSERT INTO "vocabulary"."reference" ("vocabulary_id", "lesson_code") VALUES ('f7aa023d-a413-562b-bf45-75367462a4b2', 'DUO_U06');
-- とんかつ | pork cutlet --;
INSERT INTO "vocabulary"."vocabulary" ("id", "word_class_code", "conjugation_kind_code", "jlpt_level", "row_num", "tags", "date_added") VALUES ('81b8f353-cd1c-53e4-a0f4-1630c490c959', 'NOUN', NULL, NULL, 124, '{food}', '2022-05-30');
INSERT INTO "vocabulary"."definition" ("id", "vocabulary_id", "sort_rank", "value") VALUES ('f591f588-6a7c-5348-82b5-e890ed787b54', '81b8f353-cd1c-53e4-a0f4-1630c490c959', 1, 'pork cutlet');
INSERT INTO "vocabulary"."spelling" ("id", "vocabulary_id", "spelling_kind_code", "value") VALUES ('544af4a4-8176-5cb2-8726-b8068a7a536a', '81b8f353-cd1c-53e4-a0f4-1630c490c959', 'HIRAGANA', 'とんかつ');
INSERT INTO "vocabulary"."spelling" ("id", "vocabulary_id", "spelling_kind_code", "value") VALUES ('a4d18da3-cb50-50f8-af3c-9b424accaadf', '81b8f353-cd1c-53e4-a0f4-1630c490c959', 'HIRAGANA', 'とんかつ');
INSERT INTO "vocabulary"."spelling" ("id", "vocabulary_id", "spelling_kind_code", "value") VALUES ('1bc232b8-e862-54c8-b688-39799cf2dff4', '81b8f353-cd1c-53e4-a0f4-1630c490c959', 'KANJI', '豚カツ');
INSERT INTO "vocabulary"."linkages" ("vocabulary_id", "preferred_definition_id", "preferred_spelling_id", "phonetic_spelling_id", "alt_phonetic_spelling_id", "kanji_spelling_id", "conjugation_set_id") VALUES ('81b8f353-cd1c-53e4-a0f4-1630c490c959', 'f591f588-6a7c-5348-82b5-e890ed787b54', '544af4a4-8176-5cb2-8726-b8068a7a536a', 'a4d18da3-cb50-50f8-af3c-9b424accaadf', NULL, '1bc232b8-e862-54c8-b688-39799cf2dff4', NULL);
INSERT INTO "vocabulary"."reference" ("vocabulary_id", "lesson_code") VALUES ('81b8f353-cd1c-53e4-a0f4-1630c490c959', 'GENKI3_L02');
-- 豚骨 | pork bone (e.g. ramen broth) --;
INSERT INTO "vocabulary"."vocabulary" ("id", "word_class_code", "conjugation_kind_code", "jlpt_level", "row_num", "tags", "date_added") VALUES ('e2c0e2f3-891a-55e3-ad28-285669d27287', 'NOUN', NULL, NULL, 125, '{food}', '2022-05-30');
INSERT INTO "vocabulary"."definition" ("id", "vocabulary_id", "sort_rank", "value") VALUES ('4bf39732-92c9-5fb0-a719-0875cdefaf81', 'e2c0e2f3-891a-55e3-ad28-285669d27287', 1, 'pork bone (e.g. ramen broth)');
INSERT INTO "vocabulary"."spelling" ("id", "vocabulary_id", "spelling_kind_code", "value") VALUES ('f8334a13-fc88-5606-8e8f-4b33b8832b48', 'e2c0e2f3-891a-55e3-ad28-285669d27287', 'KANJI', '豚骨');
INSERT INTO "vocabulary"."spelling" ("id", "vocabulary_id", "spelling_kind_code", "value") VALUES ('b7bab3cf-4ec1-5122-9eeb-ec3d46383a3c', 'e2c0e2f3-891a-55e3-ad28-285669d27287', 'HIRAGANA', 'とんこつ');
INSERT INTO "vocabulary"."spelling" ("id", "vocabulary_id", "spelling_kind_code", "value") VALUES ('5f9e3393-2f37-5559-8a0e-c1c0f7d4ddd4', 'e2c0e2f3-891a-55e3-ad28-285669d27287', 'KANJI', '豚骨');
INSERT INTO "vocabulary"."linkages" ("vocabulary_id", "preferred_definition_id", "preferred_spelling_id", "phonetic_spelling_id", "alt_phonetic_spelling_id", "kanji_spelling_id", "conjugation_set_id") VALUES ('e2c0e2f3-891a-55e3-ad28-285669d27287', '4bf39732-92c9-5fb0-a719-0875cdefaf81', 'f8334a13-fc88-5606-8e8f-4b33b8832b48', 'b7bab3cf-4ec1-5122-9eeb-ec3d46383a3c', NULL, '5f9e3393-2f37-5559-8a0e-c1c0f7d4ddd4', NULL);
INSERT INTO "vocabulary"."reference" ("vocabulary_id", "lesson_code") VALUES ('e2c0e2f3-891a-55e3-ad28-285669d27287', 'GENKI3_L02');
-- 肉 | meat --;
INSERT INTO "vocabulary"."vocabulary" ("id", "word_class_code", "conjugation_kind_code", "jlpt_level", "row_num", "tags", "date_added") VALUES ('2dd4acb2-11ca-50c5-b365-c22616ea316d', 'NOUN', NULL, 5, 126, '{food}', '2022-05-30');
INSERT INTO "vocabulary"."definition" ("id", "vocabulary_id", "sort_rank", "value") VALUES ('8d582b84-fdee-5200-a0ea-180645b087b6', '2dd4acb2-11ca-50c5-b365-c22616ea316d', 1, 'meat');
INSERT INTO "vocabulary"."spelling" ("id", "vocabulary_id", "spelling_kind_code", "value") VALUES ('d5975c6d-1f89-5681-ab27-3dcd7a7ffe8d', '2dd4acb2-11ca-50c5-b365-c22616ea316d', 'KANJI', '肉');
INSERT INTO "vocabulary"."spelling" ("id", "vocabulary_id", "spelling_kind_code", "value") VALUES ('d63e6e35-c8dc-56b7-9aff-8de09c1cf006', '2dd4acb2-11ca-50c5-b365-c22616ea316d', 'KANJI', '肉');
INSERT INTO "vocabulary"."spelling" ("id", "vocabulary_id", "spelling_kind_code", "value") VALUES ('b6de8641-fa84-58a8-bfc6-bca971953992', '2dd4acb2-11ca-50c5-b365-c22616ea316d', 'KANJI', '肉');
INSERT INTO "vocabulary"."linkages" ("vocabulary_id", "preferred_definition_id", "preferred_spelling_id", "phonetic_spelling_id", "alt_phonetic_spelling_id", "kanji_spelling_id", "conjugation_set_id") VALUES ('2dd4acb2-11ca-50c5-b365-c22616ea316d', '8d582b84-fdee-5200-a0ea-180645b087b6', 'd5975c6d-1f89-5681-ab27-3dcd7a7ffe8d', 'd63e6e35-c8dc-56b7-9aff-8de09c1cf006', NULL, 'b6de8641-fa84-58a8-bfc6-bca971953992', NULL);
INSERT INTO "vocabulary"."reference" ("vocabulary_id", "lesson_code") VALUES ('2dd4acb2-11ca-50c5-b365-c22616ea316d', 'DUO_02_01');
INSERT INTO "vocabulary"."reference" ("vocabulary_id", "lesson_code") VALUES ('2dd4acb2-11ca-50c5-b365-c22616ea316d', 'DUO_U06');
INSERT INTO "vocabulary"."reference" ("vocabulary_id", "lesson_code") VALUES ('2dd4acb2-11ca-50c5-b365-c22616ea316d', 'GENKI3_L02');
-- メニュー | menu --;
INSERT INTO "vocabulary"."vocabulary" ("id", "word_class_code", "conjugation_kind_code", "jlpt_level", "row_num", "tags", "date_added") VALUES ('3ab19c55-4c6a-53e0-afce-41968363d92a', 'NOUN', NULL, 2, 127, '{food}', '2022-05-30');
INSERT INTO "vocabulary"."definition" ("id", "vocabulary_id", "sort_rank", "value") VALUES ('e96675e5-17aa-5ff2-90ad-6e9f455c2c83', '3ab19c55-4c6a-53e0-afce-41968363d92a', 1, 'menu');
INSERT INTO "vocabulary"."spelling" ("id", "vocabulary_id", "spelling_kind_code", "value") VALUES ('9be568a3-30d6-56db-a54f-3da5b342e7b4', '3ab19c55-4c6a-53e0-afce-41968363d92a', 'KATAKANA', 'メニュー');
INSERT INTO "vocabulary"."spelling" ("id", "vocabulary_id", "spelling_kind_code", "value") VALUES ('4a6631bc-3764-54a5-8a53-40b09c2a590d', '3ab19c55-4c6a-53e0-afce-41968363d92a', 'HIRAGANA', 'めにゅう');
INSERT INTO "vocabulary"."linkages" ("vocabulary_id", "preferred_definition_id", "preferred_spelling_id", "phonetic_spelling_id", "alt_phonetic_spelling_id", "kanji_spelling_id", "conjugation_set_id") VALUES ('3ab19c55-4c6a-53e0-afce-41968363d92a', 'e96675e5-17aa-5ff2-90ad-6e9f455c2c83', '9be568a3-30d6-56db-a54f-3da5b342e7b4', '4a6631bc-3764-54a5-8a53-40b09c2a590d', NULL, NULL, NULL);
INSERT INTO "vocabulary"."reference" ("vocabulary_id", "lesson_code") VALUES ('3ab19c55-4c6a-53e0-afce-41968363d92a', 'GENKI3_L02');
-- 野菜 | vegetables --;
INSERT INTO "vocabulary"."vocabulary" ("id", "word_class_code", "conjugation_kind_code", "jlpt_level", "row_num", "tags", "date_added") VALUES ('496222cc-1cb3-50c8-9e7e-bbc7d327b78c', 'NOUN', NULL, 5, 128, '{food}', '2022-05-30');
INSERT INTO "vocabulary"."definition" ("id", "vocabulary_id", "sort_rank", "value") VALUES ('58218644-0390-5bfa-8ff2-856ab924b51a', '496222cc-1cb3-50c8-9e7e-bbc7d327b78c', 1, 'vegetables');
INSERT INTO "vocabulary"."spelling" ("id", "vocabulary_id", "spelling_kind_code", "value") VALUES ('bd1904a5-6b5e-5500-9579-aaf74f159fdf', '496222cc-1cb3-50c8-9e7e-bbc7d327b78c', 'KANJI', '野菜');
INSERT INTO "vocabulary"."spelling" ("id", "vocabulary_id", "spelling_kind_code", "value") VALUES ('47a1eb40-08c1-5f76-ab3d-03f6fc8ba2a3', '496222cc-1cb3-50c8-9e7e-bbc7d327b78c', 'HIRAGANA', 'やさい');
INSERT INTO "vocabulary"."spelling" ("id", "vocabulary_id", "spelling_kind_code", "value") VALUES ('ab74af61-8699-576e-9874-a82defbc1779', '496222cc-1cb3-50c8-9e7e-bbc7d327b78c', 'KANJI', '野菜');
INSERT INTO "vocabulary"."linkages" ("vocabulary_id", "preferred_definition_id", "preferred_spelling_id", "phonetic_spelling_id", "alt_phonetic_spelling_id", "kanji_spelling_id", "conjugation_set_id") VALUES ('496222cc-1cb3-50c8-9e7e-bbc7d327b78c', '58218644-0390-5bfa-8ff2-856ab924b51a', 'bd1904a5-6b5e-5500-9579-aaf74f159fdf', '47a1eb40-08c1-5f76-ab3d-03f6fc8ba2a3', NULL, 'ab74af61-8699-576e-9874-a82defbc1779', NULL);
INSERT INTO "vocabulary"."reference" ("vocabulary_id", "lesson_code") VALUES ('496222cc-1cb3-50c8-9e7e-bbc7d327b78c', 'DUO_02_01');
INSERT INTO "vocabulary"."reference" ("vocabulary_id", "lesson_code") VALUES ('496222cc-1cb3-50c8-9e7e-bbc7d327b78c', 'DUO_U06');
INSERT INTO "vocabulary"."reference" ("vocabulary_id", "lesson_code") VALUES ('496222cc-1cb3-50c8-9e7e-bbc7d327b78c', 'GENKI3_L02');
-- ご飯 | rice; meal --;
INSERT INTO "vocabulary"."vocabulary" ("id", "word_class_code", "conjugation_kind_code", "jlpt_level", "row_num", "tags", "date_added") VALUES ('4fbc0a01-e32a-5449-8efe-3ae37aee4f2f', 'NOUN', NULL, 5, 129, '{food}', '2022-05-30');
INSERT INTO "vocabulary"."definition" ("id", "vocabulary_id", "sort_rank", "value") VALUES ('eb8d1ae1-c928-588b-a208-eb5938b5238b', '4fbc0a01-e32a-5449-8efe-3ae37aee4f2f', 1, 'rice; meal');
INSERT INTO "vocabulary"."spelling" ("id", "vocabulary_id", "spelling_kind_code", "value") VALUES ('0375c370-6e31-53cf-867d-3d448a4d8afb', '4fbc0a01-e32a-5449-8efe-3ae37aee4f2f', 'KANJI', 'ご飯');
INSERT INTO "vocabulary"."spelling" ("id", "vocabulary_id", "spelling_kind_code", "value") VALUES ('6240e106-54ef-51b7-b53f-00e9e4da4922', '4fbc0a01-e32a-5449-8efe-3ae37aee4f2f', 'HIRAGANA', 'ごはん');
INSERT INTO "vocabulary"."spelling" ("id", "vocabulary_id", "spelling_kind_code", "value") VALUES ('96145b64-f5fa-5abf-9118-9c3c66ac274e', '4fbc0a01-e32a-5449-8efe-3ae37aee4f2f', 'KANJI', 'ご飯');
INSERT INTO "vocabulary"."linkages" ("vocabulary_id", "preferred_definition_id", "preferred_spelling_id", "phonetic_spelling_id", "alt_phonetic_spelling_id", "kanji_spelling_id", "conjugation_set_id") VALUES ('4fbc0a01-e32a-5449-8efe-3ae37aee4f2f', 'eb8d1ae1-c928-588b-a208-eb5938b5238b', '0375c370-6e31-53cf-867d-3d448a4d8afb', '6240e106-54ef-51b7-b53f-00e9e4da4922', NULL, '96145b64-f5fa-5abf-9118-9c3c66ac274e', NULL);
INSERT INTO "vocabulary"."reference" ("vocabulary_id", "lesson_code") VALUES ('4fbc0a01-e32a-5449-8efe-3ae37aee4f2f', 'DUO_02_01');
INSERT INTO "vocabulary"."reference" ("vocabulary_id", "lesson_code") VALUES ('4fbc0a01-e32a-5449-8efe-3ae37aee4f2f', 'DUO_U06');
INSERT INTO "vocabulary"."reference" ("vocabulary_id", "lesson_code") VALUES ('4fbc0a01-e32a-5449-8efe-3ae37aee4f2f', 'GENKI3_L04');
-- パン | bread --;
INSERT INTO "vocabulary"."vocabulary" ("id", "word_class_code", "conjugation_kind_code", "jlpt_level", "row_num", "tags", "date_added") VALUES ('b74ca7fa-4622-5a52-b9df-5260878e687b', 'NOUN', NULL, 5, 130, '{food}', '2022-05-30');
INSERT INTO "vocabulary"."definition" ("id", "vocabulary_id", "sort_rank", "value") VALUES ('67e9ac43-a576-50dd-8d7a-033fe9e3a7ac', 'b74ca7fa-4622-5a52-b9df-5260878e687b', 1, 'bread');
INSERT INTO "vocabulary"."spelling" ("id", "vocabulary_id", "spelling_kind_code", "value") VALUES ('6586f88c-12d0-5bac-a10e-92786e30ad01', 'b74ca7fa-4622-5a52-b9df-5260878e687b', 'KATAKANA', 'パン');
INSERT INTO "vocabulary"."spelling" ("id", "vocabulary_id", "spelling_kind_code", "value") VALUES ('ca9a1be1-2474-588e-8a1d-fb44c2fbaab7', 'b74ca7fa-4622-5a52-b9df-5260878e687b', 'HIRAGANA', 'ぱん');
INSERT INTO "vocabulary"."linkages" ("vocabulary_id", "preferred_definition_id", "preferred_spelling_id", "phonetic_spelling_id", "alt_phonetic_spelling_id", "kanji_spelling_id", "conjugation_set_id") VALUES ('b74ca7fa-4622-5a52-b9df-5260878e687b', '67e9ac43-a576-50dd-8d7a-033fe9e3a7ac', '6586f88c-12d0-5bac-a10e-92786e30ad01', 'ca9a1be1-2474-588e-8a1d-fb44c2fbaab7', NULL, NULL, NULL);
INSERT INTO "vocabulary"."reference" ("vocabulary_id", "lesson_code") VALUES ('b74ca7fa-4622-5a52-b9df-5260878e687b', 'DUO_02_01');
INSERT INTO "vocabulary"."reference" ("vocabulary_id", "lesson_code") VALUES ('b74ca7fa-4622-5a52-b9df-5260878e687b', 'DUO_U06');
INSERT INTO "vocabulary"."reference" ("vocabulary_id", "lesson_code") VALUES ('b74ca7fa-4622-5a52-b9df-5260878e687b', 'GENKI3_L04');
-- 卵 | egg --;
INSERT INTO "vocabulary"."vocabulary" ("id", "word_class_code", "conjugation_kind_code", "jlpt_level", "row_num", "tags", "date_added") VALUES ('5e2b2d0d-7461-56e2-a151-9a10375d5615', 'NOUN', NULL, 5, 131, '{food}', '2022-05-30');
INSERT INTO "vocabulary"."definition" ("id", "vocabulary_id", "sort_rank", "value") VALUES ('6f5da332-3084-511c-9668-055cf9daa7d8', '5e2b2d0d-7461-56e2-a151-9a10375d5615', 1, 'egg');
INSERT INTO "vocabulary"."spelling" ("id", "vocabulary_id", "spelling_kind_code", "value") VALUES ('d95b6d55-7045-5be2-a032-b3408c31e3a4', '5e2b2d0d-7461-56e2-a151-9a10375d5615', 'KANJI', '卵');
INSERT INTO "vocabulary"."spelling" ("id", "vocabulary_id", "spelling_kind_code", "value") VALUES ('2dc0cc5b-fcb5-515b-a568-68c1c0b1254d', '5e2b2d0d-7461-56e2-a151-9a10375d5615', 'HIRAGANA', 'たまご');
INSERT INTO "vocabulary"."spelling" ("id", "vocabulary_id", "spelling_kind_code", "value") VALUES ('3ac8ab8a-21a6-5d8d-95f8-6ac94bf81e92', '5e2b2d0d-7461-56e2-a151-9a10375d5615', 'KANJI', '卵');
INSERT INTO "vocabulary"."linkages" ("vocabulary_id", "preferred_definition_id", "preferred_spelling_id", "phonetic_spelling_id", "alt_phonetic_spelling_id", "kanji_spelling_id", "conjugation_set_id") VALUES ('5e2b2d0d-7461-56e2-a151-9a10375d5615', '6f5da332-3084-511c-9668-055cf9daa7d8', 'd95b6d55-7045-5be2-a032-b3408c31e3a4', '2dc0cc5b-fcb5-515b-a568-68c1c0b1254d', NULL, '3ac8ab8a-21a6-5d8d-95f8-6ac94bf81e92', NULL);
INSERT INTO "vocabulary"."reference" ("vocabulary_id", "lesson_code") VALUES ('5e2b2d0d-7461-56e2-a151-9a10375d5615', 'DUO_02_06');
INSERT INTO "vocabulary"."reference" ("vocabulary_id", "lesson_code") VALUES ('5e2b2d0d-7461-56e2-a151-9a10375d5615', 'DUO_U08');
-- りんご | apple --;
INSERT INTO "vocabulary"."vocabulary" ("id", "word_class_code", "conjugation_kind_code", "jlpt_level", "row_num", "tags", "date_added") VALUES ('12c11165-7996-5b13-bf19-c3afc419afb2', 'NOUN', NULL, NULL, 132, '{food}', '2022-05-30');
INSERT INTO "vocabulary"."definition" ("id", "vocabulary_id", "sort_rank", "value") VALUES ('1e25848a-875b-5aad-88bb-9edbb686f297', '12c11165-7996-5b13-bf19-c3afc419afb2', 1, 'apple');
INSERT INTO "vocabulary"."spelling" ("id", "vocabulary_id", "spelling_kind_code", "value") VALUES ('111d0fd8-790b-569c-a95c-f443ca683eae', '12c11165-7996-5b13-bf19-c3afc419afb2', 'HIRAGANA', 'りんご');
INSERT INTO "vocabulary"."spelling" ("id", "vocabulary_id", "spelling_kind_code", "value") VALUES ('5d553c7a-18f4-5e49-ada5-16ee5ee2b1ec', '12c11165-7996-5b13-bf19-c3afc419afb2', 'HIRAGANA', 'りんご');
INSERT INTO "vocabulary"."spelling" ("id", "vocabulary_id", "spelling_kind_code", "value") VALUES ('adaa739c-ac69-59b7-98ca-4b4ca99e4d1b', '12c11165-7996-5b13-bf19-c3afc419afb2', 'KANJI', '林檎');
INSERT INTO "vocabulary"."linkages" ("vocabulary_id", "preferred_definition_id", "preferred_spelling_id", "phonetic_spelling_id", "alt_phonetic_spelling_id", "kanji_spelling_id", "conjugation_set_id") VALUES ('12c11165-7996-5b13-bf19-c3afc419afb2', '1e25848a-875b-5aad-88bb-9edbb686f297', '111d0fd8-790b-569c-a95c-f443ca683eae', '5d553c7a-18f4-5e49-ada5-16ee5ee2b1ec', NULL, 'adaa739c-ac69-59b7-98ca-4b4ca99e4d1b', NULL);
INSERT INTO "vocabulary"."reference" ("vocabulary_id", "lesson_code") VALUES ('12c11165-7996-5b13-bf19-c3afc419afb2', 'DUO_02_06');
INSERT INTO "vocabulary"."reference" ("vocabulary_id", "lesson_code") VALUES ('12c11165-7996-5b13-bf19-c3afc419afb2', 'DUO_U08');
-- なし | pear --;
INSERT INTO "vocabulary"."vocabulary" ("id", "word_class_code", "conjugation_kind_code", "jlpt_level", "row_num", "tags", "date_added") VALUES ('7b7d934a-cfd6-4286-9175-dfe7676b4355', 'NOUN', NULL, NULL, 133, '{food}', '2022-08-09');
INSERT INTO "vocabulary"."definition" ("id", "vocabulary_id", "sort_rank", "value") VALUES ('e0473451-aca6-579d-9bec-703a4cfe009f', '7b7d934a-cfd6-4286-9175-dfe7676b4355', 1, 'pear');
INSERT INTO "vocabulary"."spelling" ("id", "vocabulary_id", "spelling_kind_code", "value") VALUES ('658c0882-52fd-53af-9eda-1fe10979b9f2', '7b7d934a-cfd6-4286-9175-dfe7676b4355', 'HIRAGANA', 'なし');
INSERT INTO "vocabulary"."spelling" ("id", "vocabulary_id", "spelling_kind_code", "value") VALUES ('57625e6f-8669-51a4-84c0-0792f7ab0673', '7b7d934a-cfd6-4286-9175-dfe7676b4355', 'HIRAGANA', 'なし');
INSERT INTO "vocabulary"."spelling" ("id", "vocabulary_id", "spelling_kind_code", "value") VALUES ('d3302309-f13d-5305-adfc-d082db0f4598', '7b7d934a-cfd6-4286-9175-dfe7676b4355', 'KANJI', '梨');
INSERT INTO "vocabulary"."linkages" ("vocabulary_id", "preferred_definition_id", "preferred_spelling_id", "phonetic_spelling_id", "alt_phonetic_spelling_id", "kanji_spelling_id", "conjugation_set_id") VALUES ('7b7d934a-cfd6-4286-9175-dfe7676b4355', 'e0473451-aca6-579d-9bec-703a4cfe009f', '658c0882-52fd-53af-9eda-1fe10979b9f2', '57625e6f-8669-51a4-84c0-0792f7ab0673', NULL, 'd3302309-f13d-5305-adfc-d082db0f4598', NULL);
-- 桃 | peach --;
INSERT INTO "vocabulary"."vocabulary" ("id", "word_class_code", "conjugation_kind_code", "jlpt_level", "row_num", "tags", "date_added") VALUES ('6c124141-b31a-5d91-afcb-6a4bb127f31f', 'NOUN', NULL, NULL, 134, '{food}', '2022-08-29');
INSERT INTO "vocabulary"."definition" ("id", "vocabulary_id", "sort_rank", "value") VALUES ('151c821b-e8d2-5128-a3c2-32c4576ce607', '6c124141-b31a-5d91-afcb-6a4bb127f31f', 1, 'peach');
INSERT INTO "vocabulary"."spelling" ("id", "vocabulary_id", "spelling_kind_code", "value") VALUES ('c98fedc2-a305-56b9-b665-e2ca40753cca', '6c124141-b31a-5d91-afcb-6a4bb127f31f', 'KANJI', '桃');
INSERT INTO "vocabulary"."spelling" ("id", "vocabulary_id", "spelling_kind_code", "value") VALUES ('8be15960-1354-51c4-8afa-fbf93b66e3df', '6c124141-b31a-5d91-afcb-6a4bb127f31f', 'HIRAGANA', 'もも');
INSERT INTO "vocabulary"."spelling" ("id", "vocabulary_id", "spelling_kind_code", "value") VALUES ('4bf7e008-38f4-53c3-aea5-017b22af25f0', '6c124141-b31a-5d91-afcb-6a4bb127f31f', 'KANJI', '桃');
INSERT INTO "vocabulary"."linkages" ("vocabulary_id", "preferred_definition_id", "preferred_spelling_id", "phonetic_spelling_id", "alt_phonetic_spelling_id", "kanji_spelling_id", "conjugation_set_id") VALUES ('6c124141-b31a-5d91-afcb-6a4bb127f31f', '151c821b-e8d2-5128-a3c2-32c4576ce607', 'c98fedc2-a305-56b9-b665-e2ca40753cca', '8be15960-1354-51c4-8afa-fbf93b66e3df', NULL, '4bf7e008-38f4-53c3-aea5-017b22af25f0', NULL);
-- 〜つ | counter for hito-futa-mi system --;
INSERT INTO "vocabulary"."vocabulary" ("id", "word_class_code", "conjugation_kind_code", "jlpt_level", "row_num", "tags", "date_added") VALUES ('1cf2249c-7785-424d-9a67-1c3ff6253938', 'COUNTER', NULL, NULL, 135, '{}', '2022-05-30');
INSERT INTO "vocabulary"."definition" ("id", "vocabulary_id", "sort_rank", "value") VALUES ('c1f29785-ec1f-5d7c-8798-7f99119ea65e', '1cf2249c-7785-424d-9a67-1c3ff6253938', 1, 'counter for hito-futa-mi system');
INSERT INTO "vocabulary"."spelling" ("id", "vocabulary_id", "spelling_kind_code", "value") VALUES ('a0c42970-6729-5609-8bea-66b82519ef7b', '1cf2249c-7785-424d-9a67-1c3ff6253938', 'HIRAGANA', '〜つ');
INSERT INTO "vocabulary"."spelling" ("id", "vocabulary_id", "spelling_kind_code", "value") VALUES ('dbb15792-4ec7-5622-8aa2-45b217ec0144', '1cf2249c-7785-424d-9a67-1c3ff6253938', 'HIRAGANA', '〜つ');
INSERT INTO "vocabulary"."spelling" ("id", "vocabulary_id", "spelling_kind_code", "value") VALUES ('bf6579d1-04cd-58f6-b840-900465ec0a35', '1cf2249c-7785-424d-9a67-1c3ff6253938', 'KANJI', '〜箇');
INSERT INTO "vocabulary"."linkages" ("vocabulary_id", "preferred_definition_id", "preferred_spelling_id", "phonetic_spelling_id", "alt_phonetic_spelling_id", "kanji_spelling_id", "conjugation_set_id") VALUES ('1cf2249c-7785-424d-9a67-1c3ff6253938', 'c1f29785-ec1f-5d7c-8798-7f99119ea65e', 'a0c42970-6729-5609-8bea-66b82519ef7b', 'dbb15792-4ec7-5622-8aa2-45b217ec0144', NULL, 'bf6579d1-04cd-58f6-b840-900465ec0a35', NULL);
INSERT INTO "vocabulary"."reference" ("vocabulary_id", "lesson_code") VALUES ('1cf2249c-7785-424d-9a67-1c3ff6253938', 'DUO_02_06');
INSERT INTO "vocabulary"."reference" ("vocabulary_id", "lesson_code") VALUES ('1cf2249c-7785-424d-9a67-1c3ff6253938', 'DUO_U08');
-- 〜個 | counter for round and clustered items --;
INSERT INTO "vocabulary"."vocabulary" ("id", "word_class_code", "conjugation_kind_code", "jlpt_level", "row_num", "tags", "date_added") VALUES ('cab23f18-7b88-4262-956c-d31a0e829cbf', 'COUNTER', NULL, NULL, 136, '{}', '2022-05-30');
INSERT INTO "vocabulary"."definition" ("id", "vocabulary_id", "sort_rank", "value") VALUES ('79b53f6e-b54e-516d-92fe-a39440fa598f', 'cab23f18-7b88-4262-956c-d31a0e829cbf', 1, 'counter for round and clustered items');
INSERT INTO "vocabulary"."spelling" ("id", "vocabulary_id", "spelling_kind_code", "value") VALUES ('101e2fff-6d85-5d27-a623-a59a41a4711c', 'cab23f18-7b88-4262-956c-d31a0e829cbf', 'KANJI', '〜個');
INSERT INTO "vocabulary"."spelling" ("id", "vocabulary_id", "spelling_kind_code", "value") VALUES ('a664556e-5667-52e3-8a4f-10aa066d8473', 'cab23f18-7b88-4262-956c-d31a0e829cbf', 'HIRAGANA', '〜こ');
INSERT INTO "vocabulary"."spelling" ("id", "vocabulary_id", "spelling_kind_code", "value") VALUES ('ba02355f-af30-5f93-ab6e-6825d17fb5e6', 'cab23f18-7b88-4262-956c-d31a0e829cbf', 'KANJI', '〜個');
INSERT INTO "vocabulary"."linkages" ("vocabulary_id", "preferred_definition_id", "preferred_spelling_id", "phonetic_spelling_id", "alt_phonetic_spelling_id", "kanji_spelling_id", "conjugation_set_id") VALUES ('cab23f18-7b88-4262-956c-d31a0e829cbf', '79b53f6e-b54e-516d-92fe-a39440fa598f', '101e2fff-6d85-5d27-a623-a59a41a4711c', 'a664556e-5667-52e3-8a4f-10aa066d8473', NULL, 'ba02355f-af30-5f93-ab6e-6825d17fb5e6', NULL);
INSERT INTO "vocabulary"."reference" ("vocabulary_id", "lesson_code") VALUES ('cab23f18-7b88-4262-956c-d31a0e829cbf', 'DUO_02_06');
INSERT INTO "vocabulary"."reference" ("vocabulary_id", "lesson_code") VALUES ('cab23f18-7b88-4262-956c-d31a0e829cbf', 'DUO_U08');
-- 傘 | umbrella --;
INSERT INTO "vocabulary"."vocabulary" ("id", "word_class_code", "conjugation_kind_code", "jlpt_level", "row_num", "tags", "date_added") VALUES ('b1852be8-7a0e-5541-b94d-29be625cb423', 'NOUN', NULL, 5, 137, '{things}', '2022-05-30');
INSERT INTO "vocabulary"."definition" ("id", "vocabulary_id", "sort_rank", "value") VALUES ('066e8d90-e273-5cd5-82f7-598909c9ddc4', 'b1852be8-7a0e-5541-b94d-29be625cb423', 1, 'umbrella');
INSERT INTO "vocabulary"."spelling" ("id", "vocabulary_id", "spelling_kind_code", "value") VALUES ('7419d187-732d-5ad2-a0bc-233f1fb9ad52', 'b1852be8-7a0e-5541-b94d-29be625cb423', 'KANJI', '傘');
INSERT INTO "vocabulary"."spelling" ("id", "vocabulary_id", "spelling_kind_code", "value") VALUES ('b4ecbe77-d8a1-5136-834e-7e455b1aa114', 'b1852be8-7a0e-5541-b94d-29be625cb423', 'HIRAGANA', 'かさ');
INSERT INTO "vocabulary"."spelling" ("id", "vocabulary_id", "spelling_kind_code", "value") VALUES ('82d7c4a7-d97b-536f-a4b9-504f4fed7cb0', 'b1852be8-7a0e-5541-b94d-29be625cb423', 'KANJI', '傘');
INSERT INTO "vocabulary"."linkages" ("vocabulary_id", "preferred_definition_id", "preferred_spelling_id", "phonetic_spelling_id", "alt_phonetic_spelling_id", "kanji_spelling_id", "conjugation_set_id") VALUES ('b1852be8-7a0e-5541-b94d-29be625cb423', '066e8d90-e273-5cd5-82f7-598909c9ddc4', '7419d187-732d-5ad2-a0bc-233f1fb9ad52', 'b4ecbe77-d8a1-5136-834e-7e455b1aa114', NULL, '82d7c4a7-d97b-536f-a4b9-504f4fed7cb0', NULL);
INSERT INTO "vocabulary"."reference" ("vocabulary_id", "lesson_code") VALUES ('b1852be8-7a0e-5541-b94d-29be625cb423', 'GENKI3_L02');
-- かばん | bag --;
INSERT INTO "vocabulary"."vocabulary" ("id", "word_class_code", "conjugation_kind_code", "jlpt_level", "row_num", "tags", "date_added") VALUES ('b5d661b7-f275-5647-a86b-cf4bd963f512', 'NOUN', NULL, 5, 138, '{things}', '2022-05-30');
INSERT INTO "vocabulary"."definition" ("id", "vocabulary_id", "sort_rank", "value") VALUES ('d33086df-a502-5528-a1da-40dd55406a27', 'b5d661b7-f275-5647-a86b-cf4bd963f512', 1, 'bag');
INSERT INTO "vocabulary"."spelling" ("id", "vocabulary_id", "spelling_kind_code", "value") VALUES ('7311b499-24ad-533a-a844-e3a22a5754bc', 'b5d661b7-f275-5647-a86b-cf4bd963f512', 'HIRAGANA', 'かばん');
INSERT INTO "vocabulary"."spelling" ("id", "vocabulary_id", "spelling_kind_code", "value") VALUES ('a60e681d-0b5c-5f71-bef5-fb40aac18fda', 'b5d661b7-f275-5647-a86b-cf4bd963f512', 'HIRAGANA', 'かばん');
INSERT INTO "vocabulary"."spelling" ("id", "vocabulary_id", "spelling_kind_code", "value") VALUES ('f55b6215-28f9-5fce-924a-172d8355680b', 'b5d661b7-f275-5647-a86b-cf4bd963f512', 'KANJI', '鞄');
INSERT INTO "vocabulary"."linkages" ("vocabulary_id", "preferred_definition_id", "preferred_spelling_id", "phonetic_spelling_id", "alt_phonetic_spelling_id", "kanji_spelling_id", "conjugation_set_id") VALUES ('b5d661b7-f275-5647-a86b-cf4bd963f512', 'd33086df-a502-5528-a1da-40dd55406a27', '7311b499-24ad-533a-a844-e3a22a5754bc', 'a60e681d-0b5c-5f71-bef5-fb40aac18fda', NULL, 'f55b6215-28f9-5fce-924a-172d8355680b', NULL);
INSERT INTO "vocabulary"."reference" ("vocabulary_id", "lesson_code") VALUES ('b5d661b7-f275-5647-a86b-cf4bd963f512', 'GENKI3_L02');
-- 靴 | shoes --;
INSERT INTO "vocabulary"."vocabulary" ("id", "word_class_code", "conjugation_kind_code", "jlpt_level", "row_num", "tags", "date_added") VALUES ('96fb26f0-20df-51e0-b1c4-793ab736c2d9', 'NOUN', NULL, 5, 139, '{things}', '2022-05-30');
INSERT INTO "vocabulary"."definition" ("id", "vocabulary_id", "sort_rank", "value") VALUES ('c30380d8-0c4b-516e-b3b6-2d7e103c6ffb', '96fb26f0-20df-51e0-b1c4-793ab736c2d9', 1, 'shoes');
INSERT INTO "vocabulary"."spelling" ("id", "vocabulary_id", "spelling_kind_code", "value") VALUES ('bd619174-1290-55b0-8dec-40082364669f', '96fb26f0-20df-51e0-b1c4-793ab736c2d9', 'KANJI', '靴');
INSERT INTO "vocabulary"."spelling" ("id", "vocabulary_id", "spelling_kind_code", "value") VALUES ('9933b3a1-2d53-5e78-b46f-8caae82b61ac', '96fb26f0-20df-51e0-b1c4-793ab736c2d9', 'HIRAGANA', 'くつ');
INSERT INTO "vocabulary"."spelling" ("id", "vocabulary_id", "spelling_kind_code", "value") VALUES ('a88fab6b-b0a0-517b-9d49-3242c6293654', '96fb26f0-20df-51e0-b1c4-793ab736c2d9', 'KANJI', '靴');
INSERT INTO "vocabulary"."linkages" ("vocabulary_id", "preferred_definition_id", "preferred_spelling_id", "phonetic_spelling_id", "alt_phonetic_spelling_id", "kanji_spelling_id", "conjugation_set_id") VALUES ('96fb26f0-20df-51e0-b1c4-793ab736c2d9', 'c30380d8-0c4b-516e-b3b6-2d7e103c6ffb', 'bd619174-1290-55b0-8dec-40082364669f', '9933b3a1-2d53-5e78-b46f-8caae82b61ac', NULL, 'a88fab6b-b0a0-517b-9d49-3242c6293654', NULL);
INSERT INTO "vocabulary"."reference" ("vocabulary_id", "lesson_code") VALUES ('96fb26f0-20df-51e0-b1c4-793ab736c2d9', 'GENKI3_L02');
-- 財布 | wallet --;
INSERT INTO "vocabulary"."vocabulary" ("id", "word_class_code", "conjugation_kind_code", "jlpt_level", "row_num", "tags", "date_added") VALUES ('b802b5a4-5804-5f5a-a193-e475bceaf5dd', 'NOUN', NULL, 5, 140, '{things}', '2022-05-30');
INSERT INTO "vocabulary"."definition" ("id", "vocabulary_id", "sort_rank", "value") VALUES ('d444969e-e09d-592c-be68-d5943424ffc7', 'b802b5a4-5804-5f5a-a193-e475bceaf5dd', 1, 'wallet');
INSERT INTO "vocabulary"."spelling" ("id", "vocabulary_id", "spelling_kind_code", "value") VALUES ('f80d77d3-6203-5303-aaa3-5317527a8463', 'b802b5a4-5804-5f5a-a193-e475bceaf5dd', 'KANJI', '財布');
INSERT INTO "vocabulary"."spelling" ("id", "vocabulary_id", "spelling_kind_code", "value") VALUES ('04e60b4b-3ba0-5665-8203-f1f6ae11ed50', 'b802b5a4-5804-5f5a-a193-e475bceaf5dd', 'HIRAGANA', 'さいふ');
INSERT INTO "vocabulary"."spelling" ("id", "vocabulary_id", "spelling_kind_code", "value") VALUES ('81e16a09-eafa-5b1c-b2c1-ba184eea941d', 'b802b5a4-5804-5f5a-a193-e475bceaf5dd', 'KANJI', '財布');
INSERT INTO "vocabulary"."linkages" ("vocabulary_id", "preferred_definition_id", "preferred_spelling_id", "phonetic_spelling_id", "alt_phonetic_spelling_id", "kanji_spelling_id", "conjugation_set_id") VALUES ('b802b5a4-5804-5f5a-a193-e475bceaf5dd', 'd444969e-e09d-592c-be68-d5943424ffc7', 'f80d77d3-6203-5303-aaa3-5317527a8463', '04e60b4b-3ba0-5665-8203-f1f6ae11ed50', NULL, '81e16a09-eafa-5b1c-b2c1-ba184eea941d', NULL);
INSERT INTO "vocabulary"."reference" ("vocabulary_id", "lesson_code") VALUES ('b802b5a4-5804-5f5a-a193-e475bceaf5dd', 'GENKI3_L02');
-- ジーンズ | jeans --;
INSERT INTO "vocabulary"."vocabulary" ("id", "word_class_code", "conjugation_kind_code", "jlpt_level", "row_num", "tags", "date_added") VALUES ('bf5e0762-effe-5d38-8786-503cde98e504', 'NOUN', NULL, 3, 141, '{things}', '2022-05-30');
INSERT INTO "vocabulary"."definition" ("id", "vocabulary_id", "sort_rank", "value") VALUES ('43e190eb-00aa-5f28-86be-94233b9dd6c5', 'bf5e0762-effe-5d38-8786-503cde98e504', 1, 'jeans');
INSERT INTO "vocabulary"."spelling" ("id", "vocabulary_id", "spelling_kind_code", "value") VALUES ('4df5bba9-dae9-5f23-9a35-a41c05a299ae', 'bf5e0762-effe-5d38-8786-503cde98e504', 'KATAKANA', 'ジーンズ');
INSERT INTO "vocabulary"."spelling" ("id", "vocabulary_id", "spelling_kind_code", "value") VALUES ('baf92c75-6928-50a9-9900-18378898429a', 'bf5e0762-effe-5d38-8786-503cde98e504', 'HIRAGANA', 'ジいんず');
INSERT INTO "vocabulary"."linkages" ("vocabulary_id", "preferred_definition_id", "preferred_spelling_id", "phonetic_spelling_id", "alt_phonetic_spelling_id", "kanji_spelling_id", "conjugation_set_id") VALUES ('bf5e0762-effe-5d38-8786-503cde98e504', '43e190eb-00aa-5f28-86be-94233b9dd6c5', '4df5bba9-dae9-5f23-9a35-a41c05a299ae', 'baf92c75-6928-50a9-9900-18378898429a', NULL, NULL, NULL);
INSERT INTO "vocabulary"."reference" ("vocabulary_id", "lesson_code") VALUES ('bf5e0762-effe-5d38-8786-503cde98e504', 'GENKI3_L02');
-- 自転車 | bicycle --;
INSERT INTO "vocabulary"."vocabulary" ("id", "word_class_code", "conjugation_kind_code", "jlpt_level", "row_num", "tags", "date_added") VALUES ('04bddd51-0749-5efe-9946-6d326f61bcb6', 'NOUN', NULL, 5, 142, '{things,transportation}', '2022-05-30');
INSERT INTO "vocabulary"."definition" ("id", "vocabulary_id", "sort_rank", "value") VALUES ('fda2d873-a7f2-57ae-8c12-e17fcbb1ef60', '04bddd51-0749-5efe-9946-6d326f61bcb6', 1, 'bicycle');
INSERT INTO "vocabulary"."spelling" ("id", "vocabulary_id", "spelling_kind_code", "value") VALUES ('dcfc3bbc-bbff-5624-a587-b18d63979068', '04bddd51-0749-5efe-9946-6d326f61bcb6', 'KANJI', '自転車');
INSERT INTO "vocabulary"."spelling" ("id", "vocabulary_id", "spelling_kind_code", "value") VALUES ('265712d8-408a-59f9-8755-bab7c091eb66', '04bddd51-0749-5efe-9946-6d326f61bcb6', 'HIRAGANA', 'じてんしゃ');
INSERT INTO "vocabulary"."spelling" ("id", "vocabulary_id", "spelling_kind_code", "value") VALUES ('aae48e1f-a800-5d3d-af5b-ad23080c64a2', '04bddd51-0749-5efe-9946-6d326f61bcb6', 'KANJI', '自転車');
INSERT INTO "vocabulary"."linkages" ("vocabulary_id", "preferred_definition_id", "preferred_spelling_id", "phonetic_spelling_id", "alt_phonetic_spelling_id", "kanji_spelling_id", "conjugation_set_id") VALUES ('04bddd51-0749-5efe-9946-6d326f61bcb6', 'fda2d873-a7f2-57ae-8c12-e17fcbb1ef60', 'dcfc3bbc-bbff-5624-a587-b18d63979068', '265712d8-408a-59f9-8755-bab7c091eb66', NULL, 'aae48e1f-a800-5d3d-af5b-ad23080c64a2', NULL);
INSERT INTO "vocabulary"."reference" ("vocabulary_id", "lesson_code") VALUES ('04bddd51-0749-5efe-9946-6d326f61bcb6', 'GENKI3_L02');
-- 新聞 | newspaper --;
INSERT INTO "vocabulary"."vocabulary" ("id", "word_class_code", "conjugation_kind_code", "jlpt_level", "row_num", "tags", "date_added") VALUES ('f8a3e40d-f42e-5ba2-995d-3abc33e63a41', 'NOUN', NULL, 5, 143, '{things}', '2022-05-30');
INSERT INTO "vocabulary"."definition" ("id", "vocabulary_id", "sort_rank", "value") VALUES ('2891e88e-1ea6-5702-809b-e211c5510cdd', 'f8a3e40d-f42e-5ba2-995d-3abc33e63a41', 1, 'newspaper');
INSERT INTO "vocabulary"."spelling" ("id", "vocabulary_id", "spelling_kind_code", "value") VALUES ('83f5b7e4-a870-5469-aad2-229280a5a456', 'f8a3e40d-f42e-5ba2-995d-3abc33e63a41', 'KANJI', '新聞');
INSERT INTO "vocabulary"."spelling" ("id", "vocabulary_id", "spelling_kind_code", "value") VALUES ('12f1bc62-4b8c-5d9f-87c5-70842ee75f3d', 'f8a3e40d-f42e-5ba2-995d-3abc33e63a41', 'HIRAGANA', 'しんぶん');
INSERT INTO "vocabulary"."spelling" ("id", "vocabulary_id", "spelling_kind_code", "value") VALUES ('ec868b5c-c5d5-5ec1-bf1c-82e06bf37276', 'f8a3e40d-f42e-5ba2-995d-3abc33e63a41', 'KANJI', '新聞');
INSERT INTO "vocabulary"."linkages" ("vocabulary_id", "preferred_definition_id", "preferred_spelling_id", "phonetic_spelling_id", "alt_phonetic_spelling_id", "kanji_spelling_id", "conjugation_set_id") VALUES ('f8a3e40d-f42e-5ba2-995d-3abc33e63a41', '2891e88e-1ea6-5702-809b-e211c5510cdd', '83f5b7e4-a870-5469-aad2-229280a5a456', '12f1bc62-4b8c-5d9f-87c5-70842ee75f3d', NULL, 'ec868b5c-c5d5-5ec1-bf1c-82e06bf37276', NULL);
INSERT INTO "vocabulary"."reference" ("vocabulary_id", "lesson_code") VALUES ('f8a3e40d-f42e-5ba2-995d-3abc33e63a41', 'GENKI3_L02');
-- スマホ | smart phone --;
INSERT INTO "vocabulary"."vocabulary" ("id", "word_class_code", "conjugation_kind_code", "jlpt_level", "row_num", "tags", "date_added") VALUES ('e7323b54-9fa5-5cb7-8d68-d2ebe9b379ea', 'NOUN', NULL, NULL, 144, '{things}', '2022-05-30');
INSERT INTO "vocabulary"."definition" ("id", "vocabulary_id", "sort_rank", "value") VALUES ('e73e7b71-20a1-5ebe-9a88-dc8638a47d8e', 'e7323b54-9fa5-5cb7-8d68-d2ebe9b379ea', 1, 'smart phone');
INSERT INTO "vocabulary"."spelling" ("id", "vocabulary_id", "spelling_kind_code", "value") VALUES ('79dbb83d-1408-5196-a9b8-1806b11ed4b5', 'e7323b54-9fa5-5cb7-8d68-d2ebe9b379ea', 'KATAKANA', 'スマホ');
INSERT INTO "vocabulary"."spelling" ("id", "vocabulary_id", "spelling_kind_code", "value") VALUES ('51a9ab11-f80a-5fd8-a774-b16a71b5ab3b', 'e7323b54-9fa5-5cb7-8d68-d2ebe9b379ea', 'KATAKANA', 'スマホ');
INSERT INTO "vocabulary"."linkages" ("vocabulary_id", "preferred_definition_id", "preferred_spelling_id", "phonetic_spelling_id", "alt_phonetic_spelling_id", "kanji_spelling_id", "conjugation_set_id") VALUES ('e7323b54-9fa5-5cb7-8d68-d2ebe9b379ea', 'e73e7b71-20a1-5ebe-9a88-dc8638a47d8e', '79dbb83d-1408-5196-a9b8-1806b11ed4b5', '51a9ab11-f80a-5fd8-a774-b16a71b5ab3b', NULL, NULL, NULL);
INSERT INTO "vocabulary"."reference" ("vocabulary_id", "lesson_code") VALUES ('e7323b54-9fa5-5cb7-8d68-d2ebe9b379ea', 'GENKI3_L02');
-- Ｔシャツ | t-shirt --;
INSERT INTO "vocabulary"."vocabulary" ("id", "word_class_code", "conjugation_kind_code", "jlpt_level", "row_num", "tags", "date_added") VALUES ('1a0585e5-3bd0-5903-90cc-d3381778da68', 'NOUN', NULL, NULL, 145, '{things}', '2022-05-30');
INSERT INTO "vocabulary"."definition" ("id", "vocabulary_id", "sort_rank", "value") VALUES ('f90bbfe2-e71e-531e-9b64-3bd1069f8082', '1a0585e5-3bd0-5903-90cc-d3381778da68', 1, 't-shirt');
INSERT INTO "vocabulary"."spelling" ("id", "vocabulary_id", "spelling_kind_code", "value") VALUES ('f1d26f3b-54c0-5b00-98e4-37ac33f8afea', '1a0585e5-3bd0-5903-90cc-d3381778da68', 'KATAKANA', 'Ｔシャツ');
INSERT INTO "vocabulary"."spelling" ("id", "vocabulary_id", "spelling_kind_code", "value") VALUES ('25d3ba1f-69e5-5414-a4c6-da7ebe2eee42', '1a0585e5-3bd0-5903-90cc-d3381778da68', 'HIRAGANA', 'ていいしゃつ');
INSERT INTO "vocabulary"."linkages" ("vocabulary_id", "preferred_definition_id", "preferred_spelling_id", "phonetic_spelling_id", "alt_phonetic_spelling_id", "kanji_spelling_id", "conjugation_set_id") VALUES ('1a0585e5-3bd0-5903-90cc-d3381778da68', 'f90bbfe2-e71e-531e-9b64-3bd1069f8082', 'f1d26f3b-54c0-5b00-98e4-37ac33f8afea', '25d3ba1f-69e5-5414-a4c6-da7ebe2eee42', NULL, NULL, NULL);
INSERT INTO "vocabulary"."reference" ("vocabulary_id", "lesson_code") VALUES ('1a0585e5-3bd0-5903-90cc-d3381778da68', 'GENKI3_L02');
-- 時計 | clock --;
INSERT INTO "vocabulary"."vocabulary" ("id", "word_class_code", "conjugation_kind_code", "jlpt_level", "row_num", "tags", "date_added") VALUES ('1c5e45ac-cc4a-5d53-b566-d6d832828ba0', 'NOUN', NULL, 5, 146, '{things}', '2022-05-30');
INSERT INTO "vocabulary"."definition" ("id", "vocabulary_id", "sort_rank", "value") VALUES ('45c762b4-f2c3-531f-a103-82f36c4fca82', '1c5e45ac-cc4a-5d53-b566-d6d832828ba0', 1, 'clock');
INSERT INTO "vocabulary"."spelling" ("id", "vocabulary_id", "spelling_kind_code", "value") VALUES ('333c4df8-79d5-5424-a692-05469108ab2d', '1c5e45ac-cc4a-5d53-b566-d6d832828ba0', 'KANJI', '時計');
INSERT INTO "vocabulary"."spelling" ("id", "vocabulary_id", "spelling_kind_code", "value") VALUES ('c3724e78-f114-5f78-8a7b-feb083f7b28e', '1c5e45ac-cc4a-5d53-b566-d6d832828ba0', 'HIRAGANA', 'とけい');
INSERT INTO "vocabulary"."spelling" ("id", "vocabulary_id", "spelling_kind_code", "value") VALUES ('27d7da05-bd21-5c1f-b2d8-45f78e8b5174', '1c5e45ac-cc4a-5d53-b566-d6d832828ba0', 'KANJI', '時計');
INSERT INTO "vocabulary"."linkages" ("vocabulary_id", "preferred_definition_id", "preferred_spelling_id", "phonetic_spelling_id", "alt_phonetic_spelling_id", "kanji_spelling_id", "conjugation_set_id") VALUES ('1c5e45ac-cc4a-5d53-b566-d6d832828ba0', '45c762b4-f2c3-531f-a103-82f36c4fca82', '333c4df8-79d5-5424-a692-05469108ab2d', 'c3724e78-f114-5f78-8a7b-feb083f7b28e', NULL, '27d7da05-bd21-5c1f-b2d8-45f78e8b5174', NULL);
INSERT INTO "vocabulary"."reference" ("vocabulary_id", "lesson_code") VALUES ('1c5e45ac-cc4a-5d53-b566-d6d832828ba0', 'GENKI3_L02');
-- ノート | notebook --;
INSERT INTO "vocabulary"."vocabulary" ("id", "word_class_code", "conjugation_kind_code", "jlpt_level", "row_num", "tags", "date_added") VALUES ('612eac67-3ec3-535e-94a3-249d60f51046', 'NOUN', NULL, 5, 147, '{things}', '2022-05-30');
INSERT INTO "vocabulary"."definition" ("id", "vocabulary_id", "sort_rank", "value") VALUES ('9ac0bf5b-32ec-516c-8357-88dd43e6f769', '612eac67-3ec3-535e-94a3-249d60f51046', 1, 'notebook');
INSERT INTO "vocabulary"."spelling" ("id", "vocabulary_id", "spelling_kind_code", "value") VALUES ('2ab88e9d-43d5-52f6-9850-39fc7e0176f4', '612eac67-3ec3-535e-94a3-249d60f51046', 'KATAKANA', 'ノート');
INSERT INTO "vocabulary"."spelling" ("id", "vocabulary_id", "spelling_kind_code", "value") VALUES ('1fe95b6e-33a9-5a67-a3ce-d2aae90a00e3', '612eac67-3ec3-535e-94a3-249d60f51046', 'HIRAGANA', 'のおと');
INSERT INTO "vocabulary"."linkages" ("vocabulary_id", "preferred_definition_id", "preferred_spelling_id", "phonetic_spelling_id", "alt_phonetic_spelling_id", "kanji_spelling_id", "conjugation_set_id") VALUES ('612eac67-3ec3-535e-94a3-249d60f51046', '9ac0bf5b-32ec-516c-8357-88dd43e6f769', '2ab88e9d-43d5-52f6-9850-39fc7e0176f4', '1fe95b6e-33a9-5a67-a3ce-d2aae90a00e3', NULL, NULL, NULL);
INSERT INTO "vocabulary"."reference" ("vocabulary_id", "lesson_code") VALUES ('612eac67-3ec3-535e-94a3-249d60f51046', 'GENKI3_L02');
-- ペン | pen --;
INSERT INTO "vocabulary"."vocabulary" ("id", "word_class_code", "conjugation_kind_code", "jlpt_level", "row_num", "tags", "date_added") VALUES ('442d1c8e-a848-5fa4-8fc9-d398441b4b65', 'NOUN', NULL, 5, 148, '{things}', '2022-05-30');
INSERT INTO "vocabulary"."definition" ("id", "vocabulary_id", "sort_rank", "value") VALUES ('40c13b4d-220a-5e44-92ea-5b39a4cde327', '442d1c8e-a848-5fa4-8fc9-d398441b4b65', 1, 'pen');
INSERT INTO "vocabulary"."spelling" ("id", "vocabulary_id", "spelling_kind_code", "value") VALUES ('00233e4c-3317-567d-81a3-4c20f6adee9e', '442d1c8e-a848-5fa4-8fc9-d398441b4b65', 'KATAKANA', 'ペン');
INSERT INTO "vocabulary"."spelling" ("id", "vocabulary_id", "spelling_kind_code", "value") VALUES ('ce71b63a-1c1d-536b-b162-e72d1b7d3d35', '442d1c8e-a848-5fa4-8fc9-d398441b4b65', 'HIRAGANA', 'ぺん');
INSERT INTO "vocabulary"."linkages" ("vocabulary_id", "preferred_definition_id", "preferred_spelling_id", "phonetic_spelling_id", "alt_phonetic_spelling_id", "kanji_spelling_id", "conjugation_set_id") VALUES ('442d1c8e-a848-5fa4-8fc9-d398441b4b65', '40c13b4d-220a-5e44-92ea-5b39a4cde327', '00233e4c-3317-567d-81a3-4c20f6adee9e', 'ce71b63a-1c1d-536b-b162-e72d1b7d3d35', NULL, NULL, NULL);
INSERT INTO "vocabulary"."reference" ("vocabulary_id", "lesson_code") VALUES ('442d1c8e-a848-5fa4-8fc9-d398441b4b65', 'GENKI3_L02');
-- 帽子 | hat; cap --;
INSERT INTO "vocabulary"."vocabulary" ("id", "word_class_code", "conjugation_kind_code", "jlpt_level", "row_num", "tags", "date_added") VALUES ('5f6cc5c3-6625-5caa-9277-f43493360fc2', 'NOUN', NULL, 5, 149, '{things}', '2022-05-30');
INSERT INTO "vocabulary"."definition" ("id", "vocabulary_id", "sort_rank", "value") VALUES ('e4ce439f-a7a5-5f2b-859f-4a00e45147a5', '5f6cc5c3-6625-5caa-9277-f43493360fc2', 1, 'hat; cap');
INSERT INTO "vocabulary"."spelling" ("id", "vocabulary_id", "spelling_kind_code", "value") VALUES ('6d4757bd-ac6f-546f-9ba8-82cb6540e15b', '5f6cc5c3-6625-5caa-9277-f43493360fc2', 'KANJI', '帽子');
INSERT INTO "vocabulary"."spelling" ("id", "vocabulary_id", "spelling_kind_code", "value") VALUES ('b809e148-efda-5c72-9f1b-e259a8f3d88b', '5f6cc5c3-6625-5caa-9277-f43493360fc2', 'HIRAGANA', 'ぼうし');
INSERT INTO "vocabulary"."spelling" ("id", "vocabulary_id", "spelling_kind_code", "value") VALUES ('7f6cae90-45b9-5aaf-96d7-d26ba4a1b4be', '5f6cc5c3-6625-5caa-9277-f43493360fc2', 'KANJI', '帽子');
INSERT INTO "vocabulary"."linkages" ("vocabulary_id", "preferred_definition_id", "preferred_spelling_id", "phonetic_spelling_id", "alt_phonetic_spelling_id", "kanji_spelling_id", "conjugation_set_id") VALUES ('5f6cc5c3-6625-5caa-9277-f43493360fc2', 'e4ce439f-a7a5-5f2b-859f-4a00e45147a5', '6d4757bd-ac6f-546f-9ba8-82cb6540e15b', 'b809e148-efda-5c72-9f1b-e259a8f3d88b', NULL, '7f6cae90-45b9-5aaf-96d7-d26ba4a1b4be', NULL);
INSERT INTO "vocabulary"."reference" ("vocabulary_id", "lesson_code") VALUES ('5f6cc5c3-6625-5caa-9277-f43493360fc2', 'GENKI3_L02');
-- 本 | book --;
INSERT INTO "vocabulary"."vocabulary" ("id", "word_class_code", "conjugation_kind_code", "jlpt_level", "row_num", "tags", "date_added") VALUES ('6d055f49-622a-5d8a-a7d2-11de3279b9ce', 'NOUN', NULL, 5, 150, '{things}', '2022-05-30');
INSERT INTO "vocabulary"."definition" ("id", "vocabulary_id", "sort_rank", "value") VALUES ('6d449408-4cc5-5ce6-a23a-620d46ec772c', '6d055f49-622a-5d8a-a7d2-11de3279b9ce', 1, 'book');
INSERT INTO "vocabulary"."spelling" ("id", "vocabulary_id", "spelling_kind_code", "value") VALUES ('18fd2601-7d24-5c48-9702-69c3d7c39058', '6d055f49-622a-5d8a-a7d2-11de3279b9ce', 'KANJI', '本');
INSERT INTO "vocabulary"."spelling" ("id", "vocabulary_id", "spelling_kind_code", "value") VALUES ('77b9071f-32b8-54b8-982a-900932eda42c', '6d055f49-622a-5d8a-a7d2-11de3279b9ce', 'HIRAGANA', 'ほん');
INSERT INTO "vocabulary"."spelling" ("id", "vocabulary_id", "spelling_kind_code", "value") VALUES ('e4e0ab5a-42f7-54e7-9a33-504d8d50224c', '6d055f49-622a-5d8a-a7d2-11de3279b9ce', 'KANJI', '本');
INSERT INTO "vocabulary"."linkages" ("vocabulary_id", "preferred_definition_id", "preferred_spelling_id", "phonetic_spelling_id", "alt_phonetic_spelling_id", "kanji_spelling_id", "conjugation_set_id") VALUES ('6d055f49-622a-5d8a-a7d2-11de3279b9ce', '6d449408-4cc5-5ce6-a23a-620d46ec772c', '18fd2601-7d24-5c48-9702-69c3d7c39058', '77b9071f-32b8-54b8-982a-900932eda42c', NULL, 'e4e0ab5a-42f7-54e7-9a33-504d8d50224c', NULL);
INSERT INTO "vocabulary"."reference" ("vocabulary_id", "lesson_code") VALUES ('6d055f49-622a-5d8a-a7d2-11de3279b9ce', 'GENKI3_L02');
-- 銀行 | bank --;
INSERT INTO "vocabulary"."vocabulary" ("id", "word_class_code", "conjugation_kind_code", "jlpt_level", "row_num", "tags", "date_added") VALUES ('3a52dad1-de68-523b-b6ad-3148496bcf8e', 'NOUN', NULL, 5, 151, '{place}', '2022-05-30');
INSERT INTO "vocabulary"."definition" ("id", "vocabulary_id", "sort_rank", "value") VALUES ('08f85415-eb18-52c0-aa78-285419232907', '3a52dad1-de68-523b-b6ad-3148496bcf8e', 1, 'bank');
INSERT INTO "vocabulary"."spelling" ("id", "vocabulary_id", "spelling_kind_code", "value") VALUES ('6c2ab6fa-5130-5d89-bc99-09c2a7d3102a', '3a52dad1-de68-523b-b6ad-3148496bcf8e', 'KANJI', '銀行');
INSERT INTO "vocabulary"."spelling" ("id", "vocabulary_id", "spelling_kind_code", "value") VALUES ('c6012a3e-2d80-544d-bf9e-3a7e746a515b', '3a52dad1-de68-523b-b6ad-3148496bcf8e', 'HIRAGANA', 'ぎんこう');
INSERT INTO "vocabulary"."spelling" ("id", "vocabulary_id", "spelling_kind_code", "value") VALUES ('c4cceedd-6a68-598d-af9d-13eba1823635', '3a52dad1-de68-523b-b6ad-3148496bcf8e', 'KANJI', '銀行');
INSERT INTO "vocabulary"."linkages" ("vocabulary_id", "preferred_definition_id", "preferred_spelling_id", "phonetic_spelling_id", "alt_phonetic_spelling_id", "kanji_spelling_id", "conjugation_set_id") VALUES ('3a52dad1-de68-523b-b6ad-3148496bcf8e', '08f85415-eb18-52c0-aa78-285419232907', '6c2ab6fa-5130-5d89-bc99-09c2a7d3102a', 'c6012a3e-2d80-544d-bf9e-3a7e746a515b', NULL, 'c4cceedd-6a68-598d-af9d-13eba1823635', NULL);
INSERT INTO "vocabulary"."reference" ("vocabulary_id", "lesson_code") VALUES ('3a52dad1-de68-523b-b6ad-3148496bcf8e', 'DUO_01_04');
INSERT INTO "vocabulary"."reference" ("vocabulary_id", "lesson_code") VALUES ('3a52dad1-de68-523b-b6ad-3148496bcf8e', 'DUO_U02');
INSERT INTO "vocabulary"."reference" ("vocabulary_id", "lesson_code") VALUES ('3a52dad1-de68-523b-b6ad-3148496bcf8e', 'GENKI3_L02');
-- コンビニ | convenience store --;
INSERT INTO "vocabulary"."vocabulary" ("id", "word_class_code", "conjugation_kind_code", "jlpt_level", "row_num", "tags", "date_added") VALUES ('6c108fe0-b52d-56de-96f2-f8e0bf450367', 'NOUN', NULL, NULL, 152, '{place}', '2022-05-30');
INSERT INTO "vocabulary"."definition" ("id", "vocabulary_id", "sort_rank", "value") VALUES ('7b962872-728a-59c4-8c3f-b24b2aa58654', '6c108fe0-b52d-56de-96f2-f8e0bf450367', 1, 'convenience store');
INSERT INTO "vocabulary"."spelling" ("id", "vocabulary_id", "spelling_kind_code", "value") VALUES ('90ca7d60-bb6c-5c00-bdc4-e1bcd8179574', '6c108fe0-b52d-56de-96f2-f8e0bf450367', 'KATAKANA', 'コンビニ');
INSERT INTO "vocabulary"."spelling" ("id", "vocabulary_id", "spelling_kind_code", "value") VALUES ('be1b0f80-0147-594f-9942-b55243868a6f', '6c108fe0-b52d-56de-96f2-f8e0bf450367', 'HIRAGANA', 'こんびに');
INSERT INTO "vocabulary"."linkages" ("vocabulary_id", "preferred_definition_id", "preferred_spelling_id", "phonetic_spelling_id", "alt_phonetic_spelling_id", "kanji_spelling_id", "conjugation_set_id") VALUES ('6c108fe0-b52d-56de-96f2-f8e0bf450367', '7b962872-728a-59c4-8c3f-b24b2aa58654', '90ca7d60-bb6c-5c00-bdc4-e1bcd8179574', 'be1b0f80-0147-594f-9942-b55243868a6f', NULL, NULL, NULL);
INSERT INTO "vocabulary"."reference" ("vocabulary_id", "lesson_code") VALUES ('6c108fe0-b52d-56de-96f2-f8e0bf450367', 'GENKI3_L02');
-- トイレ | toilet; restroom --;
INSERT INTO "vocabulary"."vocabulary" ("id", "word_class_code", "conjugation_kind_code", "jlpt_level", "row_num", "tags", "date_added") VALUES ('14edc8de-8ed3-58f5-a083-13a34db6f490', 'NOUN', NULL, 5, 153, '{place}', '2022-05-30');
INSERT INTO "vocabulary"."definition" ("id", "vocabulary_id", "sort_rank", "value") VALUES ('f90966a0-584f-5ec3-8e48-dfdc88dcdf9e', '14edc8de-8ed3-58f5-a083-13a34db6f490', 1, 'toilet; restroom');
INSERT INTO "vocabulary"."spelling" ("id", "vocabulary_id", "spelling_kind_code", "value") VALUES ('19224027-5c23-5ef7-b4a3-c7f7265e5475', '14edc8de-8ed3-58f5-a083-13a34db6f490', 'KATAKANA', 'トイレ');
INSERT INTO "vocabulary"."spelling" ("id", "vocabulary_id", "spelling_kind_code", "value") VALUES ('2d887961-fc03-5948-946c-dec678dd0e19', '14edc8de-8ed3-58f5-a083-13a34db6f490', 'KATAKANA', 'トイレ');
INSERT INTO "vocabulary"."linkages" ("vocabulary_id", "preferred_definition_id", "preferred_spelling_id", "phonetic_spelling_id", "alt_phonetic_spelling_id", "kanji_spelling_id", "conjugation_set_id") VALUES ('14edc8de-8ed3-58f5-a083-13a34db6f490', 'f90966a0-584f-5ec3-8e48-dfdc88dcdf9e', '19224027-5c23-5ef7-b4a3-c7f7265e5475', '2d887961-fc03-5948-946c-dec678dd0e19', NULL, NULL, NULL);
INSERT INTO "vocabulary"."reference" ("vocabulary_id", "lesson_code") VALUES ('14edc8de-8ed3-58f5-a083-13a34db6f490', 'GENKI3_L02');
-- 図書館 | library --;
INSERT INTO "vocabulary"."vocabulary" ("id", "word_class_code", "conjugation_kind_code", "jlpt_level", "row_num", "tags", "date_added") VALUES ('dd52de46-6d78-5bc3-96ab-b25e9be9e291', 'NOUN', NULL, 5, 154, '{place}', '2022-05-30');
INSERT INTO "vocabulary"."definition" ("id", "vocabulary_id", "sort_rank", "value") VALUES ('32f71760-45e2-525a-9bc9-685e4293ce8f', 'dd52de46-6d78-5bc3-96ab-b25e9be9e291', 1, 'library');
INSERT INTO "vocabulary"."spelling" ("id", "vocabulary_id", "spelling_kind_code", "value") VALUES ('6d7540e0-9f86-5948-9cda-eef004806531', 'dd52de46-6d78-5bc3-96ab-b25e9be9e291', 'KANJI', '図書館');
INSERT INTO "vocabulary"."spelling" ("id", "vocabulary_id", "spelling_kind_code", "value") VALUES ('479ade12-0c1b-5bc2-bb33-15f71a548262', 'dd52de46-6d78-5bc3-96ab-b25e9be9e291', 'HIRAGANA', 'としょかん');
INSERT INTO "vocabulary"."spelling" ("id", "vocabulary_id", "spelling_kind_code", "value") VALUES ('44e3135c-03b5-529a-a8d7-9843ade096cb', 'dd52de46-6d78-5bc3-96ab-b25e9be9e291', 'KANJI', '図書館');
INSERT INTO "vocabulary"."linkages" ("vocabulary_id", "preferred_definition_id", "preferred_spelling_id", "phonetic_spelling_id", "alt_phonetic_spelling_id", "kanji_spelling_id", "conjugation_set_id") VALUES ('dd52de46-6d78-5bc3-96ab-b25e9be9e291', '32f71760-45e2-525a-9bc9-685e4293ce8f', '6d7540e0-9f86-5948-9cda-eef004806531', '479ade12-0c1b-5bc2-bb33-15f71a548262', NULL, '44e3135c-03b5-529a-a8d7-9843ade096cb', NULL);
INSERT INTO "vocabulary"."reference" ("vocabulary_id", "lesson_code") VALUES ('dd52de46-6d78-5bc3-96ab-b25e9be9e291', 'GENKI3_L02');
-- 郵便局 | post office --;
INSERT INTO "vocabulary"."vocabulary" ("id", "word_class_code", "conjugation_kind_code", "jlpt_level", "row_num", "tags", "date_added") VALUES ('89b553be-905d-57aa-946c-86dc9f366aa2', 'NOUN', NULL, 5, 155, '{place}', '2022-05-30');
INSERT INTO "vocabulary"."definition" ("id", "vocabulary_id", "sort_rank", "value") VALUES ('6d426af3-e1ee-5207-b450-f4bd1bafd6cc', '89b553be-905d-57aa-946c-86dc9f366aa2', 1, 'post office');
INSERT INTO "vocabulary"."spelling" ("id", "vocabulary_id", "spelling_kind_code", "value") VALUES ('ff6757f4-bb70-5c41-a9db-fad2d4c2dc49', '89b553be-905d-57aa-946c-86dc9f366aa2', 'KANJI', '郵便局');
INSERT INTO "vocabulary"."spelling" ("id", "vocabulary_id", "spelling_kind_code", "value") VALUES ('d99ad263-df26-5612-b2a9-e5fde15af637', '89b553be-905d-57aa-946c-86dc9f366aa2', 'HIRAGANA', 'ゆうびんきょく');
INSERT INTO "vocabulary"."spelling" ("id", "vocabulary_id", "spelling_kind_code", "value") VALUES ('1d03b4c8-3088-53ed-8a1e-292ea5500fd5', '89b553be-905d-57aa-946c-86dc9f366aa2', 'KANJI', '郵便局');
INSERT INTO "vocabulary"."linkages" ("vocabulary_id", "preferred_definition_id", "preferred_spelling_id", "phonetic_spelling_id", "alt_phonetic_spelling_id", "kanji_spelling_id", "conjugation_set_id") VALUES ('89b553be-905d-57aa-946c-86dc9f366aa2', '6d426af3-e1ee-5207-b450-f4bd1bafd6cc', 'ff6757f4-bb70-5c41-a9db-fad2d4c2dc49', 'd99ad263-df26-5612-b2a9-e5fde15af637', NULL, '1d03b4c8-3088-53ed-8a1e-292ea5500fd5', NULL);
INSERT INTO "vocabulary"."reference" ("vocabulary_id", "lesson_code") VALUES ('89b553be-905d-57aa-946c-86dc9f366aa2', 'GENKI3_L02');
-- いくら | how much --;
INSERT INTO "vocabulary"."vocabulary" ("id", "word_class_code", "conjugation_kind_code", "jlpt_level", "row_num", "tags", "date_added") VALUES ('f7d4fade-03e1-53e3-94c0-24034e6a9e08', 'ADVERB', NULL, 5, 156, '{money}', '2022-05-30');
INSERT INTO "vocabulary"."definition" ("id", "vocabulary_id", "sort_rank", "value") VALUES ('5530c823-73d7-5426-a40e-6323791a1e59', 'f7d4fade-03e1-53e3-94c0-24034e6a9e08', 1, 'how much');
INSERT INTO "vocabulary"."spelling" ("id", "vocabulary_id", "spelling_kind_code", "value") VALUES ('17d114c8-7248-5b0b-99b4-875b614396b7', 'f7d4fade-03e1-53e3-94c0-24034e6a9e08', 'HIRAGANA', 'いくら');
INSERT INTO "vocabulary"."spelling" ("id", "vocabulary_id", "spelling_kind_code", "value") VALUES ('20a5cc16-38ba-5328-ab66-911185b9336a', 'f7d4fade-03e1-53e3-94c0-24034e6a9e08', 'HIRAGANA', 'いくら');
INSERT INTO "vocabulary"."spelling" ("id", "vocabulary_id", "spelling_kind_code", "value") VALUES ('045ad24a-b6bc-51d2-a956-a01e499a5fcf', 'f7d4fade-03e1-53e3-94c0-24034e6a9e08', 'KANJI', '幾ら');
INSERT INTO "vocabulary"."linkages" ("vocabulary_id", "preferred_definition_id", "preferred_spelling_id", "phonetic_spelling_id", "alt_phonetic_spelling_id", "kanji_spelling_id", "conjugation_set_id") VALUES ('f7d4fade-03e1-53e3-94c0-24034e6a9e08', '5530c823-73d7-5426-a40e-6323791a1e59', '17d114c8-7248-5b0b-99b4-875b614396b7', '20a5cc16-38ba-5328-ab66-911185b9336a', NULL, '045ad24a-b6bc-51d2-a956-a01e499a5fcf', NULL);
INSERT INTO "vocabulary"."reference" ("vocabulary_id", "lesson_code") VALUES ('f7d4fade-03e1-53e3-94c0-24034e6a9e08', 'GENKI3_L02');
-- 〜円 | ...yen --;
INSERT INTO "vocabulary"."vocabulary" ("id", "word_class_code", "conjugation_kind_code", "jlpt_level", "row_num", "tags", "date_added") VALUES ('fbae6594-96c7-53f0-a80b-bd325d5a22ff', 'NOUN', NULL, 3, 157, '{money}', '2022-05-30');
INSERT INTO "vocabulary"."definition" ("id", "vocabulary_id", "sort_rank", "value") VALUES ('d5b2e1c2-fdb3-5fd3-aed7-94b2dad3a1d7', 'fbae6594-96c7-53f0-a80b-bd325d5a22ff', 1, '...yen');
INSERT INTO "vocabulary"."spelling" ("id", "vocabulary_id", "spelling_kind_code", "value") VALUES ('96d4d21e-ce30-5ea4-a996-26a05ed14374', 'fbae6594-96c7-53f0-a80b-bd325d5a22ff', 'KANJI', '〜円');
INSERT INTO "vocabulary"."spelling" ("id", "vocabulary_id", "spelling_kind_code", "value") VALUES ('4e2a1640-aa5c-5843-9442-12c367b9652b', 'fbae6594-96c7-53f0-a80b-bd325d5a22ff', 'HIRAGANA', '〜えん');
INSERT INTO "vocabulary"."spelling" ("id", "vocabulary_id", "spelling_kind_code", "value") VALUES ('fca3d400-96a9-5503-808e-fa9c5efb5f60', 'fbae6594-96c7-53f0-a80b-bd325d5a22ff', 'KANJI', '〜円');
INSERT INTO "vocabulary"."linkages" ("vocabulary_id", "preferred_definition_id", "preferred_spelling_id", "phonetic_spelling_id", "alt_phonetic_spelling_id", "kanji_spelling_id", "conjugation_set_id") VALUES ('fbae6594-96c7-53f0-a80b-bd325d5a22ff', 'd5b2e1c2-fdb3-5fd3-aed7-94b2dad3a1d7', '96d4d21e-ce30-5ea4-a996-26a05ed14374', '4e2a1640-aa5c-5843-9442-12c367b9652b', NULL, 'fca3d400-96a9-5503-808e-fa9c5efb5f60', NULL);
INSERT INTO "vocabulary"."reference" ("vocabulary_id", "lesson_code") VALUES ('fbae6594-96c7-53f0-a80b-bd325d5a22ff', 'GENKI3_L02');
-- 高い | expensive; high --;
INSERT INTO "vocabulary"."vocabulary" ("id", "word_class_code", "conjugation_kind_code", "jlpt_level", "row_num", "tags", "date_added") VALUES ('dcb08e4f-eb7c-5536-bd57-ee51127a14be', 'ADJECTIVE', 'I_ADJECTIVE', 5, 158, '{money}', '2022-05-30');
INSERT INTO "vocabulary"."definition" ("id", "vocabulary_id", "sort_rank", "value") VALUES ('809ff8d5-d695-50c0-9d38-3a431843e2c3', 'dcb08e4f-eb7c-5536-bd57-ee51127a14be', 1, 'expensive; high');
INSERT INTO "vocabulary"."spelling" ("id", "vocabulary_id", "spelling_kind_code", "value") VALUES ('1edadfbc-49ce-5b83-93f4-4e96451a795a', 'dcb08e4f-eb7c-5536-bd57-ee51127a14be', 'KANJI', '高い');
INSERT INTO "vocabulary"."spelling" ("id", "vocabulary_id", "spelling_kind_code", "value") VALUES ('2cb3a475-9a04-542e-9394-06405c3b93c4', 'dcb08e4f-eb7c-5536-bd57-ee51127a14be', 'HIRAGANA', 'たかい');
INSERT INTO "vocabulary"."spelling" ("id", "vocabulary_id", "spelling_kind_code", "value") VALUES ('a257cdb1-5ba3-506a-91b5-fa7ee5829bc5', 'dcb08e4f-eb7c-5536-bd57-ee51127a14be', 'KANJI', '高い');
INSERT INTO "vocabulary"."conjugation_set" ("id", "vocabulary_id") VALUES ('a7e858fa-2210-55ea-996c-1749c1cf1ed2', 'dcb08e4f-eb7c-5536-bd57-ee51127a14be');
INSERT INTO "vocabulary"."linkages" ("vocabulary_id", "preferred_definition_id", "preferred_spelling_id", "phonetic_spelling_id", "alt_phonetic_spelling_id", "kanji_spelling_id", "conjugation_set_id") VALUES ('dcb08e4f-eb7c-5536-bd57-ee51127a14be', '809ff8d5-d695-50c0-9d38-3a431843e2c3', '1edadfbc-49ce-5b83-93f4-4e96451a795a', '2cb3a475-9a04-542e-9394-06405c3b93c4', NULL, 'a257cdb1-5ba3-506a-91b5-fa7ee5829bc5', 'a7e858fa-2210-55ea-996c-1749c1cf1ed2');
INSERT INTO "vocabulary"."reference" ("vocabulary_id", "lesson_code") VALUES ('dcb08e4f-eb7c-5536-bd57-ee51127a14be', 'GENKI3_L02');
INSERT INTO "vocabulary"."conjugation" ("id", "conjugation_set_id", "politeness_code", "charge_code", "form_code", "sort_rank", "value") VALUES ('106c7ef9-8f60-5805-a208-a54a5a876dc1', 'a7e858fa-2210-55ea-996c-1749c1cf1ed2', 'PLAIN', 'POSITIVE', 'PRESENT', 1, '高い');
INSERT INTO "vocabulary"."conjugation" ("id", "conjugation_set_id", "politeness_code", "charge_code", "form_code", "sort_rank", "value") VALUES ('cc7e162c-4a32-5e09-8d7c-b18ccffc94ef', 'a7e858fa-2210-55ea-996c-1749c1cf1ed2', 'PLAIN', 'POSITIVE', 'PAST', 1, '高かった');
INSERT INTO "vocabulary"."conjugation" ("id", "conjugation_set_id", "politeness_code", "charge_code", "form_code", "sort_rank", "value") VALUES ('3ecfa9cd-b683-523c-9d89-b235743f24fe', 'a7e858fa-2210-55ea-996c-1749c1cf1ed2', 'PLAIN', 'NEGATIVE', 'PRESENT', 1, '高くない');
INSERT INTO "vocabulary"."conjugation" ("id", "conjugation_set_id", "politeness_code", "charge_code", "form_code", "sort_rank", "value") VALUES ('13e761c1-50c9-5319-ac4e-daca467380a2', 'a7e858fa-2210-55ea-996c-1749c1cf1ed2', 'PLAIN', 'NEGATIVE', 'PAST', 1, '高くなかった');
-- いらっしゃいませ | welcome --;
INSERT INTO "vocabulary"."vocabulary" ("id", "word_class_code", "conjugation_kind_code", "jlpt_level", "row_num", "tags", "date_added") VALUES ('1cee44df-fc33-5279-8d09-5051e714782f', 'EXPRESSION', NULL, NULL, 159, '{}', '2022-05-30');
INSERT INTO "vocabulary"."definition" ("id", "vocabulary_id", "sort_rank", "value") VALUES ('a2cdd732-54ab-54bf-bc36-5ba7a1d1e2e9', '1cee44df-fc33-5279-8d09-5051e714782f', 1, 'welcome');
INSERT INTO "vocabulary"."spelling" ("id", "vocabulary_id", "spelling_kind_code", "value") VALUES ('228995ec-df59-5435-b133-421d8f3a8b8f', '1cee44df-fc33-5279-8d09-5051e714782f', 'HIRAGANA', 'いらっしゃいませ');
INSERT INTO "vocabulary"."spelling" ("id", "vocabulary_id", "spelling_kind_code", "value") VALUES ('35d5c274-d12e-554d-8ff3-afaca97a7dc4', '1cee44df-fc33-5279-8d09-5051e714782f', 'HIRAGANA', 'いらっしゃいませ');
INSERT INTO "vocabulary"."linkages" ("vocabulary_id", "preferred_definition_id", "preferred_spelling_id", "phonetic_spelling_id", "alt_phonetic_spelling_id", "kanji_spelling_id", "conjugation_set_id") VALUES ('1cee44df-fc33-5279-8d09-5051e714782f', 'a2cdd732-54ab-54bf-bc36-5ba7a1d1e2e9', '228995ec-df59-5435-b133-421d8f3a8b8f', '35d5c274-d12e-554d-8ff3-afaca97a7dc4', NULL, NULL, NULL);
INSERT INTO "vocabulary"."reference" ("vocabulary_id", "lesson_code") VALUES ('1cee44df-fc33-5279-8d09-5051e714782f', 'GENKI3_L02');
-- 〜お願いします | ...please --;
INSERT INTO "vocabulary"."vocabulary" ("id", "word_class_code", "conjugation_kind_code", "jlpt_level", "row_num", "tags", "date_added") VALUES ('845d24c6-6c7c-50f4-8dd7-450485839fa5', 'EXPRESSION', NULL, 2, 160, '{}', '2022-05-30');
INSERT INTO "vocabulary"."definition" ("id", "vocabulary_id", "sort_rank", "value") VALUES ('ee57c9ab-5ba1-5770-94b8-ce5a08d656fb', '845d24c6-6c7c-50f4-8dd7-450485839fa5', 1, '...please');
INSERT INTO "vocabulary"."spelling" ("id", "vocabulary_id", "spelling_kind_code", "value") VALUES ('4f94f0d0-f34f-5a33-9ea6-d3798b61ddbd', '845d24c6-6c7c-50f4-8dd7-450485839fa5', 'KANJI', '〜お願いします');
INSERT INTO "vocabulary"."spelling" ("id", "vocabulary_id", "spelling_kind_code", "value") VALUES ('12c096ba-4704-5645-9319-9de37a7b8711', '845d24c6-6c7c-50f4-8dd7-450485839fa5', 'HIRAGANA', '〜おねがいします');
INSERT INTO "vocabulary"."spelling" ("id", "vocabulary_id", "spelling_kind_code", "value") VALUES ('2c4c713d-f54b-5568-8448-c6fed1616fe5', '845d24c6-6c7c-50f4-8dd7-450485839fa5', 'KANJI', '〜お願いします');
INSERT INTO "vocabulary"."linkages" ("vocabulary_id", "preferred_definition_id", "preferred_spelling_id", "phonetic_spelling_id", "alt_phonetic_spelling_id", "kanji_spelling_id", "conjugation_set_id") VALUES ('845d24c6-6c7c-50f4-8dd7-450485839fa5', 'ee57c9ab-5ba1-5770-94b8-ce5a08d656fb', '4f94f0d0-f34f-5a33-9ea6-d3798b61ddbd', '12c096ba-4704-5645-9319-9de37a7b8711', NULL, '2c4c713d-f54b-5568-8448-c6fed1616fe5', NULL);
INSERT INTO "vocabulary"."reference" ("vocabulary_id", "lesson_code") VALUES ('845d24c6-6c7c-50f4-8dd7-450485839fa5', 'GENKI3_L02');
-- 〜ください | please give me... --;
INSERT INTO "vocabulary"."vocabulary" ("id", "word_class_code", "conjugation_kind_code", "jlpt_level", "row_num", "tags", "date_added") VALUES ('fc6be215-8cf3-55b8-8a6b-0dd345852963', 'EXPRESSION', NULL, 5, 161, '{}', '2022-05-30');
INSERT INTO "vocabulary"."definition" ("id", "vocabulary_id", "sort_rank", "value") VALUES ('ff88c278-bf8a-587c-97a1-070b6b246101', 'fc6be215-8cf3-55b8-8a6b-0dd345852963', 1, 'please give me...');
INSERT INTO "vocabulary"."spelling" ("id", "vocabulary_id", "spelling_kind_code", "value") VALUES ('3e84fd00-e1db-5505-acb3-9f82496bfe29', 'fc6be215-8cf3-55b8-8a6b-0dd345852963', 'HIRAGANA', '〜ください');
INSERT INTO "vocabulary"."spelling" ("id", "vocabulary_id", "spelling_kind_code", "value") VALUES ('3447ab7a-ceef-59b7-afac-487fec8d5a13', 'fc6be215-8cf3-55b8-8a6b-0dd345852963', 'HIRAGANA', '〜ください');
INSERT INTO "vocabulary"."spelling" ("id", "vocabulary_id", "spelling_kind_code", "value") VALUES ('77ce6f34-8d7d-5454-989f-dffd74c7fe56', 'fc6be215-8cf3-55b8-8a6b-0dd345852963', 'KANJI', '〜下さい');
INSERT INTO "vocabulary"."linkages" ("vocabulary_id", "preferred_definition_id", "preferred_spelling_id", "phonetic_spelling_id", "alt_phonetic_spelling_id", "kanji_spelling_id", "conjugation_set_id") VALUES ('fc6be215-8cf3-55b8-8a6b-0dd345852963', 'ff88c278-bf8a-587c-97a1-070b6b246101', '3e84fd00-e1db-5505-acb3-9f82496bfe29', '3447ab7a-ceef-59b7-afac-487fec8d5a13', NULL, '77ce6f34-8d7d-5454-989f-dffd74c7fe56', NULL);
INSERT INTO "vocabulary"."reference" ("vocabulary_id", "lesson_code") VALUES ('fc6be215-8cf3-55b8-8a6b-0dd345852963', 'DUO_02_01');
INSERT INTO "vocabulary"."reference" ("vocabulary_id", "lesson_code") VALUES ('fc6be215-8cf3-55b8-8a6b-0dd345852963', 'DUO_U06');
INSERT INTO "vocabulary"."reference" ("vocabulary_id", "lesson_code") VALUES ('fc6be215-8cf3-55b8-8a6b-0dd345852963', 'GENKI3_L02');
-- じゃあ | then...; if that is the case... --;
INSERT INTO "vocabulary"."vocabulary" ("id", "word_class_code", "conjugation_kind_code", "jlpt_level", "row_num", "tags", "date_added") VALUES ('3bb29baa-6e40-5c58-93cd-2000ea1120eb', 'EXPRESSION', NULL, 5, 162, '{}', '2022-05-30');
INSERT INTO "vocabulary"."definition" ("id", "vocabulary_id", "sort_rank", "value") VALUES ('3cf68c65-458f-5f1a-aec6-ff1df61fc648', '3bb29baa-6e40-5c58-93cd-2000ea1120eb', 1, 'then...; if that is the case...');
INSERT INTO "vocabulary"."spelling" ("id", "vocabulary_id", "spelling_kind_code", "value") VALUES ('1546c5ab-f3b9-5aaa-9a95-a44735e45e5c', '3bb29baa-6e40-5c58-93cd-2000ea1120eb', 'HIRAGANA', 'じゃあ');
INSERT INTO "vocabulary"."spelling" ("id", "vocabulary_id", "spelling_kind_code", "value") VALUES ('8bbbf733-e286-57ee-91c9-95ddb887801a', '3bb29baa-6e40-5c58-93cd-2000ea1120eb', 'HIRAGANA', 'じゃあ');
INSERT INTO "vocabulary"."linkages" ("vocabulary_id", "preferred_definition_id", "preferred_spelling_id", "phonetic_spelling_id", "alt_phonetic_spelling_id", "kanji_spelling_id", "conjugation_set_id") VALUES ('3bb29baa-6e40-5c58-93cd-2000ea1120eb', '3cf68c65-458f-5f1a-aec6-ff1df61fc648', '1546c5ab-f3b9-5aaa-9a95-a44735e45e5c', '8bbbf733-e286-57ee-91c9-95ddb887801a', NULL, NULL, NULL);
INSERT INTO "vocabulary"."reference" ("vocabulary_id", "lesson_code") VALUES ('3bb29baa-6e40-5c58-93cd-2000ea1120eb', 'GENKI3_L02');
-- どうぞ | here it is; please go ahead; i beg of you --;
INSERT INTO "vocabulary"."vocabulary" ("id", "word_class_code", "conjugation_kind_code", "jlpt_level", "row_num", "tags", "date_added") VALUES ('8dc54b41-91cb-5289-bb0b-5f4a5854fea7', 'EXPRESSION', NULL, 5, 163, '{}', '2022-05-30');
INSERT INTO "vocabulary"."definition" ("id", "vocabulary_id", "sort_rank", "value") VALUES ('690e2672-08c9-5d0f-952b-43b79d5da7f6', '8dc54b41-91cb-5289-bb0b-5f4a5854fea7', 1, 'here it is; please go ahead; i beg of you');
INSERT INTO "vocabulary"."spelling" ("id", "vocabulary_id", "spelling_kind_code", "value") VALUES ('8b091e79-a8c1-57ab-9663-34c245a349d1', '8dc54b41-91cb-5289-bb0b-5f4a5854fea7', 'HIRAGANA', 'どうぞ');
INSERT INTO "vocabulary"."spelling" ("id", "vocabulary_id", "spelling_kind_code", "value") VALUES ('289d77ed-0d6a-56e7-a3b2-269e71210e0e', '8dc54b41-91cb-5289-bb0b-5f4a5854fea7', 'HIRAGANA', 'どうぞ');
INSERT INTO "vocabulary"."linkages" ("vocabulary_id", "preferred_definition_id", "preferred_spelling_id", "phonetic_spelling_id", "alt_phonetic_spelling_id", "kanji_spelling_id", "conjugation_set_id") VALUES ('8dc54b41-91cb-5289-bb0b-5f4a5854fea7', '690e2672-08c9-5d0f-952b-43b79d5da7f6', '8b091e79-a8c1-57ab-9663-34c245a349d1', '289d77ed-0d6a-56e7-a3b2-269e71210e0e', NULL, NULL, NULL);
INSERT INTO "vocabulary"."reference" ("vocabulary_id", "lesson_code") VALUES ('8dc54b41-91cb-5289-bb0b-5f4a5854fea7', 'GENKI3_L02');
-- どうも | thanks (casual) --;
INSERT INTO "vocabulary"."vocabulary" ("id", "word_class_code", "conjugation_kind_code", "jlpt_level", "row_num", "tags", "date_added") VALUES ('5891a34d-ba0a-5458-b42e-f82c60d27f9f', 'EXPRESSION', NULL, 5, 164, '{}', '2022-05-30');
INSERT INTO "vocabulary"."definition" ("id", "vocabulary_id", "sort_rank", "value") VALUES ('d9c10b38-e08f-5d7e-89ac-368ae533923e', '5891a34d-ba0a-5458-b42e-f82c60d27f9f', 1, 'thanks (casual)');
INSERT INTO "vocabulary"."spelling" ("id", "vocabulary_id", "spelling_kind_code", "value") VALUES ('5487da6f-58e0-5b99-a5f9-a7a8d23225ac', '5891a34d-ba0a-5458-b42e-f82c60d27f9f', 'HIRAGANA', 'どうも');
INSERT INTO "vocabulary"."spelling" ("id", "vocabulary_id", "spelling_kind_code", "value") VALUES ('7a5b0987-0729-55b8-afdd-9942ad24ef81', '5891a34d-ba0a-5458-b42e-f82c60d27f9f', 'HIRAGANA', 'どうも');
INSERT INTO "vocabulary"."linkages" ("vocabulary_id", "preferred_definition_id", "preferred_spelling_id", "phonetic_spelling_id", "alt_phonetic_spelling_id", "kanji_spelling_id", "conjugation_set_id") VALUES ('5891a34d-ba0a-5458-b42e-f82c60d27f9f', 'd9c10b38-e08f-5d7e-89ac-368ae533923e', '5487da6f-58e0-5b99-a5f9-a7a8d23225ac', '7a5b0987-0729-55b8-afdd-9942ad24ef81', NULL, NULL, NULL);
INSERT INTO "vocabulary"."reference" ("vocabulary_id", "lesson_code") VALUES ('5891a34d-ba0a-5458-b42e-f82c60d27f9f', 'GENKI3_L02');
-- ゼロ | zero; 0 --;
INSERT INTO "vocabulary"."vocabulary" ("id", "word_class_code", "conjugation_kind_code", "jlpt_level", "row_num", "tags", "date_added") VALUES ('48b8587c-d363-5b54-94d9-c9e5dfff2412', 'NOUN', NULL, NULL, 165, '{number}', '2022-05-30');
INSERT INTO "vocabulary"."definition" ("id", "vocabulary_id", "sort_rank", "value") VALUES ('494af2ab-28a2-5901-8f5e-810b7cb67717', '48b8587c-d363-5b54-94d9-c9e5dfff2412', 1, 'zero; 0');
INSERT INTO "vocabulary"."spelling" ("id", "vocabulary_id", "spelling_kind_code", "value") VALUES ('f27d5218-e98d-5a33-b455-7fd16d886578', '48b8587c-d363-5b54-94d9-c9e5dfff2412', 'KATAKANA', 'ゼロ');
INSERT INTO "vocabulary"."spelling" ("id", "vocabulary_id", "spelling_kind_code", "value") VALUES ('4ece7a18-2a3d-5698-89e5-f80fc07620ec', '48b8587c-d363-5b54-94d9-c9e5dfff2412', 'KATAKANA', 'ゼロ');
INSERT INTO "vocabulary"."linkages" ("vocabulary_id", "preferred_definition_id", "preferred_spelling_id", "phonetic_spelling_id", "alt_phonetic_spelling_id", "kanji_spelling_id", "conjugation_set_id") VALUES ('48b8587c-d363-5b54-94d9-c9e5dfff2412', '494af2ab-28a2-5901-8f5e-810b7cb67717', 'f27d5218-e98d-5a33-b455-7fd16d886578', '4ece7a18-2a3d-5698-89e5-f80fc07620ec', NULL, NULL, NULL);
INSERT INTO "vocabulary"."reference" ("vocabulary_id", "lesson_code") VALUES ('48b8587c-d363-5b54-94d9-c9e5dfff2412', 'GENKI3_L02');
-- 一 | one --;
INSERT INTO "vocabulary"."vocabulary" ("id", "word_class_code", "conjugation_kind_code", "jlpt_level", "row_num", "tags", "date_added") VALUES ('c007b505-323f-5517-8353-ed093d1571de', 'NOUN', NULL, 5, 166, '{number}', '2022-05-30');
INSERT INTO "vocabulary"."definition" ("id", "vocabulary_id", "sort_rank", "value") VALUES ('4cf410dd-6256-57cd-ae9c-0bf2aaec49bb', 'c007b505-323f-5517-8353-ed093d1571de', 1, 'one');
INSERT INTO "vocabulary"."spelling" ("id", "vocabulary_id", "spelling_kind_code", "value") VALUES ('247304c3-1a40-566c-9c08-88502aadbc1b', 'c007b505-323f-5517-8353-ed093d1571de', 'KANJI', '一');
INSERT INTO "vocabulary"."spelling" ("id", "vocabulary_id", "spelling_kind_code", "value") VALUES ('96551937-d15c-5e2d-a7d0-76f009718f99', 'c007b505-323f-5517-8353-ed093d1571de', 'HIRAGANA', 'いち');
INSERT INTO "vocabulary"."spelling" ("id", "vocabulary_id", "spelling_kind_code", "value") VALUES ('15d907c7-5ce8-5e45-b828-b9f4b02b71a8', 'c007b505-323f-5517-8353-ed093d1571de', 'KANJI', '一');
INSERT INTO "vocabulary"."linkages" ("vocabulary_id", "preferred_definition_id", "preferred_spelling_id", "phonetic_spelling_id", "alt_phonetic_spelling_id", "kanji_spelling_id", "conjugation_set_id") VALUES ('c007b505-323f-5517-8353-ed093d1571de', '4cf410dd-6256-57cd-ae9c-0bf2aaec49bb', '247304c3-1a40-566c-9c08-88502aadbc1b', '96551937-d15c-5e2d-a7d0-76f009718f99', NULL, '15d907c7-5ce8-5e45-b828-b9f4b02b71a8', NULL);
INSERT INTO "vocabulary"."reference" ("vocabulary_id", "lesson_code") VALUES ('c007b505-323f-5517-8353-ed093d1571de', 'GENKI3_L02');
-- 二 | two --;
INSERT INTO "vocabulary"."vocabulary" ("id", "word_class_code", "conjugation_kind_code", "jlpt_level", "row_num", "tags", "date_added") VALUES ('8873834d-7358-505d-a93b-7782dbd00024', 'NOUN', NULL, 5, 167, '{number}', '2022-05-30');
INSERT INTO "vocabulary"."definition" ("id", "vocabulary_id", "sort_rank", "value") VALUES ('f869af3b-fa51-5951-963e-8004470905de', '8873834d-7358-505d-a93b-7782dbd00024', 1, 'two');
INSERT INTO "vocabulary"."spelling" ("id", "vocabulary_id", "spelling_kind_code", "value") VALUES ('d81143b8-1aa4-5d51-8f2d-1f08104c171f', '8873834d-7358-505d-a93b-7782dbd00024', 'KANJI', '二');
INSERT INTO "vocabulary"."spelling" ("id", "vocabulary_id", "spelling_kind_code", "value") VALUES ('78769f6f-79aa-5f3c-993c-0c00fb177c76', '8873834d-7358-505d-a93b-7782dbd00024', 'HIRAGANA', 'に');
INSERT INTO "vocabulary"."spelling" ("id", "vocabulary_id", "spelling_kind_code", "value") VALUES ('136bfaa9-da25-54d8-95c3-ae3b9c6939a3', '8873834d-7358-505d-a93b-7782dbd00024', 'KANJI', '二');
INSERT INTO "vocabulary"."linkages" ("vocabulary_id", "preferred_definition_id", "preferred_spelling_id", "phonetic_spelling_id", "alt_phonetic_spelling_id", "kanji_spelling_id", "conjugation_set_id") VALUES ('8873834d-7358-505d-a93b-7782dbd00024', 'f869af3b-fa51-5951-963e-8004470905de', 'd81143b8-1aa4-5d51-8f2d-1f08104c171f', '78769f6f-79aa-5f3c-993c-0c00fb177c76', NULL, '136bfaa9-da25-54d8-95c3-ae3b9c6939a3', NULL);
INSERT INTO "vocabulary"."reference" ("vocabulary_id", "lesson_code") VALUES ('8873834d-7358-505d-a93b-7782dbd00024', 'GENKI3_L02');
-- 三 | three --;
INSERT INTO "vocabulary"."vocabulary" ("id", "word_class_code", "conjugation_kind_code", "jlpt_level", "row_num", "tags", "date_added") VALUES ('0f9e7c25-4cfa-5186-a893-0f59b7e34745', 'NOUN', NULL, 5, 168, '{number}', '2022-05-30');
INSERT INTO "vocabulary"."definition" ("id", "vocabulary_id", "sort_rank", "value") VALUES ('bed82900-e419-56b0-8496-b73876c0e979', '0f9e7c25-4cfa-5186-a893-0f59b7e34745', 1, 'three');
INSERT INTO "vocabulary"."spelling" ("id", "vocabulary_id", "spelling_kind_code", "value") VALUES ('b3173651-c05a-5869-8e69-d90fa7577056', '0f9e7c25-4cfa-5186-a893-0f59b7e34745', 'KANJI', '三');
INSERT INTO "vocabulary"."spelling" ("id", "vocabulary_id", "spelling_kind_code", "value") VALUES ('a050fcf1-6c9a-5a92-b5e5-a69bf40072e4', '0f9e7c25-4cfa-5186-a893-0f59b7e34745', 'HIRAGANA', 'さん');
INSERT INTO "vocabulary"."spelling" ("id", "vocabulary_id", "spelling_kind_code", "value") VALUES ('254423b8-15cb-52ad-8b49-930cd7f4401c', '0f9e7c25-4cfa-5186-a893-0f59b7e34745', 'KANJI', '三');
INSERT INTO "vocabulary"."linkages" ("vocabulary_id", "preferred_definition_id", "preferred_spelling_id", "phonetic_spelling_id", "alt_phonetic_spelling_id", "kanji_spelling_id", "conjugation_set_id") VALUES ('0f9e7c25-4cfa-5186-a893-0f59b7e34745', 'bed82900-e419-56b0-8496-b73876c0e979', 'b3173651-c05a-5869-8e69-d90fa7577056', 'a050fcf1-6c9a-5a92-b5e5-a69bf40072e4', NULL, '254423b8-15cb-52ad-8b49-930cd7f4401c', NULL);
INSERT INTO "vocabulary"."reference" ("vocabulary_id", "lesson_code") VALUES ('0f9e7c25-4cfa-5186-a893-0f59b7e34745', 'GENKI3_L02');
-- 四 | four --;
INSERT INTO "vocabulary"."vocabulary" ("id", "word_class_code", "conjugation_kind_code", "jlpt_level", "row_num", "tags", "date_added") VALUES ('59d58d35-f0f2-5535-8404-8cb786e2c830', 'NOUN', NULL, 5, 169, '{number}', '2022-05-30');
INSERT INTO "vocabulary"."definition" ("id", "vocabulary_id", "sort_rank", "value") VALUES ('a4ef25c2-43ce-56d9-a9ca-883698a474a8', '59d58d35-f0f2-5535-8404-8cb786e2c830', 1, 'four');
INSERT INTO "vocabulary"."spelling" ("id", "vocabulary_id", "spelling_kind_code", "value") VALUES ('fbcd3f08-294a-5349-a109-b85e3c0b248a', '59d58d35-f0f2-5535-8404-8cb786e2c830', 'KANJI', '四');
INSERT INTO "vocabulary"."spelling" ("id", "vocabulary_id", "spelling_kind_code", "value") VALUES ('e76e238c-485a-519c-bfd5-b81b3c727a37', '59d58d35-f0f2-5535-8404-8cb786e2c830', 'HIRAGANA', 'よん');
INSERT INTO "vocabulary"."spelling" ("id", "vocabulary_id", "spelling_kind_code", "value") VALUES ('29abe41e-f629-50e0-bf14-043ce7f02448', '59d58d35-f0f2-5535-8404-8cb786e2c830', 'HIRAGANA', 'し');
INSERT INTO "vocabulary"."spelling" ("id", "vocabulary_id", "spelling_kind_code", "value") VALUES ('cf12912b-2514-52fd-a61f-5b3797dbcc5a', '59d58d35-f0f2-5535-8404-8cb786e2c830', 'KANJI', '四');
INSERT INTO "vocabulary"."linkages" ("vocabulary_id", "preferred_definition_id", "preferred_spelling_id", "phonetic_spelling_id", "alt_phonetic_spelling_id", "kanji_spelling_id", "conjugation_set_id") VALUES ('59d58d35-f0f2-5535-8404-8cb786e2c830', 'a4ef25c2-43ce-56d9-a9ca-883698a474a8', 'fbcd3f08-294a-5349-a109-b85e3c0b248a', 'e76e238c-485a-519c-bfd5-b81b3c727a37', '29abe41e-f629-50e0-bf14-043ce7f02448', 'cf12912b-2514-52fd-a61f-5b3797dbcc5a', NULL);
INSERT INTO "vocabulary"."reference" ("vocabulary_id", "lesson_code") VALUES ('59d58d35-f0f2-5535-8404-8cb786e2c830', 'GENKI3_L02');
-- 五 | five --;
INSERT INTO "vocabulary"."vocabulary" ("id", "word_class_code", "conjugation_kind_code", "jlpt_level", "row_num", "tags", "date_added") VALUES ('82339058-2123-58a8-93dc-b1c0b05cdae8', 'NOUN', NULL, 5, 170, '{number}', '2022-05-30');
INSERT INTO "vocabulary"."definition" ("id", "vocabulary_id", "sort_rank", "value") VALUES ('80bc9dcc-d8de-5d58-bb15-b1315adbaede', '82339058-2123-58a8-93dc-b1c0b05cdae8', 1, 'five');
INSERT INTO "vocabulary"."spelling" ("id", "vocabulary_id", "spelling_kind_code", "value") VALUES ('847d3be8-8c86-5b15-8d3d-f67ff1565b86', '82339058-2123-58a8-93dc-b1c0b05cdae8', 'KANJI', '五');
INSERT INTO "vocabulary"."spelling" ("id", "vocabulary_id", "spelling_kind_code", "value") VALUES ('2bfc5267-f716-5b53-95bd-cff3d98e57e5', '82339058-2123-58a8-93dc-b1c0b05cdae8', 'HIRAGANA', 'ご');
INSERT INTO "vocabulary"."spelling" ("id", "vocabulary_id", "spelling_kind_code", "value") VALUES ('5baf1cdd-ebb4-5f9c-aa5a-ed024f1bcc2c', '82339058-2123-58a8-93dc-b1c0b05cdae8', 'KANJI', '五');
INSERT INTO "vocabulary"."linkages" ("vocabulary_id", "preferred_definition_id", "preferred_spelling_id", "phonetic_spelling_id", "alt_phonetic_spelling_id", "kanji_spelling_id", "conjugation_set_id") VALUES ('82339058-2123-58a8-93dc-b1c0b05cdae8', '80bc9dcc-d8de-5d58-bb15-b1315adbaede', '847d3be8-8c86-5b15-8d3d-f67ff1565b86', '2bfc5267-f716-5b53-95bd-cff3d98e57e5', NULL, '5baf1cdd-ebb4-5f9c-aa5a-ed024f1bcc2c', NULL);
INSERT INTO "vocabulary"."reference" ("vocabulary_id", "lesson_code") VALUES ('82339058-2123-58a8-93dc-b1c0b05cdae8', 'GENKI3_L02');
-- 六 | six --;
INSERT INTO "vocabulary"."vocabulary" ("id", "word_class_code", "conjugation_kind_code", "jlpt_level", "row_num", "tags", "date_added") VALUES ('e469a7d8-cfad-5a85-ba5c-cb1d0c8ca1b0', 'NOUN', NULL, 5, 171, '{number}', '2022-05-30');
INSERT INTO "vocabulary"."definition" ("id", "vocabulary_id", "sort_rank", "value") VALUES ('ac84df04-b232-5750-a91d-b260c83412bd', 'e469a7d8-cfad-5a85-ba5c-cb1d0c8ca1b0', 1, 'six');
INSERT INTO "vocabulary"."spelling" ("id", "vocabulary_id", "spelling_kind_code", "value") VALUES ('d72639c1-6283-5710-af1b-7b63d524ebff', 'e469a7d8-cfad-5a85-ba5c-cb1d0c8ca1b0', 'KANJI', '六');
INSERT INTO "vocabulary"."spelling" ("id", "vocabulary_id", "spelling_kind_code", "value") VALUES ('4edaab34-4b2c-5626-8254-a9508912882f', 'e469a7d8-cfad-5a85-ba5c-cb1d0c8ca1b0', 'KANJI', '六');
INSERT INTO "vocabulary"."spelling" ("id", "vocabulary_id", "spelling_kind_code", "value") VALUES ('eb9f7cb0-2d08-50d5-adca-1bccb4c10d9f', 'e469a7d8-cfad-5a85-ba5c-cb1d0c8ca1b0', 'KANJI', '六');
INSERT INTO "vocabulary"."linkages" ("vocabulary_id", "preferred_definition_id", "preferred_spelling_id", "phonetic_spelling_id", "alt_phonetic_spelling_id", "kanji_spelling_id", "conjugation_set_id") VALUES ('e469a7d8-cfad-5a85-ba5c-cb1d0c8ca1b0', 'ac84df04-b232-5750-a91d-b260c83412bd', 'd72639c1-6283-5710-af1b-7b63d524ebff', '4edaab34-4b2c-5626-8254-a9508912882f', NULL, 'eb9f7cb0-2d08-50d5-adca-1bccb4c10d9f', NULL);
INSERT INTO "vocabulary"."reference" ("vocabulary_id", "lesson_code") VALUES ('e469a7d8-cfad-5a85-ba5c-cb1d0c8ca1b0', 'GENKI3_L02');
-- 七 | seven --;
INSERT INTO "vocabulary"."vocabulary" ("id", "word_class_code", "conjugation_kind_code", "jlpt_level", "row_num", "tags", "date_added") VALUES ('49ab0509-4a86-552d-975b-fc49e74790d4', 'NOUN', NULL, 5, 172, '{number}', '2022-05-30');
INSERT INTO "vocabulary"."definition" ("id", "vocabulary_id", "sort_rank", "value") VALUES ('4bfcc7c1-5be2-5c0f-b46a-8aac9e903627', '49ab0509-4a86-552d-975b-fc49e74790d4', 1, 'seven');
INSERT INTO "vocabulary"."spelling" ("id", "vocabulary_id", "spelling_kind_code", "value") VALUES ('991f0fef-0b09-53c4-a665-707bd5c65d7f', '49ab0509-4a86-552d-975b-fc49e74790d4', 'KANJI', '七');
INSERT INTO "vocabulary"."spelling" ("id", "vocabulary_id", "spelling_kind_code", "value") VALUES ('92a15e3d-a66b-5200-8fe2-13f5a21cb53c', '49ab0509-4a86-552d-975b-fc49e74790d4', 'HIRAGANA', 'なな');
INSERT INTO "vocabulary"."spelling" ("id", "vocabulary_id", "spelling_kind_code", "value") VALUES ('fd253cb8-9349-556d-8d94-a87d116ec6af', '49ab0509-4a86-552d-975b-fc49e74790d4', 'HIRAGANA', 'しち');
INSERT INTO "vocabulary"."spelling" ("id", "vocabulary_id", "spelling_kind_code", "value") VALUES ('0f35d1b5-f3dc-516b-803a-9f10ca3e1b5c', '49ab0509-4a86-552d-975b-fc49e74790d4', 'KANJI', '七');
INSERT INTO "vocabulary"."linkages" ("vocabulary_id", "preferred_definition_id", "preferred_spelling_id", "phonetic_spelling_id", "alt_phonetic_spelling_id", "kanji_spelling_id", "conjugation_set_id") VALUES ('49ab0509-4a86-552d-975b-fc49e74790d4', '4bfcc7c1-5be2-5c0f-b46a-8aac9e903627', '991f0fef-0b09-53c4-a665-707bd5c65d7f', '92a15e3d-a66b-5200-8fe2-13f5a21cb53c', 'fd253cb8-9349-556d-8d94-a87d116ec6af', '0f35d1b5-f3dc-516b-803a-9f10ca3e1b5c', NULL);
INSERT INTO "vocabulary"."reference" ("vocabulary_id", "lesson_code") VALUES ('49ab0509-4a86-552d-975b-fc49e74790d4', 'GENKI3_L02');
-- 八 | eight --;
INSERT INTO "vocabulary"."vocabulary" ("id", "word_class_code", "conjugation_kind_code", "jlpt_level", "row_num", "tags", "date_added") VALUES ('6d9b3812-644e-5890-94cc-09a2fd01a30a', 'NOUN', NULL, 5, 173, '{number}', '2022-05-30');
INSERT INTO "vocabulary"."definition" ("id", "vocabulary_id", "sort_rank", "value") VALUES ('5f0568c9-7659-50e1-bcb3-a5d3f402822a', '6d9b3812-644e-5890-94cc-09a2fd01a30a', 1, 'eight');
INSERT INTO "vocabulary"."spelling" ("id", "vocabulary_id", "spelling_kind_code", "value") VALUES ('5510277f-a2fd-5a4c-969f-f4133e104ae7', '6d9b3812-644e-5890-94cc-09a2fd01a30a', 'KANJI', '八');
INSERT INTO "vocabulary"."spelling" ("id", "vocabulary_id", "spelling_kind_code", "value") VALUES ('5d46488d-38e0-5a67-a6f0-fd3a4e61164c', '6d9b3812-644e-5890-94cc-09a2fd01a30a', 'HIRAGANA', 'はち');
INSERT INTO "vocabulary"."spelling" ("id", "vocabulary_id", "spelling_kind_code", "value") VALUES ('fcd12872-c567-537b-aac5-87fca4d5f681', '6d9b3812-644e-5890-94cc-09a2fd01a30a', 'KANJI', '八');
INSERT INTO "vocabulary"."linkages" ("vocabulary_id", "preferred_definition_id", "preferred_spelling_id", "phonetic_spelling_id", "alt_phonetic_spelling_id", "kanji_spelling_id", "conjugation_set_id") VALUES ('6d9b3812-644e-5890-94cc-09a2fd01a30a', '5f0568c9-7659-50e1-bcb3-a5d3f402822a', '5510277f-a2fd-5a4c-969f-f4133e104ae7', '5d46488d-38e0-5a67-a6f0-fd3a4e61164c', NULL, 'fcd12872-c567-537b-aac5-87fca4d5f681', NULL);
INSERT INTO "vocabulary"."reference" ("vocabulary_id", "lesson_code") VALUES ('6d9b3812-644e-5890-94cc-09a2fd01a30a', 'GENKI3_L02');
-- 九 | nine --;
INSERT INTO "vocabulary"."vocabulary" ("id", "word_class_code", "conjugation_kind_code", "jlpt_level", "row_num", "tags", "date_added") VALUES ('aaf16bcd-1ecc-5f72-97a6-497825719aba', 'NOUN', NULL, 5, 174, '{number}', '2022-05-30');
INSERT INTO "vocabulary"."definition" ("id", "vocabulary_id", "sort_rank", "value") VALUES ('baf66710-9514-5fd5-85d1-a41afa8ce5e0', 'aaf16bcd-1ecc-5f72-97a6-497825719aba', 1, 'nine');
INSERT INTO "vocabulary"."spelling" ("id", "vocabulary_id", "spelling_kind_code", "value") VALUES ('56681a38-c82c-5c6a-893e-ea0fe921850b', 'aaf16bcd-1ecc-5f72-97a6-497825719aba', 'KANJI', '九');
INSERT INTO "vocabulary"."spelling" ("id", "vocabulary_id", "spelling_kind_code", "value") VALUES ('c261af9d-92bb-50bb-9f8c-1c9fb255ccd3', 'aaf16bcd-1ecc-5f72-97a6-497825719aba', 'HIRAGANA', 'きゅう');
INSERT INTO "vocabulary"."spelling" ("id", "vocabulary_id", "spelling_kind_code", "value") VALUES ('743876f9-75c5-5901-b720-ea07ce6c71fd', 'aaf16bcd-1ecc-5f72-97a6-497825719aba', 'KANJI', '九');
INSERT INTO "vocabulary"."linkages" ("vocabulary_id", "preferred_definition_id", "preferred_spelling_id", "phonetic_spelling_id", "alt_phonetic_spelling_id", "kanji_spelling_id", "conjugation_set_id") VALUES ('aaf16bcd-1ecc-5f72-97a6-497825719aba', 'baf66710-9514-5fd5-85d1-a41afa8ce5e0', '56681a38-c82c-5c6a-893e-ea0fe921850b', 'c261af9d-92bb-50bb-9f8c-1c9fb255ccd3', NULL, '743876f9-75c5-5901-b720-ea07ce6c71fd', NULL);
INSERT INTO "vocabulary"."reference" ("vocabulary_id", "lesson_code") VALUES ('aaf16bcd-1ecc-5f72-97a6-497825719aba', 'GENKI3_L02');
-- 十 | ten --;
INSERT INTO "vocabulary"."vocabulary" ("id", "word_class_code", "conjugation_kind_code", "jlpt_level", "row_num", "tags", "date_added") VALUES ('e05ed6a4-edcb-5052-9760-1e10c70c2236', 'NOUN', NULL, 5, 175, '{number}', '2022-05-30');
INSERT INTO "vocabulary"."definition" ("id", "vocabulary_id", "sort_rank", "value") VALUES ('2ce22757-7b74-51ae-ad4a-3512aaf225d7', 'e05ed6a4-edcb-5052-9760-1e10c70c2236', 1, 'ten');
INSERT INTO "vocabulary"."spelling" ("id", "vocabulary_id", "spelling_kind_code", "value") VALUES ('79fe79ba-93e0-5357-ad6d-5c777422ed49', 'e05ed6a4-edcb-5052-9760-1e10c70c2236', 'KANJI', '十');
INSERT INTO "vocabulary"."spelling" ("id", "vocabulary_id", "spelling_kind_code", "value") VALUES ('cdc894d7-630a-596a-aba5-d6327264f06e', 'e05ed6a4-edcb-5052-9760-1e10c70c2236', 'HIRAGANA', 'じゅう');
INSERT INTO "vocabulary"."spelling" ("id", "vocabulary_id", "spelling_kind_code", "value") VALUES ('57a8eeee-c853-5ee3-aed4-4f06f349e0c4', 'e05ed6a4-edcb-5052-9760-1e10c70c2236', 'KANJI', '十');
INSERT INTO "vocabulary"."linkages" ("vocabulary_id", "preferred_definition_id", "preferred_spelling_id", "phonetic_spelling_id", "alt_phonetic_spelling_id", "kanji_spelling_id", "conjugation_set_id") VALUES ('e05ed6a4-edcb-5052-9760-1e10c70c2236', '2ce22757-7b74-51ae-ad4a-3512aaf225d7', '79fe79ba-93e0-5357-ad6d-5c777422ed49', 'cdc894d7-630a-596a-aba5-d6327264f06e', NULL, '57a8eeee-c853-5ee3-aed4-4f06f349e0c4', NULL);
INSERT INTO "vocabulary"."reference" ("vocabulary_id", "lesson_code") VALUES ('e05ed6a4-edcb-5052-9760-1e10c70c2236', 'GENKI3_L02');
-- 百 | hundred --;
INSERT INTO "vocabulary"."vocabulary" ("id", "word_class_code", "conjugation_kind_code", "jlpt_level", "row_num", "tags", "date_added") VALUES ('0f06fb63-c508-57a2-8983-2cb9f5dfd2e7', 'NOUN', NULL, 5, 176, '{number}', '2022-07-24');
INSERT INTO "vocabulary"."definition" ("id", "vocabulary_id", "sort_rank", "value") VALUES ('365a3bfe-3161-57f5-a9f4-78a9170ee66d', '0f06fb63-c508-57a2-8983-2cb9f5dfd2e7', 1, 'hundred');
INSERT INTO "vocabulary"."spelling" ("id", "vocabulary_id", "spelling_kind_code", "value") VALUES ('9ded41f8-21eb-58b8-b226-75818da71a02', '0f06fb63-c508-57a2-8983-2cb9f5dfd2e7', 'KANJI', '百');
INSERT INTO "vocabulary"."spelling" ("id", "vocabulary_id", "spelling_kind_code", "value") VALUES ('ec926db4-c395-534d-a2bb-90b3dede88c3', '0f06fb63-c508-57a2-8983-2cb9f5dfd2e7', 'HIRAGANA', 'ひゃく');
INSERT INTO "vocabulary"."spelling" ("id", "vocabulary_id", "spelling_kind_code", "value") VALUES ('eb987800-1e57-570e-9678-02ea831c5eeb', '0f06fb63-c508-57a2-8983-2cb9f5dfd2e7', 'KANJI', '百');
INSERT INTO "vocabulary"."linkages" ("vocabulary_id", "preferred_definition_id", "preferred_spelling_id", "phonetic_spelling_id", "alt_phonetic_spelling_id", "kanji_spelling_id", "conjugation_set_id") VALUES ('0f06fb63-c508-57a2-8983-2cb9f5dfd2e7', '365a3bfe-3161-57f5-a9f4-78a9170ee66d', '9ded41f8-21eb-58b8-b226-75818da71a02', 'ec926db4-c395-534d-a2bb-90b3dede88c3', NULL, 'eb987800-1e57-570e-9678-02ea831c5eeb', NULL);
INSERT INTO "vocabulary"."reference" ("vocabulary_id", "lesson_code") VALUES ('0f06fb63-c508-57a2-8983-2cb9f5dfd2e7', 'GENKI3_L03');
-- 千 | thousand --;
INSERT INTO "vocabulary"."vocabulary" ("id", "word_class_code", "conjugation_kind_code", "jlpt_level", "row_num", "tags", "date_added") VALUES ('662aaf34-2fd3-5ab7-ad40-ee6e4862fc2c', 'NOUN', NULL, 5, 177, '{number}', '2022-07-24');
INSERT INTO "vocabulary"."definition" ("id", "vocabulary_id", "sort_rank", "value") VALUES ('26a62189-5b10-5199-8b2d-c11a58f10646', '662aaf34-2fd3-5ab7-ad40-ee6e4862fc2c', 1, 'thousand');
INSERT INTO "vocabulary"."spelling" ("id", "vocabulary_id", "spelling_kind_code", "value") VALUES ('8d37e879-3388-5794-a8f2-de005a64f2aa', '662aaf34-2fd3-5ab7-ad40-ee6e4862fc2c', 'KANJI', '千');
INSERT INTO "vocabulary"."spelling" ("id", "vocabulary_id", "spelling_kind_code", "value") VALUES ('1017c87c-5993-5684-aa9f-2932e79c7dd3', '662aaf34-2fd3-5ab7-ad40-ee6e4862fc2c', 'HIRAGANA', 'せん');
INSERT INTO "vocabulary"."spelling" ("id", "vocabulary_id", "spelling_kind_code", "value") VALUES ('a2919b63-7372-5247-8a2f-72135d6d93aa', '662aaf34-2fd3-5ab7-ad40-ee6e4862fc2c', 'KANJI', '千');
INSERT INTO "vocabulary"."linkages" ("vocabulary_id", "preferred_definition_id", "preferred_spelling_id", "phonetic_spelling_id", "alt_phonetic_spelling_id", "kanji_spelling_id", "conjugation_set_id") VALUES ('662aaf34-2fd3-5ab7-ad40-ee6e4862fc2c', '26a62189-5b10-5199-8b2d-c11a58f10646', '8d37e879-3388-5794-a8f2-de005a64f2aa', '1017c87c-5993-5684-aa9f-2932e79c7dd3', NULL, 'a2919b63-7372-5247-8a2f-72135d6d93aa', NULL);
INSERT INTO "vocabulary"."reference" ("vocabulary_id", "lesson_code") VALUES ('662aaf34-2fd3-5ab7-ad40-ee6e4862fc2c', 'GENKI3_L03');
-- 万 | ten-thousand --;
INSERT INTO "vocabulary"."vocabulary" ("id", "word_class_code", "conjugation_kind_code", "jlpt_level", "row_num", "tags", "date_added") VALUES ('06eedaf7-2c40-54e4-a1ea-669b265fda8d', 'NOUN', NULL, 5, 178, '{number}', '2022-07-24');
INSERT INTO "vocabulary"."definition" ("id", "vocabulary_id", "sort_rank", "value") VALUES ('aec0bc53-16b5-5694-af9f-87a36d8f0432', '06eedaf7-2c40-54e4-a1ea-669b265fda8d', 1, 'ten-thousand');
INSERT INTO "vocabulary"."spelling" ("id", "vocabulary_id", "spelling_kind_code", "value") VALUES ('2938d163-d2c6-51fb-9738-47c06d353d6a', '06eedaf7-2c40-54e4-a1ea-669b265fda8d', 'KANJI', '万');
INSERT INTO "vocabulary"."spelling" ("id", "vocabulary_id", "spelling_kind_code", "value") VALUES ('64098756-e8c8-5a23-8815-84e3a32b008d', '06eedaf7-2c40-54e4-a1ea-669b265fda8d', 'HIRAGANA', 'まん');
INSERT INTO "vocabulary"."spelling" ("id", "vocabulary_id", "spelling_kind_code", "value") VALUES ('286e6b83-90cf-5a1b-88d5-02ff01551808', '06eedaf7-2c40-54e4-a1ea-669b265fda8d', 'KANJI', '万');
INSERT INTO "vocabulary"."linkages" ("vocabulary_id", "preferred_definition_id", "preferred_spelling_id", "phonetic_spelling_id", "alt_phonetic_spelling_id", "kanji_spelling_id", "conjugation_set_id") VALUES ('06eedaf7-2c40-54e4-a1ea-669b265fda8d', 'aec0bc53-16b5-5694-af9f-87a36d8f0432', '2938d163-d2c6-51fb-9738-47c06d353d6a', '64098756-e8c8-5a23-8815-84e3a32b008d', NULL, '286e6b83-90cf-5a1b-88d5-02ff01551808', NULL);
INSERT INTO "vocabulary"."reference" ("vocabulary_id", "lesson_code") VALUES ('06eedaf7-2c40-54e4-a1ea-669b265fda8d', 'GENKI3_L03');
-- 映画 | movie --;
INSERT INTO "vocabulary"."vocabulary" ("id", "word_class_code", "conjugation_kind_code", "jlpt_level", "row_num", "tags", "date_added") VALUES ('b82fa253-fbb7-559c-b127-77d2262df800', 'NOUN', NULL, 5, 179, '{entertainment}', '2022-07-24');
INSERT INTO "vocabulary"."definition" ("id", "vocabulary_id", "sort_rank", "value") VALUES ('afb1b212-1e3b-54b0-a1a3-d73e477154b3', 'b82fa253-fbb7-559c-b127-77d2262df800', 1, 'movie');
INSERT INTO "vocabulary"."spelling" ("id", "vocabulary_id", "spelling_kind_code", "value") VALUES ('4aae969c-f682-5d56-9eb8-7fc685883434', 'b82fa253-fbb7-559c-b127-77d2262df800', 'KANJI', '映画');
INSERT INTO "vocabulary"."spelling" ("id", "vocabulary_id", "spelling_kind_code", "value") VALUES ('b1a3fd17-f559-53e9-bdbc-79db57d0bf88', 'b82fa253-fbb7-559c-b127-77d2262df800', 'HIRAGANA', 'えいが');
INSERT INTO "vocabulary"."spelling" ("id", "vocabulary_id", "spelling_kind_code", "value") VALUES ('37d49906-abcc-5075-9e52-2bc076408535', 'b82fa253-fbb7-559c-b127-77d2262df800', 'KANJI', '映画');
INSERT INTO "vocabulary"."linkages" ("vocabulary_id", "preferred_definition_id", "preferred_spelling_id", "phonetic_spelling_id", "alt_phonetic_spelling_id", "kanji_spelling_id", "conjugation_set_id") VALUES ('b82fa253-fbb7-559c-b127-77d2262df800', 'afb1b212-1e3b-54b0-a1a3-d73e477154b3', '4aae969c-f682-5d56-9eb8-7fc685883434', 'b1a3fd17-f559-53e9-bdbc-79db57d0bf88', NULL, '37d49906-abcc-5075-9e52-2bc076408535', NULL);
INSERT INTO "vocabulary"."reference" ("vocabulary_id", "lesson_code") VALUES ('b82fa253-fbb7-559c-b127-77d2262df800', 'GENKI3_L03');
-- 音楽 | music --;
INSERT INTO "vocabulary"."vocabulary" ("id", "word_class_code", "conjugation_kind_code", "jlpt_level", "row_num", "tags", "date_added") VALUES ('aa05a718-c2a5-5083-9c3d-b0e4d1bd09a8', 'NOUN', NULL, 5, 180, '{entertainment}', '2022-07-24');
INSERT INTO "vocabulary"."definition" ("id", "vocabulary_id", "sort_rank", "value") VALUES ('a1c48256-c7be-54ee-a8cf-6ec7d35208af', 'aa05a718-c2a5-5083-9c3d-b0e4d1bd09a8', 1, 'music');
INSERT INTO "vocabulary"."spelling" ("id", "vocabulary_id", "spelling_kind_code", "value") VALUES ('39b8713b-49c9-5c3b-8d68-1d5ca4f4f69a', 'aa05a718-c2a5-5083-9c3d-b0e4d1bd09a8', 'KANJI', '音楽');
INSERT INTO "vocabulary"."spelling" ("id", "vocabulary_id", "spelling_kind_code", "value") VALUES ('72d55b79-b333-50e8-aaf5-27aad5689dd2', 'aa05a718-c2a5-5083-9c3d-b0e4d1bd09a8', 'HIRAGANA', 'おんがく');
INSERT INTO "vocabulary"."spelling" ("id", "vocabulary_id", "spelling_kind_code", "value") VALUES ('e611dbc0-cb65-5379-a167-2ef46e821d9d', 'aa05a718-c2a5-5083-9c3d-b0e4d1bd09a8', 'KANJI', '音楽');
INSERT INTO "vocabulary"."linkages" ("vocabulary_id", "preferred_definition_id", "preferred_spelling_id", "phonetic_spelling_id", "alt_phonetic_spelling_id", "kanji_spelling_id", "conjugation_set_id") VALUES ('aa05a718-c2a5-5083-9c3d-b0e4d1bd09a8', 'a1c48256-c7be-54ee-a8cf-6ec7d35208af', '39b8713b-49c9-5c3b-8d68-1d5ca4f4f69a', '72d55b79-b333-50e8-aaf5-27aad5689dd2', NULL, 'e611dbc0-cb65-5379-a167-2ef46e821d9d', NULL);
INSERT INTO "vocabulary"."reference" ("vocabulary_id", "lesson_code") VALUES ('aa05a718-c2a5-5083-9c3d-b0e4d1bd09a8', 'GENKI3_L03');
-- 雑誌 | magazine --;
INSERT INTO "vocabulary"."vocabulary" ("id", "word_class_code", "conjugation_kind_code", "jlpt_level", "row_num", "tags", "date_added") VALUES ('3bef2c81-886b-5bbd-9f1b-dfc94288bea2', 'NOUN', NULL, 5, 181, '{entertainment}', '2022-07-24');
INSERT INTO "vocabulary"."definition" ("id", "vocabulary_id", "sort_rank", "value") VALUES ('62af9b7f-5ea1-5645-8169-6cc0ca2d0615', '3bef2c81-886b-5bbd-9f1b-dfc94288bea2', 1, 'magazine');
INSERT INTO "vocabulary"."spelling" ("id", "vocabulary_id", "spelling_kind_code", "value") VALUES ('56537cab-17d4-5d3f-aa85-709c6c01e873', '3bef2c81-886b-5bbd-9f1b-dfc94288bea2', 'KANJI', '雑誌');
INSERT INTO "vocabulary"."spelling" ("id", "vocabulary_id", "spelling_kind_code", "value") VALUES ('9fa01974-1b5b-5580-911a-6736e46e08d6', '3bef2c81-886b-5bbd-9f1b-dfc94288bea2', 'HIRAGANA', 'ざっし');
INSERT INTO "vocabulary"."spelling" ("id", "vocabulary_id", "spelling_kind_code", "value") VALUES ('dfaa7547-8eb8-535a-9f87-384b8e61b2a9', '3bef2c81-886b-5bbd-9f1b-dfc94288bea2', 'KANJI', '雑誌');
INSERT INTO "vocabulary"."linkages" ("vocabulary_id", "preferred_definition_id", "preferred_spelling_id", "phonetic_spelling_id", "alt_phonetic_spelling_id", "kanji_spelling_id", "conjugation_set_id") VALUES ('3bef2c81-886b-5bbd-9f1b-dfc94288bea2', '62af9b7f-5ea1-5645-8169-6cc0ca2d0615', '56537cab-17d4-5d3f-aa85-709c6c01e873', '9fa01974-1b5b-5580-911a-6736e46e08d6', NULL, 'dfaa7547-8eb8-535a-9f87-384b8e61b2a9', NULL);
INSERT INTO "vocabulary"."reference" ("vocabulary_id", "lesson_code") VALUES ('3bef2c81-886b-5bbd-9f1b-dfc94288bea2', 'GENKI3_L03');
-- スポーツ | sports --;
INSERT INTO "vocabulary"."vocabulary" ("id", "word_class_code", "conjugation_kind_code", "jlpt_level", "row_num", "tags", "date_added") VALUES ('bbf5a302-a23c-5142-b721-2aa90ff1e8dc', 'NOUN', NULL, 5, 182, '{entertainment}', '2022-07-24');
INSERT INTO "vocabulary"."definition" ("id", "vocabulary_id", "sort_rank", "value") VALUES ('77fa23ca-1494-52b3-a47c-b16dfa2f484d', 'bbf5a302-a23c-5142-b721-2aa90ff1e8dc', 1, 'sports');
INSERT INTO "vocabulary"."spelling" ("id", "vocabulary_id", "spelling_kind_code", "value") VALUES ('af7e1e1b-76e1-54c0-9087-5bc91013aedc', 'bbf5a302-a23c-5142-b721-2aa90ff1e8dc', 'KATAKANA', 'スポーツ');
INSERT INTO "vocabulary"."spelling" ("id", "vocabulary_id", "spelling_kind_code", "value") VALUES ('856543ca-d41f-594b-abc2-b552cd903a62', 'bbf5a302-a23c-5142-b721-2aa90ff1e8dc', 'HIRAGANA', 'すぽおつ');
INSERT INTO "vocabulary"."linkages" ("vocabulary_id", "preferred_definition_id", "preferred_spelling_id", "phonetic_spelling_id", "alt_phonetic_spelling_id", "kanji_spelling_id", "conjugation_set_id") VALUES ('bbf5a302-a23c-5142-b721-2aa90ff1e8dc', '77fa23ca-1494-52b3-a47c-b16dfa2f484d', 'af7e1e1b-76e1-54c0-9087-5bc91013aedc', '856543ca-d41f-594b-abc2-b552cd903a62', NULL, NULL, NULL);
INSERT INTO "vocabulary"."reference" ("vocabulary_id", "lesson_code") VALUES ('bbf5a302-a23c-5142-b721-2aa90ff1e8dc', 'GENKI3_L03');
-- デート | date (romantic) --;
INSERT INTO "vocabulary"."vocabulary" ("id", "word_class_code", "conjugation_kind_code", "jlpt_level", "row_num", "tags", "date_added") VALUES ('738002f3-36da-5668-8a8b-46415de8cd52', 'NOUN', NULL, 3, 183, '{entertainment}', '2022-07-24');
INSERT INTO "vocabulary"."definition" ("id", "vocabulary_id", "sort_rank", "value") VALUES ('98cecc42-0734-59bd-9b78-528e565ab9ec', '738002f3-36da-5668-8a8b-46415de8cd52', 1, 'date (romantic)');
INSERT INTO "vocabulary"."spelling" ("id", "vocabulary_id", "spelling_kind_code", "value") VALUES ('8d735046-6a09-55cb-8841-8a53089f3e2d', '738002f3-36da-5668-8a8b-46415de8cd52', 'KATAKANA', 'デート');
INSERT INTO "vocabulary"."spelling" ("id", "vocabulary_id", "spelling_kind_code", "value") VALUES ('3cdc0668-26f0-569c-b29a-35ad448d5aaf', '738002f3-36da-5668-8a8b-46415de8cd52', 'HIRAGANA', 'でえと');
INSERT INTO "vocabulary"."linkages" ("vocabulary_id", "preferred_definition_id", "preferred_spelling_id", "phonetic_spelling_id", "alt_phonetic_spelling_id", "kanji_spelling_id", "conjugation_set_id") VALUES ('738002f3-36da-5668-8a8b-46415de8cd52', '98cecc42-0734-59bd-9b78-528e565ab9ec', '8d735046-6a09-55cb-8841-8a53089f3e2d', '3cdc0668-26f0-569c-b29a-35ad448d5aaf', NULL, NULL, NULL);
INSERT INTO "vocabulary"."reference" ("vocabulary_id", "lesson_code") VALUES ('738002f3-36da-5668-8a8b-46415de8cd52', 'GENKI3_L03');
-- テニス | tennis --;
INSERT INTO "vocabulary"."vocabulary" ("id", "word_class_code", "conjugation_kind_code", "jlpt_level", "row_num", "tags", "date_added") VALUES ('8f790b97-9843-5efe-b338-e1c37618c616', 'NOUN', NULL, 4, 184, '{entertainment}', '2022-07-24');
INSERT INTO "vocabulary"."definition" ("id", "vocabulary_id", "sort_rank", "value") VALUES ('fa9b0206-1dd9-5355-b50f-9fe65660827a', '8f790b97-9843-5efe-b338-e1c37618c616', 1, 'tennis');
INSERT INTO "vocabulary"."spelling" ("id", "vocabulary_id", "spelling_kind_code", "value") VALUES ('f6fc5ee6-11ee-5d5b-bab4-e14a0ed8fe5c', '8f790b97-9843-5efe-b338-e1c37618c616', 'KATAKANA', 'テニス');
INSERT INTO "vocabulary"."spelling" ("id", "vocabulary_id", "spelling_kind_code", "value") VALUES ('6cc10e52-417b-50c1-87f6-7bafca574f3d', '8f790b97-9843-5efe-b338-e1c37618c616', 'HIRAGANA', 'てにす');
INSERT INTO "vocabulary"."linkages" ("vocabulary_id", "preferred_definition_id", "preferred_spelling_id", "phonetic_spelling_id", "alt_phonetic_spelling_id", "kanji_spelling_id", "conjugation_set_id") VALUES ('8f790b97-9843-5efe-b338-e1c37618c616', 'fa9b0206-1dd9-5355-b50f-9fe65660827a', 'f6fc5ee6-11ee-5d5b-bab4-e14a0ed8fe5c', '6cc10e52-417b-50c1-87f6-7bafca574f3d', NULL, NULL, NULL);
INSERT INTO "vocabulary"."reference" ("vocabulary_id", "lesson_code") VALUES ('8f790b97-9843-5efe-b338-e1c37618c616', 'GENKI3_L03');
-- テレビ | TV --;
INSERT INTO "vocabulary"."vocabulary" ("id", "word_class_code", "conjugation_kind_code", "jlpt_level", "row_num", "tags", "date_added") VALUES ('5ca8a07b-ac34-5789-ab4a-8bd29d51929c', 'NOUN', NULL, 5, 185, '{entertainment}', '2022-07-24');
INSERT INTO "vocabulary"."definition" ("id", "vocabulary_id", "sort_rank", "value") VALUES ('056509e9-06b8-5185-a3c6-2f1f7ed3fc4e', '5ca8a07b-ac34-5789-ab4a-8bd29d51929c', 1, 'TV');
INSERT INTO "vocabulary"."spelling" ("id", "vocabulary_id", "spelling_kind_code", "value") VALUES ('b9e17750-fb09-5052-8504-90550a396367', '5ca8a07b-ac34-5789-ab4a-8bd29d51929c', 'KATAKANA', 'テレビ');
INSERT INTO "vocabulary"."spelling" ("id", "vocabulary_id", "spelling_kind_code", "value") VALUES ('6cbbf73e-ffd0-5318-a009-10707ece949a', '5ca8a07b-ac34-5789-ab4a-8bd29d51929c', 'HIRAGANA', 'てれび');
INSERT INTO "vocabulary"."linkages" ("vocabulary_id", "preferred_definition_id", "preferred_spelling_id", "phonetic_spelling_id", "alt_phonetic_spelling_id", "kanji_spelling_id", "conjugation_set_id") VALUES ('5ca8a07b-ac34-5789-ab4a-8bd29d51929c', '056509e9-06b8-5185-a3c6-2f1f7ed3fc4e', 'b9e17750-fb09-5052-8504-90550a396367', '6cbbf73e-ffd0-5318-a009-10707ece949a', NULL, NULL, NULL);
INSERT INTO "vocabulary"."reference" ("vocabulary_id", "lesson_code") VALUES ('5ca8a07b-ac34-5789-ab4a-8bd29d51929c', 'GENKI3_L03');
-- アイスクリーム | ice cream --;
INSERT INTO "vocabulary"."vocabulary" ("id", "word_class_code", "conjugation_kind_code", "jlpt_level", "row_num", "tags", "date_added") VALUES ('b3e732b3-61c4-574d-8901-b1c74076b5ea', 'NOUN', NULL, 3, 186, '{food}', '2022-07-24');
INSERT INTO "vocabulary"."definition" ("id", "vocabulary_id", "sort_rank", "value") VALUES ('77ecffe9-3fc5-5665-9cea-d821358a4d3b', 'b3e732b3-61c4-574d-8901-b1c74076b5ea', 1, 'ice cream');
INSERT INTO "vocabulary"."spelling" ("id", "vocabulary_id", "spelling_kind_code", "value") VALUES ('86c71494-24d4-552a-b3c8-24381654098b', 'b3e732b3-61c4-574d-8901-b1c74076b5ea', 'KATAKANA', 'アイスクリーム');
INSERT INTO "vocabulary"."spelling" ("id", "vocabulary_id", "spelling_kind_code", "value") VALUES ('9e5894c8-46dd-5b5f-ac6f-314ab3997c9d', 'b3e732b3-61c4-574d-8901-b1c74076b5ea', 'HIRAGANA', 'あいすくりいむ');
INSERT INTO "vocabulary"."linkages" ("vocabulary_id", "preferred_definition_id", "preferred_spelling_id", "phonetic_spelling_id", "alt_phonetic_spelling_id", "kanji_spelling_id", "conjugation_set_id") VALUES ('b3e732b3-61c4-574d-8901-b1c74076b5ea', '77ecffe9-3fc5-5665-9cea-d821358a4d3b', '86c71494-24d4-552a-b3c8-24381654098b', '9e5894c8-46dd-5b5f-ac6f-314ab3997c9d', NULL, NULL, NULL);
INSERT INTO "vocabulary"."reference" ("vocabulary_id", "lesson_code") VALUES ('b3e732b3-61c4-574d-8901-b1c74076b5ea', 'GENKI3_L03');
-- ハンバーガー | hamburger --;
INSERT INTO "vocabulary"."vocabulary" ("id", "word_class_code", "conjugation_kind_code", "jlpt_level", "row_num", "tags", "date_added") VALUES ('720a22a5-3132-56e6-8380-03a20e2a4af1', 'NOUN', NULL, NULL, 187, '{food}', '2022-07-24');
INSERT INTO "vocabulary"."definition" ("id", "vocabulary_id", "sort_rank", "value") VALUES ('011399ab-93c2-5ddf-9141-fcc1375ca093', '720a22a5-3132-56e6-8380-03a20e2a4af1', 1, 'hamburger');
INSERT INTO "vocabulary"."spelling" ("id", "vocabulary_id", "spelling_kind_code", "value") VALUES ('c9c8d3d2-2f66-5b55-a2c8-bfa8d5bd46df', '720a22a5-3132-56e6-8380-03a20e2a4af1', 'KATAKANA', 'ハンバーガー');
INSERT INTO "vocabulary"."spelling" ("id", "vocabulary_id", "spelling_kind_code", "value") VALUES ('0df076bb-c35b-5aab-8c10-f230ce7c2387', '720a22a5-3132-56e6-8380-03a20e2a4af1', 'HIRAGANA', 'はんばあがあ');
INSERT INTO "vocabulary"."linkages" ("vocabulary_id", "preferred_definition_id", "preferred_spelling_id", "phonetic_spelling_id", "alt_phonetic_spelling_id", "kanji_spelling_id", "conjugation_set_id") VALUES ('720a22a5-3132-56e6-8380-03a20e2a4af1', '011399ab-93c2-5ddf-9141-fcc1375ca093', 'c9c8d3d2-2f66-5b55-a2c8-bfa8d5bd46df', '0df076bb-c35b-5aab-8c10-f230ce7c2387', NULL, NULL, NULL);
INSERT INTO "vocabulary"."reference" ("vocabulary_id", "lesson_code") VALUES ('720a22a5-3132-56e6-8380-03a20e2a4af1', 'GENKI3_L03');
-- お酒 | sake; alcohol --;
INSERT INTO "vocabulary"."vocabulary" ("id", "word_class_code", "conjugation_kind_code", "jlpt_level", "row_num", "tags", "date_added") VALUES ('dbf81e7a-c846-5129-b017-a31ad90eb752', 'NOUN', NULL, 5, 188, '{food}', '2022-07-24');
INSERT INTO "vocabulary"."definition" ("id", "vocabulary_id", "sort_rank", "value") VALUES ('213da779-7424-5804-829b-2e835e85c3df', 'dbf81e7a-c846-5129-b017-a31ad90eb752', 1, 'sake; alcohol');
INSERT INTO "vocabulary"."spelling" ("id", "vocabulary_id", "spelling_kind_code", "value") VALUES ('45624a06-035a-51e5-b9f3-28e5f26618e1', 'dbf81e7a-c846-5129-b017-a31ad90eb752', 'KANJI', 'お酒');
INSERT INTO "vocabulary"."spelling" ("id", "vocabulary_id", "spelling_kind_code", "value") VALUES ('bc0acedf-2c8f-548b-93aa-0b8cb3ccda34', 'dbf81e7a-c846-5129-b017-a31ad90eb752', 'HIRAGANA', 'おさけ');
INSERT INTO "vocabulary"."spelling" ("id", "vocabulary_id", "spelling_kind_code", "value") VALUES ('8fe9d338-8197-595e-92f4-b67fa0e8b231', 'dbf81e7a-c846-5129-b017-a31ad90eb752', 'KANJI', 'お酒');
INSERT INTO "vocabulary"."linkages" ("vocabulary_id", "preferred_definition_id", "preferred_spelling_id", "phonetic_spelling_id", "alt_phonetic_spelling_id", "kanji_spelling_id", "conjugation_set_id") VALUES ('dbf81e7a-c846-5129-b017-a31ad90eb752', '213da779-7424-5804-829b-2e835e85c3df', '45624a06-035a-51e5-b9f3-28e5f26618e1', 'bc0acedf-2c8f-548b-93aa-0b8cb3ccda34', NULL, '8fe9d338-8197-595e-92f4-b67fa0e8b231', NULL);
INSERT INTO "vocabulary"."reference" ("vocabulary_id", "lesson_code") VALUES ('dbf81e7a-c846-5129-b017-a31ad90eb752', 'DUO_01_02');
INSERT INTO "vocabulary"."reference" ("vocabulary_id", "lesson_code") VALUES ('dbf81e7a-c846-5129-b017-a31ad90eb752', 'DUO_U01');
INSERT INTO "vocabulary"."reference" ("vocabulary_id", "lesson_code") VALUES ('dbf81e7a-c846-5129-b017-a31ad90eb752', 'GENKI3_L03');
-- お茶 | green tea --;
INSERT INTO "vocabulary"."vocabulary" ("id", "word_class_code", "conjugation_kind_code", "jlpt_level", "row_num", "tags", "date_added") VALUES ('4b6153f0-1c2e-5330-94dc-e71afa17d386', 'NOUN', NULL, 5, 189, '{food}', '2022-07-24');
INSERT INTO "vocabulary"."definition" ("id", "vocabulary_id", "sort_rank", "value") VALUES ('056c6a79-6f65-57a5-8481-694d4cd88f1b', '4b6153f0-1c2e-5330-94dc-e71afa17d386', 1, 'green tea');
INSERT INTO "vocabulary"."spelling" ("id", "vocabulary_id", "spelling_kind_code", "value") VALUES ('46844d8e-e657-5663-8e28-9b048a3d8d8e', '4b6153f0-1c2e-5330-94dc-e71afa17d386', 'KANJI', 'お茶');
INSERT INTO "vocabulary"."spelling" ("id", "vocabulary_id", "spelling_kind_code", "value") VALUES ('6e95db7c-175e-5a7f-bac9-b2fc24025c15', '4b6153f0-1c2e-5330-94dc-e71afa17d386', 'HIRAGANA', 'おちゃ');
INSERT INTO "vocabulary"."spelling" ("id", "vocabulary_id", "spelling_kind_code", "value") VALUES ('f5bd1c7c-149e-526f-8316-1e4243d1566f', '4b6153f0-1c2e-5330-94dc-e71afa17d386', 'KANJI', 'お茶');
INSERT INTO "vocabulary"."linkages" ("vocabulary_id", "preferred_definition_id", "preferred_spelling_id", "phonetic_spelling_id", "alt_phonetic_spelling_id", "kanji_spelling_id", "conjugation_set_id") VALUES ('4b6153f0-1c2e-5330-94dc-e71afa17d386', '056c6a79-6f65-57a5-8481-694d4cd88f1b', '46844d8e-e657-5663-8e28-9b048a3d8d8e', '6e95db7c-175e-5a7f-bac9-b2fc24025c15', NULL, 'f5bd1c7c-149e-526f-8316-1e4243d1566f', NULL);
INSERT INTO "vocabulary"."reference" ("vocabulary_id", "lesson_code") VALUES ('4b6153f0-1c2e-5330-94dc-e71afa17d386', 'DUO_01_04');
INSERT INTO "vocabulary"."reference" ("vocabulary_id", "lesson_code") VALUES ('4b6153f0-1c2e-5330-94dc-e71afa17d386', 'DUO_U02');
INSERT INTO "vocabulary"."reference" ("vocabulary_id", "lesson_code") VALUES ('4b6153f0-1c2e-5330-94dc-e71afa17d386', 'GENKI3_L03');
-- コーヒー | coffee --;
INSERT INTO "vocabulary"."vocabulary" ("id", "word_class_code", "conjugation_kind_code", "jlpt_level", "row_num", "tags", "date_added") VALUES ('c675acf7-4ab1-5a0a-beb3-e65aff83932a', 'NOUN', NULL, 5, 190, '{food}', '2022-07-24');
INSERT INTO "vocabulary"."definition" ("id", "vocabulary_id", "sort_rank", "value") VALUES ('6ec319f3-a284-588f-8f74-f23212f113f4', 'c675acf7-4ab1-5a0a-beb3-e65aff83932a', 1, 'coffee');
INSERT INTO "vocabulary"."spelling" ("id", "vocabulary_id", "spelling_kind_code", "value") VALUES ('42dc81c2-5757-5600-8db5-fb65df0cbfb7', 'c675acf7-4ab1-5a0a-beb3-e65aff83932a', 'KATAKANA', 'コーヒー');
INSERT INTO "vocabulary"."spelling" ("id", "vocabulary_id", "spelling_kind_code", "value") VALUES ('98788bea-a32a-503d-9ec3-0f0871fc66c4', 'c675acf7-4ab1-5a0a-beb3-e65aff83932a', 'HIRAGANA', 'こおひい');
INSERT INTO "vocabulary"."linkages" ("vocabulary_id", "preferred_definition_id", "preferred_spelling_id", "phonetic_spelling_id", "alt_phonetic_spelling_id", "kanji_spelling_id", "conjugation_set_id") VALUES ('c675acf7-4ab1-5a0a-beb3-e65aff83932a', '6ec319f3-a284-588f-8f74-f23212f113f4', '42dc81c2-5757-5600-8db5-fb65df0cbfb7', '98788bea-a32a-503d-9ec3-0f0871fc66c4', NULL, NULL, NULL);
INSERT INTO "vocabulary"."reference" ("vocabulary_id", "lesson_code") VALUES ('c675acf7-4ab1-5a0a-beb3-e65aff83932a', 'GENKI3_L03');
-- 水 | water; cold water --;
INSERT INTO "vocabulary"."vocabulary" ("id", "word_class_code", "conjugation_kind_code", "jlpt_level", "row_num", "tags", "date_added") VALUES ('ff69f94e-49fa-5015-a8e8-6bdab429f087', 'NOUN', NULL, 5, 191, '{food,water}', '2022-07-24');
INSERT INTO "vocabulary"."definition" ("id", "vocabulary_id", "sort_rank", "value") VALUES ('c1725f64-5e0a-56b2-8961-2433e969a4af', 'ff69f94e-49fa-5015-a8e8-6bdab429f087', 1, 'water; cold water');
INSERT INTO "vocabulary"."spelling" ("id", "vocabulary_id", "spelling_kind_code", "value") VALUES ('aa8b89bf-74ad-5990-9f92-825ea9d60f1c', 'ff69f94e-49fa-5015-a8e8-6bdab429f087', 'KANJI', '水');
INSERT INTO "vocabulary"."spelling" ("id", "vocabulary_id", "spelling_kind_code", "value") VALUES ('3cac88a1-b430-5475-8af9-f782af60ec3e', 'ff69f94e-49fa-5015-a8e8-6bdab429f087', 'HIRAGANA', 'みず');
INSERT INTO "vocabulary"."spelling" ("id", "vocabulary_id", "spelling_kind_code", "value") VALUES ('457d6c5b-f2e2-53ce-ac4e-2aa277fcb9f5', 'ff69f94e-49fa-5015-a8e8-6bdab429f087', 'KANJI', '水');
INSERT INTO "vocabulary"."linkages" ("vocabulary_id", "preferred_definition_id", "preferred_spelling_id", "phonetic_spelling_id", "alt_phonetic_spelling_id", "kanji_spelling_id", "conjugation_set_id") VALUES ('ff69f94e-49fa-5015-a8e8-6bdab429f087', 'c1725f64-5e0a-56b2-8961-2433e969a4af', 'aa8b89bf-74ad-5990-9f92-825ea9d60f1c', '3cac88a1-b430-5475-8af9-f782af60ec3e', NULL, '457d6c5b-f2e2-53ce-ac4e-2aa277fcb9f5', NULL);
INSERT INTO "vocabulary"."reference" ("vocabulary_id", "lesson_code") VALUES ('ff69f94e-49fa-5015-a8e8-6bdab429f087', 'GENKI3_L03');
-- 朝ご飯 | breakfast --;
INSERT INTO "vocabulary"."vocabulary" ("id", "word_class_code", "conjugation_kind_code", "jlpt_level", "row_num", "tags", "date_added") VALUES ('455c3d21-e4c5-5cae-a4b1-2f4a0b988e50', 'NOUN', NULL, 5, 192, '{food}', '2022-07-24');
INSERT INTO "vocabulary"."definition" ("id", "vocabulary_id", "sort_rank", "value") VALUES ('581e3e7a-72de-507c-b810-6174adb3f7f4', '455c3d21-e4c5-5cae-a4b1-2f4a0b988e50', 1, 'breakfast');
INSERT INTO "vocabulary"."spelling" ("id", "vocabulary_id", "spelling_kind_code", "value") VALUES ('7c3e5265-4e28-58ec-9fd6-d3b32889d7a4', '455c3d21-e4c5-5cae-a4b1-2f4a0b988e50', 'KANJI', '朝ご飯');
INSERT INTO "vocabulary"."spelling" ("id", "vocabulary_id", "spelling_kind_code", "value") VALUES ('c7e8c941-632a-5882-93ed-4f3de57fb319', '455c3d21-e4c5-5cae-a4b1-2f4a0b988e50', 'HIRAGANA', 'あさごはん');
INSERT INTO "vocabulary"."spelling" ("id", "vocabulary_id", "spelling_kind_code", "value") VALUES ('a834dd0e-ae8b-5531-ae8d-e0fc7ee7add2', '455c3d21-e4c5-5cae-a4b1-2f4a0b988e50', 'KANJI', '朝ご飯');
INSERT INTO "vocabulary"."linkages" ("vocabulary_id", "preferred_definition_id", "preferred_spelling_id", "phonetic_spelling_id", "alt_phonetic_spelling_id", "kanji_spelling_id", "conjugation_set_id") VALUES ('455c3d21-e4c5-5cae-a4b1-2f4a0b988e50', '581e3e7a-72de-507c-b810-6174adb3f7f4', '7c3e5265-4e28-58ec-9fd6-d3b32889d7a4', 'c7e8c941-632a-5882-93ed-4f3de57fb319', NULL, 'a834dd0e-ae8b-5531-ae8d-e0fc7ee7add2', NULL);
INSERT INTO "vocabulary"."reference" ("vocabulary_id", "lesson_code") VALUES ('455c3d21-e4c5-5cae-a4b1-2f4a0b988e50', 'GENKI3_L03');
-- 昼ご飯 | lunch --;
INSERT INTO "vocabulary"."vocabulary" ("id", "word_class_code", "conjugation_kind_code", "jlpt_level", "row_num", "tags", "date_added") VALUES ('43903683-a322-530c-88e1-a1c406296be6', 'NOUN', NULL, 5, 193, '{food}', '2022-07-24');
INSERT INTO "vocabulary"."definition" ("id", "vocabulary_id", "sort_rank", "value") VALUES ('c3b94bed-62b7-5a5e-aa43-cf34cd39c5d3', '43903683-a322-530c-88e1-a1c406296be6', 1, 'lunch');
INSERT INTO "vocabulary"."spelling" ("id", "vocabulary_id", "spelling_kind_code", "value") VALUES ('7fa0f793-b187-5b8c-b6d5-1695e03a8e38', '43903683-a322-530c-88e1-a1c406296be6', 'KANJI', '昼ご飯');
INSERT INTO "vocabulary"."spelling" ("id", "vocabulary_id", "spelling_kind_code", "value") VALUES ('8fec06ef-b002-523b-93fb-71f4299bd31e', '43903683-a322-530c-88e1-a1c406296be6', 'HIRAGANA', 'ひるごはん');
INSERT INTO "vocabulary"."spelling" ("id", "vocabulary_id", "spelling_kind_code", "value") VALUES ('e7a6e3f0-ddef-507f-b307-1897345fcc83', '43903683-a322-530c-88e1-a1c406296be6', 'KANJI', '昼ご飯');
INSERT INTO "vocabulary"."linkages" ("vocabulary_id", "preferred_definition_id", "preferred_spelling_id", "phonetic_spelling_id", "alt_phonetic_spelling_id", "kanji_spelling_id", "conjugation_set_id") VALUES ('43903683-a322-530c-88e1-a1c406296be6', 'c3b94bed-62b7-5a5e-aa43-cf34cd39c5d3', '7fa0f793-b187-5b8c-b6d5-1695e03a8e38', '8fec06ef-b002-523b-93fb-71f4299bd31e', NULL, 'e7a6e3f0-ddef-507f-b307-1897345fcc83', NULL);
INSERT INTO "vocabulary"."reference" ("vocabulary_id", "lesson_code") VALUES ('43903683-a322-530c-88e1-a1c406296be6', 'GENKI3_L03');
-- 晩御飯 | dinner --;
INSERT INTO "vocabulary"."vocabulary" ("id", "word_class_code", "conjugation_kind_code", "jlpt_level", "row_num", "tags", "date_added") VALUES ('4e1fc6f4-772d-5a1f-8391-5453bcbf4817', 'NOUN', NULL, 5, 194, '{food}', '2022-07-24');
INSERT INTO "vocabulary"."definition" ("id", "vocabulary_id", "sort_rank", "value") VALUES ('b68cdf5e-bc9c-549d-8b3a-3ec42f622692', '4e1fc6f4-772d-5a1f-8391-5453bcbf4817', 1, 'dinner');
INSERT INTO "vocabulary"."spelling" ("id", "vocabulary_id", "spelling_kind_code", "value") VALUES ('dfc887d1-c851-586f-9b75-bc832a01f1ce', '4e1fc6f4-772d-5a1f-8391-5453bcbf4817', 'KANJI', '晩御飯');
INSERT INTO "vocabulary"."spelling" ("id", "vocabulary_id", "spelling_kind_code", "value") VALUES ('c1e71edc-4aff-5e4d-bf94-559bfae34f0a', '4e1fc6f4-772d-5a1f-8391-5453bcbf4817', 'HIRAGANA', 'ばんごはん');
INSERT INTO "vocabulary"."spelling" ("id", "vocabulary_id", "spelling_kind_code", "value") VALUES ('1b5bc0e6-aae6-5996-95c6-8a9a46e32090', '4e1fc6f4-772d-5a1f-8391-5453bcbf4817', 'KANJI', '晩御飯');
INSERT INTO "vocabulary"."linkages" ("vocabulary_id", "preferred_definition_id", "preferred_spelling_id", "phonetic_spelling_id", "alt_phonetic_spelling_id", "kanji_spelling_id", "conjugation_set_id") VALUES ('4e1fc6f4-772d-5a1f-8391-5453bcbf4817', 'b68cdf5e-bc9c-549d-8b3a-3ec42f622692', 'dfc887d1-c851-586f-9b75-bc832a01f1ce', 'c1e71edc-4aff-5e4d-bf94-559bfae34f0a', NULL, '1b5bc0e6-aae6-5996-95c6-8a9a46e32090', NULL);
INSERT INTO "vocabulary"."reference" ("vocabulary_id", "lesson_code") VALUES ('4e1fc6f4-772d-5a1f-8391-5453bcbf4817', 'GENKI3_L03');
-- 家 | home; house --;
INSERT INTO "vocabulary"."vocabulary" ("id", "word_class_code", "conjugation_kind_code", "jlpt_level", "row_num", "tags", "date_added") VALUES ('e6aa13b6-6f6a-57db-8433-701ba55fa918', 'NOUN', NULL, 5, 195, '{place}', '2022-07-24');
INSERT INTO "vocabulary"."definition" ("id", "vocabulary_id", "sort_rank", "value") VALUES ('8fb320c1-499d-5e35-a637-cfca897c648c', 'e6aa13b6-6f6a-57db-8433-701ba55fa918', 1, 'home; house');
INSERT INTO "vocabulary"."spelling" ("id", "vocabulary_id", "spelling_kind_code", "value") VALUES ('ec6813d2-a7d2-5c3c-8180-f9c4491b3168', 'e6aa13b6-6f6a-57db-8433-701ba55fa918', 'KANJI', '家');
INSERT INTO "vocabulary"."spelling" ("id", "vocabulary_id", "spelling_kind_code", "value") VALUES ('af93520a-a3ee-5652-9998-7db2633da2c7', 'e6aa13b6-6f6a-57db-8433-701ba55fa918', 'HIRAGANA', 'いえ');
INSERT INTO "vocabulary"."spelling" ("id", "vocabulary_id", "spelling_kind_code", "value") VALUES ('3f6b6010-e217-5fbb-92fd-c7f4fed4c848', 'e6aa13b6-6f6a-57db-8433-701ba55fa918', 'KANJI', '家');
INSERT INTO "vocabulary"."linkages" ("vocabulary_id", "preferred_definition_id", "preferred_spelling_id", "phonetic_spelling_id", "alt_phonetic_spelling_id", "kanji_spelling_id", "conjugation_set_id") VALUES ('e6aa13b6-6f6a-57db-8433-701ba55fa918', '8fb320c1-499d-5e35-a637-cfca897c648c', 'ec6813d2-a7d2-5c3c-8180-f9c4491b3168', 'af93520a-a3ee-5652-9998-7db2633da2c7', NULL, '3f6b6010-e217-5fbb-92fd-c7f4fed4c848', NULL);
INSERT INTO "vocabulary"."reference" ("vocabulary_id", "lesson_code") VALUES ('e6aa13b6-6f6a-57db-8433-701ba55fa918', 'DUO_02_04');
INSERT INTO "vocabulary"."reference" ("vocabulary_id", "lesson_code") VALUES ('e6aa13b6-6f6a-57db-8433-701ba55fa918', 'DUO_U07');
INSERT INTO "vocabulary"."reference" ("vocabulary_id", "lesson_code") VALUES ('e6aa13b6-6f6a-57db-8433-701ba55fa918', 'GENKI3_L03');
-- うち | my place --;
INSERT INTO "vocabulary"."vocabulary" ("id", "word_class_code", "conjugation_kind_code", "jlpt_level", "row_num", "tags", "date_added") VALUES ('522046f3-2cfa-565e-a8d5-15f048b49776', 'NOUN', NULL, NULL, 196, '{place}', '2022-07-24');
INSERT INTO "vocabulary"."definition" ("id", "vocabulary_id", "sort_rank", "value") VALUES ('f6bcb167-86e0-5985-aeec-8f9db8e91087', '522046f3-2cfa-565e-a8d5-15f048b49776', 1, 'my place');
INSERT INTO "vocabulary"."spelling" ("id", "vocabulary_id", "spelling_kind_code", "value") VALUES ('e4228c33-04d8-5187-8697-77df874c9557', '522046f3-2cfa-565e-a8d5-15f048b49776', 'HIRAGANA', 'うち');
INSERT INTO "vocabulary"."spelling" ("id", "vocabulary_id", "spelling_kind_code", "value") VALUES ('91caa7de-49ca-55cb-83ec-320cc657cd44', '522046f3-2cfa-565e-a8d5-15f048b49776', 'HIRAGANA', 'うち');
INSERT INTO "vocabulary"."linkages" ("vocabulary_id", "preferred_definition_id", "preferred_spelling_id", "phonetic_spelling_id", "alt_phonetic_spelling_id", "kanji_spelling_id", "conjugation_set_id") VALUES ('522046f3-2cfa-565e-a8d5-15f048b49776', 'f6bcb167-86e0-5985-aeec-8f9db8e91087', 'e4228c33-04d8-5187-8697-77df874c9557', '91caa7de-49ca-55cb-83ec-320cc657cd44', NULL, NULL, NULL);
INSERT INTO "vocabulary"."reference" ("vocabulary_id", "lesson_code") VALUES ('522046f3-2cfa-565e-a8d5-15f048b49776', 'GENKI3_L03');
-- カフェ | cafe --;
INSERT INTO "vocabulary"."vocabulary" ("id", "word_class_code", "conjugation_kind_code", "jlpt_level", "row_num", "tags", "date_added") VALUES ('c5ebd7d9-06b2-596e-96f5-7366810ea78c', 'NOUN', NULL, NULL, 197, '{place}', '2022-07-24');
INSERT INTO "vocabulary"."definition" ("id", "vocabulary_id", "sort_rank", "value") VALUES ('b3fe18f2-6831-5a02-baeb-4d1dc5867944', 'c5ebd7d9-06b2-596e-96f5-7366810ea78c', 1, 'cafe');
INSERT INTO "vocabulary"."spelling" ("id", "vocabulary_id", "spelling_kind_code", "value") VALUES ('42b8ec37-7576-5d36-8309-3fa640046f14', 'c5ebd7d9-06b2-596e-96f5-7366810ea78c', 'KATAKANA', 'カフェ');
INSERT INTO "vocabulary"."spelling" ("id", "vocabulary_id", "spelling_kind_code", "value") VALUES ('9700b6d9-aa0a-5e15-851e-1319e473a746', 'c5ebd7d9-06b2-596e-96f5-7366810ea78c', 'HIRAGANA', 'かふぇ');
INSERT INTO "vocabulary"."linkages" ("vocabulary_id", "preferred_definition_id", "preferred_spelling_id", "phonetic_spelling_id", "alt_phonetic_spelling_id", "kanji_spelling_id", "conjugation_set_id") VALUES ('c5ebd7d9-06b2-596e-96f5-7366810ea78c', 'b3fe18f2-6831-5a02-baeb-4d1dc5867944', '42b8ec37-7576-5d36-8309-3fa640046f14', '9700b6d9-aa0a-5e15-851e-1319e473a746', NULL, NULL, NULL);
INSERT INTO "vocabulary"."reference" ("vocabulary_id", "lesson_code") VALUES ('c5ebd7d9-06b2-596e-96f5-7366810ea78c', 'GENKI3_L03');
-- 昼 | datyime; noon, middday --;
INSERT INTO "vocabulary"."vocabulary" ("id", "word_class_code", "conjugation_kind_code", "jlpt_level", "row_num", "tags", "date_added") VALUES ('31496757-bfb5-571a-af27-27f055912c92', 'NOUN', NULL, 5, 198, '{time}', '2022-08-12');
INSERT INTO "vocabulary"."definition" ("id", "vocabulary_id", "sort_rank", "value") VALUES ('e7e8559c-999f-504e-afb5-84c134ff3127', '31496757-bfb5-571a-af27-27f055912c92', 1, 'datyime; noon, middday');
INSERT INTO "vocabulary"."spelling" ("id", "vocabulary_id", "spelling_kind_code", "value") VALUES ('86fa0cd9-795d-5ea5-bfdd-21854a064b4f', '31496757-bfb5-571a-af27-27f055912c92', 'KANJI', '昼');
INSERT INTO "vocabulary"."spelling" ("id", "vocabulary_id", "spelling_kind_code", "value") VALUES ('95c10024-3244-5177-87df-861b682642b4', '31496757-bfb5-571a-af27-27f055912c92', 'HIRAGANA', 'ひる');
INSERT INTO "vocabulary"."spelling" ("id", "vocabulary_id", "spelling_kind_code", "value") VALUES ('437835c4-2c7c-5bde-bfde-7895d133c69b', '31496757-bfb5-571a-af27-27f055912c92', 'KANJI', '昼');
INSERT INTO "vocabulary"."linkages" ("vocabulary_id", "preferred_definition_id", "preferred_spelling_id", "phonetic_spelling_id", "alt_phonetic_spelling_id", "kanji_spelling_id", "conjugation_set_id") VALUES ('31496757-bfb5-571a-af27-27f055912c92', 'e7e8559c-999f-504e-afb5-84c134ff3127', '86fa0cd9-795d-5ea5-bfdd-21854a064b4f', '95c10024-3244-5177-87df-861b682642b4', NULL, '437835c4-2c7c-5bde-bfde-7895d133c69b', NULL);
INSERT INTO "vocabulary"."reference" ("vocabulary_id", "lesson_code") VALUES ('31496757-bfb5-571a-af27-27f055912c92', 'DUO_01_03');
INSERT INTO "vocabulary"."reference" ("vocabulary_id", "lesson_code") VALUES ('31496757-bfb5-571a-af27-27f055912c92', 'DUO_U02');
-- 晩 | evening --;
INSERT INTO "vocabulary"."vocabulary" ("id", "word_class_code", "conjugation_kind_code", "jlpt_level", "row_num", "tags", "date_added") VALUES ('fa96658e-3cc1-5c40-8c89-f68088f73e5d', 'NOUN', NULL, 5, 199, '{time}', '2022-08-28');
INSERT INTO "vocabulary"."definition" ("id", "vocabulary_id", "sort_rank", "value") VALUES ('39a536c2-25a1-5f26-975e-3fdf34d67838', 'fa96658e-3cc1-5c40-8c89-f68088f73e5d', 1, 'evening');
INSERT INTO "vocabulary"."spelling" ("id", "vocabulary_id", "spelling_kind_code", "value") VALUES ('88ed1402-8515-510f-9bc8-e08df1c8d3bb', 'fa96658e-3cc1-5c40-8c89-f68088f73e5d', 'KANJI', '晩');
INSERT INTO "vocabulary"."spelling" ("id", "vocabulary_id", "spelling_kind_code", "value") VALUES ('9e09d764-65f2-55e9-9094-bc9f42e5d1d6', 'fa96658e-3cc1-5c40-8c89-f68088f73e5d', 'HIRAGANA', 'ばん');
INSERT INTO "vocabulary"."spelling" ("id", "vocabulary_id", "spelling_kind_code", "value") VALUES ('6faaffc9-0001-5a54-9740-574e66b48d15', 'fa96658e-3cc1-5c40-8c89-f68088f73e5d', 'KANJI', '晩');
INSERT INTO "vocabulary"."linkages" ("vocabulary_id", "preferred_definition_id", "preferred_spelling_id", "phonetic_spelling_id", "alt_phonetic_spelling_id", "kanji_spelling_id", "conjugation_set_id") VALUES ('fa96658e-3cc1-5c40-8c89-f68088f73e5d', '39a536c2-25a1-5f26-975e-3fdf34d67838', '88ed1402-8515-510f-9bc8-e08df1c8d3bb', '9e09d764-65f2-55e9-9094-bc9f42e5d1d6', NULL, '6faaffc9-0001-5a54-9740-574e66b48d15', NULL);
-- 夜 | night --;
INSERT INTO "vocabulary"."vocabulary" ("id", "word_class_code", "conjugation_kind_code", "jlpt_level", "row_num", "tags", "date_added") VALUES ('c0e2e0ee-6d57-53c2-a654-7d23db9d1709', 'NOUN', NULL, 5, 200, '{time}', '2022-08-12');
INSERT INTO "vocabulary"."definition" ("id", "vocabulary_id", "sort_rank", "value") VALUES ('c89af05c-7cbc-5a88-a4c8-9ccb54a97b30', 'c0e2e0ee-6d57-53c2-a654-7d23db9d1709', 1, 'night');
INSERT INTO "vocabulary"."spelling" ("id", "vocabulary_id", "spelling_kind_code", "value") VALUES ('4197c31f-ee8a-57c9-a17a-a497b40f0862', 'c0e2e0ee-6d57-53c2-a654-7d23db9d1709', 'KANJI', '夜');
INSERT INTO "vocabulary"."spelling" ("id", "vocabulary_id", "spelling_kind_code", "value") VALUES ('8e1150e6-05e9-5d35-9922-3938757eb80f', 'c0e2e0ee-6d57-53c2-a654-7d23db9d1709', 'HIRAGANA', 'よる');
INSERT INTO "vocabulary"."spelling" ("id", "vocabulary_id", "spelling_kind_code", "value") VALUES ('30af6538-623a-5ab8-b020-5cabe4d12d07', 'c0e2e0ee-6d57-53c2-a654-7d23db9d1709', 'KANJI', '夜');
INSERT INTO "vocabulary"."linkages" ("vocabulary_id", "preferred_definition_id", "preferred_spelling_id", "phonetic_spelling_id", "alt_phonetic_spelling_id", "kanji_spelling_id", "conjugation_set_id") VALUES ('c0e2e0ee-6d57-53c2-a654-7d23db9d1709', 'c89af05c-7cbc-5a88-a4c8-9ccb54a97b30', '4197c31f-ee8a-57c9-a17a-a497b40f0862', '8e1150e6-05e9-5d35-9922-3938757eb80f', NULL, '30af6538-623a-5ab8-b020-5cabe4d12d07', NULL);
INSERT INTO "vocabulary"."reference" ("vocabulary_id", "lesson_code") VALUES ('c0e2e0ee-6d57-53c2-a654-7d23db9d1709', 'DUO_01_02');
INSERT INTO "vocabulary"."reference" ("vocabulary_id", "lesson_code") VALUES ('c0e2e0ee-6d57-53c2-a654-7d23db9d1709', 'DUO_U01');
INSERT INTO "vocabulary"."reference" ("vocabulary_id", "lesson_code") VALUES ('c0e2e0ee-6d57-53c2-a654-7d23db9d1709', 'GENKI3_L06');
-- 明日 | tomorrow --;
INSERT INTO "vocabulary"."vocabulary" ("id", "word_class_code", "conjugation_kind_code", "jlpt_level", "row_num", "tags", "date_added") VALUES ('3972d239-6e9a-5163-bf43-c4a2b81783db', 'NOUN', NULL, 5, 201, '{time}', '2022-07-24');
INSERT INTO "vocabulary"."definition" ("id", "vocabulary_id", "sort_rank", "value") VALUES ('4186453a-c983-5c81-8826-27634ff91069', '3972d239-6e9a-5163-bf43-c4a2b81783db', 1, 'tomorrow');
INSERT INTO "vocabulary"."spelling" ("id", "vocabulary_id", "spelling_kind_code", "value") VALUES ('814b705f-25ff-546b-bce9-f0875ee4b1f2', '3972d239-6e9a-5163-bf43-c4a2b81783db', 'KANJI', '明日');
INSERT INTO "vocabulary"."spelling" ("id", "vocabulary_id", "spelling_kind_code", "value") VALUES ('b7e7b41d-f01b-54d2-807c-cd0aabe7a3ce', '3972d239-6e9a-5163-bf43-c4a2b81783db', 'HIRAGANA', 'あした');
INSERT INTO "vocabulary"."spelling" ("id", "vocabulary_id", "spelling_kind_code", "value") VALUES ('9ac91714-b3ae-5e0d-9dde-18d4d1d61577', '3972d239-6e9a-5163-bf43-c4a2b81783db', 'KANJI', '明日');
INSERT INTO "vocabulary"."linkages" ("vocabulary_id", "preferred_definition_id", "preferred_spelling_id", "phonetic_spelling_id", "alt_phonetic_spelling_id", "kanji_spelling_id", "conjugation_set_id") VALUES ('3972d239-6e9a-5163-bf43-c4a2b81783db', '4186453a-c983-5c81-8826-27634ff91069', '814b705f-25ff-546b-bce9-f0875ee4b1f2', 'b7e7b41d-f01b-54d2-807c-cd0aabe7a3ce', NULL, '9ac91714-b3ae-5e0d-9dde-18d4d1d61577', NULL);
INSERT INTO "vocabulary"."reference" ("vocabulary_id", "lesson_code") VALUES ('3972d239-6e9a-5163-bf43-c4a2b81783db', 'GENKI3_L03');
-- 今日 | today --;
INSERT INTO "vocabulary"."vocabulary" ("id", "word_class_code", "conjugation_kind_code", "jlpt_level", "row_num", "tags", "date_added") VALUES ('a4dbf3ac-a372-58a7-b9ac-a7f018ba587c', 'NOUN', NULL, 5, 202, '{time}', '2022-07-24');
INSERT INTO "vocabulary"."definition" ("id", "vocabulary_id", "sort_rank", "value") VALUES ('08e0fd99-c81a-5e37-819f-e50bf7dae2bd', 'a4dbf3ac-a372-58a7-b9ac-a7f018ba587c', 1, 'today');
INSERT INTO "vocabulary"."spelling" ("id", "vocabulary_id", "spelling_kind_code", "value") VALUES ('72c6cb54-46bd-5604-a15f-8d8f452ec20d', 'a4dbf3ac-a372-58a7-b9ac-a7f018ba587c', 'KANJI', '今日');
INSERT INTO "vocabulary"."spelling" ("id", "vocabulary_id", "spelling_kind_code", "value") VALUES ('4f416a90-70fb-5f42-94b1-bdc258c34ed9', 'a4dbf3ac-a372-58a7-b9ac-a7f018ba587c', 'HIRAGANA', 'きょう');
INSERT INTO "vocabulary"."spelling" ("id", "vocabulary_id", "spelling_kind_code", "value") VALUES ('29b25ac8-521f-5134-90b2-2ea09ed45384', 'a4dbf3ac-a372-58a7-b9ac-a7f018ba587c', 'KANJI', '今日');
INSERT INTO "vocabulary"."linkages" ("vocabulary_id", "preferred_definition_id", "preferred_spelling_id", "phonetic_spelling_id", "alt_phonetic_spelling_id", "kanji_spelling_id", "conjugation_set_id") VALUES ('a4dbf3ac-a372-58a7-b9ac-a7f018ba587c', '08e0fd99-c81a-5e37-819f-e50bf7dae2bd', '72c6cb54-46bd-5604-a15f-8d8f452ec20d', '4f416a90-70fb-5f42-94b1-bdc258c34ed9', NULL, '29b25ac8-521f-5134-90b2-2ea09ed45384', NULL);
INSERT INTO "vocabulary"."reference" ("vocabulary_id", "lesson_code") VALUES ('a4dbf3ac-a372-58a7-b9ac-a7f018ba587c', 'GENKI3_L03');
-- 朝 | morning --;
INSERT INTO "vocabulary"."vocabulary" ("id", "word_class_code", "conjugation_kind_code", "jlpt_level", "row_num", "tags", "date_added") VALUES ('b415c8ff-d8fb-5e40-9a89-ed5fa1997831', 'NOUN', NULL, 5, 203, '{time}', '2022-07-24');
INSERT INTO "vocabulary"."definition" ("id", "vocabulary_id", "sort_rank", "value") VALUES ('bd361bd9-7fd4-5462-8d75-9f9c43e8fbcf', 'b415c8ff-d8fb-5e40-9a89-ed5fa1997831', 1, 'morning');
INSERT INTO "vocabulary"."spelling" ("id", "vocabulary_id", "spelling_kind_code", "value") VALUES ('5a11d427-28c3-517c-b635-d74f7e8865b2', 'b415c8ff-d8fb-5e40-9a89-ed5fa1997831', 'KANJI', '朝');
INSERT INTO "vocabulary"."spelling" ("id", "vocabulary_id", "spelling_kind_code", "value") VALUES ('2a8833d6-cbaa-5073-9244-7571e6fd34d8', 'b415c8ff-d8fb-5e40-9a89-ed5fa1997831', 'HIRAGANA', 'あさ');
INSERT INTO "vocabulary"."spelling" ("id", "vocabulary_id", "spelling_kind_code", "value") VALUES ('faf5724f-4637-5fe7-bcdb-1c5134f90f18', 'b415c8ff-d8fb-5e40-9a89-ed5fa1997831', 'KANJI', '朝');
INSERT INTO "vocabulary"."linkages" ("vocabulary_id", "preferred_definition_id", "preferred_spelling_id", "phonetic_spelling_id", "alt_phonetic_spelling_id", "kanji_spelling_id", "conjugation_set_id") VALUES ('b415c8ff-d8fb-5e40-9a89-ed5fa1997831', 'bd361bd9-7fd4-5462-8d75-9f9c43e8fbcf', '5a11d427-28c3-517c-b635-d74f7e8865b2', '2a8833d6-cbaa-5073-9244-7571e6fd34d8', NULL, 'faf5724f-4637-5fe7-bcdb-1c5134f90f18', NULL);
INSERT INTO "vocabulary"."reference" ("vocabulary_id", "lesson_code") VALUES ('b415c8ff-d8fb-5e40-9a89-ed5fa1997831', 'GENKI3_L03');
-- 今晩 | this evening; tonight --;
INSERT INTO "vocabulary"."vocabulary" ("id", "word_class_code", "conjugation_kind_code", "jlpt_level", "row_num", "tags", "date_added") VALUES ('e872c853-3159-56b7-834e-066e364a5782', 'NOUN', NULL, 5, 204, '{time}', '2022-07-24');
INSERT INTO "vocabulary"."definition" ("id", "vocabulary_id", "sort_rank", "value") VALUES ('a0c30a10-37a0-5a8b-bd97-cd3d71e95210', 'e872c853-3159-56b7-834e-066e364a5782', 1, 'this evening; tonight');
INSERT INTO "vocabulary"."spelling" ("id", "vocabulary_id", "spelling_kind_code", "value") VALUES ('1346c424-4c39-5f56-a0b9-b50c127403d9', 'e872c853-3159-56b7-834e-066e364a5782', 'KANJI', '今晩');
INSERT INTO "vocabulary"."spelling" ("id", "vocabulary_id", "spelling_kind_code", "value") VALUES ('50a9ec6f-50dc-5944-b816-59900b8b1280', 'e872c853-3159-56b7-834e-066e364a5782', 'HIRAGANA', 'こんばん');
INSERT INTO "vocabulary"."spelling" ("id", "vocabulary_id", "spelling_kind_code", "value") VALUES ('1801ef8e-cd8e-5f63-8914-5e26333f35f3', 'e872c853-3159-56b7-834e-066e364a5782', 'KANJI', '今晩');
INSERT INTO "vocabulary"."linkages" ("vocabulary_id", "preferred_definition_id", "preferred_spelling_id", "phonetic_spelling_id", "alt_phonetic_spelling_id", "kanji_spelling_id", "conjugation_set_id") VALUES ('e872c853-3159-56b7-834e-066e364a5782', 'a0c30a10-37a0-5a8b-bd97-cd3d71e95210', '1346c424-4c39-5f56-a0b9-b50c127403d9', '50a9ec6f-50dc-5944-b816-59900b8b1280', NULL, '1801ef8e-cd8e-5f63-8914-5e26333f35f3', NULL);
INSERT INTO "vocabulary"."reference" ("vocabulary_id", "lesson_code") VALUES ('e872c853-3159-56b7-834e-066e364a5782', 'GENKI3_L03');
-- 毎日 | every day --;
INSERT INTO "vocabulary"."vocabulary" ("id", "word_class_code", "conjugation_kind_code", "jlpt_level", "row_num", "tags", "date_added") VALUES ('7ec8469c-ee0f-5a33-9f9f-e025e6cffdd0', 'NOUN', NULL, 5, 205, '{time}', '2022-07-24');
INSERT INTO "vocabulary"."definition" ("id", "vocabulary_id", "sort_rank", "value") VALUES ('22b8a8d7-85ff-5dd8-b55c-ed1a146972c0', '7ec8469c-ee0f-5a33-9f9f-e025e6cffdd0', 1, 'every day');
INSERT INTO "vocabulary"."spelling" ("id", "vocabulary_id", "spelling_kind_code", "value") VALUES ('0a499987-2e28-5c59-a40f-a9d4353bc0e2', '7ec8469c-ee0f-5a33-9f9f-e025e6cffdd0', 'KANJI', '毎日');
INSERT INTO "vocabulary"."spelling" ("id", "vocabulary_id", "spelling_kind_code", "value") VALUES ('8e87fa8c-ca37-5286-b2a6-75521668189a', '7ec8469c-ee0f-5a33-9f9f-e025e6cffdd0', 'HIRAGANA', 'まいにち');
INSERT INTO "vocabulary"."spelling" ("id", "vocabulary_id", "spelling_kind_code", "value") VALUES ('5c865896-8860-5a90-b684-7f771f8e5f0f', '7ec8469c-ee0f-5a33-9f9f-e025e6cffdd0', 'KANJI', '毎日');
INSERT INTO "vocabulary"."linkages" ("vocabulary_id", "preferred_definition_id", "preferred_spelling_id", "phonetic_spelling_id", "alt_phonetic_spelling_id", "kanji_spelling_id", "conjugation_set_id") VALUES ('7ec8469c-ee0f-5a33-9f9f-e025e6cffdd0', '22b8a8d7-85ff-5dd8-b55c-ed1a146972c0', '0a499987-2e28-5c59-a40f-a9d4353bc0e2', '8e87fa8c-ca37-5286-b2a6-75521668189a', NULL, '5c865896-8860-5a90-b684-7f771f8e5f0f', NULL);
INSERT INTO "vocabulary"."reference" ("vocabulary_id", "lesson_code") VALUES ('7ec8469c-ee0f-5a33-9f9f-e025e6cffdd0', 'GENKI3_L03');
-- 毎朝 | every morning --;
INSERT INTO "vocabulary"."vocabulary" ("id", "word_class_code", "conjugation_kind_code", "jlpt_level", "row_num", "tags", "date_added") VALUES ('1efcd811-18f8-5b64-be29-9f46fbef3286', 'NOUN', NULL, 5, 206, '{time}', '2022-07-24');
INSERT INTO "vocabulary"."definition" ("id", "vocabulary_id", "sort_rank", "value") VALUES ('a7b02077-66a0-54f0-8b5e-fdd06eef7ffe', '1efcd811-18f8-5b64-be29-9f46fbef3286', 1, 'every morning');
INSERT INTO "vocabulary"."spelling" ("id", "vocabulary_id", "spelling_kind_code", "value") VALUES ('c89fd5d4-dee1-5803-b7b9-f3c6cd35a67b', '1efcd811-18f8-5b64-be29-9f46fbef3286', 'KANJI', '毎朝');
INSERT INTO "vocabulary"."spelling" ("id", "vocabulary_id", "spelling_kind_code", "value") VALUES ('d2136e1a-3b49-528d-802f-fc2b2e9d65e0', '1efcd811-18f8-5b64-be29-9f46fbef3286', 'HIRAGANA', 'まいあさ');
INSERT INTO "vocabulary"."spelling" ("id", "vocabulary_id", "spelling_kind_code", "value") VALUES ('85c67379-1253-528b-bd81-3cf46c2c8694', '1efcd811-18f8-5b64-be29-9f46fbef3286', 'KANJI', '毎朝');
INSERT INTO "vocabulary"."linkages" ("vocabulary_id", "preferred_definition_id", "preferred_spelling_id", "phonetic_spelling_id", "alt_phonetic_spelling_id", "kanji_spelling_id", "conjugation_set_id") VALUES ('1efcd811-18f8-5b64-be29-9f46fbef3286', 'a7b02077-66a0-54f0-8b5e-fdd06eef7ffe', 'c89fd5d4-dee1-5803-b7b9-f3c6cd35a67b', 'd2136e1a-3b49-528d-802f-fc2b2e9d65e0', NULL, '85c67379-1253-528b-bd81-3cf46c2c8694', NULL);
INSERT INTO "vocabulary"."reference" ("vocabulary_id", "lesson_code") VALUES ('1efcd811-18f8-5b64-be29-9f46fbef3286', 'DUO_02_03');
INSERT INTO "vocabulary"."reference" ("vocabulary_id", "lesson_code") VALUES ('1efcd811-18f8-5b64-be29-9f46fbef3286', 'DUO_U07');
-- 毎晩 | every night --;
INSERT INTO "vocabulary"."vocabulary" ("id", "word_class_code", "conjugation_kind_code", "jlpt_level", "row_num", "tags", "date_added") VALUES ('9e1ccd85-e76b-559b-9c13-ac2202a04849', 'NOUN', NULL, 5, 207, '{time}', '2022-07-24');
INSERT INTO "vocabulary"."definition" ("id", "vocabulary_id", "sort_rank", "value") VALUES ('99c7c96a-a0e6-5377-9875-d7cfed64d4f1', '9e1ccd85-e76b-559b-9c13-ac2202a04849', 1, 'every night');
INSERT INTO "vocabulary"."spelling" ("id", "vocabulary_id", "spelling_kind_code", "value") VALUES ('68de2223-3acd-53fa-96bf-64ab41e3d0f2', '9e1ccd85-e76b-559b-9c13-ac2202a04849', 'KANJI', '毎晩');
INSERT INTO "vocabulary"."spelling" ("id", "vocabulary_id", "spelling_kind_code", "value") VALUES ('99764c5d-a0c9-5062-9013-5992bb721992', '9e1ccd85-e76b-559b-9c13-ac2202a04849', 'HIRAGANA', 'まいばん');
INSERT INTO "vocabulary"."spelling" ("id", "vocabulary_id", "spelling_kind_code", "value") VALUES ('0ca13bfe-e09c-57a0-8829-f12e5128a3df', '9e1ccd85-e76b-559b-9c13-ac2202a04849', 'KANJI', '毎晩');
INSERT INTO "vocabulary"."linkages" ("vocabulary_id", "preferred_definition_id", "preferred_spelling_id", "phonetic_spelling_id", "alt_phonetic_spelling_id", "kanji_spelling_id", "conjugation_set_id") VALUES ('9e1ccd85-e76b-559b-9c13-ac2202a04849', '99c7c96a-a0e6-5377-9875-d7cfed64d4f1', '68de2223-3acd-53fa-96bf-64ab41e3d0f2', '99764c5d-a0c9-5062-9013-5992bb721992', NULL, '0ca13bfe-e09c-57a0-8829-f12e5128a3df', NULL);
INSERT INTO "vocabulary"."reference" ("vocabulary_id", "lesson_code") VALUES ('9e1ccd85-e76b-559b-9c13-ac2202a04849', 'GENKI3_L03');
-- 週末 | weekend --;
INSERT INTO "vocabulary"."vocabulary" ("id", "word_class_code", "conjugation_kind_code", "jlpt_level", "row_num", "tags", "date_added") VALUES ('788e64aa-46ee-574d-aad9-83c8b56bc40a', 'NOUN', NULL, NULL, 208, '{time}', '2022-07-24');
INSERT INTO "vocabulary"."definition" ("id", "vocabulary_id", "sort_rank", "value") VALUES ('861be550-1109-505b-be10-493243e4e393', '788e64aa-46ee-574d-aad9-83c8b56bc40a', 1, 'weekend');
INSERT INTO "vocabulary"."spelling" ("id", "vocabulary_id", "spelling_kind_code", "value") VALUES ('c559119c-a377-50a3-9310-a2cc6f33e172', '788e64aa-46ee-574d-aad9-83c8b56bc40a', 'KANJI', '週末');
INSERT INTO "vocabulary"."spelling" ("id", "vocabulary_id", "spelling_kind_code", "value") VALUES ('43654c19-359c-539f-a891-031bd2e17114', '788e64aa-46ee-574d-aad9-83c8b56bc40a', 'HIRAGANA', 'しゅうまつ');
INSERT INTO "vocabulary"."spelling" ("id", "vocabulary_id", "spelling_kind_code", "value") VALUES ('6d199fa4-2ac0-587d-bd68-4ee7e764c1f7', '788e64aa-46ee-574d-aad9-83c8b56bc40a', 'KANJI', '週末');
INSERT INTO "vocabulary"."linkages" ("vocabulary_id", "preferred_definition_id", "preferred_spelling_id", "phonetic_spelling_id", "alt_phonetic_spelling_id", "kanji_spelling_id", "conjugation_set_id") VALUES ('788e64aa-46ee-574d-aad9-83c8b56bc40a', '861be550-1109-505b-be10-493243e4e393', 'c559119c-a377-50a3-9310-a2cc6f33e172', '43654c19-359c-539f-a891-031bd2e17114', NULL, '6d199fa4-2ac0-587d-bd68-4ee7e764c1f7', NULL);
INSERT INTO "vocabulary"."reference" ("vocabulary_id", "lesson_code") VALUES ('788e64aa-46ee-574d-aad9-83c8b56bc40a', 'GENKI3_L03');
-- 土曜日 | Saturday --;
INSERT INTO "vocabulary"."vocabulary" ("id", "word_class_code", "conjugation_kind_code", "jlpt_level", "row_num", "tags", "date_added") VALUES ('f7d20fe3-57b3-5e6d-85f6-5b54b0ba7088', 'NOUN', NULL, 5, 209, '{time}', '2022-07-24');
INSERT INTO "vocabulary"."definition" ("id", "vocabulary_id", "sort_rank", "value") VALUES ('0fb2becd-23c1-5742-ba5d-860b61b1abe2', 'f7d20fe3-57b3-5e6d-85f6-5b54b0ba7088', 1, 'Saturday');
INSERT INTO "vocabulary"."spelling" ("id", "vocabulary_id", "spelling_kind_code", "value") VALUES ('d46ae7cb-dba4-5568-bc6d-73af4f50e789', 'f7d20fe3-57b3-5e6d-85f6-5b54b0ba7088', 'KANJI', '土曜日');
INSERT INTO "vocabulary"."spelling" ("id", "vocabulary_id", "spelling_kind_code", "value") VALUES ('c996ce26-1ece-5bf2-91b0-eb99c6378d3b', 'f7d20fe3-57b3-5e6d-85f6-5b54b0ba7088', 'HIRAGANA', 'どようび');
INSERT INTO "vocabulary"."spelling" ("id", "vocabulary_id", "spelling_kind_code", "value") VALUES ('8ecb15a2-84ec-5efe-9870-c2a9a3c56f0f', 'f7d20fe3-57b3-5e6d-85f6-5b54b0ba7088', 'KANJI', '土曜日');
INSERT INTO "vocabulary"."linkages" ("vocabulary_id", "preferred_definition_id", "preferred_spelling_id", "phonetic_spelling_id", "alt_phonetic_spelling_id", "kanji_spelling_id", "conjugation_set_id") VALUES ('f7d20fe3-57b3-5e6d-85f6-5b54b0ba7088', '0fb2becd-23c1-5742-ba5d-860b61b1abe2', 'd46ae7cb-dba4-5568-bc6d-73af4f50e789', 'c996ce26-1ece-5bf2-91b0-eb99c6378d3b', NULL, '8ecb15a2-84ec-5efe-9870-c2a9a3c56f0f', NULL);
INSERT INTO "vocabulary"."reference" ("vocabulary_id", "lesson_code") VALUES ('f7d20fe3-57b3-5e6d-85f6-5b54b0ba7088', 'GENKI3_L03');
-- 日曜日 | Sunday --;
INSERT INTO "vocabulary"."vocabulary" ("id", "word_class_code", "conjugation_kind_code", "jlpt_level", "row_num", "tags", "date_added") VALUES ('61637bb4-cc4a-52be-86fa-7fb678ab6e62', 'NOUN', NULL, 5, 210, '{time}', '2022-07-24');
INSERT INTO "vocabulary"."definition" ("id", "vocabulary_id", "sort_rank", "value") VALUES ('a0592aae-c0a4-589c-8637-9d4f489a172e', '61637bb4-cc4a-52be-86fa-7fb678ab6e62', 1, 'Sunday');
INSERT INTO "vocabulary"."spelling" ("id", "vocabulary_id", "spelling_kind_code", "value") VALUES ('fc919ef6-85d9-5552-a3db-e067e046bc3c', '61637bb4-cc4a-52be-86fa-7fb678ab6e62', 'KANJI', '日曜日');
INSERT INTO "vocabulary"."spelling" ("id", "vocabulary_id", "spelling_kind_code", "value") VALUES ('08b4aa36-b009-55f3-b2b9-5a50fb6162b0', '61637bb4-cc4a-52be-86fa-7fb678ab6e62', 'HIRAGANA', 'にちようび');
INSERT INTO "vocabulary"."spelling" ("id", "vocabulary_id", "spelling_kind_code", "value") VALUES ('de697c80-e23e-5f84-a410-cfe3380e134a', '61637bb4-cc4a-52be-86fa-7fb678ab6e62', 'KANJI', '日曜日');
INSERT INTO "vocabulary"."linkages" ("vocabulary_id", "preferred_definition_id", "preferred_spelling_id", "phonetic_spelling_id", "alt_phonetic_spelling_id", "kanji_spelling_id", "conjugation_set_id") VALUES ('61637bb4-cc4a-52be-86fa-7fb678ab6e62', 'a0592aae-c0a4-589c-8637-9d4f489a172e', 'fc919ef6-85d9-5552-a3db-e067e046bc3c', '08b4aa36-b009-55f3-b2b9-5a50fb6162b0', NULL, 'de697c80-e23e-5f84-a410-cfe3380e134a', NULL);
INSERT INTO "vocabulary"."reference" ("vocabulary_id", "lesson_code") VALUES ('61637bb4-cc4a-52be-86fa-7fb678ab6e62', 'GENKI3_L03');
-- いつ | when --;
INSERT INTO "vocabulary"."vocabulary" ("id", "word_class_code", "conjugation_kind_code", "jlpt_level", "row_num", "tags", "date_added") VALUES ('f05e2adf-83c4-5ccf-a74a-fbd5664dceb1', 'NOUN', NULL, 5, 211, '{time}', '2022-07-24');
INSERT INTO "vocabulary"."definition" ("id", "vocabulary_id", "sort_rank", "value") VALUES ('5e6ba7a6-d089-5325-b413-338e9081d658', 'f05e2adf-83c4-5ccf-a74a-fbd5664dceb1', 1, 'when');
INSERT INTO "vocabulary"."spelling" ("id", "vocabulary_id", "spelling_kind_code", "value") VALUES ('e124d8c7-641c-5c11-831b-0e400ecdaaf3', 'f05e2adf-83c4-5ccf-a74a-fbd5664dceb1', 'HIRAGANA', 'いつ');
INSERT INTO "vocabulary"."spelling" ("id", "vocabulary_id", "spelling_kind_code", "value") VALUES ('8e0f8d2f-5b43-5efa-a6c7-d42f391dbdd0', 'f05e2adf-83c4-5ccf-a74a-fbd5664dceb1', 'HIRAGANA', 'いつ');
INSERT INTO "vocabulary"."linkages" ("vocabulary_id", "preferred_definition_id", "preferred_spelling_id", "phonetic_spelling_id", "alt_phonetic_spelling_id", "kanji_spelling_id", "conjugation_set_id") VALUES ('f05e2adf-83c4-5ccf-a74a-fbd5664dceb1', '5e6ba7a6-d089-5325-b413-338e9081d658', 'e124d8c7-641c-5c11-831b-0e400ecdaaf3', '8e0f8d2f-5b43-5efa-a6c7-d42f391dbdd0', NULL, NULL, NULL);
INSERT INTO "vocabulary"."reference" ("vocabulary_id", "lesson_code") VALUES ('f05e2adf-83c4-5ccf-a74a-fbd5664dceb1', 'GENKI3_L03');
-- 行く | to go --;
INSERT INTO "vocabulary"."vocabulary" ("id", "word_class_code", "conjugation_kind_code", "jlpt_level", "row_num", "tags", "date_added") VALUES ('50cbf96a-57d3-5f45-b5fc-e415ff57717a', 'VERB', 'IKU_VERB', 5, 212, '{}', '2022-07-24');
INSERT INTO "vocabulary"."definition" ("id", "vocabulary_id", "sort_rank", "value") VALUES ('55cbb623-1dde-57fc-9ed7-18d541e69a24', '50cbf96a-57d3-5f45-b5fc-e415ff57717a', 1, 'to go');
INSERT INTO "vocabulary"."spelling" ("id", "vocabulary_id", "spelling_kind_code", "value") VALUES ('3882f3fd-ec0b-513e-b731-00e6bf2864cf', '50cbf96a-57d3-5f45-b5fc-e415ff57717a', 'KANJI', '行く');
INSERT INTO "vocabulary"."spelling" ("id", "vocabulary_id", "spelling_kind_code", "value") VALUES ('04845431-fcd0-5bbb-9518-f1b95b4b2f6f', '50cbf96a-57d3-5f45-b5fc-e415ff57717a', 'HIRAGANA', 'いく');
INSERT INTO "vocabulary"."spelling" ("id", "vocabulary_id", "spelling_kind_code", "value") VALUES ('02aec5dc-1774-5ab5-865f-795548cf9836', '50cbf96a-57d3-5f45-b5fc-e415ff57717a', 'KANJI', '行く');
INSERT INTO "vocabulary"."conjugation_set" ("id", "vocabulary_id") VALUES ('f0711e67-7410-55b0-8f97-3e36926a8feb', '50cbf96a-57d3-5f45-b5fc-e415ff57717a');
INSERT INTO "vocabulary"."linkages" ("vocabulary_id", "preferred_definition_id", "preferred_spelling_id", "phonetic_spelling_id", "alt_phonetic_spelling_id", "kanji_spelling_id", "conjugation_set_id") VALUES ('50cbf96a-57d3-5f45-b5fc-e415ff57717a', '55cbb623-1dde-57fc-9ed7-18d541e69a24', '3882f3fd-ec0b-513e-b731-00e6bf2864cf', '04845431-fcd0-5bbb-9518-f1b95b4b2f6f', NULL, '02aec5dc-1774-5ab5-865f-795548cf9836', 'f0711e67-7410-55b0-8f97-3e36926a8feb');
INSERT INTO "vocabulary"."reference" ("vocabulary_id", "lesson_code") VALUES ('50cbf96a-57d3-5f45-b5fc-e415ff57717a', 'DUO_02_03');
INSERT INTO "vocabulary"."reference" ("vocabulary_id", "lesson_code") VALUES ('50cbf96a-57d3-5f45-b5fc-e415ff57717a', 'DUO_U07');
INSERT INTO "vocabulary"."reference" ("vocabulary_id", "lesson_code") VALUES ('50cbf96a-57d3-5f45-b5fc-e415ff57717a', 'GENKI3_L03');
INSERT INTO "vocabulary"."conjugation" ("id", "conjugation_set_id", "politeness_code", "charge_code", "form_code", "sort_rank", "value") VALUES ('037658cd-8db4-537d-9196-1120fb122cf1', 'f0711e67-7410-55b0-8f97-3e36926a8feb', 'PLAIN', 'POSITIVE', 'PRESENT', 1, '行く');
INSERT INTO "vocabulary"."conjugation" ("id", "conjugation_set_id", "politeness_code", "charge_code", "form_code", "sort_rank", "value") VALUES ('2ad728dc-6cd5-510a-a155-d4272e6a1a3c', 'f0711e67-7410-55b0-8f97-3e36926a8feb', 'PLAIN', 'POSITIVE', 'PAST', 1, '行った');
INSERT INTO "vocabulary"."conjugation" ("id", "conjugation_set_id", "politeness_code", "charge_code", "form_code", "sort_rank", "value") VALUES ('d0cdef2d-9416-5a67-96bf-30c65f60e8d7', 'f0711e67-7410-55b0-8f97-3e36926a8feb', 'PLAIN', 'POSITIVE', 'TE', 1, '行って');
INSERT INTO "vocabulary"."conjugation" ("id", "conjugation_set_id", "politeness_code", "charge_code", "form_code", "sort_rank", "value") VALUES ('f3d18930-46e6-5ffd-846c-dfef806f987d', 'f0711e67-7410-55b0-8f97-3e36926a8feb', 'PLAIN', 'NEGATIVE', 'PRESENT', 1, '行かない');
INSERT INTO "vocabulary"."conjugation" ("id", "conjugation_set_id", "politeness_code", "charge_code", "form_code", "sort_rank", "value") VALUES ('5c275cb4-4f74-5e1f-a8a0-04a052ed14f5', 'f0711e67-7410-55b0-8f97-3e36926a8feb', 'PLAIN', 'NEGATIVE', 'PAST', 1, '行かなかった');
INSERT INTO "vocabulary"."conjugation" ("id", "conjugation_set_id", "politeness_code", "charge_code", "form_code", "sort_rank", "value") VALUES ('45c9eab2-a35f-578d-bcb4-f658e5631db4', 'f0711e67-7410-55b0-8f97-3e36926a8feb', 'PLAIN', 'NEGATIVE', 'TE', 1, '行かなくて');
INSERT INTO "vocabulary"."conjugation" ("id", "conjugation_set_id", "politeness_code", "charge_code", "form_code", "sort_rank", "value") VALUES ('0bd17df5-ab7a-5594-85fa-8415b5f6f8e8', 'f0711e67-7410-55b0-8f97-3e36926a8feb', 'POLITE', 'POSITIVE', 'PRESENT', 1, '行きます');
INSERT INTO "vocabulary"."conjugation" ("id", "conjugation_set_id", "politeness_code", "charge_code", "form_code", "sort_rank", "value") VALUES ('2818ce4c-f05e-5e72-bd4b-94fae183b485', 'f0711e67-7410-55b0-8f97-3e36926a8feb', 'POLITE', 'POSITIVE', 'PAST', 1, '行きました');
INSERT INTO "vocabulary"."conjugation" ("id", "conjugation_set_id", "politeness_code", "charge_code", "form_code", "sort_rank", "value") VALUES ('a1fc6f92-0f47-5805-90dc-53093ea0de6d', 'f0711e67-7410-55b0-8f97-3e36926a8feb', 'POLITE', 'NEGATIVE', 'PRESENT', 1, '行きません');
INSERT INTO "vocabulary"."conjugation" ("id", "conjugation_set_id", "politeness_code", "charge_code", "form_code", "sort_rank", "value") VALUES ('80424515-e853-5683-a0e5-b96126148bae', 'f0711e67-7410-55b0-8f97-3e36926a8feb', 'POLITE', 'NEGATIVE', 'PAST', 1, '行きませんでした');
-- 帰る | to go back; to return --;
INSERT INTO "vocabulary"."vocabulary" ("id", "word_class_code", "conjugation_kind_code", "jlpt_level", "row_num", "tags", "date_added") VALUES ('243bdf44-b101-5d5d-bc51-a4f5c1c03bc3', 'VERB', 'GODAN_VERB', 5, 213, '{}', '2022-07-24');
INSERT INTO "vocabulary"."definition" ("id", "vocabulary_id", "sort_rank", "value") VALUES ('04e14149-9a2f-5b2c-8641-1410735e067b', '243bdf44-b101-5d5d-bc51-a4f5c1c03bc3', 1, 'to go back; to return');
INSERT INTO "vocabulary"."spelling" ("id", "vocabulary_id", "spelling_kind_code", "value") VALUES ('5d95430c-91d4-5dcd-9d90-8ea64a6435f2', '243bdf44-b101-5d5d-bc51-a4f5c1c03bc3', 'KANJI', '帰る');
INSERT INTO "vocabulary"."spelling" ("id", "vocabulary_id", "spelling_kind_code", "value") VALUES ('0008ad17-1237-5c01-a211-e27a63adf821', '243bdf44-b101-5d5d-bc51-a4f5c1c03bc3', 'HIRAGANA', 'かえる');
INSERT INTO "vocabulary"."spelling" ("id", "vocabulary_id", "spelling_kind_code", "value") VALUES ('afa85902-c093-5e8c-9461-d4ce2170a636', '243bdf44-b101-5d5d-bc51-a4f5c1c03bc3', 'KANJI', '帰る');
INSERT INTO "vocabulary"."conjugation_set" ("id", "vocabulary_id") VALUES ('dae2d031-b9f4-5738-b6d5-ca4b1d018caa', '243bdf44-b101-5d5d-bc51-a4f5c1c03bc3');
INSERT INTO "vocabulary"."linkages" ("vocabulary_id", "preferred_definition_id", "preferred_spelling_id", "phonetic_spelling_id", "alt_phonetic_spelling_id", "kanji_spelling_id", "conjugation_set_id") VALUES ('243bdf44-b101-5d5d-bc51-a4f5c1c03bc3', '04e14149-9a2f-5b2c-8641-1410735e067b', '5d95430c-91d4-5dcd-9d90-8ea64a6435f2', '0008ad17-1237-5c01-a211-e27a63adf821', NULL, 'afa85902-c093-5e8c-9461-d4ce2170a636', 'dae2d031-b9f4-5738-b6d5-ca4b1d018caa');
INSERT INTO "vocabulary"."reference" ("vocabulary_id", "lesson_code") VALUES ('243bdf44-b101-5d5d-bc51-a4f5c1c03bc3', 'GENKI3_L03');
INSERT INTO "vocabulary"."conjugation" ("id", "conjugation_set_id", "politeness_code", "charge_code", "form_code", "sort_rank", "value") VALUES ('4a2162ce-b6bf-5c9b-9c53-4cf7736b2e2b', 'dae2d031-b9f4-5738-b6d5-ca4b1d018caa', 'PLAIN', 'POSITIVE', 'PRESENT', 1, '帰る');
INSERT INTO "vocabulary"."conjugation" ("id", "conjugation_set_id", "politeness_code", "charge_code", "form_code", "sort_rank", "value") VALUES ('2ef28694-5e59-5baf-b617-676d1bd0b8f4', 'dae2d031-b9f4-5738-b6d5-ca4b1d018caa', 'PLAIN', 'POSITIVE', 'PAST', 1, '帰った');
INSERT INTO "vocabulary"."conjugation" ("id", "conjugation_set_id", "politeness_code", "charge_code", "form_code", "sort_rank", "value") VALUES ('a7af7ff8-4362-59be-b23f-352c1641b6f5', 'dae2d031-b9f4-5738-b6d5-ca4b1d018caa', 'PLAIN', 'POSITIVE', 'TE', 1, '帰って');
INSERT INTO "vocabulary"."conjugation" ("id", "conjugation_set_id", "politeness_code", "charge_code", "form_code", "sort_rank", "value") VALUES ('64aefce1-6334-5361-b7f0-65a699289b1b', 'dae2d031-b9f4-5738-b6d5-ca4b1d018caa', 'PLAIN', 'NEGATIVE', 'PRESENT', 1, '帰らない');
INSERT INTO "vocabulary"."conjugation" ("id", "conjugation_set_id", "politeness_code", "charge_code", "form_code", "sort_rank", "value") VALUES ('429aa3fb-52d7-5190-855e-1d6db6ef1f7a', 'dae2d031-b9f4-5738-b6d5-ca4b1d018caa', 'PLAIN', 'NEGATIVE', 'PAST', 1, '帰らなかった');
INSERT INTO "vocabulary"."conjugation" ("id", "conjugation_set_id", "politeness_code", "charge_code", "form_code", "sort_rank", "value") VALUES ('01b44835-090b-549a-86f1-ade2deb67178', 'dae2d031-b9f4-5738-b6d5-ca4b1d018caa', 'PLAIN', 'NEGATIVE', 'TE', 1, '帰らなくて');
INSERT INTO "vocabulary"."conjugation" ("id", "conjugation_set_id", "politeness_code", "charge_code", "form_code", "sort_rank", "value") VALUES ('d8189007-238a-5450-a468-67d1706f9d42', 'dae2d031-b9f4-5738-b6d5-ca4b1d018caa', 'POLITE', 'POSITIVE', 'PRESENT', 1, '帰ります');
INSERT INTO "vocabulary"."conjugation" ("id", "conjugation_set_id", "politeness_code", "charge_code", "form_code", "sort_rank", "value") VALUES ('d36e49a3-882f-52d8-a09d-7d34296138d2', 'dae2d031-b9f4-5738-b6d5-ca4b1d018caa', 'POLITE', 'POSITIVE', 'PAST', 1, '帰りました');
INSERT INTO "vocabulary"."conjugation" ("id", "conjugation_set_id", "politeness_code", "charge_code", "form_code", "sort_rank", "value") VALUES ('11f48121-07bd-5837-8ad4-0c28cafd8f79', 'dae2d031-b9f4-5738-b6d5-ca4b1d018caa', 'POLITE', 'NEGATIVE', 'PRESENT', 1, '帰りません');
INSERT INTO "vocabulary"."conjugation" ("id", "conjugation_set_id", "politeness_code", "charge_code", "form_code", "sort_rank", "value") VALUES ('3a32e520-6ef2-5745-bc55-d281c6390cb8', 'dae2d031-b9f4-5738-b6d5-ca4b1d018caa', 'POLITE', 'NEGATIVE', 'PAST', 1, '帰りませんでした');
-- 聞く | to listen; to hear; to ask --;
INSERT INTO "vocabulary"."vocabulary" ("id", "word_class_code", "conjugation_kind_code", "jlpt_level", "row_num", "tags", "date_added") VALUES ('27c14160-d0d6-51f8-b7b1-9172cf8b84d2', 'VERB', 'GODAN_VERB', 5, 214, '{}', '2022-07-24');
INSERT INTO "vocabulary"."definition" ("id", "vocabulary_id", "sort_rank", "value") VALUES ('e5fb1c53-6da8-5de9-abdb-66f543af65f2', '27c14160-d0d6-51f8-b7b1-9172cf8b84d2', 1, 'to listen; to hear; to ask');
INSERT INTO "vocabulary"."spelling" ("id", "vocabulary_id", "spelling_kind_code", "value") VALUES ('345b1040-c300-5ce3-ae98-8ee89cc244f7', '27c14160-d0d6-51f8-b7b1-9172cf8b84d2', 'KANJI', '聞く');
INSERT INTO "vocabulary"."spelling" ("id", "vocabulary_id", "spelling_kind_code", "value") VALUES ('39c22edd-ad44-51f0-9dc7-116a662c494e', '27c14160-d0d6-51f8-b7b1-9172cf8b84d2', 'HIRAGANA', 'きく');
INSERT INTO "vocabulary"."spelling" ("id", "vocabulary_id", "spelling_kind_code", "value") VALUES ('326c6ae5-5413-58c0-836a-9ff8fa7ab841', '27c14160-d0d6-51f8-b7b1-9172cf8b84d2', 'KANJI', '聞く');
INSERT INTO "vocabulary"."conjugation_set" ("id", "vocabulary_id") VALUES ('41fc6af9-320d-5aaf-a6cb-58bfb3aa9964', '27c14160-d0d6-51f8-b7b1-9172cf8b84d2');
INSERT INTO "vocabulary"."linkages" ("vocabulary_id", "preferred_definition_id", "preferred_spelling_id", "phonetic_spelling_id", "alt_phonetic_spelling_id", "kanji_spelling_id", "conjugation_set_id") VALUES ('27c14160-d0d6-51f8-b7b1-9172cf8b84d2', 'e5fb1c53-6da8-5de9-abdb-66f543af65f2', '345b1040-c300-5ce3-ae98-8ee89cc244f7', '39c22edd-ad44-51f0-9dc7-116a662c494e', NULL, '326c6ae5-5413-58c0-836a-9ff8fa7ab841', '41fc6af9-320d-5aaf-a6cb-58bfb3aa9964');
INSERT INTO "vocabulary"."reference" ("vocabulary_id", "lesson_code") VALUES ('27c14160-d0d6-51f8-b7b1-9172cf8b84d2', 'GENKI3_L03');
INSERT INTO "vocabulary"."conjugation" ("id", "conjugation_set_id", "politeness_code", "charge_code", "form_code", "sort_rank", "value") VALUES ('2038713d-6b51-5495-8ded-5bb4fbc9d38a', '41fc6af9-320d-5aaf-a6cb-58bfb3aa9964', 'PLAIN', 'POSITIVE', 'PRESENT', 1, '聞く');
INSERT INTO "vocabulary"."conjugation" ("id", "conjugation_set_id", "politeness_code", "charge_code", "form_code", "sort_rank", "value") VALUES ('09ff9d01-b1ca-5677-adad-374e9fbcccb6', '41fc6af9-320d-5aaf-a6cb-58bfb3aa9964', 'PLAIN', 'POSITIVE', 'PAST', 1, '聞いた');
INSERT INTO "vocabulary"."conjugation" ("id", "conjugation_set_id", "politeness_code", "charge_code", "form_code", "sort_rank", "value") VALUES ('615442ad-bef7-5a67-990e-b52f3e7b8dd0', '41fc6af9-320d-5aaf-a6cb-58bfb3aa9964', 'PLAIN', 'POSITIVE', 'TE', 1, '聞いて');
INSERT INTO "vocabulary"."conjugation" ("id", "conjugation_set_id", "politeness_code", "charge_code", "form_code", "sort_rank", "value") VALUES ('1ccac8b1-13c6-539e-824f-83416bd676b4', '41fc6af9-320d-5aaf-a6cb-58bfb3aa9964', 'PLAIN', 'NEGATIVE', 'PRESENT', 1, '聞かない');
INSERT INTO "vocabulary"."conjugation" ("id", "conjugation_set_id", "politeness_code", "charge_code", "form_code", "sort_rank", "value") VALUES ('0fc788fc-3264-5715-b83c-64123bbe27e8', '41fc6af9-320d-5aaf-a6cb-58bfb3aa9964', 'PLAIN', 'NEGATIVE', 'PAST', 1, '聞かなかった');
INSERT INTO "vocabulary"."conjugation" ("id", "conjugation_set_id", "politeness_code", "charge_code", "form_code", "sort_rank", "value") VALUES ('aa47514a-f855-5de5-845d-7b1cdac077a9', '41fc6af9-320d-5aaf-a6cb-58bfb3aa9964', 'PLAIN', 'NEGATIVE', 'TE', 1, '聞かなくて');
INSERT INTO "vocabulary"."conjugation" ("id", "conjugation_set_id", "politeness_code", "charge_code", "form_code", "sort_rank", "value") VALUES ('678fdec5-534a-580b-81e2-297c8f204f10', '41fc6af9-320d-5aaf-a6cb-58bfb3aa9964', 'POLITE', 'POSITIVE', 'PRESENT', 1, '聞きます');
INSERT INTO "vocabulary"."conjugation" ("id", "conjugation_set_id", "politeness_code", "charge_code", "form_code", "sort_rank", "value") VALUES ('30e17acb-5a7b-5775-ad7a-1cb087b23eaa', '41fc6af9-320d-5aaf-a6cb-58bfb3aa9964', 'POLITE', 'POSITIVE', 'PAST', 1, '聞きました');
INSERT INTO "vocabulary"."conjugation" ("id", "conjugation_set_id", "politeness_code", "charge_code", "form_code", "sort_rank", "value") VALUES ('ad9ebdf0-1bc1-55ad-8c3d-83674d37ca35', '41fc6af9-320d-5aaf-a6cb-58bfb3aa9964', 'POLITE', 'NEGATIVE', 'PRESENT', 1, '聞きません');
INSERT INTO "vocabulary"."conjugation" ("id", "conjugation_set_id", "politeness_code", "charge_code", "form_code", "sort_rank", "value") VALUES ('81df193b-f843-548b-9f01-9fc9b0397f15', '41fc6af9-320d-5aaf-a6cb-58bfb3aa9964', 'POLITE', 'NEGATIVE', 'PAST', 1, '聞きませんでした');
-- 飲む | to drink; to swallow --;
INSERT INTO "vocabulary"."vocabulary" ("id", "word_class_code", "conjugation_kind_code", "jlpt_level", "row_num", "tags", "date_added") VALUES ('b8a9c502-6f50-5d50-96f1-417feef69161', 'VERB', 'GODAN_VERB', 5, 215, '{}', '2022-07-24');
INSERT INTO "vocabulary"."definition" ("id", "vocabulary_id", "sort_rank", "value") VALUES ('22f90169-82f9-50de-862b-3f5e29a7e24c', 'b8a9c502-6f50-5d50-96f1-417feef69161', 1, 'to drink; to swallow');
INSERT INTO "vocabulary"."spelling" ("id", "vocabulary_id", "spelling_kind_code", "value") VALUES ('3cb821d2-fbaf-5b85-ac36-fcd90b1c8d21', 'b8a9c502-6f50-5d50-96f1-417feef69161', 'KANJI', '飲む');
INSERT INTO "vocabulary"."spelling" ("id", "vocabulary_id", "spelling_kind_code", "value") VALUES ('c1edbcc5-68e3-59fa-91c6-2b2539c293f1', 'b8a9c502-6f50-5d50-96f1-417feef69161', 'HIRAGANA', 'のむ');
INSERT INTO "vocabulary"."spelling" ("id", "vocabulary_id", "spelling_kind_code", "value") VALUES ('082f9ce2-0dbe-5f30-8632-b6a278f5af6b', 'b8a9c502-6f50-5d50-96f1-417feef69161', 'KANJI', '飲む');
INSERT INTO "vocabulary"."conjugation_set" ("id", "vocabulary_id") VALUES ('fbf9ecff-2a0b-5ab8-8909-870dbb6c3f96', 'b8a9c502-6f50-5d50-96f1-417feef69161');
INSERT INTO "vocabulary"."linkages" ("vocabulary_id", "preferred_definition_id", "preferred_spelling_id", "phonetic_spelling_id", "alt_phonetic_spelling_id", "kanji_spelling_id", "conjugation_set_id") VALUES ('b8a9c502-6f50-5d50-96f1-417feef69161', '22f90169-82f9-50de-862b-3f5e29a7e24c', '3cb821d2-fbaf-5b85-ac36-fcd90b1c8d21', 'c1edbcc5-68e3-59fa-91c6-2b2539c293f1', NULL, '082f9ce2-0dbe-5f30-8632-b6a278f5af6b', 'fbf9ecff-2a0b-5ab8-8909-870dbb6c3f96');
INSERT INTO "vocabulary"."reference" ("vocabulary_id", "lesson_code") VALUES ('b8a9c502-6f50-5d50-96f1-417feef69161', 'DUO_02_03');
INSERT INTO "vocabulary"."reference" ("vocabulary_id", "lesson_code") VALUES ('b8a9c502-6f50-5d50-96f1-417feef69161', 'DUO_U07');
INSERT INTO "vocabulary"."reference" ("vocabulary_id", "lesson_code") VALUES ('b8a9c502-6f50-5d50-96f1-417feef69161', 'GENKI3_L03');
INSERT INTO "vocabulary"."conjugation" ("id", "conjugation_set_id", "politeness_code", "charge_code", "form_code", "sort_rank", "value") VALUES ('cc85b71c-23b1-50a1-91b2-55a74c41240d', 'fbf9ecff-2a0b-5ab8-8909-870dbb6c3f96', 'PLAIN', 'POSITIVE', 'PRESENT', 1, '飲む');
INSERT INTO "vocabulary"."conjugation" ("id", "conjugation_set_id", "politeness_code", "charge_code", "form_code", "sort_rank", "value") VALUES ('fddaf89c-cd23-5730-bd76-6dd9a25afdc5', 'fbf9ecff-2a0b-5ab8-8909-870dbb6c3f96', 'PLAIN', 'POSITIVE', 'PAST', 1, '飲んだ');
INSERT INTO "vocabulary"."conjugation" ("id", "conjugation_set_id", "politeness_code", "charge_code", "form_code", "sort_rank", "value") VALUES ('5e0f4eef-a5da-55e6-b6ea-34354c949389', 'fbf9ecff-2a0b-5ab8-8909-870dbb6c3f96', 'PLAIN', 'POSITIVE', 'TE', 1, '飲んで');
INSERT INTO "vocabulary"."conjugation" ("id", "conjugation_set_id", "politeness_code", "charge_code", "form_code", "sort_rank", "value") VALUES ('34b07e61-9365-554c-a070-b59783863bcf', 'fbf9ecff-2a0b-5ab8-8909-870dbb6c3f96', 'PLAIN', 'NEGATIVE', 'PRESENT', 1, '飲まない');
INSERT INTO "vocabulary"."conjugation" ("id", "conjugation_set_id", "politeness_code", "charge_code", "form_code", "sort_rank", "value") VALUES ('54675362-7e65-5ae9-ba58-b107742604a5', 'fbf9ecff-2a0b-5ab8-8909-870dbb6c3f96', 'PLAIN', 'NEGATIVE', 'PAST', 1, '飲まなかった');
INSERT INTO "vocabulary"."conjugation" ("id", "conjugation_set_id", "politeness_code", "charge_code", "form_code", "sort_rank", "value") VALUES ('93ce2785-5c73-5ae2-a6dd-aa55a8a5154e', 'fbf9ecff-2a0b-5ab8-8909-870dbb6c3f96', 'PLAIN', 'NEGATIVE', 'TE', 1, '飲まなくて');
INSERT INTO "vocabulary"."conjugation" ("id", "conjugation_set_id", "politeness_code", "charge_code", "form_code", "sort_rank", "value") VALUES ('5ec6375b-2f06-5264-b3fb-622046edc866', 'fbf9ecff-2a0b-5ab8-8909-870dbb6c3f96', 'POLITE', 'POSITIVE', 'PRESENT', 1, '飲みます');
INSERT INTO "vocabulary"."conjugation" ("id", "conjugation_set_id", "politeness_code", "charge_code", "form_code", "sort_rank", "value") VALUES ('7c48401f-8d24-5d11-adf2-4a20ae957c2a', 'fbf9ecff-2a0b-5ab8-8909-870dbb6c3f96', 'POLITE', 'POSITIVE', 'PAST', 1, '飲みました');
INSERT INTO "vocabulary"."conjugation" ("id", "conjugation_set_id", "politeness_code", "charge_code", "form_code", "sort_rank", "value") VALUES ('12e49c64-b9d5-5956-a8d6-3baccd74f4bf', 'fbf9ecff-2a0b-5ab8-8909-870dbb6c3f96', 'POLITE', 'NEGATIVE', 'PRESENT', 1, '飲みません');
INSERT INTO "vocabulary"."conjugation" ("id", "conjugation_set_id", "politeness_code", "charge_code", "form_code", "sort_rank", "value") VALUES ('e955a589-d21b-5922-8b1e-901ec5b2f55d', 'fbf9ecff-2a0b-5ab8-8909-870dbb6c3f96', 'POLITE', 'NEGATIVE', 'PAST', 1, '飲みませんでした');
-- 話す | to speak; to talk --;
INSERT INTO "vocabulary"."vocabulary" ("id", "word_class_code", "conjugation_kind_code", "jlpt_level", "row_num", "tags", "date_added") VALUES ('87e72b5b-0332-5b61-b21c-ea8cc6a05c1f', 'VERB', 'GODAN_VERB', 5, 216, '{}', '2022-07-24');
INSERT INTO "vocabulary"."definition" ("id", "vocabulary_id", "sort_rank", "value") VALUES ('9bab6f77-4bba-5342-be2f-a68648f140da', '87e72b5b-0332-5b61-b21c-ea8cc6a05c1f', 1, 'to speak; to talk');
INSERT INTO "vocabulary"."spelling" ("id", "vocabulary_id", "spelling_kind_code", "value") VALUES ('73033639-6d42-55b4-9946-fa07700610a6', '87e72b5b-0332-5b61-b21c-ea8cc6a05c1f', 'KANJI', '話す');
INSERT INTO "vocabulary"."spelling" ("id", "vocabulary_id", "spelling_kind_code", "value") VALUES ('88947e11-ff75-5cba-b4b7-10d632f8cacf', '87e72b5b-0332-5b61-b21c-ea8cc6a05c1f', 'HIRAGANA', 'はなす');
INSERT INTO "vocabulary"."spelling" ("id", "vocabulary_id", "spelling_kind_code", "value") VALUES ('ef2f6494-7d03-573e-b623-5ac85df9b17a', '87e72b5b-0332-5b61-b21c-ea8cc6a05c1f', 'KANJI', '話す');
INSERT INTO "vocabulary"."conjugation_set" ("id", "vocabulary_id") VALUES ('c7be8980-a66f-5c9f-8182-5dfeb223c1c3', '87e72b5b-0332-5b61-b21c-ea8cc6a05c1f');
INSERT INTO "vocabulary"."linkages" ("vocabulary_id", "preferred_definition_id", "preferred_spelling_id", "phonetic_spelling_id", "alt_phonetic_spelling_id", "kanji_spelling_id", "conjugation_set_id") VALUES ('87e72b5b-0332-5b61-b21c-ea8cc6a05c1f', '9bab6f77-4bba-5342-be2f-a68648f140da', '73033639-6d42-55b4-9946-fa07700610a6', '88947e11-ff75-5cba-b4b7-10d632f8cacf', NULL, 'ef2f6494-7d03-573e-b623-5ac85df9b17a', 'c7be8980-a66f-5c9f-8182-5dfeb223c1c3');
INSERT INTO "vocabulary"."reference" ("vocabulary_id", "lesson_code") VALUES ('87e72b5b-0332-5b61-b21c-ea8cc6a05c1f', 'GENKI3_L03');
INSERT INTO "vocabulary"."conjugation" ("id", "conjugation_set_id", "politeness_code", "charge_code", "form_code", "sort_rank", "value") VALUES ('c6e41a63-2bc8-5520-a2a0-5edccb5f5358', 'c7be8980-a66f-5c9f-8182-5dfeb223c1c3', 'PLAIN', 'POSITIVE', 'PRESENT', 1, '話す');
INSERT INTO "vocabulary"."conjugation" ("id", "conjugation_set_id", "politeness_code", "charge_code", "form_code", "sort_rank", "value") VALUES ('b8fcff66-dc73-5d54-936d-a25b5ec304be', 'c7be8980-a66f-5c9f-8182-5dfeb223c1c3', 'PLAIN', 'POSITIVE', 'PAST', 1, '話した');
INSERT INTO "vocabulary"."conjugation" ("id", "conjugation_set_id", "politeness_code", "charge_code", "form_code", "sort_rank", "value") VALUES ('d2aa30f7-fd3a-5374-8c9c-d5a67a515b5a', 'c7be8980-a66f-5c9f-8182-5dfeb223c1c3', 'PLAIN', 'POSITIVE', 'TE', 1, '話して');
INSERT INTO "vocabulary"."conjugation" ("id", "conjugation_set_id", "politeness_code", "charge_code", "form_code", "sort_rank", "value") VALUES ('6bfaf873-2126-58cc-8c5d-72d1317fbc20', 'c7be8980-a66f-5c9f-8182-5dfeb223c1c3', 'PLAIN', 'NEGATIVE', 'PRESENT', 1, '話さない');
INSERT INTO "vocabulary"."conjugation" ("id", "conjugation_set_id", "politeness_code", "charge_code", "form_code", "sort_rank", "value") VALUES ('204220e9-02b3-593f-9081-b028b5fd9481', 'c7be8980-a66f-5c9f-8182-5dfeb223c1c3', 'PLAIN', 'NEGATIVE', 'PAST', 1, '話さなかった');
INSERT INTO "vocabulary"."conjugation" ("id", "conjugation_set_id", "politeness_code", "charge_code", "form_code", "sort_rank", "value") VALUES ('7a53f9e6-ca6a-5c86-bf29-5d0eb1b16bf4', 'c7be8980-a66f-5c9f-8182-5dfeb223c1c3', 'PLAIN', 'NEGATIVE', 'TE', 1, '話さなくて');
INSERT INTO "vocabulary"."conjugation" ("id", "conjugation_set_id", "politeness_code", "charge_code", "form_code", "sort_rank", "value") VALUES ('cc4e6ffb-c679-53f7-b9c9-c0aaf5f2314f', 'c7be8980-a66f-5c9f-8182-5dfeb223c1c3', 'POLITE', 'POSITIVE', 'PRESENT', 1, '話します');
INSERT INTO "vocabulary"."conjugation" ("id", "conjugation_set_id", "politeness_code", "charge_code", "form_code", "sort_rank", "value") VALUES ('3e2cb80c-41e8-59b9-9f1f-d1382ccf4b95', 'c7be8980-a66f-5c9f-8182-5dfeb223c1c3', 'POLITE', 'POSITIVE', 'PAST', 1, '話しました');
INSERT INTO "vocabulary"."conjugation" ("id", "conjugation_set_id", "politeness_code", "charge_code", "form_code", "sort_rank", "value") VALUES ('8e7e9f6d-7c02-56b7-933d-eb9438e552c2', 'c7be8980-a66f-5c9f-8182-5dfeb223c1c3', 'POLITE', 'NEGATIVE', 'PRESENT', 1, '話しません');
INSERT INTO "vocabulary"."conjugation" ("id", "conjugation_set_id", "politeness_code", "charge_code", "form_code", "sort_rank", "value") VALUES ('8300f7db-c535-5a5d-ae84-87bd7df429c3', 'c7be8980-a66f-5c9f-8182-5dfeb223c1c3', 'POLITE', 'NEGATIVE', 'PAST', 1, '話しませんでした');
-- 読む | to read --;
INSERT INTO "vocabulary"."vocabulary" ("id", "word_class_code", "conjugation_kind_code", "jlpt_level", "row_num", "tags", "date_added") VALUES ('615aadf7-6900-5c48-814a-d6cc0884ae86', 'VERB', 'GODAN_VERB', 5, 217, '{}', '2022-07-24');
INSERT INTO "vocabulary"."definition" ("id", "vocabulary_id", "sort_rank", "value") VALUES ('b04f08cb-c386-52ff-9087-fbd63dab8e93', '615aadf7-6900-5c48-814a-d6cc0884ae86', 1, 'to read');
INSERT INTO "vocabulary"."spelling" ("id", "vocabulary_id", "spelling_kind_code", "value") VALUES ('ab38e31a-b4c5-50f7-b66e-94e921cf3829', '615aadf7-6900-5c48-814a-d6cc0884ae86', 'KANJI', '読む');
INSERT INTO "vocabulary"."spelling" ("id", "vocabulary_id", "spelling_kind_code", "value") VALUES ('52eabef3-0283-5615-ade4-0a1a453b72e7', '615aadf7-6900-5c48-814a-d6cc0884ae86', 'HIRAGANA', 'よむ');
INSERT INTO "vocabulary"."spelling" ("id", "vocabulary_id", "spelling_kind_code", "value") VALUES ('0f2b3ee0-1f70-5912-942a-4c95bdc02791', '615aadf7-6900-5c48-814a-d6cc0884ae86', 'KANJI', '読む');
INSERT INTO "vocabulary"."conjugation_set" ("id", "vocabulary_id") VALUES ('b476a92e-dc11-5911-86ad-4d8afb657b7d', '615aadf7-6900-5c48-814a-d6cc0884ae86');
INSERT INTO "vocabulary"."linkages" ("vocabulary_id", "preferred_definition_id", "preferred_spelling_id", "phonetic_spelling_id", "alt_phonetic_spelling_id", "kanji_spelling_id", "conjugation_set_id") VALUES ('615aadf7-6900-5c48-814a-d6cc0884ae86', 'b04f08cb-c386-52ff-9087-fbd63dab8e93', 'ab38e31a-b4c5-50f7-b66e-94e921cf3829', '52eabef3-0283-5615-ade4-0a1a453b72e7', NULL, '0f2b3ee0-1f70-5912-942a-4c95bdc02791', 'b476a92e-dc11-5911-86ad-4d8afb657b7d');
INSERT INTO "vocabulary"."reference" ("vocabulary_id", "lesson_code") VALUES ('615aadf7-6900-5c48-814a-d6cc0884ae86', 'DUO_01_02');
INSERT INTO "vocabulary"."reference" ("vocabulary_id", "lesson_code") VALUES ('615aadf7-6900-5c48-814a-d6cc0884ae86', 'DUO_U01');
INSERT INTO "vocabulary"."reference" ("vocabulary_id", "lesson_code") VALUES ('615aadf7-6900-5c48-814a-d6cc0884ae86', 'GENKI3_L03');
INSERT INTO "vocabulary"."conjugation" ("id", "conjugation_set_id", "politeness_code", "charge_code", "form_code", "sort_rank", "value") VALUES ('76e93253-83cb-5517-842d-64a69e3c62f7', 'b476a92e-dc11-5911-86ad-4d8afb657b7d', 'PLAIN', 'POSITIVE', 'PRESENT', 1, '読む');
INSERT INTO "vocabulary"."conjugation" ("id", "conjugation_set_id", "politeness_code", "charge_code", "form_code", "sort_rank", "value") VALUES ('1f0f1bf9-635b-5731-a8a8-41b568ac9512', 'b476a92e-dc11-5911-86ad-4d8afb657b7d', 'PLAIN', 'POSITIVE', 'PAST', 1, '読んだ');
INSERT INTO "vocabulary"."conjugation" ("id", "conjugation_set_id", "politeness_code", "charge_code", "form_code", "sort_rank", "value") VALUES ('db11d240-7b17-5189-a288-c24b418febc7', 'b476a92e-dc11-5911-86ad-4d8afb657b7d', 'PLAIN', 'POSITIVE', 'TE', 1, '読んで');
INSERT INTO "vocabulary"."conjugation" ("id", "conjugation_set_id", "politeness_code", "charge_code", "form_code", "sort_rank", "value") VALUES ('672479ab-0793-505f-be22-0e6600b90859', 'b476a92e-dc11-5911-86ad-4d8afb657b7d', 'PLAIN', 'NEGATIVE', 'PRESENT', 1, '読まない');
INSERT INTO "vocabulary"."conjugation" ("id", "conjugation_set_id", "politeness_code", "charge_code", "form_code", "sort_rank", "value") VALUES ('b652caa5-7875-5dc5-b78a-8e1c7cacacc7', 'b476a92e-dc11-5911-86ad-4d8afb657b7d', 'PLAIN', 'NEGATIVE', 'PAST', 1, '読まなかった');
INSERT INTO "vocabulary"."conjugation" ("id", "conjugation_set_id", "politeness_code", "charge_code", "form_code", "sort_rank", "value") VALUES ('c2af4207-7dfa-5e11-baf4-7d1e492ce441', 'b476a92e-dc11-5911-86ad-4d8afb657b7d', 'PLAIN', 'NEGATIVE', 'TE', 1, '読まなくて');
INSERT INTO "vocabulary"."conjugation" ("id", "conjugation_set_id", "politeness_code", "charge_code", "form_code", "sort_rank", "value") VALUES ('53f35499-257d-51fe-a509-53824fc7a200', 'b476a92e-dc11-5911-86ad-4d8afb657b7d', 'POLITE', 'POSITIVE', 'PRESENT', 1, '読みます');
INSERT INTO "vocabulary"."conjugation" ("id", "conjugation_set_id", "politeness_code", "charge_code", "form_code", "sort_rank", "value") VALUES ('b3554b0a-3a72-5eaa-8658-6008a71d68e9', 'b476a92e-dc11-5911-86ad-4d8afb657b7d', 'POLITE', 'POSITIVE', 'PAST', 1, '読みました');
INSERT INTO "vocabulary"."conjugation" ("id", "conjugation_set_id", "politeness_code", "charge_code", "form_code", "sort_rank", "value") VALUES ('06ea0496-516d-5ea1-b9ad-cbd8e992d1ad', 'b476a92e-dc11-5911-86ad-4d8afb657b7d', 'POLITE', 'NEGATIVE', 'PRESENT', 1, '読みません');
INSERT INTO "vocabulary"."conjugation" ("id", "conjugation_set_id", "politeness_code", "charge_code", "form_code", "sort_rank", "value") VALUES ('eff5bc66-d4c8-59e2-a98d-1630a6c0322c', 'b476a92e-dc11-5911-86ad-4d8afb657b7d', 'POLITE', 'NEGATIVE', 'PAST', 1, '読みませんでした');
-- 着る | to wear --;
INSERT INTO "vocabulary"."vocabulary" ("id", "word_class_code", "conjugation_kind_code", "jlpt_level", "row_num", "tags", "date_added") VALUES ('184de362-74cc-5125-a9b9-8658bb577f7d', 'VERB', 'ICHIDAN_VERB', 5, 218, '{}', '2022-08-12');
INSERT INTO "vocabulary"."definition" ("id", "vocabulary_id", "sort_rank", "value") VALUES ('25965431-c5a3-586d-b404-8a318501bebf', '184de362-74cc-5125-a9b9-8658bb577f7d', 1, 'to wear');
INSERT INTO "vocabulary"."spelling" ("id", "vocabulary_id", "spelling_kind_code", "value") VALUES ('0b77a691-eae4-5200-977d-6f247eb91b6d', '184de362-74cc-5125-a9b9-8658bb577f7d', 'KANJI', '着る');
INSERT INTO "vocabulary"."spelling" ("id", "vocabulary_id", "spelling_kind_code", "value") VALUES ('59c0e114-153c-58c1-9490-8f47879b7c6d', '184de362-74cc-5125-a9b9-8658bb577f7d', 'HIRAGANA', 'きる');
INSERT INTO "vocabulary"."spelling" ("id", "vocabulary_id", "spelling_kind_code", "value") VALUES ('efea8a95-dc57-56d3-a607-b2eba1c6c6a3', '184de362-74cc-5125-a9b9-8658bb577f7d', 'KANJI', '着る');
INSERT INTO "vocabulary"."conjugation_set" ("id", "vocabulary_id") VALUES ('39de9347-5e59-5b3d-9e18-d8210397a64e', '184de362-74cc-5125-a9b9-8658bb577f7d');
INSERT INTO "vocabulary"."linkages" ("vocabulary_id", "preferred_definition_id", "preferred_spelling_id", "phonetic_spelling_id", "alt_phonetic_spelling_id", "kanji_spelling_id", "conjugation_set_id") VALUES ('184de362-74cc-5125-a9b9-8658bb577f7d', '25965431-c5a3-586d-b404-8a318501bebf', '0b77a691-eae4-5200-977d-6f247eb91b6d', '59c0e114-153c-58c1-9490-8f47879b7c6d', NULL, 'efea8a95-dc57-56d3-a607-b2eba1c6c6a3', '39de9347-5e59-5b3d-9e18-d8210397a64e');
INSERT INTO "vocabulary"."reference" ("vocabulary_id", "lesson_code") VALUES ('184de362-74cc-5125-a9b9-8658bb577f7d', 'DUO_01_02');
INSERT INTO "vocabulary"."reference" ("vocabulary_id", "lesson_code") VALUES ('184de362-74cc-5125-a9b9-8658bb577f7d', 'DUO_U01');
INSERT INTO "vocabulary"."reference" ("vocabulary_id", "lesson_code") VALUES ('184de362-74cc-5125-a9b9-8658bb577f7d', 'GENKI3_L07');
INSERT INTO "vocabulary"."conjugation" ("id", "conjugation_set_id", "politeness_code", "charge_code", "form_code", "sort_rank", "value") VALUES ('124c7574-9aa8-55bf-b74e-a7a2bee04a04', '39de9347-5e59-5b3d-9e18-d8210397a64e', 'PLAIN', 'POSITIVE', 'PRESENT', 1, '着る');
INSERT INTO "vocabulary"."conjugation" ("id", "conjugation_set_id", "politeness_code", "charge_code", "form_code", "sort_rank", "value") VALUES ('e381e11a-90b8-5d67-9819-409b9c344162', '39de9347-5e59-5b3d-9e18-d8210397a64e', 'PLAIN', 'POSITIVE', 'PAST', 1, '着た');
INSERT INTO "vocabulary"."conjugation" ("id", "conjugation_set_id", "politeness_code", "charge_code", "form_code", "sort_rank", "value") VALUES ('b4662dd8-72f4-5ada-ba7f-6574398dd9f6', '39de9347-5e59-5b3d-9e18-d8210397a64e', 'PLAIN', 'POSITIVE', 'TE', 1, '着て');
INSERT INTO "vocabulary"."conjugation" ("id", "conjugation_set_id", "politeness_code", "charge_code", "form_code", "sort_rank", "value") VALUES ('24cfb8f1-c19e-5258-b2ed-64655f2cb3f8', '39de9347-5e59-5b3d-9e18-d8210397a64e', 'PLAIN', 'NEGATIVE', 'PRESENT', 1, '着ない');
INSERT INTO "vocabulary"."conjugation" ("id", "conjugation_set_id", "politeness_code", "charge_code", "form_code", "sort_rank", "value") VALUES ('78d1f1e4-b50b-586a-98e7-82d0bc0f6bb7', '39de9347-5e59-5b3d-9e18-d8210397a64e', 'PLAIN', 'NEGATIVE', 'PAST', 1, '着なかった');
INSERT INTO "vocabulary"."conjugation" ("id", "conjugation_set_id", "politeness_code", "charge_code", "form_code", "sort_rank", "value") VALUES ('3b6f8ad6-845e-5537-b561-57a90af46050', '39de9347-5e59-5b3d-9e18-d8210397a64e', 'PLAIN', 'NEGATIVE', 'TE', 1, '着なくて');
INSERT INTO "vocabulary"."conjugation" ("id", "conjugation_set_id", "politeness_code", "charge_code", "form_code", "sort_rank", "value") VALUES ('a4e2d49d-0c68-52fe-ac24-6bdc4eb2693b', '39de9347-5e59-5b3d-9e18-d8210397a64e', 'POLITE', 'POSITIVE', 'PRESENT', 1, '着ます');
INSERT INTO "vocabulary"."conjugation" ("id", "conjugation_set_id", "politeness_code", "charge_code", "form_code", "sort_rank", "value") VALUES ('1b5be3df-17ad-58c8-979a-e881ba66b8a8', '39de9347-5e59-5b3d-9e18-d8210397a64e', 'POLITE', 'POSITIVE', 'PAST', 1, '着ました');
INSERT INTO "vocabulary"."conjugation" ("id", "conjugation_set_id", "politeness_code", "charge_code", "form_code", "sort_rank", "value") VALUES ('3263705e-98f3-5c19-8fe2-81ab6a4d24ab', '39de9347-5e59-5b3d-9e18-d8210397a64e', 'POLITE', 'NEGATIVE', 'PRESENT', 1, '着ません');
INSERT INTO "vocabulary"."conjugation" ("id", "conjugation_set_id", "politeness_code", "charge_code", "form_code", "sort_rank", "value") VALUES ('3699470d-6c2e-556f-909b-f7f91e668e09', '39de9347-5e59-5b3d-9e18-d8210397a64e', 'POLITE', 'NEGATIVE', 'PAST', 1, '着ませんでした');
-- 起きる | to get up --;
INSERT INTO "vocabulary"."vocabulary" ("id", "word_class_code", "conjugation_kind_code", "jlpt_level", "row_num", "tags", "date_added") VALUES ('bd0e8ffa-f7cd-5b27-8481-6ecb87512f6c', 'VERB', 'ICHIDAN_VERB', 5, 219, '{}', '2022-07-24');
INSERT INTO "vocabulary"."definition" ("id", "vocabulary_id", "sort_rank", "value") VALUES ('d03d7a0d-4b7c-56b3-a63d-d2cc70f21aa8', 'bd0e8ffa-f7cd-5b27-8481-6ecb87512f6c', 1, 'to get up');
INSERT INTO "vocabulary"."spelling" ("id", "vocabulary_id", "spelling_kind_code", "value") VALUES ('092d8faa-ac13-579d-9a42-96afe4d720a2', 'bd0e8ffa-f7cd-5b27-8481-6ecb87512f6c', 'KANJI', '起きる');
INSERT INTO "vocabulary"."spelling" ("id", "vocabulary_id", "spelling_kind_code", "value") VALUES ('9ead58db-63d9-571a-935e-25e8466fc9c2', 'bd0e8ffa-f7cd-5b27-8481-6ecb87512f6c', 'HIRAGANA', 'おきる');
INSERT INTO "vocabulary"."spelling" ("id", "vocabulary_id", "spelling_kind_code", "value") VALUES ('2856f7e2-561c-5a7f-a6f2-b402ffb7c0c5', 'bd0e8ffa-f7cd-5b27-8481-6ecb87512f6c', 'KANJI', '起きる');
INSERT INTO "vocabulary"."conjugation_set" ("id", "vocabulary_id") VALUES ('34494ad4-0997-5482-b728-72f39a1945cd', 'bd0e8ffa-f7cd-5b27-8481-6ecb87512f6c');
INSERT INTO "vocabulary"."linkages" ("vocabulary_id", "preferred_definition_id", "preferred_spelling_id", "phonetic_spelling_id", "alt_phonetic_spelling_id", "kanji_spelling_id", "conjugation_set_id") VALUES ('bd0e8ffa-f7cd-5b27-8481-6ecb87512f6c', 'd03d7a0d-4b7c-56b3-a63d-d2cc70f21aa8', '092d8faa-ac13-579d-9a42-96afe4d720a2', '9ead58db-63d9-571a-935e-25e8466fc9c2', NULL, '2856f7e2-561c-5a7f-a6f2-b402ffb7c0c5', '34494ad4-0997-5482-b728-72f39a1945cd');
INSERT INTO "vocabulary"."reference" ("vocabulary_id", "lesson_code") VALUES ('bd0e8ffa-f7cd-5b27-8481-6ecb87512f6c', 'DUO_02_03');
INSERT INTO "vocabulary"."reference" ("vocabulary_id", "lesson_code") VALUES ('bd0e8ffa-f7cd-5b27-8481-6ecb87512f6c', 'DUO_U07');
INSERT INTO "vocabulary"."reference" ("vocabulary_id", "lesson_code") VALUES ('bd0e8ffa-f7cd-5b27-8481-6ecb87512f6c', 'GENKI3_L03');
INSERT INTO "vocabulary"."conjugation" ("id", "conjugation_set_id", "politeness_code", "charge_code", "form_code", "sort_rank", "value") VALUES ('82215ca0-2623-5b67-bdb9-8764341d306a', '34494ad4-0997-5482-b728-72f39a1945cd', 'PLAIN', 'POSITIVE', 'PRESENT', 1, '起きる');
INSERT INTO "vocabulary"."conjugation" ("id", "conjugation_set_id", "politeness_code", "charge_code", "form_code", "sort_rank", "value") VALUES ('259cd349-08d6-5e4f-8015-b2fb89ee5ff7', '34494ad4-0997-5482-b728-72f39a1945cd', 'PLAIN', 'POSITIVE', 'PAST', 1, '起きた');
INSERT INTO "vocabulary"."conjugation" ("id", "conjugation_set_id", "politeness_code", "charge_code", "form_code", "sort_rank", "value") VALUES ('b7e2c2d8-808f-5227-86c6-fc74f4807878', '34494ad4-0997-5482-b728-72f39a1945cd', 'PLAIN', 'POSITIVE', 'TE', 1, '起きて');
INSERT INTO "vocabulary"."conjugation" ("id", "conjugation_set_id", "politeness_code", "charge_code", "form_code", "sort_rank", "value") VALUES ('162400c9-647c-5827-9c05-d05e72368321', '34494ad4-0997-5482-b728-72f39a1945cd', 'PLAIN', 'NEGATIVE', 'PRESENT', 1, '起きない');
INSERT INTO "vocabulary"."conjugation" ("id", "conjugation_set_id", "politeness_code", "charge_code", "form_code", "sort_rank", "value") VALUES ('a3491f31-6aca-55a5-9ed3-c70f3f2eec34', '34494ad4-0997-5482-b728-72f39a1945cd', 'PLAIN', 'NEGATIVE', 'PAST', 1, '起きなかった');
INSERT INTO "vocabulary"."conjugation" ("id", "conjugation_set_id", "politeness_code", "charge_code", "form_code", "sort_rank", "value") VALUES ('b8b13d77-d8bb-565a-9dba-235b7b00b2c2', '34494ad4-0997-5482-b728-72f39a1945cd', 'PLAIN', 'NEGATIVE', 'TE', 1, '起きなくて');
INSERT INTO "vocabulary"."conjugation" ("id", "conjugation_set_id", "politeness_code", "charge_code", "form_code", "sort_rank", "value") VALUES ('c5470787-6f24-577e-98b2-be39bc933dcb', '34494ad4-0997-5482-b728-72f39a1945cd', 'POLITE', 'POSITIVE', 'PRESENT', 1, '起きます');
INSERT INTO "vocabulary"."conjugation" ("id", "conjugation_set_id", "politeness_code", "charge_code", "form_code", "sort_rank", "value") VALUES ('de67828d-e944-533b-a3e3-a2a212fb53b5', '34494ad4-0997-5482-b728-72f39a1945cd', 'POLITE', 'POSITIVE', 'PAST', 1, '起きました');
INSERT INTO "vocabulary"."conjugation" ("id", "conjugation_set_id", "politeness_code", "charge_code", "form_code", "sort_rank", "value") VALUES ('0208f52b-edef-5949-aec2-538471ab2699', '34494ad4-0997-5482-b728-72f39a1945cd', 'POLITE', 'NEGATIVE', 'PRESENT', 1, '起きません');
INSERT INTO "vocabulary"."conjugation" ("id", "conjugation_set_id", "politeness_code", "charge_code", "form_code", "sort_rank", "value") VALUES ('71fb2e9f-fe50-5993-858f-66ba56aac43f', '34494ad4-0997-5482-b728-72f39a1945cd', 'POLITE', 'NEGATIVE', 'PAST', 1, '起きませんでした');
-- 食べる | to eat --;
INSERT INTO "vocabulary"."vocabulary" ("id", "word_class_code", "conjugation_kind_code", "jlpt_level", "row_num", "tags", "date_added") VALUES ('28166f6b-3aba-5230-9bd4-18e1a467bc3f', 'VERB', 'ICHIDAN_VERB', 5, 220, '{}', '2022-07-24');
INSERT INTO "vocabulary"."definition" ("id", "vocabulary_id", "sort_rank", "value") VALUES ('e9e36461-91cf-5d0c-9e10-ef26e36ba7ba', '28166f6b-3aba-5230-9bd4-18e1a467bc3f', 1, 'to eat');
INSERT INTO "vocabulary"."spelling" ("id", "vocabulary_id", "spelling_kind_code", "value") VALUES ('31a08c23-49ad-5975-ab55-4b41e159466f', '28166f6b-3aba-5230-9bd4-18e1a467bc3f', 'KANJI', '食べる');
INSERT INTO "vocabulary"."spelling" ("id", "vocabulary_id", "spelling_kind_code", "value") VALUES ('dc3b1021-6c5c-57cd-9c18-9e59e3486fbb', '28166f6b-3aba-5230-9bd4-18e1a467bc3f', 'HIRAGANA', 'たべる');
INSERT INTO "vocabulary"."spelling" ("id", "vocabulary_id", "spelling_kind_code", "value") VALUES ('d4eca37a-8680-584c-b6d3-bc2a101e03e4', '28166f6b-3aba-5230-9bd4-18e1a467bc3f', 'KANJI', '食べる');
INSERT INTO "vocabulary"."conjugation_set" ("id", "vocabulary_id") VALUES ('5e8ea81d-c9c1-5c23-8ad1-b618b7eeb4af', '28166f6b-3aba-5230-9bd4-18e1a467bc3f');
INSERT INTO "vocabulary"."linkages" ("vocabulary_id", "preferred_definition_id", "preferred_spelling_id", "phonetic_spelling_id", "alt_phonetic_spelling_id", "kanji_spelling_id", "conjugation_set_id") VALUES ('28166f6b-3aba-5230-9bd4-18e1a467bc3f', 'e9e36461-91cf-5d0c-9e10-ef26e36ba7ba', '31a08c23-49ad-5975-ab55-4b41e159466f', 'dc3b1021-6c5c-57cd-9c18-9e59e3486fbb', NULL, 'd4eca37a-8680-584c-b6d3-bc2a101e03e4', '5e8ea81d-c9c1-5c23-8ad1-b618b7eeb4af');
INSERT INTO "vocabulary"."reference" ("vocabulary_id", "lesson_code") VALUES ('28166f6b-3aba-5230-9bd4-18e1a467bc3f', 'DUO_02_03');
INSERT INTO "vocabulary"."reference" ("vocabulary_id", "lesson_code") VALUES ('28166f6b-3aba-5230-9bd4-18e1a467bc3f', 'DUO_U07');
INSERT INTO "vocabulary"."reference" ("vocabulary_id", "lesson_code") VALUES ('28166f6b-3aba-5230-9bd4-18e1a467bc3f', 'GENKI3_L03');
INSERT INTO "vocabulary"."conjugation" ("id", "conjugation_set_id", "politeness_code", "charge_code", "form_code", "sort_rank", "value") VALUES ('9cc1ca19-72be-5111-91d0-44474d7f82a8', '5e8ea81d-c9c1-5c23-8ad1-b618b7eeb4af', 'PLAIN', 'POSITIVE', 'PRESENT', 1, '食べる');
INSERT INTO "vocabulary"."conjugation" ("id", "conjugation_set_id", "politeness_code", "charge_code", "form_code", "sort_rank", "value") VALUES ('0b872847-5cf5-5675-85ec-9eb1a4128a5f', '5e8ea81d-c9c1-5c23-8ad1-b618b7eeb4af', 'PLAIN', 'POSITIVE', 'PAST', 1, '食べた');
INSERT INTO "vocabulary"."conjugation" ("id", "conjugation_set_id", "politeness_code", "charge_code", "form_code", "sort_rank", "value") VALUES ('3191d072-9e74-53af-bb25-136536b6c884', '5e8ea81d-c9c1-5c23-8ad1-b618b7eeb4af', 'PLAIN', 'POSITIVE', 'TE', 1, '食べて');
INSERT INTO "vocabulary"."conjugation" ("id", "conjugation_set_id", "politeness_code", "charge_code", "form_code", "sort_rank", "value") VALUES ('1e3a8f08-1d9d-5e00-9df5-634e4f7d1acf', '5e8ea81d-c9c1-5c23-8ad1-b618b7eeb4af', 'PLAIN', 'NEGATIVE', 'PRESENT', 1, '食べない');
INSERT INTO "vocabulary"."conjugation" ("id", "conjugation_set_id", "politeness_code", "charge_code", "form_code", "sort_rank", "value") VALUES ('6a8ccbe5-e9f6-5bdd-adeb-54ce1f9c3cb9', '5e8ea81d-c9c1-5c23-8ad1-b618b7eeb4af', 'PLAIN', 'NEGATIVE', 'PAST', 1, '食べなかった');
INSERT INTO "vocabulary"."conjugation" ("id", "conjugation_set_id", "politeness_code", "charge_code", "form_code", "sort_rank", "value") VALUES ('90c7b4ad-2a70-5500-8f2a-cd5fd48c62cb', '5e8ea81d-c9c1-5c23-8ad1-b618b7eeb4af', 'PLAIN', 'NEGATIVE', 'TE', 1, '食べなくて');
INSERT INTO "vocabulary"."conjugation" ("id", "conjugation_set_id", "politeness_code", "charge_code", "form_code", "sort_rank", "value") VALUES ('a970f307-e63b-5023-8e75-0653166213a8', '5e8ea81d-c9c1-5c23-8ad1-b618b7eeb4af', 'POLITE', 'POSITIVE', 'PRESENT', 1, '食べます');
INSERT INTO "vocabulary"."conjugation" ("id", "conjugation_set_id", "politeness_code", "charge_code", "form_code", "sort_rank", "value") VALUES ('21fa3b28-f726-5b40-b5c8-6e627a3df889', '5e8ea81d-c9c1-5c23-8ad1-b618b7eeb4af', 'POLITE', 'POSITIVE', 'PAST', 1, '食べました');
INSERT INTO "vocabulary"."conjugation" ("id", "conjugation_set_id", "politeness_code", "charge_code", "form_code", "sort_rank", "value") VALUES ('675bd2fd-00db-5d1f-8551-ea2c172bc045', '5e8ea81d-c9c1-5c23-8ad1-b618b7eeb4af', 'POLITE', 'NEGATIVE', 'PRESENT', 1, '食べません');
INSERT INTO "vocabulary"."conjugation" ("id", "conjugation_set_id", "politeness_code", "charge_code", "form_code", "sort_rank", "value") VALUES ('7c956ac7-a2ce-5990-9002-9ed44d5accb2', '5e8ea81d-c9c1-5c23-8ad1-b618b7eeb4af', 'POLITE', 'NEGATIVE', 'PAST', 1, '食べませんでした');
-- 寝る | to sleep; to go to sleep --;
INSERT INTO "vocabulary"."vocabulary" ("id", "word_class_code", "conjugation_kind_code", "jlpt_level", "row_num", "tags", "date_added") VALUES ('45b4593b-f7a0-516e-84c4-68c7a7099243', 'VERB', 'ICHIDAN_VERB', 5, 221, '{}', '2022-07-24');
INSERT INTO "vocabulary"."definition" ("id", "vocabulary_id", "sort_rank", "value") VALUES ('b549283c-e6b6-5fed-8cd1-5e9f4cc2eb40', '45b4593b-f7a0-516e-84c4-68c7a7099243', 1, 'to sleep; to go to sleep');
INSERT INTO "vocabulary"."spelling" ("id", "vocabulary_id", "spelling_kind_code", "value") VALUES ('e33889a1-c45a-5d71-ad39-e97f60b2f711', '45b4593b-f7a0-516e-84c4-68c7a7099243', 'KANJI', '寝る');
INSERT INTO "vocabulary"."spelling" ("id", "vocabulary_id", "spelling_kind_code", "value") VALUES ('42f3a150-be9b-5159-bb66-6cbc8b2a38ab', '45b4593b-f7a0-516e-84c4-68c7a7099243', 'HIRAGANA', 'ねる');
INSERT INTO "vocabulary"."spelling" ("id", "vocabulary_id", "spelling_kind_code", "value") VALUES ('fa6b8b18-cb5f-5771-b480-b6233905a801', '45b4593b-f7a0-516e-84c4-68c7a7099243', 'KANJI', '寝る');
INSERT INTO "vocabulary"."conjugation_set" ("id", "vocabulary_id") VALUES ('791fb4dc-4473-5077-b787-76bd294b6b6e', '45b4593b-f7a0-516e-84c4-68c7a7099243');
INSERT INTO "vocabulary"."linkages" ("vocabulary_id", "preferred_definition_id", "preferred_spelling_id", "phonetic_spelling_id", "alt_phonetic_spelling_id", "kanji_spelling_id", "conjugation_set_id") VALUES ('45b4593b-f7a0-516e-84c4-68c7a7099243', 'b549283c-e6b6-5fed-8cd1-5e9f4cc2eb40', 'e33889a1-c45a-5d71-ad39-e97f60b2f711', '42f3a150-be9b-5159-bb66-6cbc8b2a38ab', NULL, 'fa6b8b18-cb5f-5771-b480-b6233905a801', '791fb4dc-4473-5077-b787-76bd294b6b6e');
INSERT INTO "vocabulary"."reference" ("vocabulary_id", "lesson_code") VALUES ('45b4593b-f7a0-516e-84c4-68c7a7099243', 'DUO_02_03');
INSERT INTO "vocabulary"."reference" ("vocabulary_id", "lesson_code") VALUES ('45b4593b-f7a0-516e-84c4-68c7a7099243', 'DUO_U07');
INSERT INTO "vocabulary"."reference" ("vocabulary_id", "lesson_code") VALUES ('45b4593b-f7a0-516e-84c4-68c7a7099243', 'GENKI3_L03');
INSERT INTO "vocabulary"."conjugation" ("id", "conjugation_set_id", "politeness_code", "charge_code", "form_code", "sort_rank", "value") VALUES ('1468fc96-6b78-55d8-8d88-36c88faf8596', '791fb4dc-4473-5077-b787-76bd294b6b6e', 'PLAIN', 'POSITIVE', 'PRESENT', 1, '寝る');
INSERT INTO "vocabulary"."conjugation" ("id", "conjugation_set_id", "politeness_code", "charge_code", "form_code", "sort_rank", "value") VALUES ('49d4a86c-2c61-5be4-b70e-753323e4e9db', '791fb4dc-4473-5077-b787-76bd294b6b6e', 'PLAIN', 'POSITIVE', 'PAST', 1, '寝た');
INSERT INTO "vocabulary"."conjugation" ("id", "conjugation_set_id", "politeness_code", "charge_code", "form_code", "sort_rank", "value") VALUES ('2e91f7e2-cb5d-5369-af13-f61e8a852204', '791fb4dc-4473-5077-b787-76bd294b6b6e', 'PLAIN', 'POSITIVE', 'TE', 1, '寝て');
INSERT INTO "vocabulary"."conjugation" ("id", "conjugation_set_id", "politeness_code", "charge_code", "form_code", "sort_rank", "value") VALUES ('6b5548b8-469b-53dd-997d-b7e320156c8f', '791fb4dc-4473-5077-b787-76bd294b6b6e', 'PLAIN', 'NEGATIVE', 'PRESENT', 1, '寝ない');
INSERT INTO "vocabulary"."conjugation" ("id", "conjugation_set_id", "politeness_code", "charge_code", "form_code", "sort_rank", "value") VALUES ('073924a6-b129-5d59-809f-4b72b8738bc7', '791fb4dc-4473-5077-b787-76bd294b6b6e', 'PLAIN', 'NEGATIVE', 'PAST', 1, '寝なかった');
INSERT INTO "vocabulary"."conjugation" ("id", "conjugation_set_id", "politeness_code", "charge_code", "form_code", "sort_rank", "value") VALUES ('dd74e198-33a0-5056-bf51-23a6544a70c6', '791fb4dc-4473-5077-b787-76bd294b6b6e', 'PLAIN', 'NEGATIVE', 'TE', 1, '寝なくて');
INSERT INTO "vocabulary"."conjugation" ("id", "conjugation_set_id", "politeness_code", "charge_code", "form_code", "sort_rank", "value") VALUES ('788ee490-3d07-58d5-a791-e7ecd7c2c4c3', '791fb4dc-4473-5077-b787-76bd294b6b6e', 'POLITE', 'POSITIVE', 'PRESENT', 1, '寝ます');
INSERT INTO "vocabulary"."conjugation" ("id", "conjugation_set_id", "politeness_code", "charge_code", "form_code", "sort_rank", "value") VALUES ('65b1de30-a17c-5ae0-808c-36897d7478a9', '791fb4dc-4473-5077-b787-76bd294b6b6e', 'POLITE', 'POSITIVE', 'PAST', 1, '寝ました');
INSERT INTO "vocabulary"."conjugation" ("id", "conjugation_set_id", "politeness_code", "charge_code", "form_code", "sort_rank", "value") VALUES ('71e3c60f-7e21-5ab2-a338-b45c4495b0d7', '791fb4dc-4473-5077-b787-76bd294b6b6e', 'POLITE', 'NEGATIVE', 'PRESENT', 1, '寝ません');
INSERT INTO "vocabulary"."conjugation" ("id", "conjugation_set_id", "politeness_code", "charge_code", "form_code", "sort_rank", "value") VALUES ('f71cd592-d458-51f4-a202-99550c5d0667', '791fb4dc-4473-5077-b787-76bd294b6b6e', 'POLITE', 'NEGATIVE', 'PAST', 1, '寝ませんでした');
-- 見る | to see; to look at; to watch --;
INSERT INTO "vocabulary"."vocabulary" ("id", "word_class_code", "conjugation_kind_code", "jlpt_level", "row_num", "tags", "date_added") VALUES ('66e4cf05-72cd-512b-a462-05f4e69906b5', 'VERB', 'ICHIDAN_VERB', 5, 222, '{}', '2022-07-24');
INSERT INTO "vocabulary"."definition" ("id", "vocabulary_id", "sort_rank", "value") VALUES ('16e33444-ca16-522c-8520-b11e68cc9530', '66e4cf05-72cd-512b-a462-05f4e69906b5', 1, 'to see; to look at; to watch');
INSERT INTO "vocabulary"."spelling" ("id", "vocabulary_id", "spelling_kind_code", "value") VALUES ('4b7f5150-ff2e-51d8-bc66-b6d1211ce6dd', '66e4cf05-72cd-512b-a462-05f4e69906b5', 'KANJI', '見る');
INSERT INTO "vocabulary"."spelling" ("id", "vocabulary_id", "spelling_kind_code", "value") VALUES ('cbf5b76f-8e85-5f18-a8a8-a87f429f9443', '66e4cf05-72cd-512b-a462-05f4e69906b5', 'HIRAGANA', 'みる');
INSERT INTO "vocabulary"."spelling" ("id", "vocabulary_id", "spelling_kind_code", "value") VALUES ('dbd37ce0-9827-5fcd-8181-5391beb51c4d', '66e4cf05-72cd-512b-a462-05f4e69906b5', 'KANJI', '見る');
INSERT INTO "vocabulary"."conjugation_set" ("id", "vocabulary_id") VALUES ('8738dfdf-005f-510c-a626-dac80ab97178', '66e4cf05-72cd-512b-a462-05f4e69906b5');
INSERT INTO "vocabulary"."linkages" ("vocabulary_id", "preferred_definition_id", "preferred_spelling_id", "phonetic_spelling_id", "alt_phonetic_spelling_id", "kanji_spelling_id", "conjugation_set_id") VALUES ('66e4cf05-72cd-512b-a462-05f4e69906b5', '16e33444-ca16-522c-8520-b11e68cc9530', '4b7f5150-ff2e-51d8-bc66-b6d1211ce6dd', 'cbf5b76f-8e85-5f18-a8a8-a87f429f9443', NULL, 'dbd37ce0-9827-5fcd-8181-5391beb51c4d', '8738dfdf-005f-510c-a626-dac80ab97178');
INSERT INTO "vocabulary"."reference" ("vocabulary_id", "lesson_code") VALUES ('66e4cf05-72cd-512b-a462-05f4e69906b5', 'GENKI3_L03');
INSERT INTO "vocabulary"."conjugation" ("id", "conjugation_set_id", "politeness_code", "charge_code", "form_code", "sort_rank", "value") VALUES ('c99d2146-9df5-5780-9332-ee13a939816c', '8738dfdf-005f-510c-a626-dac80ab97178', 'PLAIN', 'POSITIVE', 'PRESENT', 1, '見る');
INSERT INTO "vocabulary"."conjugation" ("id", "conjugation_set_id", "politeness_code", "charge_code", "form_code", "sort_rank", "value") VALUES ('82815402-c73d-5c54-a585-770eb2e974f8', '8738dfdf-005f-510c-a626-dac80ab97178', 'PLAIN', 'POSITIVE', 'PAST', 1, '見た');
INSERT INTO "vocabulary"."conjugation" ("id", "conjugation_set_id", "politeness_code", "charge_code", "form_code", "sort_rank", "value") VALUES ('93ddb837-ac5c-5e99-bb3e-5d1efc265a4b', '8738dfdf-005f-510c-a626-dac80ab97178', 'PLAIN', 'POSITIVE', 'TE', 1, '見て');
INSERT INTO "vocabulary"."conjugation" ("id", "conjugation_set_id", "politeness_code", "charge_code", "form_code", "sort_rank", "value") VALUES ('a9ea3a22-a815-5f83-a56a-740166ba4790', '8738dfdf-005f-510c-a626-dac80ab97178', 'PLAIN', 'NEGATIVE', 'PRESENT', 1, '見ない');
INSERT INTO "vocabulary"."conjugation" ("id", "conjugation_set_id", "politeness_code", "charge_code", "form_code", "sort_rank", "value") VALUES ('c1aa815f-5d04-5fbf-8ecf-cb247f9b2f65', '8738dfdf-005f-510c-a626-dac80ab97178', 'PLAIN', 'NEGATIVE', 'PAST', 1, '見なかった');
INSERT INTO "vocabulary"."conjugation" ("id", "conjugation_set_id", "politeness_code", "charge_code", "form_code", "sort_rank", "value") VALUES ('d1aca59f-2a69-5eb8-8dc3-3d6841470670', '8738dfdf-005f-510c-a626-dac80ab97178', 'PLAIN', 'NEGATIVE', 'TE', 1, '見なくて');
INSERT INTO "vocabulary"."conjugation" ("id", "conjugation_set_id", "politeness_code", "charge_code", "form_code", "sort_rank", "value") VALUES ('58d27b3d-3f27-53c3-94d8-539e7bee1d21', '8738dfdf-005f-510c-a626-dac80ab97178', 'POLITE', 'POSITIVE', 'PRESENT', 1, '見ます');
INSERT INTO "vocabulary"."conjugation" ("id", "conjugation_set_id", "politeness_code", "charge_code", "form_code", "sort_rank", "value") VALUES ('e014c0ce-175d-55be-8c3f-2c8e719b4dc9', '8738dfdf-005f-510c-a626-dac80ab97178', 'POLITE', 'POSITIVE', 'PAST', 1, '見ました');
INSERT INTO "vocabulary"."conjugation" ("id", "conjugation_set_id", "politeness_code", "charge_code", "form_code", "sort_rank", "value") VALUES ('0e7484a4-c472-56bb-b6c8-6259e11448b7', '8738dfdf-005f-510c-a626-dac80ab97178', 'POLITE', 'NEGATIVE', 'PRESENT', 1, '見ません');
INSERT INTO "vocabulary"."conjugation" ("id", "conjugation_set_id", "politeness_code", "charge_code", "form_code", "sort_rank", "value") VALUES ('df0110ae-74c8-5478-964e-d1796f5c15b8', '8738dfdf-005f-510c-a626-dac80ab97178', 'POLITE', 'NEGATIVE', 'PAST', 1, '見ませんでした');
-- くる | to come --;
INSERT INTO "vocabulary"."vocabulary" ("id", "word_class_code", "conjugation_kind_code", "jlpt_level", "row_num", "tags", "date_added") VALUES ('10567940-e3bb-5257-b33c-ae9976bfaddd', 'VERB', 'KURU_VERB', 5, 223, '{}', '2022-07-24');
INSERT INTO "vocabulary"."definition" ("id", "vocabulary_id", "sort_rank", "value") VALUES ('f2fdda32-f107-5e6a-98dc-943c1af6b5d4', '10567940-e3bb-5257-b33c-ae9976bfaddd', 1, 'to come');
INSERT INTO "vocabulary"."spelling" ("id", "vocabulary_id", "spelling_kind_code", "value") VALUES ('a60b31e1-2fd1-5b5b-8793-b7c1e4496bfd', '10567940-e3bb-5257-b33c-ae9976bfaddd', 'HIRAGANA', 'くる');
INSERT INTO "vocabulary"."spelling" ("id", "vocabulary_id", "spelling_kind_code", "value") VALUES ('56cc94c2-d95a-5851-9ccf-becc18d62261', '10567940-e3bb-5257-b33c-ae9976bfaddd', 'HIRAGANA', 'くる');
INSERT INTO "vocabulary"."spelling" ("id", "vocabulary_id", "spelling_kind_code", "value") VALUES ('8c528658-4aa8-50fe-a72e-06fc758b4b6f', '10567940-e3bb-5257-b33c-ae9976bfaddd', 'KANJI', '来る');
INSERT INTO "vocabulary"."conjugation_set" ("id", "vocabulary_id") VALUES ('d03a4ebe-75ed-51bf-9e7d-a22a00f78d17', '10567940-e3bb-5257-b33c-ae9976bfaddd');
INSERT INTO "vocabulary"."linkages" ("vocabulary_id", "preferred_definition_id", "preferred_spelling_id", "phonetic_spelling_id", "alt_phonetic_spelling_id", "kanji_spelling_id", "conjugation_set_id") VALUES ('10567940-e3bb-5257-b33c-ae9976bfaddd', 'f2fdda32-f107-5e6a-98dc-943c1af6b5d4', 'a60b31e1-2fd1-5b5b-8793-b7c1e4496bfd', '56cc94c2-d95a-5851-9ccf-becc18d62261', NULL, '8c528658-4aa8-50fe-a72e-06fc758b4b6f', 'd03a4ebe-75ed-51bf-9e7d-a22a00f78d17');
INSERT INTO "vocabulary"."reference" ("vocabulary_id", "lesson_code") VALUES ('10567940-e3bb-5257-b33c-ae9976bfaddd', 'GENKI3_L03');
INSERT INTO "vocabulary"."conjugation" ("id", "conjugation_set_id", "politeness_code", "charge_code", "form_code", "sort_rank", "value") VALUES ('1ef7e4fd-b7d3-5bdb-a5bb-efd67ae2665f', 'd03a4ebe-75ed-51bf-9e7d-a22a00f78d17', 'PLAIN', 'POSITIVE', 'PRESENT', 1, 'くる');
INSERT INTO "vocabulary"."conjugation" ("id", "conjugation_set_id", "politeness_code", "charge_code", "form_code", "sort_rank", "value") VALUES ('6a44b041-31ee-5207-8468-e509c8f3508d', 'd03a4ebe-75ed-51bf-9e7d-a22a00f78d17', 'PLAIN', 'POSITIVE', 'PAST', 1, 'きた');
INSERT INTO "vocabulary"."conjugation" ("id", "conjugation_set_id", "politeness_code", "charge_code", "form_code", "sort_rank", "value") VALUES ('874b7bbb-c7a9-5467-973d-d8018d5610ad', 'd03a4ebe-75ed-51bf-9e7d-a22a00f78d17', 'PLAIN', 'POSITIVE', 'TE', 1, 'きて');
INSERT INTO "vocabulary"."conjugation" ("id", "conjugation_set_id", "politeness_code", "charge_code", "form_code", "sort_rank", "value") VALUES ('72f5a5c8-bc40-511f-8216-ede5b31c4aba', 'd03a4ebe-75ed-51bf-9e7d-a22a00f78d17', 'PLAIN', 'NEGATIVE', 'PRESENT', 1, 'こない');
INSERT INTO "vocabulary"."conjugation" ("id", "conjugation_set_id", "politeness_code", "charge_code", "form_code", "sort_rank", "value") VALUES ('f27c1dab-0ea8-57a3-be24-0c6e3735793f', 'd03a4ebe-75ed-51bf-9e7d-a22a00f78d17', 'PLAIN', 'NEGATIVE', 'PAST', 1, 'こなかった');
INSERT INTO "vocabulary"."conjugation" ("id", "conjugation_set_id", "politeness_code", "charge_code", "form_code", "sort_rank", "value") VALUES ('e06978b1-7be5-57e7-9cb0-12a32c029c01', 'd03a4ebe-75ed-51bf-9e7d-a22a00f78d17', 'PLAIN', 'NEGATIVE', 'TE', 1, 'こなくて');
INSERT INTO "vocabulary"."conjugation" ("id", "conjugation_set_id", "politeness_code", "charge_code", "form_code", "sort_rank", "value") VALUES ('24bb21fc-9d86-5cbb-9680-82b9af0b1ba5', 'd03a4ebe-75ed-51bf-9e7d-a22a00f78d17', 'POLITE', 'POSITIVE', 'PRESENT', 1, 'きます');
INSERT INTO "vocabulary"."conjugation" ("id", "conjugation_set_id", "politeness_code", "charge_code", "form_code", "sort_rank", "value") VALUES ('f43fc8b1-435e-5aeb-8300-4e3e07987659', 'd03a4ebe-75ed-51bf-9e7d-a22a00f78d17', 'POLITE', 'POSITIVE', 'PAST', 1, 'きました');
INSERT INTO "vocabulary"."conjugation" ("id", "conjugation_set_id", "politeness_code", "charge_code", "form_code", "sort_rank", "value") VALUES ('dd25582e-dfeb-565b-abed-59b5f451e5d9', 'd03a4ebe-75ed-51bf-9e7d-a22a00f78d17', 'POLITE', 'NEGATIVE', 'PRESENT', 1, 'きません');
INSERT INTO "vocabulary"."conjugation" ("id", "conjugation_set_id", "politeness_code", "charge_code", "form_code", "sort_rank", "value") VALUES ('3b1e8ea8-09b5-52f9-835f-25fa5806caee', 'd03a4ebe-75ed-51bf-9e7d-a22a00f78d17', 'POLITE', 'NEGATIVE', 'PAST', 1, 'きませんでした');
-- する | to do --;
INSERT INTO "vocabulary"."vocabulary" ("id", "word_class_code", "conjugation_kind_code", "jlpt_level", "row_num", "tags", "date_added") VALUES ('5800b221-4eb5-5331-8c6c-413e2d08c007', 'VERB', 'SURU_VERB', 5, 224, '{}', '2022-07-24');
INSERT INTO "vocabulary"."definition" ("id", "vocabulary_id", "sort_rank", "value") VALUES ('99ed4432-a12c-5d1c-b77f-930177871dac', '5800b221-4eb5-5331-8c6c-413e2d08c007', 1, 'to do');
INSERT INTO "vocabulary"."spelling" ("id", "vocabulary_id", "spelling_kind_code", "value") VALUES ('2d3ddb3c-f690-5029-86c3-99b96f3c092d', '5800b221-4eb5-5331-8c6c-413e2d08c007', 'HIRAGANA', 'する');
INSERT INTO "vocabulary"."spelling" ("id", "vocabulary_id", "spelling_kind_code", "value") VALUES ('8fc8513e-7650-5d97-8639-cbe68c2564ac', '5800b221-4eb5-5331-8c6c-413e2d08c007', 'HIRAGANA', 'する');
INSERT INTO "vocabulary"."conjugation_set" ("id", "vocabulary_id") VALUES ('48d68559-09ca-5196-a5b3-5d7a3cc0994f', '5800b221-4eb5-5331-8c6c-413e2d08c007');
INSERT INTO "vocabulary"."linkages" ("vocabulary_id", "preferred_definition_id", "preferred_spelling_id", "phonetic_spelling_id", "alt_phonetic_spelling_id", "kanji_spelling_id", "conjugation_set_id") VALUES ('5800b221-4eb5-5331-8c6c-413e2d08c007', '99ed4432-a12c-5d1c-b77f-930177871dac', '2d3ddb3c-f690-5029-86c3-99b96f3c092d', '8fc8513e-7650-5d97-8639-cbe68c2564ac', NULL, NULL, '48d68559-09ca-5196-a5b3-5d7a3cc0994f');
INSERT INTO "vocabulary"."reference" ("vocabulary_id", "lesson_code") VALUES ('5800b221-4eb5-5331-8c6c-413e2d08c007', 'GENKI3_L03');
INSERT INTO "vocabulary"."conjugation" ("id", "conjugation_set_id", "politeness_code", "charge_code", "form_code", "sort_rank", "value") VALUES ('3aadf452-cbdb-54c8-9fd3-7f295046a727', '48d68559-09ca-5196-a5b3-5d7a3cc0994f', 'PLAIN', 'POSITIVE', 'PRESENT', 1, 'する');
INSERT INTO "vocabulary"."conjugation" ("id", "conjugation_set_id", "politeness_code", "charge_code", "form_code", "sort_rank", "value") VALUES ('b542cae7-b7c1-563a-9fa3-ce6999352305', '48d68559-09ca-5196-a5b3-5d7a3cc0994f', 'PLAIN', 'POSITIVE', 'PAST', 1, 'した');
INSERT INTO "vocabulary"."conjugation" ("id", "conjugation_set_id", "politeness_code", "charge_code", "form_code", "sort_rank", "value") VALUES ('bc394e7f-a396-5c44-81f5-b44f2ebba0f6', '48d68559-09ca-5196-a5b3-5d7a3cc0994f', 'PLAIN', 'POSITIVE', 'TE', 1, 'して');
INSERT INTO "vocabulary"."conjugation" ("id", "conjugation_set_id", "politeness_code", "charge_code", "form_code", "sort_rank", "value") VALUES ('5d78fa08-5927-54f3-8bd9-181ff3580b71', '48d68559-09ca-5196-a5b3-5d7a3cc0994f', 'PLAIN', 'NEGATIVE', 'PRESENT', 1, 'しない');
INSERT INTO "vocabulary"."conjugation" ("id", "conjugation_set_id", "politeness_code", "charge_code", "form_code", "sort_rank", "value") VALUES ('a55d8bdb-7e11-5b0e-acc4-59b0b76c423c', '48d68559-09ca-5196-a5b3-5d7a3cc0994f', 'PLAIN', 'NEGATIVE', 'PAST', 1, 'しなかった');
INSERT INTO "vocabulary"."conjugation" ("id", "conjugation_set_id", "politeness_code", "charge_code", "form_code", "sort_rank", "value") VALUES ('b1394e68-2c99-54b8-bac2-44502d9acdd2', '48d68559-09ca-5196-a5b3-5d7a3cc0994f', 'PLAIN', 'NEGATIVE', 'TE', 1, 'しなくて');
INSERT INTO "vocabulary"."conjugation" ("id", "conjugation_set_id", "politeness_code", "charge_code", "form_code", "sort_rank", "value") VALUES ('9ffe36a9-c0e7-5153-85fb-85dc08ebcb54', '48d68559-09ca-5196-a5b3-5d7a3cc0994f', 'POLITE', 'POSITIVE', 'PRESENT', 1, 'します');
INSERT INTO "vocabulary"."conjugation" ("id", "conjugation_set_id", "politeness_code", "charge_code", "form_code", "sort_rank", "value") VALUES ('267dba11-bfbd-5706-9574-cd996a278dff', '48d68559-09ca-5196-a5b3-5d7a3cc0994f', 'POLITE', 'POSITIVE', 'PAST', 1, 'しました');
INSERT INTO "vocabulary"."conjugation" ("id", "conjugation_set_id", "politeness_code", "charge_code", "form_code", "sort_rank", "value") VALUES ('4cbcded5-4269-5f21-8092-2859c91caa40', '48d68559-09ca-5196-a5b3-5d7a3cc0994f', 'POLITE', 'NEGATIVE', 'PRESENT', 1, 'しません');
INSERT INTO "vocabulary"."conjugation" ("id", "conjugation_set_id", "politeness_code", "charge_code", "form_code", "sort_rank", "value") VALUES ('c112daf5-9c8c-5a4c-b276-c8af97eb1707', '48d68559-09ca-5196-a5b3-5d7a3cc0994f', 'POLITE', 'NEGATIVE', 'PAST', 1, 'しませんでした');
-- 勉強する | to study --;
INSERT INTO "vocabulary"."vocabulary" ("id", "word_class_code", "conjugation_kind_code", "jlpt_level", "row_num", "tags", "date_added") VALUES ('9e9dc42e-df1e-5ace-948a-9dce72caaceb', 'VERB', 'SURU_VERB', 5, 225, '{}', '2022-07-24');
INSERT INTO "vocabulary"."definition" ("id", "vocabulary_id", "sort_rank", "value") VALUES ('539add23-8d2b-58c4-966b-70f53c33f317', '9e9dc42e-df1e-5ace-948a-9dce72caaceb', 1, 'to study');
INSERT INTO "vocabulary"."spelling" ("id", "vocabulary_id", "spelling_kind_code", "value") VALUES ('2589b9e1-407c-586c-880e-8e10a2b0da27', '9e9dc42e-df1e-5ace-948a-9dce72caaceb', 'KANJI', '勉強する');
INSERT INTO "vocabulary"."spelling" ("id", "vocabulary_id", "spelling_kind_code", "value") VALUES ('a9199945-0ff2-598a-bcf8-a7f8939bb295', '9e9dc42e-df1e-5ace-948a-9dce72caaceb', 'HIRAGANA', 'べんきょうする');
INSERT INTO "vocabulary"."spelling" ("id", "vocabulary_id", "spelling_kind_code", "value") VALUES ('914759a4-0bc0-51e6-91b7-ea23f47d4f28', '9e9dc42e-df1e-5ace-948a-9dce72caaceb', 'KANJI', '勉強する');
INSERT INTO "vocabulary"."linkages" ("vocabulary_id", "preferred_definition_id", "preferred_spelling_id", "phonetic_spelling_id", "alt_phonetic_spelling_id", "kanji_spelling_id", "conjugation_set_id") VALUES ('9e9dc42e-df1e-5ace-948a-9dce72caaceb', '539add23-8d2b-58c4-966b-70f53c33f317', '2589b9e1-407c-586c-880e-8e10a2b0da27', 'a9199945-0ff2-598a-bcf8-a7f8939bb295', NULL, '914759a4-0bc0-51e6-91b7-ea23f47d4f28', NULL);
INSERT INTO "vocabulary"."reference" ("vocabulary_id", "lesson_code") VALUES ('9e9dc42e-df1e-5ace-948a-9dce72caaceb', 'GENKI3_L03');
-- ええ | yes; umm --;
INSERT INTO "vocabulary"."vocabulary" ("id", "word_class_code", "conjugation_kind_code", "jlpt_level", "row_num", "tags", "date_added") VALUES ('6e231f76-5724-5b3c-acfc-cdee6e2eb3a6', 'EXPRESSION', NULL, 5, 226, '{}', '2022-07-24');
INSERT INTO "vocabulary"."definition" ("id", "vocabulary_id", "sort_rank", "value") VALUES ('d7077124-2fde-5c91-a9e1-c37f20352720', '6e231f76-5724-5b3c-acfc-cdee6e2eb3a6', 1, 'yes; umm');
INSERT INTO "vocabulary"."spelling" ("id", "vocabulary_id", "spelling_kind_code", "value") VALUES ('196938a8-fc0c-55c3-9233-c57dfb7cec5c', '6e231f76-5724-5b3c-acfc-cdee6e2eb3a6', 'HIRAGANA', 'ええ');
INSERT INTO "vocabulary"."spelling" ("id", "vocabulary_id", "spelling_kind_code", "value") VALUES ('90ff0f82-193e-559c-b5d4-b38e7877c576', '6e231f76-5724-5b3c-acfc-cdee6e2eb3a6', 'HIRAGANA', 'ええ');
INSERT INTO "vocabulary"."linkages" ("vocabulary_id", "preferred_definition_id", "preferred_spelling_id", "phonetic_spelling_id", "alt_phonetic_spelling_id", "kanji_spelling_id", "conjugation_set_id") VALUES ('6e231f76-5724-5b3c-acfc-cdee6e2eb3a6', 'd7077124-2fde-5c91-a9e1-c37f20352720', '196938a8-fc0c-55c3-9233-c57dfb7cec5c', '90ff0f82-193e-559c-b5d4-b38e7877c576', NULL, NULL, NULL);
INSERT INTO "vocabulary"."reference" ("vocabulary_id", "lesson_code") VALUES ('6e231f76-5724-5b3c-acfc-cdee6e2eb3a6', 'GENKI3_L03');
-- いい | good --;
INSERT INTO "vocabulary"."vocabulary" ("id", "word_class_code", "conjugation_kind_code", "jlpt_level", "row_num", "tags", "date_added") VALUES ('349836a3-2523-5f85-a7c1-f85e49c73f27', 'ADJECTIVE', 'YOI_ADJECTIVE', 5, 227, '{}', '2022-07-24');
INSERT INTO "vocabulary"."definition" ("id", "vocabulary_id", "sort_rank", "value") VALUES ('970b388a-e08a-58d9-a394-ca61746475bf', '349836a3-2523-5f85-a7c1-f85e49c73f27', 1, 'good');
INSERT INTO "vocabulary"."spelling" ("id", "vocabulary_id", "spelling_kind_code", "value") VALUES ('b2569dc0-9d49-5063-a635-9b570bebcfb0', '349836a3-2523-5f85-a7c1-f85e49c73f27', 'HIRAGANA', 'いい');
INSERT INTO "vocabulary"."spelling" ("id", "vocabulary_id", "spelling_kind_code", "value") VALUES ('3d18940c-ce00-57d6-88a8-4b04b1055aac', '349836a3-2523-5f85-a7c1-f85e49c73f27', 'HIRAGANA', 'いい');
INSERT INTO "vocabulary"."conjugation_set" ("id", "vocabulary_id") VALUES ('38b4aa26-934d-5632-8bb0-f9cf138b0c8d', '349836a3-2523-5f85-a7c1-f85e49c73f27');
INSERT INTO "vocabulary"."linkages" ("vocabulary_id", "preferred_definition_id", "preferred_spelling_id", "phonetic_spelling_id", "alt_phonetic_spelling_id", "kanji_spelling_id", "conjugation_set_id") VALUES ('349836a3-2523-5f85-a7c1-f85e49c73f27', '970b388a-e08a-58d9-a394-ca61746475bf', 'b2569dc0-9d49-5063-a635-9b570bebcfb0', '3d18940c-ce00-57d6-88a8-4b04b1055aac', NULL, NULL, '38b4aa26-934d-5632-8bb0-f9cf138b0c8d');
INSERT INTO "vocabulary"."reference" ("vocabulary_id", "lesson_code") VALUES ('349836a3-2523-5f85-a7c1-f85e49c73f27', 'GENKI3_L03');
INSERT INTO "vocabulary"."conjugation" ("id", "conjugation_set_id", "politeness_code", "charge_code", "form_code", "sort_rank", "value") VALUES ('d68e5d1a-f426-5c1e-ae0b-803a00b74dc6', '38b4aa26-934d-5632-8bb0-f9cf138b0c8d', 'PLAIN', 'POSITIVE', 'PRESENT', 1, 'いい');
INSERT INTO "vocabulary"."conjugation" ("id", "conjugation_set_id", "politeness_code", "charge_code", "form_code", "sort_rank", "value") VALUES ('584da2e8-38ff-51a7-a005-b16f2adc4d6b', '38b4aa26-934d-5632-8bb0-f9cf138b0c8d', 'PLAIN', 'POSITIVE', 'PAST', 1, 'よかった');
INSERT INTO "vocabulary"."conjugation" ("id", "conjugation_set_id", "politeness_code", "charge_code", "form_code", "sort_rank", "value") VALUES ('dee1421c-f81f-5557-92fa-38d5643e6831', '38b4aa26-934d-5632-8bb0-f9cf138b0c8d', 'PLAIN', 'NEGATIVE', 'PRESENT', 1, 'よくない');
INSERT INTO "vocabulary"."conjugation" ("id", "conjugation_set_id", "politeness_code", "charge_code", "form_code", "sort_rank", "value") VALUES ('1c9a06be-ad14-5ecd-b419-06e3035ce02f', '38b4aa26-934d-5632-8bb0-f9cf138b0c8d', 'PLAIN', 'NEGATIVE', 'PAST', 1, 'よくなかった');
-- 早い | fast; early --;
INSERT INTO "vocabulary"."vocabulary" ("id", "word_class_code", "conjugation_kind_code", "jlpt_level", "row_num", "tags", "date_added") VALUES ('fc5427a3-a54b-5c04-8b36-a570b8e7a72b', 'ADJECTIVE', 'I_ADJECTIVE', 5, 228, '{}', '2022-07-24');
INSERT INTO "vocabulary"."definition" ("id", "vocabulary_id", "sort_rank", "value") VALUES ('8ea06d2f-8e2b-59e6-914a-ce22e2bc70c9', 'fc5427a3-a54b-5c04-8b36-a570b8e7a72b', 1, 'fast; early');
INSERT INTO "vocabulary"."spelling" ("id", "vocabulary_id", "spelling_kind_code", "value") VALUES ('0941cd05-d8fa-5ad2-946e-7ad78a608370', 'fc5427a3-a54b-5c04-8b36-a570b8e7a72b', 'KANJI', '早い');
INSERT INTO "vocabulary"."spelling" ("id", "vocabulary_id", "spelling_kind_code", "value") VALUES ('ab30470d-1d15-5cbe-b0fd-66c6a0fe650b', 'fc5427a3-a54b-5c04-8b36-a570b8e7a72b', 'HIRAGANA', 'はやい');
INSERT INTO "vocabulary"."spelling" ("id", "vocabulary_id", "spelling_kind_code", "value") VALUES ('2eeb84b5-4480-51e1-a6d6-c4f6beddd056', 'fc5427a3-a54b-5c04-8b36-a570b8e7a72b', 'KANJI', '早い');
INSERT INTO "vocabulary"."conjugation_set" ("id", "vocabulary_id") VALUES ('3aacda72-3a3f-55fb-b2b9-9a32c7c81eb6', 'fc5427a3-a54b-5c04-8b36-a570b8e7a72b');
INSERT INTO "vocabulary"."linkages" ("vocabulary_id", "preferred_definition_id", "preferred_spelling_id", "phonetic_spelling_id", "alt_phonetic_spelling_id", "kanji_spelling_id", "conjugation_set_id") VALUES ('fc5427a3-a54b-5c04-8b36-a570b8e7a72b', '8ea06d2f-8e2b-59e6-914a-ce22e2bc70c9', '0941cd05-d8fa-5ad2-946e-7ad78a608370', 'ab30470d-1d15-5cbe-b0fd-66c6a0fe650b', NULL, '2eeb84b5-4480-51e1-a6d6-c4f6beddd056', '3aacda72-3a3f-55fb-b2b9-9a32c7c81eb6');
INSERT INTO "vocabulary"."reference" ("vocabulary_id", "lesson_code") VALUES ('fc5427a3-a54b-5c04-8b36-a570b8e7a72b', 'GENKI3_L03');
INSERT INTO "vocabulary"."conjugation" ("id", "conjugation_set_id", "politeness_code", "charge_code", "form_code", "sort_rank", "value") VALUES ('2c4a5bf1-2231-5770-a1dc-0c8695f348fd', '3aacda72-3a3f-55fb-b2b9-9a32c7c81eb6', 'PLAIN', 'POSITIVE', 'PRESENT', 1, '早い');
INSERT INTO "vocabulary"."conjugation" ("id", "conjugation_set_id", "politeness_code", "charge_code", "form_code", "sort_rank", "value") VALUES ('a386697a-5163-5129-b778-2badcbfede93', '3aacda72-3a3f-55fb-b2b9-9a32c7c81eb6', 'PLAIN', 'POSITIVE', 'PAST', 1, '早かった');
INSERT INTO "vocabulary"."conjugation" ("id", "conjugation_set_id", "politeness_code", "charge_code", "form_code", "sort_rank", "value") VALUES ('14005735-43e6-50b2-bf99-dc5ff03749a8', '3aacda72-3a3f-55fb-b2b9-9a32c7c81eb6', 'PLAIN', 'NEGATIVE', 'PRESENT', 1, '早くない');
INSERT INTO "vocabulary"."conjugation" ("id", "conjugation_set_id", "politeness_code", "charge_code", "form_code", "sort_rank", "value") VALUES ('43114592-9d11-5e54-b674-ab4428eb0e21', '3aacda72-3a3f-55fb-b2b9-9a32c7c81eb6', 'PLAIN', 'NEGATIVE', 'PAST', 1, '早くなかった');
-- あまり | not much --;
INSERT INTO "vocabulary"."vocabulary" ("id", "word_class_code", "conjugation_kind_code", "jlpt_level", "row_num", "tags", "date_added") VALUES ('311f8bec-e54c-5317-8880-dfd3e39d23a7', 'ADVERB', NULL, 5, 229, '{}', '2022-07-24');
INSERT INTO "vocabulary"."definition" ("id", "vocabulary_id", "sort_rank", "value") VALUES ('7c8af345-d3b7-5cb6-849d-d1b135a810ad', '311f8bec-e54c-5317-8880-dfd3e39d23a7', 1, 'not much');
INSERT INTO "vocabulary"."spelling" ("id", "vocabulary_id", "spelling_kind_code", "value") VALUES ('582b9fc8-ae4e-512e-8591-28ffd8eae0ea', '311f8bec-e54c-5317-8880-dfd3e39d23a7', 'HIRAGANA', 'あまり');
INSERT INTO "vocabulary"."spelling" ("id", "vocabulary_id", "spelling_kind_code", "value") VALUES ('ebbdb963-4287-5542-b2b3-0fb1fcf03abc', '311f8bec-e54c-5317-8880-dfd3e39d23a7', 'HIRAGANA', 'あまり');
INSERT INTO "vocabulary"."linkages" ("vocabulary_id", "preferred_definition_id", "preferred_spelling_id", "phonetic_spelling_id", "alt_phonetic_spelling_id", "kanji_spelling_id", "conjugation_set_id") VALUES ('311f8bec-e54c-5317-8880-dfd3e39d23a7', '7c8af345-d3b7-5cb6-849d-d1b135a810ad', '582b9fc8-ae4e-512e-8591-28ffd8eae0ea', 'ebbdb963-4287-5542-b2b3-0fb1fcf03abc', NULL, NULL, NULL);
INSERT INTO "vocabulary"."reference" ("vocabulary_id", "lesson_code") VALUES ('311f8bec-e54c-5317-8880-dfd3e39d23a7', 'GENKI3_L03');
-- 全然 | not at all --;
INSERT INTO "vocabulary"."vocabulary" ("id", "word_class_code", "conjugation_kind_code", "jlpt_level", "row_num", "tags", "date_added") VALUES ('1e68ea18-9d69-5761-a463-510eab20d1d3', 'ADVERB', NULL, 3, 230, '{}', '2022-07-24');
INSERT INTO "vocabulary"."definition" ("id", "vocabulary_id", "sort_rank", "value") VALUES ('666d87f1-88ab-552e-9cab-82b16a1bd906', '1e68ea18-9d69-5761-a463-510eab20d1d3', 1, 'not at all');
INSERT INTO "vocabulary"."spelling" ("id", "vocabulary_id", "spelling_kind_code", "value") VALUES ('903705d3-d318-52e0-bccc-a09371ba3f44', '1e68ea18-9d69-5761-a463-510eab20d1d3', 'KANJI', '全然');
INSERT INTO "vocabulary"."spelling" ("id", "vocabulary_id", "spelling_kind_code", "value") VALUES ('c3d8b07f-d2d1-5933-a97f-dc6919f2f2eb', '1e68ea18-9d69-5761-a463-510eab20d1d3', 'HIRAGANA', 'ぜんぜん');
INSERT INTO "vocabulary"."spelling" ("id", "vocabulary_id", "spelling_kind_code", "value") VALUES ('8e5227ae-96af-5c5e-85da-b8c8287b97f2', '1e68ea18-9d69-5761-a463-510eab20d1d3', 'KANJI', '全然');
INSERT INTO "vocabulary"."linkages" ("vocabulary_id", "preferred_definition_id", "preferred_spelling_id", "phonetic_spelling_id", "alt_phonetic_spelling_id", "kanji_spelling_id", "conjugation_set_id") VALUES ('1e68ea18-9d69-5761-a463-510eab20d1d3', '666d87f1-88ab-552e-9cab-82b16a1bd906', '903705d3-d318-52e0-bccc-a09371ba3f44', 'c3d8b07f-d2d1-5933-a97f-dc6919f2f2eb', NULL, '8e5227ae-96af-5c5e-85da-b8c8287b97f2', NULL);
INSERT INTO "vocabulary"."reference" ("vocabulary_id", "lesson_code") VALUES ('1e68ea18-9d69-5761-a463-510eab20d1d3', 'GENKI3_L03');
-- たいてい | usually --;
INSERT INTO "vocabulary"."vocabulary" ("id", "word_class_code", "conjugation_kind_code", "jlpt_level", "row_num", "tags", "date_added") VALUES ('818210e0-641a-56f3-9241-7d24504480e2', 'ADVERB', NULL, 4, 231, '{}', '2022-07-24');
INSERT INTO "vocabulary"."definition" ("id", "vocabulary_id", "sort_rank", "value") VALUES ('279e032e-ff13-58a9-8ad5-454850d63938', '818210e0-641a-56f3-9241-7d24504480e2', 1, 'usually');
INSERT INTO "vocabulary"."spelling" ("id", "vocabulary_id", "spelling_kind_code", "value") VALUES ('e31eba8f-90de-5583-b0ac-9087de32516c', '818210e0-641a-56f3-9241-7d24504480e2', 'HIRAGANA', 'たいてい');
INSERT INTO "vocabulary"."spelling" ("id", "vocabulary_id", "spelling_kind_code", "value") VALUES ('7ee68e37-8bd6-5b1c-9650-5d51dd22bcf1', '818210e0-641a-56f3-9241-7d24504480e2', 'HIRAGANA', 'たいてい');
INSERT INTO "vocabulary"."spelling" ("id", "vocabulary_id", "spelling_kind_code", "value") VALUES ('3439850c-4298-57ed-b993-b061bcdd2aa3', '818210e0-641a-56f3-9241-7d24504480e2', 'KANJI', '大抵');
INSERT INTO "vocabulary"."linkages" ("vocabulary_id", "preferred_definition_id", "preferred_spelling_id", "phonetic_spelling_id", "alt_phonetic_spelling_id", "kanji_spelling_id", "conjugation_set_id") VALUES ('818210e0-641a-56f3-9241-7d24504480e2', '279e032e-ff13-58a9-8ad5-454850d63938', 'e31eba8f-90de-5583-b0ac-9087de32516c', '7ee68e37-8bd6-5b1c-9650-5d51dd22bcf1', NULL, '3439850c-4298-57ed-b993-b061bcdd2aa3', NULL);
INSERT INTO "vocabulary"."reference" ("vocabulary_id", "lesson_code") VALUES ('818210e0-641a-56f3-9241-7d24504480e2', 'GENKI3_L03');
-- ちょっと | a little --;
INSERT INTO "vocabulary"."vocabulary" ("id", "word_class_code", "conjugation_kind_code", "jlpt_level", "row_num", "tags", "date_added") VALUES ('b8b492d0-5612-5ac1-bb4d-15f03e959c89', 'ADVERB', NULL, 5, 232, '{}', '2022-07-24');
INSERT INTO "vocabulary"."definition" ("id", "vocabulary_id", "sort_rank", "value") VALUES ('6b6a6f1f-1013-5f90-8264-db7f08115d14', 'b8b492d0-5612-5ac1-bb4d-15f03e959c89', 1, 'a little');
INSERT INTO "vocabulary"."spelling" ("id", "vocabulary_id", "spelling_kind_code", "value") VALUES ('fa84b470-20a5-5429-a584-ff0733509b5b', 'b8b492d0-5612-5ac1-bb4d-15f03e959c89', 'HIRAGANA', 'ちょっと');
INSERT INTO "vocabulary"."spelling" ("id", "vocabulary_id", "spelling_kind_code", "value") VALUES ('2a5c1df6-3078-5ee4-ac49-a4c8ef1e1608', 'b8b492d0-5612-5ac1-bb4d-15f03e959c89', 'HIRAGANA', 'ちょっと');
INSERT INTO "vocabulary"."spelling" ("id", "vocabulary_id", "spelling_kind_code", "value") VALUES ('5fe65039-8571-5f26-8164-bc25b0759e23', 'b8b492d0-5612-5ac1-bb4d-15f03e959c89', 'KANJI', '一寸');
INSERT INTO "vocabulary"."linkages" ("vocabulary_id", "preferred_definition_id", "preferred_spelling_id", "phonetic_spelling_id", "alt_phonetic_spelling_id", "kanji_spelling_id", "conjugation_set_id") VALUES ('b8b492d0-5612-5ac1-bb4d-15f03e959c89', '6b6a6f1f-1013-5f90-8264-db7f08115d14', 'fa84b470-20a5-5429-a584-ff0733509b5b', '2a5c1df6-3078-5ee4-ac49-a4c8ef1e1608', NULL, '5fe65039-8571-5f26-8164-bc25b0759e23', NULL);
INSERT INTO "vocabulary"."reference" ("vocabulary_id", "lesson_code") VALUES ('b8b492d0-5612-5ac1-bb4d-15f03e959c89', 'GENKI3_L03');
-- 時々 | sometimes --;
INSERT INTO "vocabulary"."vocabulary" ("id", "word_class_code", "conjugation_kind_code", "jlpt_level", "row_num", "tags", "date_added") VALUES ('02115b33-cd19-587a-a3f2-446dea254e33', 'ADVERB', NULL, 5, 233, '{}', '2022-07-24');
INSERT INTO "vocabulary"."definition" ("id", "vocabulary_id", "sort_rank", "value") VALUES ('5092028b-5719-507b-aaa3-2345d1a795d6', '02115b33-cd19-587a-a3f2-446dea254e33', 1, 'sometimes');
INSERT INTO "vocabulary"."spelling" ("id", "vocabulary_id", "spelling_kind_code", "value") VALUES ('7b217010-ca6e-54e6-b4dc-1f4d97cf5359', '02115b33-cd19-587a-a3f2-446dea254e33', 'KANJI', '時々');
INSERT INTO "vocabulary"."spelling" ("id", "vocabulary_id", "spelling_kind_code", "value") VALUES ('ca99e8db-4a68-50f2-81ca-3282ae40580b', '02115b33-cd19-587a-a3f2-446dea254e33', 'HIRAGANA', 'ときどき');
INSERT INTO "vocabulary"."spelling" ("id", "vocabulary_id", "spelling_kind_code", "value") VALUES ('c174d7ba-6198-545c-9c76-27c81f8a1d7b', '02115b33-cd19-587a-a3f2-446dea254e33', 'KANJI', '時々');
INSERT INTO "vocabulary"."linkages" ("vocabulary_id", "preferred_definition_id", "preferred_spelling_id", "phonetic_spelling_id", "alt_phonetic_spelling_id", "kanji_spelling_id", "conjugation_set_id") VALUES ('02115b33-cd19-587a-a3f2-446dea254e33', '5092028b-5719-507b-aaa3-2345d1a795d6', '7b217010-ca6e-54e6-b4dc-1f4d97cf5359', 'ca99e8db-4a68-50f2-81ca-3282ae40580b', NULL, 'c174d7ba-6198-545c-9c76-27c81f8a1d7b', NULL);
INSERT INTO "vocabulary"."reference" ("vocabulary_id", "lesson_code") VALUES ('02115b33-cd19-587a-a3f2-446dea254e33', 'GENKI3_L03');
-- よく | often; much --;
INSERT INTO "vocabulary"."vocabulary" ("id", "word_class_code", "conjugation_kind_code", "jlpt_level", "row_num", "tags", "date_added") VALUES ('d7dc5e63-a1ca-58e6-9c31-047e23342953', 'ADVERB', NULL, NULL, 234, '{}', '2022-07-24');
INSERT INTO "vocabulary"."definition" ("id", "vocabulary_id", "sort_rank", "value") VALUES ('0b5c06ad-86b1-5c89-a9b4-22732c9845a3', 'd7dc5e63-a1ca-58e6-9c31-047e23342953', 1, 'often; much');
INSERT INTO "vocabulary"."spelling" ("id", "vocabulary_id", "spelling_kind_code", "value") VALUES ('edaa37b0-8ac6-5c2a-bb26-06fc358ecf30', 'd7dc5e63-a1ca-58e6-9c31-047e23342953', 'HIRAGANA', 'よく');
INSERT INTO "vocabulary"."spelling" ("id", "vocabulary_id", "spelling_kind_code", "value") VALUES ('0d01d42e-68c9-5430-93a4-4fc9de6af9b2', 'd7dc5e63-a1ca-58e6-9c31-047e23342953', 'HIRAGANA', 'よく');
INSERT INTO "vocabulary"."spelling" ("id", "vocabulary_id", "spelling_kind_code", "value") VALUES ('c748ab1f-58d3-5346-99d3-6b5baf09538b', 'd7dc5e63-a1ca-58e6-9c31-047e23342953', 'KANJI', '良く');
INSERT INTO "vocabulary"."linkages" ("vocabulary_id", "preferred_definition_id", "preferred_spelling_id", "phonetic_spelling_id", "alt_phonetic_spelling_id", "kanji_spelling_id", "conjugation_set_id") VALUES ('d7dc5e63-a1ca-58e6-9c31-047e23342953', '0b5c06ad-86b1-5c89-a9b4-22732c9845a3', 'edaa37b0-8ac6-5c2a-bb26-06fc358ecf30', '0d01d42e-68c9-5430-93a4-4fc9de6af9b2', NULL, 'c748ab1f-58d3-5346-99d3-6b5baf09538b', NULL);
INSERT INTO "vocabulary"."reference" ("vocabulary_id", "lesson_code") VALUES ('d7dc5e63-a1ca-58e6-9c31-047e23342953', 'GENKI3_L03');
-- そうですね | that's so; isn't it? --;
INSERT INTO "vocabulary"."vocabulary" ("id", "word_class_code", "conjugation_kind_code", "jlpt_level", "row_num", "tags", "date_added") VALUES ('31df08c1-4538-5a5f-aa61-af9e88805bd5', 'EXPRESSION', NULL, NULL, 235, '{}', '2022-07-24');
INSERT INTO "vocabulary"."definition" ("id", "vocabulary_id", "sort_rank", "value") VALUES ('a18d4d13-3e5a-590c-b51f-1e176231d8cf', '31df08c1-4538-5a5f-aa61-af9e88805bd5', 1, 'that''s so; isn''t it?');
INSERT INTO "vocabulary"."spelling" ("id", "vocabulary_id", "spelling_kind_code", "value") VALUES ('c1514f7a-a92a-55b1-9ea8-ba3355c3ea7c', '31df08c1-4538-5a5f-aa61-af9e88805bd5', 'HIRAGANA', 'そうですね');
INSERT INTO "vocabulary"."spelling" ("id", "vocabulary_id", "spelling_kind_code", "value") VALUES ('d124b5e7-8c88-5d9d-9232-af21e9926954', '31df08c1-4538-5a5f-aa61-af9e88805bd5', 'HIRAGANA', 'そうですね');
INSERT INTO "vocabulary"."linkages" ("vocabulary_id", "preferred_definition_id", "preferred_spelling_id", "phonetic_spelling_id", "alt_phonetic_spelling_id", "kanji_spelling_id", "conjugation_set_id") VALUES ('31df08c1-4538-5a5f-aa61-af9e88805bd5', 'a18d4d13-3e5a-590c-b51f-1e176231d8cf', 'c1514f7a-a92a-55b1-9ea8-ba3355c3ea7c', 'd124b5e7-8c88-5d9d-9232-af21e9926954', NULL, NULL, NULL);
INSERT INTO "vocabulary"."reference" ("vocabulary_id", "lesson_code") VALUES ('31df08c1-4538-5a5f-aa61-af9e88805bd5', 'GENKI3_L03');
-- でも | but --;
INSERT INTO "vocabulary"."vocabulary" ("id", "word_class_code", "conjugation_kind_code", "jlpt_level", "row_num", "tags", "date_added") VALUES ('7d85fe8c-2226-573f-a219-0f2def303b50', 'CONJUNCTION', NULL, 5, 236, '{}', '2022-07-24');
INSERT INTO "vocabulary"."definition" ("id", "vocabulary_id", "sort_rank", "value") VALUES ('59631eaa-af4c-5e9f-b344-1b1996c2280d', '7d85fe8c-2226-573f-a219-0f2def303b50', 1, 'but');
INSERT INTO "vocabulary"."spelling" ("id", "vocabulary_id", "spelling_kind_code", "value") VALUES ('d3e5f50d-3645-518a-87d0-a004f692cd1e', '7d85fe8c-2226-573f-a219-0f2def303b50', 'HIRAGANA', 'でも');
INSERT INTO "vocabulary"."spelling" ("id", "vocabulary_id", "spelling_kind_code", "value") VALUES ('1c7a9a4f-0d8e-50a7-8864-2a495195fbce', '7d85fe8c-2226-573f-a219-0f2def303b50', 'HIRAGANA', 'でも');
INSERT INTO "vocabulary"."linkages" ("vocabulary_id", "preferred_definition_id", "preferred_spelling_id", "phonetic_spelling_id", "alt_phonetic_spelling_id", "kanji_spelling_id", "conjugation_set_id") VALUES ('7d85fe8c-2226-573f-a219-0f2def303b50', '59631eaa-af4c-5e9f-b344-1b1996c2280d', 'd3e5f50d-3645-518a-87d0-a004f692cd1e', '1c7a9a4f-0d8e-50a7-8864-2a495195fbce', NULL, NULL, NULL);
INSERT INTO "vocabulary"."reference" ("vocabulary_id", "lesson_code") VALUES ('7d85fe8c-2226-573f-a219-0f2def303b50', 'GENKI3_L03');
-- どうですか | How about...?, How is...? --;
INSERT INTO "vocabulary"."vocabulary" ("id", "word_class_code", "conjugation_kind_code", "jlpt_level", "row_num", "tags", "date_added") VALUES ('4fe504e0-3bf5-5480-98e6-5e626dddc417', 'EXPRESSION', NULL, NULL, 237, '{}', '2022-07-24');
INSERT INTO "vocabulary"."definition" ("id", "vocabulary_id", "sort_rank", "value") VALUES ('a65b36e6-b2c6-5122-9084-65242bbb00e7', '4fe504e0-3bf5-5480-98e6-5e626dddc417', 1, 'How about...?, How is...?');
INSERT INTO "vocabulary"."spelling" ("id", "vocabulary_id", "spelling_kind_code", "value") VALUES ('f327a6ae-c1b0-50f9-9f50-bdbe521a31e9', '4fe504e0-3bf5-5480-98e6-5e626dddc417', 'HIRAGANA', 'どうですか');
INSERT INTO "vocabulary"."spelling" ("id", "vocabulary_id", "spelling_kind_code", "value") VALUES ('d76219da-2c11-54e6-a0cd-17876991e91a', '4fe504e0-3bf5-5480-98e6-5e626dddc417', 'HIRAGANA', 'どうですか');
INSERT INTO "vocabulary"."linkages" ("vocabulary_id", "preferred_definition_id", "preferred_spelling_id", "phonetic_spelling_id", "alt_phonetic_spelling_id", "kanji_spelling_id", "conjugation_set_id") VALUES ('4fe504e0-3bf5-5480-98e6-5e626dddc417', 'a65b36e6-b2c6-5122-9084-65242bbb00e7', 'f327a6ae-c1b0-50f9-9f50-bdbe521a31e9', 'd76219da-2c11-54e6-a0cd-17876991e91a', NULL, NULL, NULL);
INSERT INTO "vocabulary"."reference" ("vocabulary_id", "lesson_code") VALUES ('4fe504e0-3bf5-5480-98e6-5e626dddc417', 'GENKI3_L03');
-- みんな | everyone; everybody --;
INSERT INTO "vocabulary"."vocabulary" ("id", "word_class_code", "conjugation_kind_code", "jlpt_level", "row_num", "tags", "date_added") VALUES ('50ec881b-73e0-502b-8316-3d67e8dababb', 'NOUN', NULL, 5, 238, '{}', '2022-07-24');
INSERT INTO "vocabulary"."definition" ("id", "vocabulary_id", "sort_rank", "value") VALUES ('3d55cada-4ecb-5717-b042-6fbebecb8f0f', '50ec881b-73e0-502b-8316-3d67e8dababb', 1, 'everyone; everybody');
INSERT INTO "vocabulary"."spelling" ("id", "vocabulary_id", "spelling_kind_code", "value") VALUES ('09e239ca-0c97-57c7-a8d7-dae5d94d5520', '50ec881b-73e0-502b-8316-3d67e8dababb', 'HIRAGANA', 'みんな');
INSERT INTO "vocabulary"."spelling" ("id", "vocabulary_id", "spelling_kind_code", "value") VALUES ('714b1fb1-9667-5c48-8718-6b417c6c8bad', '50ec881b-73e0-502b-8316-3d67e8dababb', 'HIRAGANA', 'みんな');
INSERT INTO "vocabulary"."spelling" ("id", "vocabulary_id", "spelling_kind_code", "value") VALUES ('c77298de-87d4-5973-bf3c-f43e074e0752', '50ec881b-73e0-502b-8316-3d67e8dababb', 'KANJI', '皆');
INSERT INTO "vocabulary"."linkages" ("vocabulary_id", "preferred_definition_id", "preferred_spelling_id", "phonetic_spelling_id", "alt_phonetic_spelling_id", "kanji_spelling_id", "conjugation_set_id") VALUES ('50ec881b-73e0-502b-8316-3d67e8dababb', '3d55cada-4ecb-5717-b042-6fbebecb8f0f', '09e239ca-0c97-57c7-a8d7-dae5d94d5520', '714b1fb1-9667-5c48-8718-6b417c6c8bad', NULL, 'c77298de-87d4-5973-bf3c-f43e074e0752', NULL);
INSERT INTO "vocabulary"."reference" ("vocabulary_id", "lesson_code") VALUES ('50ec881b-73e0-502b-8316-3d67e8dababb', 'GENKI3_L08');
-- 大丈夫 | i'm okay; no problem --;
INSERT INTO "vocabulary"."vocabulary" ("id", "word_class_code", "conjugation_kind_code", "jlpt_level", "row_num", "tags", "date_added") VALUES ('f5f775ad-523f-5888-b269-fcb13c1c1051', 'EXPRESSION', NULL, 5, 239, '{}', '2022-07-24');
INSERT INTO "vocabulary"."definition" ("id", "vocabulary_id", "sort_rank", "value") VALUES ('90dff9d0-b534-5872-b738-39842ab33a63', 'f5f775ad-523f-5888-b269-fcb13c1c1051', 1, 'i''m okay; no problem');
INSERT INTO "vocabulary"."spelling" ("id", "vocabulary_id", "spelling_kind_code", "value") VALUES ('8b033b71-441f-5c07-bfaa-1873d6aa0744', 'f5f775ad-523f-5888-b269-fcb13c1c1051', 'KANJI', '大丈夫');
INSERT INTO "vocabulary"."spelling" ("id", "vocabulary_id", "spelling_kind_code", "value") VALUES ('d650a56b-a3af-59ae-831d-7c0d77ed9568', 'f5f775ad-523f-5888-b269-fcb13c1c1051', 'HIRAGANA', 'だいじょうぶ');
INSERT INTO "vocabulary"."spelling" ("id", "vocabulary_id", "spelling_kind_code", "value") VALUES ('d738adea-44c5-53d0-a150-8274bd2f51b6', 'f5f775ad-523f-5888-b269-fcb13c1c1051', 'KANJI', '大丈夫');
INSERT INTO "vocabulary"."linkages" ("vocabulary_id", "preferred_definition_id", "preferred_spelling_id", "phonetic_spelling_id", "alt_phonetic_spelling_id", "kanji_spelling_id", "conjugation_set_id") VALUES ('f5f775ad-523f-5888-b269-fcb13c1c1051', '90dff9d0-b534-5872-b738-39842ab33a63', '8b033b71-441f-5c07-bfaa-1873d6aa0744', 'd650a56b-a3af-59ae-831d-7c0d77ed9568', NULL, 'd738adea-44c5-53d0-a150-8274bd2f51b6', NULL);
INSERT INTO "vocabulary"."reference" ("vocabulary_id", "lesson_code") VALUES ('f5f775ad-523f-5888-b269-fcb13c1c1051', 'GENKI3_L05');
-- 大丈夫です | I'm okay; no thank you; it's all right --;
INSERT INTO "vocabulary"."vocabulary" ("id", "word_class_code", "conjugation_kind_code", "jlpt_level", "row_num", "tags", "date_added") VALUES ('6ae314ed-22ae-5a5f-8e43-c5165e6eb3a1', 'EXPRESSION', NULL, NULL, 240, '{}', '2022-07-24');
INSERT INTO "vocabulary"."definition" ("id", "vocabulary_id", "sort_rank", "value") VALUES ('76e4bac6-68ee-5b12-ba72-000bf0cbc25b', '6ae314ed-22ae-5a5f-8e43-c5165e6eb3a1', 1, 'I''m okay; no thank you; it''s all right');
INSERT INTO "vocabulary"."spelling" ("id", "vocabulary_id", "spelling_kind_code", "value") VALUES ('e96e872b-6773-5cee-907d-14e0fd22a95c', '6ae314ed-22ae-5a5f-8e43-c5165e6eb3a1', 'KANJI', '大丈夫です');
INSERT INTO "vocabulary"."spelling" ("id", "vocabulary_id", "spelling_kind_code", "value") VALUES ('0033c2c7-ea74-5456-81a2-d4072a0bcacd', '6ae314ed-22ae-5a5f-8e43-c5165e6eb3a1', 'HIRAGANA', 'だいじょうぶです');
INSERT INTO "vocabulary"."spelling" ("id", "vocabulary_id", "spelling_kind_code", "value") VALUES ('61cd96e2-d997-5c94-85a2-58fccbfd0ce6', '6ae314ed-22ae-5a5f-8e43-c5165e6eb3a1', 'KANJI', '大丈夫です');
INSERT INTO "vocabulary"."linkages" ("vocabulary_id", "preferred_definition_id", "preferred_spelling_id", "phonetic_spelling_id", "alt_phonetic_spelling_id", "kanji_spelling_id", "conjugation_set_id") VALUES ('6ae314ed-22ae-5a5f-8e43-c5165e6eb3a1', '76e4bac6-68ee-5b12-ba72-000bf0cbc25b', 'e96e872b-6773-5cee-907d-14e0fd22a95c', '0033c2c7-ea74-5456-81a2-d4072a0bcacd', NULL, '61cd96e2-d997-5c94-85a2-58fccbfd0ce6', NULL);
-- 少し | little quantity; few --;
INSERT INTO "vocabulary"."vocabulary" ("id", "word_class_code", "conjugation_kind_code", "jlpt_level", "row_num", "tags", "date_added") VALUES ('8640d0ab-1efc-5b18-a49c-564f8e53d65c', 'ADVERB', NULL, 5, 241, '{}', '2022-07-24');
INSERT INTO "vocabulary"."definition" ("id", "vocabulary_id", "sort_rank", "value") VALUES ('3141cb54-c49b-52c9-8489-a7bb8017e86d', '8640d0ab-1efc-5b18-a49c-564f8e53d65c', 1, 'little quantity; few');
INSERT INTO "vocabulary"."spelling" ("id", "vocabulary_id", "spelling_kind_code", "value") VALUES ('024b5310-dd7d-52af-b581-fab07ca3ea4c', '8640d0ab-1efc-5b18-a49c-564f8e53d65c', 'KANJI', '少し');
INSERT INTO "vocabulary"."spelling" ("id", "vocabulary_id", "spelling_kind_code", "value") VALUES ('c6189172-3752-527e-908b-ae3035d07115', '8640d0ab-1efc-5b18-a49c-564f8e53d65c', 'HIRAGANA', 'すこし');
INSERT INTO "vocabulary"."spelling" ("id", "vocabulary_id", "spelling_kind_code", "value") VALUES ('bb551800-d04c-5e36-a505-37c96f8c9e99', '8640d0ab-1efc-5b18-a49c-564f8e53d65c', 'KANJI', '少し');
INSERT INTO "vocabulary"."linkages" ("vocabulary_id", "preferred_definition_id", "preferred_spelling_id", "phonetic_spelling_id", "alt_phonetic_spelling_id", "kanji_spelling_id", "conjugation_set_id") VALUES ('8640d0ab-1efc-5b18-a49c-564f8e53d65c', '3141cb54-c49b-52c9-8489-a7bb8017e86d', '024b5310-dd7d-52af-b581-fab07ca3ea4c', 'c6189172-3752-527e-908b-ae3035d07115', NULL, 'bb551800-d04c-5e36-a505-37c96f8c9e99', NULL);
-- また | again, once more; also, too, as well --;
INSERT INTO "vocabulary"."vocabulary" ("id", "word_class_code", "conjugation_kind_code", "jlpt_level", "row_num", "tags", "date_added") VALUES ('ecb81156-ea05-44c8-bea0-9e5c199c1c4b', 'ADVERB', NULL, 5, 242, '{}', '2022-08-08');
INSERT INTO "vocabulary"."definition" ("id", "vocabulary_id", "sort_rank", "value") VALUES ('1862872e-f3ce-5be9-b851-a1bf0ef8c1f2', 'ecb81156-ea05-44c8-bea0-9e5c199c1c4b', 1, 'again, once more; also, too, as well');
INSERT INTO "vocabulary"."spelling" ("id", "vocabulary_id", "spelling_kind_code", "value") VALUES ('4ce0e249-9c1f-55a3-be7a-e12a8f8cd65d', 'ecb81156-ea05-44c8-bea0-9e5c199c1c4b', 'HIRAGANA', 'また');
INSERT INTO "vocabulary"."spelling" ("id", "vocabulary_id", "spelling_kind_code", "value") VALUES ('f36cb44e-4127-52c9-8256-59508aa2430e', 'ecb81156-ea05-44c8-bea0-9e5c199c1c4b', 'HIRAGANA', 'また');
INSERT INTO "vocabulary"."spelling" ("id", "vocabulary_id", "spelling_kind_code", "value") VALUES ('cb90b895-6922-5b37-8dfe-95bc58bcd6d9', 'ecb81156-ea05-44c8-bea0-9e5c199c1c4b', 'KANJI', '又');
INSERT INTO "vocabulary"."linkages" ("vocabulary_id", "preferred_definition_id", "preferred_spelling_id", "phonetic_spelling_id", "alt_phonetic_spelling_id", "kanji_spelling_id", "conjugation_set_id") VALUES ('ecb81156-ea05-44c8-bea0-9e5c199c1c4b', '1862872e-f3ce-5be9-b851-a1bf0ef8c1f2', '4ce0e249-9c1f-55a3-be7a-e12a8f8cd65d', 'f36cb44e-4127-52c9-8256-59508aa2430e', NULL, 'cb90b895-6922-5b37-8dfe-95bc58bcd6d9', NULL);
-- またね | bye; see you again later --;
INSERT INTO "vocabulary"."vocabulary" ("id", "word_class_code", "conjugation_kind_code", "jlpt_level", "row_num", "tags", "date_added") VALUES ('820e130a-a772-413e-a754-d1a0021bbcf5', 'INTERJECTION', NULL, NULL, 243, '{}', '2022-08-08');
INSERT INTO "vocabulary"."definition" ("id", "vocabulary_id", "sort_rank", "value") VALUES ('4e4bece0-689d-58e0-9227-29cb871953f3', '820e130a-a772-413e-a754-d1a0021bbcf5', 1, 'bye; see you again later');
INSERT INTO "vocabulary"."spelling" ("id", "vocabulary_id", "spelling_kind_code", "value") VALUES ('1920824f-f54d-5d14-8588-c20a36a83c62', '820e130a-a772-413e-a754-d1a0021bbcf5', 'HIRAGANA', 'またね');
INSERT INTO "vocabulary"."spelling" ("id", "vocabulary_id", "spelling_kind_code", "value") VALUES ('679d1132-92b1-57a6-af16-3102a4cbe017', '820e130a-a772-413e-a754-d1a0021bbcf5', 'HIRAGANA', 'またね');
INSERT INTO "vocabulary"."linkages" ("vocabulary_id", "preferred_definition_id", "preferred_spelling_id", "phonetic_spelling_id", "alt_phonetic_spelling_id", "kanji_spelling_id", "conjugation_set_id") VALUES ('820e130a-a772-413e-a754-d1a0021bbcf5', '4e4bece0-689d-58e0-9227-29cb871953f3', '1920824f-f54d-5d14-8588-c20a36a83c62', '679d1132-92b1-57a6-af16-3102a4cbe017', NULL, NULL, NULL);
-- じゃね | bye; see you --;
INSERT INTO "vocabulary"."vocabulary" ("id", "word_class_code", "conjugation_kind_code", "jlpt_level", "row_num", "tags", "date_added") VALUES ('82223749-3af6-4348-b0f0-a0addad0ddf2', 'INTERJECTION', NULL, NULL, 244, '{}', '2022-08-08');
INSERT INTO "vocabulary"."definition" ("id", "vocabulary_id", "sort_rank", "value") VALUES ('99677b2c-38c5-543a-aa64-f7a7620485ec', '82223749-3af6-4348-b0f0-a0addad0ddf2', 1, 'bye; see you');
INSERT INTO "vocabulary"."spelling" ("id", "vocabulary_id", "spelling_kind_code", "value") VALUES ('51d10a36-abda-5b85-9f79-0380365747fd', '82223749-3af6-4348-b0f0-a0addad0ddf2', 'HIRAGANA', 'じゃね');
INSERT INTO "vocabulary"."spelling" ("id", "vocabulary_id", "spelling_kind_code", "value") VALUES ('8cd2e002-a760-5aaa-89ac-ed109294b613', '82223749-3af6-4348-b0f0-a0addad0ddf2', 'HIRAGANA', 'じゃあね');
INSERT INTO "vocabulary"."spelling" ("id", "vocabulary_id", "spelling_kind_code", "value") VALUES ('c994ec55-d556-5877-9edd-ad2341651ae2', '82223749-3af6-4348-b0f0-a0addad0ddf2', 'HIRAGANA', 'じゃね');
INSERT INTO "vocabulary"."linkages" ("vocabulary_id", "preferred_definition_id", "preferred_spelling_id", "phonetic_spelling_id", "alt_phonetic_spelling_id", "kanji_spelling_id", "conjugation_set_id") VALUES ('82223749-3af6-4348-b0f0-a0addad0ddf2', '99677b2c-38c5-543a-aa64-f7a7620485ec', '51d10a36-abda-5b85-9f79-0380365747fd', '8cd2e002-a760-5aaa-89ac-ed109294b613', 'c994ec55-d556-5877-9edd-ad2341651ae2', NULL, NULL);
-- おめでとう | congratulations, well done, best wishes --;
INSERT INTO "vocabulary"."vocabulary" ("id", "word_class_code", "conjugation_kind_code", "jlpt_level", "row_num", "tags", "date_added") VALUES ('f64a8d64-a48c-5f1e-b7f0-e9e805646472', 'INTERJECTION', NULL, 3, 245, '{}', '2022-08-08');
INSERT INTO "vocabulary"."definition" ("id", "vocabulary_id", "sort_rank", "value") VALUES ('90c4b0f2-5c04-5be2-b1e5-964613d13d3a', 'f64a8d64-a48c-5f1e-b7f0-e9e805646472', 1, 'congratulations, well done, best wishes');
INSERT INTO "vocabulary"."spelling" ("id", "vocabulary_id", "spelling_kind_code", "value") VALUES ('bda480a9-b2a7-5085-ac48-1ce69ebc89de', 'f64a8d64-a48c-5f1e-b7f0-e9e805646472', 'HIRAGANA', 'おめでとう');
INSERT INTO "vocabulary"."spelling" ("id", "vocabulary_id", "spelling_kind_code", "value") VALUES ('321bb6e1-0687-560f-a1c4-b16dead2e497', 'f64a8d64-a48c-5f1e-b7f0-e9e805646472', 'HIRAGANA', 'おめでとう');
INSERT INTO "vocabulary"."linkages" ("vocabulary_id", "preferred_definition_id", "preferred_spelling_id", "phonetic_spelling_id", "alt_phonetic_spelling_id", "kanji_spelling_id", "conjugation_set_id") VALUES ('f64a8d64-a48c-5f1e-b7f0-e9e805646472', '90c4b0f2-5c04-5be2-b1e5-964613d13d3a', 'bda480a9-b2a7-5085-ac48-1ce69ebc89de', '321bb6e1-0687-560f-a1c4-b16dead2e497', NULL, NULL, NULL);
-- 頑張る | to persist; to do one's best; to keep at it --;
INSERT INTO "vocabulary"."vocabulary" ("id", "word_class_code", "conjugation_kind_code", "jlpt_level", "row_num", "tags", "date_added") VALUES ('a8f00f2e-c5dc-58d6-8225-376fbd35544f', 'VERB', 'GODAN_VERB', NULL, 246, '{}', '2022-08-12');
INSERT INTO "vocabulary"."definition" ("id", "vocabulary_id", "sort_rank", "value") VALUES ('9b4d9a00-01cc-524c-a2fd-0f38727b9e0a', 'a8f00f2e-c5dc-58d6-8225-376fbd35544f', 1, 'to persist; to do one''s best; to keep at it');
INSERT INTO "vocabulary"."spelling" ("id", "vocabulary_id", "spelling_kind_code", "value") VALUES ('8d4d9307-a8b7-50c8-b07d-ac6247e58997', 'a8f00f2e-c5dc-58d6-8225-376fbd35544f', 'KANJI', '頑張る');
INSERT INTO "vocabulary"."spelling" ("id", "vocabulary_id", "spelling_kind_code", "value") VALUES ('3a976d15-26a9-5d82-9de3-53abd088d601', 'a8f00f2e-c5dc-58d6-8225-376fbd35544f', 'HIRAGANA', 'がんばる');
INSERT INTO "vocabulary"."spelling" ("id", "vocabulary_id", "spelling_kind_code", "value") VALUES ('2f7069bf-a7f9-5978-aef1-f980506fb63d', 'a8f00f2e-c5dc-58d6-8225-376fbd35544f', 'KANJI', '頑張る');
INSERT INTO "vocabulary"."conjugation_set" ("id", "vocabulary_id") VALUES ('0f8e0502-808b-559d-a6be-f61cf244e7a3', 'a8f00f2e-c5dc-58d6-8225-376fbd35544f');
INSERT INTO "vocabulary"."linkages" ("vocabulary_id", "preferred_definition_id", "preferred_spelling_id", "phonetic_spelling_id", "alt_phonetic_spelling_id", "kanji_spelling_id", "conjugation_set_id") VALUES ('a8f00f2e-c5dc-58d6-8225-376fbd35544f', '9b4d9a00-01cc-524c-a2fd-0f38727b9e0a', '8d4d9307-a8b7-50c8-b07d-ac6247e58997', '3a976d15-26a9-5d82-9de3-53abd088d601', NULL, '2f7069bf-a7f9-5978-aef1-f980506fb63d', '0f8e0502-808b-559d-a6be-f61cf244e7a3');
INSERT INTO "vocabulary"."conjugation" ("id", "conjugation_set_id", "politeness_code", "charge_code", "form_code", "sort_rank", "value") VALUES ('0f77f5c2-23bf-53b5-a3f8-de163c05b458', '0f8e0502-808b-559d-a6be-f61cf244e7a3', 'PLAIN', 'POSITIVE', 'PRESENT', 1, '頑張る');
INSERT INTO "vocabulary"."conjugation" ("id", "conjugation_set_id", "politeness_code", "charge_code", "form_code", "sort_rank", "value") VALUES ('2888cb5f-743e-5e16-a4d3-60f2bc07a06d', '0f8e0502-808b-559d-a6be-f61cf244e7a3', 'PLAIN', 'POSITIVE', 'PAST', 1, '頑張った');
INSERT INTO "vocabulary"."conjugation" ("id", "conjugation_set_id", "politeness_code", "charge_code", "form_code", "sort_rank", "value") VALUES ('a640f3cb-0e46-5cee-a73a-3f873be197f2', '0f8e0502-808b-559d-a6be-f61cf244e7a3', 'PLAIN', 'POSITIVE', 'TE', 1, '頑張って');
INSERT INTO "vocabulary"."conjugation" ("id", "conjugation_set_id", "politeness_code", "charge_code", "form_code", "sort_rank", "value") VALUES ('1a926ad8-052a-5449-9b7f-7461852e54ce', '0f8e0502-808b-559d-a6be-f61cf244e7a3', 'PLAIN', 'NEGATIVE', 'PRESENT', 1, '頑張らない');
INSERT INTO "vocabulary"."conjugation" ("id", "conjugation_set_id", "politeness_code", "charge_code", "form_code", "sort_rank", "value") VALUES ('f809306e-2d38-53ee-8671-6020e81b7ab7', '0f8e0502-808b-559d-a6be-f61cf244e7a3', 'PLAIN', 'NEGATIVE', 'PAST', 1, '頑張らなかった');
INSERT INTO "vocabulary"."conjugation" ("id", "conjugation_set_id", "politeness_code", "charge_code", "form_code", "sort_rank", "value") VALUES ('95bd0112-2eba-587a-93b6-a63622c9be1a', '0f8e0502-808b-559d-a6be-f61cf244e7a3', 'PLAIN', 'NEGATIVE', 'TE', 1, '頑張らなくて');
INSERT INTO "vocabulary"."conjugation" ("id", "conjugation_set_id", "politeness_code", "charge_code", "form_code", "sort_rank", "value") VALUES ('43d5b056-1e17-5347-938f-8e676a9508c5', '0f8e0502-808b-559d-a6be-f61cf244e7a3', 'POLITE', 'POSITIVE', 'PRESENT', 1, '頑張ります');
INSERT INTO "vocabulary"."conjugation" ("id", "conjugation_set_id", "politeness_code", "charge_code", "form_code", "sort_rank", "value") VALUES ('43521b84-4865-5f86-9971-9a9622686f5f', '0f8e0502-808b-559d-a6be-f61cf244e7a3', 'POLITE', 'POSITIVE', 'PAST', 1, '頑張りました');
INSERT INTO "vocabulary"."conjugation" ("id", "conjugation_set_id", "politeness_code", "charge_code", "form_code", "sort_rank", "value") VALUES ('1d0c63c4-1f4a-5ba6-a062-176751115c26', '0f8e0502-808b-559d-a6be-f61cf244e7a3', 'POLITE', 'NEGATIVE', 'PRESENT', 1, '頑張りません');
INSERT INTO "vocabulary"."conjugation" ("id", "conjugation_set_id", "politeness_code", "charge_code", "form_code", "sort_rank", "value") VALUES ('685f7d56-600c-55fe-b6d6-cad70a400365', '0f8e0502-808b-559d-a6be-f61cf244e7a3', 'POLITE', 'NEGATIVE', 'PAST', 1, '頑張りませんでした');
-- 好き | like --;
INSERT INTO "vocabulary"."vocabulary" ("id", "word_class_code", "conjugation_kind_code", "jlpt_level", "row_num", "tags", "date_added") VALUES ('dbecb5a9-82dd-5c17-ba84-c7887cf58ce8', 'ADJECTIVE', 'NA_ADJECTIVE', 5, 247, '{}', '2022-08-12');
INSERT INTO "vocabulary"."definition" ("id", "vocabulary_id", "sort_rank", "value") VALUES ('d21d22d8-d38d-5967-bfcd-d1792bfa2037', 'dbecb5a9-82dd-5c17-ba84-c7887cf58ce8', 1, 'like');
INSERT INTO "vocabulary"."spelling" ("id", "vocabulary_id", "spelling_kind_code", "value") VALUES ('663ab235-b8ac-5194-a73e-0d0234f5f3e0', 'dbecb5a9-82dd-5c17-ba84-c7887cf58ce8', 'KANJI', '好き');
INSERT INTO "vocabulary"."spelling" ("id", "vocabulary_id", "spelling_kind_code", "value") VALUES ('ea9f7eb8-b088-57ad-a7db-22fddb7b31d2', 'dbecb5a9-82dd-5c17-ba84-c7887cf58ce8', 'HIRAGANA', 'すき');
INSERT INTO "vocabulary"."spelling" ("id", "vocabulary_id", "spelling_kind_code", "value") VALUES ('ee58e755-62bb-51e9-8476-f81239b6dfac', 'dbecb5a9-82dd-5c17-ba84-c7887cf58ce8', 'KANJI', '好き');
INSERT INTO "vocabulary"."conjugation_set" ("id", "vocabulary_id") VALUES ('d21c8d95-6202-5f23-a0e9-44edaef92906', 'dbecb5a9-82dd-5c17-ba84-c7887cf58ce8');
INSERT INTO "vocabulary"."linkages" ("vocabulary_id", "preferred_definition_id", "preferred_spelling_id", "phonetic_spelling_id", "alt_phonetic_spelling_id", "kanji_spelling_id", "conjugation_set_id") VALUES ('dbecb5a9-82dd-5c17-ba84-c7887cf58ce8', 'd21d22d8-d38d-5967-bfcd-d1792bfa2037', '663ab235-b8ac-5194-a73e-0d0234f5f3e0', 'ea9f7eb8-b088-57ad-a7db-22fddb7b31d2', NULL, 'ee58e755-62bb-51e9-8476-f81239b6dfac', 'd21c8d95-6202-5f23-a0e9-44edaef92906');
INSERT INTO "vocabulary"."reference" ("vocabulary_id", "lesson_code") VALUES ('dbecb5a9-82dd-5c17-ba84-c7887cf58ce8', 'DUO_01_02');
INSERT INTO "vocabulary"."reference" ("vocabulary_id", "lesson_code") VALUES ('dbecb5a9-82dd-5c17-ba84-c7887cf58ce8', 'DUO_U01');
INSERT INTO "vocabulary"."conjugation" ("id", "conjugation_set_id", "politeness_code", "charge_code", "form_code", "sort_rank", "value") VALUES ('d3adc561-6113-57a2-ba91-3de9ac3378be', 'd21c8d95-6202-5f23-a0e9-44edaef92906', 'PLAIN', 'POSITIVE', 'PRESENT', 1, '好きだ');
INSERT INTO "vocabulary"."conjugation" ("id", "conjugation_set_id", "politeness_code", "charge_code", "form_code", "sort_rank", "value") VALUES ('6558423d-799f-5f2a-899f-1fc78a0019d9', 'd21c8d95-6202-5f23-a0e9-44edaef92906', 'PLAIN', 'POSITIVE', 'PAST', 1, '好きだった');
INSERT INTO "vocabulary"."conjugation" ("id", "conjugation_set_id", "politeness_code", "charge_code", "form_code", "sort_rank", "value") VALUES ('e5925acd-de55-5b91-93ca-63eeaac7ddad', 'd21c8d95-6202-5f23-a0e9-44edaef92906', 'PLAIN', 'NEGATIVE', 'PRESENT', 1, '好きじゃない');
INSERT INTO "vocabulary"."conjugation" ("id", "conjugation_set_id", "politeness_code", "charge_code", "form_code", "sort_rank", "value") VALUES ('85653b4f-d3ed-5bf1-aa3f-f5ad3507df49', 'd21c8d95-6202-5f23-a0e9-44edaef92906', 'PLAIN', 'NEGATIVE', 'PAST', 1, '好きじゃなかった');
-- ドキドキ | thump-thump; to beat fast --;
INSERT INTO "vocabulary"."vocabulary" ("id", "word_class_code", "conjugation_kind_code", "jlpt_level", "row_num", "tags", "date_added") VALUES ('9723a3d5-9c7a-5674-a377-5d5c1220438d', 'ADVERB', NULL, 2, 248, '{}', '2022-08-12');
INSERT INTO "vocabulary"."definition" ("id", "vocabulary_id", "sort_rank", "value") VALUES ('4c7acea0-cac9-5961-96d5-1b1514e68127', '9723a3d5-9c7a-5674-a377-5d5c1220438d', 1, 'thump-thump; to beat fast');
INSERT INTO "vocabulary"."spelling" ("id", "vocabulary_id", "spelling_kind_code", "value") VALUES ('bdfe78da-c726-544a-8578-f523112b0046', '9723a3d5-9c7a-5674-a377-5d5c1220438d', 'KATAKANA', 'ドキドキ');
INSERT INTO "vocabulary"."spelling" ("id", "vocabulary_id", "spelling_kind_code", "value") VALUES ('5e6fa305-ab03-5c42-88ae-76da7de2b985', '9723a3d5-9c7a-5674-a377-5d5c1220438d', 'HIRAGANA', 'どきどき');
INSERT INTO "vocabulary"."linkages" ("vocabulary_id", "preferred_definition_id", "preferred_spelling_id", "phonetic_spelling_id", "alt_phonetic_spelling_id", "kanji_spelling_id", "conjugation_set_id") VALUES ('9723a3d5-9c7a-5674-a377-5d5c1220438d', '4c7acea0-cac9-5961-96d5-1b1514e68127', 'bdfe78da-c726-544a-8578-f523112b0046', '5e6fa305-ab03-5c42-88ae-76da7de2b985', NULL, NULL, NULL);
-- 春 | spring --;
INSERT INTO "vocabulary"."vocabulary" ("id", "word_class_code", "conjugation_kind_code", "jlpt_level", "row_num", "tags", "date_added") VALUES ('114b67a6-53f1-58a1-bacd-29661af2a808', 'NOUN', NULL, 5, 249, '{season}', '2022-08-12');
INSERT INTO "vocabulary"."definition" ("id", "vocabulary_id", "sort_rank", "value") VALUES ('cfb20a7a-a0be-5a99-ac73-da70dbecd0dd', '114b67a6-53f1-58a1-bacd-29661af2a808', 1, 'spring');
INSERT INTO "vocabulary"."spelling" ("id", "vocabulary_id", "spelling_kind_code", "value") VALUES ('4b3c0988-e8a7-5a9f-9910-ceac45409d48', '114b67a6-53f1-58a1-bacd-29661af2a808', 'KANJI', '春');
INSERT INTO "vocabulary"."spelling" ("id", "vocabulary_id", "spelling_kind_code", "value") VALUES ('e9d9af39-9543-5f52-b0b0-9a322115179d', '114b67a6-53f1-58a1-bacd-29661af2a808', 'HIRAGANA', 'はる');
INSERT INTO "vocabulary"."spelling" ("id", "vocabulary_id", "spelling_kind_code", "value") VALUES ('a184a0d0-ceac-5904-88fe-97943c478bed', '114b67a6-53f1-58a1-bacd-29661af2a808', 'KANJI', '春');
INSERT INTO "vocabulary"."linkages" ("vocabulary_id", "preferred_definition_id", "preferred_spelling_id", "phonetic_spelling_id", "alt_phonetic_spelling_id", "kanji_spelling_id", "conjugation_set_id") VALUES ('114b67a6-53f1-58a1-bacd-29661af2a808', 'cfb20a7a-a0be-5a99-ac73-da70dbecd0dd', '4b3c0988-e8a7-5a9f-9910-ceac45409d48', 'e9d9af39-9543-5f52-b0b0-9a322115179d', NULL, 'a184a0d0-ceac-5904-88fe-97943c478bed', NULL);
-- 夏 | summer --;
INSERT INTO "vocabulary"."vocabulary" ("id", "word_class_code", "conjugation_kind_code", "jlpt_level", "row_num", "tags", "date_added") VALUES ('cd1adf28-7497-5c5f-ab0f-ecfaedc6e345', 'NOUN', NULL, 5, 250, '{season}', '2022-08-12');
INSERT INTO "vocabulary"."definition" ("id", "vocabulary_id", "sort_rank", "value") VALUES ('023560a0-f136-5b33-8e58-9f7359a1bbf2', 'cd1adf28-7497-5c5f-ab0f-ecfaedc6e345', 1, 'summer');
INSERT INTO "vocabulary"."spelling" ("id", "vocabulary_id", "spelling_kind_code", "value") VALUES ('0a130ca5-0a38-5d5f-9f04-ba6f4f415197', 'cd1adf28-7497-5c5f-ab0f-ecfaedc6e345', 'KANJI', '夏');
INSERT INTO "vocabulary"."spelling" ("id", "vocabulary_id", "spelling_kind_code", "value") VALUES ('e64f44eb-411b-5021-8fa2-e3c6035f5965', 'cd1adf28-7497-5c5f-ab0f-ecfaedc6e345', 'HIRAGANA', 'なつ');
INSERT INTO "vocabulary"."spelling" ("id", "vocabulary_id", "spelling_kind_code", "value") VALUES ('6a140b03-bdad-522a-a05d-c7001d481a5a', 'cd1adf28-7497-5c5f-ab0f-ecfaedc6e345', 'KANJI', '夏');
INSERT INTO "vocabulary"."linkages" ("vocabulary_id", "preferred_definition_id", "preferred_spelling_id", "phonetic_spelling_id", "alt_phonetic_spelling_id", "kanji_spelling_id", "conjugation_set_id") VALUES ('cd1adf28-7497-5c5f-ab0f-ecfaedc6e345', '023560a0-f136-5b33-8e58-9f7359a1bbf2', '0a130ca5-0a38-5d5f-9f04-ba6f4f415197', 'e64f44eb-411b-5021-8fa2-e3c6035f5965', NULL, '6a140b03-bdad-522a-a05d-c7001d481a5a', NULL);
INSERT INTO "vocabulary"."reference" ("vocabulary_id", "lesson_code") VALUES ('cd1adf28-7497-5c5f-ab0f-ecfaedc6e345', 'DUO_01_02');
INSERT INTO "vocabulary"."reference" ("vocabulary_id", "lesson_code") VALUES ('cd1adf28-7497-5c5f-ab0f-ecfaedc6e345', 'DUO_U01');
INSERT INTO "vocabulary"."reference" ("vocabulary_id", "lesson_code") VALUES ('cd1adf28-7497-5c5f-ab0f-ecfaedc6e345', 'GENKI3_L08');
-- 秋 | fall --;
INSERT INTO "vocabulary"."vocabulary" ("id", "word_class_code", "conjugation_kind_code", "jlpt_level", "row_num", "tags", "date_added") VALUES ('580fd4b9-e1ae-5e7b-a257-25f2fa55a899', 'NOUN', NULL, 5, 251, '{season}', '2022-08-12');
INSERT INTO "vocabulary"."definition" ("id", "vocabulary_id", "sort_rank", "value") VALUES ('3303107e-fd66-56df-a53a-617207d64918', '580fd4b9-e1ae-5e7b-a257-25f2fa55a899', 1, 'fall');
INSERT INTO "vocabulary"."spelling" ("id", "vocabulary_id", "spelling_kind_code", "value") VALUES ('3ecc6af9-c135-5ae5-abb2-0ac4dd6997f5', '580fd4b9-e1ae-5e7b-a257-25f2fa55a899', 'KANJI', '秋');
INSERT INTO "vocabulary"."spelling" ("id", "vocabulary_id", "spelling_kind_code", "value") VALUES ('aa51aa1d-4bc6-5730-9478-ecb8ea628b40', '580fd4b9-e1ae-5e7b-a257-25f2fa55a899', 'HIRAGANA', 'あき');
INSERT INTO "vocabulary"."spelling" ("id", "vocabulary_id", "spelling_kind_code", "value") VALUES ('477b26ca-e10d-5802-aee1-ec05a2c50b51', '580fd4b9-e1ae-5e7b-a257-25f2fa55a899', 'KANJI', '秋');
INSERT INTO "vocabulary"."linkages" ("vocabulary_id", "preferred_definition_id", "preferred_spelling_id", "phonetic_spelling_id", "alt_phonetic_spelling_id", "kanji_spelling_id", "conjugation_set_id") VALUES ('580fd4b9-e1ae-5e7b-a257-25f2fa55a899', '3303107e-fd66-56df-a53a-617207d64918', '3ecc6af9-c135-5ae5-abb2-0ac4dd6997f5', 'aa51aa1d-4bc6-5730-9478-ecb8ea628b40', NULL, '477b26ca-e10d-5802-aee1-ec05a2c50b51', NULL);
-- 冬 | winter --;
INSERT INTO "vocabulary"."vocabulary" ("id", "word_class_code", "conjugation_kind_code", "jlpt_level", "row_num", "tags", "date_added") VALUES ('f9e87b50-2575-5141-98c9-1d6f96fa0ade', 'NOUN', NULL, 5, 252, '{season}', '2022-08-12');
INSERT INTO "vocabulary"."definition" ("id", "vocabulary_id", "sort_rank", "value") VALUES ('b284a0d3-1b32-5daf-8daf-6ee0142f3f47', 'f9e87b50-2575-5141-98c9-1d6f96fa0ade', 1, 'winter');
INSERT INTO "vocabulary"."spelling" ("id", "vocabulary_id", "spelling_kind_code", "value") VALUES ('2c1d1a6f-b4de-5239-af7d-ec70bf1db958', 'f9e87b50-2575-5141-98c9-1d6f96fa0ade', 'KANJI', '冬');
INSERT INTO "vocabulary"."spelling" ("id", "vocabulary_id", "spelling_kind_code", "value") VALUES ('e08ec4fb-e071-5305-8487-fb6dbeac8a53', 'f9e87b50-2575-5141-98c9-1d6f96fa0ade', 'HIRAGANA', 'ふゆ');
INSERT INTO "vocabulary"."spelling" ("id", "vocabulary_id", "spelling_kind_code", "value") VALUES ('77da31c6-4134-5e7a-a305-e6bd02146131', 'f9e87b50-2575-5141-98c9-1d6f96fa0ade', 'KANJI', '冬');
INSERT INTO "vocabulary"."linkages" ("vocabulary_id", "preferred_definition_id", "preferred_spelling_id", "phonetic_spelling_id", "alt_phonetic_spelling_id", "kanji_spelling_id", "conjugation_set_id") VALUES ('f9e87b50-2575-5141-98c9-1d6f96fa0ade', 'b284a0d3-1b32-5daf-8daf-6ee0142f3f47', '2c1d1a6f-b4de-5239-af7d-ec70bf1db958', 'e08ec4fb-e071-5305-8487-fb6dbeac8a53', NULL, '77da31c6-4134-5e7a-a305-e6bd02146131', NULL);
INSERT INTO "vocabulary"."reference" ("vocabulary_id", "lesson_code") VALUES ('f9e87b50-2575-5141-98c9-1d6f96fa0ade', 'DUO_01_02');
INSERT INTO "vocabulary"."reference" ("vocabulary_id", "lesson_code") VALUES ('f9e87b50-2575-5141-98c9-1d6f96fa0ade', 'DUO_U01');
INSERT INTO "vocabulary"."reference" ("vocabulary_id", "lesson_code") VALUES ('f9e87b50-2575-5141-98c9-1d6f96fa0ade', 'GENKI3_L08');
-- 白 | white --;
INSERT INTO "vocabulary"."vocabulary" ("id", "word_class_code", "conjugation_kind_code", "jlpt_level", "row_num", "tags", "date_added") VALUES ('300c2bc3-fa11-54b9-a12f-1f663986f8ce', 'NOUN', NULL, 5, 253, '{color}', '2022-08-12');
INSERT INTO "vocabulary"."definition" ("id", "vocabulary_id", "sort_rank", "value") VALUES ('7c88f42c-a1a0-5da0-9e43-ee210f0aca05', '300c2bc3-fa11-54b9-a12f-1f663986f8ce', 1, 'white');
INSERT INTO "vocabulary"."spelling" ("id", "vocabulary_id", "spelling_kind_code", "value") VALUES ('c318bcf2-80d2-50d9-8101-9e9dd5ca46be', '300c2bc3-fa11-54b9-a12f-1f663986f8ce', 'KANJI', '白');
INSERT INTO "vocabulary"."spelling" ("id", "vocabulary_id", "spelling_kind_code", "value") VALUES ('e84c217e-5d1f-5b68-9cae-6b3a2e36dbfa', '300c2bc3-fa11-54b9-a12f-1f663986f8ce', 'HIRAGANA', 'しろ');
INSERT INTO "vocabulary"."spelling" ("id", "vocabulary_id", "spelling_kind_code", "value") VALUES ('1f194326-59ad-54d2-a10d-d84a1e6d1a53', '300c2bc3-fa11-54b9-a12f-1f663986f8ce', 'KANJI', '白');
INSERT INTO "vocabulary"."linkages" ("vocabulary_id", "preferred_definition_id", "preferred_spelling_id", "phonetic_spelling_id", "alt_phonetic_spelling_id", "kanji_spelling_id", "conjugation_set_id") VALUES ('300c2bc3-fa11-54b9-a12f-1f663986f8ce', '7c88f42c-a1a0-5da0-9e43-ee210f0aca05', 'c318bcf2-80d2-50d9-8101-9e9dd5ca46be', 'e84c217e-5d1f-5b68-9cae-6b3a2e36dbfa', NULL, '1f194326-59ad-54d2-a10d-d84a1e6d1a53', NULL);
INSERT INTO "vocabulary"."reference" ("vocabulary_id", "lesson_code") VALUES ('300c2bc3-fa11-54b9-a12f-1f663986f8ce', 'DUO_01_01');
INSERT INTO "vocabulary"."reference" ("vocabulary_id", "lesson_code") VALUES ('300c2bc3-fa11-54b9-a12f-1f663986f8ce', 'DUO_U01');
-- 黒 | black --;
INSERT INTO "vocabulary"."vocabulary" ("id", "word_class_code", "conjugation_kind_code", "jlpt_level", "row_num", "tags", "date_added") VALUES ('48b7e73f-4a0c-56bb-8cd6-bf2ed57ed92c', 'NOUN', NULL, 5, 254, '{color}', '2022-08-12');
INSERT INTO "vocabulary"."definition" ("id", "vocabulary_id", "sort_rank", "value") VALUES ('369fdeed-8a0d-515d-bfa8-d0bee5469dcd', '48b7e73f-4a0c-56bb-8cd6-bf2ed57ed92c', 1, 'black');
INSERT INTO "vocabulary"."spelling" ("id", "vocabulary_id", "spelling_kind_code", "value") VALUES ('4f66a4c2-bdcd-5fed-91f8-493141e61933', '48b7e73f-4a0c-56bb-8cd6-bf2ed57ed92c', 'KANJI', '黒');
INSERT INTO "vocabulary"."spelling" ("id", "vocabulary_id", "spelling_kind_code", "value") VALUES ('cf7cc25c-9543-5a24-95e6-02e43cb20756', '48b7e73f-4a0c-56bb-8cd6-bf2ed57ed92c', 'HIRAGANA', 'くろ');
INSERT INTO "vocabulary"."spelling" ("id", "vocabulary_id", "spelling_kind_code", "value") VALUES ('cf7ca804-05ca-5b3f-9987-f817174c3d02', '48b7e73f-4a0c-56bb-8cd6-bf2ed57ed92c', 'KANJI', '黒');
INSERT INTO "vocabulary"."linkages" ("vocabulary_id", "preferred_definition_id", "preferred_spelling_id", "phonetic_spelling_id", "alt_phonetic_spelling_id", "kanji_spelling_id", "conjugation_set_id") VALUES ('48b7e73f-4a0c-56bb-8cd6-bf2ed57ed92c', '369fdeed-8a0d-515d-bfa8-d0bee5469dcd', '4f66a4c2-bdcd-5fed-91f8-493141e61933', 'cf7cc25c-9543-5a24-95e6-02e43cb20756', NULL, 'cf7ca804-05ca-5b3f-9987-f817174c3d02', NULL);
-- 赤 | red --;
INSERT INTO "vocabulary"."vocabulary" ("id", "word_class_code", "conjugation_kind_code", "jlpt_level", "row_num", "tags", "date_added") VALUES ('e65aae18-dc90-5f41-aa96-e40680a12452', 'NOUN', NULL, 5, 255, '{color}', '2022-08-12');
INSERT INTO "vocabulary"."definition" ("id", "vocabulary_id", "sort_rank", "value") VALUES ('77bef9fa-aa81-5bdb-98ab-350674d2eb0a', 'e65aae18-dc90-5f41-aa96-e40680a12452', 1, 'red');
INSERT INTO "vocabulary"."spelling" ("id", "vocabulary_id", "spelling_kind_code", "value") VALUES ('b453f3f2-5495-5569-b25e-a1cabd111ebe', 'e65aae18-dc90-5f41-aa96-e40680a12452', 'KANJI', '赤');
INSERT INTO "vocabulary"."spelling" ("id", "vocabulary_id", "spelling_kind_code", "value") VALUES ('643edf95-6083-56f2-9946-7112a78928d6', 'e65aae18-dc90-5f41-aa96-e40680a12452', 'HIRAGANA', 'あか');
INSERT INTO "vocabulary"."spelling" ("id", "vocabulary_id", "spelling_kind_code", "value") VALUES ('7df992f9-b58a-5e69-9a15-f23c42bdef17', 'e65aae18-dc90-5f41-aa96-e40680a12452', 'KANJI', '赤');
INSERT INTO "vocabulary"."linkages" ("vocabulary_id", "preferred_definition_id", "preferred_spelling_id", "phonetic_spelling_id", "alt_phonetic_spelling_id", "kanji_spelling_id", "conjugation_set_id") VALUES ('e65aae18-dc90-5f41-aa96-e40680a12452', '77bef9fa-aa81-5bdb-98ab-350674d2eb0a', 'b453f3f2-5495-5569-b25e-a1cabd111ebe', '643edf95-6083-56f2-9946-7112a78928d6', NULL, '7df992f9-b58a-5e69-9a15-f23c42bdef17', NULL);
INSERT INTO "vocabulary"."reference" ("vocabulary_id", "lesson_code") VALUES ('e65aae18-dc90-5f41-aa96-e40680a12452', 'DUO_01_01');
INSERT INTO "vocabulary"."reference" ("vocabulary_id", "lesson_code") VALUES ('e65aae18-dc90-5f41-aa96-e40680a12452', 'DUO_U01');
-- 青 | blue --;
INSERT INTO "vocabulary"."vocabulary" ("id", "word_class_code", "conjugation_kind_code", "jlpt_level", "row_num", "tags", "date_added") VALUES ('12290cb0-5c39-5b53-8353-e0404724200b', 'NOUN', NULL, 5, 256, '{color}', '2022-08-12');
INSERT INTO "vocabulary"."definition" ("id", "vocabulary_id", "sort_rank", "value") VALUES ('e9fd3a9f-7fc1-5bd4-b055-6cd7cb3336c0', '12290cb0-5c39-5b53-8353-e0404724200b', 1, 'blue');
INSERT INTO "vocabulary"."spelling" ("id", "vocabulary_id", "spelling_kind_code", "value") VALUES ('34d57885-4e87-5162-86f1-14572e844813', '12290cb0-5c39-5b53-8353-e0404724200b', 'KANJI', '青');
INSERT INTO "vocabulary"."spelling" ("id", "vocabulary_id", "spelling_kind_code", "value") VALUES ('906243fe-35ee-5d07-8d28-da3db9940744', '12290cb0-5c39-5b53-8353-e0404724200b', 'HIRAGANA', 'あお');
INSERT INTO "vocabulary"."spelling" ("id", "vocabulary_id", "spelling_kind_code", "value") VALUES ('1fd91256-0890-5479-9c19-85dbb3cb798b', '12290cb0-5c39-5b53-8353-e0404724200b', 'KANJI', '青');
INSERT INTO "vocabulary"."linkages" ("vocabulary_id", "preferred_definition_id", "preferred_spelling_id", "phonetic_spelling_id", "alt_phonetic_spelling_id", "kanji_spelling_id", "conjugation_set_id") VALUES ('12290cb0-5c39-5b53-8353-e0404724200b', 'e9fd3a9f-7fc1-5bd4-b055-6cd7cb3336c0', '34d57885-4e87-5162-86f1-14572e844813', '906243fe-35ee-5d07-8d28-da3db9940744', NULL, '1fd91256-0890-5479-9c19-85dbb3cb798b', NULL);
INSERT INTO "vocabulary"."reference" ("vocabulary_id", "lesson_code") VALUES ('12290cb0-5c39-5b53-8353-e0404724200b', 'DUO_01_01');
INSERT INTO "vocabulary"."reference" ("vocabulary_id", "lesson_code") VALUES ('12290cb0-5c39-5b53-8353-e0404724200b', 'DUO_U01');
-- 黄色 | yellow --;
INSERT INTO "vocabulary"."vocabulary" ("id", "word_class_code", "conjugation_kind_code", "jlpt_level", "row_num", "tags", "date_added") VALUES ('b5431148-e71a-55b1-a42f-cbf2f029c146', 'NOUN', NULL, 5, 257, '{color}', '2022-08-12');
INSERT INTO "vocabulary"."definition" ("id", "vocabulary_id", "sort_rank", "value") VALUES ('2ad29431-c332-539e-bf69-ef7995f98e9c', 'b5431148-e71a-55b1-a42f-cbf2f029c146', 1, 'yellow');
INSERT INTO "vocabulary"."spelling" ("id", "vocabulary_id", "spelling_kind_code", "value") VALUES ('64e62d36-ded9-59d1-870e-da76afbce7c7', 'b5431148-e71a-55b1-a42f-cbf2f029c146', 'KANJI', '黄色');
INSERT INTO "vocabulary"."spelling" ("id", "vocabulary_id", "spelling_kind_code", "value") VALUES ('15f530c8-2821-55c0-a200-21d801c12f06', 'b5431148-e71a-55b1-a42f-cbf2f029c146', 'HIRAGANA', 'きいろ');
INSERT INTO "vocabulary"."spelling" ("id", "vocabulary_id", "spelling_kind_code", "value") VALUES ('28f529d8-a21f-593d-bafd-023efce5eafa', 'b5431148-e71a-55b1-a42f-cbf2f029c146', 'KANJI', '黄色');
INSERT INTO "vocabulary"."linkages" ("vocabulary_id", "preferred_definition_id", "preferred_spelling_id", "phonetic_spelling_id", "alt_phonetic_spelling_id", "kanji_spelling_id", "conjugation_set_id") VALUES ('b5431148-e71a-55b1-a42f-cbf2f029c146', '2ad29431-c332-539e-bf69-ef7995f98e9c', '64e62d36-ded9-59d1-870e-da76afbce7c7', '15f530c8-2821-55c0-a200-21d801c12f06', NULL, '28f529d8-a21f-593d-bafd-023efce5eafa', NULL);
-- オレンジ | orange --;
INSERT INTO "vocabulary"."vocabulary" ("id", "word_class_code", "conjugation_kind_code", "jlpt_level", "row_num", "tags", "date_added") VALUES ('fd431252-3f59-5b66-b3b2-f078528bbf06', 'NOUN', NULL, 1, 258, '{color}', '2022-08-12');
INSERT INTO "vocabulary"."definition" ("id", "vocabulary_id", "sort_rank", "value") VALUES ('4f8fff37-eb04-536d-8b40-e65ad12b6e1a', 'fd431252-3f59-5b66-b3b2-f078528bbf06', 1, 'orange');
INSERT INTO "vocabulary"."spelling" ("id", "vocabulary_id", "spelling_kind_code", "value") VALUES ('57344184-43f4-545b-b51e-a8fbb4095e51', 'fd431252-3f59-5b66-b3b2-f078528bbf06', 'KATAKANA', 'オレンジ');
INSERT INTO "vocabulary"."spelling" ("id", "vocabulary_id", "spelling_kind_code", "value") VALUES ('390aefed-98ff-5214-a38d-35c2fdf36f98', 'fd431252-3f59-5b66-b3b2-f078528bbf06', 'HIRAGANA', 'おれんじ');
INSERT INTO "vocabulary"."linkages" ("vocabulary_id", "preferred_definition_id", "preferred_spelling_id", "phonetic_spelling_id", "alt_phonetic_spelling_id", "kanji_spelling_id", "conjugation_set_id") VALUES ('fd431252-3f59-5b66-b3b2-f078528bbf06', '4f8fff37-eb04-536d-8b40-e65ad12b6e1a', '57344184-43f4-545b-b51e-a8fbb4095e51', '390aefed-98ff-5214-a38d-35c2fdf36f98', NULL, NULL, NULL);
-- 緑 | green --;
INSERT INTO "vocabulary"."vocabulary" ("id", "word_class_code", "conjugation_kind_code", "jlpt_level", "row_num", "tags", "date_added") VALUES ('dee5b761-7b7a-5723-8e66-8fe9e0b2c2ea', 'NOUN', NULL, 5, 259, '{color}', '2022-08-12');
INSERT INTO "vocabulary"."definition" ("id", "vocabulary_id", "sort_rank", "value") VALUES ('7cfa45a1-a466-5d6e-86e7-44e840289b7b', 'dee5b761-7b7a-5723-8e66-8fe9e0b2c2ea', 1, 'green');
INSERT INTO "vocabulary"."spelling" ("id", "vocabulary_id", "spelling_kind_code", "value") VALUES ('e211644f-2841-530d-8b2f-beb7d71ba25b', 'dee5b761-7b7a-5723-8e66-8fe9e0b2c2ea', 'KANJI', '緑');
INSERT INTO "vocabulary"."spelling" ("id", "vocabulary_id", "spelling_kind_code", "value") VALUES ('f058801c-5059-5787-925f-8edd6784b4ac', 'dee5b761-7b7a-5723-8e66-8fe9e0b2c2ea', 'HIRAGANA', 'みどり');
INSERT INTO "vocabulary"."spelling" ("id", "vocabulary_id", "spelling_kind_code", "value") VALUES ('b32ee43d-8bf2-511e-a052-a50f5bee67d4', 'dee5b761-7b7a-5723-8e66-8fe9e0b2c2ea', 'KANJI', '緑');
INSERT INTO "vocabulary"."linkages" ("vocabulary_id", "preferred_definition_id", "preferred_spelling_id", "phonetic_spelling_id", "alt_phonetic_spelling_id", "kanji_spelling_id", "conjugation_set_id") VALUES ('dee5b761-7b7a-5723-8e66-8fe9e0b2c2ea', '7cfa45a1-a466-5d6e-86e7-44e840289b7b', 'e211644f-2841-530d-8b2f-beb7d71ba25b', 'f058801c-5059-5787-925f-8edd6784b4ac', NULL, 'b32ee43d-8bf2-511e-a052-a50f5bee67d4', NULL);
-- 台所 | kitchen --;
INSERT INTO "vocabulary"."vocabulary" ("id", "word_class_code", "conjugation_kind_code", "jlpt_level", "row_num", "tags", "date_added") VALUES ('03137815-af09-4ff0-84a7-622d92cf600c', 'NOUN', NULL, 5, 260, '{home}', '2022-05-30');
INSERT INTO "vocabulary"."definition" ("id", "vocabulary_id", "sort_rank", "value") VALUES ('bf638b01-e7f1-5aac-9901-52b09c401c8f', '03137815-af09-4ff0-84a7-622d92cf600c', 1, 'kitchen');
INSERT INTO "vocabulary"."spelling" ("id", "vocabulary_id", "spelling_kind_code", "value") VALUES ('f09476a3-b75a-592b-9896-9df3f4a7c419', '03137815-af09-4ff0-84a7-622d92cf600c', 'KANJI', '台所');
INSERT INTO "vocabulary"."spelling" ("id", "vocabulary_id", "spelling_kind_code", "value") VALUES ('bc030d42-0a02-5483-8bd0-175b82e4bd96', '03137815-af09-4ff0-84a7-622d92cf600c', 'HIRAGANA', 'だいどころ');
INSERT INTO "vocabulary"."spelling" ("id", "vocabulary_id", "spelling_kind_code", "value") VALUES ('c3ce9426-44d6-5d31-bfb3-c6e0f01d7131', '03137815-af09-4ff0-84a7-622d92cf600c', 'KANJI', '台所');
INSERT INTO "vocabulary"."linkages" ("vocabulary_id", "preferred_definition_id", "preferred_spelling_id", "phonetic_spelling_id", "alt_phonetic_spelling_id", "kanji_spelling_id", "conjugation_set_id") VALUES ('03137815-af09-4ff0-84a7-622d92cf600c', 'bf638b01-e7f1-5aac-9901-52b09c401c8f', 'f09476a3-b75a-592b-9896-9df3f4a7c419', 'bc030d42-0a02-5483-8bd0-175b82e4bd96', NULL, 'c3ce9426-44d6-5d31-bfb3-c6e0f01d7131', NULL);
INSERT INTO "vocabulary"."reference" ("vocabulary_id", "lesson_code") VALUES ('03137815-af09-4ff0-84a7-622d92cf600c', 'DUO_02_04');
INSERT INTO "vocabulary"."reference" ("vocabulary_id", "lesson_code") VALUES ('03137815-af09-4ff0-84a7-622d92cf600c', 'DUO_U07');
-- 部屋 | room --;
INSERT INTO "vocabulary"."vocabulary" ("id", "word_class_code", "conjugation_kind_code", "jlpt_level", "row_num", "tags", "date_added") VALUES ('f6d9d4a3-811d-4ab1-80e1-8f979c4b483c', 'NOUN', NULL, 5, 261, '{home}', '2022-05-30');
INSERT INTO "vocabulary"."definition" ("id", "vocabulary_id", "sort_rank", "value") VALUES ('e7dbf849-f80d-56fe-affc-ddcca926e2b1', 'f6d9d4a3-811d-4ab1-80e1-8f979c4b483c', 1, 'room');
INSERT INTO "vocabulary"."spelling" ("id", "vocabulary_id", "spelling_kind_code", "value") VALUES ('d35cd043-c5e0-544c-aed2-a5e1fe9a550c', 'f6d9d4a3-811d-4ab1-80e1-8f979c4b483c', 'KANJI', '部屋');
INSERT INTO "vocabulary"."spelling" ("id", "vocabulary_id", "spelling_kind_code", "value") VALUES ('d0f18f1d-34ed-5808-99e7-23ac14396eac', 'f6d9d4a3-811d-4ab1-80e1-8f979c4b483c', 'HIRAGANA', 'へや');
INSERT INTO "vocabulary"."spelling" ("id", "vocabulary_id", "spelling_kind_code", "value") VALUES ('3ee937e6-40f4-51f2-b425-384b9e2315a2', 'f6d9d4a3-811d-4ab1-80e1-8f979c4b483c', 'KANJI', '部屋');
INSERT INTO "vocabulary"."linkages" ("vocabulary_id", "preferred_definition_id", "preferred_spelling_id", "phonetic_spelling_id", "alt_phonetic_spelling_id", "kanji_spelling_id", "conjugation_set_id") VALUES ('f6d9d4a3-811d-4ab1-80e1-8f979c4b483c', 'e7dbf849-f80d-56fe-affc-ddcca926e2b1', 'd35cd043-c5e0-544c-aed2-a5e1fe9a550c', 'd0f18f1d-34ed-5808-99e7-23ac14396eac', NULL, '3ee937e6-40f4-51f2-b425-384b9e2315a2', NULL);
INSERT INTO "vocabulary"."reference" ("vocabulary_id", "lesson_code") VALUES ('f6d9d4a3-811d-4ab1-80e1-8f979c4b483c', 'DUO_02_04');
INSERT INTO "vocabulary"."reference" ("vocabulary_id", "lesson_code") VALUES ('f6d9d4a3-811d-4ab1-80e1-8f979c4b483c', 'DUO_U07');
INSERT INTO "vocabulary"."reference" ("vocabulary_id", "lesson_code") VALUES ('f6d9d4a3-811d-4ab1-80e1-8f979c4b483c', 'GENKI3_L05');
-- 風呂 | bath(tub) --;
INSERT INTO "vocabulary"."vocabulary" ("id", "word_class_code", "conjugation_kind_code", "jlpt_level", "row_num", "tags", "date_added") VALUES ('f31e6384-d4e9-4a67-b12e-e08cddfdba29', 'NOUN', NULL, 5, 262, '{home}', '2022-05-30');
INSERT INTO "vocabulary"."definition" ("id", "vocabulary_id", "sort_rank", "value") VALUES ('2c1acf61-4446-5ab4-b578-bede2a428928', 'f31e6384-d4e9-4a67-b12e-e08cddfdba29', 1, 'bath(tub)');
INSERT INTO "vocabulary"."spelling" ("id", "vocabulary_id", "spelling_kind_code", "value") VALUES ('c2104184-e923-5e12-9b25-0a1a01fcbae9', 'f31e6384-d4e9-4a67-b12e-e08cddfdba29', 'KANJI', '風呂');
INSERT INTO "vocabulary"."spelling" ("id", "vocabulary_id", "spelling_kind_code", "value") VALUES ('74d732d0-0e89-56a7-a0fc-fae80b35aa99', 'f31e6384-d4e9-4a67-b12e-e08cddfdba29', 'HIRAGANA', 'ふろ');
INSERT INTO "vocabulary"."spelling" ("id", "vocabulary_id", "spelling_kind_code", "value") VALUES ('f6ae32c8-3cee-5415-8fcb-d3696a6af708', 'f31e6384-d4e9-4a67-b12e-e08cddfdba29', 'KANJI', '風呂');
INSERT INTO "vocabulary"."linkages" ("vocabulary_id", "preferred_definition_id", "preferred_spelling_id", "phonetic_spelling_id", "alt_phonetic_spelling_id", "kanji_spelling_id", "conjugation_set_id") VALUES ('f31e6384-d4e9-4a67-b12e-e08cddfdba29', '2c1acf61-4446-5ab4-b578-bede2a428928', 'c2104184-e923-5e12-9b25-0a1a01fcbae9', '74d732d0-0e89-56a7-a0fc-fae80b35aa99', NULL, 'f6ae32c8-3cee-5415-8fcb-d3696a6af708', NULL);
INSERT INTO "vocabulary"."reference" ("vocabulary_id", "lesson_code") VALUES ('f31e6384-d4e9-4a67-b12e-e08cddfdba29', 'DUO_02_04');
INSERT INTO "vocabulary"."reference" ("vocabulary_id", "lesson_code") VALUES ('f31e6384-d4e9-4a67-b12e-e08cddfdba29', 'DUO_U07');
-- 寝室 | bedroom --;
INSERT INTO "vocabulary"."vocabulary" ("id", "word_class_code", "conjugation_kind_code", "jlpt_level", "row_num", "tags", "date_added") VALUES ('0079d5eb-c8e1-4f3b-9105-51054a2c0b8a', 'NOUN', NULL, NULL, 263, '{home}', '2022-05-30');
INSERT INTO "vocabulary"."definition" ("id", "vocabulary_id", "sort_rank", "value") VALUES ('617a4779-435c-55d1-b352-38cf190de5f3', '0079d5eb-c8e1-4f3b-9105-51054a2c0b8a', 1, 'bedroom');
INSERT INTO "vocabulary"."spelling" ("id", "vocabulary_id", "spelling_kind_code", "value") VALUES ('67ace14d-c6d6-5586-bd4d-299d449834c1', '0079d5eb-c8e1-4f3b-9105-51054a2c0b8a', 'KANJI', '寝室');
INSERT INTO "vocabulary"."spelling" ("id", "vocabulary_id", "spelling_kind_code", "value") VALUES ('d4346c2d-ff6d-5364-b462-df34bdd62592', '0079d5eb-c8e1-4f3b-9105-51054a2c0b8a', 'HIRAGANA', 'しんしつ');
INSERT INTO "vocabulary"."spelling" ("id", "vocabulary_id", "spelling_kind_code", "value") VALUES ('69f7dc08-6cb8-5a55-9834-a616119242a9', '0079d5eb-c8e1-4f3b-9105-51054a2c0b8a', 'KANJI', '寝室');
INSERT INTO "vocabulary"."linkages" ("vocabulary_id", "preferred_definition_id", "preferred_spelling_id", "phonetic_spelling_id", "alt_phonetic_spelling_id", "kanji_spelling_id", "conjugation_set_id") VALUES ('0079d5eb-c8e1-4f3b-9105-51054a2c0b8a', '617a4779-435c-55d1-b352-38cf190de5f3', '67ace14d-c6d6-5586-bd4d-299d449834c1', 'd4346c2d-ff6d-5364-b462-df34bdd62592', NULL, '69f7dc08-6cb8-5a55-9834-a616119242a9', NULL);
INSERT INTO "vocabulary"."reference" ("vocabulary_id", "lesson_code") VALUES ('0079d5eb-c8e1-4f3b-9105-51054a2c0b8a', 'DUO_02_04');
INSERT INTO "vocabulary"."reference" ("vocabulary_id", "lesson_code") VALUES ('0079d5eb-c8e1-4f3b-9105-51054a2c0b8a', 'DUO_U07');
-- 窓 | window --;
INSERT INTO "vocabulary"."vocabulary" ("id", "word_class_code", "conjugation_kind_code", "jlpt_level", "row_num", "tags", "date_added") VALUES ('b04ef471-2292-4ca7-a470-4829fb116b8a', 'NOUN', NULL, 5, 264, '{home}', '2022-05-30');
INSERT INTO "vocabulary"."definition" ("id", "vocabulary_id", "sort_rank", "value") VALUES ('f02a3619-0a47-58c2-baf3-334fb39c79a6', 'b04ef471-2292-4ca7-a470-4829fb116b8a', 1, 'window');
INSERT INTO "vocabulary"."spelling" ("id", "vocabulary_id", "spelling_kind_code", "value") VALUES ('6cebf2c0-d0fb-580a-935b-92d2730a8041', 'b04ef471-2292-4ca7-a470-4829fb116b8a', 'KANJI', '窓');
INSERT INTO "vocabulary"."spelling" ("id", "vocabulary_id", "spelling_kind_code", "value") VALUES ('b35c1668-d85b-5a7a-9db3-11bd8b46c5fb', 'b04ef471-2292-4ca7-a470-4829fb116b8a', 'HIRAGANA', 'まど');
INSERT INTO "vocabulary"."spelling" ("id", "vocabulary_id", "spelling_kind_code", "value") VALUES ('4b9706bd-05ba-52ce-8547-f01255595d0d', 'b04ef471-2292-4ca7-a470-4829fb116b8a', 'KANJI', '窓');
INSERT INTO "vocabulary"."linkages" ("vocabulary_id", "preferred_definition_id", "preferred_spelling_id", "phonetic_spelling_id", "alt_phonetic_spelling_id", "kanji_spelling_id", "conjugation_set_id") VALUES ('b04ef471-2292-4ca7-a470-4829fb116b8a', 'f02a3619-0a47-58c2-baf3-334fb39c79a6', '6cebf2c0-d0fb-580a-935b-92d2730a8041', 'b35c1668-d85b-5a7a-9db3-11bd8b46c5fb', NULL, '4b9706bd-05ba-52ce-8547-f01255595d0d', NULL);
INSERT INTO "vocabulary"."reference" ("vocabulary_id", "lesson_code") VALUES ('b04ef471-2292-4ca7-a470-4829fb116b8a', 'DUO_02_04');
INSERT INTO "vocabulary"."reference" ("vocabulary_id", "lesson_code") VALUES ('b04ef471-2292-4ca7-a470-4829fb116b8a', 'DUO_U07');
INSERT INTO "vocabulary"."reference" ("vocabulary_id", "lesson_code") VALUES ('b04ef471-2292-4ca7-a470-4829fb116b8a', 'GENKI3_L06');
-- 庭 | yard; garden --;
INSERT INTO "vocabulary"."vocabulary" ("id", "word_class_code", "conjugation_kind_code", "jlpt_level", "row_num", "tags", "date_added") VALUES ('c08c0aff-7835-4c0a-a560-cd8e627c3a90', 'NOUN', NULL, 5, 265, '{home}', '2022-05-30');
INSERT INTO "vocabulary"."definition" ("id", "vocabulary_id", "sort_rank", "value") VALUES ('2cb6e481-8932-59c7-a2b0-3e142f92df38', 'c08c0aff-7835-4c0a-a560-cd8e627c3a90', 1, 'yard; garden');
INSERT INTO "vocabulary"."spelling" ("id", "vocabulary_id", "spelling_kind_code", "value") VALUES ('a8e43718-6913-5bc1-b150-defa6ddb65d4', 'c08c0aff-7835-4c0a-a560-cd8e627c3a90', 'KANJI', '庭');
INSERT INTO "vocabulary"."spelling" ("id", "vocabulary_id", "spelling_kind_code", "value") VALUES ('7fe67c1b-9b68-57b7-ba02-15d72723f0e8', 'c08c0aff-7835-4c0a-a560-cd8e627c3a90', 'HIRAGANA', 'にわ');
INSERT INTO "vocabulary"."spelling" ("id", "vocabulary_id", "spelling_kind_code", "value") VALUES ('9bce0d93-2302-56c3-abea-7acae030d975', 'c08c0aff-7835-4c0a-a560-cd8e627c3a90', 'KANJI', '庭');
INSERT INTO "vocabulary"."linkages" ("vocabulary_id", "preferred_definition_id", "preferred_spelling_id", "phonetic_spelling_id", "alt_phonetic_spelling_id", "kanji_spelling_id", "conjugation_set_id") VALUES ('c08c0aff-7835-4c0a-a560-cd8e627c3a90', '2cb6e481-8932-59c7-a2b0-3e142f92df38', 'a8e43718-6913-5bc1-b150-defa6ddb65d4', '7fe67c1b-9b68-57b7-ba02-15d72723f0e8', NULL, '9bce0d93-2302-56c3-abea-7acae030d975', NULL);
INSERT INTO "vocabulary"."reference" ("vocabulary_id", "lesson_code") VALUES ('c08c0aff-7835-4c0a-a560-cd8e627c3a90', 'DUO_02_04');
INSERT INTO "vocabulary"."reference" ("vocabulary_id", "lesson_code") VALUES ('c08c0aff-7835-4c0a-a560-cd8e627c3a90', 'DUO_U07');
-- 椅子 | chair --;
INSERT INTO "vocabulary"."vocabulary" ("id", "word_class_code", "conjugation_kind_code", "jlpt_level", "row_num", "tags", "date_added") VALUES ('9e935991-a6f7-4383-b8a0-9376d7af8298', 'NOUN', NULL, 5, 266, '{home}', '2022-05-30');
INSERT INTO "vocabulary"."definition" ("id", "vocabulary_id", "sort_rank", "value") VALUES ('b3a95227-9e70-5b07-8d35-40eb8d596459', '9e935991-a6f7-4383-b8a0-9376d7af8298', 1, 'chair');
INSERT INTO "vocabulary"."spelling" ("id", "vocabulary_id", "spelling_kind_code", "value") VALUES ('7b55165b-7185-5fb3-b8df-05fc0878f518', '9e935991-a6f7-4383-b8a0-9376d7af8298', 'KANJI', '椅子');
INSERT INTO "vocabulary"."spelling" ("id", "vocabulary_id", "spelling_kind_code", "value") VALUES ('84cb80ce-f7bc-56bf-bded-2436aff4d7dd', '9e935991-a6f7-4383-b8a0-9376d7af8298', 'HIRAGANA', 'いす');
INSERT INTO "vocabulary"."spelling" ("id", "vocabulary_id", "spelling_kind_code", "value") VALUES ('44ac13b5-9b3a-560f-93c5-a572fa8cc2ff', '9e935991-a6f7-4383-b8a0-9376d7af8298', 'KANJI', '椅子');
INSERT INTO "vocabulary"."linkages" ("vocabulary_id", "preferred_definition_id", "preferred_spelling_id", "phonetic_spelling_id", "alt_phonetic_spelling_id", "kanji_spelling_id", "conjugation_set_id") VALUES ('9e935991-a6f7-4383-b8a0-9376d7af8298', 'b3a95227-9e70-5b07-8d35-40eb8d596459', '7b55165b-7185-5fb3-b8df-05fc0878f518', '84cb80ce-f7bc-56bf-bded-2436aff4d7dd', NULL, '44ac13b5-9b3a-560f-93c5-a572fa8cc2ff', NULL);
INSERT INTO "vocabulary"."reference" ("vocabulary_id", "lesson_code") VALUES ('9e935991-a6f7-4383-b8a0-9376d7af8298', 'DUO_02_04');
INSERT INTO "vocabulary"."reference" ("vocabulary_id", "lesson_code") VALUES ('9e935991-a6f7-4383-b8a0-9376d7af8298', 'DUO_U07');
INSERT INTO "vocabulary"."reference" ("vocabulary_id", "lesson_code") VALUES ('9e935991-a6f7-4383-b8a0-9376d7af8298', 'GENKI3_L04');
-- ソファー | sofa --;
INSERT INTO "vocabulary"."vocabulary" ("id", "word_class_code", "conjugation_kind_code", "jlpt_level", "row_num", "tags", "date_added") VALUES ('2f7263b8-e1dd-4c09-94d0-7ad22fe82a5b', 'NOUN', NULL, 3, 267, '{home}', '2022-05-30');
INSERT INTO "vocabulary"."definition" ("id", "vocabulary_id", "sort_rank", "value") VALUES ('1ce4db48-0936-56b1-9079-35d831dc4875', '2f7263b8-e1dd-4c09-94d0-7ad22fe82a5b', 1, 'sofa');
INSERT INTO "vocabulary"."spelling" ("id", "vocabulary_id", "spelling_kind_code", "value") VALUES ('39a4f2b0-9035-51a6-82b8-13f0436cef93', '2f7263b8-e1dd-4c09-94d0-7ad22fe82a5b', 'KATAKANA', 'ソファー');
INSERT INTO "vocabulary"."spelling" ("id", "vocabulary_id", "spelling_kind_code", "value") VALUES ('9d8b6358-2d37-5e35-90b4-a4d528bb1bb4', '2f7263b8-e1dd-4c09-94d0-7ad22fe82a5b', 'HIRAGANA', 'そふぁあ');
INSERT INTO "vocabulary"."linkages" ("vocabulary_id", "preferred_definition_id", "preferred_spelling_id", "phonetic_spelling_id", "alt_phonetic_spelling_id", "kanji_spelling_id", "conjugation_set_id") VALUES ('2f7263b8-e1dd-4c09-94d0-7ad22fe82a5b', '1ce4db48-0936-56b1-9079-35d831dc4875', '39a4f2b0-9035-51a6-82b8-13f0436cef93', '9d8b6358-2d37-5e35-90b4-a4d528bb1bb4', NULL, NULL, NULL);
INSERT INTO "vocabulary"."reference" ("vocabulary_id", "lesson_code") VALUES ('2f7263b8-e1dd-4c09-94d0-7ad22fe82a5b', 'DUO_02_04');
INSERT INTO "vocabulary"."reference" ("vocabulary_id", "lesson_code") VALUES ('2f7263b8-e1dd-4c09-94d0-7ad22fe82a5b', 'DUO_U07');
-- 机 | desk --;
INSERT INTO "vocabulary"."vocabulary" ("id", "word_class_code", "conjugation_kind_code", "jlpt_level", "row_num", "tags", "date_added") VALUES ('068b1a67-d6a5-4790-a264-febfbccc06c2', 'NOUN', NULL, 5, 268, '{home}', '2022-05-30');
INSERT INTO "vocabulary"."definition" ("id", "vocabulary_id", "sort_rank", "value") VALUES ('65a30373-a409-513e-92bd-1e407dabacee', '068b1a67-d6a5-4790-a264-febfbccc06c2', 1, 'desk');
INSERT INTO "vocabulary"."spelling" ("id", "vocabulary_id", "spelling_kind_code", "value") VALUES ('fea29bb7-4b4b-5b66-bcf0-7ee90c2c178b', '068b1a67-d6a5-4790-a264-febfbccc06c2', 'KANJI', '机');
INSERT INTO "vocabulary"."spelling" ("id", "vocabulary_id", "spelling_kind_code", "value") VALUES ('9d1711f2-f4de-591a-9416-2a1b8e4caf44', '068b1a67-d6a5-4790-a264-febfbccc06c2', 'HIRAGANA', 'つくえ');
INSERT INTO "vocabulary"."spelling" ("id", "vocabulary_id", "spelling_kind_code", "value") VALUES ('66621945-b971-596e-bb75-5435fda873ec', '068b1a67-d6a5-4790-a264-febfbccc06c2', 'KANJI', '机');
INSERT INTO "vocabulary"."linkages" ("vocabulary_id", "preferred_definition_id", "preferred_spelling_id", "phonetic_spelling_id", "alt_phonetic_spelling_id", "kanji_spelling_id", "conjugation_set_id") VALUES ('068b1a67-d6a5-4790-a264-febfbccc06c2', '65a30373-a409-513e-92bd-1e407dabacee', 'fea29bb7-4b4b-5b66-bcf0-7ee90c2c178b', '9d1711f2-f4de-591a-9416-2a1b8e4caf44', NULL, '66621945-b971-596e-bb75-5435fda873ec', NULL);
INSERT INTO "vocabulary"."reference" ("vocabulary_id", "lesson_code") VALUES ('068b1a67-d6a5-4790-a264-febfbccc06c2', 'DUO_02_04');
INSERT INTO "vocabulary"."reference" ("vocabulary_id", "lesson_code") VALUES ('068b1a67-d6a5-4790-a264-febfbccc06c2', 'DUO_U07');
INSERT INTO "vocabulary"."reference" ("vocabulary_id", "lesson_code") VALUES ('068b1a67-d6a5-4790-a264-febfbccc06c2', 'GENKI3_L04');
-- ペット | pet --;
INSERT INTO "vocabulary"."vocabulary" ("id", "word_class_code", "conjugation_kind_code", "jlpt_level", "row_num", "tags", "date_added") VALUES ('7361012a-f230-444c-babe-48449c5bc79d', 'NOUN', NULL, 5, 269, '{animal}', '2022-05-30');
INSERT INTO "vocabulary"."definition" ("id", "vocabulary_id", "sort_rank", "value") VALUES ('e5b09917-903e-5594-a0a0-6b241fa117b8', '7361012a-f230-444c-babe-48449c5bc79d', 1, 'pet');
INSERT INTO "vocabulary"."spelling" ("id", "vocabulary_id", "spelling_kind_code", "value") VALUES ('bbf9cb8f-bfc9-5bc4-8926-c3844d9b6f11', '7361012a-f230-444c-babe-48449c5bc79d', 'KATAKANA', 'ペット');
INSERT INTO "vocabulary"."spelling" ("id", "vocabulary_id", "spelling_kind_code", "value") VALUES ('af6e5b6e-7974-5ac9-9591-edbc8c48f21f', '7361012a-f230-444c-babe-48449c5bc79d', 'KATAKANA', 'ペット');
INSERT INTO "vocabulary"."linkages" ("vocabulary_id", "preferred_definition_id", "preferred_spelling_id", "phonetic_spelling_id", "alt_phonetic_spelling_id", "kanji_spelling_id", "conjugation_set_id") VALUES ('7361012a-f230-444c-babe-48449c5bc79d', 'e5b09917-903e-5594-a0a0-6b241fa117b8', 'bbf9cb8f-bfc9-5bc4-8926-c3844d9b6f11', 'af6e5b6e-7974-5ac9-9591-edbc8c48f21f', NULL, NULL, NULL);
INSERT INTO "vocabulary"."reference" ("vocabulary_id", "lesson_code") VALUES ('7361012a-f230-444c-babe-48449c5bc79d', 'DUO_02_04');
INSERT INTO "vocabulary"."reference" ("vocabulary_id", "lesson_code") VALUES ('7361012a-f230-444c-babe-48449c5bc79d', 'DUO_U07');
-- 犬 | dog --;
INSERT INTO "vocabulary"."vocabulary" ("id", "word_class_code", "conjugation_kind_code", "jlpt_level", "row_num", "tags", "date_added") VALUES ('f9f3b546-f023-4b35-9db2-068f8143c41e', 'NOUN', NULL, 5, 270, '{animal}', '2022-05-30');
INSERT INTO "vocabulary"."definition" ("id", "vocabulary_id", "sort_rank", "value") VALUES ('508d3ab2-1fb2-53ff-b880-48364e7206fc', 'f9f3b546-f023-4b35-9db2-068f8143c41e', 1, 'dog');
INSERT INTO "vocabulary"."spelling" ("id", "vocabulary_id", "spelling_kind_code", "value") VALUES ('98da10e5-f050-577e-8973-01972b025066', 'f9f3b546-f023-4b35-9db2-068f8143c41e', 'KANJI', '犬');
INSERT INTO "vocabulary"."spelling" ("id", "vocabulary_id", "spelling_kind_code", "value") VALUES ('3ba8ec03-1534-5ea3-b08f-28104a89343f', 'f9f3b546-f023-4b35-9db2-068f8143c41e', 'HIRAGANA', 'いぬ');
INSERT INTO "vocabulary"."spelling" ("id", "vocabulary_id", "spelling_kind_code", "value") VALUES ('d95288a5-a9a6-502b-b225-18d3bab8472b', 'f9f3b546-f023-4b35-9db2-068f8143c41e', 'KANJI', '犬');
INSERT INTO "vocabulary"."linkages" ("vocabulary_id", "preferred_definition_id", "preferred_spelling_id", "phonetic_spelling_id", "alt_phonetic_spelling_id", "kanji_spelling_id", "conjugation_set_id") VALUES ('f9f3b546-f023-4b35-9db2-068f8143c41e', '508d3ab2-1fb2-53ff-b880-48364e7206fc', '98da10e5-f050-577e-8973-01972b025066', '3ba8ec03-1534-5ea3-b08f-28104a89343f', NULL, 'd95288a5-a9a6-502b-b225-18d3bab8472b', NULL);
INSERT INTO "vocabulary"."reference" ("vocabulary_id", "lesson_code") VALUES ('f9f3b546-f023-4b35-9db2-068f8143c41e', 'DUO_02_04');
INSERT INTO "vocabulary"."reference" ("vocabulary_id", "lesson_code") VALUES ('f9f3b546-f023-4b35-9db2-068f8143c41e', 'DUO_U07');
INSERT INTO "vocabulary"."reference" ("vocabulary_id", "lesson_code") VALUES ('f9f3b546-f023-4b35-9db2-068f8143c41e', 'GENKI3_L04');
-- 猫 | cat --;
INSERT INTO "vocabulary"."vocabulary" ("id", "word_class_code", "conjugation_kind_code", "jlpt_level", "row_num", "tags", "date_added") VALUES ('5399ca2c-f192-40b6-9b69-28dc1de577c8', 'NOUN', NULL, 5, 271, '{animal}', '2022-05-30');
INSERT INTO "vocabulary"."definition" ("id", "vocabulary_id", "sort_rank", "value") VALUES ('b7771a77-ef06-54c1-9cc6-0a0d7b0daa2a', '5399ca2c-f192-40b6-9b69-28dc1de577c8', 1, 'cat');
INSERT INTO "vocabulary"."spelling" ("id", "vocabulary_id", "spelling_kind_code", "value") VALUES ('ba7dd05d-8f99-5420-acbf-3048b9eac7c3', '5399ca2c-f192-40b6-9b69-28dc1de577c8', 'KANJI', '猫');
INSERT INTO "vocabulary"."spelling" ("id", "vocabulary_id", "spelling_kind_code", "value") VALUES ('05ca9c6e-5ae0-5546-8665-36a8dc255150', '5399ca2c-f192-40b6-9b69-28dc1de577c8', 'HIRAGANA', 'ねこ');
INSERT INTO "vocabulary"."spelling" ("id", "vocabulary_id", "spelling_kind_code", "value") VALUES ('37c9022a-062d-5a08-9874-1ab98cd6573e', '5399ca2c-f192-40b6-9b69-28dc1de577c8', 'KANJI', '猫');
INSERT INTO "vocabulary"."linkages" ("vocabulary_id", "preferred_definition_id", "preferred_spelling_id", "phonetic_spelling_id", "alt_phonetic_spelling_id", "kanji_spelling_id", "conjugation_set_id") VALUES ('5399ca2c-f192-40b6-9b69-28dc1de577c8', 'b7771a77-ef06-54c1-9cc6-0a0d7b0daa2a', 'ba7dd05d-8f99-5420-acbf-3048b9eac7c3', '05ca9c6e-5ae0-5546-8665-36a8dc255150', NULL, '37c9022a-062d-5a08-9874-1ab98cd6573e', NULL);
INSERT INTO "vocabulary"."reference" ("vocabulary_id", "lesson_code") VALUES ('5399ca2c-f192-40b6-9b69-28dc1de577c8', 'DUO_02_04');
INSERT INTO "vocabulary"."reference" ("vocabulary_id", "lesson_code") VALUES ('5399ca2c-f192-40b6-9b69-28dc1de577c8', 'DUO_U07');
INSERT INTO "vocabulary"."reference" ("vocabulary_id", "lesson_code") VALUES ('5399ca2c-f192-40b6-9b69-28dc1de577c8', 'GENKI3_L04');
-- 鳥 | bird --;
INSERT INTO "vocabulary"."vocabulary" ("id", "word_class_code", "conjugation_kind_code", "jlpt_level", "row_num", "tags", "date_added") VALUES ('f5b2d28f-d519-4138-a9d0-5c99b82d09af', 'NOUN', NULL, 5, 272, '{animal}', '2022-05-30');
INSERT INTO "vocabulary"."definition" ("id", "vocabulary_id", "sort_rank", "value") VALUES ('4b2743e9-3668-50f8-900f-76c8ed9233bd', 'f5b2d28f-d519-4138-a9d0-5c99b82d09af', 1, 'bird');
INSERT INTO "vocabulary"."spelling" ("id", "vocabulary_id", "spelling_kind_code", "value") VALUES ('486a9544-51ee-56c4-af41-4ffa6100bc98', 'f5b2d28f-d519-4138-a9d0-5c99b82d09af', 'KANJI', '鳥');
INSERT INTO "vocabulary"."spelling" ("id", "vocabulary_id", "spelling_kind_code", "value") VALUES ('52dd4cdb-fe3e-5197-beb0-ab7b87da23b6', 'f5b2d28f-d519-4138-a9d0-5c99b82d09af', 'HIRAGANA', 'とり');
INSERT INTO "vocabulary"."spelling" ("id", "vocabulary_id", "spelling_kind_code", "value") VALUES ('2a908bcb-e2df-5663-be70-018d795a1686', 'f5b2d28f-d519-4138-a9d0-5c99b82d09af', 'KANJI', '鳥');
INSERT INTO "vocabulary"."linkages" ("vocabulary_id", "preferred_definition_id", "preferred_spelling_id", "phonetic_spelling_id", "alt_phonetic_spelling_id", "kanji_spelling_id", "conjugation_set_id") VALUES ('f5b2d28f-d519-4138-a9d0-5c99b82d09af', '4b2743e9-3668-50f8-900f-76c8ed9233bd', '486a9544-51ee-56c4-af41-4ffa6100bc98', '52dd4cdb-fe3e-5197-beb0-ab7b87da23b6', NULL, '2a908bcb-e2df-5663-be70-018d795a1686', NULL);
INSERT INTO "vocabulary"."reference" ("vocabulary_id", "lesson_code") VALUES ('f5b2d28f-d519-4138-a9d0-5c99b82d09af', 'DUO_02_04');
INSERT INTO "vocabulary"."reference" ("vocabulary_id", "lesson_code") VALUES ('f5b2d28f-d519-4138-a9d0-5c99b82d09af', 'DUO_U07');
-- 子犬 | puppy --;
INSERT INTO "vocabulary"."vocabulary" ("id", "word_class_code", "conjugation_kind_code", "jlpt_level", "row_num", "tags", "date_added") VALUES ('9704386f-fba7-4008-b079-fc541fb9c0dc', 'NOUN', NULL, NULL, 273, '{animal}', '2022-05-30');
INSERT INTO "vocabulary"."definition" ("id", "vocabulary_id", "sort_rank", "value") VALUES ('9782e2f3-4a79-583d-91db-4b36b38e6ec2', '9704386f-fba7-4008-b079-fc541fb9c0dc', 1, 'puppy');
INSERT INTO "vocabulary"."spelling" ("id", "vocabulary_id", "spelling_kind_code", "value") VALUES ('29b6768b-32bf-5d27-9cab-428c1a887d8b', '9704386f-fba7-4008-b079-fc541fb9c0dc', 'KANJI', '子犬');
INSERT INTO "vocabulary"."spelling" ("id", "vocabulary_id", "spelling_kind_code", "value") VALUES ('bdb53816-7c28-5bca-b75d-541f3e8fbcb7', '9704386f-fba7-4008-b079-fc541fb9c0dc', 'HIRAGANA', 'こいぬ');
INSERT INTO "vocabulary"."spelling" ("id", "vocabulary_id", "spelling_kind_code", "value") VALUES ('b5277249-3278-5bbd-ab4a-19f555658d96', '9704386f-fba7-4008-b079-fc541fb9c0dc', 'KANJI', '子犬');
INSERT INTO "vocabulary"."linkages" ("vocabulary_id", "preferred_definition_id", "preferred_spelling_id", "phonetic_spelling_id", "alt_phonetic_spelling_id", "kanji_spelling_id", "conjugation_set_id") VALUES ('9704386f-fba7-4008-b079-fc541fb9c0dc', '9782e2f3-4a79-583d-91db-4b36b38e6ec2', '29b6768b-32bf-5d27-9cab-428c1a887d8b', 'bdb53816-7c28-5bca-b75d-541f3e8fbcb7', NULL, 'b5277249-3278-5bbd-ab4a-19f555658d96', NULL);
INSERT INTO "vocabulary"."reference" ("vocabulary_id", "lesson_code") VALUES ('9704386f-fba7-4008-b079-fc541fb9c0dc', 'DUO_02_04');
INSERT INTO "vocabulary"."reference" ("vocabulary_id", "lesson_code") VALUES ('9704386f-fba7-4008-b079-fc541fb9c0dc', 'DUO_U07');
-- 子猫 | kitten --;
INSERT INTO "vocabulary"."vocabulary" ("id", "word_class_code", "conjugation_kind_code", "jlpt_level", "row_num", "tags", "date_added") VALUES ('63a5b1e8-d69e-4f78-9fa1-f6ed248b872b', 'NOUN', NULL, NULL, 274, '{animal}', '2022-05-30');
INSERT INTO "vocabulary"."definition" ("id", "vocabulary_id", "sort_rank", "value") VALUES ('9f3d973f-2700-524f-965e-fa0b4c49dc7c', '63a5b1e8-d69e-4f78-9fa1-f6ed248b872b', 1, 'kitten');
INSERT INTO "vocabulary"."spelling" ("id", "vocabulary_id", "spelling_kind_code", "value") VALUES ('cfe9025d-c4ff-503f-8857-4087fd6b36a4', '63a5b1e8-d69e-4f78-9fa1-f6ed248b872b', 'KANJI', '子猫');
INSERT INTO "vocabulary"."spelling" ("id", "vocabulary_id", "spelling_kind_code", "value") VALUES ('38f21740-3c48-5202-8dae-31bc6b32d036', '63a5b1e8-d69e-4f78-9fa1-f6ed248b872b', 'HIRAGANA', 'こねこ');
INSERT INTO "vocabulary"."spelling" ("id", "vocabulary_id", "spelling_kind_code", "value") VALUES ('eaa1d746-cffe-5569-b690-16122f1eab3b', '63a5b1e8-d69e-4f78-9fa1-f6ed248b872b', 'KANJI', '子猫');
INSERT INTO "vocabulary"."linkages" ("vocabulary_id", "preferred_definition_id", "preferred_spelling_id", "phonetic_spelling_id", "alt_phonetic_spelling_id", "kanji_spelling_id", "conjugation_set_id") VALUES ('63a5b1e8-d69e-4f78-9fa1-f6ed248b872b', '9f3d973f-2700-524f-965e-fa0b4c49dc7c', 'cfe9025d-c4ff-503f-8857-4087fd6b36a4', '38f21740-3c48-5202-8dae-31bc6b32d036', NULL, 'eaa1d746-cffe-5569-b690-16122f1eab3b', NULL);
INSERT INTO "vocabulary"."reference" ("vocabulary_id", "lesson_code") VALUES ('63a5b1e8-d69e-4f78-9fa1-f6ed248b872b', 'DUO_02_04');
INSERT INTO "vocabulary"."reference" ("vocabulary_id", "lesson_code") VALUES ('63a5b1e8-d69e-4f78-9fa1-f6ed248b872b', 'DUO_U07');
-- うさぎ | rabbit --;
INSERT INTO "vocabulary"."vocabulary" ("id", "word_class_code", "conjugation_kind_code", "jlpt_level", "row_num", "tags", "date_added") VALUES ('2541eb3b-87ad-5c3c-8450-a62f59071835', 'NOUN', NULL, 3, 275, '{animal}', '2022-08-12');
INSERT INTO "vocabulary"."definition" ("id", "vocabulary_id", "sort_rank", "value") VALUES ('b5419881-3716-5e97-80d0-70ed692a23e0', '2541eb3b-87ad-5c3c-8450-a62f59071835', 1, 'rabbit');
INSERT INTO "vocabulary"."spelling" ("id", "vocabulary_id", "spelling_kind_code", "value") VALUES ('88ecfdd0-d9d5-5970-81ac-aff253554626', '2541eb3b-87ad-5c3c-8450-a62f59071835', 'HIRAGANA', 'うさぎ');
INSERT INTO "vocabulary"."spelling" ("id", "vocabulary_id", "spelling_kind_code", "value") VALUES ('7b26c554-c57d-5025-b26a-f9a0f15b1370', '2541eb3b-87ad-5c3c-8450-a62f59071835', 'HIRAGANA', 'うさぎ');
INSERT INTO "vocabulary"."spelling" ("id", "vocabulary_id", "spelling_kind_code", "value") VALUES ('91f4f8d5-fb58-59b1-93a1-888e59b6049d', '2541eb3b-87ad-5c3c-8450-a62f59071835', 'KANJI', '兎');
INSERT INTO "vocabulary"."linkages" ("vocabulary_id", "preferred_definition_id", "preferred_spelling_id", "phonetic_spelling_id", "alt_phonetic_spelling_id", "kanji_spelling_id", "conjugation_set_id") VALUES ('2541eb3b-87ad-5c3c-8450-a62f59071835', 'b5419881-3716-5e97-80d0-70ed692a23e0', '88ecfdd0-d9d5-5970-81ac-aff253554626', '7b26c554-c57d-5025-b26a-f9a0f15b1370', NULL, '91f4f8d5-fb58-59b1-93a1-888e59b6049d', NULL);
-- 狐 | fox --;
INSERT INTO "vocabulary"."vocabulary" ("id", "word_class_code", "conjugation_kind_code", "jlpt_level", "row_num", "tags", "date_added") VALUES ('5c312431-d91a-5f48-8325-6af1228e5478', 'NOUN', NULL, NULL, 276, '{animal}', '2022-09-02');
INSERT INTO "vocabulary"."definition" ("id", "vocabulary_id", "sort_rank", "value") VALUES ('89ac1617-a00d-5453-8bbd-a98daf0671b7', '5c312431-d91a-5f48-8325-6af1228e5478', 1, 'fox');
INSERT INTO "vocabulary"."spelling" ("id", "vocabulary_id", "spelling_kind_code", "value") VALUES ('a928a782-0fa6-5078-b7cb-6aded719b8a1', '5c312431-d91a-5f48-8325-6af1228e5478', 'KANJI', '狐');
INSERT INTO "vocabulary"."spelling" ("id", "vocabulary_id", "spelling_kind_code", "value") VALUES ('f005b444-d207-50f4-bb24-282ae8ad2f47', '5c312431-d91a-5f48-8325-6af1228e5478', 'HIRAGANA', 'きつね');
INSERT INTO "vocabulary"."spelling" ("id", "vocabulary_id", "spelling_kind_code", "value") VALUES ('88e1bfbf-f3b2-5caa-a1a2-830647f90c8e', '5c312431-d91a-5f48-8325-6af1228e5478', 'KANJI', '狐');
INSERT INTO "vocabulary"."linkages" ("vocabulary_id", "preferred_definition_id", "preferred_spelling_id", "phonetic_spelling_id", "alt_phonetic_spelling_id", "kanji_spelling_id", "conjugation_set_id") VALUES ('5c312431-d91a-5f48-8325-6af1228e5478', '89ac1617-a00d-5453-8bbd-a98daf0671b7', 'a928a782-0fa6-5078-b7cb-6aded719b8a1', 'f005b444-d207-50f4-bb24-282ae8ad2f47', NULL, '88e1bfbf-f3b2-5caa-a1a2-830647f90c8e', NULL);
-- 狸 | racoon dog --;
INSERT INTO "vocabulary"."vocabulary" ("id", "word_class_code", "conjugation_kind_code", "jlpt_level", "row_num", "tags", "date_added") VALUES ('3ab6c13d-cea6-51c9-8cc8-727dfb4074c0', 'NOUN', NULL, NULL, 277, '{animal}', '2022-09-02');
INSERT INTO "vocabulary"."definition" ("id", "vocabulary_id", "sort_rank", "value") VALUES ('967f93bb-fe70-5e89-a121-36fee0d57a53', '3ab6c13d-cea6-51c9-8cc8-727dfb4074c0', 1, 'racoon dog');
INSERT INTO "vocabulary"."spelling" ("id", "vocabulary_id", "spelling_kind_code", "value") VALUES ('fac728ee-a743-55af-81c8-1ceea9be6941', '3ab6c13d-cea6-51c9-8cc8-727dfb4074c0', 'KANJI', '狸');
INSERT INTO "vocabulary"."spelling" ("id", "vocabulary_id", "spelling_kind_code", "value") VALUES ('fab99296-f435-575f-8d28-8e6f27dc3eb5', '3ab6c13d-cea6-51c9-8cc8-727dfb4074c0', 'HIRAGANA', 'たぬき');
INSERT INTO "vocabulary"."spelling" ("id", "vocabulary_id", "spelling_kind_code", "value") VALUES ('bbe0afd5-5710-54cf-818c-16471d8d397e', '3ab6c13d-cea6-51c9-8cc8-727dfb4074c0', 'KANJI', '狸');
INSERT INTO "vocabulary"."linkages" ("vocabulary_id", "preferred_definition_id", "preferred_spelling_id", "phonetic_spelling_id", "alt_phonetic_spelling_id", "kanji_spelling_id", "conjugation_set_id") VALUES ('3ab6c13d-cea6-51c9-8cc8-727dfb4074c0', '967f93bb-fe70-5e89-a121-36fee0d57a53', 'fac728ee-a743-55af-81c8-1ceea9be6941', 'fab99296-f435-575f-8d28-8e6f27dc3eb5', NULL, 'bbe0afd5-5710-54cf-818c-16471d8d397e', NULL);
-- 〜羽 | counter for birds, rabbits, etc --;
INSERT INTO "vocabulary"."vocabulary" ("id", "word_class_code", "conjugation_kind_code", "jlpt_level", "row_num", "tags", "date_added") VALUES ('93849573-7b32-4df3-a3b9-a15fb7555627', 'COUNTER', NULL, 3, 278, '{animal}', '2022-05-30');
INSERT INTO "vocabulary"."definition" ("id", "vocabulary_id", "sort_rank", "value") VALUES ('0da89d6a-1c45-512b-8d53-a3b5fa032c36', '93849573-7b32-4df3-a3b9-a15fb7555627', 1, 'counter for birds, rabbits, etc');
INSERT INTO "vocabulary"."spelling" ("id", "vocabulary_id", "spelling_kind_code", "value") VALUES ('5d233acc-8e96-5776-a6d3-df0e3c26e4a2', '93849573-7b32-4df3-a3b9-a15fb7555627', 'KANJI', '〜羽');
INSERT INTO "vocabulary"."spelling" ("id", "vocabulary_id", "spelling_kind_code", "value") VALUES ('28c4df74-bc0f-598a-8303-aac0cb210aa3', '93849573-7b32-4df3-a3b9-a15fb7555627', 'HIRAGANA', '〜わ');
INSERT INTO "vocabulary"."spelling" ("id", "vocabulary_id", "spelling_kind_code", "value") VALUES ('c00a25ea-c30e-59f9-93d1-75579dbd09e8', '93849573-7b32-4df3-a3b9-a15fb7555627', 'KANJI', '〜羽');
INSERT INTO "vocabulary"."linkages" ("vocabulary_id", "preferred_definition_id", "preferred_spelling_id", "phonetic_spelling_id", "alt_phonetic_spelling_id", "kanji_spelling_id", "conjugation_set_id") VALUES ('93849573-7b32-4df3-a3b9-a15fb7555627', '0da89d6a-1c45-512b-8d53-a3b5fa032c36', '5d233acc-8e96-5776-a6d3-df0e3c26e4a2', '28c4df74-bc0f-598a-8303-aac0cb210aa3', NULL, 'c00a25ea-c30e-59f9-93d1-75579dbd09e8', NULL);
INSERT INTO "vocabulary"."reference" ("vocabulary_id", "lesson_code") VALUES ('93849573-7b32-4df3-a3b9-a15fb7555627', 'DUO_02_04');
INSERT INTO "vocabulary"."reference" ("vocabulary_id", "lesson_code") VALUES ('93849573-7b32-4df3-a3b9-a15fb7555627', 'DUO_U07');
-- 彼女 | she, her --;
INSERT INTO "vocabulary"."vocabulary" ("id", "word_class_code", "conjugation_kind_code", "jlpt_level", "row_num", "tags", "date_added") VALUES ('6432ab47-a4a0-487f-89ad-b37fce084c74', 'PRONOUN', NULL, 4, 279, '{}', '2022-08-08');
INSERT INTO "vocabulary"."definition" ("id", "vocabulary_id", "sort_rank", "value") VALUES ('81caa6e2-0815-51de-bafb-7267e2178e18', '6432ab47-a4a0-487f-89ad-b37fce084c74', 1, 'she, her');
INSERT INTO "vocabulary"."spelling" ("id", "vocabulary_id", "spelling_kind_code", "value") VALUES ('78d12928-2d08-5dc1-b294-1ad0aca743e9', '6432ab47-a4a0-487f-89ad-b37fce084c74', 'KANJI', '彼女');
INSERT INTO "vocabulary"."spelling" ("id", "vocabulary_id", "spelling_kind_code", "value") VALUES ('ddf03e43-4afd-5826-b904-4c50a79327de', '6432ab47-a4a0-487f-89ad-b37fce084c74', 'HIRAGANA', 'かのじょ');
INSERT INTO "vocabulary"."spelling" ("id", "vocabulary_id", "spelling_kind_code", "value") VALUES ('e3783e07-fdf6-564d-abb1-a8c7d68e97ba', '6432ab47-a4a0-487f-89ad-b37fce084c74', 'KANJI', '彼女');
INSERT INTO "vocabulary"."linkages" ("vocabulary_id", "preferred_definition_id", "preferred_spelling_id", "phonetic_spelling_id", "alt_phonetic_spelling_id", "kanji_spelling_id", "conjugation_set_id") VALUES ('6432ab47-a4a0-487f-89ad-b37fce084c74', '81caa6e2-0815-51de-bafb-7267e2178e18', '78d12928-2d08-5dc1-b294-1ad0aca743e9', 'ddf03e43-4afd-5826-b904-4c50a79327de', NULL, 'e3783e07-fdf6-564d-abb1-a8c7d68e97ba', NULL);
INSERT INTO "vocabulary"."reference" ("vocabulary_id", "lesson_code") VALUES ('6432ab47-a4a0-487f-89ad-b37fce084c74', 'DUO_02_07');
INSERT INTO "vocabulary"."reference" ("vocabulary_id", "lesson_code") VALUES ('6432ab47-a4a0-487f-89ad-b37fce084c74', 'DUO_U09');
-- 彼 | him, he --;
INSERT INTO "vocabulary"."vocabulary" ("id", "word_class_code", "conjugation_kind_code", "jlpt_level", "row_num", "tags", "date_added") VALUES ('794880bc-1fa2-4fb8-9fa0-bd04c175bbee', 'PRONOUN', NULL, 4, 280, '{}', '2022-08-08');
INSERT INTO "vocabulary"."definition" ("id", "vocabulary_id", "sort_rank", "value") VALUES ('11fc46b9-8b57-5e79-affd-a533289a917d', '794880bc-1fa2-4fb8-9fa0-bd04c175bbee', 1, 'him, he');
INSERT INTO "vocabulary"."spelling" ("id", "vocabulary_id", "spelling_kind_code", "value") VALUES ('8a42ed46-f00d-57ec-9944-981cdefdf68d', '794880bc-1fa2-4fb8-9fa0-bd04c175bbee', 'KANJI', '彼');
INSERT INTO "vocabulary"."spelling" ("id", "vocabulary_id", "spelling_kind_code", "value") VALUES ('764410e1-9f1e-56f9-9fe3-468f017df434', '794880bc-1fa2-4fb8-9fa0-bd04c175bbee', 'HIRAGANA', 'かれ');
INSERT INTO "vocabulary"."spelling" ("id", "vocabulary_id", "spelling_kind_code", "value") VALUES ('43f9efa8-abb9-5f89-852f-7963fa3f787d', '794880bc-1fa2-4fb8-9fa0-bd04c175bbee', 'KANJI', '彼');
INSERT INTO "vocabulary"."linkages" ("vocabulary_id", "preferred_definition_id", "preferred_spelling_id", "phonetic_spelling_id", "alt_phonetic_spelling_id", "kanji_spelling_id", "conjugation_set_id") VALUES ('794880bc-1fa2-4fb8-9fa0-bd04c175bbee', '11fc46b9-8b57-5e79-affd-a533289a917d', '8a42ed46-f00d-57ec-9944-981cdefdf68d', '764410e1-9f1e-56f9-9fe3-468f017df434', NULL, '43f9efa8-abb9-5f89-852f-7963fa3f787d', NULL);
INSERT INTO "vocabulary"."reference" ("vocabulary_id", "lesson_code") VALUES ('794880bc-1fa2-4fb8-9fa0-bd04c175bbee', 'DUO_02_07');
INSERT INTO "vocabulary"."reference" ("vocabulary_id", "lesson_code") VALUES ('794880bc-1fa2-4fb8-9fa0-bd04c175bbee', 'DUO_U09');
-- 彼ら | they, them --;
INSERT INTO "vocabulary"."vocabulary" ("id", "word_class_code", "conjugation_kind_code", "jlpt_level", "row_num", "tags", "date_added") VALUES ('46260a68-5466-4f70-9b0b-968d8143848f', 'PRONOUN', NULL, 3, 281, '{}', '2022-08-08');
INSERT INTO "vocabulary"."definition" ("id", "vocabulary_id", "sort_rank", "value") VALUES ('bb8f55c7-665f-5705-9459-a95dd490f761', '46260a68-5466-4f70-9b0b-968d8143848f', 1, 'they, them');
INSERT INTO "vocabulary"."spelling" ("id", "vocabulary_id", "spelling_kind_code", "value") VALUES ('9f35e15f-084a-5efa-8cc2-8f74f7fcf58a', '46260a68-5466-4f70-9b0b-968d8143848f', 'KANJI', '彼ら');
INSERT INTO "vocabulary"."spelling" ("id", "vocabulary_id", "spelling_kind_code", "value") VALUES ('e8501e6f-03af-5beb-b6d9-fe932d87c854', '46260a68-5466-4f70-9b0b-968d8143848f', 'HIRAGANA', 'かれら');
INSERT INTO "vocabulary"."spelling" ("id", "vocabulary_id", "spelling_kind_code", "value") VALUES ('21764a3d-ae1c-5537-952f-8cf85fa20ffc', '46260a68-5466-4f70-9b0b-968d8143848f', 'KANJI', '彼ら');
INSERT INTO "vocabulary"."linkages" ("vocabulary_id", "preferred_definition_id", "preferred_spelling_id", "phonetic_spelling_id", "alt_phonetic_spelling_id", "kanji_spelling_id", "conjugation_set_id") VALUES ('46260a68-5466-4f70-9b0b-968d8143848f', 'bb8f55c7-665f-5705-9459-a95dd490f761', '9f35e15f-084a-5efa-8cc2-8f74f7fcf58a', 'e8501e6f-03af-5beb-b6d9-fe932d87c854', NULL, '21764a3d-ae1c-5537-952f-8cf85fa20ffc', NULL);
INSERT INTO "vocabulary"."reference" ("vocabulary_id", "lesson_code") VALUES ('46260a68-5466-4f70-9b0b-968d8143848f', 'DUO_02_07');
INSERT INTO "vocabulary"."reference" ("vocabulary_id", "lesson_code") VALUES ('46260a68-5466-4f70-9b0b-968d8143848f', 'DUO_U09');
-- 〜たち | ...plural (person, animal) --;
INSERT INTO "vocabulary"."vocabulary" ("id", "word_class_code", "conjugation_kind_code", "jlpt_level", "row_num", "tags", "date_added") VALUES ('7592b181-b6f1-41f0-b618-4ae67ab38b21', 'SUFFIX', NULL, NULL, 282, '{}', '2022-08-08');
INSERT INTO "vocabulary"."definition" ("id", "vocabulary_id", "sort_rank", "value") VALUES ('5e326524-9469-5fd9-be06-6ae861aeddf2', '7592b181-b6f1-41f0-b618-4ae67ab38b21', 1, '...plural (person, animal)');
INSERT INTO "vocabulary"."spelling" ("id", "vocabulary_id", "spelling_kind_code", "value") VALUES ('240b986e-2b73-5396-85c7-1ceb062d80d9', '7592b181-b6f1-41f0-b618-4ae67ab38b21', 'HIRAGANA', '〜たち');
INSERT INTO "vocabulary"."spelling" ("id", "vocabulary_id", "spelling_kind_code", "value") VALUES ('715c2830-2f77-57b8-a95f-9cc568ac5c5a', '7592b181-b6f1-41f0-b618-4ae67ab38b21', 'HIRAGANA', 'たち');
INSERT INTO "vocabulary"."spelling" ("id", "vocabulary_id", "spelling_kind_code", "value") VALUES ('05027372-13d7-5090-adf5-3154b223037a', '7592b181-b6f1-41f0-b618-4ae67ab38b21', 'KANJI', '〜達');
INSERT INTO "vocabulary"."linkages" ("vocabulary_id", "preferred_definition_id", "preferred_spelling_id", "phonetic_spelling_id", "alt_phonetic_spelling_id", "kanji_spelling_id", "conjugation_set_id") VALUES ('7592b181-b6f1-41f0-b618-4ae67ab38b21', '5e326524-9469-5fd9-be06-6ae861aeddf2', '240b986e-2b73-5396-85c7-1ceb062d80d9', '715c2830-2f77-57b8-a95f-9cc568ac5c5a', NULL, '05027372-13d7-5090-adf5-3154b223037a', NULL);
INSERT INTO "vocabulary"."reference" ("vocabulary_id", "lesson_code") VALUES ('7592b181-b6f1-41f0-b618-4ae67ab38b21', 'DUO_02_07');
INSERT INTO "vocabulary"."reference" ("vocabulary_id", "lesson_code") VALUES ('7592b181-b6f1-41f0-b618-4ae67ab38b21', 'DUO_U09');
-- 僕 | I (male, casual) --;
INSERT INTO "vocabulary"."vocabulary" ("id", "word_class_code", "conjugation_kind_code", "jlpt_level", "row_num", "tags", "date_added") VALUES ('bd6d533d-c173-49c5-95c7-85fe90dd38a6', 'PRONOUN', NULL, 4, 283, '{}', '2022-08-08');
INSERT INTO "vocabulary"."definition" ("id", "vocabulary_id", "sort_rank", "value") VALUES ('f444c3bc-2788-5429-a6be-5cce3d13028d', 'bd6d533d-c173-49c5-95c7-85fe90dd38a6', 1, 'I (male, casual)');
INSERT INTO "vocabulary"."spelling" ("id", "vocabulary_id", "spelling_kind_code", "value") VALUES ('28b908cb-640e-54fb-b149-d6d7ed31f61e', 'bd6d533d-c173-49c5-95c7-85fe90dd38a6', 'KANJI', '僕');
INSERT INTO "vocabulary"."spelling" ("id", "vocabulary_id", "spelling_kind_code", "value") VALUES ('544f8e18-b31f-5476-91e1-e34eb1762e0a', 'bd6d533d-c173-49c5-95c7-85fe90dd38a6', 'HIRAGANA', 'ぼく');
INSERT INTO "vocabulary"."spelling" ("id", "vocabulary_id", "spelling_kind_code", "value") VALUES ('8a41a05c-760a-527c-96f2-992682ef8ded', 'bd6d533d-c173-49c5-95c7-85fe90dd38a6', 'KANJI', '僕');
INSERT INTO "vocabulary"."linkages" ("vocabulary_id", "preferred_definition_id", "preferred_spelling_id", "phonetic_spelling_id", "alt_phonetic_spelling_id", "kanji_spelling_id", "conjugation_set_id") VALUES ('bd6d533d-c173-49c5-95c7-85fe90dd38a6', 'f444c3bc-2788-5429-a6be-5cce3d13028d', '28b908cb-640e-54fb-b149-d6d7ed31f61e', '544f8e18-b31f-5476-91e1-e34eb1762e0a', NULL, '8a41a05c-760a-527c-96f2-992682ef8ded', NULL);
INSERT INTO "vocabulary"."reference" ("vocabulary_id", "lesson_code") VALUES ('bd6d533d-c173-49c5-95c7-85fe90dd38a6', 'DUO_02_07');
INSERT INTO "vocabulary"."reference" ("vocabulary_id", "lesson_code") VALUES ('bd6d533d-c173-49c5-95c7-85fe90dd38a6', 'DUO_U09');
-- あたし | I (femaie, casual) --;
INSERT INTO "vocabulary"."vocabulary" ("id", "word_class_code", "conjugation_kind_code", "jlpt_level", "row_num", "tags", "date_added") VALUES ('f6c1721c-c476-5815-8e77-f666aab0b5d7', 'PRONOUN', NULL, 1, 284, '{}', '2022-09-07');
INSERT INTO "vocabulary"."definition" ("id", "vocabulary_id", "sort_rank", "value") VALUES ('abde05b5-6a4d-5500-9355-f0f53876e211', 'f6c1721c-c476-5815-8e77-f666aab0b5d7', 1, 'I (femaie, casual)');
INSERT INTO "vocabulary"."spelling" ("id", "vocabulary_id", "spelling_kind_code", "value") VALUES ('d88352d4-822f-536c-b44f-6db0da2f045e', 'f6c1721c-c476-5815-8e77-f666aab0b5d7', 'HIRAGANA', 'あたし');
INSERT INTO "vocabulary"."spelling" ("id", "vocabulary_id", "spelling_kind_code", "value") VALUES ('6cea42c8-2641-52dc-945d-14d238c19c2b', 'f6c1721c-c476-5815-8e77-f666aab0b5d7', 'HIRAGANA', 'あたし');
INSERT INTO "vocabulary"."linkages" ("vocabulary_id", "preferred_definition_id", "preferred_spelling_id", "phonetic_spelling_id", "alt_phonetic_spelling_id", "kanji_spelling_id", "conjugation_set_id") VALUES ('f6c1721c-c476-5815-8e77-f666aab0b5d7', 'abde05b5-6a4d-5500-9355-f0f53876e211', 'd88352d4-822f-536c-b44f-6db0da2f045e', '6cea42c8-2641-52dc-945d-14d238c19c2b', NULL, NULL, NULL);
INSERT INTO "vocabulary"."reference" ("vocabulary_id", "lesson_code") VALUES ('f6c1721c-c476-5815-8e77-f666aab0b5d7', 'GENKI3_L05');
-- 僕ら | we (male casual) --;
INSERT INTO "vocabulary"."vocabulary" ("id", "word_class_code", "conjugation_kind_code", "jlpt_level", "row_num", "tags", "date_added") VALUES ('e2a94266-387e-5b7d-8fb2-fe52967f09a8', 'PRONOUN', NULL, NULL, 285, '{}', '2022-09-17');
INSERT INTO "vocabulary"."definition" ("id", "vocabulary_id", "sort_rank", "value") VALUES ('b95bf664-ff17-54a2-a7c4-de19d996adab', 'e2a94266-387e-5b7d-8fb2-fe52967f09a8', 1, 'we (male casual)');
INSERT INTO "vocabulary"."spelling" ("id", "vocabulary_id", "spelling_kind_code", "value") VALUES ('9d1afc03-7f3e-54d7-80d0-4238d36b3059', 'e2a94266-387e-5b7d-8fb2-fe52967f09a8', 'KANJI', '僕ら');
INSERT INTO "vocabulary"."spelling" ("id", "vocabulary_id", "spelling_kind_code", "value") VALUES ('b52be2ff-186a-5e7a-ad09-ff3bed7ac769', 'e2a94266-387e-5b7d-8fb2-fe52967f09a8', 'HIRAGANA', 'ぼくら');
INSERT INTO "vocabulary"."spelling" ("id", "vocabulary_id", "spelling_kind_code", "value") VALUES ('dc8c3b91-350e-54b2-8bbc-675ddbc3123a', 'e2a94266-387e-5b7d-8fb2-fe52967f09a8', 'KANJI', '僕ら');
INSERT INTO "vocabulary"."linkages" ("vocabulary_id", "preferred_definition_id", "preferred_spelling_id", "phonetic_spelling_id", "alt_phonetic_spelling_id", "kanji_spelling_id", "conjugation_set_id") VALUES ('e2a94266-387e-5b7d-8fb2-fe52967f09a8', 'b95bf664-ff17-54a2-a7c4-de19d996adab', '9d1afc03-7f3e-54d7-80d0-4238d36b3059', 'b52be2ff-186a-5e7a-ad09-ff3bed7ac769', NULL, 'dc8c3b91-350e-54b2-8bbc-675ddbc3123a', NULL);
-- 私たち | we (casual) --;
INSERT INTO "vocabulary"."vocabulary" ("id", "word_class_code", "conjugation_kind_code", "jlpt_level", "row_num", "tags", "date_added") VALUES ('d76d62e1-99d0-5dc4-b8c5-4060a40be4e4', 'PRONOUN', NULL, NULL, 286, '{}', '2022-09-17');
INSERT INTO "vocabulary"."definition" ("id", "vocabulary_id", "sort_rank", "value") VALUES ('d75da2c4-d439-5b16-ac83-381b4b6cd0e6', 'd76d62e1-99d0-5dc4-b8c5-4060a40be4e4', 1, 'we (casual)');
INSERT INTO "vocabulary"."spelling" ("id", "vocabulary_id", "spelling_kind_code", "value") VALUES ('a7cfdf7f-1016-5c57-8e57-272530c04b9b', 'd76d62e1-99d0-5dc4-b8c5-4060a40be4e4', 'KANJI', '私たち');
INSERT INTO "vocabulary"."spelling" ("id", "vocabulary_id", "spelling_kind_code", "value") VALUES ('0817de42-ff6b-5d05-984c-47f03b7ba8be', 'd76d62e1-99d0-5dc4-b8c5-4060a40be4e4', 'HIRAGANA', 'わたしたち');
INSERT INTO "vocabulary"."spelling" ("id", "vocabulary_id", "spelling_kind_code", "value") VALUES ('51e60098-9dc9-58fc-96df-b70848c154b3', 'd76d62e1-99d0-5dc4-b8c5-4060a40be4e4', 'KANJI', '私たち');
INSERT INTO "vocabulary"."linkages" ("vocabulary_id", "preferred_definition_id", "preferred_spelling_id", "phonetic_spelling_id", "alt_phonetic_spelling_id", "kanji_spelling_id", "conjugation_set_id") VALUES ('d76d62e1-99d0-5dc4-b8c5-4060a40be4e4', 'd75da2c4-d439-5b16-ac83-381b4b6cd0e6', 'a7cfdf7f-1016-5c57-8e57-272530c04b9b', '0817de42-ff6b-5d05-984c-47f03b7ba8be', NULL, '51e60098-9dc9-58fc-96df-b70848c154b3', NULL);
-- 我々 | we (formal, written) --;
INSERT INTO "vocabulary"."vocabulary" ("id", "word_class_code", "conjugation_kind_code", "jlpt_level", "row_num", "tags", "date_added") VALUES ('cb3a6f64-b0e8-5736-aae1-9088a0af6eb1', 'PRONOUN', NULL, 3, 287, '{}', '2022-09-17');
INSERT INTO "vocabulary"."definition" ("id", "vocabulary_id", "sort_rank", "value") VALUES ('3f686f13-5e04-5f0a-9517-b962bfa9a294', 'cb3a6f64-b0e8-5736-aae1-9088a0af6eb1', 1, 'we (formal, written)');
INSERT INTO "vocabulary"."spelling" ("id", "vocabulary_id", "spelling_kind_code", "value") VALUES ('7c9d8d5f-e9b9-5048-a18f-47bf1f2876cc', 'cb3a6f64-b0e8-5736-aae1-9088a0af6eb1', 'KANJI', '我々');
INSERT INTO "vocabulary"."spelling" ("id", "vocabulary_id", "spelling_kind_code", "value") VALUES ('52495b97-164d-5cbd-966f-b4cb63efa134', 'cb3a6f64-b0e8-5736-aae1-9088a0af6eb1', 'HIRAGANA', 'われわれ');
INSERT INTO "vocabulary"."spelling" ("id", "vocabulary_id", "spelling_kind_code", "value") VALUES ('139e011e-052b-5f3b-b325-acad69d82b8c', 'cb3a6f64-b0e8-5736-aae1-9088a0af6eb1', 'KANJI', '我々');
INSERT INTO "vocabulary"."linkages" ("vocabulary_id", "preferred_definition_id", "preferred_spelling_id", "phonetic_spelling_id", "alt_phonetic_spelling_id", "kanji_spelling_id", "conjugation_set_id") VALUES ('cb3a6f64-b0e8-5736-aae1-9088a0af6eb1', '3f686f13-5e04-5f0a-9517-b962bfa9a294', '7c9d8d5f-e9b9-5048-a18f-47bf1f2876cc', '52495b97-164d-5cbd-966f-b4cb63efa134', NULL, '139e011e-052b-5f3b-b325-acad69d82b8c', NULL);
-- 山 | mountain --;
INSERT INTO "vocabulary"."vocabulary" ("id", "word_class_code", "conjugation_kind_code", "jlpt_level", "row_num", "tags", "date_added") VALUES ('2037e05e-e3cc-56d5-b966-458046cfb035', 'NOUN', NULL, 5, 288, '{}', '2022-08-12');
INSERT INTO "vocabulary"."definition" ("id", "vocabulary_id", "sort_rank", "value") VALUES ('a058b68d-e81f-580e-9c5e-8c4e139ce8b7', '2037e05e-e3cc-56d5-b966-458046cfb035', 1, 'mountain');
INSERT INTO "vocabulary"."spelling" ("id", "vocabulary_id", "spelling_kind_code", "value") VALUES ('8f137041-d264-58cb-996b-14e2e6710505', '2037e05e-e3cc-56d5-b966-458046cfb035', 'KANJI', '山');
INSERT INTO "vocabulary"."spelling" ("id", "vocabulary_id", "spelling_kind_code", "value") VALUES ('42a7ff60-5c42-5ec2-aa3a-5be581e2c214', '2037e05e-e3cc-56d5-b966-458046cfb035', 'HIRAGANA', 'やま');
INSERT INTO "vocabulary"."spelling" ("id", "vocabulary_id", "spelling_kind_code", "value") VALUES ('7667feac-6613-5546-b82f-21cecf08cf0e', '2037e05e-e3cc-56d5-b966-458046cfb035', 'KANJI', '山');
INSERT INTO "vocabulary"."linkages" ("vocabulary_id", "preferred_definition_id", "preferred_spelling_id", "phonetic_spelling_id", "alt_phonetic_spelling_id", "kanji_spelling_id", "conjugation_set_id") VALUES ('2037e05e-e3cc-56d5-b966-458046cfb035', 'a058b68d-e81f-580e-9c5e-8c4e139ce8b7', '8f137041-d264-58cb-996b-14e2e6710505', '42a7ff60-5c42-5ec2-aa3a-5be581e2c214', NULL, '7667feac-6613-5546-b82f-21cecf08cf0e', NULL);
INSERT INTO "vocabulary"."reference" ("vocabulary_id", "lesson_code") VALUES ('2037e05e-e3cc-56d5-b966-458046cfb035', 'LULI_KANJI_L01');
-- 川 | river --;
INSERT INTO "vocabulary"."vocabulary" ("id", "word_class_code", "conjugation_kind_code", "jlpt_level", "row_num", "tags", "date_added") VALUES ('963e3282-5c51-588f-9dac-d5226e182f10', 'NOUN', NULL, 5, 289, '{}', '2022-08-12');
INSERT INTO "vocabulary"."definition" ("id", "vocabulary_id", "sort_rank", "value") VALUES ('a8b4a5ca-925e-5abe-9205-fa9970aa1936', '963e3282-5c51-588f-9dac-d5226e182f10', 1, 'river');
INSERT INTO "vocabulary"."spelling" ("id", "vocabulary_id", "spelling_kind_code", "value") VALUES ('e6087649-e6ad-511c-8fca-fe0fcfcec36e', '963e3282-5c51-588f-9dac-d5226e182f10', 'KANJI', '川');
INSERT INTO "vocabulary"."spelling" ("id", "vocabulary_id", "spelling_kind_code", "value") VALUES ('d9a51116-a647-5b4b-ae90-887d3c376d93', '963e3282-5c51-588f-9dac-d5226e182f10', 'HIRAGANA', 'かわ');
INSERT INTO "vocabulary"."spelling" ("id", "vocabulary_id", "spelling_kind_code", "value") VALUES ('209e76c4-ee97-59b2-a754-2a2d914d8f2f', '963e3282-5c51-588f-9dac-d5226e182f10', 'KANJI', '川');
INSERT INTO "vocabulary"."linkages" ("vocabulary_id", "preferred_definition_id", "preferred_spelling_id", "phonetic_spelling_id", "alt_phonetic_spelling_id", "kanji_spelling_id", "conjugation_set_id") VALUES ('963e3282-5c51-588f-9dac-d5226e182f10', 'a8b4a5ca-925e-5abe-9205-fa9970aa1936', 'e6087649-e6ad-511c-8fca-fe0fcfcec36e', 'd9a51116-a647-5b4b-ae90-887d3c376d93', NULL, '209e76c4-ee97-59b2-a754-2a2d914d8f2f', NULL);
INSERT INTO "vocabulary"."reference" ("vocabulary_id", "lesson_code") VALUES ('963e3282-5c51-588f-9dac-d5226e182f10', 'LULI_KANJI_L01');
-- 炎 | flame (blaze); flame (of passion) --;
INSERT INTO "vocabulary"."vocabulary" ("id", "word_class_code", "conjugation_kind_code", "jlpt_level", "row_num", "tags", "date_added") VALUES ('2e1d445c-bc7c-558d-9eb4-c97cdb6f5898', 'NOUN', NULL, 3, 290, '{}', '2022-08-12');
INSERT INTO "vocabulary"."definition" ("id", "vocabulary_id", "sort_rank", "value") VALUES ('fcf9b3e9-ac05-541b-bd7b-91aa696321a0', '2e1d445c-bc7c-558d-9eb4-c97cdb6f5898', 1, 'flame (blaze); flame (of passion)');
INSERT INTO "vocabulary"."spelling" ("id", "vocabulary_id", "spelling_kind_code", "value") VALUES ('0787ba88-23aa-5e15-9730-1438133e4249', '2e1d445c-bc7c-558d-9eb4-c97cdb6f5898', 'KANJI', '炎');
INSERT INTO "vocabulary"."spelling" ("id", "vocabulary_id", "spelling_kind_code", "value") VALUES ('33e71b3c-19db-591a-b93e-118a3b00be17', '2e1d445c-bc7c-558d-9eb4-c97cdb6f5898', 'HIRAGANA', 'ほのお');
INSERT INTO "vocabulary"."spelling" ("id", "vocabulary_id", "spelling_kind_code", "value") VALUES ('88042e50-ae9b-5270-ae84-5f4c5be2b58e', '2e1d445c-bc7c-558d-9eb4-c97cdb6f5898', 'HIRAGANA', 'ほむら');
INSERT INTO "vocabulary"."spelling" ("id", "vocabulary_id", "spelling_kind_code", "value") VALUES ('e03d06c1-03b4-5313-ab67-6b27a8d643b5', '2e1d445c-bc7c-558d-9eb4-c97cdb6f5898', 'KANJI', '炎');
INSERT INTO "vocabulary"."linkages" ("vocabulary_id", "preferred_definition_id", "preferred_spelling_id", "phonetic_spelling_id", "alt_phonetic_spelling_id", "kanji_spelling_id", "conjugation_set_id") VALUES ('2e1d445c-bc7c-558d-9eb4-c97cdb6f5898', 'fcf9b3e9-ac05-541b-bd7b-91aa696321a0', '0787ba88-23aa-5e15-9730-1438133e4249', '33e71b3c-19db-591a-b93e-118a3b00be17', '88042e50-ae9b-5270-ae84-5f4c5be2b58e', 'e03d06c1-03b4-5313-ab67-6b27a8d643b5', NULL);
-- 火 | fire --;
INSERT INTO "vocabulary"."vocabulary" ("id", "word_class_code", "conjugation_kind_code", "jlpt_level", "row_num", "tags", "date_added") VALUES ('047bba20-3388-59ec-b67c-97aeb0d3c257', 'NOUN', NULL, 3, 291, '{}', '2022-08-12');
INSERT INTO "vocabulary"."definition" ("id", "vocabulary_id", "sort_rank", "value") VALUES ('a5fb0d45-6706-5ebe-9c78-781c4ad0196c', '047bba20-3388-59ec-b67c-97aeb0d3c257', 1, 'fire');
INSERT INTO "vocabulary"."spelling" ("id", "vocabulary_id", "spelling_kind_code", "value") VALUES ('44ee3085-b6e8-5b3c-8c15-d45a2b08e046', '047bba20-3388-59ec-b67c-97aeb0d3c257', 'KANJI', '火');
INSERT INTO "vocabulary"."spelling" ("id", "vocabulary_id", "spelling_kind_code", "value") VALUES ('3338235c-9f5e-5962-a3dc-fca3d18ee97c', '047bba20-3388-59ec-b67c-97aeb0d3c257', 'HIRAGANA', 'ひ');
INSERT INTO "vocabulary"."spelling" ("id", "vocabulary_id", "spelling_kind_code", "value") VALUES ('344ea509-66ae-5016-8d26-f1686439f1a6', '047bba20-3388-59ec-b67c-97aeb0d3c257', 'KANJI', '火');
INSERT INTO "vocabulary"."linkages" ("vocabulary_id", "preferred_definition_id", "preferred_spelling_id", "phonetic_spelling_id", "alt_phonetic_spelling_id", "kanji_spelling_id", "conjugation_set_id") VALUES ('047bba20-3388-59ec-b67c-97aeb0d3c257', 'a5fb0d45-6706-5ebe-9c78-781c4ad0196c', '44ee3085-b6e8-5b3c-8c15-d45a2b08e046', '3338235c-9f5e-5962-a3dc-fca3d18ee97c', NULL, '344ea509-66ae-5016-8d26-f1686439f1a6', NULL);
INSERT INTO "vocabulary"."reference" ("vocabulary_id", "lesson_code") VALUES ('047bba20-3388-59ec-b67c-97aeb0d3c257', 'LULI_KANJI_L01');
-- 男 | man; male --;
INSERT INTO "vocabulary"."vocabulary" ("id", "word_class_code", "conjugation_kind_code", "jlpt_level", "row_num", "tags", "date_added") VALUES ('9a991eae-f1be-5494-a018-23249ea18b15', 'NOUN', NULL, NULL, 292, '{}', '2022-08-12');
INSERT INTO "vocabulary"."definition" ("id", "vocabulary_id", "sort_rank", "value") VALUES ('d38f713e-78fc-5100-a14d-6484b79c8bbe', '9a991eae-f1be-5494-a018-23249ea18b15', 1, 'man; male');
INSERT INTO "vocabulary"."spelling" ("id", "vocabulary_id", "spelling_kind_code", "value") VALUES ('664b7f45-045f-5442-be29-01791c902fd5', '9a991eae-f1be-5494-a018-23249ea18b15', 'KANJI', '男');
INSERT INTO "vocabulary"."spelling" ("id", "vocabulary_id", "spelling_kind_code", "value") VALUES ('835a17f9-deed-59a1-9c39-1103e28bec0e', '9a991eae-f1be-5494-a018-23249ea18b15', 'HIRAGANA', 'おとこ');
INSERT INTO "vocabulary"."spelling" ("id", "vocabulary_id", "spelling_kind_code", "value") VALUES ('2eb273e0-c0b6-55db-b1d5-00e6e80bd9e9', '9a991eae-f1be-5494-a018-23249ea18b15', 'KANJI', '男');
INSERT INTO "vocabulary"."linkages" ("vocabulary_id", "preferred_definition_id", "preferred_spelling_id", "phonetic_spelling_id", "alt_phonetic_spelling_id", "kanji_spelling_id", "conjugation_set_id") VALUES ('9a991eae-f1be-5494-a018-23249ea18b15', 'd38f713e-78fc-5100-a14d-6484b79c8bbe', '664b7f45-045f-5442-be29-01791c902fd5', '835a17f9-deed-59a1-9c39-1103e28bec0e', NULL, '2eb273e0-c0b6-55db-b1d5-00e6e80bd9e9', NULL);
INSERT INTO "vocabulary"."reference" ("vocabulary_id", "lesson_code") VALUES ('9a991eae-f1be-5494-a018-23249ea18b15', 'LULI_KANJI_L01');
-- 女 | woman; female --;
INSERT INTO "vocabulary"."vocabulary" ("id", "word_class_code", "conjugation_kind_code", "jlpt_level", "row_num", "tags", "date_added") VALUES ('d74412ce-8367-5c45-919d-4d992829de66', 'NOUN', NULL, NULL, 293, '{}', '2022-08-12');
INSERT INTO "vocabulary"."definition" ("id", "vocabulary_id", "sort_rank", "value") VALUES ('14adb854-856b-5f1a-be83-275583cf81b6', 'd74412ce-8367-5c45-919d-4d992829de66', 1, 'woman; female');
INSERT INTO "vocabulary"."spelling" ("id", "vocabulary_id", "spelling_kind_code", "value") VALUES ('a6a48ef4-b9ff-5cd7-a353-7a0bca501a05', 'd74412ce-8367-5c45-919d-4d992829de66', 'KANJI', '女');
INSERT INTO "vocabulary"."spelling" ("id", "vocabulary_id", "spelling_kind_code", "value") VALUES ('bcdf7487-e2a6-5e6e-b45a-08fbe2e372f1', 'd74412ce-8367-5c45-919d-4d992829de66', 'HIRAGANA', 'おんあ');
INSERT INTO "vocabulary"."spelling" ("id", "vocabulary_id", "spelling_kind_code", "value") VALUES ('94a45a0e-8244-51e6-9fa2-3e8dfde61ca6', 'd74412ce-8367-5c45-919d-4d992829de66', 'KANJI', '女');
INSERT INTO "vocabulary"."linkages" ("vocabulary_id", "preferred_definition_id", "preferred_spelling_id", "phonetic_spelling_id", "alt_phonetic_spelling_id", "kanji_spelling_id", "conjugation_set_id") VALUES ('d74412ce-8367-5c45-919d-4d992829de66', '14adb854-856b-5f1a-be83-275583cf81b6', 'a6a48ef4-b9ff-5cd7-a353-7a0bca501a05', 'bcdf7487-e2a6-5e6e-b45a-08fbe2e372f1', NULL, '94a45a0e-8244-51e6-9fa2-3e8dfde61ca6', NULL);
INSERT INTO "vocabulary"."reference" ("vocabulary_id", "lesson_code") VALUES ('d74412ce-8367-5c45-919d-4d992829de66', 'LULI_KANJI_L01');
-- 〜子 | child; kid --;
INSERT INTO "vocabulary"."vocabulary" ("id", "word_class_code", "conjugation_kind_code", "jlpt_level", "row_num", "tags", "date_added") VALUES ('865bd41e-4912-5b3b-97e2-d7bb548ebc54', 'SUFFIX', NULL, 4, 294, '{}', '2022-08-15');
INSERT INTO "vocabulary"."definition" ("id", "vocabulary_id", "sort_rank", "value") VALUES ('3aacba39-1708-541c-b8e4-4822bfd4cefa', '865bd41e-4912-5b3b-97e2-d7bb548ebc54', 1, 'child; kid');
INSERT INTO "vocabulary"."spelling" ("id", "vocabulary_id", "spelling_kind_code", "value") VALUES ('5e8e7565-f1ad-5847-8bd2-7bd46c5ea792', '865bd41e-4912-5b3b-97e2-d7bb548ebc54', 'KANJI', '〜子');
INSERT INTO "vocabulary"."spelling" ("id", "vocabulary_id", "spelling_kind_code", "value") VALUES ('abf45a83-6d6f-54f8-ae5a-8d00d92cd6b7', '865bd41e-4912-5b3b-97e2-d7bb548ebc54', 'HIRAGANA', '〜こ');
INSERT INTO "vocabulary"."spelling" ("id", "vocabulary_id", "spelling_kind_code", "value") VALUES ('a1f398c5-787c-5dc5-9b77-fb37076192af', '865bd41e-4912-5b3b-97e2-d7bb548ebc54', 'KANJI', '〜子');
INSERT INTO "vocabulary"."linkages" ("vocabulary_id", "preferred_definition_id", "preferred_spelling_id", "phonetic_spelling_id", "alt_phonetic_spelling_id", "kanji_spelling_id", "conjugation_set_id") VALUES ('865bd41e-4912-5b3b-97e2-d7bb548ebc54', '3aacba39-1708-541c-b8e4-4822bfd4cefa', '5e8e7565-f1ad-5847-8bd2-7bd46c5ea792', 'abf45a83-6d6f-54f8-ae5a-8d00d92cd6b7', NULL, 'a1f398c5-787c-5dc5-9b77-fb37076192af', NULL);
INSERT INTO "vocabulary"."reference" ("vocabulary_id", "lesson_code") VALUES ('865bd41e-4912-5b3b-97e2-d7bb548ebc54', 'LULI_KANJI_L01');
-- お菓子 | confections, sweets, candy, cake --;
INSERT INTO "vocabulary"."vocabulary" ("id", "word_class_code", "conjugation_kind_code", "jlpt_level", "row_num", "tags", "date_added") VALUES ('6e4a003e-4cc6-5fb4-bd16-99b201631b2b', 'NOUN', NULL, 5, 295, '{}', '2022-08-15');
INSERT INTO "vocabulary"."definition" ("id", "vocabulary_id", "sort_rank", "value") VALUES ('de492cb7-ceb8-50d5-a70e-10370321b43a', '6e4a003e-4cc6-5fb4-bd16-99b201631b2b', 1, 'confections, sweets, candy, cake');
INSERT INTO "vocabulary"."spelling" ("id", "vocabulary_id", "spelling_kind_code", "value") VALUES ('302053bf-cb78-5f6a-81e7-eaf98c35bd0f', '6e4a003e-4cc6-5fb4-bd16-99b201631b2b', 'KANJI', 'お菓子');
INSERT INTO "vocabulary"."spelling" ("id", "vocabulary_id", "spelling_kind_code", "value") VALUES ('8c1e58b4-fb47-5244-99e6-578c51cc9ee1', '6e4a003e-4cc6-5fb4-bd16-99b201631b2b', 'HIRAGANA', 'おかし');
INSERT INTO "vocabulary"."spelling" ("id", "vocabulary_id", "spelling_kind_code", "value") VALUES ('af923e62-7d4b-589d-9cf3-473ebc52ec3f', '6e4a003e-4cc6-5fb4-bd16-99b201631b2b', 'KANJI', 'お菓子');
INSERT INTO "vocabulary"."linkages" ("vocabulary_id", "preferred_definition_id", "preferred_spelling_id", "phonetic_spelling_id", "alt_phonetic_spelling_id", "kanji_spelling_id", "conjugation_set_id") VALUES ('6e4a003e-4cc6-5fb4-bd16-99b201631b2b', 'de492cb7-ceb8-50d5-a70e-10370321b43a', '302053bf-cb78-5f6a-81e7-eaf98c35bd0f', '8c1e58b4-fb47-5244-99e6-578c51cc9ee1', NULL, 'af923e62-7d4b-589d-9cf3-473ebc52ec3f', NULL);
-- 飴 | (hard) candy --;
INSERT INTO "vocabulary"."vocabulary" ("id", "word_class_code", "conjugation_kind_code", "jlpt_level", "row_num", "tags", "date_added") VALUES ('6437fff2-42a0-5909-9bf4-68dd05303d0f', 'NOUN', NULL, 5, 296, '{}', '2022-08-15');
INSERT INTO "vocabulary"."definition" ("id", "vocabulary_id", "sort_rank", "value") VALUES ('d4f20ff3-5d61-5cd6-8ae9-04bfdcdc4f3b', '6437fff2-42a0-5909-9bf4-68dd05303d0f', 1, '(hard) candy');
INSERT INTO "vocabulary"."spelling" ("id", "vocabulary_id", "spelling_kind_code", "value") VALUES ('e1f3c93d-3c9f-5192-87d4-3999633df51e', '6437fff2-42a0-5909-9bf4-68dd05303d0f', 'KANJI', '飴');
INSERT INTO "vocabulary"."spelling" ("id", "vocabulary_id", "spelling_kind_code", "value") VALUES ('33897115-ebd5-57dd-bb0d-70a8d888c485', '6437fff2-42a0-5909-9bf4-68dd05303d0f', 'HIRAGANA', 'あめ');
INSERT INTO "vocabulary"."spelling" ("id", "vocabulary_id", "spelling_kind_code", "value") VALUES ('6f46b585-7ca8-500e-8a80-28108240d88d', '6437fff2-42a0-5909-9bf4-68dd05303d0f', 'KANJI', '飴');
INSERT INTO "vocabulary"."linkages" ("vocabulary_id", "preferred_definition_id", "preferred_spelling_id", "phonetic_spelling_id", "alt_phonetic_spelling_id", "kanji_spelling_id", "conjugation_set_id") VALUES ('6437fff2-42a0-5909-9bf4-68dd05303d0f', 'd4f20ff3-5d61-5cd6-8ae9-04bfdcdc4f3b', 'e1f3c93d-3c9f-5192-87d4-3999633df51e', '33897115-ebd5-57dd-bb0d-70a8d888c485', NULL, '6f46b585-7ca8-500e-8a80-28108240d88d', NULL);
-- 雨 | rain --;
INSERT INTO "vocabulary"."vocabulary" ("id", "word_class_code", "conjugation_kind_code", "jlpt_level", "row_num", "tags", "date_added") VALUES ('38a615c6-b9b1-5a56-8df9-f32d3423f0e2', 'NOUN', NULL, 5, 297, '{weather}', '2022-08-15');
INSERT INTO "vocabulary"."definition" ("id", "vocabulary_id", "sort_rank", "value") VALUES ('bf93efee-0197-5ccc-8e7c-048a1bde2125', '38a615c6-b9b1-5a56-8df9-f32d3423f0e2', 1, 'rain');
INSERT INTO "vocabulary"."spelling" ("id", "vocabulary_id", "spelling_kind_code", "value") VALUES ('ef2de036-ad22-57b2-9dc0-678064fa64e7', '38a615c6-b9b1-5a56-8df9-f32d3423f0e2', 'KANJI', '雨');
INSERT INTO "vocabulary"."spelling" ("id", "vocabulary_id", "spelling_kind_code", "value") VALUES ('6e47d343-0cf4-5069-b974-b30528c584e2', '38a615c6-b9b1-5a56-8df9-f32d3423f0e2', 'HIRAGANA', 'あめ');
INSERT INTO "vocabulary"."spelling" ("id", "vocabulary_id", "spelling_kind_code", "value") VALUES ('49277587-cf22-54aa-aaea-e6ad27c73fb4', '38a615c6-b9b1-5a56-8df9-f32d3423f0e2', 'KANJI', '雨');
INSERT INTO "vocabulary"."linkages" ("vocabulary_id", "preferred_definition_id", "preferred_spelling_id", "phonetic_spelling_id", "alt_phonetic_spelling_id", "kanji_spelling_id", "conjugation_set_id") VALUES ('38a615c6-b9b1-5a56-8df9-f32d3423f0e2', 'bf93efee-0197-5ccc-8e7c-048a1bde2125', 'ef2de036-ad22-57b2-9dc0-678064fa64e7', '6e47d343-0cf4-5069-b974-b30528c584e2', NULL, '49277587-cf22-54aa-aaea-e6ad27c73fb4', NULL);
INSERT INTO "vocabulary"."reference" ("vocabulary_id", "lesson_code") VALUES ('38a615c6-b9b1-5a56-8df9-f32d3423f0e2', 'GENKI3_L08');
INSERT INTO "vocabulary"."reference" ("vocabulary_id", "lesson_code") VALUES ('38a615c6-b9b1-5a56-8df9-f32d3423f0e2', 'LULI_KANJI_L01');
-- 空 | sky (physical) --;
INSERT INTO "vocabulary"."vocabulary" ("id", "word_class_code", "conjugation_kind_code", "jlpt_level", "row_num", "tags", "date_added") VALUES ('a29a3d3c-77a8-51db-98a4-020a58c0c9fa', 'NOUN', NULL, 5, 298, '{weather}', '2022-08-15');
INSERT INTO "vocabulary"."definition" ("id", "vocabulary_id", "sort_rank", "value") VALUES ('eeec8b35-b7fa-57de-9832-30c76b528f0b', 'a29a3d3c-77a8-51db-98a4-020a58c0c9fa', 1, 'sky (physical)');
INSERT INTO "vocabulary"."spelling" ("id", "vocabulary_id", "spelling_kind_code", "value") VALUES ('a3cbadd3-c60a-5ec7-8b42-b77c38bc354c', 'a29a3d3c-77a8-51db-98a4-020a58c0c9fa', 'KANJI', '空');
INSERT INTO "vocabulary"."spelling" ("id", "vocabulary_id", "spelling_kind_code", "value") VALUES ('32c733ed-0e10-5bd5-8658-d9162df2bcca', 'a29a3d3c-77a8-51db-98a4-020a58c0c9fa', 'HIRAGANA', 'そら');
INSERT INTO "vocabulary"."spelling" ("id", "vocabulary_id", "spelling_kind_code", "value") VALUES ('7fd46488-b608-5b75-b03b-6c9f0511ca09', 'a29a3d3c-77a8-51db-98a4-020a58c0c9fa', 'KANJI', '空');
INSERT INTO "vocabulary"."linkages" ("vocabulary_id", "preferred_definition_id", "preferred_spelling_id", "phonetic_spelling_id", "alt_phonetic_spelling_id", "kanji_spelling_id", "conjugation_set_id") VALUES ('a29a3d3c-77a8-51db-98a4-020a58c0c9fa', 'eeec8b35-b7fa-57de-9832-30c76b528f0b', 'a3cbadd3-c60a-5ec7-8b42-b77c38bc354c', '32c733ed-0e10-5bd5-8658-d9162df2bcca', NULL, '7fd46488-b608-5b75-b03b-6c9f0511ca09', NULL);
INSERT INTO "vocabulary"."reference" ("vocabulary_id", "lesson_code") VALUES ('a29a3d3c-77a8-51db-98a4-020a58c0c9fa', 'LULI_KANJI_L01');
-- 天 | heavans; sky (spiritual) --;
INSERT INTO "vocabulary"."vocabulary" ("id", "word_class_code", "conjugation_kind_code", "jlpt_level", "row_num", "tags", "date_added") VALUES ('ccb7a98d-7140-5e41-ac65-a7116f9f96f3', 'NOUN', NULL, 5, 299, '{weather}', '2022-08-15');
INSERT INTO "vocabulary"."definition" ("id", "vocabulary_id", "sort_rank", "value") VALUES ('d2b2bb22-48e2-55a3-887d-da7a1970b3a1', 'ccb7a98d-7140-5e41-ac65-a7116f9f96f3', 1, 'heavans; sky (spiritual)');
INSERT INTO "vocabulary"."spelling" ("id", "vocabulary_id", "spelling_kind_code", "value") VALUES ('39473aef-8f68-5b5e-8e41-1269e201bad3', 'ccb7a98d-7140-5e41-ac65-a7116f9f96f3', 'KANJI', '天');
INSERT INTO "vocabulary"."spelling" ("id", "vocabulary_id", "spelling_kind_code", "value") VALUES ('2880d78e-acfe-5b19-a49a-8b59a4eaa9e1', 'ccb7a98d-7140-5e41-ac65-a7116f9f96f3', 'HIRAGANA', 'てん');
INSERT INTO "vocabulary"."spelling" ("id", "vocabulary_id", "spelling_kind_code", "value") VALUES ('7c39fc89-aa4c-5592-b6ed-332438526150', 'ccb7a98d-7140-5e41-ac65-a7116f9f96f3', 'KANJI', '天');
INSERT INTO "vocabulary"."linkages" ("vocabulary_id", "preferred_definition_id", "preferred_spelling_id", "phonetic_spelling_id", "alt_phonetic_spelling_id", "kanji_spelling_id", "conjugation_set_id") VALUES ('ccb7a98d-7140-5e41-ac65-a7116f9f96f3', 'd2b2bb22-48e2-55a3-887d-da7a1970b3a1', '39473aef-8f68-5b5e-8e41-1269e201bad3', '2880d78e-acfe-5b19-a49a-8b59a4eaa9e1', NULL, '7c39fc89-aa4c-5592-b6ed-332438526150', NULL);
INSERT INTO "vocabulary"."reference" ("vocabulary_id", "lesson_code") VALUES ('ccb7a98d-7140-5e41-ac65-a7116f9f96f3', 'LULI_KANJI_L01');
-- 土 | soil; earth --;
INSERT INTO "vocabulary"."vocabulary" ("id", "word_class_code", "conjugation_kind_code", "jlpt_level", "row_num", "tags", "date_added") VALUES ('356c71d3-c158-58cf-a42d-7efab762472b', 'NOUN', NULL, 3, 300, '{}', '2022-08-15');
INSERT INTO "vocabulary"."definition" ("id", "vocabulary_id", "sort_rank", "value") VALUES ('81ba1442-9d7e-5acb-a1b8-907e6a92299a', '356c71d3-c158-58cf-a42d-7efab762472b', 1, 'soil; earth');
INSERT INTO "vocabulary"."spelling" ("id", "vocabulary_id", "spelling_kind_code", "value") VALUES ('10725553-a0c7-5b37-9386-3db80276d5cd', '356c71d3-c158-58cf-a42d-7efab762472b', 'KANJI', '土');
INSERT INTO "vocabulary"."spelling" ("id", "vocabulary_id", "spelling_kind_code", "value") VALUES ('f57ccc12-0780-59cc-a596-1fc06537ea60', '356c71d3-c158-58cf-a42d-7efab762472b', 'HIRAGANA', 'つち');
INSERT INTO "vocabulary"."spelling" ("id", "vocabulary_id", "spelling_kind_code", "value") VALUES ('82423c83-0382-5bd8-b968-1b02d3dca598', '356c71d3-c158-58cf-a42d-7efab762472b', 'KANJI', '土');
INSERT INTO "vocabulary"."linkages" ("vocabulary_id", "preferred_definition_id", "preferred_spelling_id", "phonetic_spelling_id", "alt_phonetic_spelling_id", "kanji_spelling_id", "conjugation_set_id") VALUES ('356c71d3-c158-58cf-a42d-7efab762472b', '81ba1442-9d7e-5acb-a1b8-907e6a92299a', '10725553-a0c7-5b37-9386-3db80276d5cd', 'f57ccc12-0780-59cc-a596-1fc06537ea60', NULL, '82423c83-0382-5bd8-b968-1b02d3dca598', NULL);
INSERT INTO "vocabulary"."reference" ("vocabulary_id", "lesson_code") VALUES ('356c71d3-c158-58cf-a42d-7efab762472b', 'LULI_KANJI_L01');
-- 地 | ground; land; territory --;
INSERT INTO "vocabulary"."vocabulary" ("id", "word_class_code", "conjugation_kind_code", "jlpt_level", "row_num", "tags", "date_added") VALUES ('b05a993b-f894-5720-a08d-031191ad57e5', 'NOUN', NULL, 3, 301, '{}', '2022-08-15');
INSERT INTO "vocabulary"."definition" ("id", "vocabulary_id", "sort_rank", "value") VALUES ('9d82c5fe-f046-5814-89d7-6f8c1fb5e3dd', 'b05a993b-f894-5720-a08d-031191ad57e5', 1, 'ground; land; territory');
INSERT INTO "vocabulary"."spelling" ("id", "vocabulary_id", "spelling_kind_code", "value") VALUES ('314aa49a-84e7-5a4a-91eb-5118fcd3a42a', 'b05a993b-f894-5720-a08d-031191ad57e5', 'KANJI', '地');
INSERT INTO "vocabulary"."spelling" ("id", "vocabulary_id", "spelling_kind_code", "value") VALUES ('ee5e37aa-bb1b-538e-bd6e-64c2b527ea57', 'b05a993b-f894-5720-a08d-031191ad57e5', 'HIRAGANA', 'ち');
INSERT INTO "vocabulary"."spelling" ("id", "vocabulary_id", "spelling_kind_code", "value") VALUES ('cf5ef057-1060-5af3-91a6-d8bd249a1fd4', 'b05a993b-f894-5720-a08d-031191ad57e5', 'KANJI', '地');
INSERT INTO "vocabulary"."linkages" ("vocabulary_id", "preferred_definition_id", "preferred_spelling_id", "phonetic_spelling_id", "alt_phonetic_spelling_id", "kanji_spelling_id", "conjugation_set_id") VALUES ('b05a993b-f894-5720-a08d-031191ad57e5', '9d82c5fe-f046-5814-89d7-6f8c1fb5e3dd', '314aa49a-84e7-5a4a-91eb-5118fcd3a42a', 'ee5e37aa-bb1b-538e-bd6e-64c2b527ea57', NULL, 'cf5ef057-1060-5af3-91a6-d8bd249a1fd4', NULL);
INSERT INTO "vocabulary"."reference" ("vocabulary_id", "lesson_code") VALUES ('b05a993b-f894-5720-a08d-031191ad57e5', 'LULI_KANJI_L01');
-- 北 | north --;
INSERT INTO "vocabulary"."vocabulary" ("id", "word_class_code", "conjugation_kind_code", "jlpt_level", "row_num", "tags", "date_added") VALUES ('11d88f21-b92c-524a-a750-e3b3eb5db233', 'NOUN', NULL, 5, 302, '{compass_direction}', '2022-08-15');
INSERT INTO "vocabulary"."definition" ("id", "vocabulary_id", "sort_rank", "value") VALUES ('e8fbd6a0-938a-5e2f-97b1-e7acf0bcd0dc', '11d88f21-b92c-524a-a750-e3b3eb5db233', 1, 'north');
INSERT INTO "vocabulary"."spelling" ("id", "vocabulary_id", "spelling_kind_code", "value") VALUES ('527f34ce-969b-57af-af76-8d0c84743f39', '11d88f21-b92c-524a-a750-e3b3eb5db233', 'KANJI', '北');
INSERT INTO "vocabulary"."spelling" ("id", "vocabulary_id", "spelling_kind_code", "value") VALUES ('36fa5dc2-c4b9-5417-836e-78c2c958d4fd', '11d88f21-b92c-524a-a750-e3b3eb5db233', 'HIRAGANA', 'きた');
INSERT INTO "vocabulary"."spelling" ("id", "vocabulary_id", "spelling_kind_code", "value") VALUES ('b96819a0-ce60-5897-8684-b3e4a766daba', '11d88f21-b92c-524a-a750-e3b3eb5db233', 'KANJI', '北');
INSERT INTO "vocabulary"."linkages" ("vocabulary_id", "preferred_definition_id", "preferred_spelling_id", "phonetic_spelling_id", "alt_phonetic_spelling_id", "kanji_spelling_id", "conjugation_set_id") VALUES ('11d88f21-b92c-524a-a750-e3b3eb5db233', 'e8fbd6a0-938a-5e2f-97b1-e7acf0bcd0dc', '527f34ce-969b-57af-af76-8d0c84743f39', '36fa5dc2-c4b9-5417-836e-78c2c958d4fd', NULL, 'b96819a0-ce60-5897-8684-b3e4a766daba', NULL);
INSERT INTO "vocabulary"."reference" ("vocabulary_id", "lesson_code") VALUES ('11d88f21-b92c-524a-a750-e3b3eb5db233', 'LULI_KANJI_L01');
-- 南 | south --;
INSERT INTO "vocabulary"."vocabulary" ("id", "word_class_code", "conjugation_kind_code", "jlpt_level", "row_num", "tags", "date_added") VALUES ('787954e6-c587-5148-afa9-69de0df5a195', 'NOUN', NULL, 5, 303, '{compass_direction}', '2022-08-15');
INSERT INTO "vocabulary"."definition" ("id", "vocabulary_id", "sort_rank", "value") VALUES ('7763c31d-a153-5264-81d6-deaa2fe866de', '787954e6-c587-5148-afa9-69de0df5a195', 1, 'south');
INSERT INTO "vocabulary"."spelling" ("id", "vocabulary_id", "spelling_kind_code", "value") VALUES ('55d2216e-0f91-5c49-b605-33d2b7f90e66', '787954e6-c587-5148-afa9-69de0df5a195', 'KANJI', '南');
INSERT INTO "vocabulary"."spelling" ("id", "vocabulary_id", "spelling_kind_code", "value") VALUES ('1ff9e713-f61b-5316-b5f7-1f1c4af9dbca', '787954e6-c587-5148-afa9-69de0df5a195', 'HIRAGANA', 'みなみ');
INSERT INTO "vocabulary"."spelling" ("id", "vocabulary_id", "spelling_kind_code", "value") VALUES ('20239a9a-63e5-5e02-b127-fa1bbe2944e7', '787954e6-c587-5148-afa9-69de0df5a195', 'KANJI', '南');
INSERT INTO "vocabulary"."linkages" ("vocabulary_id", "preferred_definition_id", "preferred_spelling_id", "phonetic_spelling_id", "alt_phonetic_spelling_id", "kanji_spelling_id", "conjugation_set_id") VALUES ('787954e6-c587-5148-afa9-69de0df5a195', '7763c31d-a153-5264-81d6-deaa2fe866de', '55d2216e-0f91-5c49-b605-33d2b7f90e66', '1ff9e713-f61b-5316-b5f7-1f1c4af9dbca', NULL, '20239a9a-63e5-5e02-b127-fa1bbe2944e7', NULL);
INSERT INTO "vocabulary"."reference" ("vocabulary_id", "lesson_code") VALUES ('787954e6-c587-5148-afa9-69de0df5a195', 'LULI_KANJI_L01');
-- 東 | east --;
INSERT INTO "vocabulary"."vocabulary" ("id", "word_class_code", "conjugation_kind_code", "jlpt_level", "row_num", "tags", "date_added") VALUES ('72e6a9e9-44f5-516c-9543-5c0754218c8e', 'NOUN', NULL, 5, 304, '{compass_direction}', '2022-08-15');
INSERT INTO "vocabulary"."definition" ("id", "vocabulary_id", "sort_rank", "value") VALUES ('4835e852-16aa-5190-bfb8-3c7ba125e660', '72e6a9e9-44f5-516c-9543-5c0754218c8e', 1, 'east');
INSERT INTO "vocabulary"."spelling" ("id", "vocabulary_id", "spelling_kind_code", "value") VALUES ('59a7bd71-82d3-580e-a033-defb3c3061fa', '72e6a9e9-44f5-516c-9543-5c0754218c8e', 'KANJI', '東');
INSERT INTO "vocabulary"."spelling" ("id", "vocabulary_id", "spelling_kind_code", "value") VALUES ('c12c33a8-82b0-5c70-8923-2c799269ca18', '72e6a9e9-44f5-516c-9543-5c0754218c8e', 'HIRAGANA', 'ひがし');
INSERT INTO "vocabulary"."spelling" ("id", "vocabulary_id", "spelling_kind_code", "value") VALUES ('0277dc1e-2b48-560d-a90a-18fbfe91181b', '72e6a9e9-44f5-516c-9543-5c0754218c8e', 'KANJI', '東');
INSERT INTO "vocabulary"."linkages" ("vocabulary_id", "preferred_definition_id", "preferred_spelling_id", "phonetic_spelling_id", "alt_phonetic_spelling_id", "kanji_spelling_id", "conjugation_set_id") VALUES ('72e6a9e9-44f5-516c-9543-5c0754218c8e', '4835e852-16aa-5190-bfb8-3c7ba125e660', '59a7bd71-82d3-580e-a033-defb3c3061fa', 'c12c33a8-82b0-5c70-8923-2c799269ca18', NULL, '0277dc1e-2b48-560d-a90a-18fbfe91181b', NULL);
INSERT INTO "vocabulary"."reference" ("vocabulary_id", "lesson_code") VALUES ('72e6a9e9-44f5-516c-9543-5c0754218c8e', 'LULI_KANJI_L01');
-- 西 | west --;
INSERT INTO "vocabulary"."vocabulary" ("id", "word_class_code", "conjugation_kind_code", "jlpt_level", "row_num", "tags", "date_added") VALUES ('f01992dc-39c8-5478-97f3-80052a1215f8', 'NOUN', NULL, 5, 305, '{compass_direction}', '2022-08-15');
INSERT INTO "vocabulary"."definition" ("id", "vocabulary_id", "sort_rank", "value") VALUES ('3fa8a616-2d6f-5c93-9531-3e93508cb51b', 'f01992dc-39c8-5478-97f3-80052a1215f8', 1, 'west');
INSERT INTO "vocabulary"."spelling" ("id", "vocabulary_id", "spelling_kind_code", "value") VALUES ('df9bf883-70fd-5c12-a8b6-7c55cf09ae61', 'f01992dc-39c8-5478-97f3-80052a1215f8', 'KANJI', '西');
INSERT INTO "vocabulary"."spelling" ("id", "vocabulary_id", "spelling_kind_code", "value") VALUES ('bf8e284c-3521-5b76-8c67-f4a3c4557775', 'f01992dc-39c8-5478-97f3-80052a1215f8', 'HIRAGANA', 'にし');
INSERT INTO "vocabulary"."spelling" ("id", "vocabulary_id", "spelling_kind_code", "value") VALUES ('914a6fff-79ba-58ac-b033-4f61d56cabef', 'f01992dc-39c8-5478-97f3-80052a1215f8', 'KANJI', '西');
INSERT INTO "vocabulary"."linkages" ("vocabulary_id", "preferred_definition_id", "preferred_spelling_id", "phonetic_spelling_id", "alt_phonetic_spelling_id", "kanji_spelling_id", "conjugation_set_id") VALUES ('f01992dc-39c8-5478-97f3-80052a1215f8', '3fa8a616-2d6f-5c93-9531-3e93508cb51b', 'df9bf883-70fd-5c12-a8b6-7c55cf09ae61', 'bf8e284c-3521-5b76-8c67-f4a3c4557775', NULL, '914a6fff-79ba-58ac-b033-4f61d56cabef', NULL);
INSERT INTO "vocabulary"."reference" ("vocabulary_id", "lesson_code") VALUES ('f01992dc-39c8-5478-97f3-80052a1215f8', 'LULI_KANJI_L01');
-- 木 | tree; shrub; bush --;
INSERT INTO "vocabulary"."vocabulary" ("id", "word_class_code", "conjugation_kind_code", "jlpt_level", "row_num", "tags", "date_added") VALUES ('fbd9dcaa-2454-526e-b8a1-4b4e68fed07a', 'NOUN', NULL, 5, 306, '{}', '2022-08-15');
INSERT INTO "vocabulary"."definition" ("id", "vocabulary_id", "sort_rank", "value") VALUES ('ada7e967-9bd9-5396-a85f-08bb1905b275', 'fbd9dcaa-2454-526e-b8a1-4b4e68fed07a', 1, 'tree; shrub; bush');
INSERT INTO "vocabulary"."spelling" ("id", "vocabulary_id", "spelling_kind_code", "value") VALUES ('dfd2d60c-d26f-5250-a83a-6d8b75cc9c9b', 'fbd9dcaa-2454-526e-b8a1-4b4e68fed07a', 'KANJI', '木');
INSERT INTO "vocabulary"."spelling" ("id", "vocabulary_id", "spelling_kind_code", "value") VALUES ('c3931dcb-e8c0-50dd-b7c4-2732ee6807cb', 'fbd9dcaa-2454-526e-b8a1-4b4e68fed07a', 'HIRAGANA', 'き');
INSERT INTO "vocabulary"."spelling" ("id", "vocabulary_id", "spelling_kind_code", "value") VALUES ('dc018085-47de-5346-9957-3a88a9daa1e2', 'fbd9dcaa-2454-526e-b8a1-4b4e68fed07a', 'KANJI', '木');
INSERT INTO "vocabulary"."linkages" ("vocabulary_id", "preferred_definition_id", "preferred_spelling_id", "phonetic_spelling_id", "alt_phonetic_spelling_id", "kanji_spelling_id", "conjugation_set_id") VALUES ('fbd9dcaa-2454-526e-b8a1-4b4e68fed07a', 'ada7e967-9bd9-5396-a85f-08bb1905b275', 'dfd2d60c-d26f-5250-a83a-6d8b75cc9c9b', 'c3931dcb-e8c0-50dd-b7c4-2732ee6807cb', NULL, 'dc018085-47de-5346-9957-3a88a9daa1e2', NULL);
INSERT INTO "vocabulary"."reference" ("vocabulary_id", "lesson_code") VALUES ('fbd9dcaa-2454-526e-b8a1-4b4e68fed07a', 'LULI_KANJI_L01');
-- 田 | rice field --;
INSERT INTO "vocabulary"."vocabulary" ("id", "word_class_code", "conjugation_kind_code", "jlpt_level", "row_num", "tags", "date_added") VALUES ('5fbad03e-b5f7-51ea-998a-d8e68b87a332', 'NOUN', NULL, 3, 307, '{}', '2022-08-15');
INSERT INTO "vocabulary"."definition" ("id", "vocabulary_id", "sort_rank", "value") VALUES ('90391cef-f3c1-57d0-93f6-94d481a2ec53', '5fbad03e-b5f7-51ea-998a-d8e68b87a332', 1, 'rice field');
INSERT INTO "vocabulary"."spelling" ("id", "vocabulary_id", "spelling_kind_code", "value") VALUES ('28ec885b-7997-555d-8aec-1a1b323849bc', '5fbad03e-b5f7-51ea-998a-d8e68b87a332', 'KANJI', '田');
INSERT INTO "vocabulary"."spelling" ("id", "vocabulary_id", "spelling_kind_code", "value") VALUES ('b4aefdb4-dbcb-5537-8f34-3a60f4446460', '5fbad03e-b5f7-51ea-998a-d8e68b87a332', 'HIRAGANA', 'た');
INSERT INTO "vocabulary"."spelling" ("id", "vocabulary_id", "spelling_kind_code", "value") VALUES ('f8aa6833-5ac2-53a0-be12-37fe5a0a786d', '5fbad03e-b5f7-51ea-998a-d8e68b87a332', 'KANJI', '田');
INSERT INTO "vocabulary"."linkages" ("vocabulary_id", "preferred_definition_id", "preferred_spelling_id", "phonetic_spelling_id", "alt_phonetic_spelling_id", "kanji_spelling_id", "conjugation_set_id") VALUES ('5fbad03e-b5f7-51ea-998a-d8e68b87a332', '90391cef-f3c1-57d0-93f6-94d481a2ec53', '28ec885b-7997-555d-8aec-1a1b323849bc', 'b4aefdb4-dbcb-5537-8f34-3a60f4446460', NULL, 'f8aa6833-5ac2-53a0-be12-37fe5a0a786d', NULL);
INSERT INTO "vocabulary"."reference" ("vocabulary_id", "lesson_code") VALUES ('5fbad03e-b5f7-51ea-998a-d8e68b87a332', 'LULI_KANJI_L01');
-- 桜 | cherry tree; cherry blossom --;
INSERT INTO "vocabulary"."vocabulary" ("id", "word_class_code", "conjugation_kind_code", "jlpt_level", "row_num", "tags", "date_added") VALUES ('4769746e-d143-5e87-bfe8-841622ac2659', 'NOUN', NULL, 3, 308, '{}', '2022-08-31');
INSERT INTO "vocabulary"."definition" ("id", "vocabulary_id", "sort_rank", "value") VALUES ('5ba92235-2134-5ff0-93f1-8676cf11cbc6', '4769746e-d143-5e87-bfe8-841622ac2659', 1, 'cherry tree; cherry blossom');
INSERT INTO "vocabulary"."spelling" ("id", "vocabulary_id", "spelling_kind_code", "value") VALUES ('e218813e-36f2-53f3-a32e-5ba2b72890c7', '4769746e-d143-5e87-bfe8-841622ac2659', 'KANJI', '桜');
INSERT INTO "vocabulary"."spelling" ("id", "vocabulary_id", "spelling_kind_code", "value") VALUES ('15ebfde8-b925-5710-8c4c-7e43a6f86316', '4769746e-d143-5e87-bfe8-841622ac2659', 'HIRAGANA', 'さくら');
INSERT INTO "vocabulary"."spelling" ("id", "vocabulary_id", "spelling_kind_code", "value") VALUES ('506f0e42-5180-5919-bebe-41b6c54d5874', '4769746e-d143-5e87-bfe8-841622ac2659', 'KANJI', '桜');
INSERT INTO "vocabulary"."linkages" ("vocabulary_id", "preferred_definition_id", "preferred_spelling_id", "phonetic_spelling_id", "alt_phonetic_spelling_id", "kanji_spelling_id", "conjugation_set_id") VALUES ('4769746e-d143-5e87-bfe8-841622ac2659', '5ba92235-2134-5ff0-93f1-8676cf11cbc6', 'e218813e-36f2-53f3-a32e-5ba2b72890c7', '15ebfde8-b925-5710-8c4c-7e43a6f86316', NULL, '506f0e42-5180-5919-bebe-41b6c54d5874', NULL);
-- 欲しい | want --;
INSERT INTO "vocabulary"."vocabulary" ("id", "word_class_code", "conjugation_kind_code", "jlpt_level", "row_num", "tags", "date_added") VALUES ('39007001-a5bd-5f32-b00a-41b88d6dcb04', 'ADJECTIVE', 'I_ADJECTIVE', 5, 309, '{}', '2022-08-12');
INSERT INTO "vocabulary"."definition" ("id", "vocabulary_id", "sort_rank", "value") VALUES ('f94effac-36db-572f-829b-2e365544a257', '39007001-a5bd-5f32-b00a-41b88d6dcb04', 1, 'want');
INSERT INTO "vocabulary"."spelling" ("id", "vocabulary_id", "spelling_kind_code", "value") VALUES ('03029f6b-a8cd-5061-b100-1b51381400ed', '39007001-a5bd-5f32-b00a-41b88d6dcb04', 'KANJI', '欲しい');
INSERT INTO "vocabulary"."spelling" ("id", "vocabulary_id", "spelling_kind_code", "value") VALUES ('690ece58-6a86-5776-b979-1265b467c8d7', '39007001-a5bd-5f32-b00a-41b88d6dcb04', 'HIRAGANA', 'ほしい');
INSERT INTO "vocabulary"."spelling" ("id", "vocabulary_id", "spelling_kind_code", "value") VALUES ('38be16e6-13ce-57dd-95d8-f75a0a0d4319', '39007001-a5bd-5f32-b00a-41b88d6dcb04', 'KANJI', '欲しい');
INSERT INTO "vocabulary"."conjugation_set" ("id", "vocabulary_id") VALUES ('e29d8184-0d91-5b9e-a978-1f2ad85b071e', '39007001-a5bd-5f32-b00a-41b88d6dcb04');
INSERT INTO "vocabulary"."linkages" ("vocabulary_id", "preferred_definition_id", "preferred_spelling_id", "phonetic_spelling_id", "alt_phonetic_spelling_id", "kanji_spelling_id", "conjugation_set_id") VALUES ('39007001-a5bd-5f32-b00a-41b88d6dcb04', 'f94effac-36db-572f-829b-2e365544a257', '03029f6b-a8cd-5061-b100-1b51381400ed', '690ece58-6a86-5776-b979-1265b467c8d7', NULL, '38be16e6-13ce-57dd-95d8-f75a0a0d4319', 'e29d8184-0d91-5b9e-a978-1f2ad85b071e');
INSERT INTO "vocabulary"."reference" ("vocabulary_id", "lesson_code") VALUES ('39007001-a5bd-5f32-b00a-41b88d6dcb04', 'DUO_01_02');
INSERT INTO "vocabulary"."reference" ("vocabulary_id", "lesson_code") VALUES ('39007001-a5bd-5f32-b00a-41b88d6dcb04', 'DUO_U01');
INSERT INTO "vocabulary"."conjugation" ("id", "conjugation_set_id", "politeness_code", "charge_code", "form_code", "sort_rank", "value") VALUES ('df6c1a15-510e-5bbe-aeda-d61b8a0154b9', 'e29d8184-0d91-5b9e-a978-1f2ad85b071e', 'PLAIN', 'POSITIVE', 'PRESENT', 1, '欲しい');
INSERT INTO "vocabulary"."conjugation" ("id", "conjugation_set_id", "politeness_code", "charge_code", "form_code", "sort_rank", "value") VALUES ('71ff5fb3-a32f-55bb-96cd-607701445781', 'e29d8184-0d91-5b9e-a978-1f2ad85b071e', 'PLAIN', 'POSITIVE', 'PAST', 1, '欲しかった');
INSERT INTO "vocabulary"."conjugation" ("id", "conjugation_set_id", "politeness_code", "charge_code", "form_code", "sort_rank", "value") VALUES ('bcea8067-14e8-5910-a420-bbde13deb87e', 'e29d8184-0d91-5b9e-a978-1f2ad85b071e', 'PLAIN', 'NEGATIVE', 'PRESENT', 1, '欲しくない');
INSERT INTO "vocabulary"."conjugation" ("id", "conjugation_set_id", "politeness_code", "charge_code", "form_code", "sort_rank", "value") VALUES ('cdd28782-05ec-55ed-93b2-c2abce73128a', 'e29d8184-0d91-5b9e-a978-1f2ad85b071e', 'PLAIN', 'NEGATIVE', 'PAST', 1, '欲しくなかった');
-- 甘い | sweet --;
INSERT INTO "vocabulary"."vocabulary" ("id", "word_class_code", "conjugation_kind_code", "jlpt_level", "row_num", "tags", "date_added") VALUES ('d296367e-4c7b-5675-9477-ef164a14186d', 'ADJECTIVE', 'I_ADJECTIVE', 5, 310, '{food}', '2022-08-12');
INSERT INTO "vocabulary"."definition" ("id", "vocabulary_id", "sort_rank", "value") VALUES ('35946033-e15b-575a-a2a9-a5cf1dab12f7', 'd296367e-4c7b-5675-9477-ef164a14186d', 1, 'sweet');
INSERT INTO "vocabulary"."spelling" ("id", "vocabulary_id", "spelling_kind_code", "value") VALUES ('5873a428-1050-52a4-b0a8-85591c952d8e', 'd296367e-4c7b-5675-9477-ef164a14186d', 'KANJI', '甘い');
INSERT INTO "vocabulary"."spelling" ("id", "vocabulary_id", "spelling_kind_code", "value") VALUES ('4590dbae-cb34-541b-ba71-57cf32c2839b', 'd296367e-4c7b-5675-9477-ef164a14186d', 'HIRAGANA', 'あまい');
INSERT INTO "vocabulary"."spelling" ("id", "vocabulary_id", "spelling_kind_code", "value") VALUES ('96a2e6db-e38c-56e6-b119-296fa6dae4d0', 'd296367e-4c7b-5675-9477-ef164a14186d', 'KANJI', '甘い');
INSERT INTO "vocabulary"."conjugation_set" ("id", "vocabulary_id") VALUES ('91c405b0-966b-52c4-8af0-2df64348f9ee', 'd296367e-4c7b-5675-9477-ef164a14186d');
INSERT INTO "vocabulary"."linkages" ("vocabulary_id", "preferred_definition_id", "preferred_spelling_id", "phonetic_spelling_id", "alt_phonetic_spelling_id", "kanji_spelling_id", "conjugation_set_id") VALUES ('d296367e-4c7b-5675-9477-ef164a14186d', '35946033-e15b-575a-a2a9-a5cf1dab12f7', '5873a428-1050-52a4-b0a8-85591c952d8e', '4590dbae-cb34-541b-ba71-57cf32c2839b', NULL, '96a2e6db-e38c-56e6-b119-296fa6dae4d0', '91c405b0-966b-52c4-8af0-2df64348f9ee');
INSERT INTO "vocabulary"."reference" ("vocabulary_id", "lesson_code") VALUES ('d296367e-4c7b-5675-9477-ef164a14186d', 'DUO_01_02');
INSERT INTO "vocabulary"."reference" ("vocabulary_id", "lesson_code") VALUES ('d296367e-4c7b-5675-9477-ef164a14186d', 'DUO_U01');
INSERT INTO "vocabulary"."conjugation" ("id", "conjugation_set_id", "politeness_code", "charge_code", "form_code", "sort_rank", "value") VALUES ('b9fb55e5-2dcb-5dda-b084-b011f0a389cc', '91c405b0-966b-52c4-8af0-2df64348f9ee', 'PLAIN', 'POSITIVE', 'PRESENT', 1, '甘い');
INSERT INTO "vocabulary"."conjugation" ("id", "conjugation_set_id", "politeness_code", "charge_code", "form_code", "sort_rank", "value") VALUES ('c5a11ad7-d49a-55ae-8952-59c782934a7d', '91c405b0-966b-52c4-8af0-2df64348f9ee', 'PLAIN', 'POSITIVE', 'PAST', 1, '甘かった');
INSERT INTO "vocabulary"."conjugation" ("id", "conjugation_set_id", "politeness_code", "charge_code", "form_code", "sort_rank", "value") VALUES ('05b1b597-6c1b-5cf6-8e19-48713e7a05f7', '91c405b0-966b-52c4-8af0-2df64348f9ee', 'PLAIN', 'NEGATIVE', 'PRESENT', 1, '甘くない');
INSERT INTO "vocabulary"."conjugation" ("id", "conjugation_set_id", "politeness_code", "charge_code", "form_code", "sort_rank", "value") VALUES ('c7c30cd8-a551-57ac-81ae-faab3c6a8a5d', '91c405b0-966b-52c4-8af0-2df64348f9ee', 'PLAIN', 'NEGATIVE', 'PAST', 1, '甘くなかった');
-- 汚い | dirty --;
INSERT INTO "vocabulary"."vocabulary" ("id", "word_class_code", "conjugation_kind_code", "jlpt_level", "row_num", "tags", "date_added") VALUES ('a135ce08-66bb-5864-803a-134a43cd833b', 'ADJECTIVE', 'I_ADJECTIVE', 5, 311, '{}', '2022-08-12');
INSERT INTO "vocabulary"."definition" ("id", "vocabulary_id", "sort_rank", "value") VALUES ('f353a481-dbca-5ba4-a417-babf4292b6ec', 'a135ce08-66bb-5864-803a-134a43cd833b', 1, 'dirty');
INSERT INTO "vocabulary"."spelling" ("id", "vocabulary_id", "spelling_kind_code", "value") VALUES ('b3e91900-e87c-5e5c-9d1a-41c9289f3cd0', 'a135ce08-66bb-5864-803a-134a43cd833b', 'KANJI', '汚い');
INSERT INTO "vocabulary"."spelling" ("id", "vocabulary_id", "spelling_kind_code", "value") VALUES ('f034994b-919f-5667-a3f8-24a23cbc8cda', 'a135ce08-66bb-5864-803a-134a43cd833b', 'HIRAGANA', 'きたない');
INSERT INTO "vocabulary"."spelling" ("id", "vocabulary_id", "spelling_kind_code", "value") VALUES ('8dcce11f-d52e-555b-b21f-a0415746c01e', 'a135ce08-66bb-5864-803a-134a43cd833b', 'KANJI', '汚い');
INSERT INTO "vocabulary"."conjugation_set" ("id", "vocabulary_id") VALUES ('9ad0741e-6157-58a7-9e52-8eb633d60de3', 'a135ce08-66bb-5864-803a-134a43cd833b');
INSERT INTO "vocabulary"."linkages" ("vocabulary_id", "preferred_definition_id", "preferred_spelling_id", "phonetic_spelling_id", "alt_phonetic_spelling_id", "kanji_spelling_id", "conjugation_set_id") VALUES ('a135ce08-66bb-5864-803a-134a43cd833b', 'f353a481-dbca-5ba4-a417-babf4292b6ec', 'b3e91900-e87c-5e5c-9d1a-41c9289f3cd0', 'f034994b-919f-5667-a3f8-24a23cbc8cda', NULL, '8dcce11f-d52e-555b-b21f-a0415746c01e', '9ad0741e-6157-58a7-9e52-8eb633d60de3');
INSERT INTO "vocabulary"."reference" ("vocabulary_id", "lesson_code") VALUES ('a135ce08-66bb-5864-803a-134a43cd833b', 'DUO_01_02');
INSERT INTO "vocabulary"."reference" ("vocabulary_id", "lesson_code") VALUES ('a135ce08-66bb-5864-803a-134a43cd833b', 'DUO_U01');
INSERT INTO "vocabulary"."conjugation" ("id", "conjugation_set_id", "politeness_code", "charge_code", "form_code", "sort_rank", "value") VALUES ('881f53c6-1c80-5cb1-8a3c-a1cf5e10aef1', '9ad0741e-6157-58a7-9e52-8eb633d60de3', 'PLAIN', 'POSITIVE', 'PRESENT', 1, '汚い');
INSERT INTO "vocabulary"."conjugation" ("id", "conjugation_set_id", "politeness_code", "charge_code", "form_code", "sort_rank", "value") VALUES ('731438e4-8a83-56ea-b3ba-10b2ddf4266b', '9ad0741e-6157-58a7-9e52-8eb633d60de3', 'PLAIN', 'POSITIVE', 'PAST', 1, '汚かった');
INSERT INTO "vocabulary"."conjugation" ("id", "conjugation_set_id", "politeness_code", "charge_code", "form_code", "sort_rank", "value") VALUES ('d6b9dfa9-270b-5bcc-a79a-d766445e7cfa', '9ad0741e-6157-58a7-9e52-8eb633d60de3', 'PLAIN', 'NEGATIVE', 'PRESENT', 1, '汚くない');
INSERT INTO "vocabulary"."conjugation" ("id", "conjugation_set_id", "politeness_code", "charge_code", "form_code", "sort_rank", "value") VALUES ('d9b21dd6-b44b-57f4-a2b9-03b160d17bd3', '9ad0741e-6157-58a7-9e52-8eb633d60de3', 'PLAIN', 'NEGATIVE', 'PAST', 1, '汚くなかった');
-- 寿司 | sushi --;
INSERT INTO "vocabulary"."vocabulary" ("id", "word_class_code", "conjugation_kind_code", "jlpt_level", "row_num", "tags", "date_added") VALUES ('b0b557a1-615d-53a4-acdc-768151964aa5', 'NOUN', NULL, NULL, 312, '{food}', '2022-08-12');
INSERT INTO "vocabulary"."definition" ("id", "vocabulary_id", "sort_rank", "value") VALUES ('9fa2942c-25fe-5f69-bf99-dc27a93f46fc', 'b0b557a1-615d-53a4-acdc-768151964aa5', 1, 'sushi');
INSERT INTO "vocabulary"."spelling" ("id", "vocabulary_id", "spelling_kind_code", "value") VALUES ('58403d9a-604e-57d2-8d10-13f1846c3b35', 'b0b557a1-615d-53a4-acdc-768151964aa5', 'KANJI', '寿司');
INSERT INTO "vocabulary"."spelling" ("id", "vocabulary_id", "spelling_kind_code", "value") VALUES ('993ae97e-6a24-51f9-b0f6-d1a038e200b1', 'b0b557a1-615d-53a4-acdc-768151964aa5', 'HIRAGANA', 'すし');
INSERT INTO "vocabulary"."spelling" ("id", "vocabulary_id", "spelling_kind_code", "value") VALUES ('4a2bde67-3f48-5030-8625-f37e12dc35e6', 'b0b557a1-615d-53a4-acdc-768151964aa5', 'KANJI', '寿司');
INSERT INTO "vocabulary"."linkages" ("vocabulary_id", "preferred_definition_id", "preferred_spelling_id", "phonetic_spelling_id", "alt_phonetic_spelling_id", "kanji_spelling_id", "conjugation_set_id") VALUES ('b0b557a1-615d-53a4-acdc-768151964aa5', '9fa2942c-25fe-5f69-bf99-dc27a93f46fc', '58403d9a-604e-57d2-8d10-13f1846c3b35', '993ae97e-6a24-51f9-b0f6-d1a038e200b1', NULL, '4a2bde67-3f48-5030-8625-f37e12dc35e6', NULL);
INSERT INTO "vocabulary"."reference" ("vocabulary_id", "lesson_code") VALUES ('b0b557a1-615d-53a4-acdc-768151964aa5', 'DUO_01_02');
INSERT INTO "vocabulary"."reference" ("vocabulary_id", "lesson_code") VALUES ('b0b557a1-615d-53a4-acdc-768151964aa5', 'DUO_U01');
-- 刺身 | sashimi --;
INSERT INTO "vocabulary"."vocabulary" ("id", "word_class_code", "conjugation_kind_code", "jlpt_level", "row_num", "tags", "date_added") VALUES ('b39de966-5af7-5bec-a79b-2c72f8c7e4f9', 'NOUN', NULL, 2, 313, '{food}', '2022-08-12');
INSERT INTO "vocabulary"."definition" ("id", "vocabulary_id", "sort_rank", "value") VALUES ('c44b3e98-58a0-5db8-89f1-72ea99af41d9', 'b39de966-5af7-5bec-a79b-2c72f8c7e4f9', 1, 'sashimi');
INSERT INTO "vocabulary"."spelling" ("id", "vocabulary_id", "spelling_kind_code", "value") VALUES ('91646064-650a-55a2-bfe0-9c31ca56471d', 'b39de966-5af7-5bec-a79b-2c72f8c7e4f9', 'KANJI', '刺身');
INSERT INTO "vocabulary"."spelling" ("id", "vocabulary_id", "spelling_kind_code", "value") VALUES ('6d624c7e-4d8a-5bf0-9307-7e5fa4c7ee56', 'b39de966-5af7-5bec-a79b-2c72f8c7e4f9', 'HIRAGANA', 'さしみ');
INSERT INTO "vocabulary"."spelling" ("id", "vocabulary_id", "spelling_kind_code", "value") VALUES ('b97313d7-10a2-5d38-9dbf-84d46f98623c', 'b39de966-5af7-5bec-a79b-2c72f8c7e4f9', 'KANJI', '刺身');
INSERT INTO "vocabulary"."linkages" ("vocabulary_id", "preferred_definition_id", "preferred_spelling_id", "phonetic_spelling_id", "alt_phonetic_spelling_id", "kanji_spelling_id", "conjugation_set_id") VALUES ('b39de966-5af7-5bec-a79b-2c72f8c7e4f9', 'c44b3e98-58a0-5db8-89f1-72ea99af41d9', '91646064-650a-55a2-bfe0-9c31ca56471d', '6d624c7e-4d8a-5bf0-9307-7e5fa4c7ee56', NULL, 'b97313d7-10a2-5d38-9dbf-84d46f98623c', NULL);
-- わさび | wasabi --;
INSERT INTO "vocabulary"."vocabulary" ("id", "word_class_code", "conjugation_kind_code", "jlpt_level", "row_num", "tags", "date_added") VALUES ('aea7b65d-8e51-5d8b-97f3-72b3c010afcb', 'NOUN', NULL, NULL, 314, '{food}', '2022-08-12');
INSERT INTO "vocabulary"."definition" ("id", "vocabulary_id", "sort_rank", "value") VALUES ('007d3396-5c07-5e29-8abb-03b9859d3db5', 'aea7b65d-8e51-5d8b-97f3-72b3c010afcb', 1, 'wasabi');
INSERT INTO "vocabulary"."spelling" ("id", "vocabulary_id", "spelling_kind_code", "value") VALUES ('43dce41c-4e6a-5d9a-bb89-a9621672ccfb', 'aea7b65d-8e51-5d8b-97f3-72b3c010afcb', 'HIRAGANA', 'わさび');
INSERT INTO "vocabulary"."spelling" ("id", "vocabulary_id", "spelling_kind_code", "value") VALUES ('f188f26d-7835-5fa8-99a9-58a4fe3d56c5', 'aea7b65d-8e51-5d8b-97f3-72b3c010afcb', 'HIRAGANA', 'わさび');
INSERT INTO "vocabulary"."spelling" ("id", "vocabulary_id", "spelling_kind_code", "value") VALUES ('815047b9-c48f-5a54-b815-84352c24e378', 'aea7b65d-8e51-5d8b-97f3-72b3c010afcb', 'KANJI', '山葵');
INSERT INTO "vocabulary"."linkages" ("vocabulary_id", "preferred_definition_id", "preferred_spelling_id", "phonetic_spelling_id", "alt_phonetic_spelling_id", "kanji_spelling_id", "conjugation_set_id") VALUES ('aea7b65d-8e51-5d8b-97f3-72b3c010afcb', '007d3396-5c07-5e29-8abb-03b9859d3db5', '43dce41c-4e6a-5d9a-bb89-a9621672ccfb', 'f188f26d-7835-5fa8-99a9-58a4fe3d56c5', NULL, '815047b9-c48f-5a54-b815-84352c24e378', NULL);
-- マグロ | tuna; bluefin --;
INSERT INTO "vocabulary"."vocabulary" ("id", "word_class_code", "conjugation_kind_code", "jlpt_level", "row_num", "tags", "date_added") VALUES ('413b74af-f988-52c9-ad64-165507510443', 'NOUN', NULL, NULL, 315, '{food}', '2022-08-12');
INSERT INTO "vocabulary"."definition" ("id", "vocabulary_id", "sort_rank", "value") VALUES ('b2912062-ebfc-5581-ad63-1d6a4deda44b', '413b74af-f988-52c9-ad64-165507510443', 1, 'tuna; bluefin');
INSERT INTO "vocabulary"."spelling" ("id", "vocabulary_id", "spelling_kind_code", "value") VALUES ('089bf349-d3e7-505f-a34c-207e50a0041d', '413b74af-f988-52c9-ad64-165507510443', 'KATAKANA', 'マグロ');
INSERT INTO "vocabulary"."spelling" ("id", "vocabulary_id", "spelling_kind_code", "value") VALUES ('68bdade0-36c8-5778-98f5-de81ce6bb373', '413b74af-f988-52c9-ad64-165507510443', 'HIRAGANA', 'まぐろ');
INSERT INTO "vocabulary"."linkages" ("vocabulary_id", "preferred_definition_id", "preferred_spelling_id", "phonetic_spelling_id", "alt_phonetic_spelling_id", "kanji_spelling_id", "conjugation_set_id") VALUES ('413b74af-f988-52c9-ad64-165507510443', 'b2912062-ebfc-5581-ad63-1d6a4deda44b', '089bf349-d3e7-505f-a34c-207e50a0041d', '68bdade0-36c8-5778-98f5-de81ce6bb373', NULL, NULL, NULL);
-- うなぎ | eel --;
INSERT INTO "vocabulary"."vocabulary" ("id", "word_class_code", "conjugation_kind_code", "jlpt_level", "row_num", "tags", "date_added") VALUES ('70d02a0a-cd4d-5e2c-bb76-a042c9211b78', 'NOUN', NULL, NULL, 316, '{animal,food}', '2022-08-12');
INSERT INTO "vocabulary"."definition" ("id", "vocabulary_id", "sort_rank", "value") VALUES ('fd6ff4d4-4cf3-5466-8626-69909ecd9054', '70d02a0a-cd4d-5e2c-bb76-a042c9211b78', 1, 'eel');
INSERT INTO "vocabulary"."spelling" ("id", "vocabulary_id", "spelling_kind_code", "value") VALUES ('58ff0aa4-19c8-5826-ac33-f37e316cfb4d', '70d02a0a-cd4d-5e2c-bb76-a042c9211b78', 'HIRAGANA', 'うなぎ');
INSERT INTO "vocabulary"."spelling" ("id", "vocabulary_id", "spelling_kind_code", "value") VALUES ('3e8d6fc1-32f9-5f02-bcba-d6de25c2ab19', '70d02a0a-cd4d-5e2c-bb76-a042c9211b78', 'HIRAGANA', 'うなぎ');
INSERT INTO "vocabulary"."spelling" ("id", "vocabulary_id", "spelling_kind_code", "value") VALUES ('78f77962-7cb2-583e-8985-6018e70f8ee1', '70d02a0a-cd4d-5e2c-bb76-a042c9211b78', 'KANJI', '鰻');
INSERT INTO "vocabulary"."linkages" ("vocabulary_id", "preferred_definition_id", "preferred_spelling_id", "phonetic_spelling_id", "alt_phonetic_spelling_id", "kanji_spelling_id", "conjugation_set_id") VALUES ('70d02a0a-cd4d-5e2c-bb76-a042c9211b78', 'fd6ff4d4-4cf3-5466-8626-69909ecd9054', '58ff0aa4-19c8-5826-ac33-f37e316cfb4d', '3e8d6fc1-32f9-5f02-bcba-d6de25c2ab19', NULL, '78f77962-7cb2-583e-8985-6018e70f8ee1', NULL);
-- 耳 | ear --;
INSERT INTO "vocabulary"."vocabulary" ("id", "word_class_code", "conjugation_kind_code", "jlpt_level", "row_num", "tags", "date_added") VALUES ('fcb92bf6-7f59-59fd-863a-7aa2762f640d', 'NOUN', NULL, 5, 317, '{body}', '2022-08-12');
INSERT INTO "vocabulary"."definition" ("id", "vocabulary_id", "sort_rank", "value") VALUES ('568d1f34-88d3-5e0c-9b88-a3049174d016', 'fcb92bf6-7f59-59fd-863a-7aa2762f640d', 1, 'ear');
INSERT INTO "vocabulary"."spelling" ("id", "vocabulary_id", "spelling_kind_code", "value") VALUES ('68bcb5c9-d790-52ba-bd35-bc0ad90a66c3', 'fcb92bf6-7f59-59fd-863a-7aa2762f640d', 'KANJI', '耳');
INSERT INTO "vocabulary"."spelling" ("id", "vocabulary_id", "spelling_kind_code", "value") VALUES ('99367cce-6faa-582c-a8d7-d9955aede73e', 'fcb92bf6-7f59-59fd-863a-7aa2762f640d', 'HIRAGANA', 'みみ');
INSERT INTO "vocabulary"."spelling" ("id", "vocabulary_id", "spelling_kind_code", "value") VALUES ('28a5df0f-43a3-503e-8102-839a343959e1', 'fcb92bf6-7f59-59fd-863a-7aa2762f640d', 'KANJI', '耳');
INSERT INTO "vocabulary"."linkages" ("vocabulary_id", "preferred_definition_id", "preferred_spelling_id", "phonetic_spelling_id", "alt_phonetic_spelling_id", "kanji_spelling_id", "conjugation_set_id") VALUES ('fcb92bf6-7f59-59fd-863a-7aa2762f640d', '568d1f34-88d3-5e0c-9b88-a3049174d016', '68bcb5c9-d790-52ba-bd35-bc0ad90a66c3', '99367cce-6faa-582c-a8d7-d9955aede73e', NULL, '28a5df0f-43a3-503e-8102-839a343959e1', NULL);
INSERT INTO "vocabulary"."reference" ("vocabulary_id", "lesson_code") VALUES ('fcb92bf6-7f59-59fd-863a-7aa2762f640d', 'DUO_01_03');
INSERT INTO "vocabulary"."reference" ("vocabulary_id", "lesson_code") VALUES ('fcb92bf6-7f59-59fd-863a-7aa2762f640d', 'DUO_U02');
INSERT INTO "vocabulary"."reference" ("vocabulary_id", "lesson_code") VALUES ('fcb92bf6-7f59-59fd-863a-7aa2762f640d', 'LULI_KANJI_L01');
-- 目 | eye --;
INSERT INTO "vocabulary"."vocabulary" ("id", "word_class_code", "conjugation_kind_code", "jlpt_level", "row_num", "tags", "date_added") VALUES ('08a92e33-466f-588d-b364-19981156b72f', 'NOUN', NULL, 5, 318, '{body}', '2022-08-12');
INSERT INTO "vocabulary"."definition" ("id", "vocabulary_id", "sort_rank", "value") VALUES ('4b1740c4-35ec-551f-9ffc-4d3d44422307', '08a92e33-466f-588d-b364-19981156b72f', 1, 'eye');
INSERT INTO "vocabulary"."spelling" ("id", "vocabulary_id", "spelling_kind_code", "value") VALUES ('2926da02-9a89-5c68-a096-f3bccf4e4245', '08a92e33-466f-588d-b364-19981156b72f', 'KANJI', '目');
INSERT INTO "vocabulary"."spelling" ("id", "vocabulary_id", "spelling_kind_code", "value") VALUES ('cd50a893-754d-5774-8a5c-d46c97031749', '08a92e33-466f-588d-b364-19981156b72f', 'HIRAGANA', 'め');
INSERT INTO "vocabulary"."spelling" ("id", "vocabulary_id", "spelling_kind_code", "value") VALUES ('108f46bd-7b3e-5282-9887-3ddace05ca66', '08a92e33-466f-588d-b364-19981156b72f', 'KANJI', '目');
INSERT INTO "vocabulary"."linkages" ("vocabulary_id", "preferred_definition_id", "preferred_spelling_id", "phonetic_spelling_id", "alt_phonetic_spelling_id", "kanji_spelling_id", "conjugation_set_id") VALUES ('08a92e33-466f-588d-b364-19981156b72f', '4b1740c4-35ec-551f-9ffc-4d3d44422307', '2926da02-9a89-5c68-a096-f3bccf4e4245', 'cd50a893-754d-5774-8a5c-d46c97031749', NULL, '108f46bd-7b3e-5282-9887-3ddace05ca66', NULL);
INSERT INTO "vocabulary"."reference" ("vocabulary_id", "lesson_code") VALUES ('08a92e33-466f-588d-b364-19981156b72f', 'DUO_01_03');
INSERT INTO "vocabulary"."reference" ("vocabulary_id", "lesson_code") VALUES ('08a92e33-466f-588d-b364-19981156b72f', 'DUO_U02');
INSERT INTO "vocabulary"."reference" ("vocabulary_id", "lesson_code") VALUES ('08a92e33-466f-588d-b364-19981156b72f', 'GENKI3_L07');
INSERT INTO "vocabulary"."reference" ("vocabulary_id", "lesson_code") VALUES ('08a92e33-466f-588d-b364-19981156b72f', 'LULI_KANJI_L01');
-- 口 | mouth --;
INSERT INTO "vocabulary"."vocabulary" ("id", "word_class_code", "conjugation_kind_code", "jlpt_level", "row_num", "tags", "date_added") VALUES ('78b70b1a-bd80-521c-94a9-0dec45988921', 'NOUN', NULL, 5, 319, '{body}', '2022-08-17');
INSERT INTO "vocabulary"."definition" ("id", "vocabulary_id", "sort_rank", "value") VALUES ('b6bc7f01-575a-5c16-b78a-d01202eeef00', '78b70b1a-bd80-521c-94a9-0dec45988921', 1, 'mouth');
INSERT INTO "vocabulary"."spelling" ("id", "vocabulary_id", "spelling_kind_code", "value") VALUES ('a1291179-8969-52c5-8e69-f585a9f27553', '78b70b1a-bd80-521c-94a9-0dec45988921', 'KANJI', '口');
INSERT INTO "vocabulary"."spelling" ("id", "vocabulary_id", "spelling_kind_code", "value") VALUES ('b9599abd-044d-53e2-bb75-1dfc88d8ac27', '78b70b1a-bd80-521c-94a9-0dec45988921', 'HIRAGANA', 'くち');
INSERT INTO "vocabulary"."spelling" ("id", "vocabulary_id", "spelling_kind_code", "value") VALUES ('92105f15-b991-5a56-b27b-999652082f0c', '78b70b1a-bd80-521c-94a9-0dec45988921', 'KANJI', '口');
INSERT INTO "vocabulary"."linkages" ("vocabulary_id", "preferred_definition_id", "preferred_spelling_id", "phonetic_spelling_id", "alt_phonetic_spelling_id", "kanji_spelling_id", "conjugation_set_id") VALUES ('78b70b1a-bd80-521c-94a9-0dec45988921', 'b6bc7f01-575a-5c16-b78a-d01202eeef00', 'a1291179-8969-52c5-8e69-f585a9f27553', 'b9599abd-044d-53e2-bb75-1dfc88d8ac27', NULL, '92105f15-b991-5a56-b27b-999652082f0c', NULL);
INSERT INTO "vocabulary"."reference" ("vocabulary_id", "lesson_code") VALUES ('78b70b1a-bd80-521c-94a9-0dec45988921', 'GENKI3_L07');
INSERT INTO "vocabulary"."reference" ("vocabulary_id", "lesson_code") VALUES ('78b70b1a-bd80-521c-94a9-0dec45988921', 'LULI_KANJI_L01');
-- 手 | hand; arm --;
INSERT INTO "vocabulary"."vocabulary" ("id", "word_class_code", "conjugation_kind_code", "jlpt_level", "row_num", "tags", "date_added") VALUES ('a3d9c5ec-a34a-5a91-b166-7291979bef67', 'NOUN', NULL, 5, 320, '{body}', '2022-08-15');
INSERT INTO "vocabulary"."definition" ("id", "vocabulary_id", "sort_rank", "value") VALUES ('113e3a7e-61a5-5581-b257-e130cfa33720', 'a3d9c5ec-a34a-5a91-b166-7291979bef67', 1, 'hand; arm');
INSERT INTO "vocabulary"."spelling" ("id", "vocabulary_id", "spelling_kind_code", "value") VALUES ('976fb3e1-a354-5ce0-adc5-4740cc0c4f28', 'a3d9c5ec-a34a-5a91-b166-7291979bef67', 'KANJI', '手');
INSERT INTO "vocabulary"."spelling" ("id", "vocabulary_id", "spelling_kind_code", "value") VALUES ('00992fe0-7424-5c87-9c0a-b0c4624e369c', 'a3d9c5ec-a34a-5a91-b166-7291979bef67', 'HIRAGANA', 'て');
INSERT INTO "vocabulary"."spelling" ("id", "vocabulary_id", "spelling_kind_code", "value") VALUES ('9ea6b75c-eb7d-5611-8f9a-00e92b7b6e06', 'a3d9c5ec-a34a-5a91-b166-7291979bef67', 'KANJI', '手');
INSERT INTO "vocabulary"."linkages" ("vocabulary_id", "preferred_definition_id", "preferred_spelling_id", "phonetic_spelling_id", "alt_phonetic_spelling_id", "kanji_spelling_id", "conjugation_set_id") VALUES ('a3d9c5ec-a34a-5a91-b166-7291979bef67', '113e3a7e-61a5-5581-b257-e130cfa33720', '976fb3e1-a354-5ce0-adc5-4740cc0c4f28', '00992fe0-7424-5c87-9c0a-b0c4624e369c', NULL, '9ea6b75c-eb7d-5611-8f9a-00e92b7b6e06', NULL);
INSERT INTO "vocabulary"."reference" ("vocabulary_id", "lesson_code") VALUES ('a3d9c5ec-a34a-5a91-b166-7291979bef67', 'LULI_KANJI_L01');
-- 足 | foot --;
INSERT INTO "vocabulary"."vocabulary" ("id", "word_class_code", "conjugation_kind_code", "jlpt_level", "row_num", "tags", "date_added") VALUES ('b5407428-ff7a-5715-8283-de41ff4e555c', 'NOUN', NULL, 5, 321, '{body}', '2022-08-15');
INSERT INTO "vocabulary"."definition" ("id", "vocabulary_id", "sort_rank", "value") VALUES ('3f06b9dd-6df6-5a8e-a108-92a4d9c71d61', 'b5407428-ff7a-5715-8283-de41ff4e555c', 1, 'foot');
INSERT INTO "vocabulary"."spelling" ("id", "vocabulary_id", "spelling_kind_code", "value") VALUES ('30b05854-9f42-5615-b27c-e4837681736e', 'b5407428-ff7a-5715-8283-de41ff4e555c', 'KANJI', '足');
INSERT INTO "vocabulary"."spelling" ("id", "vocabulary_id", "spelling_kind_code", "value") VALUES ('20a6842f-8f07-5f26-ab95-f0c4cc13a21c', 'b5407428-ff7a-5715-8283-de41ff4e555c', 'HIRAGANA', 'あし');
INSERT INTO "vocabulary"."spelling" ("id", "vocabulary_id", "spelling_kind_code", "value") VALUES ('b0742c13-f343-5091-b447-13063a76e096', 'b5407428-ff7a-5715-8283-de41ff4e555c', 'KANJI', '足');
INSERT INTO "vocabulary"."linkages" ("vocabulary_id", "preferred_definition_id", "preferred_spelling_id", "phonetic_spelling_id", "alt_phonetic_spelling_id", "kanji_spelling_id", "conjugation_set_id") VALUES ('b5407428-ff7a-5715-8283-de41ff4e555c', '3f06b9dd-6df6-5a8e-a108-92a4d9c71d61', '30b05854-9f42-5615-b27c-e4837681736e', '20a6842f-8f07-5f26-ab95-f0c4cc13a21c', NULL, 'b0742c13-f343-5091-b447-13063a76e096', NULL);
INSERT INTO "vocabulary"."reference" ("vocabulary_id", "lesson_code") VALUES ('b5407428-ff7a-5715-8283-de41ff4e555c', 'LULI_KANJI_L01');
-- 背中 | back --;
INSERT INTO "vocabulary"."vocabulary" ("id", "word_class_code", "conjugation_kind_code", "jlpt_level", "row_num", "tags", "date_added") VALUES ('12773416-725b-57f8-b7cc-856c607390db', 'NOUN', NULL, 4, 322, '{body}', '2022-08-12');
INSERT INTO "vocabulary"."definition" ("id", "vocabulary_id", "sort_rank", "value") VALUES ('c5f6c565-1519-5ec8-bc5a-b40ea06ac8a8', '12773416-725b-57f8-b7cc-856c607390db', 1, 'back');
INSERT INTO "vocabulary"."spelling" ("id", "vocabulary_id", "spelling_kind_code", "value") VALUES ('817ec610-1738-58e5-9fc8-38a8f59bf25e', '12773416-725b-57f8-b7cc-856c607390db', 'KANJI', '背中');
INSERT INTO "vocabulary"."spelling" ("id", "vocabulary_id", "spelling_kind_code", "value") VALUES ('24b74f51-b5e8-5591-8fd1-9d720fdb645d', '12773416-725b-57f8-b7cc-856c607390db', 'HIRAGANA', 'せなか');
INSERT INTO "vocabulary"."spelling" ("id", "vocabulary_id", "spelling_kind_code", "value") VALUES ('82d3506c-8ed9-5081-9518-c9778fe41de8', '12773416-725b-57f8-b7cc-856c607390db', 'KANJI', '背中');
INSERT INTO "vocabulary"."linkages" ("vocabulary_id", "preferred_definition_id", "preferred_spelling_id", "phonetic_spelling_id", "alt_phonetic_spelling_id", "kanji_spelling_id", "conjugation_set_id") VALUES ('12773416-725b-57f8-b7cc-856c607390db', 'c5f6c565-1519-5ec8-bc5a-b40ea06ac8a8', '817ec610-1738-58e5-9fc8-38a8f59bf25e', '24b74f51-b5e8-5591-8fd1-9d720fdb645d', NULL, '82d3506c-8ed9-5081-9518-c9778fe41de8', NULL);
INSERT INTO "vocabulary"."reference" ("vocabulary_id", "lesson_code") VALUES ('12773416-725b-57f8-b7cc-856c607390db', 'DUO_01_03');
INSERT INTO "vocabulary"."reference" ("vocabulary_id", "lesson_code") VALUES ('12773416-725b-57f8-b7cc-856c607390db', 'DUO_U02');
-- 曇り | cloudy --;
INSERT INTO "vocabulary"."vocabulary" ("id", "word_class_code", "conjugation_kind_code", "jlpt_level", "row_num", "tags", "date_added") VALUES ('83e6b487-2d55-5480-a55b-2a808a40a3f1', 'NOUN', NULL, 5, 323, '{weather}', '2022-08-12');
INSERT INTO "vocabulary"."definition" ("id", "vocabulary_id", "sort_rank", "value") VALUES ('482b8302-c985-51a3-a5b9-fd8df9828d14', '83e6b487-2d55-5480-a55b-2a808a40a3f1', 1, 'cloudy');
INSERT INTO "vocabulary"."spelling" ("id", "vocabulary_id", "spelling_kind_code", "value") VALUES ('4cb22c86-c607-51c0-8f86-3c088036281c', '83e6b487-2d55-5480-a55b-2a808a40a3f1', 'KANJI', '曇り');
INSERT INTO "vocabulary"."spelling" ("id", "vocabulary_id", "spelling_kind_code", "value") VALUES ('4520d8c7-cb93-56eb-9d96-999f9889caea', '83e6b487-2d55-5480-a55b-2a808a40a3f1', 'HIRAGANA', 'くもり');
INSERT INTO "vocabulary"."spelling" ("id", "vocabulary_id", "spelling_kind_code", "value") VALUES ('82cbdb7d-6558-5323-a165-207a2583dca4', '83e6b487-2d55-5480-a55b-2a808a40a3f1', 'KANJI', '曇り');
INSERT INTO "vocabulary"."linkages" ("vocabulary_id", "preferred_definition_id", "preferred_spelling_id", "phonetic_spelling_id", "alt_phonetic_spelling_id", "kanji_spelling_id", "conjugation_set_id") VALUES ('83e6b487-2d55-5480-a55b-2a808a40a3f1', '482b8302-c985-51a3-a5b9-fd8df9828d14', '4cb22c86-c607-51c0-8f86-3c088036281c', '4520d8c7-cb93-56eb-9d96-999f9889caea', NULL, '82cbdb7d-6558-5323-a165-207a2583dca4', NULL);
INSERT INTO "vocabulary"."reference" ("vocabulary_id", "lesson_code") VALUES ('83e6b487-2d55-5480-a55b-2a808a40a3f1', 'DUO_01_03');
INSERT INTO "vocabulary"."reference" ("vocabulary_id", "lesson_code") VALUES ('83e6b487-2d55-5480-a55b-2a808a40a3f1', 'DUO_U02');
INSERT INTO "vocabulary"."reference" ("vocabulary_id", "lesson_code") VALUES ('83e6b487-2d55-5480-a55b-2a808a40a3f1', 'GENKI3_L08');
-- 晴れ | sunny --;
INSERT INTO "vocabulary"."vocabulary" ("id", "word_class_code", "conjugation_kind_code", "jlpt_level", "row_num", "tags", "date_added") VALUES ('a2edc793-e468-5c89-8566-efd896ac302c', 'NOUN', NULL, 5, 324, '{weather}', '2022-08-12');
INSERT INTO "vocabulary"."definition" ("id", "vocabulary_id", "sort_rank", "value") VALUES ('b5267850-ecb2-509d-a0ca-ff648e207a27', 'a2edc793-e468-5c89-8566-efd896ac302c', 1, 'sunny');
INSERT INTO "vocabulary"."spelling" ("id", "vocabulary_id", "spelling_kind_code", "value") VALUES ('d1dadf53-6037-5057-94c3-4307ffdaec20', 'a2edc793-e468-5c89-8566-efd896ac302c', 'KANJI', '晴れ');
INSERT INTO "vocabulary"."spelling" ("id", "vocabulary_id", "spelling_kind_code", "value") VALUES ('69795551-8591-5922-86b8-60cf835585c1', 'a2edc793-e468-5c89-8566-efd896ac302c', 'HIRAGANA', 'はれ');
INSERT INTO "vocabulary"."spelling" ("id", "vocabulary_id", "spelling_kind_code", "value") VALUES ('357074c2-e8f0-5920-b732-3d7e080d0b10', 'a2edc793-e468-5c89-8566-efd896ac302c', 'KANJI', '晴れ');
INSERT INTO "vocabulary"."linkages" ("vocabulary_id", "preferred_definition_id", "preferred_spelling_id", "phonetic_spelling_id", "alt_phonetic_spelling_id", "kanji_spelling_id", "conjugation_set_id") VALUES ('a2edc793-e468-5c89-8566-efd896ac302c', 'b5267850-ecb2-509d-a0ca-ff648e207a27', 'd1dadf53-6037-5057-94c3-4307ffdaec20', '69795551-8591-5922-86b8-60cf835585c1', NULL, '357074c2-e8f0-5920-b732-3d7e080d0b10', NULL);
INSERT INTO "vocabulary"."reference" ("vocabulary_id", "lesson_code") VALUES ('a2edc793-e468-5c89-8566-efd896ac302c', 'DUO_01_03');
INSERT INTO "vocabulary"."reference" ("vocabulary_id", "lesson_code") VALUES ('a2edc793-e468-5c89-8566-efd896ac302c', 'DUO_U02');
INSERT INTO "vocabulary"."reference" ("vocabulary_id", "lesson_code") VALUES ('a2edc793-e468-5c89-8566-efd896ac302c', 'GENKI3_L08');
-- 外 | outside --;
INSERT INTO "vocabulary"."vocabulary" ("id", "word_class_code", "conjugation_kind_code", "jlpt_level", "row_num", "tags", "date_added") VALUES ('05f754d9-f497-54db-9340-cea898b0ff28', 'NOUN', NULL, 5, 325, '{}', '2022-08-12');
INSERT INTO "vocabulary"."definition" ("id", "vocabulary_id", "sort_rank", "value") VALUES ('4d8c0d7e-0108-520d-80c3-f6622ea22a80', '05f754d9-f497-54db-9340-cea898b0ff28', 1, 'outside');
INSERT INTO "vocabulary"."spelling" ("id", "vocabulary_id", "spelling_kind_code", "value") VALUES ('21aef3e7-4a03-51e6-b1b1-ee60aef5a188', '05f754d9-f497-54db-9340-cea898b0ff28', 'KANJI', '外');
INSERT INTO "vocabulary"."spelling" ("id", "vocabulary_id", "spelling_kind_code", "value") VALUES ('36138a4d-90bf-547d-b61b-aa8bf6b7d808', '05f754d9-f497-54db-9340-cea898b0ff28', 'HIRAGANA', 'そと');
INSERT INTO "vocabulary"."spelling" ("id", "vocabulary_id", "spelling_kind_code", "value") VALUES ('3fe8d892-1720-5949-a8f6-8b52bf404a98', '05f754d9-f497-54db-9340-cea898b0ff28', 'KANJI', '外');
INSERT INTO "vocabulary"."linkages" ("vocabulary_id", "preferred_definition_id", "preferred_spelling_id", "phonetic_spelling_id", "alt_phonetic_spelling_id", "kanji_spelling_id", "conjugation_set_id") VALUES ('05f754d9-f497-54db-9340-cea898b0ff28', '4d8c0d7e-0108-520d-80c3-f6622ea22a80', '21aef3e7-4a03-51e6-b1b1-ee60aef5a188', '36138a4d-90bf-547d-b61b-aa8bf6b7d808', NULL, '3fe8d892-1720-5949-a8f6-8b52bf404a98', NULL);
INSERT INTO "vocabulary"."reference" ("vocabulary_id", "lesson_code") VALUES ('05f754d9-f497-54db-9340-cea898b0ff28', 'DUO_01_03');
INSERT INTO "vocabulary"."reference" ("vocabulary_id", "lesson_code") VALUES ('05f754d9-f497-54db-9340-cea898b0ff28', 'DUO_U02');
-- 納豆 | fermented soybeans --;
INSERT INTO "vocabulary"."vocabulary" ("id", "word_class_code", "conjugation_kind_code", "jlpt_level", "row_num", "tags", "date_added") VALUES ('3cae06c0-447c-5b59-b04b-4c5036c5ce20', 'NOUN', NULL, NULL, 326, '{food}', '2022-08-12');
INSERT INTO "vocabulary"."definition" ("id", "vocabulary_id", "sort_rank", "value") VALUES ('7772ec31-d7a4-550a-9a37-44ad689ec2c7', '3cae06c0-447c-5b59-b04b-4c5036c5ce20', 1, 'fermented soybeans');
INSERT INTO "vocabulary"."spelling" ("id", "vocabulary_id", "spelling_kind_code", "value") VALUES ('44fc2cd3-dbc5-582b-8a6c-3f0eb0fe359d', '3cae06c0-447c-5b59-b04b-4c5036c5ce20', 'KANJI', '納豆');
INSERT INTO "vocabulary"."spelling" ("id", "vocabulary_id", "spelling_kind_code", "value") VALUES ('d65fc2f7-98af-5204-82f9-24f6265a8184', '3cae06c0-447c-5b59-b04b-4c5036c5ce20', 'HIRAGANA', 'なっとう');
INSERT INTO "vocabulary"."spelling" ("id", "vocabulary_id", "spelling_kind_code", "value") VALUES ('05590d02-c7dc-5fb3-a55f-c4359b260195', '3cae06c0-447c-5b59-b04b-4c5036c5ce20', 'KANJI', '納豆');
INSERT INTO "vocabulary"."linkages" ("vocabulary_id", "preferred_definition_id", "preferred_spelling_id", "phonetic_spelling_id", "alt_phonetic_spelling_id", "kanji_spelling_id", "conjugation_set_id") VALUES ('3cae06c0-447c-5b59-b04b-4c5036c5ce20', '7772ec31-d7a4-550a-9a37-44ad689ec2c7', '44fc2cd3-dbc5-582b-8a6c-3f0eb0fe359d', 'd65fc2f7-98af-5204-82f9-24f6265a8184', NULL, '05590d02-c7dc-5fb3-a55f-c4359b260195', NULL);
INSERT INTO "vocabulary"."reference" ("vocabulary_id", "lesson_code") VALUES ('3cae06c0-447c-5b59-b04b-4c5036c5ce20', 'DUO_01_04');
INSERT INTO "vocabulary"."reference" ("vocabulary_id", "lesson_code") VALUES ('3cae06c0-447c-5b59-b04b-4c5036c5ce20', 'DUO_U02');
-- 風 | wind; breeze; draft --;
INSERT INTO "vocabulary"."vocabulary" ("id", "word_class_code", "conjugation_kind_code", "jlpt_level", "row_num", "tags", "date_added") VALUES ('1a0c8160-c588-508a-bcbc-c3bf3bdbb0fe', 'NOUN', NULL, 5, 327, '{}', '2022-08-12');
INSERT INTO "vocabulary"."definition" ("id", "vocabulary_id", "sort_rank", "value") VALUES ('3e214373-265b-5d86-8594-2ba44f9c72ce', '1a0c8160-c588-508a-bcbc-c3bf3bdbb0fe', 1, 'wind; breeze; draft');
INSERT INTO "vocabulary"."spelling" ("id", "vocabulary_id", "spelling_kind_code", "value") VALUES ('5c67e81b-5f50-5b24-a5d9-527ae1d6e88d', '1a0c8160-c588-508a-bcbc-c3bf3bdbb0fe', 'KANJI', '風');
INSERT INTO "vocabulary"."spelling" ("id", "vocabulary_id", "spelling_kind_code", "value") VALUES ('f5849a92-f845-53a3-a85d-dd52a2ff518b', '1a0c8160-c588-508a-bcbc-c3bf3bdbb0fe', 'HIRAGANA', 'かぜ');
INSERT INTO "vocabulary"."spelling" ("id", "vocabulary_id", "spelling_kind_code", "value") VALUES ('c27257b5-7cfe-5678-9655-0f6cc3ada227', '1a0c8160-c588-508a-bcbc-c3bf3bdbb0fe', 'KANJI', '風');
INSERT INTO "vocabulary"."linkages" ("vocabulary_id", "preferred_definition_id", "preferred_spelling_id", "phonetic_spelling_id", "alt_phonetic_spelling_id", "kanji_spelling_id", "conjugation_set_id") VALUES ('1a0c8160-c588-508a-bcbc-c3bf3bdbb0fe', '3e214373-265b-5d86-8594-2ba44f9c72ce', '5c67e81b-5f50-5b24-a5d9-527ae1d6e88d', 'f5849a92-f845-53a3-a85d-dd52a2ff518b', NULL, 'c27257b5-7cfe-5678-9655-0f6cc3ada227', NULL);
INSERT INTO "vocabulary"."reference" ("vocabulary_id", "lesson_code") VALUES ('1a0c8160-c588-508a-bcbc-c3bf3bdbb0fe', 'DUO_01_04');
INSERT INTO "vocabulary"."reference" ("vocabulary_id", "lesson_code") VALUES ('1a0c8160-c588-508a-bcbc-c3bf3bdbb0fe', 'DUO_U02');
-- 地図 | map --;
INSERT INTO "vocabulary"."vocabulary" ("id", "word_class_code", "conjugation_kind_code", "jlpt_level", "row_num", "tags", "date_added") VALUES ('86e894b7-ebf2-5e8e-991e-54ebd19f764d', 'NOUN', NULL, 5, 328, '{}', '2022-08-12');
INSERT INTO "vocabulary"."definition" ("id", "vocabulary_id", "sort_rank", "value") VALUES ('bcdffa0f-e9dc-5c56-adb6-7bf6b2a2e639', '86e894b7-ebf2-5e8e-991e-54ebd19f764d', 1, 'map');
INSERT INTO "vocabulary"."spelling" ("id", "vocabulary_id", "spelling_kind_code", "value") VALUES ('41cf25cc-76db-5ada-9a09-f46aebb944c4', '86e894b7-ebf2-5e8e-991e-54ebd19f764d', 'KANJI', '地図');
INSERT INTO "vocabulary"."spelling" ("id", "vocabulary_id", "spelling_kind_code", "value") VALUES ('1f2a5438-7f15-5c4a-ad0a-b0e35519d0a3', '86e894b7-ebf2-5e8e-991e-54ebd19f764d', 'HIRAGANA', 'ちず');
INSERT INTO "vocabulary"."spelling" ("id", "vocabulary_id", "spelling_kind_code", "value") VALUES ('a35748f4-6346-5400-a2eb-7f1a0013bfe2', '86e894b7-ebf2-5e8e-991e-54ebd19f764d', 'KANJI', '地図');
INSERT INTO "vocabulary"."linkages" ("vocabulary_id", "preferred_definition_id", "preferred_spelling_id", "phonetic_spelling_id", "alt_phonetic_spelling_id", "kanji_spelling_id", "conjugation_set_id") VALUES ('86e894b7-ebf2-5e8e-991e-54ebd19f764d', 'bcdffa0f-e9dc-5c56-adb6-7bf6b2a2e639', '41cf25cc-76db-5ada-9a09-f46aebb944c4', '1f2a5438-7f15-5c4a-ad0a-b0e35519d0a3', NULL, 'a35748f4-6346-5400-a2eb-7f1a0013bfe2', NULL);
INSERT INTO "vocabulary"."reference" ("vocabulary_id", "lesson_code") VALUES ('86e894b7-ebf2-5e8e-991e-54ebd19f764d', 'DUO_01_04');
INSERT INTO "vocabulary"."reference" ("vocabulary_id", "lesson_code") VALUES ('86e894b7-ebf2-5e8e-991e-54ebd19f764d', 'DUO_U02');
-- 果物 | fruit --;
INSERT INTO "vocabulary"."vocabulary" ("id", "word_class_code", "conjugation_kind_code", "jlpt_level", "row_num", "tags", "date_added") VALUES ('7f320ae8-3952-5727-a45e-4c5535a79533', 'NOUN', NULL, 5, 329, '{food}', '2022-08-12');
INSERT INTO "vocabulary"."definition" ("id", "vocabulary_id", "sort_rank", "value") VALUES ('4ef329ba-28eb-50ca-bf23-38cf046e44db', '7f320ae8-3952-5727-a45e-4c5535a79533', 1, 'fruit');
INSERT INTO "vocabulary"."spelling" ("id", "vocabulary_id", "spelling_kind_code", "value") VALUES ('4cbf8dac-8dce-531c-aaf3-443cbb8856ed', '7f320ae8-3952-5727-a45e-4c5535a79533', 'KANJI', '果物');
INSERT INTO "vocabulary"."spelling" ("id", "vocabulary_id", "spelling_kind_code", "value") VALUES ('282c1ecc-0730-5795-b35c-da3768caaa19', '7f320ae8-3952-5727-a45e-4c5535a79533', 'HIRAGANA', 'くだもの');
INSERT INTO "vocabulary"."spelling" ("id", "vocabulary_id", "spelling_kind_code", "value") VALUES ('296dd3b0-a94a-5d10-b306-2851bc54c319', '7f320ae8-3952-5727-a45e-4c5535a79533', 'KANJI', '果物');
INSERT INTO "vocabulary"."linkages" ("vocabulary_id", "preferred_definition_id", "preferred_spelling_id", "phonetic_spelling_id", "alt_phonetic_spelling_id", "kanji_spelling_id", "conjugation_set_id") VALUES ('7f320ae8-3952-5727-a45e-4c5535a79533', '4ef329ba-28eb-50ca-bf23-38cf046e44db', '4cbf8dac-8dce-531c-aaf3-443cbb8856ed', '282c1ecc-0730-5795-b35c-da3768caaa19', NULL, '296dd3b0-a94a-5d10-b306-2851bc54c319', NULL);
INSERT INTO "vocabulary"."reference" ("vocabulary_id", "lesson_code") VALUES ('7f320ae8-3952-5727-a45e-4c5535a79533', 'DUO_01_04');
INSERT INTO "vocabulary"."reference" ("vocabulary_id", "lesson_code") VALUES ('7f320ae8-3952-5727-a45e-4c5535a79533', 'DUO_U02');
INSERT INTO "vocabulary"."reference" ("vocabulary_id", "lesson_code") VALUES ('7f320ae8-3952-5727-a45e-4c5535a79533', 'GENKI3_L05');
-- 切符 | ticket --;
INSERT INTO "vocabulary"."vocabulary" ("id", "word_class_code", "conjugation_kind_code", "jlpt_level", "row_num", "tags", "date_added") VALUES ('efc7ae30-059c-5579-9e95-1e53594af9ed', 'NOUN', NULL, 5, 330, '{}', '2022-08-12');
INSERT INTO "vocabulary"."definition" ("id", "vocabulary_id", "sort_rank", "value") VALUES ('32752108-5557-5fcd-b8f6-5da6d5883146', 'efc7ae30-059c-5579-9e95-1e53594af9ed', 1, 'ticket');
INSERT INTO "vocabulary"."spelling" ("id", "vocabulary_id", "spelling_kind_code", "value") VALUES ('34c4ad9a-5f13-576a-8719-d371f670b2da', 'efc7ae30-059c-5579-9e95-1e53594af9ed', 'KANJI', '切符');
INSERT INTO "vocabulary"."spelling" ("id", "vocabulary_id", "spelling_kind_code", "value") VALUES ('0f152cc9-d83e-5936-a447-68d8da71f652', 'efc7ae30-059c-5579-9e95-1e53594af9ed', 'HIRAGANA', 'きっぷ');
INSERT INTO "vocabulary"."spelling" ("id", "vocabulary_id", "spelling_kind_code", "value") VALUES ('edfd808f-3f55-550c-911e-1b64c14ef75d', 'efc7ae30-059c-5579-9e95-1e53594af9ed', 'KANJI', '切符');
INSERT INTO "vocabulary"."linkages" ("vocabulary_id", "preferred_definition_id", "preferred_spelling_id", "phonetic_spelling_id", "alt_phonetic_spelling_id", "kanji_spelling_id", "conjugation_set_id") VALUES ('efc7ae30-059c-5579-9e95-1e53594af9ed', '32752108-5557-5fcd-b8f6-5da6d5883146', '34c4ad9a-5f13-576a-8719-d371f670b2da', '0f152cc9-d83e-5936-a447-68d8da71f652', NULL, 'edfd808f-3f55-550c-911e-1b64c14ef75d', NULL);
INSERT INTO "vocabulary"."reference" ("vocabulary_id", "lesson_code") VALUES ('efc7ae30-059c-5579-9e95-1e53594af9ed', 'DUO_01_04');
INSERT INTO "vocabulary"."reference" ("vocabulary_id", "lesson_code") VALUES ('efc7ae30-059c-5579-9e95-1e53594af9ed', 'DUO_U02');
-- ゲーム | game --;
INSERT INTO "vocabulary"."vocabulary" ("id", "word_class_code", "conjugation_kind_code", "jlpt_level", "row_num", "tags", "date_added") VALUES ('038bec1a-765f-42b2-905d-28004fd829a3', 'NOUN', NULL, 3, 331, '{activity}', '2022-08-10');
INSERT INTO "vocabulary"."definition" ("id", "vocabulary_id", "sort_rank", "value") VALUES ('cc89a910-26af-581e-8289-34fb385a5d7c', '038bec1a-765f-42b2-905d-28004fd829a3', 1, 'game');
INSERT INTO "vocabulary"."spelling" ("id", "vocabulary_id", "spelling_kind_code", "value") VALUES ('364e9f17-dc86-5edd-ae05-4f907be920f5', '038bec1a-765f-42b2-905d-28004fd829a3', 'KATAKANA', 'ゲーム');
INSERT INTO "vocabulary"."spelling" ("id", "vocabulary_id", "spelling_kind_code", "value") VALUES ('1ae5d28e-97d2-5c2f-9c61-7e2e88f23d41', '038bec1a-765f-42b2-905d-28004fd829a3', 'HIRAGANA', 'げえむ');
INSERT INTO "vocabulary"."linkages" ("vocabulary_id", "preferred_definition_id", "preferred_spelling_id", "phonetic_spelling_id", "alt_phonetic_spelling_id", "kanji_spelling_id", "conjugation_set_id") VALUES ('038bec1a-765f-42b2-905d-28004fd829a3', 'cc89a910-26af-581e-8289-34fb385a5d7c', '364e9f17-dc86-5edd-ae05-4f907be920f5', '1ae5d28e-97d2-5c2f-9c61-7e2e88f23d41', NULL, NULL, NULL);
INSERT INTO "vocabulary"."reference" ("vocabulary_id", "lesson_code") VALUES ('038bec1a-765f-42b2-905d-28004fd829a3', 'GENKI3_L04');
-- アルバイト | part-time job --;
INSERT INTO "vocabulary"."vocabulary" ("id", "word_class_code", "conjugation_kind_code", "jlpt_level", "row_num", "tags", "date_added") VALUES ('303cf994-1062-45cd-9c22-738f09ffee51', 'NOUN', NULL, 4, 332, '{activity}', '2022-08-10');
INSERT INTO "vocabulary"."definition" ("id", "vocabulary_id", "sort_rank", "value") VALUES ('75e1704e-4e70-55a2-aeaa-8ce828913718', '303cf994-1062-45cd-9c22-738f09ffee51', 1, 'part-time job');
INSERT INTO "vocabulary"."spelling" ("id", "vocabulary_id", "spelling_kind_code", "value") VALUES ('986072c6-aee2-5f7e-90e5-6275033919f2', '303cf994-1062-45cd-9c22-738f09ffee51', 'KATAKANA', 'アルバイト');
INSERT INTO "vocabulary"."spelling" ("id", "vocabulary_id", "spelling_kind_code", "value") VALUES ('87fd043e-3642-5c33-8095-bbbb4df0b2c5', '303cf994-1062-45cd-9c22-738f09ffee51', 'HIRAGANA', 'あればいと');
INSERT INTO "vocabulary"."linkages" ("vocabulary_id", "preferred_definition_id", "preferred_spelling_id", "phonetic_spelling_id", "alt_phonetic_spelling_id", "kanji_spelling_id", "conjugation_set_id") VALUES ('303cf994-1062-45cd-9c22-738f09ffee51', '75e1704e-4e70-55a2-aeaa-8ce828913718', '986072c6-aee2-5f7e-90e5-6275033919f2', '87fd043e-3642-5c33-8095-bbbb4df0b2c5', NULL, NULL, NULL);
INSERT INTO "vocabulary"."reference" ("vocabulary_id", "lesson_code") VALUES ('303cf994-1062-45cd-9c22-738f09ffee51', 'GENKI3_L04');
-- バイト | part-time job (colloquial) --;
INSERT INTO "vocabulary"."vocabulary" ("id", "word_class_code", "conjugation_kind_code", "jlpt_level", "row_num", "tags", "date_added") VALUES ('8509b44f-d5d4-437f-a845-aae915c292dc', 'NOUN', NULL, NULL, 333, '{activity}', '2022-08-10');
INSERT INTO "vocabulary"."definition" ("id", "vocabulary_id", "sort_rank", "value") VALUES ('714cf3d7-276e-5ff3-a5a0-17a7c0c721af', '8509b44f-d5d4-437f-a845-aae915c292dc', 1, 'part-time job (colloquial)');
INSERT INTO "vocabulary"."spelling" ("id", "vocabulary_id", "spelling_kind_code", "value") VALUES ('1e973747-4aed-570a-84d2-bde77fdc9d4f', '8509b44f-d5d4-437f-a845-aae915c292dc', 'KATAKANA', 'バイト');
INSERT INTO "vocabulary"."spelling" ("id", "vocabulary_id", "spelling_kind_code", "value") VALUES ('a7664208-d5ae-5cc5-bc9b-b1a9668539c3', '8509b44f-d5d4-437f-a845-aae915c292dc', 'HIRAGANA', 'ばいと');
INSERT INTO "vocabulary"."linkages" ("vocabulary_id", "preferred_definition_id", "preferred_spelling_id", "phonetic_spelling_id", "alt_phonetic_spelling_id", "kanji_spelling_id", "conjugation_set_id") VALUES ('8509b44f-d5d4-437f-a845-aae915c292dc', '714cf3d7-276e-5ff3-a5a0-17a7c0c721af', '1e973747-4aed-570a-84d2-bde77fdc9d4f', 'a7664208-d5ae-5cc5-bc9b-b1a9668539c3', NULL, NULL, NULL);
INSERT INTO "vocabulary"."reference" ("vocabulary_id", "lesson_code") VALUES ('8509b44f-d5d4-437f-a845-aae915c292dc', 'GENKI3_L04');
-- 買い物 | shopping --;
INSERT INTO "vocabulary"."vocabulary" ("id", "word_class_code", "conjugation_kind_code", "jlpt_level", "row_num", "tags", "date_added") VALUES ('a024bfb6-a9ef-4690-904a-d8fa02367ed3', 'NOUN', NULL, 5, 334, '{activity}', '2022-08-10');
INSERT INTO "vocabulary"."definition" ("id", "vocabulary_id", "sort_rank", "value") VALUES ('4d1673f1-5f22-59b6-819a-d7a1366ec964', 'a024bfb6-a9ef-4690-904a-d8fa02367ed3', 1, 'shopping');
INSERT INTO "vocabulary"."spelling" ("id", "vocabulary_id", "spelling_kind_code", "value") VALUES ('d19caeaa-1ec7-5072-a126-db6dc5f549bb', 'a024bfb6-a9ef-4690-904a-d8fa02367ed3', 'KANJI', '買い物');
INSERT INTO "vocabulary"."spelling" ("id", "vocabulary_id", "spelling_kind_code", "value") VALUES ('76bbb991-54a3-588d-a0c0-8bd74a63484a', 'a024bfb6-a9ef-4690-904a-d8fa02367ed3', 'HIRAGANA', 'かいもの');
INSERT INTO "vocabulary"."spelling" ("id", "vocabulary_id", "spelling_kind_code", "value") VALUES ('a8233cb3-0341-56a6-8c82-6774344f03e8', 'a024bfb6-a9ef-4690-904a-d8fa02367ed3', 'KANJI', '買い物');
INSERT INTO "vocabulary"."linkages" ("vocabulary_id", "preferred_definition_id", "preferred_spelling_id", "phonetic_spelling_id", "alt_phonetic_spelling_id", "kanji_spelling_id", "conjugation_set_id") VALUES ('a024bfb6-a9ef-4690-904a-d8fa02367ed3', '4d1673f1-5f22-59b6-819a-d7a1366ec964', 'd19caeaa-1ec7-5072-a126-db6dc5f549bb', '76bbb991-54a3-588d-a0c0-8bd74a63484a', NULL, 'a8233cb3-0341-56a6-8c82-6774344f03e8', NULL);
INSERT INTO "vocabulary"."reference" ("vocabulary_id", "lesson_code") VALUES ('a024bfb6-a9ef-4690-904a-d8fa02367ed3', 'GENKI3_L04');
-- クラス | class --;
INSERT INTO "vocabulary"."vocabulary" ("id", "word_class_code", "conjugation_kind_code", "jlpt_level", "row_num", "tags", "date_added") VALUES ('c52c9908-d959-404c-a8f8-161c2663e84e', 'NOUN', NULL, 5, 335, '{activity}', '2022-08-10');
INSERT INTO "vocabulary"."definition" ("id", "vocabulary_id", "sort_rank", "value") VALUES ('3e94123b-2f27-5659-a632-9d257eea7a28', 'c52c9908-d959-404c-a8f8-161c2663e84e', 1, 'class');
INSERT INTO "vocabulary"."spelling" ("id", "vocabulary_id", "spelling_kind_code", "value") VALUES ('1014e979-9714-527a-9f91-10464746d7c1', 'c52c9908-d959-404c-a8f8-161c2663e84e', 'KATAKANA', 'クラス');
INSERT INTO "vocabulary"."spelling" ("id", "vocabulary_id", "spelling_kind_code", "value") VALUES ('24f3c910-7a4e-568d-be31-94ef9b3c34cb', 'c52c9908-d959-404c-a8f8-161c2663e84e', 'HIRAGANA', 'くらす');
INSERT INTO "vocabulary"."linkages" ("vocabulary_id", "preferred_definition_id", "preferred_spelling_id", "phonetic_spelling_id", "alt_phonetic_spelling_id", "kanji_spelling_id", "conjugation_set_id") VALUES ('c52c9908-d959-404c-a8f8-161c2663e84e', '3e94123b-2f27-5659-a632-9d257eea7a28', '1014e979-9714-527a-9f91-10464746d7c1', '24f3c910-7a4e-568d-be31-94ef9b3c34cb', NULL, NULL, NULL);
INSERT INTO "vocabulary"."reference" ("vocabulary_id", "lesson_code") VALUES ('c52c9908-d959-404c-a8f8-161c2663e84e', 'GENKI3_L04');
-- 人 | person --;
INSERT INTO "vocabulary"."vocabulary" ("id", "word_class_code", "conjugation_kind_code", "jlpt_level", "row_num", "tags", "date_added") VALUES ('624914ad-ed17-40f2-9260-e70c69962692', 'NOUN', NULL, 5, 336, '{}', '2022-08-10');
INSERT INTO "vocabulary"."definition" ("id", "vocabulary_id", "sort_rank", "value") VALUES ('0614d28b-7c44-58a5-98f0-4bb8b9c7a630', '624914ad-ed17-40f2-9260-e70c69962692', 1, 'person');
INSERT INTO "vocabulary"."spelling" ("id", "vocabulary_id", "spelling_kind_code", "value") VALUES ('e1d64af1-9da4-519d-9ef6-10ab6337e6b6', '624914ad-ed17-40f2-9260-e70c69962692', 'KANJI', '人');
INSERT INTO "vocabulary"."spelling" ("id", "vocabulary_id", "spelling_kind_code", "value") VALUES ('266f00f1-e212-5e59-9023-e154704913ca', '624914ad-ed17-40f2-9260-e70c69962692', 'HIRAGANA', 'ひと');
INSERT INTO "vocabulary"."spelling" ("id", "vocabulary_id", "spelling_kind_code", "value") VALUES ('90c38aed-c8ba-5392-a6e7-b49b368bc9e2', '624914ad-ed17-40f2-9260-e70c69962692', 'KANJI', '人');
INSERT INTO "vocabulary"."linkages" ("vocabulary_id", "preferred_definition_id", "preferred_spelling_id", "phonetic_spelling_id", "alt_phonetic_spelling_id", "kanji_spelling_id", "conjugation_set_id") VALUES ('624914ad-ed17-40f2-9260-e70c69962692', '0614d28b-7c44-58a5-98f0-4bb8b9c7a630', 'e1d64af1-9da4-519d-9ef6-10ab6337e6b6', '266f00f1-e212-5e59-9023-e154704913ca', NULL, '90c38aed-c8ba-5392-a6e7-b49b368bc9e2', NULL);
INSERT INTO "vocabulary"."reference" ("vocabulary_id", "lesson_code") VALUES ('624914ad-ed17-40f2-9260-e70c69962692', 'GENKI3_L04');
-- 子供 | child --;
INSERT INTO "vocabulary"."vocabulary" ("id", "word_class_code", "conjugation_kind_code", "jlpt_level", "row_num", "tags", "date_added") VALUES ('399bbf9b-f7e7-429c-8874-42e0bf5cae9e', 'NOUN', NULL, 5, 337, '{}', '2022-08-10');
INSERT INTO "vocabulary"."definition" ("id", "vocabulary_id", "sort_rank", "value") VALUES ('82b1f9e6-66af-5365-8a05-21ec1acac085', '399bbf9b-f7e7-429c-8874-42e0bf5cae9e', 1, 'child');
INSERT INTO "vocabulary"."spelling" ("id", "vocabulary_id", "spelling_kind_code", "value") VALUES ('ada35489-9f41-56bf-9c31-e2669d37aac9', '399bbf9b-f7e7-429c-8874-42e0bf5cae9e', 'KANJI', '子供');
INSERT INTO "vocabulary"."spelling" ("id", "vocabulary_id", "spelling_kind_code", "value") VALUES ('fa39e893-a090-5d3f-9473-b4307d7eff01', '399bbf9b-f7e7-429c-8874-42e0bf5cae9e', 'HIRAGANA', 'こども');
INSERT INTO "vocabulary"."spelling" ("id", "vocabulary_id", "spelling_kind_code", "value") VALUES ('1d0766a0-35b9-5bba-b178-8a50f5045c77', '399bbf9b-f7e7-429c-8874-42e0bf5cae9e', 'KANJI', '子供');
INSERT INTO "vocabulary"."linkages" ("vocabulary_id", "preferred_definition_id", "preferred_spelling_id", "phonetic_spelling_id", "alt_phonetic_spelling_id", "kanji_spelling_id", "conjugation_set_id") VALUES ('399bbf9b-f7e7-429c-8874-42e0bf5cae9e', '82b1f9e6-66af-5365-8a05-21ec1acac085', 'ada35489-9f41-56bf-9c31-e2669d37aac9', 'fa39e893-a090-5d3f-9473-b4307d7eff01', NULL, '1d0766a0-35b9-5bba-b178-8a50f5045c77', NULL);
INSERT INTO "vocabulary"."reference" ("vocabulary_id", "lesson_code") VALUES ('399bbf9b-f7e7-429c-8874-42e0bf5cae9e', 'GENKI3_L04');
-- 写真 | picture; photograph --;
INSERT INTO "vocabulary"."vocabulary" ("id", "word_class_code", "conjugation_kind_code", "jlpt_level", "row_num", "tags", "date_added") VALUES ('e63daade-a22a-4554-a061-4077691692ee', 'NOUN', NULL, 5, 338, '{}', '2022-08-10');
INSERT INTO "vocabulary"."definition" ("id", "vocabulary_id", "sort_rank", "value") VALUES ('49d3ed43-821b-5f28-9845-492f201c1f24', 'e63daade-a22a-4554-a061-4077691692ee', 1, 'picture; photograph');
INSERT INTO "vocabulary"."spelling" ("id", "vocabulary_id", "spelling_kind_code", "value") VALUES ('2208cff3-6a3a-5dbe-9986-d2307f70a243', 'e63daade-a22a-4554-a061-4077691692ee', 'KANJI', '写真');
INSERT INTO "vocabulary"."spelling" ("id", "vocabulary_id", "spelling_kind_code", "value") VALUES ('ab16ba77-c1a2-589d-a05c-e29b148390a0', 'e63daade-a22a-4554-a061-4077691692ee', 'HIRAGANA', 'しゃしん');
INSERT INTO "vocabulary"."spelling" ("id", "vocabulary_id", "spelling_kind_code", "value") VALUES ('82aeff1d-ed8e-527d-a9c8-75041fc05324', 'e63daade-a22a-4554-a061-4077691692ee', 'KANJI', '写真');
INSERT INTO "vocabulary"."linkages" ("vocabulary_id", "preferred_definition_id", "preferred_spelling_id", "phonetic_spelling_id", "alt_phonetic_spelling_id", "kanji_spelling_id", "conjugation_set_id") VALUES ('e63daade-a22a-4554-a061-4077691692ee', '49d3ed43-821b-5f28-9845-492f201c1f24', '2208cff3-6a3a-5dbe-9986-d2307f70a243', 'ab16ba77-c1a2-589d-a05c-e29b148390a0', NULL, '82aeff1d-ed8e-527d-a9c8-75041fc05324', NULL);
INSERT INTO "vocabulary"."reference" ("vocabulary_id", "lesson_code") VALUES ('e63daade-a22a-4554-a061-4077691692ee', 'GENKI3_L04');
-- 花 | flower --;
INSERT INTO "vocabulary"."vocabulary" ("id", "word_class_code", "conjugation_kind_code", "jlpt_level", "row_num", "tags", "date_added") VALUES ('8b29a67e-61cf-494a-972a-5d59944a53d6', 'NOUN', NULL, 5, 339, '{}', '2022-08-10');
INSERT INTO "vocabulary"."definition" ("id", "vocabulary_id", "sort_rank", "value") VALUES ('b47ab331-b305-531c-b266-bc1654f2528c', '8b29a67e-61cf-494a-972a-5d59944a53d6', 1, 'flower');
INSERT INTO "vocabulary"."spelling" ("id", "vocabulary_id", "spelling_kind_code", "value") VALUES ('47ad1de9-bade-5762-a63e-721ad64222f3', '8b29a67e-61cf-494a-972a-5d59944a53d6', 'KANJI', '花');
INSERT INTO "vocabulary"."spelling" ("id", "vocabulary_id", "spelling_kind_code", "value") VALUES ('06358f70-3b83-5dca-b20c-bcb0bb6457fa', '8b29a67e-61cf-494a-972a-5d59944a53d6', 'HIRAGANA', 'はな');
INSERT INTO "vocabulary"."spelling" ("id", "vocabulary_id", "spelling_kind_code", "value") VALUES ('6d8fe231-22b1-5d4c-bb23-d9d99b594e26', '8b29a67e-61cf-494a-972a-5d59944a53d6', 'KANJI', '花');
INSERT INTO "vocabulary"."linkages" ("vocabulary_id", "preferred_definition_id", "preferred_spelling_id", "phonetic_spelling_id", "alt_phonetic_spelling_id", "kanji_spelling_id", "conjugation_set_id") VALUES ('8b29a67e-61cf-494a-972a-5d59944a53d6', 'b47ab331-b305-531c-b266-bc1654f2528c', '47ad1de9-bade-5762-a63e-721ad64222f3', '06358f70-3b83-5dca-b20c-bcb0bb6457fa', NULL, '6d8fe231-22b1-5d4c-bb23-d9d99b594e26', NULL);
INSERT INTO "vocabulary"."reference" ("vocabulary_id", "lesson_code") VALUES ('8b29a67e-61cf-494a-972a-5d59944a53d6', 'GENKI3_L04');
-- レポート | (term) paper --;
INSERT INTO "vocabulary"."vocabulary" ("id", "word_class_code", "conjugation_kind_code", "jlpt_level", "row_num", "tags", "date_added") VALUES ('26eb1163-f6e3-43a8-b406-be60d5959e56', 'NOUN', NULL, 4, 340, '{}', '2022-08-10');
INSERT INTO "vocabulary"."definition" ("id", "vocabulary_id", "sort_rank", "value") VALUES ('cc9f8f97-ee78-54b9-b7d4-ae98c24a659a', '26eb1163-f6e3-43a8-b406-be60d5959e56', 1, '(term) paper');
INSERT INTO "vocabulary"."spelling" ("id", "vocabulary_id", "spelling_kind_code", "value") VALUES ('792bf1d1-a88e-5fc0-8e45-99981826a53b', '26eb1163-f6e3-43a8-b406-be60d5959e56', 'KATAKANA', 'レポート');
INSERT INTO "vocabulary"."spelling" ("id", "vocabulary_id", "spelling_kind_code", "value") VALUES ('af8f94db-21a7-595f-baa8-56e59ece79ab', '26eb1163-f6e3-43a8-b406-be60d5959e56', 'HIRAGANA', 'れぽおと');
INSERT INTO "vocabulary"."linkages" ("vocabulary_id", "preferred_definition_id", "preferred_spelling_id", "phonetic_spelling_id", "alt_phonetic_spelling_id", "kanji_spelling_id", "conjugation_set_id") VALUES ('26eb1163-f6e3-43a8-b406-be60d5959e56', 'cc9f8f97-ee78-54b9-b7d4-ae98c24a659a', '792bf1d1-a88e-5fc0-8e45-99981826a53b', 'af8f94db-21a7-595f-baa8-56e59ece79ab', NULL, NULL, NULL);
INSERT INTO "vocabulary"."reference" ("vocabulary_id", "lesson_code") VALUES ('26eb1163-f6e3-43a8-b406-be60d5959e56', 'GENKI3_L04');
-- お寺 | temple --;
INSERT INTO "vocabulary"."vocabulary" ("id", "word_class_code", "conjugation_kind_code", "jlpt_level", "row_num", "tags", "date_added") VALUES ('8ff036c4-9800-49d5-906b-514520c78880', 'NOUN', NULL, 4, 341, '{place}', '2022-08-10');
INSERT INTO "vocabulary"."definition" ("id", "vocabulary_id", "sort_rank", "value") VALUES ('bc555711-1d9c-544f-9fd0-c16e53fd3352', '8ff036c4-9800-49d5-906b-514520c78880', 1, 'temple');
INSERT INTO "vocabulary"."spelling" ("id", "vocabulary_id", "spelling_kind_code", "value") VALUES ('429e687c-c5f8-5c37-b9bf-3a4f376a73b1', '8ff036c4-9800-49d5-906b-514520c78880', 'KANJI', 'お寺');
INSERT INTO "vocabulary"."spelling" ("id", "vocabulary_id", "spelling_kind_code", "value") VALUES ('5c41d217-f132-58ba-b032-ef5da4a72181', '8ff036c4-9800-49d5-906b-514520c78880', 'HIRAGANA', 'おてら');
INSERT INTO "vocabulary"."spelling" ("id", "vocabulary_id", "spelling_kind_code", "value") VALUES ('2ffda48a-f759-55e7-bbe2-4681cdc83627', '8ff036c4-9800-49d5-906b-514520c78880', 'KANJI', 'お寺');
INSERT INTO "vocabulary"."linkages" ("vocabulary_id", "preferred_definition_id", "preferred_spelling_id", "phonetic_spelling_id", "alt_phonetic_spelling_id", "kanji_spelling_id", "conjugation_set_id") VALUES ('8ff036c4-9800-49d5-906b-514520c78880', 'bc555711-1d9c-544f-9fd0-c16e53fd3352', '429e687c-c5f8-5c37-b9bf-3a4f376a73b1', '5c41d217-f132-58ba-b032-ef5da4a72181', NULL, '2ffda48a-f759-55e7-bbe2-4681cdc83627', NULL);
INSERT INTO "vocabulary"."reference" ("vocabulary_id", "lesson_code") VALUES ('8ff036c4-9800-49d5-906b-514520c78880', 'GENKI3_L04');
-- 神社 | shinto shrine --;
INSERT INTO "vocabulary"."vocabulary" ("id", "word_class_code", "conjugation_kind_code", "jlpt_level", "row_num", "tags", "date_added") VALUES ('0f9832ad-9fe4-4428-aa84-6f20064d973e', 'NOUN', NULL, 4, 342, '{place,shinto}', '2022-08-10');
INSERT INTO "vocabulary"."definition" ("id", "vocabulary_id", "sort_rank", "value") VALUES ('3ac62b69-abc0-54ef-8ced-c67b583db14d', '0f9832ad-9fe4-4428-aa84-6f20064d973e', 1, 'shinto shrine');
INSERT INTO "vocabulary"."spelling" ("id", "vocabulary_id", "spelling_kind_code", "value") VALUES ('cd85f817-4785-54be-97ae-13e1694b560b', '0f9832ad-9fe4-4428-aa84-6f20064d973e', 'KANJI', '神社');
INSERT INTO "vocabulary"."spelling" ("id", "vocabulary_id", "spelling_kind_code", "value") VALUES ('92b40ee3-7577-573b-b994-17e6cc13a9aa', '0f9832ad-9fe4-4428-aa84-6f20064d973e', 'HIRAGANA', 'じんじゃ');
INSERT INTO "vocabulary"."spelling" ("id", "vocabulary_id", "spelling_kind_code", "value") VALUES ('6060b601-9e92-54f3-8057-2673c42c94e5', '0f9832ad-9fe4-4428-aa84-6f20064d973e', 'KANJI', '神社');
INSERT INTO "vocabulary"."linkages" ("vocabulary_id", "preferred_definition_id", "preferred_spelling_id", "phonetic_spelling_id", "alt_phonetic_spelling_id", "kanji_spelling_id", "conjugation_set_id") VALUES ('0f9832ad-9fe4-4428-aa84-6f20064d973e', '3ac62b69-abc0-54ef-8ced-c67b583db14d', 'cd85f817-4785-54be-97ae-13e1694b560b', '92b40ee3-7577-573b-b994-17e6cc13a9aa', NULL, '6060b601-9e92-54f3-8057-2673c42c94e5', NULL);
-- 公園 | park --;
INSERT INTO "vocabulary"."vocabulary" ("id", "word_class_code", "conjugation_kind_code", "jlpt_level", "row_num", "tags", "date_added") VALUES ('fe1b8cc3-30c4-49ce-90de-e60514fdf437', 'NOUN', NULL, 5, 343, '{place}', '2022-08-10');
INSERT INTO "vocabulary"."definition" ("id", "vocabulary_id", "sort_rank", "value") VALUES ('75d977f5-c72b-521d-802b-4b3706afd4c3', 'fe1b8cc3-30c4-49ce-90de-e60514fdf437', 1, 'park');
INSERT INTO "vocabulary"."spelling" ("id", "vocabulary_id", "spelling_kind_code", "value") VALUES ('5fc9c206-a5e1-5f40-8f67-71a8e33db494', 'fe1b8cc3-30c4-49ce-90de-e60514fdf437', 'KANJI', '公園');
INSERT INTO "vocabulary"."spelling" ("id", "vocabulary_id", "spelling_kind_code", "value") VALUES ('9e664d7d-f838-5f3e-8a6c-ac531b253d76', 'fe1b8cc3-30c4-49ce-90de-e60514fdf437', 'HIRAGANA', 'こうえん');
INSERT INTO "vocabulary"."spelling" ("id", "vocabulary_id", "spelling_kind_code", "value") VALUES ('28c64038-4614-5c60-bb46-cbf8e1516ac2', 'fe1b8cc3-30c4-49ce-90de-e60514fdf437', 'KANJI', '公園');
INSERT INTO "vocabulary"."linkages" ("vocabulary_id", "preferred_definition_id", "preferred_spelling_id", "phonetic_spelling_id", "alt_phonetic_spelling_id", "kanji_spelling_id", "conjugation_set_id") VALUES ('fe1b8cc3-30c4-49ce-90de-e60514fdf437', '75d977f5-c72b-521d-802b-4b3706afd4c3', '5fc9c206-a5e1-5f40-8f67-71a8e33db494', '9e664d7d-f838-5f3e-8a6c-ac531b253d76', NULL, '28c64038-4614-5c60-bb46-cbf8e1516ac2', NULL);
INSERT INTO "vocabulary"."reference" ("vocabulary_id", "lesson_code") VALUES ('fe1b8cc3-30c4-49ce-90de-e60514fdf437', 'GENKI3_L04');
-- スーパー | supermarket --;
INSERT INTO "vocabulary"."vocabulary" ("id", "word_class_code", "conjugation_kind_code", "jlpt_level", "row_num", "tags", "date_added") VALUES ('1e29f308-89f0-4c1d-bef5-323b3fdb1ca7', 'NOUN', NULL, NULL, 344, '{place}', '2022-08-10');
INSERT INTO "vocabulary"."definition" ("id", "vocabulary_id", "sort_rank", "value") VALUES ('274b9447-54e8-514c-8d46-2ced2a728d7f', '1e29f308-89f0-4c1d-bef5-323b3fdb1ca7', 1, 'supermarket');
INSERT INTO "vocabulary"."spelling" ("id", "vocabulary_id", "spelling_kind_code", "value") VALUES ('b8c37877-6aa7-5a79-a5fb-8cd5af1669f7', '1e29f308-89f0-4c1d-bef5-323b3fdb1ca7', 'KATAKANA', 'スーパー');
INSERT INTO "vocabulary"."spelling" ("id", "vocabulary_id", "spelling_kind_code", "value") VALUES ('a349b535-5c90-5630-ba1a-226d9c3303b2', '1e29f308-89f0-4c1d-bef5-323b3fdb1ca7', 'HIRAGANA', 'すうぱあ');
INSERT INTO "vocabulary"."linkages" ("vocabulary_id", "preferred_definition_id", "preferred_spelling_id", "phonetic_spelling_id", "alt_phonetic_spelling_id", "kanji_spelling_id", "conjugation_set_id") VALUES ('1e29f308-89f0-4c1d-bef5-323b3fdb1ca7', '274b9447-54e8-514c-8d46-2ced2a728d7f', 'b8c37877-6aa7-5a79-a5fb-8cd5af1669f7', 'a349b535-5c90-5630-ba1a-226d9c3303b2', NULL, NULL, NULL);
INSERT INTO "vocabulary"."reference" ("vocabulary_id", "lesson_code") VALUES ('1e29f308-89f0-4c1d-bef5-323b3fdb1ca7', 'GENKI3_L04');
-- バス停 | bus stop --;
INSERT INTO "vocabulary"."vocabulary" ("id", "word_class_code", "conjugation_kind_code", "jlpt_level", "row_num", "tags", "date_added") VALUES ('c406dd1a-75be-4283-97ee-5c7c31f904ed', 'NOUN', NULL, NULL, 345, '{place}', '2022-08-10');
INSERT INTO "vocabulary"."definition" ("id", "vocabulary_id", "sort_rank", "value") VALUES ('3c8f2f0b-0591-5150-afdc-6b19d5487156', 'c406dd1a-75be-4283-97ee-5c7c31f904ed', 1, 'bus stop');
INSERT INTO "vocabulary"."spelling" ("id", "vocabulary_id", "spelling_kind_code", "value") VALUES ('b2e078ac-8c7e-5638-ac94-866f287afb35', 'c406dd1a-75be-4283-97ee-5c7c31f904ed', 'KANJI', 'バス停');
INSERT INTO "vocabulary"."spelling" ("id", "vocabulary_id", "spelling_kind_code", "value") VALUES ('731f98ed-81dc-5722-80d2-1b0632c42230', 'c406dd1a-75be-4283-97ee-5c7c31f904ed', 'HIRAGANA', 'ばすてい');
INSERT INTO "vocabulary"."spelling" ("id", "vocabulary_id", "spelling_kind_code", "value") VALUES ('65c540f8-b9cf-5c5a-9f2f-9ab14bd4c04f', 'c406dd1a-75be-4283-97ee-5c7c31f904ed', 'KANJI', 'バス停');
INSERT INTO "vocabulary"."linkages" ("vocabulary_id", "preferred_definition_id", "preferred_spelling_id", "phonetic_spelling_id", "alt_phonetic_spelling_id", "kanji_spelling_id", "conjugation_set_id") VALUES ('c406dd1a-75be-4283-97ee-5c7c31f904ed', '3c8f2f0b-0591-5150-afdc-6b19d5487156', 'b2e078ac-8c7e-5638-ac94-866f287afb35', '731f98ed-81dc-5722-80d2-1b0632c42230', NULL, '65c540f8-b9cf-5c5a-9f2f-9ab14bd4c04f', NULL);
INSERT INTO "vocabulary"."reference" ("vocabulary_id", "lesson_code") VALUES ('c406dd1a-75be-4283-97ee-5c7c31f904ed', 'GENKI3_L04');
-- 病院 | hospital --;
INSERT INTO "vocabulary"."vocabulary" ("id", "word_class_code", "conjugation_kind_code", "jlpt_level", "row_num", "tags", "date_added") VALUES ('850f7735-fa14-49d2-9879-20d8a47dc0e8', 'NOUN', NULL, 5, 346, '{place}', '2022-08-10');
INSERT INTO "vocabulary"."definition" ("id", "vocabulary_id", "sort_rank", "value") VALUES ('3359f124-08fe-5b5a-b073-64227e9f53d5', '850f7735-fa14-49d2-9879-20d8a47dc0e8', 1, 'hospital');
INSERT INTO "vocabulary"."spelling" ("id", "vocabulary_id", "spelling_kind_code", "value") VALUES ('573646f7-9a7d-5e03-8a80-6de3f728521e', '850f7735-fa14-49d2-9879-20d8a47dc0e8', 'KANJI', '病院');
INSERT INTO "vocabulary"."spelling" ("id", "vocabulary_id", "spelling_kind_code", "value") VALUES ('53e5f4dd-ff8d-5a83-b252-96bfa3ec3f2d', '850f7735-fa14-49d2-9879-20d8a47dc0e8', 'HIRAGANA', 'びょういん');
INSERT INTO "vocabulary"."spelling" ("id", "vocabulary_id", "spelling_kind_code", "value") VALUES ('8da7f5e0-60e2-592c-a8b0-7452aa5fa906', '850f7735-fa14-49d2-9879-20d8a47dc0e8', 'KANJI', '病院');
INSERT INTO "vocabulary"."linkages" ("vocabulary_id", "preferred_definition_id", "preferred_spelling_id", "phonetic_spelling_id", "alt_phonetic_spelling_id", "kanji_spelling_id", "conjugation_set_id") VALUES ('850f7735-fa14-49d2-9879-20d8a47dc0e8', '3359f124-08fe-5b5a-b073-64227e9f53d5', '573646f7-9a7d-5e03-8a80-6de3f728521e', '53e5f4dd-ff8d-5a83-b252-96bfa3ec3f2d', NULL, '8da7f5e0-60e2-592c-a8b0-7452aa5fa906', NULL);
INSERT INTO "vocabulary"."reference" ("vocabulary_id", "lesson_code") VALUES ('850f7735-fa14-49d2-9879-20d8a47dc0e8', 'GENKI3_L04');
-- ホテル | hotel --;
INSERT INTO "vocabulary"."vocabulary" ("id", "word_class_code", "conjugation_kind_code", "jlpt_level", "row_num", "tags", "date_added") VALUES ('19bda9d8-1bbf-4d7b-8388-8375d9480918', 'NOUN', NULL, 5, 347, '{place}', '2022-08-10');
INSERT INTO "vocabulary"."definition" ("id", "vocabulary_id", "sort_rank", "value") VALUES ('12834e05-1e41-5c29-88be-5e6d2085b7bb', '19bda9d8-1bbf-4d7b-8388-8375d9480918', 1, 'hotel');
INSERT INTO "vocabulary"."spelling" ("id", "vocabulary_id", "spelling_kind_code", "value") VALUES ('37721a25-0ccd-55f5-9a63-bb614fa7562b', '19bda9d8-1bbf-4d7b-8388-8375d9480918', 'KATAKANA', 'ホテル');
INSERT INTO "vocabulary"."spelling" ("id", "vocabulary_id", "spelling_kind_code", "value") VALUES ('ab5377f8-4d7a-5752-923a-3a663b092d24', '19bda9d8-1bbf-4d7b-8388-8375d9480918', 'HIRAGANA', 'ほてる');
INSERT INTO "vocabulary"."linkages" ("vocabulary_id", "preferred_definition_id", "preferred_spelling_id", "phonetic_spelling_id", "alt_phonetic_spelling_id", "kanji_spelling_id", "conjugation_set_id") VALUES ('19bda9d8-1bbf-4d7b-8388-8375d9480918', '12834e05-1e41-5c29-88be-5e6d2085b7bb', '37721a25-0ccd-55f5-9a63-bb614fa7562b', 'ab5377f8-4d7a-5752-923a-3a663b092d24', NULL, NULL, NULL);
INSERT INTO "vocabulary"."reference" ("vocabulary_id", "lesson_code") VALUES ('19bda9d8-1bbf-4d7b-8388-8375d9480918', 'GENKI3_L04');
-- 本屋 | bookstore --;
INSERT INTO "vocabulary"."vocabulary" ("id", "word_class_code", "conjugation_kind_code", "jlpt_level", "row_num", "tags", "date_added") VALUES ('e0b533e8-f938-4c93-b5fc-cbf9a5efbc9c', 'NOUN', NULL, NULL, 348, '{place}', '2022-08-10');
INSERT INTO "vocabulary"."definition" ("id", "vocabulary_id", "sort_rank", "value") VALUES ('0ab1d4ce-f312-5116-a8f1-99c31473cf18', 'e0b533e8-f938-4c93-b5fc-cbf9a5efbc9c', 1, 'bookstore');
INSERT INTO "vocabulary"."spelling" ("id", "vocabulary_id", "spelling_kind_code", "value") VALUES ('6698875a-0cc5-57e0-91da-c899d5b2baa6', 'e0b533e8-f938-4c93-b5fc-cbf9a5efbc9c', 'KANJI', '本屋');
INSERT INTO "vocabulary"."spelling" ("id", "vocabulary_id", "spelling_kind_code", "value") VALUES ('bad491dc-16a6-5e8a-b579-311ffcdb0d05', 'e0b533e8-f938-4c93-b5fc-cbf9a5efbc9c', 'HIRAGANA', 'ほんや');
INSERT INTO "vocabulary"."spelling" ("id", "vocabulary_id", "spelling_kind_code", "value") VALUES ('9b6387bb-1d88-50e4-8140-135077d513f1', 'e0b533e8-f938-4c93-b5fc-cbf9a5efbc9c', 'KANJI', '本屋');
INSERT INTO "vocabulary"."linkages" ("vocabulary_id", "preferred_definition_id", "preferred_spelling_id", "phonetic_spelling_id", "alt_phonetic_spelling_id", "kanji_spelling_id", "conjugation_set_id") VALUES ('e0b533e8-f938-4c93-b5fc-cbf9a5efbc9c', '0ab1d4ce-f312-5116-a8f1-99c31473cf18', '6698875a-0cc5-57e0-91da-c899d5b2baa6', 'bad491dc-16a6-5e8a-b579-311ffcdb0d05', NULL, '9b6387bb-1d88-50e4-8140-135077d513f1', NULL);
INSERT INTO "vocabulary"."reference" ("vocabulary_id", "lesson_code") VALUES ('e0b533e8-f938-4c93-b5fc-cbf9a5efbc9c', 'GENKI3_L04');
-- 町 | town; city --;
INSERT INTO "vocabulary"."vocabulary" ("id", "word_class_code", "conjugation_kind_code", "jlpt_level", "row_num", "tags", "date_added") VALUES ('ddb16a7a-e9c0-4cce-ac65-ea78d074fce8', 'NOUN', NULL, 5, 349, '{place}', '2022-08-10');
INSERT INTO "vocabulary"."definition" ("id", "vocabulary_id", "sort_rank", "value") VALUES ('bc186859-f286-5412-980a-19db3857a361', 'ddb16a7a-e9c0-4cce-ac65-ea78d074fce8', 1, 'town; city');
INSERT INTO "vocabulary"."spelling" ("id", "vocabulary_id", "spelling_kind_code", "value") VALUES ('f6fab74d-c3a7-5da1-8fe6-52e9604da8c7', 'ddb16a7a-e9c0-4cce-ac65-ea78d074fce8', 'KANJI', '町');
INSERT INTO "vocabulary"."spelling" ("id", "vocabulary_id", "spelling_kind_code", "value") VALUES ('14efde69-6724-56a0-a852-7b25f599452c', 'ddb16a7a-e9c0-4cce-ac65-ea78d074fce8', 'HIRAGANA', 'まち');
INSERT INTO "vocabulary"."spelling" ("id", "vocabulary_id", "spelling_kind_code", "value") VALUES ('65158944-cc94-5914-a5b2-bd87aa190532', 'ddb16a7a-e9c0-4cce-ac65-ea78d074fce8', 'KANJI', '町');
INSERT INTO "vocabulary"."linkages" ("vocabulary_id", "preferred_definition_id", "preferred_spelling_id", "phonetic_spelling_id", "alt_phonetic_spelling_id", "kanji_spelling_id", "conjugation_set_id") VALUES ('ddb16a7a-e9c0-4cce-ac65-ea78d074fce8', 'bc186859-f286-5412-980a-19db3857a361', 'f6fab74d-c3a7-5da1-8fe6-52e9604da8c7', '14efde69-6724-56a0-a852-7b25f599452c', NULL, '65158944-cc94-5914-a5b2-bd87aa190532', NULL);
INSERT INTO "vocabulary"."reference" ("vocabulary_id", "lesson_code") VALUES ('ddb16a7a-e9c0-4cce-ac65-ea78d074fce8', 'GENKI3_L04');
-- レストラン | restaurant --;
INSERT INTO "vocabulary"."vocabulary" ("id", "word_class_code", "conjugation_kind_code", "jlpt_level", "row_num", "tags", "date_added") VALUES ('470f29e2-10f1-4d28-9d80-d40f15fc171a', 'NOUN', NULL, 5, 350, '{place}', '2022-08-10');
INSERT INTO "vocabulary"."definition" ("id", "vocabulary_id", "sort_rank", "value") VALUES ('4263d14c-b5ba-5e91-b732-292571cc3d27', '470f29e2-10f1-4d28-9d80-d40f15fc171a', 1, 'restaurant');
INSERT INTO "vocabulary"."spelling" ("id", "vocabulary_id", "spelling_kind_code", "value") VALUES ('44e4c959-958c-5fec-b296-0147d822a5cd', '470f29e2-10f1-4d28-9d80-d40f15fc171a', 'KATAKANA', 'レストラン');
INSERT INTO "vocabulary"."spelling" ("id", "vocabulary_id", "spelling_kind_code", "value") VALUES ('6405fe90-3ee3-5d03-afcf-af5439a773fa', '470f29e2-10f1-4d28-9d80-d40f15fc171a', 'HIRAGANA', 'れすとらん');
INSERT INTO "vocabulary"."linkages" ("vocabulary_id", "preferred_definition_id", "preferred_spelling_id", "phonetic_spelling_id", "alt_phonetic_spelling_id", "kanji_spelling_id", "conjugation_set_id") VALUES ('470f29e2-10f1-4d28-9d80-d40f15fc171a', '4263d14c-b5ba-5e91-b732-292571cc3d27', '44e4c959-958c-5fec-b296-0147d822a5cd', '6405fe90-3ee3-5d03-afcf-af5439a773fa', NULL, NULL, NULL);
INSERT INTO "vocabulary"."reference" ("vocabulary_id", "lesson_code") VALUES ('470f29e2-10f1-4d28-9d80-d40f15fc171a', 'GENKI3_L04');
-- 昨日 | yesterday --;
INSERT INTO "vocabulary"."vocabulary" ("id", "word_class_code", "conjugation_kind_code", "jlpt_level", "row_num", "tags", "date_added") VALUES ('d5575534-34bf-41fc-a7df-2ed647e61a05', 'NOUN', NULL, 5, 351, '{time}', '2022-08-10');
INSERT INTO "vocabulary"."definition" ("id", "vocabulary_id", "sort_rank", "value") VALUES ('76fe3e22-7b34-5117-8831-5b8b6c94e71b', 'd5575534-34bf-41fc-a7df-2ed647e61a05', 1, 'yesterday');
INSERT INTO "vocabulary"."spelling" ("id", "vocabulary_id", "spelling_kind_code", "value") VALUES ('2efe50a4-ef01-5d40-9250-1911ef3b2a53', 'd5575534-34bf-41fc-a7df-2ed647e61a05', 'KANJI', '昨日');
INSERT INTO "vocabulary"."spelling" ("id", "vocabulary_id", "spelling_kind_code", "value") VALUES ('e9e748a8-7d85-5292-9af7-e393632676f4', 'd5575534-34bf-41fc-a7df-2ed647e61a05', 'HIRAGANA', 'きのう');
INSERT INTO "vocabulary"."spelling" ("id", "vocabulary_id", "spelling_kind_code", "value") VALUES ('a433f7a6-2add-5d58-925b-a85e50fff17f', 'd5575534-34bf-41fc-a7df-2ed647e61a05', 'KANJI', '昨日');
INSERT INTO "vocabulary"."linkages" ("vocabulary_id", "preferred_definition_id", "preferred_spelling_id", "phonetic_spelling_id", "alt_phonetic_spelling_id", "kanji_spelling_id", "conjugation_set_id") VALUES ('d5575534-34bf-41fc-a7df-2ed647e61a05', '76fe3e22-7b34-5117-8831-5b8b6c94e71b', '2efe50a4-ef01-5d40-9250-1911ef3b2a53', 'e9e748a8-7d85-5292-9af7-e393632676f4', NULL, 'a433f7a6-2add-5d58-925b-a85e50fff17f', NULL);
INSERT INTO "vocabulary"."reference" ("vocabulary_id", "lesson_code") VALUES ('d5575534-34bf-41fc-a7df-2ed647e61a05', 'GENKI3_L04');
-- 〜時間 | ...hours; time --;
INSERT INTO "vocabulary"."vocabulary" ("id", "word_class_code", "conjugation_kind_code", "jlpt_level", "row_num", "tags", "date_added") VALUES ('819a835d-a6be-4c08-a364-8907b1226bbf', 'NOUN', NULL, 5, 352, '{time}', '2022-08-10');
INSERT INTO "vocabulary"."definition" ("id", "vocabulary_id", "sort_rank", "value") VALUES ('9dde9799-c196-55d2-bbde-319e9baeda34', '819a835d-a6be-4c08-a364-8907b1226bbf', 1, '...hours; time');
INSERT INTO "vocabulary"."spelling" ("id", "vocabulary_id", "spelling_kind_code", "value") VALUES ('bdcfb8de-1e77-552c-9119-1f726dd815a4', '819a835d-a6be-4c08-a364-8907b1226bbf', 'KANJI', '〜時間');
INSERT INTO "vocabulary"."spelling" ("id", "vocabulary_id", "spelling_kind_code", "value") VALUES ('8f7be391-f9a0-554d-86b5-b7fd6cb97ba1', '819a835d-a6be-4c08-a364-8907b1226bbf', 'HIRAGANA', 'じかん');
INSERT INTO "vocabulary"."spelling" ("id", "vocabulary_id", "spelling_kind_code", "value") VALUES ('9162f316-b854-5a36-b550-b9c4b1ece7fe', '819a835d-a6be-4c08-a364-8907b1226bbf', 'KANJI', '〜時間');
INSERT INTO "vocabulary"."linkages" ("vocabulary_id", "preferred_definition_id", "preferred_spelling_id", "phonetic_spelling_id", "alt_phonetic_spelling_id", "kanji_spelling_id", "conjugation_set_id") VALUES ('819a835d-a6be-4c08-a364-8907b1226bbf', '9dde9799-c196-55d2-bbde-319e9baeda34', 'bdcfb8de-1e77-552c-9119-1f726dd815a4', '8f7be391-f9a0-554d-86b5-b7fd6cb97ba1', NULL, '9162f316-b854-5a36-b550-b9c4b1ece7fe', NULL);
INSERT INTO "vocabulary"."reference" ("vocabulary_id", "lesson_code") VALUES ('819a835d-a6be-4c08-a364-8907b1226bbf', 'GENKI3_L04');
-- 先週 | last week --;
INSERT INTO "vocabulary"."vocabulary" ("id", "word_class_code", "conjugation_kind_code", "jlpt_level", "row_num", "tags", "date_added") VALUES ('30e8ffe0-74a6-411b-957d-5ee3277bd853', 'NOUN', NULL, 5, 353, '{time}', '2022-08-10');
INSERT INTO "vocabulary"."definition" ("id", "vocabulary_id", "sort_rank", "value") VALUES ('a85d7754-841c-50ff-9344-f9352aa38d44', '30e8ffe0-74a6-411b-957d-5ee3277bd853', 1, 'last week');
INSERT INTO "vocabulary"."spelling" ("id", "vocabulary_id", "spelling_kind_code", "value") VALUES ('d9218307-caf3-5ea6-9a2a-832fe0e7c160', '30e8ffe0-74a6-411b-957d-5ee3277bd853', 'KANJI', '先週');
INSERT INTO "vocabulary"."spelling" ("id", "vocabulary_id", "spelling_kind_code", "value") VALUES ('2f062086-efba-5437-a400-15864b35feef', '30e8ffe0-74a6-411b-957d-5ee3277bd853', 'HIRAGANA', 'せんしゅう');
INSERT INTO "vocabulary"."spelling" ("id", "vocabulary_id", "spelling_kind_code", "value") VALUES ('2f876113-bfbe-5ab5-9f5a-1a4dc6c387c5', '30e8ffe0-74a6-411b-957d-5ee3277bd853', 'KANJI', '先週');
INSERT INTO "vocabulary"."linkages" ("vocabulary_id", "preferred_definition_id", "preferred_spelling_id", "phonetic_spelling_id", "alt_phonetic_spelling_id", "kanji_spelling_id", "conjugation_set_id") VALUES ('30e8ffe0-74a6-411b-957d-5ee3277bd853', 'a85d7754-841c-50ff-9344-f9352aa38d44', 'd9218307-caf3-5ea6-9a2a-832fe0e7c160', '2f062086-efba-5437-a400-15864b35feef', NULL, '2f876113-bfbe-5ab5-9f5a-1a4dc6c387c5', NULL);
INSERT INTO "vocabulary"."reference" ("vocabulary_id", "lesson_code") VALUES ('30e8ffe0-74a6-411b-957d-5ee3277bd853', 'GENKI3_L04');
-- 時 | when...; at the time of... --;
INSERT INTO "vocabulary"."vocabulary" ("id", "word_class_code", "conjugation_kind_code", "jlpt_level", "row_num", "tags", "date_added") VALUES ('585f82ea-6a6a-4005-b3a6-ed57442a6ed9', 'NOUN', NULL, 3, 354, '{time}', '2022-08-10');
INSERT INTO "vocabulary"."definition" ("id", "vocabulary_id", "sort_rank", "value") VALUES ('3a48ad5e-0d21-5535-8a78-d87a71a1e842', '585f82ea-6a6a-4005-b3a6-ed57442a6ed9', 1, 'when...; at the time of...');
INSERT INTO "vocabulary"."spelling" ("id", "vocabulary_id", "spelling_kind_code", "value") VALUES ('07a930cd-e049-5340-8b2d-19065652c445', '585f82ea-6a6a-4005-b3a6-ed57442a6ed9', 'KANJI', '時');
INSERT INTO "vocabulary"."spelling" ("id", "vocabulary_id", "spelling_kind_code", "value") VALUES ('57f0c3f1-93c2-5d4b-a184-1e28a1617028', '585f82ea-6a6a-4005-b3a6-ed57442a6ed9', 'HIRAGANA', 'とき');
INSERT INTO "vocabulary"."spelling" ("id", "vocabulary_id", "spelling_kind_code", "value") VALUES ('339ac1b7-0acb-506c-a544-26b159a4256c', '585f82ea-6a6a-4005-b3a6-ed57442a6ed9', 'KANJI', '時');
INSERT INTO "vocabulary"."linkages" ("vocabulary_id", "preferred_definition_id", "preferred_spelling_id", "phonetic_spelling_id", "alt_phonetic_spelling_id", "kanji_spelling_id", "conjugation_set_id") VALUES ('585f82ea-6a6a-4005-b3a6-ed57442a6ed9', '3a48ad5e-0d21-5535-8a78-d87a71a1e842', '07a930cd-e049-5340-8b2d-19065652c445', '57f0c3f1-93c2-5d4b-a184-1e28a1617028', NULL, '339ac1b7-0acb-506c-a544-26b159a4256c', NULL);
INSERT INTO "vocabulary"."reference" ("vocabulary_id", "lesson_code") VALUES ('585f82ea-6a6a-4005-b3a6-ed57442a6ed9', 'GENKI3_L04');
-- 月曜日 | Monday --;
INSERT INTO "vocabulary"."vocabulary" ("id", "word_class_code", "conjugation_kind_code", "jlpt_level", "row_num", "tags", "date_added") VALUES ('7e9e71f3-ca82-40b2-9190-e8df09a60b70', 'NOUN', NULL, 5, 355, '{time}', '2022-08-10');
INSERT INTO "vocabulary"."definition" ("id", "vocabulary_id", "sort_rank", "value") VALUES ('8442498f-d581-51d8-86cc-7b3f368270f3', '7e9e71f3-ca82-40b2-9190-e8df09a60b70', 1, 'Monday');
INSERT INTO "vocabulary"."spelling" ("id", "vocabulary_id", "spelling_kind_code", "value") VALUES ('251a4972-017a-5107-884c-ac591f32798f', '7e9e71f3-ca82-40b2-9190-e8df09a60b70', 'KANJI', '月曜日');
INSERT INTO "vocabulary"."spelling" ("id", "vocabulary_id", "spelling_kind_code", "value") VALUES ('3380a23a-265d-5136-9628-27434962508f', '7e9e71f3-ca82-40b2-9190-e8df09a60b70', 'HIRAGANA', 'げつようび');
INSERT INTO "vocabulary"."spelling" ("id", "vocabulary_id", "spelling_kind_code", "value") VALUES ('a84f395b-be5f-5e97-bd58-408be76c230c', '7e9e71f3-ca82-40b2-9190-e8df09a60b70', 'KANJI', '月曜日');
INSERT INTO "vocabulary"."linkages" ("vocabulary_id", "preferred_definition_id", "preferred_spelling_id", "phonetic_spelling_id", "alt_phonetic_spelling_id", "kanji_spelling_id", "conjugation_set_id") VALUES ('7e9e71f3-ca82-40b2-9190-e8df09a60b70', '8442498f-d581-51d8-86cc-7b3f368270f3', '251a4972-017a-5107-884c-ac591f32798f', '3380a23a-265d-5136-9628-27434962508f', NULL, 'a84f395b-be5f-5e97-bd58-408be76c230c', NULL);
INSERT INTO "vocabulary"."reference" ("vocabulary_id", "lesson_code") VALUES ('7e9e71f3-ca82-40b2-9190-e8df09a60b70', 'GENKI3_L04');
-- 火曜日 | Tuesday --;
INSERT INTO "vocabulary"."vocabulary" ("id", "word_class_code", "conjugation_kind_code", "jlpt_level", "row_num", "tags", "date_added") VALUES ('a7f63c04-eeb1-4cc9-b9e7-93c5aef67195', 'NOUN', NULL, 5, 356, '{time}', '2022-08-10');
INSERT INTO "vocabulary"."definition" ("id", "vocabulary_id", "sort_rank", "value") VALUES ('d47c6e35-8525-563f-8868-59abadfa931b', 'a7f63c04-eeb1-4cc9-b9e7-93c5aef67195', 1, 'Tuesday');
INSERT INTO "vocabulary"."spelling" ("id", "vocabulary_id", "spelling_kind_code", "value") VALUES ('ae5de199-5928-5bd9-8bba-c94b35105b4f', 'a7f63c04-eeb1-4cc9-b9e7-93c5aef67195', 'KANJI', '火曜日');
INSERT INTO "vocabulary"."spelling" ("id", "vocabulary_id", "spelling_kind_code", "value") VALUES ('89b44808-5561-5a65-9dbe-c1e4ca88baea', 'a7f63c04-eeb1-4cc9-b9e7-93c5aef67195', 'HIRAGANA', 'かようび');
INSERT INTO "vocabulary"."spelling" ("id", "vocabulary_id", "spelling_kind_code", "value") VALUES ('15c634b4-e13c-5b0c-a3f0-cb5259d211b6', 'a7f63c04-eeb1-4cc9-b9e7-93c5aef67195', 'KANJI', '火曜日');
INSERT INTO "vocabulary"."linkages" ("vocabulary_id", "preferred_definition_id", "preferred_spelling_id", "phonetic_spelling_id", "alt_phonetic_spelling_id", "kanji_spelling_id", "conjugation_set_id") VALUES ('a7f63c04-eeb1-4cc9-b9e7-93c5aef67195', 'd47c6e35-8525-563f-8868-59abadfa931b', 'ae5de199-5928-5bd9-8bba-c94b35105b4f', '89b44808-5561-5a65-9dbe-c1e4ca88baea', NULL, '15c634b4-e13c-5b0c-a3f0-cb5259d211b6', NULL);
INSERT INTO "vocabulary"."reference" ("vocabulary_id", "lesson_code") VALUES ('a7f63c04-eeb1-4cc9-b9e7-93c5aef67195', 'GENKI3_L04');
-- 水曜日 | Wednesday --;
INSERT INTO "vocabulary"."vocabulary" ("id", "word_class_code", "conjugation_kind_code", "jlpt_level", "row_num", "tags", "date_added") VALUES ('b7290a17-b80a-4663-84b4-fb97c53ac10e', 'NOUN', NULL, 5, 357, '{time}', '2022-08-10');
INSERT INTO "vocabulary"."definition" ("id", "vocabulary_id", "sort_rank", "value") VALUES ('f8190b05-37c5-55a2-9e9d-d4f848877d84', 'b7290a17-b80a-4663-84b4-fb97c53ac10e', 1, 'Wednesday');
INSERT INTO "vocabulary"."spelling" ("id", "vocabulary_id", "spelling_kind_code", "value") VALUES ('12a0e753-081e-58d0-a126-2d08fe9a91f7', 'b7290a17-b80a-4663-84b4-fb97c53ac10e', 'KANJI', '水曜日');
INSERT INTO "vocabulary"."spelling" ("id", "vocabulary_id", "spelling_kind_code", "value") VALUES ('d428d9ed-5d37-5cc3-a776-730f0e18df0a', 'b7290a17-b80a-4663-84b4-fb97c53ac10e', 'HIRAGANA', 'すいようび');
INSERT INTO "vocabulary"."spelling" ("id", "vocabulary_id", "spelling_kind_code", "value") VALUES ('55480e26-c79a-5afd-9933-c42d3996e1e4', 'b7290a17-b80a-4663-84b4-fb97c53ac10e', 'KANJI', '水曜日');
INSERT INTO "vocabulary"."linkages" ("vocabulary_id", "preferred_definition_id", "preferred_spelling_id", "phonetic_spelling_id", "alt_phonetic_spelling_id", "kanji_spelling_id", "conjugation_set_id") VALUES ('b7290a17-b80a-4663-84b4-fb97c53ac10e', 'f8190b05-37c5-55a2-9e9d-d4f848877d84', '12a0e753-081e-58d0-a126-2d08fe9a91f7', 'd428d9ed-5d37-5cc3-a776-730f0e18df0a', NULL, '55480e26-c79a-5afd-9933-c42d3996e1e4', NULL);
INSERT INTO "vocabulary"."reference" ("vocabulary_id", "lesson_code") VALUES ('b7290a17-b80a-4663-84b4-fb97c53ac10e', 'GENKI3_L04');
-- 木曜日 | Thursday --;
INSERT INTO "vocabulary"."vocabulary" ("id", "word_class_code", "conjugation_kind_code", "jlpt_level", "row_num", "tags", "date_added") VALUES ('29385baf-a573-49a4-b4b5-0119dae49df3', 'NOUN', NULL, 5, 358, '{time}', '2022-08-10');
INSERT INTO "vocabulary"."definition" ("id", "vocabulary_id", "sort_rank", "value") VALUES ('71f7ccf4-c313-51ed-861f-1ccae7362f4f', '29385baf-a573-49a4-b4b5-0119dae49df3', 1, 'Thursday');
INSERT INTO "vocabulary"."spelling" ("id", "vocabulary_id", "spelling_kind_code", "value") VALUES ('8402a1ec-e12a-5099-a7a4-746926b745e5', '29385baf-a573-49a4-b4b5-0119dae49df3', 'KANJI', '木曜日');
INSERT INTO "vocabulary"."spelling" ("id", "vocabulary_id", "spelling_kind_code", "value") VALUES ('0c6535ca-869c-52d4-a47f-bdb08267efa2', '29385baf-a573-49a4-b4b5-0119dae49df3', 'HIRAGANA', 'もくようび');
INSERT INTO "vocabulary"."spelling" ("id", "vocabulary_id", "spelling_kind_code", "value") VALUES ('acb1d69b-3b83-5de5-af65-31a78c504e18', '29385baf-a573-49a4-b4b5-0119dae49df3', 'KANJI', '木曜日');
INSERT INTO "vocabulary"."linkages" ("vocabulary_id", "preferred_definition_id", "preferred_spelling_id", "phonetic_spelling_id", "alt_phonetic_spelling_id", "kanji_spelling_id", "conjugation_set_id") VALUES ('29385baf-a573-49a4-b4b5-0119dae49df3', '71f7ccf4-c313-51ed-861f-1ccae7362f4f', '8402a1ec-e12a-5099-a7a4-746926b745e5', '0c6535ca-869c-52d4-a47f-bdb08267efa2', NULL, 'acb1d69b-3b83-5de5-af65-31a78c504e18', NULL);
INSERT INTO "vocabulary"."reference" ("vocabulary_id", "lesson_code") VALUES ('29385baf-a573-49a4-b4b5-0119dae49df3', 'GENKI3_L04');
-- 金曜日 | Friday --;
INSERT INTO "vocabulary"."vocabulary" ("id", "word_class_code", "conjugation_kind_code", "jlpt_level", "row_num", "tags", "date_added") VALUES ('1ecc5944-6007-4a9f-8153-41e50842b67a', 'NOUN', NULL, 5, 359, '{time}', '2022-08-10');
INSERT INTO "vocabulary"."definition" ("id", "vocabulary_id", "sort_rank", "value") VALUES ('38f71cca-05a6-5346-b183-6260a01b80de', '1ecc5944-6007-4a9f-8153-41e50842b67a', 1, 'Friday');
INSERT INTO "vocabulary"."spelling" ("id", "vocabulary_id", "spelling_kind_code", "value") VALUES ('fe5e702a-d50c-5119-a291-abafd82d7606', '1ecc5944-6007-4a9f-8153-41e50842b67a', 'KANJI', '金曜日');
INSERT INTO "vocabulary"."spelling" ("id", "vocabulary_id", "spelling_kind_code", "value") VALUES ('845a09a7-3dc0-5c64-8604-b392712016e9', '1ecc5944-6007-4a9f-8153-41e50842b67a', 'HIRAGANA', 'きんようび');
INSERT INTO "vocabulary"."spelling" ("id", "vocabulary_id", "spelling_kind_code", "value") VALUES ('27aaa0f1-41b5-5c9b-9e7d-b22a73a1f7fb', '1ecc5944-6007-4a9f-8153-41e50842b67a', 'KANJI', '金曜日');
INSERT INTO "vocabulary"."linkages" ("vocabulary_id", "preferred_definition_id", "preferred_spelling_id", "phonetic_spelling_id", "alt_phonetic_spelling_id", "kanji_spelling_id", "conjugation_set_id") VALUES ('1ecc5944-6007-4a9f-8153-41e50842b67a', '38f71cca-05a6-5346-b183-6260a01b80de', 'fe5e702a-d50c-5119-a291-abafd82d7606', '845a09a7-3dc0-5c64-8604-b392712016e9', NULL, '27aaa0f1-41b5-5c9b-9e7d-b22a73a1f7fb', NULL);
INSERT INTO "vocabulary"."reference" ("vocabulary_id", "lesson_code") VALUES ('1ecc5944-6007-4a9f-8153-41e50842b67a', 'GENKI3_L04');
-- いる | there exists... (animate) --;
INSERT INTO "vocabulary"."vocabulary" ("id", "word_class_code", "conjugation_kind_code", "jlpt_level", "row_num", "tags", "date_added") VALUES ('8728a06a-1e5b-436b-939a-b1d96a7d9f79', 'VERB', 'ICHIDAN_VERB', 5, 360, '{to_be_verb}', '2022-08-10');
INSERT INTO "vocabulary"."definition" ("id", "vocabulary_id", "sort_rank", "value") VALUES ('bd1624e1-a798-5968-8fa9-546f4d2a1ed6', '8728a06a-1e5b-436b-939a-b1d96a7d9f79', 1, 'there exists... (animate)');
INSERT INTO "vocabulary"."spelling" ("id", "vocabulary_id", "spelling_kind_code", "value") VALUES ('4b923b0d-559e-5893-b210-d0450cd507bb', '8728a06a-1e5b-436b-939a-b1d96a7d9f79', 'HIRAGANA', 'いる');
INSERT INTO "vocabulary"."spelling" ("id", "vocabulary_id", "spelling_kind_code", "value") VALUES ('59421101-08fc-5ad6-a81b-b50375726d61', '8728a06a-1e5b-436b-939a-b1d96a7d9f79', 'HIRAGANA', 'いる');
INSERT INTO "vocabulary"."conjugation_set" ("id", "vocabulary_id") VALUES ('4ac04c8d-e8aa-5ef6-b8f0-dc0507db2525', '8728a06a-1e5b-436b-939a-b1d96a7d9f79');
INSERT INTO "vocabulary"."linkages" ("vocabulary_id", "preferred_definition_id", "preferred_spelling_id", "phonetic_spelling_id", "alt_phonetic_spelling_id", "kanji_spelling_id", "conjugation_set_id") VALUES ('8728a06a-1e5b-436b-939a-b1d96a7d9f79', 'bd1624e1-a798-5968-8fa9-546f4d2a1ed6', '4b923b0d-559e-5893-b210-d0450cd507bb', '59421101-08fc-5ad6-a81b-b50375726d61', NULL, NULL, '4ac04c8d-e8aa-5ef6-b8f0-dc0507db2525');
INSERT INTO "vocabulary"."reference" ("vocabulary_id", "lesson_code") VALUES ('8728a06a-1e5b-436b-939a-b1d96a7d9f79', 'GENKI3_L04');
INSERT INTO "vocabulary"."conjugation" ("id", "conjugation_set_id", "politeness_code", "charge_code", "form_code", "sort_rank", "value") VALUES ('0ed8c8bf-bbcc-5e06-bae6-fcc0fda21b33', '4ac04c8d-e8aa-5ef6-b8f0-dc0507db2525', 'PLAIN', 'POSITIVE', 'PRESENT', 1, 'いる');
INSERT INTO "vocabulary"."conjugation" ("id", "conjugation_set_id", "politeness_code", "charge_code", "form_code", "sort_rank", "value") VALUES ('0578a88b-e3d3-5b76-a067-bc4c0a746343', '4ac04c8d-e8aa-5ef6-b8f0-dc0507db2525', 'PLAIN', 'POSITIVE', 'PAST', 1, 'いた');
INSERT INTO "vocabulary"."conjugation" ("id", "conjugation_set_id", "politeness_code", "charge_code", "form_code", "sort_rank", "value") VALUES ('ee91bfd2-6cab-5432-ac46-a71624dcf656', '4ac04c8d-e8aa-5ef6-b8f0-dc0507db2525', 'PLAIN', 'POSITIVE', 'TE', 1, 'いて');
INSERT INTO "vocabulary"."conjugation" ("id", "conjugation_set_id", "politeness_code", "charge_code", "form_code", "sort_rank", "value") VALUES ('5ba9e80b-3450-5f14-8153-bd6b6f7ede3c', '4ac04c8d-e8aa-5ef6-b8f0-dc0507db2525', 'PLAIN', 'NEGATIVE', 'PRESENT', 1, 'いない');
INSERT INTO "vocabulary"."conjugation" ("id", "conjugation_set_id", "politeness_code", "charge_code", "form_code", "sort_rank", "value") VALUES ('42b261d9-a275-5994-b04d-afae2d9a1d66', '4ac04c8d-e8aa-5ef6-b8f0-dc0507db2525', 'PLAIN', 'NEGATIVE', 'PAST', 1, 'いなかった');
INSERT INTO "vocabulary"."conjugation" ("id", "conjugation_set_id", "politeness_code", "charge_code", "form_code", "sort_rank", "value") VALUES ('ca18ea69-a1c5-57cd-a802-a0e3b24cde0c', '4ac04c8d-e8aa-5ef6-b8f0-dc0507db2525', 'PLAIN', 'NEGATIVE', 'TE', 1, 'いなくて');
INSERT INTO "vocabulary"."conjugation" ("id", "conjugation_set_id", "politeness_code", "charge_code", "form_code", "sort_rank", "value") VALUES ('e5fae54d-2443-50cf-afe5-53d46167d8a6', '4ac04c8d-e8aa-5ef6-b8f0-dc0507db2525', 'POLITE', 'POSITIVE', 'PRESENT', 1, 'います');
INSERT INTO "vocabulary"."conjugation" ("id", "conjugation_set_id", "politeness_code", "charge_code", "form_code", "sort_rank", "value") VALUES ('3fd6db35-42fa-58fb-bf5c-22d06f4a6e3b', '4ac04c8d-e8aa-5ef6-b8f0-dc0507db2525', 'POLITE', 'POSITIVE', 'PAST', 1, 'いました');
INSERT INTO "vocabulary"."conjugation" ("id", "conjugation_set_id", "politeness_code", "charge_code", "form_code", "sort_rank", "value") VALUES ('0f46f706-dd2b-5c5a-91bd-1873c045be9f', '4ac04c8d-e8aa-5ef6-b8f0-dc0507db2525', 'POLITE', 'NEGATIVE', 'PRESENT', 1, 'いません');
INSERT INTO "vocabulary"."conjugation" ("id", "conjugation_set_id", "politeness_code", "charge_code", "form_code", "sort_rank", "value") VALUES ('553f1641-8c76-5215-bfbb-90931057da93', '4ac04c8d-e8aa-5ef6-b8f0-dc0507db2525', 'POLITE', 'NEGATIVE', 'PAST', 1, 'いませんでした');
-- ある | there is... (inanimate) --;
INSERT INTO "vocabulary"."vocabulary" ("id", "word_class_code", "conjugation_kind_code", "jlpt_level", "row_num", "tags", "date_added") VALUES ('a4025eed-7054-4b18-b8ce-c90bc7ed6b00', 'VERB', 'GODAN_VERB', 5, 361, '{to_be_verb}', '2022-08-10');
INSERT INTO "vocabulary"."definition" ("id", "vocabulary_id", "sort_rank", "value") VALUES ('dd9022b4-6b3e-56e6-8ad2-372e5ae30b65', 'a4025eed-7054-4b18-b8ce-c90bc7ed6b00', 1, 'there is... (inanimate)');
INSERT INTO "vocabulary"."spelling" ("id", "vocabulary_id", "spelling_kind_code", "value") VALUES ('0abb42c2-2007-59dc-9e10-bc4d558108f2', 'a4025eed-7054-4b18-b8ce-c90bc7ed6b00', 'HIRAGANA', 'ある');
INSERT INTO "vocabulary"."spelling" ("id", "vocabulary_id", "spelling_kind_code", "value") VALUES ('674d009f-ae3e-525a-9c8e-1571f94d4b92', 'a4025eed-7054-4b18-b8ce-c90bc7ed6b00', 'HIRAGANA', 'ある');
INSERT INTO "vocabulary"."conjugation_set" ("id", "vocabulary_id") VALUES ('96d7e494-a6f8-5e99-8961-798539d23310', 'a4025eed-7054-4b18-b8ce-c90bc7ed6b00');
INSERT INTO "vocabulary"."linkages" ("vocabulary_id", "preferred_definition_id", "preferred_spelling_id", "phonetic_spelling_id", "alt_phonetic_spelling_id", "kanji_spelling_id", "conjugation_set_id") VALUES ('a4025eed-7054-4b18-b8ce-c90bc7ed6b00', 'dd9022b4-6b3e-56e6-8ad2-372e5ae30b65', '0abb42c2-2007-59dc-9e10-bc4d558108f2', '674d009f-ae3e-525a-9c8e-1571f94d4b92', NULL, NULL, '96d7e494-a6f8-5e99-8961-798539d23310');
INSERT INTO "vocabulary"."reference" ("vocabulary_id", "lesson_code") VALUES ('a4025eed-7054-4b18-b8ce-c90bc7ed6b00', 'GENKI3_L04');
INSERT INTO "vocabulary"."conjugation" ("id", "conjugation_set_id", "politeness_code", "charge_code", "form_code", "sort_rank", "value") VALUES ('2a20f133-a947-5d50-bcd7-b8747f2f4b56', '96d7e494-a6f8-5e99-8961-798539d23310', 'PLAIN', 'POSITIVE', 'PRESENT', 1, 'ある');
INSERT INTO "vocabulary"."conjugation" ("id", "conjugation_set_id", "politeness_code", "charge_code", "form_code", "sort_rank", "value") VALUES ('a7279765-e4ed-5ade-bfd2-db2b3e41cb8e', '96d7e494-a6f8-5e99-8961-798539d23310', 'PLAIN', 'POSITIVE', 'PAST', 1, 'あった');
INSERT INTO "vocabulary"."conjugation" ("id", "conjugation_set_id", "politeness_code", "charge_code", "form_code", "sort_rank", "value") VALUES ('0f6aa7bd-b73a-5f02-af42-bf18dd87b1bd', '96d7e494-a6f8-5e99-8961-798539d23310', 'PLAIN', 'POSITIVE', 'TE', 1, 'あって');
INSERT INTO "vocabulary"."conjugation" ("id", "conjugation_set_id", "politeness_code", "charge_code", "form_code", "sort_rank", "value") VALUES ('72de361b-a6dc-5b6a-9f6f-a4d3ce927daa', '96d7e494-a6f8-5e99-8961-798539d23310', 'PLAIN', 'NEGATIVE', 'PRESENT', 1, 'ない');
INSERT INTO "vocabulary"."conjugation" ("id", "conjugation_set_id", "politeness_code", "charge_code", "form_code", "sort_rank", "value") VALUES ('944a2988-ab56-5d61-88fb-489d14d79e3e', '96d7e494-a6f8-5e99-8961-798539d23310', 'PLAIN', 'NEGATIVE', 'PAST', 1, 'なかった');
INSERT INTO "vocabulary"."conjugation" ("id", "conjugation_set_id", "politeness_code", "charge_code", "form_code", "sort_rank", "value") VALUES ('74974414-a422-5381-b521-cd098df467e2', '96d7e494-a6f8-5e99-8961-798539d23310', 'PLAIN', 'NEGATIVE', 'TE', 1, 'なくて');
INSERT INTO "vocabulary"."conjugation" ("id", "conjugation_set_id", "politeness_code", "charge_code", "form_code", "sort_rank", "value") VALUES ('8acd5daa-af75-5539-ab76-fb34a087dbc0', '96d7e494-a6f8-5e99-8961-798539d23310', 'POLITE', 'POSITIVE', 'PRESENT', 1, 'あります');
INSERT INTO "vocabulary"."conjugation" ("id", "conjugation_set_id", "politeness_code", "charge_code", "form_code", "sort_rank", "value") VALUES ('46cbfdb5-2cc7-54c2-a435-47a46c0b1cd3', '96d7e494-a6f8-5e99-8961-798539d23310', 'POLITE', 'POSITIVE', 'PAST', 1, 'ありました');
INSERT INTO "vocabulary"."conjugation" ("id", "conjugation_set_id", "politeness_code", "charge_code", "form_code", "sort_rank", "value") VALUES ('ef842427-1ff1-5607-9870-777062dc2efb', '96d7e494-a6f8-5e99-8961-798539d23310', 'POLITE', 'NEGATIVE', 'PRESENT', 1, 'ありません');
INSERT INTO "vocabulary"."conjugation" ("id", "conjugation_set_id", "politeness_code", "charge_code", "form_code", "sort_rank", "value") VALUES ('de10aee2-49dd-5656-af82-42facca18f71', '96d7e494-a6f8-5e99-8961-798539d23310', 'POLITE', 'NEGATIVE', 'PAST', 1, 'ありませんでした');
-- 会う | to meet; to see a person --;
INSERT INTO "vocabulary"."vocabulary" ("id", "word_class_code", "conjugation_kind_code", "jlpt_level", "row_num", "tags", "date_added") VALUES ('a7c68ed2-5f08-4411-9030-42347f7d571f', 'VERB', 'GODAN_VERB', 5, 362, '{}', '2022-08-10');
INSERT INTO "vocabulary"."definition" ("id", "vocabulary_id", "sort_rank", "value") VALUES ('79056379-f239-5c4a-84c2-cddca11c68ff', 'a7c68ed2-5f08-4411-9030-42347f7d571f', 1, 'to meet; to see a person');
INSERT INTO "vocabulary"."spelling" ("id", "vocabulary_id", "spelling_kind_code", "value") VALUES ('75d2e1d0-26c2-50b0-9191-6e26b590aa41', 'a7c68ed2-5f08-4411-9030-42347f7d571f', 'KANJI', '会う');
INSERT INTO "vocabulary"."spelling" ("id", "vocabulary_id", "spelling_kind_code", "value") VALUES ('c842bfb6-229b-537e-9017-3885ebcc4f71', 'a7c68ed2-5f08-4411-9030-42347f7d571f', 'HIRAGANA', 'あう');
INSERT INTO "vocabulary"."spelling" ("id", "vocabulary_id", "spelling_kind_code", "value") VALUES ('8a0d6824-bebb-5e00-98ed-0fe67c5d73eb', 'a7c68ed2-5f08-4411-9030-42347f7d571f', 'KANJI', '会う');
INSERT INTO "vocabulary"."conjugation_set" ("id", "vocabulary_id") VALUES ('3b3075ba-9c33-5786-bfda-8b62f87b8a7b', 'a7c68ed2-5f08-4411-9030-42347f7d571f');
INSERT INTO "vocabulary"."linkages" ("vocabulary_id", "preferred_definition_id", "preferred_spelling_id", "phonetic_spelling_id", "alt_phonetic_spelling_id", "kanji_spelling_id", "conjugation_set_id") VALUES ('a7c68ed2-5f08-4411-9030-42347f7d571f', '79056379-f239-5c4a-84c2-cddca11c68ff', '75d2e1d0-26c2-50b0-9191-6e26b590aa41', 'c842bfb6-229b-537e-9017-3885ebcc4f71', NULL, '8a0d6824-bebb-5e00-98ed-0fe67c5d73eb', '3b3075ba-9c33-5786-bfda-8b62f87b8a7b');
INSERT INTO "vocabulary"."reference" ("vocabulary_id", "lesson_code") VALUES ('a7c68ed2-5f08-4411-9030-42347f7d571f', 'GENKI3_L04');
INSERT INTO "vocabulary"."conjugation" ("id", "conjugation_set_id", "politeness_code", "charge_code", "form_code", "sort_rank", "value") VALUES ('9d14b594-8831-578c-a19d-fba76f142161', '3b3075ba-9c33-5786-bfda-8b62f87b8a7b', 'PLAIN', 'POSITIVE', 'PRESENT', 1, '会う');
INSERT INTO "vocabulary"."conjugation" ("id", "conjugation_set_id", "politeness_code", "charge_code", "form_code", "sort_rank", "value") VALUES ('e91e698a-99ad-5e5d-9959-6dc1e982e4dc', '3b3075ba-9c33-5786-bfda-8b62f87b8a7b', 'PLAIN', 'POSITIVE', 'PAST', 1, '会った');
INSERT INTO "vocabulary"."conjugation" ("id", "conjugation_set_id", "politeness_code", "charge_code", "form_code", "sort_rank", "value") VALUES ('b18c4bd8-1218-52a2-a78a-3643fa4d413f', '3b3075ba-9c33-5786-bfda-8b62f87b8a7b', 'PLAIN', 'POSITIVE', 'TE', 1, '会って');
INSERT INTO "vocabulary"."conjugation" ("id", "conjugation_set_id", "politeness_code", "charge_code", "form_code", "sort_rank", "value") VALUES ('20715beb-6b7e-545c-9d94-57cb62926ed0', '3b3075ba-9c33-5786-bfda-8b62f87b8a7b', 'PLAIN', 'NEGATIVE', 'PRESENT', 1, '会わない');
INSERT INTO "vocabulary"."conjugation" ("id", "conjugation_set_id", "politeness_code", "charge_code", "form_code", "sort_rank", "value") VALUES ('73a9c2a7-e390-53e8-a686-a82a7892e4f6', '3b3075ba-9c33-5786-bfda-8b62f87b8a7b', 'PLAIN', 'NEGATIVE', 'PAST', 1, '会わなかった');
INSERT INTO "vocabulary"."conjugation" ("id", "conjugation_set_id", "politeness_code", "charge_code", "form_code", "sort_rank", "value") VALUES ('849d8072-01f7-55ab-9ca0-bcae7c977a61', '3b3075ba-9c33-5786-bfda-8b62f87b8a7b', 'PLAIN', 'NEGATIVE', 'TE', 1, '会わなくて');
INSERT INTO "vocabulary"."conjugation" ("id", "conjugation_set_id", "politeness_code", "charge_code", "form_code", "sort_rank", "value") VALUES ('5fdc078b-9cf8-56b4-8f0e-59d41e5d0433', '3b3075ba-9c33-5786-bfda-8b62f87b8a7b', 'POLITE', 'POSITIVE', 'PRESENT', 1, '会います');
INSERT INTO "vocabulary"."conjugation" ("id", "conjugation_set_id", "politeness_code", "charge_code", "form_code", "sort_rank", "value") VALUES ('9359f299-560e-5a34-966c-b5fa40f8f572', '3b3075ba-9c33-5786-bfda-8b62f87b8a7b', 'POLITE', 'POSITIVE', 'PAST', 1, '会いました');
INSERT INTO "vocabulary"."conjugation" ("id", "conjugation_set_id", "politeness_code", "charge_code", "form_code", "sort_rank", "value") VALUES ('4a8d8e68-8d56-5b1e-b916-ead88d30268f', '3b3075ba-9c33-5786-bfda-8b62f87b8a7b', 'POLITE', 'NEGATIVE', 'PRESENT', 1, '会いません');
INSERT INTO "vocabulary"."conjugation" ("id", "conjugation_set_id", "politeness_code", "charge_code", "form_code", "sort_rank", "value") VALUES ('ca84d6fd-c506-52fd-87c3-4c4f37c526d0', '3b3075ba-9c33-5786-bfda-8b62f87b8a7b', 'POLITE', 'NEGATIVE', 'PAST', 1, '会いませんでした');
-- 買う | to buy; to purchase --;
INSERT INTO "vocabulary"."vocabulary" ("id", "word_class_code", "conjugation_kind_code", "jlpt_level", "row_num", "tags", "date_added") VALUES ('1e617d48-2df2-4c74-b732-89783d176db9', 'VERB', 'GODAN_VERB', 5, 363, '{}', '2022-08-10');
INSERT INTO "vocabulary"."definition" ("id", "vocabulary_id", "sort_rank", "value") VALUES ('0e37c767-4e38-50ad-a125-d9cccf44069a', '1e617d48-2df2-4c74-b732-89783d176db9', 1, 'to buy; to purchase');
INSERT INTO "vocabulary"."spelling" ("id", "vocabulary_id", "spelling_kind_code", "value") VALUES ('44601afb-64e2-5246-8268-e208deba5a7c', '1e617d48-2df2-4c74-b732-89783d176db9', 'KANJI', '買う');
INSERT INTO "vocabulary"."spelling" ("id", "vocabulary_id", "spelling_kind_code", "value") VALUES ('fcb8be40-cf5e-524d-944d-4ca554923dfc', '1e617d48-2df2-4c74-b732-89783d176db9', 'HIRAGANA', 'かう');
INSERT INTO "vocabulary"."spelling" ("id", "vocabulary_id", "spelling_kind_code", "value") VALUES ('e9b5b7f9-52ea-5c2a-9e43-b739dcb820e4', '1e617d48-2df2-4c74-b732-89783d176db9', 'KANJI', '買う');
INSERT INTO "vocabulary"."conjugation_set" ("id", "vocabulary_id") VALUES ('77ef1d97-6a7e-5631-821f-26557836a8ca', '1e617d48-2df2-4c74-b732-89783d176db9');
INSERT INTO "vocabulary"."linkages" ("vocabulary_id", "preferred_definition_id", "preferred_spelling_id", "phonetic_spelling_id", "alt_phonetic_spelling_id", "kanji_spelling_id", "conjugation_set_id") VALUES ('1e617d48-2df2-4c74-b732-89783d176db9', '0e37c767-4e38-50ad-a125-d9cccf44069a', '44601afb-64e2-5246-8268-e208deba5a7c', 'fcb8be40-cf5e-524d-944d-4ca554923dfc', NULL, 'e9b5b7f9-52ea-5c2a-9e43-b739dcb820e4', '77ef1d97-6a7e-5631-821f-26557836a8ca');
INSERT INTO "vocabulary"."reference" ("vocabulary_id", "lesson_code") VALUES ('1e617d48-2df2-4c74-b732-89783d176db9', 'GENKI3_L04');
INSERT INTO "vocabulary"."conjugation" ("id", "conjugation_set_id", "politeness_code", "charge_code", "form_code", "sort_rank", "value") VALUES ('c0f74d27-b67e-5f55-b83f-68d111868611', '77ef1d97-6a7e-5631-821f-26557836a8ca', 'PLAIN', 'POSITIVE', 'PRESENT', 1, '買う');
INSERT INTO "vocabulary"."conjugation" ("id", "conjugation_set_id", "politeness_code", "charge_code", "form_code", "sort_rank", "value") VALUES ('4141e212-4701-5a8b-ad6c-0abc9950df17', '77ef1d97-6a7e-5631-821f-26557836a8ca', 'PLAIN', 'POSITIVE', 'PAST', 1, '買った');
INSERT INTO "vocabulary"."conjugation" ("id", "conjugation_set_id", "politeness_code", "charge_code", "form_code", "sort_rank", "value") VALUES ('0d6ae07d-9c09-5b43-83fc-b54a09c1eb5f', '77ef1d97-6a7e-5631-821f-26557836a8ca', 'PLAIN', 'POSITIVE', 'TE', 1, '買って');
INSERT INTO "vocabulary"."conjugation" ("id", "conjugation_set_id", "politeness_code", "charge_code", "form_code", "sort_rank", "value") VALUES ('bf0b5a85-bc6c-5e55-9dd8-c5e4d410b3be', '77ef1d97-6a7e-5631-821f-26557836a8ca', 'PLAIN', 'NEGATIVE', 'PRESENT', 1, '買わない');
INSERT INTO "vocabulary"."conjugation" ("id", "conjugation_set_id", "politeness_code", "charge_code", "form_code", "sort_rank", "value") VALUES ('c9ea832f-b272-5dd7-b4ca-2f3a1580c423', '77ef1d97-6a7e-5631-821f-26557836a8ca', 'PLAIN', 'NEGATIVE', 'PAST', 1, '買わなかった');
INSERT INTO "vocabulary"."conjugation" ("id", "conjugation_set_id", "politeness_code", "charge_code", "form_code", "sort_rank", "value") VALUES ('cb20c824-6ebf-5cf3-a503-c0732f374a2b', '77ef1d97-6a7e-5631-821f-26557836a8ca', 'PLAIN', 'NEGATIVE', 'TE', 1, '買わなくて');
INSERT INTO "vocabulary"."conjugation" ("id", "conjugation_set_id", "politeness_code", "charge_code", "form_code", "sort_rank", "value") VALUES ('1bc7237d-1d73-50d7-ab75-74f655292882', '77ef1d97-6a7e-5631-821f-26557836a8ca', 'POLITE', 'POSITIVE', 'PRESENT', 1, '買います');
INSERT INTO "vocabulary"."conjugation" ("id", "conjugation_set_id", "politeness_code", "charge_code", "form_code", "sort_rank", "value") VALUES ('5c382d71-1dff-5030-9d4e-89b58d91b5f8', '77ef1d97-6a7e-5631-821f-26557836a8ca', 'POLITE', 'POSITIVE', 'PAST', 1, '買いました');
INSERT INTO "vocabulary"."conjugation" ("id", "conjugation_set_id", "politeness_code", "charge_code", "form_code", "sort_rank", "value") VALUES ('b51a9bca-668e-55ee-9a63-c5a99d64c5a1', '77ef1d97-6a7e-5631-821f-26557836a8ca', 'POLITE', 'NEGATIVE', 'PRESENT', 1, '買いません');
INSERT INTO "vocabulary"."conjugation" ("id", "conjugation_set_id", "politeness_code", "charge_code", "form_code", "sort_rank", "value") VALUES ('638d2547-f709-58df-93f0-fb49fb46142e', '77ef1d97-6a7e-5631-821f-26557836a8ca', 'POLITE', 'NEGATIVE', 'PAST', 1, '買いませんでした');
-- 書く | to write --;
INSERT INTO "vocabulary"."vocabulary" ("id", "word_class_code", "conjugation_kind_code", "jlpt_level", "row_num", "tags", "date_added") VALUES ('1629794a-84d2-44f3-b05b-89bcb817152a', 'VERB', 'GODAN_VERB', 5, 364, '{}', '2022-08-10');
INSERT INTO "vocabulary"."definition" ("id", "vocabulary_id", "sort_rank", "value") VALUES ('5fec4162-ead4-5ec9-97f8-24eb50db4960', '1629794a-84d2-44f3-b05b-89bcb817152a', 1, 'to write');
INSERT INTO "vocabulary"."spelling" ("id", "vocabulary_id", "spelling_kind_code", "value") VALUES ('53c6b2e7-d091-54a2-820b-184e0b7a5675', '1629794a-84d2-44f3-b05b-89bcb817152a', 'KANJI', '書く');
INSERT INTO "vocabulary"."spelling" ("id", "vocabulary_id", "spelling_kind_code", "value") VALUES ('3f0a74e4-e2d6-576a-a343-e31bda169a39', '1629794a-84d2-44f3-b05b-89bcb817152a', 'HIRAGANA', 'かく');
INSERT INTO "vocabulary"."spelling" ("id", "vocabulary_id", "spelling_kind_code", "value") VALUES ('97bb65f2-fa39-5d46-ad2a-1f55fc21b632', '1629794a-84d2-44f3-b05b-89bcb817152a', 'KANJI', '書く');
INSERT INTO "vocabulary"."conjugation_set" ("id", "vocabulary_id") VALUES ('cc270240-f6cc-520e-90a3-5c80faf756ef', '1629794a-84d2-44f3-b05b-89bcb817152a');
INSERT INTO "vocabulary"."linkages" ("vocabulary_id", "preferred_definition_id", "preferred_spelling_id", "phonetic_spelling_id", "alt_phonetic_spelling_id", "kanji_spelling_id", "conjugation_set_id") VALUES ('1629794a-84d2-44f3-b05b-89bcb817152a', '5fec4162-ead4-5ec9-97f8-24eb50db4960', '53c6b2e7-d091-54a2-820b-184e0b7a5675', '3f0a74e4-e2d6-576a-a343-e31bda169a39', NULL, '97bb65f2-fa39-5d46-ad2a-1f55fc21b632', 'cc270240-f6cc-520e-90a3-5c80faf756ef');
INSERT INTO "vocabulary"."reference" ("vocabulary_id", "lesson_code") VALUES ('1629794a-84d2-44f3-b05b-89bcb817152a', 'GENKI3_L04');
INSERT INTO "vocabulary"."conjugation" ("id", "conjugation_set_id", "politeness_code", "charge_code", "form_code", "sort_rank", "value") VALUES ('212a2020-434b-53e2-ab94-db8af08b1a52', 'cc270240-f6cc-520e-90a3-5c80faf756ef', 'PLAIN', 'POSITIVE', 'PRESENT', 1, '書く');
INSERT INTO "vocabulary"."conjugation" ("id", "conjugation_set_id", "politeness_code", "charge_code", "form_code", "sort_rank", "value") VALUES ('b1bc4f0f-f527-583f-9567-bcdde7239edd', 'cc270240-f6cc-520e-90a3-5c80faf756ef', 'PLAIN', 'POSITIVE', 'PAST', 1, '書いた');
INSERT INTO "vocabulary"."conjugation" ("id", "conjugation_set_id", "politeness_code", "charge_code", "form_code", "sort_rank", "value") VALUES ('da6bb473-8c4a-5026-acb0-db2bd31176e8', 'cc270240-f6cc-520e-90a3-5c80faf756ef', 'PLAIN', 'POSITIVE', 'TE', 1, '書いて');
INSERT INTO "vocabulary"."conjugation" ("id", "conjugation_set_id", "politeness_code", "charge_code", "form_code", "sort_rank", "value") VALUES ('4e536669-e5c8-5327-8a4e-474b839873f1', 'cc270240-f6cc-520e-90a3-5c80faf756ef', 'PLAIN', 'NEGATIVE', 'PRESENT', 1, '書かない');
INSERT INTO "vocabulary"."conjugation" ("id", "conjugation_set_id", "politeness_code", "charge_code", "form_code", "sort_rank", "value") VALUES ('cb3b3fc3-1481-5885-863c-6c1fe813ecfd', 'cc270240-f6cc-520e-90a3-5c80faf756ef', 'PLAIN', 'NEGATIVE', 'PAST', 1, '書かなかった');
INSERT INTO "vocabulary"."conjugation" ("id", "conjugation_set_id", "politeness_code", "charge_code", "form_code", "sort_rank", "value") VALUES ('70694080-76ac-5c88-9e48-3872280f6ae8', 'cc270240-f6cc-520e-90a3-5c80faf756ef', 'PLAIN', 'NEGATIVE', 'TE', 1, '書かなくて');
INSERT INTO "vocabulary"."conjugation" ("id", "conjugation_set_id", "politeness_code", "charge_code", "form_code", "sort_rank", "value") VALUES ('1815a464-aab2-581e-880e-f3924bf892a4', 'cc270240-f6cc-520e-90a3-5c80faf756ef', 'POLITE', 'POSITIVE', 'PRESENT', 1, '書きます');
INSERT INTO "vocabulary"."conjugation" ("id", "conjugation_set_id", "politeness_code", "charge_code", "form_code", "sort_rank", "value") VALUES ('2222fef0-dcfe-5245-9b4e-c71bcfad5f96', 'cc270240-f6cc-520e-90a3-5c80faf756ef', 'POLITE', 'POSITIVE', 'PAST', 1, '書きました');
INSERT INTO "vocabulary"."conjugation" ("id", "conjugation_set_id", "politeness_code", "charge_code", "form_code", "sort_rank", "value") VALUES ('9001b233-a9ee-51ab-8ad1-4f3f08b29fa8', 'cc270240-f6cc-520e-90a3-5c80faf756ef', 'POLITE', 'NEGATIVE', 'PRESENT', 1, '書きません');
INSERT INTO "vocabulary"."conjugation" ("id", "conjugation_set_id", "politeness_code", "charge_code", "form_code", "sort_rank", "value") VALUES ('c6bda46f-f14b-55cd-beef-043eb5890955', 'cc270240-f6cc-520e-90a3-5c80faf756ef', 'POLITE', 'NEGATIVE', 'PAST', 1, '書きませんでした');
-- 撮る | to take (a photograph) --;
INSERT INTO "vocabulary"."vocabulary" ("id", "word_class_code", "conjugation_kind_code", "jlpt_level", "row_num", "tags", "date_added") VALUES ('ab8ef931-7703-4d80-9272-bbc453f19b69', 'VERB', 'GODAN_VERB', 5, 365, '{}', '2022-08-10');
INSERT INTO "vocabulary"."definition" ("id", "vocabulary_id", "sort_rank", "value") VALUES ('4508b8f4-457c-520d-b373-bbabe8564bda', 'ab8ef931-7703-4d80-9272-bbc453f19b69', 1, 'to take (a photograph)');
INSERT INTO "vocabulary"."spelling" ("id", "vocabulary_id", "spelling_kind_code", "value") VALUES ('8678f4f0-384c-5a55-a288-c0a160edb6bf', 'ab8ef931-7703-4d80-9272-bbc453f19b69', 'KANJI', '撮る');
INSERT INTO "vocabulary"."spelling" ("id", "vocabulary_id", "spelling_kind_code", "value") VALUES ('5482140b-146b-55a1-85c0-04f30bb832c3', 'ab8ef931-7703-4d80-9272-bbc453f19b69', 'HIRAGANA', 'とる');
INSERT INTO "vocabulary"."spelling" ("id", "vocabulary_id", "spelling_kind_code", "value") VALUES ('1c2019a5-220c-588e-837a-55988399f02d', 'ab8ef931-7703-4d80-9272-bbc453f19b69', 'KANJI', '撮る');
INSERT INTO "vocabulary"."conjugation_set" ("id", "vocabulary_id") VALUES ('d86da48a-514a-58d5-875e-dc4d955baa23', 'ab8ef931-7703-4d80-9272-bbc453f19b69');
INSERT INTO "vocabulary"."linkages" ("vocabulary_id", "preferred_definition_id", "preferred_spelling_id", "phonetic_spelling_id", "alt_phonetic_spelling_id", "kanji_spelling_id", "conjugation_set_id") VALUES ('ab8ef931-7703-4d80-9272-bbc453f19b69', '4508b8f4-457c-520d-b373-bbabe8564bda', '8678f4f0-384c-5a55-a288-c0a160edb6bf', '5482140b-146b-55a1-85c0-04f30bb832c3', NULL, '1c2019a5-220c-588e-837a-55988399f02d', 'd86da48a-514a-58d5-875e-dc4d955baa23');
INSERT INTO "vocabulary"."reference" ("vocabulary_id", "lesson_code") VALUES ('ab8ef931-7703-4d80-9272-bbc453f19b69', 'GENKI3_L04');
INSERT INTO "vocabulary"."conjugation" ("id", "conjugation_set_id", "politeness_code", "charge_code", "form_code", "sort_rank", "value") VALUES ('e5573794-5889-532e-b7c1-d30d73187fc7', 'd86da48a-514a-58d5-875e-dc4d955baa23', 'PLAIN', 'POSITIVE', 'PRESENT', 1, '撮る');
INSERT INTO "vocabulary"."conjugation" ("id", "conjugation_set_id", "politeness_code", "charge_code", "form_code", "sort_rank", "value") VALUES ('e248c08f-1f1a-5e2a-91c2-f0c4357c2b7d', 'd86da48a-514a-58d5-875e-dc4d955baa23', 'PLAIN', 'POSITIVE', 'PAST', 1, '撮った');
INSERT INTO "vocabulary"."conjugation" ("id", "conjugation_set_id", "politeness_code", "charge_code", "form_code", "sort_rank", "value") VALUES ('54b0fa3d-1df1-52f1-8d9f-773dbe234279', 'd86da48a-514a-58d5-875e-dc4d955baa23', 'PLAIN', 'POSITIVE', 'TE', 1, '撮って');
INSERT INTO "vocabulary"."conjugation" ("id", "conjugation_set_id", "politeness_code", "charge_code", "form_code", "sort_rank", "value") VALUES ('effbaa0c-1079-58ae-8e96-85fc0f56ddff', 'd86da48a-514a-58d5-875e-dc4d955baa23', 'PLAIN', 'NEGATIVE', 'PRESENT', 1, '撮らない');
INSERT INTO "vocabulary"."conjugation" ("id", "conjugation_set_id", "politeness_code", "charge_code", "form_code", "sort_rank", "value") VALUES ('80572e65-753c-5978-bd79-5e627b738ef3', 'd86da48a-514a-58d5-875e-dc4d955baa23', 'PLAIN', 'NEGATIVE', 'PAST', 1, '撮らなかった');
INSERT INTO "vocabulary"."conjugation" ("id", "conjugation_set_id", "politeness_code", "charge_code", "form_code", "sort_rank", "value") VALUES ('79aa0a27-35e1-5c7d-80b4-0b405cd969a2', 'd86da48a-514a-58d5-875e-dc4d955baa23', 'PLAIN', 'NEGATIVE', 'TE', 1, '撮らなくて');
INSERT INTO "vocabulary"."conjugation" ("id", "conjugation_set_id", "politeness_code", "charge_code", "form_code", "sort_rank", "value") VALUES ('8a000b4f-9273-5051-81c1-77115b086d34', 'd86da48a-514a-58d5-875e-dc4d955baa23', 'POLITE', 'POSITIVE', 'PRESENT', 1, '撮ります');
INSERT INTO "vocabulary"."conjugation" ("id", "conjugation_set_id", "politeness_code", "charge_code", "form_code", "sort_rank", "value") VALUES ('06689e91-eaa0-5512-a482-ffa045b1048e', 'd86da48a-514a-58d5-875e-dc4d955baa23', 'POLITE', 'POSITIVE', 'PAST', 1, '撮りました');
INSERT INTO "vocabulary"."conjugation" ("id", "conjugation_set_id", "politeness_code", "charge_code", "form_code", "sort_rank", "value") VALUES ('f43ae828-c9cb-5077-9cd6-feedd0b629de', 'd86da48a-514a-58d5-875e-dc4d955baa23', 'POLITE', 'NEGATIVE', 'PRESENT', 1, '撮りません');
INSERT INTO "vocabulary"."conjugation" ("id", "conjugation_set_id", "politeness_code", "charge_code", "form_code", "sort_rank", "value") VALUES ('9ec9fd16-7fad-5df2-a209-8651e2373937', 'd86da48a-514a-58d5-875e-dc4d955baa23', 'POLITE', 'NEGATIVE', 'PAST', 1, '撮りませんでした');
-- 待つ | to wait --;
INSERT INTO "vocabulary"."vocabulary" ("id", "word_class_code", "conjugation_kind_code", "jlpt_level", "row_num", "tags", "date_added") VALUES ('7e09edbb-c75f-4ee4-8006-89ac3deea1d0', 'VERB', 'GODAN_VERB', 5, 366, '{}', '2022-08-10');
INSERT INTO "vocabulary"."definition" ("id", "vocabulary_id", "sort_rank", "value") VALUES ('fcfde41a-26c5-5182-9eb7-566eb6d43bb8', '7e09edbb-c75f-4ee4-8006-89ac3deea1d0', 1, 'to wait');
INSERT INTO "vocabulary"."spelling" ("id", "vocabulary_id", "spelling_kind_code", "value") VALUES ('5ed63ad7-cf7b-56c3-92e6-2dd509b8568d', '7e09edbb-c75f-4ee4-8006-89ac3deea1d0', 'KANJI', '待つ');
INSERT INTO "vocabulary"."spelling" ("id", "vocabulary_id", "spelling_kind_code", "value") VALUES ('fdf12a9d-3355-5ddf-9fce-d05a9a24cba7', '7e09edbb-c75f-4ee4-8006-89ac3deea1d0', 'HIRAGANA', 'まつ');
INSERT INTO "vocabulary"."spelling" ("id", "vocabulary_id", "spelling_kind_code", "value") VALUES ('106ab1a7-521c-513c-9b68-175663851587', '7e09edbb-c75f-4ee4-8006-89ac3deea1d0', 'KANJI', '待つ');
INSERT INTO "vocabulary"."conjugation_set" ("id", "vocabulary_id") VALUES ('5d76d400-6906-5af5-8ff5-a799c4ae719d', '7e09edbb-c75f-4ee4-8006-89ac3deea1d0');
INSERT INTO "vocabulary"."linkages" ("vocabulary_id", "preferred_definition_id", "preferred_spelling_id", "phonetic_spelling_id", "alt_phonetic_spelling_id", "kanji_spelling_id", "conjugation_set_id") VALUES ('7e09edbb-c75f-4ee4-8006-89ac3deea1d0', 'fcfde41a-26c5-5182-9eb7-566eb6d43bb8', '5ed63ad7-cf7b-56c3-92e6-2dd509b8568d', 'fdf12a9d-3355-5ddf-9fce-d05a9a24cba7', NULL, '106ab1a7-521c-513c-9b68-175663851587', '5d76d400-6906-5af5-8ff5-a799c4ae719d');
INSERT INTO "vocabulary"."reference" ("vocabulary_id", "lesson_code") VALUES ('7e09edbb-c75f-4ee4-8006-89ac3deea1d0', 'GENKI3_L04');
INSERT INTO "vocabulary"."conjugation" ("id", "conjugation_set_id", "politeness_code", "charge_code", "form_code", "sort_rank", "value") VALUES ('c2cde8bb-cef7-590e-9d97-8b9dc9d2c991', '5d76d400-6906-5af5-8ff5-a799c4ae719d', 'PLAIN', 'POSITIVE', 'PRESENT', 1, '待つ');
INSERT INTO "vocabulary"."conjugation" ("id", "conjugation_set_id", "politeness_code", "charge_code", "form_code", "sort_rank", "value") VALUES ('3ed5fc55-fffa-5888-8f2f-b96ffd670748', '5d76d400-6906-5af5-8ff5-a799c4ae719d', 'PLAIN', 'POSITIVE', 'PAST', 1, '待った');
INSERT INTO "vocabulary"."conjugation" ("id", "conjugation_set_id", "politeness_code", "charge_code", "form_code", "sort_rank", "value") VALUES ('5a0ecdc1-dd9d-5388-b3df-746f45b29cba', '5d76d400-6906-5af5-8ff5-a799c4ae719d', 'PLAIN', 'POSITIVE', 'TE', 1, '待って');
INSERT INTO "vocabulary"."conjugation" ("id", "conjugation_set_id", "politeness_code", "charge_code", "form_code", "sort_rank", "value") VALUES ('33602f71-1a3f-50c9-a7df-f2c8de746535', '5d76d400-6906-5af5-8ff5-a799c4ae719d', 'PLAIN', 'NEGATIVE', 'PRESENT', 1, '待たない');
INSERT INTO "vocabulary"."conjugation" ("id", "conjugation_set_id", "politeness_code", "charge_code", "form_code", "sort_rank", "value") VALUES ('bfe35e2e-930e-5421-9f32-60dfa7aeb47d', '5d76d400-6906-5af5-8ff5-a799c4ae719d', 'PLAIN', 'NEGATIVE', 'PAST', 1, '待たなかった');
INSERT INTO "vocabulary"."conjugation" ("id", "conjugation_set_id", "politeness_code", "charge_code", "form_code", "sort_rank", "value") VALUES ('acbb7f7b-c164-54cf-ba44-95bf74e243ea', '5d76d400-6906-5af5-8ff5-a799c4ae719d', 'PLAIN', 'NEGATIVE', 'TE', 1, '待たなくて');
INSERT INTO "vocabulary"."conjugation" ("id", "conjugation_set_id", "politeness_code", "charge_code", "form_code", "sort_rank", "value") VALUES ('8a0ad0eb-cbf7-5e0a-8f73-773638f51cb8', '5d76d400-6906-5af5-8ff5-a799c4ae719d', 'POLITE', 'POSITIVE', 'PRESENT', 1, '待ちます');
INSERT INTO "vocabulary"."conjugation" ("id", "conjugation_set_id", "politeness_code", "charge_code", "form_code", "sort_rank", "value") VALUES ('777ee8ba-ffe0-5c45-ae3a-3239bcc291e7', '5d76d400-6906-5af5-8ff5-a799c4ae719d', 'POLITE', 'POSITIVE', 'PAST', 1, '待ちました');
INSERT INTO "vocabulary"."conjugation" ("id", "conjugation_set_id", "politeness_code", "charge_code", "form_code", "sort_rank", "value") VALUES ('b62c8cae-a7ce-5295-af79-87d6bb25b684', '5d76d400-6906-5af5-8ff5-a799c4ae719d', 'POLITE', 'NEGATIVE', 'PRESENT', 1, '待ちません');
INSERT INTO "vocabulary"."conjugation" ("id", "conjugation_set_id", "politeness_code", "charge_code", "form_code", "sort_rank", "value") VALUES ('83967d94-cdd6-523c-a0e2-cdd90548d3f2', '5d76d400-6906-5af5-8ff5-a799c4ae719d', 'POLITE', 'NEGATIVE', 'PAST', 1, '待ちませんでした');
-- わかる | to understand; to comprehend --;
INSERT INTO "vocabulary"."vocabulary" ("id", "word_class_code", "conjugation_kind_code", "jlpt_level", "row_num", "tags", "date_added") VALUES ('749a9435-10dc-4b02-b1dc-778f08e86258', 'VERB', 'GODAN_VERB', 5, 367, '{}', '2022-08-10');
INSERT INTO "vocabulary"."definition" ("id", "vocabulary_id", "sort_rank", "value") VALUES ('da1447cc-6d38-5da4-8733-cda8b5996715', '749a9435-10dc-4b02-b1dc-778f08e86258', 1, 'to understand; to comprehend');
INSERT INTO "vocabulary"."spelling" ("id", "vocabulary_id", "spelling_kind_code", "value") VALUES ('a6a8c581-4bdf-5c60-88f9-1128bb7e403d', '749a9435-10dc-4b02-b1dc-778f08e86258', 'HIRAGANA', 'わかる');
INSERT INTO "vocabulary"."spelling" ("id", "vocabulary_id", "spelling_kind_code", "value") VALUES ('0ca51ac1-cfb8-5a31-9354-b9039c8cfc20', '749a9435-10dc-4b02-b1dc-778f08e86258', 'HIRAGANA', 'わかる');
INSERT INTO "vocabulary"."spelling" ("id", "vocabulary_id", "spelling_kind_code", "value") VALUES ('efa69ffd-8871-5bc8-baed-f08bdf552d2f', '749a9435-10dc-4b02-b1dc-778f08e86258', 'KANJI', '分かる');
INSERT INTO "vocabulary"."conjugation_set" ("id", "vocabulary_id") VALUES ('de86dbee-eb6f-5034-ae30-9077ebfa8ee6', '749a9435-10dc-4b02-b1dc-778f08e86258');
INSERT INTO "vocabulary"."linkages" ("vocabulary_id", "preferred_definition_id", "preferred_spelling_id", "phonetic_spelling_id", "alt_phonetic_spelling_id", "kanji_spelling_id", "conjugation_set_id") VALUES ('749a9435-10dc-4b02-b1dc-778f08e86258', 'da1447cc-6d38-5da4-8733-cda8b5996715', 'a6a8c581-4bdf-5c60-88f9-1128bb7e403d', '0ca51ac1-cfb8-5a31-9354-b9039c8cfc20', NULL, 'efa69ffd-8871-5bc8-baed-f08bdf552d2f', 'de86dbee-eb6f-5034-ae30-9077ebfa8ee6');
INSERT INTO "vocabulary"."reference" ("vocabulary_id", "lesson_code") VALUES ('749a9435-10dc-4b02-b1dc-778f08e86258', 'GENKI3_L04');
INSERT INTO "vocabulary"."conjugation" ("id", "conjugation_set_id", "politeness_code", "charge_code", "form_code", "sort_rank", "value") VALUES ('fe8863da-b4e1-53bf-8446-0ba8c3b7c429', 'de86dbee-eb6f-5034-ae30-9077ebfa8ee6', 'PLAIN', 'POSITIVE', 'PRESENT', 1, 'わかる');
INSERT INTO "vocabulary"."conjugation" ("id", "conjugation_set_id", "politeness_code", "charge_code", "form_code", "sort_rank", "value") VALUES ('441973a0-ca48-53a3-be67-a0174cac2aba', 'de86dbee-eb6f-5034-ae30-9077ebfa8ee6', 'PLAIN', 'POSITIVE', 'PAST', 1, 'わかった');
INSERT INTO "vocabulary"."conjugation" ("id", "conjugation_set_id", "politeness_code", "charge_code", "form_code", "sort_rank", "value") VALUES ('954e106f-e11b-58cd-b8a9-0712b6699580', 'de86dbee-eb6f-5034-ae30-9077ebfa8ee6', 'PLAIN', 'POSITIVE', 'TE', 1, 'わかって');
INSERT INTO "vocabulary"."conjugation" ("id", "conjugation_set_id", "politeness_code", "charge_code", "form_code", "sort_rank", "value") VALUES ('8999a2e9-0194-5107-9510-5e3e4a83089f', 'de86dbee-eb6f-5034-ae30-9077ebfa8ee6', 'PLAIN', 'NEGATIVE', 'PRESENT', 1, 'わからない');
INSERT INTO "vocabulary"."conjugation" ("id", "conjugation_set_id", "politeness_code", "charge_code", "form_code", "sort_rank", "value") VALUES ('c0beda2e-d8fb-5b93-ad26-d8626f6c1dd5', 'de86dbee-eb6f-5034-ae30-9077ebfa8ee6', 'PLAIN', 'NEGATIVE', 'PAST', 1, 'わからなかった');
INSERT INTO "vocabulary"."conjugation" ("id", "conjugation_set_id", "politeness_code", "charge_code", "form_code", "sort_rank", "value") VALUES ('a4ae56bf-2983-5948-8481-1f8e4a83c0ea', 'de86dbee-eb6f-5034-ae30-9077ebfa8ee6', 'PLAIN', 'NEGATIVE', 'TE', 1, 'わからなくて');
INSERT INTO "vocabulary"."conjugation" ("id", "conjugation_set_id", "politeness_code", "charge_code", "form_code", "sort_rank", "value") VALUES ('63b1b5cc-05e2-5cff-a3db-dbe267e66a36', 'de86dbee-eb6f-5034-ae30-9077ebfa8ee6', 'POLITE', 'POSITIVE', 'PRESENT', 1, 'わかります');
INSERT INTO "vocabulary"."conjugation" ("id", "conjugation_set_id", "politeness_code", "charge_code", "form_code", "sort_rank", "value") VALUES ('ebfe0a82-58ba-5284-af96-441885161c7a', 'de86dbee-eb6f-5034-ae30-9077ebfa8ee6', 'POLITE', 'POSITIVE', 'PAST', 1, 'わかりました');
INSERT INTO "vocabulary"."conjugation" ("id", "conjugation_set_id", "politeness_code", "charge_code", "form_code", "sort_rank", "value") VALUES ('37d1d15d-906b-573b-85b4-d37fcd29e216', 'de86dbee-eb6f-5034-ae30-9077ebfa8ee6', 'POLITE', 'NEGATIVE', 'PRESENT', 1, 'わかりません');
INSERT INTO "vocabulary"."conjugation" ("id", "conjugation_set_id", "politeness_code", "charge_code", "form_code", "sort_rank", "value") VALUES ('d362c22d-5995-517e-9629-26f6b8039cf6', 'de86dbee-eb6f-5034-ae30-9077ebfa8ee6', 'POLITE', 'NEGATIVE', 'PAST', 1, 'わかりませんでした');
-- 知る | to know; to be aware of --;
INSERT INTO "vocabulary"."vocabulary" ("id", "word_class_code", "conjugation_kind_code", "jlpt_level", "row_num", "tags", "date_added") VALUES ('b32131c2-4721-5e1c-ba58-e06896a83cf1', 'VERB', 'GODAN_VERB', 5, 368, '{}', '2022-09-08');
INSERT INTO "vocabulary"."definition" ("id", "vocabulary_id", "sort_rank", "value") VALUES ('8ac1d5c7-08ac-55b0-a9af-6a15747ea0fe', 'b32131c2-4721-5e1c-ba58-e06896a83cf1', 1, 'to know; to be aware of');
INSERT INTO "vocabulary"."spelling" ("id", "vocabulary_id", "spelling_kind_code", "value") VALUES ('9e1c6f11-c61a-50ca-8303-5d87f99ca5fe', 'b32131c2-4721-5e1c-ba58-e06896a83cf1', 'KANJI', '知る');
INSERT INTO "vocabulary"."spelling" ("id", "vocabulary_id", "spelling_kind_code", "value") VALUES ('b4c5b9ca-9c66-5d74-86d1-d2e2c258975d', 'b32131c2-4721-5e1c-ba58-e06896a83cf1', 'HIRAGANA', 'しる');
INSERT INTO "vocabulary"."spelling" ("id", "vocabulary_id", "spelling_kind_code", "value") VALUES ('1cb53134-c005-575b-aa6d-be0dbaa10cda', 'b32131c2-4721-5e1c-ba58-e06896a83cf1', 'KANJI', '知る');
INSERT INTO "vocabulary"."conjugation_set" ("id", "vocabulary_id") VALUES ('4dc6a4d8-087d-5bd9-b398-ed76c9bd16d8', 'b32131c2-4721-5e1c-ba58-e06896a83cf1');
INSERT INTO "vocabulary"."linkages" ("vocabulary_id", "preferred_definition_id", "preferred_spelling_id", "phonetic_spelling_id", "alt_phonetic_spelling_id", "kanji_spelling_id", "conjugation_set_id") VALUES ('b32131c2-4721-5e1c-ba58-e06896a83cf1', '8ac1d5c7-08ac-55b0-a9af-6a15747ea0fe', '9e1c6f11-c61a-50ca-8303-5d87f99ca5fe', 'b4c5b9ca-9c66-5d74-86d1-d2e2c258975d', NULL, '1cb53134-c005-575b-aa6d-be0dbaa10cda', '4dc6a4d8-087d-5bd9-b398-ed76c9bd16d8');
INSERT INTO "vocabulary"."reference" ("vocabulary_id", "lesson_code") VALUES ('b32131c2-4721-5e1c-ba58-e06896a83cf1', 'GENKI3_L07');
INSERT INTO "vocabulary"."conjugation" ("id", "conjugation_set_id", "politeness_code", "charge_code", "form_code", "sort_rank", "value") VALUES ('8db54c5d-4a79-5153-b705-668b5d469604', '4dc6a4d8-087d-5bd9-b398-ed76c9bd16d8', 'PLAIN', 'POSITIVE', 'PRESENT', 1, '知る');
INSERT INTO "vocabulary"."conjugation" ("id", "conjugation_set_id", "politeness_code", "charge_code", "form_code", "sort_rank", "value") VALUES ('d0ba51be-9a27-548f-b848-c22cd2ea8fd5', '4dc6a4d8-087d-5bd9-b398-ed76c9bd16d8', 'PLAIN', 'POSITIVE', 'PAST', 1, '知った');
INSERT INTO "vocabulary"."conjugation" ("id", "conjugation_set_id", "politeness_code", "charge_code", "form_code", "sort_rank", "value") VALUES ('694dddf8-27ca-5dc7-ba9e-f6a789d34e81', '4dc6a4d8-087d-5bd9-b398-ed76c9bd16d8', 'PLAIN', 'POSITIVE', 'TE', 1, '知って');
INSERT INTO "vocabulary"."conjugation" ("id", "conjugation_set_id", "politeness_code", "charge_code", "form_code", "sort_rank", "value") VALUES ('6f01baaf-d847-530b-a728-037c78f3712a', '4dc6a4d8-087d-5bd9-b398-ed76c9bd16d8', 'PLAIN', 'NEGATIVE', 'PRESENT', 1, '知らない');
INSERT INTO "vocabulary"."conjugation" ("id", "conjugation_set_id", "politeness_code", "charge_code", "form_code", "sort_rank", "value") VALUES ('459e2214-7bc3-54a1-af02-02ba5648c06e', '4dc6a4d8-087d-5bd9-b398-ed76c9bd16d8', 'PLAIN', 'NEGATIVE', 'PAST', 1, '知らなかった');
INSERT INTO "vocabulary"."conjugation" ("id", "conjugation_set_id", "politeness_code", "charge_code", "form_code", "sort_rank", "value") VALUES ('9535514e-5774-50d9-93df-66c1a4c40698', '4dc6a4d8-087d-5bd9-b398-ed76c9bd16d8', 'PLAIN', 'NEGATIVE', 'TE', 1, '知らなくて');
INSERT INTO "vocabulary"."conjugation" ("id", "conjugation_set_id", "politeness_code", "charge_code", "form_code", "sort_rank", "value") VALUES ('a973ed04-2020-5fb8-9af1-a89eca0a6028', '4dc6a4d8-087d-5bd9-b398-ed76c9bd16d8', 'POLITE', 'POSITIVE', 'PRESENT', 1, '知ります');
INSERT INTO "vocabulary"."conjugation" ("id", "conjugation_set_id", "politeness_code", "charge_code", "form_code", "sort_rank", "value") VALUES ('3350a5a0-7d2d-5e60-b832-a56fdcf03e81', '4dc6a4d8-087d-5bd9-b398-ed76c9bd16d8', 'POLITE', 'POSITIVE', 'PAST', 1, '知りました');
INSERT INTO "vocabulary"."conjugation" ("id", "conjugation_set_id", "politeness_code", "charge_code", "form_code", "sort_rank", "value") VALUES ('701eaf8d-77d3-5e6c-9506-38820e89560d', '4dc6a4d8-087d-5bd9-b398-ed76c9bd16d8', 'POLITE', 'NEGATIVE', 'PRESENT', 1, '知りません');
INSERT INTO "vocabulary"."conjugation" ("id", "conjugation_set_id", "politeness_code", "charge_code", "form_code", "sort_rank", "value") VALUES ('144ce6b1-be2a-5034-a9de-77549379a4f8', '4dc6a4d8-087d-5bd9-b398-ed76c9bd16d8', 'POLITE', 'NEGATIVE', 'PAST', 1, '知りませんでした');
-- 〜ぐらい | about (approximate measurment) --;
INSERT INTO "vocabulary"."vocabulary" ("id", "word_class_code", "conjugation_kind_code", "jlpt_level", "row_num", "tags", "date_added") VALUES ('9fe24c28-0eae-4a2c-ad49-16f76680afec', 'SUFFIX', NULL, 1, 369, '{}', '2022-08-10');
INSERT INTO "vocabulary"."definition" ("id", "vocabulary_id", "sort_rank", "value") VALUES ('04f8c461-5657-5ab8-b176-24ab662d8e74', '9fe24c28-0eae-4a2c-ad49-16f76680afec', 1, 'about (approximate measurment)');
INSERT INTO "vocabulary"."spelling" ("id", "vocabulary_id", "spelling_kind_code", "value") VALUES ('f4490867-d1e5-54fd-adf8-8e61d2e4385c', '9fe24c28-0eae-4a2c-ad49-16f76680afec', 'HIRAGANA', '〜ぐらい');
INSERT INTO "vocabulary"."spelling" ("id", "vocabulary_id", "spelling_kind_code", "value") VALUES ('b97996e7-9c5f-59ae-b30e-326bbd252354', '9fe24c28-0eae-4a2c-ad49-16f76680afec', 'HIRAGANA', 'ぐらい');
INSERT INTO "vocabulary"."linkages" ("vocabulary_id", "preferred_definition_id", "preferred_spelling_id", "phonetic_spelling_id", "alt_phonetic_spelling_id", "kanji_spelling_id", "conjugation_set_id") VALUES ('9fe24c28-0eae-4a2c-ad49-16f76680afec', '04f8c461-5657-5ab8-b176-24ab662d8e74', 'f4490867-d1e5-54fd-adf8-8e61d2e4385c', 'b97996e7-9c5f-59ae-b30e-326bbd252354', NULL, NULL, NULL);
INSERT INTO "vocabulary"."reference" ("vocabulary_id", "lesson_code") VALUES ('9fe24c28-0eae-4a2c-ad49-16f76680afec', 'GENKI3_L04');
-- すみません | excuse me --;
INSERT INTO "vocabulary"."vocabulary" ("id", "word_class_code", "conjugation_kind_code", "jlpt_level", "row_num", "tags", "date_added") VALUES ('9ec6f020-0166-4d80-a938-070eeb78cc05', 'EXPRESSION', NULL, 3, 370, '{}', '2022-08-10');
INSERT INTO "vocabulary"."definition" ("id", "vocabulary_id", "sort_rank", "value") VALUES ('00994952-f13f-5518-90ce-5bbde033f466', '9ec6f020-0166-4d80-a938-070eeb78cc05', 1, 'excuse me');
INSERT INTO "vocabulary"."spelling" ("id", "vocabulary_id", "spelling_kind_code", "value") VALUES ('fed7c25c-b9c8-569f-b856-4ab1613dd4a3', '9ec6f020-0166-4d80-a938-070eeb78cc05', 'HIRAGANA', 'すみません');
INSERT INTO "vocabulary"."spelling" ("id", "vocabulary_id", "spelling_kind_code", "value") VALUES ('6560c5da-ea01-5700-95a8-5cae6995334b', '9ec6f020-0166-4d80-a938-070eeb78cc05', 'HIRAGANA', 'すみません');
INSERT INTO "vocabulary"."linkages" ("vocabulary_id", "preferred_definition_id", "preferred_spelling_id", "phonetic_spelling_id", "alt_phonetic_spelling_id", "kanji_spelling_id", "conjugation_set_id") VALUES ('9ec6f020-0166-4d80-a938-070eeb78cc05', '00994952-f13f-5518-90ce-5bbde033f466', 'fed7c25c-b9c8-569f-b856-4ab1613dd4a3', '6560c5da-ea01-5700-95a8-5cae6995334b', NULL, NULL, NULL);
-- ごめん | sorry --;
INSERT INTO "vocabulary"."vocabulary" ("id", "word_class_code", "conjugation_kind_code", "jlpt_level", "row_num", "tags", "date_added") VALUES ('7d011295-e767-462a-85a9-8f5fab4883b8', 'INTERJECTION', NULL, 2, 371, '{}', '2022-08-10');
INSERT INTO "vocabulary"."definition" ("id", "vocabulary_id", "sort_rank", "value") VALUES ('98b5c80b-27f2-54be-852a-565b793d5cb2', '7d011295-e767-462a-85a9-8f5fab4883b8', 1, 'sorry');
INSERT INTO "vocabulary"."spelling" ("id", "vocabulary_id", "spelling_kind_code", "value") VALUES ('2443466a-2fee-58ba-a76c-c4b2463b9b00', '7d011295-e767-462a-85a9-8f5fab4883b8', 'HIRAGANA', 'ごめん');
INSERT INTO "vocabulary"."spelling" ("id", "vocabulary_id", "spelling_kind_code", "value") VALUES ('40d444ea-1e0e-5013-be1a-94747c70faed', '7d011295-e767-462a-85a9-8f5fab4883b8', 'HIRAGANA', 'ごめん');
INSERT INTO "vocabulary"."linkages" ("vocabulary_id", "preferred_definition_id", "preferred_spelling_id", "phonetic_spelling_id", "alt_phonetic_spelling_id", "kanji_spelling_id", "conjugation_set_id") VALUES ('7d011295-e767-462a-85a9-8f5fab4883b8', '98b5c80b-27f2-54be-852a-565b793d5cb2', '2443466a-2fee-58ba-a76c-c4b2463b9b00', '40d444ea-1e0e-5013-be1a-94747c70faed', NULL, NULL, NULL);
-- ごめんなさい | I'm deeply sorry sorry --;
INSERT INTO "vocabulary"."vocabulary" ("id", "word_class_code", "conjugation_kind_code", "jlpt_level", "row_num", "tags", "date_added") VALUES ('46ba5ddd-9d1f-4bc0-982e-a67e7bb4b307', 'EXPRESSION', NULL, 3, 372, '{}', '2022-08-10');
INSERT INTO "vocabulary"."definition" ("id", "vocabulary_id", "sort_rank", "value") VALUES ('6a0883f2-6777-5e13-b69c-0c6a66b058b8', '46ba5ddd-9d1f-4bc0-982e-a67e7bb4b307', 1, 'I''m deeply sorry sorry');
INSERT INTO "vocabulary"."spelling" ("id", "vocabulary_id", "spelling_kind_code", "value") VALUES ('b7e0651f-b4b8-5296-96d9-c4033019857b', '46ba5ddd-9d1f-4bc0-982e-a67e7bb4b307', 'HIRAGANA', 'ごめんなさい');
INSERT INTO "vocabulary"."spelling" ("id", "vocabulary_id", "spelling_kind_code", "value") VALUES ('7da61f2e-117a-5a67-94ed-f891222f9392', '46ba5ddd-9d1f-4bc0-982e-a67e7bb4b307', 'HIRAGANA', 'ごめんなさい');
INSERT INTO "vocabulary"."linkages" ("vocabulary_id", "preferred_definition_id", "preferred_spelling_id", "phonetic_spelling_id", "alt_phonetic_spelling_id", "kanji_spelling_id", "conjugation_set_id") VALUES ('46ba5ddd-9d1f-4bc0-982e-a67e7bb4b307', '6a0883f2-6777-5e13-b69c-0c6a66b058b8', 'b7e0651f-b4b8-5296-96d9-c4033019857b', '7da61f2e-117a-5a67-94ed-f891222f9392', NULL, NULL, NULL);
INSERT INTO "vocabulary"."reference" ("vocabulary_id", "lesson_code") VALUES ('46ba5ddd-9d1f-4bc0-982e-a67e7bb4b307', 'GENKI3_L04');
-- それから | and then --;
INSERT INTO "vocabulary"."vocabulary" ("id", "word_class_code", "conjugation_kind_code", "jlpt_level", "row_num", "tags", "date_added") VALUES ('7ded3290-23fd-4091-83c5-560563afeed3', 'EXPRESSION', NULL, 5, 373, '{}', '2022-08-10');
INSERT INTO "vocabulary"."definition" ("id", "vocabulary_id", "sort_rank", "value") VALUES ('6dd954ee-317c-5a97-8c5e-e15505393b5f', '7ded3290-23fd-4091-83c5-560563afeed3', 1, 'and then');
INSERT INTO "vocabulary"."spelling" ("id", "vocabulary_id", "spelling_kind_code", "value") VALUES ('fdd72f13-56eb-5632-aa64-edf1b252ce21', '7ded3290-23fd-4091-83c5-560563afeed3', 'HIRAGANA', 'それから');
INSERT INTO "vocabulary"."spelling" ("id", "vocabulary_id", "spelling_kind_code", "value") VALUES ('72975857-f6f4-50b9-ac60-df2608c75710', '7ded3290-23fd-4091-83c5-560563afeed3', 'HIRAGANA', 'それから');
INSERT INTO "vocabulary"."linkages" ("vocabulary_id", "preferred_definition_id", "preferred_spelling_id", "phonetic_spelling_id", "alt_phonetic_spelling_id", "kanji_spelling_id", "conjugation_set_id") VALUES ('7ded3290-23fd-4091-83c5-560563afeed3', '6dd954ee-317c-5a97-8c5e-e15505393b5f', 'fdd72f13-56eb-5632-aa64-edf1b252ce21', '72975857-f6f4-50b9-ac60-df2608c75710', NULL, NULL, NULL);
INSERT INTO "vocabulary"."reference" ("vocabulary_id", "lesson_code") VALUES ('7ded3290-23fd-4091-83c5-560563afeed3', 'GENKI3_L04');
-- だから | so; therefore --;
INSERT INTO "vocabulary"."vocabulary" ("id", "word_class_code", "conjugation_kind_code", "jlpt_level", "row_num", "tags", "date_added") VALUES ('3fd6bcdf-d9e5-4cc9-8aab-46e121e4c86a', 'CONJUNCTION', NULL, 4, 374, '{}', '2022-08-10');
INSERT INTO "vocabulary"."definition" ("id", "vocabulary_id", "sort_rank", "value") VALUES ('128b33a3-5666-52db-8e12-b3926b4bea63', '3fd6bcdf-d9e5-4cc9-8aab-46e121e4c86a', 1, 'so; therefore');
INSERT INTO "vocabulary"."spelling" ("id", "vocabulary_id", "spelling_kind_code", "value") VALUES ('e1d820bd-bedb-5613-9e82-d4ac623a6134', '3fd6bcdf-d9e5-4cc9-8aab-46e121e4c86a', 'HIRAGANA', 'だから');
INSERT INTO "vocabulary"."spelling" ("id", "vocabulary_id", "spelling_kind_code", "value") VALUES ('eaf9c7c6-b91c-5bc5-8bfd-13524029db10', '3fd6bcdf-d9e5-4cc9-8aab-46e121e4c86a', 'HIRAGANA', 'だから');
INSERT INTO "vocabulary"."linkages" ("vocabulary_id", "preferred_definition_id", "preferred_spelling_id", "phonetic_spelling_id", "alt_phonetic_spelling_id", "kanji_spelling_id", "conjugation_set_id") VALUES ('3fd6bcdf-d9e5-4cc9-8aab-46e121e4c86a', '128b33a3-5666-52db-8e12-b3926b4bea63', 'e1d820bd-bedb-5613-9e82-d4ac623a6134', 'eaf9c7c6-b91c-5bc5-8bfd-13524029db10', NULL, NULL, NULL);
INSERT INTO "vocabulary"."reference" ("vocabulary_id", "lesson_code") VALUES ('3fd6bcdf-d9e5-4cc9-8aab-46e121e4c86a', 'GENKI3_L04');
-- たくさん | many; a lot --;
INSERT INTO "vocabulary"."vocabulary" ("id", "word_class_code", "conjugation_kind_code", "jlpt_level", "row_num", "tags", "date_added") VALUES ('10eece8b-4102-41c5-9532-e62246da60e2', 'NOUN', NULL, 5, 375, '{}', '2022-08-10');
INSERT INTO "vocabulary"."definition" ("id", "vocabulary_id", "sort_rank", "value") VALUES ('b82ccebd-e8aa-5fb8-95ad-12b623176d58', '10eece8b-4102-41c5-9532-e62246da60e2', 1, 'many; a lot');
INSERT INTO "vocabulary"."spelling" ("id", "vocabulary_id", "spelling_kind_code", "value") VALUES ('c8646a94-e8ba-5611-b2ed-87218bc73f76', '10eece8b-4102-41c5-9532-e62246da60e2', 'HIRAGANA', 'たくさん');
INSERT INTO "vocabulary"."spelling" ("id", "vocabulary_id", "spelling_kind_code", "value") VALUES ('3943e65c-0a1c-56cf-85e0-ef091c4fe318', '10eece8b-4102-41c5-9532-e62246da60e2', 'HIRAGANA', 'たくさん');
INSERT INTO "vocabulary"."spelling" ("id", "vocabulary_id", "spelling_kind_code", "value") VALUES ('5311e825-cdb7-5beb-a882-402373a57ca5', '10eece8b-4102-41c5-9532-e62246da60e2', 'KANJI', '沢山');
INSERT INTO "vocabulary"."linkages" ("vocabulary_id", "preferred_definition_id", "preferred_spelling_id", "phonetic_spelling_id", "alt_phonetic_spelling_id", "kanji_spelling_id", "conjugation_set_id") VALUES ('10eece8b-4102-41c5-9532-e62246da60e2', 'b82ccebd-e8aa-5fb8-95ad-12b623176d58', 'c8646a94-e8ba-5611-b2ed-87218bc73f76', '3943e65c-0a1c-56cf-85e0-ef091c4fe318', NULL, '5311e825-cdb7-5beb-a882-402373a57ca5', NULL);
INSERT INTO "vocabulary"."reference" ("vocabulary_id", "lesson_code") VALUES ('10eece8b-4102-41c5-9532-e62246da60e2', 'GENKI3_L04');
-- 〜と | together with (a person); and --;
INSERT INTO "vocabulary"."vocabulary" ("id", "word_class_code", "conjugation_kind_code", "jlpt_level", "row_num", "tags", "date_added") VALUES ('d097a029-96a6-4cfe-936e-9f815b368de3', 'CONJUNCTION', NULL, 3, 376, '{}', '2022-08-10');
INSERT INTO "vocabulary"."definition" ("id", "vocabulary_id", "sort_rank", "value") VALUES ('073fac25-c5a5-52cd-9faa-67dbcfdd3be9', 'd097a029-96a6-4cfe-936e-9f815b368de3', 1, 'together with (a person); and');
INSERT INTO "vocabulary"."spelling" ("id", "vocabulary_id", "spelling_kind_code", "value") VALUES ('34132ea7-3b14-5080-aaeb-98b40115d877', 'd097a029-96a6-4cfe-936e-9f815b368de3', 'HIRAGANA', '〜と');
INSERT INTO "vocabulary"."spelling" ("id", "vocabulary_id", "spelling_kind_code", "value") VALUES ('aa2a705c-69b5-5954-83f5-7ff4f8e71cf4', 'd097a029-96a6-4cfe-936e-9f815b368de3', 'HIRAGANA', 'と');
INSERT INTO "vocabulary"."linkages" ("vocabulary_id", "preferred_definition_id", "preferred_spelling_id", "phonetic_spelling_id", "alt_phonetic_spelling_id", "kanji_spelling_id", "conjugation_set_id") VALUES ('d097a029-96a6-4cfe-936e-9f815b368de3', '073fac25-c5a5-52cd-9faa-67dbcfdd3be9', '34132ea7-3b14-5080-aaeb-98b40115d877', 'aa2a705c-69b5-5954-83f5-7ff4f8e71cf4', NULL, NULL, NULL);
INSERT INTO "vocabulary"."reference" ("vocabulary_id", "lesson_code") VALUES ('d097a029-96a6-4cfe-936e-9f815b368de3', 'GENKI3_L04');
-- どうして | why; how --;
INSERT INTO "vocabulary"."vocabulary" ("id", "word_class_code", "conjugation_kind_code", "jlpt_level", "row_num", "tags", "date_added") VALUES ('f439afe8-6382-4017-b594-de82a2d090e6', 'ADVERB', NULL, 5, 377, '{}', '2022-08-10');
INSERT INTO "vocabulary"."definition" ("id", "vocabulary_id", "sort_rank", "value") VALUES ('22bf6ac3-4e68-5576-ac3f-aaf6a6b6401f', 'f439afe8-6382-4017-b594-de82a2d090e6', 1, 'why; how');
INSERT INTO "vocabulary"."spelling" ("id", "vocabulary_id", "spelling_kind_code", "value") VALUES ('cc26c6e6-4532-5937-870b-a804f4fc2ee5', 'f439afe8-6382-4017-b594-de82a2d090e6', 'HIRAGANA', 'どうして');
INSERT INTO "vocabulary"."spelling" ("id", "vocabulary_id", "spelling_kind_code", "value") VALUES ('e25df46e-dcd4-5aeb-b9d2-ae37b9d286c7', 'f439afe8-6382-4017-b594-de82a2d090e6', 'HIRAGANA', 'どうして');
INSERT INTO "vocabulary"."linkages" ("vocabulary_id", "preferred_definition_id", "preferred_spelling_id", "phonetic_spelling_id", "alt_phonetic_spelling_id", "kanji_spelling_id", "conjugation_set_id") VALUES ('f439afe8-6382-4017-b594-de82a2d090e6', '22bf6ac3-4e68-5576-ac3f-aaf6a6b6401f', 'cc26c6e6-4532-5937-870b-a804f4fc2ee5', 'e25df46e-dcd4-5aeb-b9d2-ae37b9d286c7', NULL, NULL, NULL);
INSERT INTO "vocabulary"."reference" ("vocabulary_id", "lesson_code") VALUES ('f439afe8-6382-4017-b594-de82a2d090e6', 'GENKI3_L04');
-- 一人で | alone --;
INSERT INTO "vocabulary"."vocabulary" ("id", "word_class_code", "conjugation_kind_code", "jlpt_level", "row_num", "tags", "date_added") VALUES ('0839c0a5-e217-465a-9b68-64994b80b119', 'EXPRESSION', NULL, NULL, 378, '{}', '2022-08-10');
INSERT INTO "vocabulary"."definition" ("id", "vocabulary_id", "sort_rank", "value") VALUES ('5fdca0ed-5e5d-52ec-af27-342c6eead4ab', '0839c0a5-e217-465a-9b68-64994b80b119', 1, 'alone');
INSERT INTO "vocabulary"."spelling" ("id", "vocabulary_id", "spelling_kind_code", "value") VALUES ('26ae0089-881e-521e-97c6-ae2d58770771', '0839c0a5-e217-465a-9b68-64994b80b119', 'KANJI', '一人で');
INSERT INTO "vocabulary"."spelling" ("id", "vocabulary_id", "spelling_kind_code", "value") VALUES ('5a5a312a-3e36-573b-8285-71bcec4a971d', '0839c0a5-e217-465a-9b68-64994b80b119', 'HIRAGANA', 'ひとりで');
INSERT INTO "vocabulary"."spelling" ("id", "vocabulary_id", "spelling_kind_code", "value") VALUES ('8573cf71-7dee-587a-80db-8733868df111', '0839c0a5-e217-465a-9b68-64994b80b119', 'KANJI', '一人で');
INSERT INTO "vocabulary"."linkages" ("vocabulary_id", "preferred_definition_id", "preferred_spelling_id", "phonetic_spelling_id", "alt_phonetic_spelling_id", "kanji_spelling_id", "conjugation_set_id") VALUES ('0839c0a5-e217-465a-9b68-64994b80b119', '5fdca0ed-5e5d-52ec-af27-342c6eead4ab', '26ae0089-881e-521e-97c6-ae2d58770771', '5a5a312a-3e36-573b-8285-71bcec4a971d', NULL, '8573cf71-7dee-587a-80db-8733868df111', NULL);
INSERT INTO "vocabulary"."reference" ("vocabulary_id", "lesson_code") VALUES ('0839c0a5-e217-465a-9b68-64994b80b119', 'GENKI3_L04');
-- もしもし | hello? (phone) --;
INSERT INTO "vocabulary"."vocabulary" ("id", "word_class_code", "conjugation_kind_code", "jlpt_level", "row_num", "tags", "date_added") VALUES ('82698354-a810-410e-a0c2-e2e9e391e7bc', 'EXPRESSION', NULL, NULL, 379, '{}', '2022-08-10');
INSERT INTO "vocabulary"."definition" ("id", "vocabulary_id", "sort_rank", "value") VALUES ('52379d14-cdac-5aee-beb3-56c88a6b557c', '82698354-a810-410e-a0c2-e2e9e391e7bc', 1, 'hello? (phone)');
INSERT INTO "vocabulary"."spelling" ("id", "vocabulary_id", "spelling_kind_code", "value") VALUES ('8ae30c9e-b8c1-5a78-941b-eacb1bc561c0', '82698354-a810-410e-a0c2-e2e9e391e7bc', 'HIRAGANA', 'もしもし');
INSERT INTO "vocabulary"."spelling" ("id", "vocabulary_id", "spelling_kind_code", "value") VALUES ('245d155c-975f-5b3b-b37c-1924c1266447', '82698354-a810-410e-a0c2-e2e9e391e7bc', 'HIRAGANA', 'もしもし');
INSERT INTO "vocabulary"."linkages" ("vocabulary_id", "preferred_definition_id", "preferred_spelling_id", "phonetic_spelling_id", "alt_phonetic_spelling_id", "kanji_spelling_id", "conjugation_set_id") VALUES ('82698354-a810-410e-a0c2-e2e9e391e7bc', '52379d14-cdac-5aee-beb3-56c88a6b557c', '8ae30c9e-b8c1-5a78-941b-eacb1bc561c0', '245d155c-975f-5b3b-b37c-1924c1266447', NULL, NULL, NULL);
INSERT INTO "vocabulary"."reference" ("vocabulary_id", "lesson_code") VALUES ('82698354-a810-410e-a0c2-e2e9e391e7bc', 'GENKI3_L04');
-- 右 | right --;
INSERT INTO "vocabulary"."vocabulary" ("id", "word_class_code", "conjugation_kind_code", "jlpt_level", "row_num", "tags", "date_added") VALUES ('83d209ab-6760-5b3f-945c-f82a55d9bcc1', 'NOUN', NULL, 5, 380, '{location}', '2022-08-10');
INSERT INTO "vocabulary"."definition" ("id", "vocabulary_id", "sort_rank", "value") VALUES ('c85d5d95-488b-5044-8752-363a1d719047', '83d209ab-6760-5b3f-945c-f82a55d9bcc1', 1, 'right');
INSERT INTO "vocabulary"."spelling" ("id", "vocabulary_id", "spelling_kind_code", "value") VALUES ('c585b59d-edaf-5fd8-9108-a420ab2c42f8', '83d209ab-6760-5b3f-945c-f82a55d9bcc1', 'KANJI', '右');
INSERT INTO "vocabulary"."spelling" ("id", "vocabulary_id", "spelling_kind_code", "value") VALUES ('1fe90b12-fda9-5d19-bfbd-54772303a945', '83d209ab-6760-5b3f-945c-f82a55d9bcc1', 'HIRAGANA', 'みぎ');
INSERT INTO "vocabulary"."spelling" ("id", "vocabulary_id", "spelling_kind_code", "value") VALUES ('ed41ca22-0a9b-5ba6-8cd7-7659eb1bc11c', '83d209ab-6760-5b3f-945c-f82a55d9bcc1', 'KANJI', '右');
INSERT INTO "vocabulary"."linkages" ("vocabulary_id", "preferred_definition_id", "preferred_spelling_id", "phonetic_spelling_id", "alt_phonetic_spelling_id", "kanji_spelling_id", "conjugation_set_id") VALUES ('83d209ab-6760-5b3f-945c-f82a55d9bcc1', 'c85d5d95-488b-5044-8752-363a1d719047', 'c585b59d-edaf-5fd8-9108-a420ab2c42f8', '1fe90b12-fda9-5d19-bfbd-54772303a945', NULL, 'ed41ca22-0a9b-5ba6-8cd7-7659eb1bc11c', NULL);
INSERT INTO "vocabulary"."reference" ("vocabulary_id", "lesson_code") VALUES ('83d209ab-6760-5b3f-945c-f82a55d9bcc1', 'GENKI3_L04');
-- 左 | left --;
INSERT INTO "vocabulary"."vocabulary" ("id", "word_class_code", "conjugation_kind_code", "jlpt_level", "row_num", "tags", "date_added") VALUES ('92a12133-28d1-5327-b9b9-db5c7d58fcdb', 'NOUN', NULL, 5, 381, '{location}', '2022-08-10');
INSERT INTO "vocabulary"."definition" ("id", "vocabulary_id", "sort_rank", "value") VALUES ('bad4496a-18fb-5076-b0cb-e9f8e150a171', '92a12133-28d1-5327-b9b9-db5c7d58fcdb', 1, 'left');
INSERT INTO "vocabulary"."spelling" ("id", "vocabulary_id", "spelling_kind_code", "value") VALUES ('5053a5cd-075a-5b24-828b-776e0d7b12fc', '92a12133-28d1-5327-b9b9-db5c7d58fcdb', 'KANJI', '左');
INSERT INTO "vocabulary"."spelling" ("id", "vocabulary_id", "spelling_kind_code", "value") VALUES ('c3240d88-454b-5702-9f28-0b0a032baedf', '92a12133-28d1-5327-b9b9-db5c7d58fcdb', 'HIRAGANA', 'ひだり');
INSERT INTO "vocabulary"."spelling" ("id", "vocabulary_id", "spelling_kind_code", "value") VALUES ('04660c62-49bb-5f45-b365-5263842ffdc2', '92a12133-28d1-5327-b9b9-db5c7d58fcdb', 'KANJI', '左');
INSERT INTO "vocabulary"."linkages" ("vocabulary_id", "preferred_definition_id", "preferred_spelling_id", "phonetic_spelling_id", "alt_phonetic_spelling_id", "kanji_spelling_id", "conjugation_set_id") VALUES ('92a12133-28d1-5327-b9b9-db5c7d58fcdb', 'bad4496a-18fb-5076-b0cb-e9f8e150a171', '5053a5cd-075a-5b24-828b-776e0d7b12fc', 'c3240d88-454b-5702-9f28-0b0a032baedf', NULL, '04660c62-49bb-5f45-b365-5263842ffdc2', NULL);
INSERT INTO "vocabulary"."reference" ("vocabulary_id", "lesson_code") VALUES ('92a12133-28d1-5327-b9b9-db5c7d58fcdb', 'GENKI3_L04');
-- 前 | in front; before --;
INSERT INTO "vocabulary"."vocabulary" ("id", "word_class_code", "conjugation_kind_code", "jlpt_level", "row_num", "tags", "date_added") VALUES ('8c4152ae-6000-57f5-8244-ac48a99f7e20', 'NOUN', NULL, 5, 382, '{location}', '2022-08-10');
INSERT INTO "vocabulary"."definition" ("id", "vocabulary_id", "sort_rank", "value") VALUES ('e9f20a11-f157-5b53-8a98-3be9e4320ad5', '8c4152ae-6000-57f5-8244-ac48a99f7e20', 1, 'in front; before');
INSERT INTO "vocabulary"."spelling" ("id", "vocabulary_id", "spelling_kind_code", "value") VALUES ('0f3a946a-b131-5122-8cf8-43a0613ec037', '8c4152ae-6000-57f5-8244-ac48a99f7e20', 'KANJI', '前');
INSERT INTO "vocabulary"."spelling" ("id", "vocabulary_id", "spelling_kind_code", "value") VALUES ('8bc6c664-c376-5fa6-b17e-08fa77f85a2a', '8c4152ae-6000-57f5-8244-ac48a99f7e20', 'HIRAGANA', 'まえ');
INSERT INTO "vocabulary"."spelling" ("id", "vocabulary_id", "spelling_kind_code", "value") VALUES ('93a2ea2e-abc8-5427-a9d4-7a4775e99b07', '8c4152ae-6000-57f5-8244-ac48a99f7e20', 'KANJI', '前');
INSERT INTO "vocabulary"."linkages" ("vocabulary_id", "preferred_definition_id", "preferred_spelling_id", "phonetic_spelling_id", "alt_phonetic_spelling_id", "kanji_spelling_id", "conjugation_set_id") VALUES ('8c4152ae-6000-57f5-8244-ac48a99f7e20', 'e9f20a11-f157-5b53-8a98-3be9e4320ad5', '0f3a946a-b131-5122-8cf8-43a0613ec037', '8bc6c664-c376-5fa6-b17e-08fa77f85a2a', NULL, '93a2ea2e-abc8-5427-a9d4-7a4775e99b07', NULL);
INSERT INTO "vocabulary"."reference" ("vocabulary_id", "lesson_code") VALUES ('8c4152ae-6000-57f5-8244-ac48a99f7e20', 'GENKI3_L04');
-- 後ろ | in back; behind --;
INSERT INTO "vocabulary"."vocabulary" ("id", "word_class_code", "conjugation_kind_code", "jlpt_level", "row_num", "tags", "date_added") VALUES ('5abdcbf7-54bd-541a-be8b-e2aac1a36bf2', 'NOUN', NULL, 5, 383, '{location}', '2022-08-10');
INSERT INTO "vocabulary"."definition" ("id", "vocabulary_id", "sort_rank", "value") VALUES ('55b693dd-852c-5a27-ab86-db1a372dfc3a', '5abdcbf7-54bd-541a-be8b-e2aac1a36bf2', 1, 'in back; behind');
INSERT INTO "vocabulary"."spelling" ("id", "vocabulary_id", "spelling_kind_code", "value") VALUES ('cacd2461-908c-52ee-bbda-aa299f018f85', '5abdcbf7-54bd-541a-be8b-e2aac1a36bf2', 'KANJI', '後ろ');
INSERT INTO "vocabulary"."spelling" ("id", "vocabulary_id", "spelling_kind_code", "value") VALUES ('36d41ec3-9273-50c7-a803-e00814f20fa8', '5abdcbf7-54bd-541a-be8b-e2aac1a36bf2', 'HIRAGANA', 'うしろ');
INSERT INTO "vocabulary"."spelling" ("id", "vocabulary_id", "spelling_kind_code", "value") VALUES ('40581e96-d7de-5c45-af89-f8cf80fa056a', '5abdcbf7-54bd-541a-be8b-e2aac1a36bf2', 'KANJI', '後ろ');
INSERT INTO "vocabulary"."linkages" ("vocabulary_id", "preferred_definition_id", "preferred_spelling_id", "phonetic_spelling_id", "alt_phonetic_spelling_id", "kanji_spelling_id", "conjugation_set_id") VALUES ('5abdcbf7-54bd-541a-be8b-e2aac1a36bf2', '55b693dd-852c-5a27-ab86-db1a372dfc3a', 'cacd2461-908c-52ee-bbda-aa299f018f85', '36d41ec3-9273-50c7-a803-e00814f20fa8', NULL, '40581e96-d7de-5c45-af89-f8cf80fa056a', NULL);
INSERT INTO "vocabulary"."reference" ("vocabulary_id", "lesson_code") VALUES ('5abdcbf7-54bd-541a-be8b-e2aac1a36bf2', 'GENKI3_L04');
-- 中 | inside --;
INSERT INTO "vocabulary"."vocabulary" ("id", "word_class_code", "conjugation_kind_code", "jlpt_level", "row_num", "tags", "date_added") VALUES ('e37a40e2-6a4c-5046-9054-71bd174159cf', 'NOUN', NULL, 5, 384, '{location}', '2022-08-10');
INSERT INTO "vocabulary"."definition" ("id", "vocabulary_id", "sort_rank", "value") VALUES ('4e7b5653-0c6c-5a02-b1c1-195a14bae025', 'e37a40e2-6a4c-5046-9054-71bd174159cf', 1, 'inside');
INSERT INTO "vocabulary"."spelling" ("id", "vocabulary_id", "spelling_kind_code", "value") VALUES ('1cbd7cb4-6f4b-5948-8c0a-b685f4fa9b0d', 'e37a40e2-6a4c-5046-9054-71bd174159cf', 'KANJI', '中');
INSERT INTO "vocabulary"."spelling" ("id", "vocabulary_id", "spelling_kind_code", "value") VALUES ('4034c9b0-6dd2-5e19-bba7-a509c3929e79', 'e37a40e2-6a4c-5046-9054-71bd174159cf', 'HIRAGANA', 'なか');
INSERT INTO "vocabulary"."spelling" ("id", "vocabulary_id", "spelling_kind_code", "value") VALUES ('776e5c3a-e6e4-5551-b2f1-0524c0544ae6', 'e37a40e2-6a4c-5046-9054-71bd174159cf', 'KANJI', '中');
INSERT INTO "vocabulary"."linkages" ("vocabulary_id", "preferred_definition_id", "preferred_spelling_id", "phonetic_spelling_id", "alt_phonetic_spelling_id", "kanji_spelling_id", "conjugation_set_id") VALUES ('e37a40e2-6a4c-5046-9054-71bd174159cf', '4e7b5653-0c6c-5a02-b1c1-195a14bae025', '1cbd7cb4-6f4b-5948-8c0a-b685f4fa9b0d', '4034c9b0-6dd2-5e19-bba7-a509c3929e79', NULL, '776e5c3a-e6e4-5551-b2f1-0524c0544ae6', NULL);
INSERT INTO "vocabulary"."reference" ("vocabulary_id", "lesson_code") VALUES ('e37a40e2-6a4c-5046-9054-71bd174159cf', 'GENKI3_L04');
-- 上 | on --;
INSERT INTO "vocabulary"."vocabulary" ("id", "word_class_code", "conjugation_kind_code", "jlpt_level", "row_num", "tags", "date_added") VALUES ('b7339af2-316c-551b-a5da-cb03d2ef2392', 'NOUN', NULL, 5, 385, '{location}', '2022-08-10');
INSERT INTO "vocabulary"."definition" ("id", "vocabulary_id", "sort_rank", "value") VALUES ('b82ec176-443d-59ba-ae21-986c35e0c03f', 'b7339af2-316c-551b-a5da-cb03d2ef2392', 1, 'on');
INSERT INTO "vocabulary"."spelling" ("id", "vocabulary_id", "spelling_kind_code", "value") VALUES ('515b05ea-069b-527c-ade2-18af422529fb', 'b7339af2-316c-551b-a5da-cb03d2ef2392', 'KANJI', '上');
INSERT INTO "vocabulary"."spelling" ("id", "vocabulary_id", "spelling_kind_code", "value") VALUES ('54475e29-15e1-567a-bc3f-57fa81bf4312', 'b7339af2-316c-551b-a5da-cb03d2ef2392', 'HIRAGANA', 'うえ');
INSERT INTO "vocabulary"."spelling" ("id", "vocabulary_id", "spelling_kind_code", "value") VALUES ('6bcbd5d9-69a8-51a9-8bda-cad4e9625beb', 'b7339af2-316c-551b-a5da-cb03d2ef2392', 'KANJI', '上');
INSERT INTO "vocabulary"."linkages" ("vocabulary_id", "preferred_definition_id", "preferred_spelling_id", "phonetic_spelling_id", "alt_phonetic_spelling_id", "kanji_spelling_id", "conjugation_set_id") VALUES ('b7339af2-316c-551b-a5da-cb03d2ef2392', 'b82ec176-443d-59ba-ae21-986c35e0c03f', '515b05ea-069b-527c-ade2-18af422529fb', '54475e29-15e1-567a-bc3f-57fa81bf4312', NULL, '6bcbd5d9-69a8-51a9-8bda-cad4e9625beb', NULL);
INSERT INTO "vocabulary"."reference" ("vocabulary_id", "lesson_code") VALUES ('b7339af2-316c-551b-a5da-cb03d2ef2392', 'GENKI3_L04');
-- 下 | under --;
INSERT INTO "vocabulary"."vocabulary" ("id", "word_class_code", "conjugation_kind_code", "jlpt_level", "row_num", "tags", "date_added") VALUES ('658ee639-0bc6-5cd5-8342-15f7698bf75d', 'NOUN', NULL, 5, 386, '{location}', '2022-08-10');
INSERT INTO "vocabulary"."definition" ("id", "vocabulary_id", "sort_rank", "value") VALUES ('0cd34a4b-0fe2-5100-9dc7-5e15d4f1e965', '658ee639-0bc6-5cd5-8342-15f7698bf75d', 1, 'under');
INSERT INTO "vocabulary"."spelling" ("id", "vocabulary_id", "spelling_kind_code", "value") VALUES ('c5e48e12-24a0-5c7f-b3f3-9c21a82f681b', '658ee639-0bc6-5cd5-8342-15f7698bf75d', 'KANJI', '下');
INSERT INTO "vocabulary"."spelling" ("id", "vocabulary_id", "spelling_kind_code", "value") VALUES ('32bc02d1-7979-563e-9a10-8d113eb8995e', '658ee639-0bc6-5cd5-8342-15f7698bf75d', 'HIRAGANA', 'した');
INSERT INTO "vocabulary"."spelling" ("id", "vocabulary_id", "spelling_kind_code", "value") VALUES ('321163bd-9477-56d0-8d7d-4f88338545c2', '658ee639-0bc6-5cd5-8342-15f7698bf75d', 'KANJI', '下');
INSERT INTO "vocabulary"."linkages" ("vocabulary_id", "preferred_definition_id", "preferred_spelling_id", "phonetic_spelling_id", "alt_phonetic_spelling_id", "kanji_spelling_id", "conjugation_set_id") VALUES ('658ee639-0bc6-5cd5-8342-15f7698bf75d', '0cd34a4b-0fe2-5100-9dc7-5e15d4f1e965', 'c5e48e12-24a0-5c7f-b3f3-9c21a82f681b', '32bc02d1-7979-563e-9a10-8d113eb8995e', NULL, '321163bd-9477-56d0-8d7d-4f88338545c2', NULL);
INSERT INTO "vocabulary"."reference" ("vocabulary_id", "lesson_code") VALUES ('658ee639-0bc6-5cd5-8342-15f7698bf75d', 'GENKI3_L04');
-- 近く | near; nearby --;
INSERT INTO "vocabulary"."vocabulary" ("id", "word_class_code", "conjugation_kind_code", "jlpt_level", "row_num", "tags", "date_added") VALUES ('f8bbf752-a05d-542c-99ad-1b59fec7e4a6', 'NOUN', NULL, 5, 387, '{location}', '2022-08-10');
INSERT INTO "vocabulary"."definition" ("id", "vocabulary_id", "sort_rank", "value") VALUES ('2fdc01ed-2575-5bd1-a032-819dc435ba62', 'f8bbf752-a05d-542c-99ad-1b59fec7e4a6', 1, 'near; nearby');
INSERT INTO "vocabulary"."spelling" ("id", "vocabulary_id", "spelling_kind_code", "value") VALUES ('912290d5-cfe8-572f-adf2-aea5405ed3b7', 'f8bbf752-a05d-542c-99ad-1b59fec7e4a6', 'KANJI', '近く');
INSERT INTO "vocabulary"."spelling" ("id", "vocabulary_id", "spelling_kind_code", "value") VALUES ('b9dfb101-c1d6-5684-a7c2-8a93115bb5c0', 'f8bbf752-a05d-542c-99ad-1b59fec7e4a6', 'HIRAGANA', 'ちかく');
INSERT INTO "vocabulary"."spelling" ("id", "vocabulary_id", "spelling_kind_code", "value") VALUES ('88b3e5ae-ee9c-5953-a373-e126686eb850', 'f8bbf752-a05d-542c-99ad-1b59fec7e4a6', 'KANJI', '近く');
INSERT INTO "vocabulary"."linkages" ("vocabulary_id", "preferred_definition_id", "preferred_spelling_id", "phonetic_spelling_id", "alt_phonetic_spelling_id", "kanji_spelling_id", "conjugation_set_id") VALUES ('f8bbf752-a05d-542c-99ad-1b59fec7e4a6', '2fdc01ed-2575-5bd1-a032-819dc435ba62', '912290d5-cfe8-572f-adf2-aea5405ed3b7', 'b9dfb101-c1d6-5684-a7c2-8a93115bb5c0', NULL, '88b3e5ae-ee9c-5953-a373-e126686eb850', NULL);
INSERT INTO "vocabulary"."reference" ("vocabulary_id", "lesson_code") VALUES ('f8bbf752-a05d-542c-99ad-1b59fec7e4a6', 'GENKI3_L04');
-- 隣 | next (to); adjacent --;
INSERT INTO "vocabulary"."vocabulary" ("id", "word_class_code", "conjugation_kind_code", "jlpt_level", "row_num", "tags", "date_added") VALUES ('9c00bb62-e821-5702-ad5d-20d324fdb688', 'NOUN', NULL, 5, 388, '{location}', '2022-08-10');
INSERT INTO "vocabulary"."definition" ("id", "vocabulary_id", "sort_rank", "value") VALUES ('64dc24ce-5b65-5df9-9ad1-ca08eeabd62a', '9c00bb62-e821-5702-ad5d-20d324fdb688', 1, 'next (to); adjacent');
INSERT INTO "vocabulary"."spelling" ("id", "vocabulary_id", "spelling_kind_code", "value") VALUES ('6589e968-e083-50f4-ab86-ee526fed90f3', '9c00bb62-e821-5702-ad5d-20d324fdb688', 'KANJI', '隣');
INSERT INTO "vocabulary"."spelling" ("id", "vocabulary_id", "spelling_kind_code", "value") VALUES ('12176dca-f99c-5355-bc05-61d12c1d0274', '9c00bb62-e821-5702-ad5d-20d324fdb688', 'HIRAGANA', 'となり');
INSERT INTO "vocabulary"."spelling" ("id", "vocabulary_id", "spelling_kind_code", "value") VALUES ('e2946458-b54e-5656-8f23-c9a78137a8a1', '9c00bb62-e821-5702-ad5d-20d324fdb688', 'KANJI', '隣');
INSERT INTO "vocabulary"."linkages" ("vocabulary_id", "preferred_definition_id", "preferred_spelling_id", "phonetic_spelling_id", "alt_phonetic_spelling_id", "kanji_spelling_id", "conjugation_set_id") VALUES ('9c00bb62-e821-5702-ad5d-20d324fdb688', '64dc24ce-5b65-5df9-9ad1-ca08eeabd62a', '6589e968-e083-50f4-ab86-ee526fed90f3', '12176dca-f99c-5355-bc05-61d12c1d0274', NULL, 'e2946458-b54e-5656-8f23-c9a78137a8a1', NULL);
INSERT INTO "vocabulary"."reference" ("vocabulary_id", "lesson_code") VALUES ('9c00bb62-e821-5702-ad5d-20d324fdb688', 'GENKI3_L04');
-- 間 | between --;
INSERT INTO "vocabulary"."vocabulary" ("id", "word_class_code", "conjugation_kind_code", "jlpt_level", "row_num", "tags", "date_added") VALUES ('5d31fe9a-a3d5-548d-b92c-323392afbb5f', 'NOUN', NULL, 5, 389, '{location}', '2022-08-10');
INSERT INTO "vocabulary"."definition" ("id", "vocabulary_id", "sort_rank", "value") VALUES ('e34b0601-6529-5013-b64f-2b83b71eac3f', '5d31fe9a-a3d5-548d-b92c-323392afbb5f', 1, 'between');
INSERT INTO "vocabulary"."spelling" ("id", "vocabulary_id", "spelling_kind_code", "value") VALUES ('e693672c-e1bd-5910-88c3-0adda4be8511', '5d31fe9a-a3d5-548d-b92c-323392afbb5f', 'KANJI', '間');
INSERT INTO "vocabulary"."spelling" ("id", "vocabulary_id", "spelling_kind_code", "value") VALUES ('742d9d48-ce56-5c95-88f4-6a863909bb24', '5d31fe9a-a3d5-548d-b92c-323392afbb5f', 'HIRAGANA', 'あいだ');
INSERT INTO "vocabulary"."spelling" ("id", "vocabulary_id", "spelling_kind_code", "value") VALUES ('a52242ef-5809-5fef-b78f-e0f08ae1d6af', '5d31fe9a-a3d5-548d-b92c-323392afbb5f', 'KANJI', '間');
INSERT INTO "vocabulary"."linkages" ("vocabulary_id", "preferred_definition_id", "preferred_spelling_id", "phonetic_spelling_id", "alt_phonetic_spelling_id", "kanji_spelling_id", "conjugation_set_id") VALUES ('5d31fe9a-a3d5-548d-b92c-323392afbb5f', 'e34b0601-6529-5013-b64f-2b83b71eac3f', 'e693672c-e1bd-5910-88c3-0adda4be8511', '742d9d48-ce56-5c95-88f4-6a863909bb24', NULL, 'a52242ef-5809-5fef-b78f-e0f08ae1d6af', NULL);
INSERT INTO "vocabulary"."reference" ("vocabulary_id", "lesson_code") VALUES ('5d31fe9a-a3d5-548d-b92c-323392afbb5f', 'GENKI3_L04');
-- すごい | amazing --;
INSERT INTO "vocabulary"."vocabulary" ("id", "word_class_code", "conjugation_kind_code", "jlpt_level", "row_num", "tags", "date_added") VALUES ('4f2e177f-cee0-4330-ac19-9c6506a76c9b', 'ADJECTIVE', 'I_ADJECTIVE', 4, 390, '{}', '2022-10-06');
INSERT INTO "vocabulary"."definition" ("id", "vocabulary_id", "sort_rank", "value") VALUES ('fc6c9b8f-90e0-5c53-ad22-9734df3b098d', '4f2e177f-cee0-4330-ac19-9c6506a76c9b', 1, 'amazing');
INSERT INTO "vocabulary"."spelling" ("id", "vocabulary_id", "spelling_kind_code", "value") VALUES ('df78fefa-d89f-5ef7-a703-743ea808b041', '4f2e177f-cee0-4330-ac19-9c6506a76c9b', 'HIRAGANA', 'すごい');
INSERT INTO "vocabulary"."spelling" ("id", "vocabulary_id", "spelling_kind_code", "value") VALUES ('8e644122-0900-5e79-aac5-4d82fe0b2b35', '4f2e177f-cee0-4330-ac19-9c6506a76c9b', 'HIRAGANA', 'すごい');
INSERT INTO "vocabulary"."spelling" ("id", "vocabulary_id", "spelling_kind_code", "value") VALUES ('74e8603a-20e2-5c84-a9f4-6c62e0cbbb11', '4f2e177f-cee0-4330-ac19-9c6506a76c9b', 'KANJI', '凄い');
INSERT INTO "vocabulary"."linkages" ("vocabulary_id", "preferred_definition_id", "preferred_spelling_id", "phonetic_spelling_id", "alt_phonetic_spelling_id", "kanji_spelling_id", "conjugation_set_id") VALUES ('4f2e177f-cee0-4330-ac19-9c6506a76c9b', 'fc6c9b8f-90e0-5c53-ad22-9734df3b098d', 'df78fefa-d89f-5ef7-a703-743ea808b041', '8e644122-0900-5e79-aac5-4d82fe0b2b35', NULL, '74e8603a-20e2-5c84-a9f4-6c62e0cbbb11', NULL);
-- ええと | let me see; well; errr; uh --;
INSERT INTO "vocabulary"."vocabulary" ("id", "word_class_code", "conjugation_kind_code", "jlpt_level", "row_num", "tags", "date_added") VALUES ('1892e385-4410-4dae-94d6-24b8c84c27a1', 'EXPRESSION', NULL, 2, 391, '{}', '2022-10-06');
INSERT INTO "vocabulary"."definition" ("id", "vocabulary_id", "sort_rank", "value") VALUES ('e2842c69-6adb-5705-9bf8-f76197062a97', '1892e385-4410-4dae-94d6-24b8c84c27a1', 1, 'let me see; well; errr; uh');
INSERT INTO "vocabulary"."spelling" ("id", "vocabulary_id", "spelling_kind_code", "value") VALUES ('910d4fa5-584b-5309-a66d-a54730b908d3', '1892e385-4410-4dae-94d6-24b8c84c27a1', 'HIRAGANA', 'ええと');
INSERT INTO "vocabulary"."spelling" ("id", "vocabulary_id", "spelling_kind_code", "value") VALUES ('01e3181a-03a3-5434-817e-381ddbf71450', '1892e385-4410-4dae-94d6-24b8c84c27a1', 'HIRAGANA', 'ええと');
INSERT INTO "vocabulary"."linkages" ("vocabulary_id", "preferred_definition_id", "preferred_spelling_id", "phonetic_spelling_id", "alt_phonetic_spelling_id", "kanji_spelling_id", "conjugation_set_id") VALUES ('1892e385-4410-4dae-94d6-24b8c84c27a1', 'e2842c69-6adb-5705-9bf8-f76197062a97', '910d4fa5-584b-5309-a66d-a54730b908d3', '01e3181a-03a3-5434-817e-381ddbf71450', NULL, NULL, NULL);
-- 先輩 | senior colleague --;
INSERT INTO "vocabulary"."vocabulary" ("id", "word_class_code", "conjugation_kind_code", "jlpt_level", "row_num", "tags", "date_added") VALUES ('e48fb32f-70db-56b6-9be3-882d953469c5', 'NOUN', NULL, 4, 392, '{}', '2022-09-14');
INSERT INTO "vocabulary"."definition" ("id", "vocabulary_id", "sort_rank", "value") VALUES ('56701737-7c8c-5021-b06a-2a5294a0779b', 'e48fb32f-70db-56b6-9be3-882d953469c5', 1, 'senior colleague');
INSERT INTO "vocabulary"."spelling" ("id", "vocabulary_id", "spelling_kind_code", "value") VALUES ('34b73240-416b-56fa-8d68-7c042a65e4cd', 'e48fb32f-70db-56b6-9be3-882d953469c5', 'KANJI', '先輩');
INSERT INTO "vocabulary"."spelling" ("id", "vocabulary_id", "spelling_kind_code", "value") VALUES ('fcd38f79-6838-5102-903e-13ffe2d08e78', 'e48fb32f-70db-56b6-9be3-882d953469c5', 'HIRAGANA', 'せんぱい');
INSERT INTO "vocabulary"."spelling" ("id", "vocabulary_id", "spelling_kind_code", "value") VALUES ('c1e8ed05-bbdf-5d68-b212-a7b3b5ed46b9', 'e48fb32f-70db-56b6-9be3-882d953469c5', 'KANJI', '先輩');
INSERT INTO "vocabulary"."linkages" ("vocabulary_id", "preferred_definition_id", "preferred_spelling_id", "phonetic_spelling_id", "alt_phonetic_spelling_id", "kanji_spelling_id", "conjugation_set_id") VALUES ('e48fb32f-70db-56b6-9be3-882d953469c5', '56701737-7c8c-5021-b06a-2a5294a0779b', '34b73240-416b-56fa-8d68-7c042a65e4cd', 'fcd38f79-6838-5102-903e-13ffe2d08e78', NULL, 'c1e8ed05-bbdf-5d68-b212-a7b3b5ed46b9', NULL);
-- 後輩 | junior colleague --;
INSERT INTO "vocabulary"."vocabulary" ("id", "word_class_code", "conjugation_kind_code", "jlpt_level", "row_num", "tags", "date_added") VALUES ('576386e2-9779-5938-9822-1c1013726a52', 'NOUN', NULL, 2, 393, '{}', '2022-09-14');
INSERT INTO "vocabulary"."definition" ("id", "vocabulary_id", "sort_rank", "value") VALUES ('16b74fc1-0ddb-5ccd-88ab-c5bce3d8c97b', '576386e2-9779-5938-9822-1c1013726a52', 1, 'junior colleague');
INSERT INTO "vocabulary"."spelling" ("id", "vocabulary_id", "spelling_kind_code", "value") VALUES ('61bca720-5e63-52a4-a746-149d4ecc558a', '576386e2-9779-5938-9822-1c1013726a52', 'KANJI', '後輩');
INSERT INTO "vocabulary"."spelling" ("id", "vocabulary_id", "spelling_kind_code", "value") VALUES ('fa640858-59d9-5821-8180-ede84c10fc77', '576386e2-9779-5938-9822-1c1013726a52', 'HIRAGANA', 'こうはい');
INSERT INTO "vocabulary"."spelling" ("id", "vocabulary_id", "spelling_kind_code", "value") VALUES ('f844f827-65cf-5356-b2fa-aac09def44c7', '576386e2-9779-5938-9822-1c1013726a52', 'KANJI', '後輩');
INSERT INTO "vocabulary"."linkages" ("vocabulary_id", "preferred_definition_id", "preferred_spelling_id", "phonetic_spelling_id", "alt_phonetic_spelling_id", "kanji_spelling_id", "conjugation_set_id") VALUES ('576386e2-9779-5938-9822-1c1013726a52', '16b74fc1-0ddb-5ccd-88ab-c5bce3d8c97b', '61bca720-5e63-52a4-a746-149d4ecc558a', 'fa640858-59d9-5821-8180-ede84c10fc77', NULL, 'f844f827-65cf-5356-b2fa-aac09def44c7', NULL);
-- 煎餅 | rice cracker --;
INSERT INTO "vocabulary"."vocabulary" ("id", "word_class_code", "conjugation_kind_code", "jlpt_level", "row_num", "tags", "date_added") VALUES ('c4fe5291-83a0-5e58-9791-744a785a3d9a', 'NOUN', NULL, NULL, 394, '{food}', '2022-08-12');
INSERT INTO "vocabulary"."definition" ("id", "vocabulary_id", "sort_rank", "value") VALUES ('83cf0731-5eae-58af-a1b2-44235d06f8ea', 'c4fe5291-83a0-5e58-9791-744a785a3d9a', 1, 'rice cracker');
INSERT INTO "vocabulary"."spelling" ("id", "vocabulary_id", "spelling_kind_code", "value") VALUES ('963db913-9626-5c30-8277-d91d810f579c', 'c4fe5291-83a0-5e58-9791-744a785a3d9a', 'KANJI', '煎餅');
INSERT INTO "vocabulary"."spelling" ("id", "vocabulary_id", "spelling_kind_code", "value") VALUES ('57220bd8-0ef9-52e7-b7fb-af6bee216d9e', 'c4fe5291-83a0-5e58-9791-744a785a3d9a', 'HIRAGANA', 'せんべい');
INSERT INTO "vocabulary"."spelling" ("id", "vocabulary_id", "spelling_kind_code", "value") VALUES ('587783f2-2a6f-5992-b848-2120b8ffcd42', 'c4fe5291-83a0-5e58-9791-744a785a3d9a', 'KANJI', '煎餅');
INSERT INTO "vocabulary"."linkages" ("vocabulary_id", "preferred_definition_id", "preferred_spelling_id", "phonetic_spelling_id", "alt_phonetic_spelling_id", "kanji_spelling_id", "conjugation_set_id") VALUES ('c4fe5291-83a0-5e58-9791-744a785a3d9a', '83cf0731-5eae-58af-a1b2-44235d06f8ea', '963db913-9626-5c30-8277-d91d810f579c', '57220bd8-0ef9-52e7-b7fb-af6bee216d9e', NULL, '587783f2-2a6f-5992-b848-2120b8ffcd42', NULL);
-- ケーキ | cake --;
INSERT INTO "vocabulary"."vocabulary" ("id", "word_class_code", "conjugation_kind_code", "jlpt_level", "row_num", "tags", "date_added") VALUES ('e182997f-4799-5c3c-a985-ed126db9687e', 'NOUN', NULL, 4, 395, '{food}', '2022-08-12');
INSERT INTO "vocabulary"."definition" ("id", "vocabulary_id", "sort_rank", "value") VALUES ('786c4b57-ca99-563d-8f42-8000940e135b', 'e182997f-4799-5c3c-a985-ed126db9687e', 1, 'cake');
INSERT INTO "vocabulary"."spelling" ("id", "vocabulary_id", "spelling_kind_code", "value") VALUES ('cfd7d93e-444b-5de9-9756-8b4afbc07abf', 'e182997f-4799-5c3c-a985-ed126db9687e', 'KATAKANA', 'ケーキ');
INSERT INTO "vocabulary"."spelling" ("id", "vocabulary_id", "spelling_kind_code", "value") VALUES ('2c8478c3-5da5-5884-8e67-e358fe6ad51d', 'e182997f-4799-5c3c-a985-ed126db9687e', 'HIRAGANA', 'ケえき');
INSERT INTO "vocabulary"."linkages" ("vocabulary_id", "preferred_definition_id", "preferred_spelling_id", "phonetic_spelling_id", "alt_phonetic_spelling_id", "kanji_spelling_id", "conjugation_set_id") VALUES ('e182997f-4799-5c3c-a985-ed126db9687e', '786c4b57-ca99-563d-8f42-8000940e135b', 'cfd7d93e-444b-5de9-9756-8b4afbc07abf', '2c8478c3-5da5-5884-8e67-e358fe6ad51d', NULL, NULL, NULL);
-- お握り | rice ball --;
INSERT INTO "vocabulary"."vocabulary" ("id", "word_class_code", "conjugation_kind_code", "jlpt_level", "row_num", "tags", "date_added") VALUES ('676d3eb5-4992-5047-ad16-142df7b8ec38', 'NOUN', NULL, NULL, 396, '{food}', '2022-08-12');
INSERT INTO "vocabulary"."definition" ("id", "vocabulary_id", "sort_rank", "value") VALUES ('fc5bba58-6b23-55b0-ad42-38cedf26bd96', '676d3eb5-4992-5047-ad16-142df7b8ec38', 1, 'rice ball');
INSERT INTO "vocabulary"."spelling" ("id", "vocabulary_id", "spelling_kind_code", "value") VALUES ('8d36d7fb-3c67-5182-9612-720245960798', '676d3eb5-4992-5047-ad16-142df7b8ec38', 'KANJI', 'お握り');
INSERT INTO "vocabulary"."spelling" ("id", "vocabulary_id", "spelling_kind_code", "value") VALUES ('296893f9-21b8-57b3-bd6c-e1c4a818b05e', '676d3eb5-4992-5047-ad16-142df7b8ec38', 'HIRAGANA', 'おにぎり');
INSERT INTO "vocabulary"."spelling" ("id", "vocabulary_id", "spelling_kind_code", "value") VALUES ('35c8f202-82a8-5d5c-a923-71e9d697ed04', '676d3eb5-4992-5047-ad16-142df7b8ec38', 'KANJI', 'お握り');
INSERT INTO "vocabulary"."linkages" ("vocabulary_id", "preferred_definition_id", "preferred_spelling_id", "phonetic_spelling_id", "alt_phonetic_spelling_id", "kanji_spelling_id", "conjugation_set_id") VALUES ('676d3eb5-4992-5047-ad16-142df7b8ec38', 'fc5bba58-6b23-55b0-ad42-38cedf26bd96', '8d36d7fb-3c67-5182-9612-720245960798', '296893f9-21b8-57b3-bd6c-e1c4a818b05e', NULL, '35c8f202-82a8-5d5c-a923-71e9d697ed04', NULL);
-- 塩 | salt --;
INSERT INTO "vocabulary"."vocabulary" ("id", "word_class_code", "conjugation_kind_code", "jlpt_level", "row_num", "tags", "date_added") VALUES ('cd548aa6-54f8-5f0a-b55f-c0fcf26dbc2a', 'NOUN', NULL, 5, 397, '{food}', '2022-08-12');
INSERT INTO "vocabulary"."definition" ("id", "vocabulary_id", "sort_rank", "value") VALUES ('fe5abdf0-bc6a-5454-8d84-de3fccc43287', 'cd548aa6-54f8-5f0a-b55f-c0fcf26dbc2a', 1, 'salt');
INSERT INTO "vocabulary"."spelling" ("id", "vocabulary_id", "spelling_kind_code", "value") VALUES ('95aa45e3-d47e-55e2-b2c9-9287b3c2b184', 'cd548aa6-54f8-5f0a-b55f-c0fcf26dbc2a', 'KANJI', '塩');
INSERT INTO "vocabulary"."spelling" ("id", "vocabulary_id", "spelling_kind_code", "value") VALUES ('10c78655-e09a-5a20-9851-752b1f51e087', 'cd548aa6-54f8-5f0a-b55f-c0fcf26dbc2a', 'HIRAGANA', 'しお');
INSERT INTO "vocabulary"."spelling" ("id", "vocabulary_id", "spelling_kind_code", "value") VALUES ('fe94a4ee-afac-5baf-8cee-c276e6fb248a', 'cd548aa6-54f8-5f0a-b55f-c0fcf26dbc2a', 'KANJI', '塩');
INSERT INTO "vocabulary"."linkages" ("vocabulary_id", "preferred_definition_id", "preferred_spelling_id", "phonetic_spelling_id", "alt_phonetic_spelling_id", "kanji_spelling_id", "conjugation_set_id") VALUES ('cd548aa6-54f8-5f0a-b55f-c0fcf26dbc2a', 'fe5abdf0-bc6a-5454-8d84-de3fccc43287', '95aa45e3-d47e-55e2-b2c9-9287b3c2b184', '10c78655-e09a-5a20-9851-752b1f51e087', NULL, 'fe94a4ee-afac-5baf-8cee-c276e6fb248a', NULL);
-- 箸 | chopsticks --;
INSERT INTO "vocabulary"."vocabulary" ("id", "word_class_code", "conjugation_kind_code", "jlpt_level", "row_num", "tags", "date_added") VALUES ('f9253f00-8203-5dc9-89f5-a39b4d3d9d55', 'NOUN', NULL, 5, 398, '{food,kitchen}', '2022-08-20');
INSERT INTO "vocabulary"."definition" ("id", "vocabulary_id", "sort_rank", "value") VALUES ('d7e05c40-b00a-504c-a0cf-4236ca4c4ec1', 'f9253f00-8203-5dc9-89f5-a39b4d3d9d55', 1, 'chopsticks');
INSERT INTO "vocabulary"."spelling" ("id", "vocabulary_id", "spelling_kind_code", "value") VALUES ('11bcd711-b027-5a77-b0b3-33c980e148f5', 'f9253f00-8203-5dc9-89f5-a39b4d3d9d55', 'KANJI', '箸');
INSERT INTO "vocabulary"."spelling" ("id", "vocabulary_id", "spelling_kind_code", "value") VALUES ('16355768-20d5-5c3c-addb-ce9c58361470', 'f9253f00-8203-5dc9-89f5-a39b4d3d9d55', 'HIRAGANA', 'はし');
INSERT INTO "vocabulary"."spelling" ("id", "vocabulary_id", "spelling_kind_code", "value") VALUES ('e05537ec-d0fb-5e82-8dd2-04401e7b0173', 'f9253f00-8203-5dc9-89f5-a39b4d3d9d55', 'KANJI', '箸');
INSERT INTO "vocabulary"."linkages" ("vocabulary_id", "preferred_definition_id", "preferred_spelling_id", "phonetic_spelling_id", "alt_phonetic_spelling_id", "kanji_spelling_id", "conjugation_set_id") VALUES ('f9253f00-8203-5dc9-89f5-a39b4d3d9d55', 'd7e05c40-b00a-504c-a0cf-4236ca4c4ec1', '11bcd711-b027-5a77-b0b3-33c980e148f5', '16355768-20d5-5c3c-addb-ce9c58361470', NULL, 'e05537ec-d0fb-5e82-8dd2-04401e7b0173', NULL);
INSERT INTO "vocabulary"."reference" ("vocabulary_id", "lesson_code") VALUES ('f9253f00-8203-5dc9-89f5-a39b4d3d9d55', 'GENKI3_L08');
-- もっと | (some) more; longer; further --;
INSERT INTO "vocabulary"."vocabulary" ("id", "word_class_code", "conjugation_kind_code", "jlpt_level", "row_num", "tags", "date_added") VALUES ('ca8b76ff-0345-5367-855a-fd69329898a6', 'ADVERB', NULL, 5, 399, '{}', '2022-08-12');
INSERT INTO "vocabulary"."definition" ("id", "vocabulary_id", "sort_rank", "value") VALUES ('53464acb-5e0b-52dc-985b-56a2d888d443', 'ca8b76ff-0345-5367-855a-fd69329898a6', 1, '(some) more; longer; further');
INSERT INTO "vocabulary"."spelling" ("id", "vocabulary_id", "spelling_kind_code", "value") VALUES ('c4c9a23e-45ab-56bd-a6b7-74aa90d493fb', 'ca8b76ff-0345-5367-855a-fd69329898a6', 'HIRAGANA', 'もっと');
INSERT INTO "vocabulary"."spelling" ("id", "vocabulary_id", "spelling_kind_code", "value") VALUES ('5607154d-789f-5c22-90f9-507ba788186a', 'ca8b76ff-0345-5367-855a-fd69329898a6', 'HIRAGANA', 'もっと');
INSERT INTO "vocabulary"."linkages" ("vocabulary_id", "preferred_definition_id", "preferred_spelling_id", "phonetic_spelling_id", "alt_phonetic_spelling_id", "kanji_spelling_id", "conjugation_set_id") VALUES ('ca8b76ff-0345-5367-855a-fd69329898a6', '53464acb-5e0b-52dc-985b-56a2d888d443', 'c4c9a23e-45ab-56bd-a6b7-74aa90d493fb', '5607154d-789f-5c22-90f9-507ba788186a', NULL, NULL, NULL);
-- オタク | geek; nerd --;
INSERT INTO "vocabulary"."vocabulary" ("id", "word_class_code", "conjugation_kind_code", "jlpt_level", "row_num", "tags", "date_added") VALUES ('fa69ee4d-ab8a-5daf-8701-abab724eaade', 'NOUN', NULL, NULL, 400, '{slang}', '2022-08-12');
INSERT INTO "vocabulary"."definition" ("id", "vocabulary_id", "sort_rank", "value") VALUES ('4838fcff-a117-54ff-956f-61928b750659', 'fa69ee4d-ab8a-5daf-8701-abab724eaade', 1, 'geek; nerd');
INSERT INTO "vocabulary"."spelling" ("id", "vocabulary_id", "spelling_kind_code", "value") VALUES ('2d92cfa1-6a6c-5793-b377-34a958016241', 'fa69ee4d-ab8a-5daf-8701-abab724eaade', 'KATAKANA', 'オタク');
INSERT INTO "vocabulary"."spelling" ("id", "vocabulary_id", "spelling_kind_code", "value") VALUES ('023b449a-4f9a-5b80-ace9-e578ba418143', 'fa69ee4d-ab8a-5daf-8701-abab724eaade', 'HIRAGANA', 'おたく');
INSERT INTO "vocabulary"."linkages" ("vocabulary_id", "preferred_definition_id", "preferred_spelling_id", "phonetic_spelling_id", "alt_phonetic_spelling_id", "kanji_spelling_id", "conjugation_set_id") VALUES ('fa69ee4d-ab8a-5daf-8701-abab724eaade', '4838fcff-a117-54ff-956f-61928b750659', '2d92cfa1-6a6c-5793-b377-34a958016241', '023b449a-4f9a-5b80-ace9-e578ba418143', NULL, NULL, NULL);
-- 湯 | hot water; hot bath; hot spring --;
INSERT INTO "vocabulary"."vocabulary" ("id", "word_class_code", "conjugation_kind_code", "jlpt_level", "row_num", "tags", "date_added") VALUES ('3953151e-3280-5665-8c64-1bfabbedcdd2', 'NOUN', NULL, 4, 401, '{water}', '2022-08-12');
INSERT INTO "vocabulary"."definition" ("id", "vocabulary_id", "sort_rank", "value") VALUES ('c101bbc5-d84d-5cd3-ad28-3c871cbb2383', '3953151e-3280-5665-8c64-1bfabbedcdd2', 1, 'hot water; hot bath; hot spring');
INSERT INTO "vocabulary"."spelling" ("id", "vocabulary_id", "spelling_kind_code", "value") VALUES ('47d4bae6-d93a-5756-af0a-cb6aba77fc06', '3953151e-3280-5665-8c64-1bfabbedcdd2', 'KANJI', '湯');
INSERT INTO "vocabulary"."spelling" ("id", "vocabulary_id", "spelling_kind_code", "value") VALUES ('85f0a31c-f875-58d1-8474-d45766e95b37', '3953151e-3280-5665-8c64-1bfabbedcdd2', 'HIRAGANA', 'ゆ');
INSERT INTO "vocabulary"."spelling" ("id", "vocabulary_id", "spelling_kind_code", "value") VALUES ('140a78bc-2536-5746-b1e9-da61e23c0878', '3953151e-3280-5665-8c64-1bfabbedcdd2', 'KANJI', '湯');
INSERT INTO "vocabulary"."linkages" ("vocabulary_id", "preferred_definition_id", "preferred_spelling_id", "phonetic_spelling_id", "alt_phonetic_spelling_id", "kanji_spelling_id", "conjugation_set_id") VALUES ('3953151e-3280-5665-8c64-1bfabbedcdd2', 'c101bbc5-d84d-5cd3-ad28-3c871cbb2383', '47d4bae6-d93a-5756-af0a-cb6aba77fc06', '85f0a31c-f875-58d1-8474-d45766e95b37', NULL, '140a78bc-2536-5746-b1e9-da61e23c0878', NULL);
-- 温泉 | hot spring --;
INSERT INTO "vocabulary"."vocabulary" ("id", "word_class_code", "conjugation_kind_code", "jlpt_level", "row_num", "tags", "date_added") VALUES ('8c842dec-6e97-54b7-ad74-2408c4b88677', 'NOUN', NULL, 2, 402, '{}', '2022-08-12');
INSERT INTO "vocabulary"."definition" ("id", "vocabulary_id", "sort_rank", "value") VALUES ('8cf9fd8d-b28a-598f-b119-7dea2b23c02f', '8c842dec-6e97-54b7-ad74-2408c4b88677', 1, 'hot spring');
INSERT INTO "vocabulary"."spelling" ("id", "vocabulary_id", "spelling_kind_code", "value") VALUES ('69479f97-c2a0-5063-83ad-66afb47c90fa', '8c842dec-6e97-54b7-ad74-2408c4b88677', 'KANJI', '温泉');
INSERT INTO "vocabulary"."spelling" ("id", "vocabulary_id", "spelling_kind_code", "value") VALUES ('36d59440-2702-518d-b230-ec9ebe5103a2', '8c842dec-6e97-54b7-ad74-2408c4b88677', 'HIRAGANA', 'おんせん');
INSERT INTO "vocabulary"."spelling" ("id", "vocabulary_id", "spelling_kind_code", "value") VALUES ('be5eb828-5fb1-5ba6-b1fe-8f5db8a4733c', '8c842dec-6e97-54b7-ad74-2408c4b88677', 'KANJI', '温泉');
INSERT INTO "vocabulary"."linkages" ("vocabulary_id", "preferred_definition_id", "preferred_spelling_id", "phonetic_spelling_id", "alt_phonetic_spelling_id", "kanji_spelling_id", "conjugation_set_id") VALUES ('8c842dec-6e97-54b7-ad74-2408c4b88677', '8cf9fd8d-b28a-598f-b119-7dea2b23c02f', '69479f97-c2a0-5063-83ad-66afb47c90fa', '36d59440-2702-518d-b230-ec9ebe5103a2', NULL, 'be5eb828-5fb1-5ba6-b1fe-8f5db8a4733c', NULL);
-- 止まる | to stop moving; to come to a stop --;
INSERT INTO "vocabulary"."vocabulary" ("id", "word_class_code", "conjugation_kind_code", "jlpt_level", "row_num", "tags", "date_added") VALUES ('c30f6fb9-5695-5c83-80b8-6ff6fa07ce2e', 'VERB', NULL, NULL, 403, '{}', '2022-09-02');
INSERT INTO "vocabulary"."definition" ("id", "vocabulary_id", "sort_rank", "value") VALUES ('ef7777e9-7607-5887-8264-0094ac85984f', 'c30f6fb9-5695-5c83-80b8-6ff6fa07ce2e', 1, 'to stop moving; to come to a stop');
INSERT INTO "vocabulary"."spelling" ("id", "vocabulary_id", "spelling_kind_code", "value") VALUES ('f325a01d-d11a-52ac-b2db-02a3923b13b8', 'c30f6fb9-5695-5c83-80b8-6ff6fa07ce2e', 'KANJI', '止まる');
INSERT INTO "vocabulary"."spelling" ("id", "vocabulary_id", "spelling_kind_code", "value") VALUES ('4ec90901-5398-503f-bf15-f98068f2ab99', 'c30f6fb9-5695-5c83-80b8-6ff6fa07ce2e', 'HIRAGANA', 'とまる');
INSERT INTO "vocabulary"."spelling" ("id", "vocabulary_id", "spelling_kind_code", "value") VALUES ('878e3394-e36d-55dd-97b5-7634c1fdcaf2', 'c30f6fb9-5695-5c83-80b8-6ff6fa07ce2e', 'KANJI', '止まる');
INSERT INTO "vocabulary"."linkages" ("vocabulary_id", "preferred_definition_id", "preferred_spelling_id", "phonetic_spelling_id", "alt_phonetic_spelling_id", "kanji_spelling_id", "conjugation_set_id") VALUES ('c30f6fb9-5695-5c83-80b8-6ff6fa07ce2e', 'ef7777e9-7607-5887-8264-0094ac85984f', 'f325a01d-d11a-52ac-b2db-02a3923b13b8', '4ec90901-5398-503f-bf15-f98068f2ab99', NULL, '878e3394-e36d-55dd-97b5-7634c1fdcaf2', NULL);
-- 止まれ | stop (on road signage) --;
INSERT INTO "vocabulary"."vocabulary" ("id", "word_class_code", "conjugation_kind_code", "jlpt_level", "row_num", "tags", "date_added") VALUES ('461f8d91-ff08-5cf0-a0a9-891008b85589', 'EXPRESSION', NULL, NULL, 404, '{transportation}', '2022-08-12');
INSERT INTO "vocabulary"."definition" ("id", "vocabulary_id", "sort_rank", "value") VALUES ('afcc8a1b-5201-5f6d-a991-7f3ac709c5c5', '461f8d91-ff08-5cf0-a0a9-891008b85589', 1, 'stop (on road signage)');
INSERT INTO "vocabulary"."spelling" ("id", "vocabulary_id", "spelling_kind_code", "value") VALUES ('97c4e13c-b2a2-583f-84c1-581f77b1523f', '461f8d91-ff08-5cf0-a0a9-891008b85589', 'KANJI', '止まれ');
INSERT INTO "vocabulary"."spelling" ("id", "vocabulary_id", "spelling_kind_code", "value") VALUES ('2a41e86c-5fa7-5d05-9f86-95c861c939b8', '461f8d91-ff08-5cf0-a0a9-891008b85589', 'HIRAGANA', 'とまれ');
INSERT INTO "vocabulary"."spelling" ("id", "vocabulary_id", "spelling_kind_code", "value") VALUES ('8c7580d6-11d1-5e97-bdc3-44c61165a658', '461f8d91-ff08-5cf0-a0a9-891008b85589', 'KANJI', '止まれ');
INSERT INTO "vocabulary"."linkages" ("vocabulary_id", "preferred_definition_id", "preferred_spelling_id", "phonetic_spelling_id", "alt_phonetic_spelling_id", "kanji_spelling_id", "conjugation_set_id") VALUES ('461f8d91-ff08-5cf0-a0a9-891008b85589', 'afcc8a1b-5201-5f6d-a991-7f3ac709c5c5', '97c4e13c-b2a2-583f-84c1-581f77b1523f', '2a41e86c-5fa7-5d05-9f86-95c861c939b8', NULL, '8c7580d6-11d1-5e97-bdc3-44c61165a658', NULL);
-- 野 | plain; field --;
INSERT INTO "vocabulary"."vocabulary" ("id", "word_class_code", "conjugation_kind_code", "jlpt_level", "row_num", "tags", "date_added") VALUES ('8e1502b1-e593-5485-867d-72fcb3b1217d', 'NOUN', NULL, 3, 405, '{}', '2022-09-09');
INSERT INTO "vocabulary"."definition" ("id", "vocabulary_id", "sort_rank", "value") VALUES ('efbcc4b3-aa77-596d-b1c0-f4878f159dae', '8e1502b1-e593-5485-867d-72fcb3b1217d', 1, 'plain; field');
INSERT INTO "vocabulary"."spelling" ("id", "vocabulary_id", "spelling_kind_code", "value") VALUES ('2d792d54-6c89-5e4f-93d0-500cc86304f1', '8e1502b1-e593-5485-867d-72fcb3b1217d', 'KANJI', '野');
INSERT INTO "vocabulary"."spelling" ("id", "vocabulary_id", "spelling_kind_code", "value") VALUES ('498150f8-8176-5d06-8b2a-711c65855f5c', '8e1502b1-e593-5485-867d-72fcb3b1217d', 'HIRAGANA', 'の');
INSERT INTO "vocabulary"."spelling" ("id", "vocabulary_id", "spelling_kind_code", "value") VALUES ('6545f1e8-a2bf-5ea5-9862-e6640fb91bf6', '8e1502b1-e593-5485-867d-72fcb3b1217d', 'KANJI', '野');
INSERT INTO "vocabulary"."linkages" ("vocabulary_id", "preferred_definition_id", "preferred_spelling_id", "phonetic_spelling_id", "alt_phonetic_spelling_id", "kanji_spelling_id", "conjugation_set_id") VALUES ('8e1502b1-e593-5485-867d-72fcb3b1217d', 'efbcc4b3-aa77-596d-b1c0-f4878f159dae', '2d792d54-6c89-5e4f-93d0-500cc86304f1', '498150f8-8176-5d06-8b2a-711c65855f5c', NULL, '6545f1e8-a2bf-5ea5-9862-e6640fb91bf6', NULL);
-- 等分 | division into equal parts --;
INSERT INTO "vocabulary"."vocabulary" ("id", "word_class_code", "conjugation_kind_code", "jlpt_level", "row_num", "tags", "date_added") VALUES ('7d911224-17ff-5957-a840-cf56e5907439', 'NOUN', NULL, 2, 406, '{}', '2022-08-12');
INSERT INTO "vocabulary"."definition" ("id", "vocabulary_id", "sort_rank", "value") VALUES ('4908aafb-a9b7-5c89-b432-ed611c06069f', '7d911224-17ff-5957-a840-cf56e5907439', 1, 'division into equal parts');
INSERT INTO "vocabulary"."spelling" ("id", "vocabulary_id", "spelling_kind_code", "value") VALUES ('5078e548-da7a-5786-8a9a-8c215248a8ad', '7d911224-17ff-5957-a840-cf56e5907439', 'KANJI', '等分');
INSERT INTO "vocabulary"."spelling" ("id", "vocabulary_id", "spelling_kind_code", "value") VALUES ('db7d6672-ac09-58a4-9aa1-c4f192921767', '7d911224-17ff-5957-a840-cf56e5907439', 'HIRAGANA', 'とうぶん');
INSERT INTO "vocabulary"."spelling" ("id", "vocabulary_id", "spelling_kind_code", "value") VALUES ('f2a7aeab-493c-5b9c-a1a3-049fd0b5f09b', '7d911224-17ff-5957-a840-cf56e5907439', 'KANJI', '等分');
INSERT INTO "vocabulary"."linkages" ("vocabulary_id", "preferred_definition_id", "preferred_spelling_id", "phonetic_spelling_id", "alt_phonetic_spelling_id", "kanji_spelling_id", "conjugation_set_id") VALUES ('7d911224-17ff-5957-a840-cf56e5907439', '4908aafb-a9b7-5c89-b432-ed611c06069f', '5078e548-da7a-5786-8a9a-8c215248a8ad', 'db7d6672-ac09-58a4-9aa1-c4f192921767', NULL, 'f2a7aeab-493c-5b9c-a1a3-049fd0b5f09b', NULL);
-- 花嫁 | bride --;
INSERT INTO "vocabulary"."vocabulary" ("id", "word_class_code", "conjugation_kind_code", "jlpt_level", "row_num", "tags", "date_added") VALUES ('e396a0a2-95a9-52dc-bbde-5bbc8d28c073', 'NOUN', NULL, 2, 407, '{}', '2022-08-12');
INSERT INTO "vocabulary"."definition" ("id", "vocabulary_id", "sort_rank", "value") VALUES ('a8142b53-9868-559a-a806-e26d95aaa9cc', 'e396a0a2-95a9-52dc-bbde-5bbc8d28c073', 1, 'bride');
INSERT INTO "vocabulary"."spelling" ("id", "vocabulary_id", "spelling_kind_code", "value") VALUES ('29f51eb1-b199-5670-8720-e3d3a4201f3c', 'e396a0a2-95a9-52dc-bbde-5bbc8d28c073', 'KANJI', '花嫁');
INSERT INTO "vocabulary"."spelling" ("id", "vocabulary_id", "spelling_kind_code", "value") VALUES ('a444f653-133d-5c02-a466-d0fe5522317b', 'e396a0a2-95a9-52dc-bbde-5bbc8d28c073', 'HIRAGANA', 'はなよめ');
INSERT INTO "vocabulary"."spelling" ("id", "vocabulary_id", "spelling_kind_code", "value") VALUES ('0d183e5e-2eb6-525b-9c87-84c9dd9237aa', 'e396a0a2-95a9-52dc-bbde-5bbc8d28c073', 'KANJI', '花嫁');
INSERT INTO "vocabulary"."linkages" ("vocabulary_id", "preferred_definition_id", "preferred_spelling_id", "phonetic_spelling_id", "alt_phonetic_spelling_id", "kanji_spelling_id", "conjugation_set_id") VALUES ('e396a0a2-95a9-52dc-bbde-5bbc8d28c073', 'a8142b53-9868-559a-a806-e26d95aaa9cc', '29f51eb1-b199-5670-8720-e3d3a4201f3c', 'a444f653-133d-5c02-a466-d0fe5522317b', NULL, '0d183e5e-2eb6-525b-9c87-84c9dd9237aa', NULL);
-- 師匠 | master; teacher --;
INSERT INTO "vocabulary"."vocabulary" ("id", "word_class_code", "conjugation_kind_code", "jlpt_level", "row_num", "tags", "date_added") VALUES ('3f9be32c-56f7-5543-98b0-5f145ab43669', 'NOUN', NULL, NULL, 408, '{}', '2022-08-12');
INSERT INTO "vocabulary"."definition" ("id", "vocabulary_id", "sort_rank", "value") VALUES ('00e32809-9d02-5ec8-a9b6-78d7228d60ae', '3f9be32c-56f7-5543-98b0-5f145ab43669', 1, 'master; teacher');
INSERT INTO "vocabulary"."spelling" ("id", "vocabulary_id", "spelling_kind_code", "value") VALUES ('599e67c7-f5b5-5924-b91a-596bf3a20d4c', '3f9be32c-56f7-5543-98b0-5f145ab43669', 'KANJI', '師匠');
INSERT INTO "vocabulary"."spelling" ("id", "vocabulary_id", "spelling_kind_code", "value") VALUES ('9b619213-70e3-5d02-9545-1538912b4049', '3f9be32c-56f7-5543-98b0-5f145ab43669', 'HIRAGANA', 'ししょう');
INSERT INTO "vocabulary"."spelling" ("id", "vocabulary_id", "spelling_kind_code", "value") VALUES ('48361be5-70bf-58ff-9cf3-3f0d8d2decbb', '3f9be32c-56f7-5543-98b0-5f145ab43669', 'KANJI', '師匠');
INSERT INTO "vocabulary"."linkages" ("vocabulary_id", "preferred_definition_id", "preferred_spelling_id", "phonetic_spelling_id", "alt_phonetic_spelling_id", "kanji_spelling_id", "conjugation_set_id") VALUES ('3f9be32c-56f7-5543-98b0-5f145ab43669', '00e32809-9d02-5ec8-a9b6-78d7228d60ae', '599e67c7-f5b5-5924-b91a-596bf3a20d4c', '9b619213-70e3-5d02-9545-1538912b4049', NULL, '48361be5-70bf-58ff-9cf3-3f0d8d2decbb', NULL);
-- ご注文 | order; request --;
INSERT INTO "vocabulary"."vocabulary" ("id", "word_class_code", "conjugation_kind_code", "jlpt_level", "row_num", "tags", "date_added") VALUES ('b0f23319-1e7e-5eee-aa4c-1181b78ebeec', 'NOUN', NULL, NULL, 409, '{}', '2022-08-12');
INSERT INTO "vocabulary"."definition" ("id", "vocabulary_id", "sort_rank", "value") VALUES ('70370d4e-9030-5c51-a888-58aa0f02db8f', 'b0f23319-1e7e-5eee-aa4c-1181b78ebeec', 1, 'order; request');
INSERT INTO "vocabulary"."spelling" ("id", "vocabulary_id", "spelling_kind_code", "value") VALUES ('5e9b47b6-08f5-5e96-b6c6-f23e68491ed8', 'b0f23319-1e7e-5eee-aa4c-1181b78ebeec', 'KANJI', 'ご注文');
INSERT INTO "vocabulary"."spelling" ("id", "vocabulary_id", "spelling_kind_code", "value") VALUES ('e6ebc07f-2c52-5bd4-881e-4c01aea1888d', 'b0f23319-1e7e-5eee-aa4c-1181b78ebeec', 'HIRAGANA', 'ごちゅもん');
INSERT INTO "vocabulary"."spelling" ("id", "vocabulary_id", "spelling_kind_code", "value") VALUES ('bed18575-4ca4-53c9-843f-72de9de0e9f1', 'b0f23319-1e7e-5eee-aa4c-1181b78ebeec', 'KANJI', 'ご注文');
INSERT INTO "vocabulary"."linkages" ("vocabulary_id", "preferred_definition_id", "preferred_spelling_id", "phonetic_spelling_id", "alt_phonetic_spelling_id", "kanji_spelling_id", "conjugation_set_id") VALUES ('b0f23319-1e7e-5eee-aa4c-1181b78ebeec', '70370d4e-9030-5c51-a888-58aa0f02db8f', '5e9b47b6-08f5-5e96-b6c6-f23e68491ed8', 'e6ebc07f-2c52-5bd4-881e-4c01aea1888d', NULL, 'bed18575-4ca4-53c9-843f-72de9de0e9f1', NULL);
-- 魔女 | witch --;
INSERT INTO "vocabulary"."vocabulary" ("id", "word_class_code", "conjugation_kind_code", "jlpt_level", "row_num", "tags", "date_added") VALUES ('c495dd60-9438-5d9f-892e-6b37d6d88c4a', 'NOUN', NULL, NULL, 410, '{}', '2022-08-12');
INSERT INTO "vocabulary"."definition" ("id", "vocabulary_id", "sort_rank", "value") VALUES ('1f1f509c-64a2-55c1-92f2-b37644f60abf', 'c495dd60-9438-5d9f-892e-6b37d6d88c4a', 1, 'witch');
INSERT INTO "vocabulary"."spelling" ("id", "vocabulary_id", "spelling_kind_code", "value") VALUES ('e4119f01-335b-5aa9-b738-28dd6026065c', 'c495dd60-9438-5d9f-892e-6b37d6d88c4a', 'KANJI', '魔女');
INSERT INTO "vocabulary"."spelling" ("id", "vocabulary_id", "spelling_kind_code", "value") VALUES ('e22365ca-70bf-5448-ae38-0a7ac63691bb', 'c495dd60-9438-5d9f-892e-6b37d6d88c4a', 'HIRAGANA', 'まじょ');
INSERT INTO "vocabulary"."spelling" ("id", "vocabulary_id", "spelling_kind_code", "value") VALUES ('dbb95d59-4d68-5451-98e8-3c03eaf8e731', 'c495dd60-9438-5d9f-892e-6b37d6d88c4a', 'KANJI', '魔女');
INSERT INTO "vocabulary"."linkages" ("vocabulary_id", "preferred_definition_id", "preferred_spelling_id", "phonetic_spelling_id", "alt_phonetic_spelling_id", "kanji_spelling_id", "conjugation_set_id") VALUES ('c495dd60-9438-5d9f-892e-6b37d6d88c4a', '1f1f509c-64a2-55c1-92f2-b37644f60abf', 'e4119f01-335b-5aa9-b738-28dd6026065c', 'e22365ca-70bf-5448-ae38-0a7ac63691bb', NULL, 'dbb95d59-4d68-5451-98e8-3c03eaf8e731', NULL);
-- 鬼 | demon; ogre --;
INSERT INTO "vocabulary"."vocabulary" ("id", "word_class_code", "conjugation_kind_code", "jlpt_level", "row_num", "tags", "date_added") VALUES ('52f192e3-6628-546b-80b5-f63547b440d5', 'NOUN', NULL, 3, 411, '{}', '2022-08-12');
INSERT INTO "vocabulary"."definition" ("id", "vocabulary_id", "sort_rank", "value") VALUES ('f50adec8-7a7a-53de-950b-af1ff76db1b3', '52f192e3-6628-546b-80b5-f63547b440d5', 1, 'demon; ogre');
INSERT INTO "vocabulary"."spelling" ("id", "vocabulary_id", "spelling_kind_code", "value") VALUES ('8e55d50a-6ed9-5098-a1d5-ac5d6aceff3e', '52f192e3-6628-546b-80b5-f63547b440d5', 'KANJI', '鬼');
INSERT INTO "vocabulary"."spelling" ("id", "vocabulary_id", "spelling_kind_code", "value") VALUES ('286eed71-a580-5a27-a602-e0212b373708', '52f192e3-6628-546b-80b5-f63547b440d5', 'HIRAGANA', 'おに');
INSERT INTO "vocabulary"."spelling" ("id", "vocabulary_id", "spelling_kind_code", "value") VALUES ('5773fb44-488e-50e1-82fb-6094d7872e1e', '52f192e3-6628-546b-80b5-f63547b440d5', 'KANJI', '鬼');
INSERT INTO "vocabulary"."linkages" ("vocabulary_id", "preferred_definition_id", "preferred_spelling_id", "phonetic_spelling_id", "alt_phonetic_spelling_id", "kanji_spelling_id", "conjugation_set_id") VALUES ('52f192e3-6628-546b-80b5-f63547b440d5', 'f50adec8-7a7a-53de-950b-af1ff76db1b3', '8e55d50a-6ed9-5098-a1d5-ac5d6aceff3e', '286eed71-a580-5a27-a602-e0212b373708', NULL, '5773fb44-488e-50e1-82fb-6094d7872e1e', NULL);
-- 神 | devine spirit --;
INSERT INTO "vocabulary"."vocabulary" ("id", "word_class_code", "conjugation_kind_code", "jlpt_level", "row_num", "tags", "date_added") VALUES ('63f02942-2ba9-5ff6-aa84-be6ecd6f209d', 'NOUN', NULL, 3, 412, '{}', '2022-08-12');
INSERT INTO "vocabulary"."definition" ("id", "vocabulary_id", "sort_rank", "value") VALUES ('53ff4408-055a-5729-bf42-cf8206f7b983', '63f02942-2ba9-5ff6-aa84-be6ecd6f209d', 1, 'devine spirit');
INSERT INTO "vocabulary"."spelling" ("id", "vocabulary_id", "spelling_kind_code", "value") VALUES ('3d813af3-d492-5d0b-9704-975e091f0ccf', '63f02942-2ba9-5ff6-aa84-be6ecd6f209d', 'KANJI', '神');
INSERT INTO "vocabulary"."spelling" ("id", "vocabulary_id", "spelling_kind_code", "value") VALUES ('cb69548e-2a39-528e-8b32-8f49ee053cd6', '63f02942-2ba9-5ff6-aa84-be6ecd6f209d', 'HIRAGANA', 'かみ');
INSERT INTO "vocabulary"."spelling" ("id", "vocabulary_id", "spelling_kind_code", "value") VALUES ('561b8743-2b05-5b65-8625-8c11d04316f2', '63f02942-2ba9-5ff6-aa84-be6ecd6f209d', 'KANJI', '神');
INSERT INTO "vocabulary"."linkages" ("vocabulary_id", "preferred_definition_id", "preferred_spelling_id", "phonetic_spelling_id", "alt_phonetic_spelling_id", "kanji_spelling_id", "conjugation_set_id") VALUES ('63f02942-2ba9-5ff6-aa84-be6ecd6f209d', '53ff4408-055a-5729-bf42-cf8206f7b983', '3d813af3-d492-5d0b-9704-975e091f0ccf', 'cb69548e-2a39-528e-8b32-8f49ee053cd6', NULL, '561b8743-2b05-5b65-8625-8c11d04316f2', NULL);
-- 旅 | travel; trip; journey --;
INSERT INTO "vocabulary"."vocabulary" ("id", "word_class_code", "conjugation_kind_code", "jlpt_level", "row_num", "tags", "date_added") VALUES ('abbcc24b-a635-5aeb-b6ef-387d88099538', 'NOUN', NULL, 3, 413, '{}', '2022-08-12');
INSERT INTO "vocabulary"."definition" ("id", "vocabulary_id", "sort_rank", "value") VALUES ('4cdc2ebb-75f1-5fc0-9900-f52b5048fdd7', 'abbcc24b-a635-5aeb-b6ef-387d88099538', 1, 'travel; trip; journey');
INSERT INTO "vocabulary"."spelling" ("id", "vocabulary_id", "spelling_kind_code", "value") VALUES ('bfbd68a5-7105-5728-b5c7-ec7fe0fe70ea', 'abbcc24b-a635-5aeb-b6ef-387d88099538', 'KANJI', '旅');
INSERT INTO "vocabulary"."spelling" ("id", "vocabulary_id", "spelling_kind_code", "value") VALUES ('b1a545d4-6fe9-5caf-9093-4309acc3460f', 'abbcc24b-a635-5aeb-b6ef-387d88099538', 'HIRAGANA', 'たび');
INSERT INTO "vocabulary"."spelling" ("id", "vocabulary_id", "spelling_kind_code", "value") VALUES ('b01371ed-4181-5074-a9de-027c44b597dc', 'abbcc24b-a635-5aeb-b6ef-387d88099538', 'KANJI', '旅');
INSERT INTO "vocabulary"."linkages" ("vocabulary_id", "preferred_definition_id", "preferred_spelling_id", "phonetic_spelling_id", "alt_phonetic_spelling_id", "kanji_spelling_id", "conjugation_set_id") VALUES ('abbcc24b-a635-5aeb-b6ef-387d88099538', '4cdc2ebb-75f1-5fc0-9900-f52b5048fdd7', 'bfbd68a5-7105-5728-b5c7-ec7fe0fe70ea', 'b1a545d4-6fe9-5caf-9093-4309acc3460f', NULL, 'b01371ed-4181-5074-a9de-027c44b597dc', NULL);
-- みかん | mandarin orange --;
INSERT INTO "vocabulary"."vocabulary" ("id", "word_class_code", "conjugation_kind_code", "jlpt_level", "row_num", "tags", "date_added") VALUES ('5050503b-7db6-47be-bef8-66ce9bd0088b', 'NOUN', NULL, NULL, 414, '{}', '2022-10-06');
INSERT INTO "vocabulary"."definition" ("id", "vocabulary_id", "sort_rank", "value") VALUES ('4c74495a-dcd2-5f7a-ac92-2e7620e70902', '5050503b-7db6-47be-bef8-66ce9bd0088b', 1, 'mandarin orange');
INSERT INTO "vocabulary"."spelling" ("id", "vocabulary_id", "spelling_kind_code", "value") VALUES ('c38393e6-9b0f-5656-b871-c610938f3e8e', '5050503b-7db6-47be-bef8-66ce9bd0088b', 'HIRAGANA', 'みかん');
INSERT INTO "vocabulary"."spelling" ("id", "vocabulary_id", "spelling_kind_code", "value") VALUES ('2153c87e-1b7a-5516-a5bf-64e2c333c48f', '5050503b-7db6-47be-bef8-66ce9bd0088b', 'HIRAGANA', 'みかん');
INSERT INTO "vocabulary"."spelling" ("id", "vocabulary_id", "spelling_kind_code", "value") VALUES ('fd264cf0-4397-5300-ac95-52c8814b54b0', '5050503b-7db6-47be-bef8-66ce9bd0088b', 'KANJI', '蜜柑');
INSERT INTO "vocabulary"."linkages" ("vocabulary_id", "preferred_definition_id", "preferred_spelling_id", "phonetic_spelling_id", "alt_phonetic_spelling_id", "kanji_spelling_id", "conjugation_set_id") VALUES ('5050503b-7db6-47be-bef8-66ce9bd0088b', '4c74495a-dcd2-5f7a-ac92-2e7620e70902', 'c38393e6-9b0f-5656-b871-c610938f3e8e', '2153c87e-1b7a-5516-a5bf-64e2c333c48f', NULL, 'fd264cf0-4397-5300-ac95-52c8814b54b0', NULL);
-- ほたる | firefly --;
INSERT INTO "vocabulary"."vocabulary" ("id", "word_class_code", "conjugation_kind_code", "jlpt_level", "row_num", "tags", "date_added") VALUES ('4a6ab2b4-2801-4faf-89c5-87a4651ec4d9', 'NOUN', NULL, 1, 415, '{animal}', '2022-10-06');
INSERT INTO "vocabulary"."definition" ("id", "vocabulary_id", "sort_rank", "value") VALUES ('7b6e86ec-9f38-5f10-b1fe-c0d939d2b32c', '4a6ab2b4-2801-4faf-89c5-87a4651ec4d9', 1, 'firefly');
INSERT INTO "vocabulary"."spelling" ("id", "vocabulary_id", "spelling_kind_code", "value") VALUES ('aaf44ba2-4ad3-57fb-9f98-3a63790d2783', '4a6ab2b4-2801-4faf-89c5-87a4651ec4d9', 'HIRAGANA', 'ほたる');
INSERT INTO "vocabulary"."spelling" ("id", "vocabulary_id", "spelling_kind_code", "value") VALUES ('828edaed-1834-5cd7-a16c-e45cf3d02ff9', '4a6ab2b4-2801-4faf-89c5-87a4651ec4d9', 'HIRAGANA', 'ほたる');
INSERT INTO "vocabulary"."spelling" ("id", "vocabulary_id", "spelling_kind_code", "value") VALUES ('3054796a-0341-5b5f-89c8-78a5d25a208b', '4a6ab2b4-2801-4faf-89c5-87a4651ec4d9', 'KANJI', '蛍');
INSERT INTO "vocabulary"."linkages" ("vocabulary_id", "preferred_definition_id", "preferred_spelling_id", "phonetic_spelling_id", "alt_phonetic_spelling_id", "kanji_spelling_id", "conjugation_set_id") VALUES ('4a6ab2b4-2801-4faf-89c5-87a4651ec4d9', '7b6e86ec-9f38-5f10-b1fe-c0d939d2b32c', 'aaf44ba2-4ad3-57fb-9f98-3a63790d2783', '828edaed-1834-5cd7-a16c-e45cf3d02ff9', NULL, '3054796a-0341-5b5f-89c8-78a5d25a208b', NULL);
-- 駄菓子屋 | small candy store --;
INSERT INTO "vocabulary"."vocabulary" ("id", "word_class_code", "conjugation_kind_code", "jlpt_level", "row_num", "tags", "date_added") VALUES ('f5b5faa4-94d4-4ecc-896c-49e6bb18144d', 'NOUN', NULL, NULL, 416, '{}', '2022-10-06');
INSERT INTO "vocabulary"."definition" ("id", "vocabulary_id", "sort_rank", "value") VALUES ('5afd7ebb-16fe-5cc6-bca0-fd6ca07a2dea', 'f5b5faa4-94d4-4ecc-896c-49e6bb18144d', 1, 'small candy store');
INSERT INTO "vocabulary"."spelling" ("id", "vocabulary_id", "spelling_kind_code", "value") VALUES ('62c7141c-32ee-5fba-a79a-6a5e32b71462', 'f5b5faa4-94d4-4ecc-896c-49e6bb18144d', 'KANJI', '駄菓子屋');
INSERT INTO "vocabulary"."spelling" ("id", "vocabulary_id", "spelling_kind_code", "value") VALUES ('8bc69597-b5b3-51d2-a69a-6bf2ee0891d8', 'f5b5faa4-94d4-4ecc-896c-49e6bb18144d', 'HIRAGANA', 'だがしや');
INSERT INTO "vocabulary"."spelling" ("id", "vocabulary_id", "spelling_kind_code", "value") VALUES ('4c5ae91f-c150-5a3b-be34-468a90c93984', 'f5b5faa4-94d4-4ecc-896c-49e6bb18144d', 'KANJI', '駄菓子屋');
INSERT INTO "vocabulary"."linkages" ("vocabulary_id", "preferred_definition_id", "preferred_spelling_id", "phonetic_spelling_id", "alt_phonetic_spelling_id", "kanji_spelling_id", "conjugation_set_id") VALUES ('f5b5faa4-94d4-4ecc-896c-49e6bb18144d', '5afd7ebb-16fe-5cc6-bca0-fd6ca07a2dea', '62c7141c-32ee-5fba-a79a-6a5e32b71462', '8bc69597-b5b3-51d2-a69a-6bf2ee0891d8', NULL, '4c5ae91f-c150-5a3b-be34-468a90c93984', NULL);
-- 軽音楽 | light music --;
INSERT INTO "vocabulary"."vocabulary" ("id", "word_class_code", "conjugation_kind_code", "jlpt_level", "row_num", "tags", "date_added") VALUES ('aeac8e75-ade1-55a0-b4d0-4203dc90df45', 'NOUN', NULL, 1, 417, '{}', '2022-08-19');
INSERT INTO "vocabulary"."definition" ("id", "vocabulary_id", "sort_rank", "value") VALUES ('ae7bda6d-80d6-569e-adb0-3c75755ae4db', 'aeac8e75-ade1-55a0-b4d0-4203dc90df45', 1, 'light music');
INSERT INTO "vocabulary"."spelling" ("id", "vocabulary_id", "spelling_kind_code", "value") VALUES ('7c5e9ff6-ff8a-5407-85d9-089d03b5b63d', 'aeac8e75-ade1-55a0-b4d0-4203dc90df45', 'KANJI', '軽音楽');
INSERT INTO "vocabulary"."spelling" ("id", "vocabulary_id", "spelling_kind_code", "value") VALUES ('bbecd8ea-04de-58c0-a344-24b80690b0fc', 'aeac8e75-ade1-55a0-b4d0-4203dc90df45', 'HIRAGANA', 'けいおんがく');
INSERT INTO "vocabulary"."spelling" ("id", "vocabulary_id", "spelling_kind_code", "value") VALUES ('5a42a672-1f55-5011-98c9-92c4bf40c556', 'aeac8e75-ade1-55a0-b4d0-4203dc90df45', 'KANJI', '軽音楽');
INSERT INTO "vocabulary"."linkages" ("vocabulary_id", "preferred_definition_id", "preferred_spelling_id", "phonetic_spelling_id", "alt_phonetic_spelling_id", "kanji_spelling_id", "conjugation_set_id") VALUES ('aeac8e75-ade1-55a0-b4d0-4203dc90df45', 'ae7bda6d-80d6-569e-adb0-3c75755ae4db', '7c5e9ff6-ff8a-5407-85d9-089d03b5b63d', 'bbecd8ea-04de-58c0-a344-24b80690b0fc', NULL, '5a42a672-1f55-5011-98c9-92c4bf40c556', NULL);
-- 部 | club; department (of company) --;
INSERT INTO "vocabulary"."vocabulary" ("id", "word_class_code", "conjugation_kind_code", "jlpt_level", "row_num", "tags", "date_added") VALUES ('300bed58-ddab-5420-8396-3147573388c3', 'NOUN', NULL, 1, 418, '{}', '2022-08-12');
INSERT INTO "vocabulary"."definition" ("id", "vocabulary_id", "sort_rank", "value") VALUES ('73d7f543-f607-5320-b9a9-f5d4c97e38a0', '300bed58-ddab-5420-8396-3147573388c3', 1, 'club; department (of company)');
INSERT INTO "vocabulary"."spelling" ("id", "vocabulary_id", "spelling_kind_code", "value") VALUES ('534163f1-17b6-5369-ad7b-a53e24c7e7b4', '300bed58-ddab-5420-8396-3147573388c3', 'KANJI', '部');
INSERT INTO "vocabulary"."spelling" ("id", "vocabulary_id", "spelling_kind_code", "value") VALUES ('2d5e84e4-6cc3-5ecf-b742-130a60f49fc5', '300bed58-ddab-5420-8396-3147573388c3', 'HIRAGANA', 'ぶ');
INSERT INTO "vocabulary"."spelling" ("id", "vocabulary_id", "spelling_kind_code", "value") VALUES ('cf8fcaf8-2c0b-5a92-aa13-18bbf512423e', '300bed58-ddab-5420-8396-3147573388c3', 'KANJI', '部');
INSERT INTO "vocabulary"."linkages" ("vocabulary_id", "preferred_definition_id", "preferred_spelling_id", "phonetic_spelling_id", "alt_phonetic_spelling_id", "kanji_spelling_id", "conjugation_set_id") VALUES ('300bed58-ddab-5420-8396-3147573388c3', '73d7f543-f607-5320-b9a9-f5d4c97e38a0', '534163f1-17b6-5369-ad7b-a53e24c7e7b4', '2d5e84e4-6cc3-5ecf-b742-130a60f49fc5', NULL, 'cf8fcaf8-2c0b-5a92-aa13-18bbf512423e', NULL);
-- 散歩 | stroll --;
INSERT INTO "vocabulary"."vocabulary" ("id", "word_class_code", "conjugation_kind_code", "jlpt_level", "row_num", "tags", "date_added") VALUES ('3e15a011-580f-46c7-a59c-b17b6cb530a4', 'NOUN', NULL, 5, 419, '{}', '2022-10-06');
INSERT INTO "vocabulary"."definition" ("id", "vocabulary_id", "sort_rank", "value") VALUES ('26c9c5de-556d-598b-8691-0d240f80e7a7', '3e15a011-580f-46c7-a59c-b17b6cb530a4', 1, 'stroll');
INSERT INTO "vocabulary"."spelling" ("id", "vocabulary_id", "spelling_kind_code", "value") VALUES ('06652bea-c34f-55b4-8b8c-c58c928ca167', '3e15a011-580f-46c7-a59c-b17b6cb530a4', 'KANJI', '散歩');
INSERT INTO "vocabulary"."spelling" ("id", "vocabulary_id", "spelling_kind_code", "value") VALUES ('732c6fba-aa0d-5768-b0aa-664a0dad8dc1', '3e15a011-580f-46c7-a59c-b17b6cb530a4', 'HIRAGANA', 'さんぽ');
INSERT INTO "vocabulary"."spelling" ("id", "vocabulary_id", "spelling_kind_code", "value") VALUES ('fd7d6af3-1b3e-5041-9487-66f3832f6291', '3e15a011-580f-46c7-a59c-b17b6cb530a4', 'KANJI', '散歩');
INSERT INTO "vocabulary"."linkages" ("vocabulary_id", "preferred_definition_id", "preferred_spelling_id", "phonetic_spelling_id", "alt_phonetic_spelling_id", "kanji_spelling_id", "conjugation_set_id") VALUES ('3e15a011-580f-46c7-a59c-b17b6cb530a4', '26c9c5de-556d-598b-8691-0d240f80e7a7', '06652bea-c34f-55b4-8b8c-c58c928ca167', '732c6fba-aa0d-5768-b0aa-664a0dad8dc1', NULL, 'fd7d6af3-1b3e-5041-9487-66f3832f6291', NULL);
-- チビ | small child; cute small version of someone --;
INSERT INTO "vocabulary"."vocabulary" ("id", "word_class_code", "conjugation_kind_code", "jlpt_level", "row_num", "tags", "date_added") VALUES ('e2a1e5ef-c9d8-5554-a912-e6014d2c0f35', 'NOUN', NULL, NULL, 420, '{}', '2022-08-13');
INSERT INTO "vocabulary"."definition" ("id", "vocabulary_id", "sort_rank", "value") VALUES ('9bc85ce2-6e6e-527c-b174-a237458752e3', 'e2a1e5ef-c9d8-5554-a912-e6014d2c0f35', 1, 'small child; cute small version of someone');
INSERT INTO "vocabulary"."spelling" ("id", "vocabulary_id", "spelling_kind_code", "value") VALUES ('658a6adb-4d26-5e54-b36e-645378f238f0', 'e2a1e5ef-c9d8-5554-a912-e6014d2c0f35', 'KATAKANA', 'チビ');
INSERT INTO "vocabulary"."spelling" ("id", "vocabulary_id", "spelling_kind_code", "value") VALUES ('571dc8cf-4afa-54dd-871c-ba761cf83fa7', 'e2a1e5ef-c9d8-5554-a912-e6014d2c0f35', 'HIRAGANA', 'ちび');
INSERT INTO "vocabulary"."linkages" ("vocabulary_id", "preferred_definition_id", "preferred_spelling_id", "phonetic_spelling_id", "alt_phonetic_spelling_id", "kanji_spelling_id", "conjugation_set_id") VALUES ('e2a1e5ef-c9d8-5554-a912-e6014d2c0f35', '9bc85ce2-6e6e-527c-b174-a237458752e3', '658a6adb-4d26-5e54-b36e-645378f238f0', '571dc8cf-4afa-54dd-871c-ba761cf83fa7', NULL, NULL, NULL);
-- かわいい | cute --;
INSERT INTO "vocabulary"."vocabulary" ("id", "word_class_code", "conjugation_kind_code", "jlpt_level", "row_num", "tags", "date_added") VALUES ('2c0b911e-ac72-5c04-bfd3-ebcd9e988dee', 'ADJECTIVE', 'I_ADJECTIVE', 5, 421, '{}', '2022-08-13');
INSERT INTO "vocabulary"."definition" ("id", "vocabulary_id", "sort_rank", "value") VALUES ('177d6461-4a87-5587-9302-c04b12b616b1', '2c0b911e-ac72-5c04-bfd3-ebcd9e988dee', 1, 'cute');
INSERT INTO "vocabulary"."spelling" ("id", "vocabulary_id", "spelling_kind_code", "value") VALUES ('8b8ac693-7d52-50ad-a309-27ffb29b396f', '2c0b911e-ac72-5c04-bfd3-ebcd9e988dee', 'HIRAGANA', 'かわいい');
INSERT INTO "vocabulary"."spelling" ("id", "vocabulary_id", "spelling_kind_code", "value") VALUES ('e7461cf9-7cf6-593c-9db9-a275dc53f1b9', '2c0b911e-ac72-5c04-bfd3-ebcd9e988dee', 'HIRAGANA', 'かわいい');
INSERT INTO "vocabulary"."spelling" ("id", "vocabulary_id", "spelling_kind_code", "value") VALUES ('7a38ab56-6e0a-5bb3-b036-afdce3bfb6d3', '2c0b911e-ac72-5c04-bfd3-ebcd9e988dee', 'KANJI', '可愛い');
INSERT INTO "vocabulary"."conjugation_set" ("id", "vocabulary_id") VALUES ('06b2cf39-4535-5af0-8dcc-4e3a164fa394', '2c0b911e-ac72-5c04-bfd3-ebcd9e988dee');
INSERT INTO "vocabulary"."linkages" ("vocabulary_id", "preferred_definition_id", "preferred_spelling_id", "phonetic_spelling_id", "alt_phonetic_spelling_id", "kanji_spelling_id", "conjugation_set_id") VALUES ('2c0b911e-ac72-5c04-bfd3-ebcd9e988dee', '177d6461-4a87-5587-9302-c04b12b616b1', '8b8ac693-7d52-50ad-a309-27ffb29b396f', 'e7461cf9-7cf6-593c-9db9-a275dc53f1b9', NULL, '7a38ab56-6e0a-5bb3-b036-afdce3bfb6d3', '06b2cf39-4535-5af0-8dcc-4e3a164fa394');
INSERT INTO "vocabulary"."conjugation" ("id", "conjugation_set_id", "politeness_code", "charge_code", "form_code", "sort_rank", "value") VALUES ('8b1ee752-ad71-51fc-b3ba-31ffac6ffc70', '06b2cf39-4535-5af0-8dcc-4e3a164fa394', 'PLAIN', 'POSITIVE', 'PRESENT', 1, 'かわいい');
INSERT INTO "vocabulary"."conjugation" ("id", "conjugation_set_id", "politeness_code", "charge_code", "form_code", "sort_rank", "value") VALUES ('55cb5bf2-4ffb-5656-8763-94dc56eaf897', '06b2cf39-4535-5af0-8dcc-4e3a164fa394', 'PLAIN', 'POSITIVE', 'PAST', 1, 'かわいかった');
INSERT INTO "vocabulary"."conjugation" ("id", "conjugation_set_id", "politeness_code", "charge_code", "form_code", "sort_rank", "value") VALUES ('b547aa29-118d-5d91-b270-5b4204295472', '06b2cf39-4535-5af0-8dcc-4e3a164fa394', 'PLAIN', 'NEGATIVE', 'PRESENT', 1, 'かわいくない');
INSERT INTO "vocabulary"."conjugation" ("id", "conjugation_set_id", "politeness_code", "charge_code", "form_code", "sort_rank", "value") VALUES ('b5cfa0ee-823c-594d-83d7-40a277b06faa', '06b2cf39-4535-5af0-8dcc-4e3a164fa394', 'PLAIN', 'NEGATIVE', 'PAST', 1, 'かわいくなかった');
-- 〜人 | counter for people --;
INSERT INTO "vocabulary"."vocabulary" ("id", "word_class_code", "conjugation_kind_code", "jlpt_level", "row_num", "tags", "date_added") VALUES ('356f27dd-22ca-4e95-b637-6ee6c52855f2', 'COUNTER', NULL, NULL, 422, '{}', '2022-09-26');
INSERT INTO "vocabulary"."definition" ("id", "vocabulary_id", "sort_rank", "value") VALUES ('45ba9c83-caa3-56ea-8630-36c9b81ac1c2', '356f27dd-22ca-4e95-b637-6ee6c52855f2', 1, 'counter for people');
INSERT INTO "vocabulary"."spelling" ("id", "vocabulary_id", "spelling_kind_code", "value") VALUES ('26668e93-edb3-566b-b072-d0f8221d0665', '356f27dd-22ca-4e95-b637-6ee6c52855f2', 'KANJI', '〜人');
INSERT INTO "vocabulary"."spelling" ("id", "vocabulary_id", "spelling_kind_code", "value") VALUES ('f50d8a85-0372-584a-bbff-07ebd9743855', '356f27dd-22ca-4e95-b637-6ee6c52855f2', 'HIRAGANA', 'にん');
INSERT INTO "vocabulary"."spelling" ("id", "vocabulary_id", "spelling_kind_code", "value") VALUES ('e26b7fd9-710d-54fa-aab7-c9753f529e32', '356f27dd-22ca-4e95-b637-6ee6c52855f2', 'KANJI', '〜人');
INSERT INTO "vocabulary"."linkages" ("vocabulary_id", "preferred_definition_id", "preferred_spelling_id", "phonetic_spelling_id", "alt_phonetic_spelling_id", "kanji_spelling_id", "conjugation_set_id") VALUES ('356f27dd-22ca-4e95-b637-6ee6c52855f2', '45ba9c83-caa3-56ea-8630-36c9b81ac1c2', '26668e93-edb3-566b-b072-d0f8221d0665', 'f50d8a85-0372-584a-bbff-07ebd9743855', NULL, 'e26b7fd9-710d-54fa-aab7-c9753f529e32', NULL);
INSERT INTO "vocabulary"."reference" ("vocabulary_id", "lesson_code") VALUES ('356f27dd-22ca-4e95-b637-6ee6c52855f2', 'GENKI3_L07');
-- 一人 | 1 person; alone; single --;
INSERT INTO "vocabulary"."vocabulary" ("id", "word_class_code", "conjugation_kind_code", "jlpt_level", "row_num", "tags", "date_added") VALUES ('63328d5a-cff9-459a-bc29-b0ce33776a95', 'NOUN', NULL, 5, 423, '{}', '2022-09-26');
INSERT INTO "vocabulary"."definition" ("id", "vocabulary_id", "sort_rank", "value") VALUES ('068d3594-6d08-5564-adc7-6881b943ea21', '63328d5a-cff9-459a-bc29-b0ce33776a95', 1, '1 person; alone; single');
INSERT INTO "vocabulary"."spelling" ("id", "vocabulary_id", "spelling_kind_code", "value") VALUES ('435f941d-058d-592d-bb76-3bd4846c56e8', '63328d5a-cff9-459a-bc29-b0ce33776a95', 'KANJI', '一人');
INSERT INTO "vocabulary"."spelling" ("id", "vocabulary_id", "spelling_kind_code", "value") VALUES ('e8f40e1c-4ae1-54f9-b266-4da2deb8f3f6', '63328d5a-cff9-459a-bc29-b0ce33776a95', 'HIRAGANA', 'ひとり');
INSERT INTO "vocabulary"."spelling" ("id", "vocabulary_id", "spelling_kind_code", "value") VALUES ('a2a7e2bb-c315-5111-805c-1b56b9632b7b', '63328d5a-cff9-459a-bc29-b0ce33776a95', 'KANJI', '一人');
INSERT INTO "vocabulary"."linkages" ("vocabulary_id", "preferred_definition_id", "preferred_spelling_id", "phonetic_spelling_id", "alt_phonetic_spelling_id", "kanji_spelling_id", "conjugation_set_id") VALUES ('63328d5a-cff9-459a-bc29-b0ce33776a95', '068d3594-6d08-5564-adc7-6881b943ea21', '435f941d-058d-592d-bb76-3bd4846c56e8', 'e8f40e1c-4ae1-54f9-b266-4da2deb8f3f6', NULL, 'a2a7e2bb-c315-5111-805c-1b56b9632b7b', NULL);
INSERT INTO "vocabulary"."reference" ("vocabulary_id", "lesson_code") VALUES ('63328d5a-cff9-459a-bc29-b0ce33776a95', 'GENKI3_L07');
-- 二人 | two people --;
INSERT INTO "vocabulary"."vocabulary" ("id", "word_class_code", "conjugation_kind_code", "jlpt_level", "row_num", "tags", "date_added") VALUES ('2ef7fa68-00e9-438c-8a78-e8e1b10cd274', 'NOUN', NULL, 5, 424, '{}', '2022-09-26');
INSERT INTO "vocabulary"."definition" ("id", "vocabulary_id", "sort_rank", "value") VALUES ('9340bd64-a511-50b2-b1c8-b7ba191fb0dd', '2ef7fa68-00e9-438c-8a78-e8e1b10cd274', 1, 'two people');
INSERT INTO "vocabulary"."spelling" ("id", "vocabulary_id", "spelling_kind_code", "value") VALUES ('12b642e4-296c-521d-8a4b-1e851b8a5854', '2ef7fa68-00e9-438c-8a78-e8e1b10cd274', 'KANJI', '二人');
INSERT INTO "vocabulary"."spelling" ("id", "vocabulary_id", "spelling_kind_code", "value") VALUES ('16656d59-7012-57da-9f02-ba22f720db06', '2ef7fa68-00e9-438c-8a78-e8e1b10cd274', 'HIRAGANA', 'ふたり');
INSERT INTO "vocabulary"."spelling" ("id", "vocabulary_id", "spelling_kind_code", "value") VALUES ('1d0f64c5-4c0b-54a8-b397-f0ca656e4fcb', '2ef7fa68-00e9-438c-8a78-e8e1b10cd274', 'KANJI', '二人');
INSERT INTO "vocabulary"."linkages" ("vocabulary_id", "preferred_definition_id", "preferred_spelling_id", "phonetic_spelling_id", "alt_phonetic_spelling_id", "kanji_spelling_id", "conjugation_set_id") VALUES ('2ef7fa68-00e9-438c-8a78-e8e1b10cd274', '9340bd64-a511-50b2-b1c8-b7ba191fb0dd', '12b642e4-296c-521d-8a4b-1e851b8a5854', '16656d59-7012-57da-9f02-ba22f720db06', NULL, '1d0f64c5-4c0b-54a8-b397-f0ca656e4fcb', NULL);
INSERT INTO "vocabulary"."reference" ("vocabulary_id", "lesson_code") VALUES ('2ef7fa68-00e9-438c-8a78-e8e1b10cd274', 'GENKI3_L07');
-- こたつ | heated table --;
INSERT INTO "vocabulary"."vocabulary" ("id", "word_class_code", "conjugation_kind_code", "jlpt_level", "row_num", "tags", "date_added") VALUES ('281d7359-80a0-519d-9c57-504f35bfd5ee', 'NOUN', NULL, 1, 425, '{}', '2022-08-13');
INSERT INTO "vocabulary"."definition" ("id", "vocabulary_id", "sort_rank", "value") VALUES ('3c4c2018-4c41-5906-8dd9-59d34230c3ae', '281d7359-80a0-519d-9c57-504f35bfd5ee', 1, 'heated table');
INSERT INTO "vocabulary"."spelling" ("id", "vocabulary_id", "spelling_kind_code", "value") VALUES ('366c5ef6-948e-589f-aa86-95dbcc6b7367', '281d7359-80a0-519d-9c57-504f35bfd5ee', 'HIRAGANA', 'こたつ');
INSERT INTO "vocabulary"."spelling" ("id", "vocabulary_id", "spelling_kind_code", "value") VALUES ('193f8592-00d6-5456-b4c5-4b932f716093', '281d7359-80a0-519d-9c57-504f35bfd5ee', 'HIRAGANA', 'こたつ');
INSERT INTO "vocabulary"."linkages" ("vocabulary_id", "preferred_definition_id", "preferred_spelling_id", "phonetic_spelling_id", "alt_phonetic_spelling_id", "kanji_spelling_id", "conjugation_set_id") VALUES ('281d7359-80a0-519d-9c57-504f35bfd5ee', '3c4c2018-4c41-5906-8dd9-59d34230c3ae', '366c5ef6-948e-589f-aa86-95dbcc6b7367', '193f8592-00d6-5456-b4c5-4b932f716093', NULL, NULL, NULL);
-- 布団 | Japanese bedding --;
INSERT INTO "vocabulary"."vocabulary" ("id", "word_class_code", "conjugation_kind_code", "jlpt_level", "row_num", "tags", "date_added") VALUES ('c3f5ef65-8025-5f56-b5e1-efc61a1c81bc', 'NOUN', NULL, 4, 426, '{}', '2022-08-13');
INSERT INTO "vocabulary"."definition" ("id", "vocabulary_id", "sort_rank", "value") VALUES ('b6b33a66-d499-5bf5-a03a-9c0de29fd801', 'c3f5ef65-8025-5f56-b5e1-efc61a1c81bc', 1, 'Japanese bedding');
INSERT INTO "vocabulary"."spelling" ("id", "vocabulary_id", "spelling_kind_code", "value") VALUES ('878f3fad-cc6a-500b-b6af-9020a064bf11', 'c3f5ef65-8025-5f56-b5e1-efc61a1c81bc', 'KANJI', '布団');
INSERT INTO "vocabulary"."spelling" ("id", "vocabulary_id", "spelling_kind_code", "value") VALUES ('8415a180-c2d9-5603-a672-445cc19f4706', 'c3f5ef65-8025-5f56-b5e1-efc61a1c81bc', 'HIRAGANA', 'ふとん');
INSERT INTO "vocabulary"."spelling" ("id", "vocabulary_id", "spelling_kind_code", "value") VALUES ('653d97f9-33a6-54cf-ae1b-49d2849b287d', 'c3f5ef65-8025-5f56-b5e1-efc61a1c81bc', 'KANJI', '布団');
INSERT INTO "vocabulary"."linkages" ("vocabulary_id", "preferred_definition_id", "preferred_spelling_id", "phonetic_spelling_id", "alt_phonetic_spelling_id", "kanji_spelling_id", "conjugation_set_id") VALUES ('c3f5ef65-8025-5f56-b5e1-efc61a1c81bc', 'b6b33a66-d499-5bf5-a03a-9c0de29fd801', '878f3fad-cc6a-500b-b6af-9020a064bf11', '8415a180-c2d9-5603-a672-445cc19f4706', NULL, '653d97f9-33a6-54cf-ae1b-49d2849b287d', NULL);
-- 集める | to collect; to assemble; to gather --;
INSERT INTO "vocabulary"."vocabulary" ("id", "word_class_code", "conjugation_kind_code", "jlpt_level", "row_num", "tags", "date_added") VALUES ('49dcb689-b576-56c7-b9f6-1da98acb2667', 'VERB', 'ICHIDAN_VERB', 4, 427, '{}', '2022-08-22');
INSERT INTO "vocabulary"."definition" ("id", "vocabulary_id", "sort_rank", "value") VALUES ('d656d906-c2be-5150-8925-022565921bbc', '49dcb689-b576-56c7-b9f6-1da98acb2667', 1, 'to collect; to assemble; to gather');
INSERT INTO "vocabulary"."spelling" ("id", "vocabulary_id", "spelling_kind_code", "value") VALUES ('d3f65ef5-def1-5d0b-9e43-a56ababb6e7e', '49dcb689-b576-56c7-b9f6-1da98acb2667', 'KANJI', '集める');
INSERT INTO "vocabulary"."spelling" ("id", "vocabulary_id", "spelling_kind_code", "value") VALUES ('a70c37aa-0c47-5fd3-81a5-ec6ab33ae0a4', '49dcb689-b576-56c7-b9f6-1da98acb2667', 'HIRAGANA', 'あつめる');
INSERT INTO "vocabulary"."spelling" ("id", "vocabulary_id", "spelling_kind_code", "value") VALUES ('c0ecbe78-3b15-5502-85fa-f0cafe366aa3', '49dcb689-b576-56c7-b9f6-1da98acb2667', 'KANJI', '集める');
INSERT INTO "vocabulary"."linkages" ("vocabulary_id", "preferred_definition_id", "preferred_spelling_id", "phonetic_spelling_id", "alt_phonetic_spelling_id", "kanji_spelling_id", "conjugation_set_id") VALUES ('49dcb689-b576-56c7-b9f6-1da98acb2667', 'd656d906-c2be-5150-8925-022565921bbc', 'd3f65ef5-def1-5d0b-9e43-a56ababb6e7e', 'a70c37aa-0c47-5fd3-81a5-ec6ab33ae0a4', NULL, 'c0ecbe78-3b15-5502-85fa-f0cafe366aa3', NULL);
-- 乾杯 | cheers --;
INSERT INTO "vocabulary"."vocabulary" ("id", "word_class_code", "conjugation_kind_code", "jlpt_level", "row_num", "tags", "date_added") VALUES ('4f3a6c3d-94a5-54c7-bd5c-c16d008d8cf7', 'NOUN', NULL, 2, 428, '{}', '2022-08-27');
INSERT INTO "vocabulary"."definition" ("id", "vocabulary_id", "sort_rank", "value") VALUES ('de37111a-f92c-5c43-b123-f6800ff58c35', '4f3a6c3d-94a5-54c7-bd5c-c16d008d8cf7', 1, 'cheers');
INSERT INTO "vocabulary"."spelling" ("id", "vocabulary_id", "spelling_kind_code", "value") VALUES ('20c05524-9d02-58af-82b0-24aff17e1ad9', '4f3a6c3d-94a5-54c7-bd5c-c16d008d8cf7', 'KANJI', '乾杯');
INSERT INTO "vocabulary"."spelling" ("id", "vocabulary_id", "spelling_kind_code", "value") VALUES ('d7b7d9c1-9fc6-51e2-be7b-05670e124338', '4f3a6c3d-94a5-54c7-bd5c-c16d008d8cf7', 'HIRAGANA', 'かんぱい');
INSERT INTO "vocabulary"."spelling" ("id", "vocabulary_id", "spelling_kind_code", "value") VALUES ('b576a5e1-913d-512c-87f8-80f2b55667c4', '4f3a6c3d-94a5-54c7-bd5c-c16d008d8cf7', 'KANJI', '乾杯');
INSERT INTO "vocabulary"."linkages" ("vocabulary_id", "preferred_definition_id", "preferred_spelling_id", "phonetic_spelling_id", "alt_phonetic_spelling_id", "kanji_spelling_id", "conjugation_set_id") VALUES ('4f3a6c3d-94a5-54c7-bd5c-c16d008d8cf7', 'de37111a-f92c-5c43-b123-f6800ff58c35', '20c05524-9d02-58af-82b0-24aff17e1ad9', 'd7b7d9c1-9fc6-51e2-be7b-05670e124338', NULL, 'b576a5e1-913d-512c-87f8-80f2b55667c4', NULL);
INSERT INTO "vocabulary"."reference" ("vocabulary_id", "lesson_code") VALUES ('4f3a6c3d-94a5-54c7-bd5c-c16d008d8cf7', 'GENKI3_L08');
-- 洗濯 | laundry --;
INSERT INTO "vocabulary"."vocabulary" ("id", "word_class_code", "conjugation_kind_code", "jlpt_level", "row_num", "tags", "date_added") VALUES ('4a03f495-c343-5e8f-a1fe-fd1b6624f63a', 'NOUN', NULL, 5, 429, '{}', '2022-08-29');
INSERT INTO "vocabulary"."definition" ("id", "vocabulary_id", "sort_rank", "value") VALUES ('e785f2fe-f3a0-527e-8fde-39785b60ae8c', '4a03f495-c343-5e8f-a1fe-fd1b6624f63a', 1, 'laundry');
INSERT INTO "vocabulary"."spelling" ("id", "vocabulary_id", "spelling_kind_code", "value") VALUES ('f8e7f822-6cdf-5906-a47a-4ba7c479d3e5', '4a03f495-c343-5e8f-a1fe-fd1b6624f63a', 'KANJI', '洗濯');
INSERT INTO "vocabulary"."spelling" ("id", "vocabulary_id", "spelling_kind_code", "value") VALUES ('29b11956-afcd-51fc-b130-9ca6251e078f', '4a03f495-c343-5e8f-a1fe-fd1b6624f63a', 'HIRAGANA', 'せんたく');
INSERT INTO "vocabulary"."spelling" ("id", "vocabulary_id", "spelling_kind_code", "value") VALUES ('9ce85915-f4c3-56d1-953e-229f2f67284f', '4a03f495-c343-5e8f-a1fe-fd1b6624f63a', 'KANJI', '洗濯');
INSERT INTO "vocabulary"."linkages" ("vocabulary_id", "preferred_definition_id", "preferred_spelling_id", "phonetic_spelling_id", "alt_phonetic_spelling_id", "kanji_spelling_id", "conjugation_set_id") VALUES ('4a03f495-c343-5e8f-a1fe-fd1b6624f63a', 'e785f2fe-f3a0-527e-8fde-39785b60ae8c', 'f8e7f822-6cdf-5906-a47a-4ba7c479d3e5', '29b11956-afcd-51fc-b130-9ca6251e078f', NULL, '9ce85915-f4c3-56d1-953e-229f2f67284f', NULL);
-- 星空 | starry sky --;
INSERT INTO "vocabulary"."vocabulary" ("id", "word_class_code", "conjugation_kind_code", "jlpt_level", "row_num", "tags", "date_added") VALUES ('4126b8e5-2e98-52ad-b637-7bd8ed566781', 'NOUN', NULL, NULL, 430, '{}', '2022-08-29');
INSERT INTO "vocabulary"."definition" ("id", "vocabulary_id", "sort_rank", "value") VALUES ('e5c47e46-b7a2-5731-86b6-095a7c020e44', '4126b8e5-2e98-52ad-b637-7bd8ed566781', 1, 'starry sky');
INSERT INTO "vocabulary"."spelling" ("id", "vocabulary_id", "spelling_kind_code", "value") VALUES ('5e235bec-c69b-581f-a1fd-edecfff46df2', '4126b8e5-2e98-52ad-b637-7bd8ed566781', 'KANJI', '星空');
INSERT INTO "vocabulary"."spelling" ("id", "vocabulary_id", "spelling_kind_code", "value") VALUES ('c97edb5c-0050-59fa-a677-a17b6ae83de4', '4126b8e5-2e98-52ad-b637-7bd8ed566781', 'HIRAGANA', 'ほしぞら');
INSERT INTO "vocabulary"."spelling" ("id", "vocabulary_id", "spelling_kind_code", "value") VALUES ('eaa1cf0b-8225-5003-8708-387e3f81ab57', '4126b8e5-2e98-52ad-b637-7bd8ed566781', 'KANJI', '星空');
INSERT INTO "vocabulary"."linkages" ("vocabulary_id", "preferred_definition_id", "preferred_spelling_id", "phonetic_spelling_id", "alt_phonetic_spelling_id", "kanji_spelling_id", "conjugation_set_id") VALUES ('4126b8e5-2e98-52ad-b637-7bd8ed566781', 'e5c47e46-b7a2-5731-86b6-095a7c020e44', '5e235bec-c69b-581f-a1fd-edecfff46df2', 'c97edb5c-0050-59fa-a677-a17b6ae83de4', NULL, 'eaa1cf0b-8225-5003-8708-387e3f81ab57', NULL);
-- 元気 | lively, energetic; well, healthy --;
INSERT INTO "vocabulary"."vocabulary" ("id", "word_class_code", "conjugation_kind_code", "jlpt_level", "row_num", "tags", "date_added") VALUES ('ee877e49-b3e4-5e51-a969-c620c8407809', 'ADJECTIVE', 'NA_ADJECTIVE', 5, 431, '{}', '2022-09-02');
INSERT INTO "vocabulary"."definition" ("id", "vocabulary_id", "sort_rank", "value") VALUES ('5e9c8ff3-7883-565d-849e-82756c42ac96', 'ee877e49-b3e4-5e51-a969-c620c8407809', 1, 'lively, energetic; well, healthy');
INSERT INTO "vocabulary"."spelling" ("id", "vocabulary_id", "spelling_kind_code", "value") VALUES ('769c3f1d-7e27-5ac5-890d-26d6c1669097', 'ee877e49-b3e4-5e51-a969-c620c8407809', 'KANJI', '元気');
INSERT INTO "vocabulary"."spelling" ("id", "vocabulary_id", "spelling_kind_code", "value") VALUES ('42129117-cf04-5c93-b999-fabef8eba980', 'ee877e49-b3e4-5e51-a969-c620c8407809', 'HIRAGANA', 'げんき');
INSERT INTO "vocabulary"."spelling" ("id", "vocabulary_id", "spelling_kind_code", "value") VALUES ('cbf229e8-05a1-554b-89ec-9eb81366703d', 'ee877e49-b3e4-5e51-a969-c620c8407809', 'KANJI', '元気');
INSERT INTO "vocabulary"."conjugation_set" ("id", "vocabulary_id") VALUES ('6ca96f65-5410-5647-824d-c8dea5e47075', 'ee877e49-b3e4-5e51-a969-c620c8407809');
INSERT INTO "vocabulary"."linkages" ("vocabulary_id", "preferred_definition_id", "preferred_spelling_id", "phonetic_spelling_id", "alt_phonetic_spelling_id", "kanji_spelling_id", "conjugation_set_id") VALUES ('ee877e49-b3e4-5e51-a969-c620c8407809', '5e9c8ff3-7883-565d-849e-82756c42ac96', '769c3f1d-7e27-5ac5-890d-26d6c1669097', '42129117-cf04-5c93-b999-fabef8eba980', NULL, 'cbf229e8-05a1-554b-89ec-9eb81366703d', '6ca96f65-5410-5647-824d-c8dea5e47075');
INSERT INTO "vocabulary"."reference" ("vocabulary_id", "lesson_code") VALUES ('ee877e49-b3e4-5e51-a969-c620c8407809', 'GENKI3_L05');
INSERT INTO "vocabulary"."conjugation" ("id", "conjugation_set_id", "politeness_code", "charge_code", "form_code", "sort_rank", "value") VALUES ('b0a94d5b-224c-5c36-a00f-4366e33b5931', '6ca96f65-5410-5647-824d-c8dea5e47075', 'PLAIN', 'POSITIVE', 'PRESENT', 1, '元気だ');
INSERT INTO "vocabulary"."conjugation" ("id", "conjugation_set_id", "politeness_code", "charge_code", "form_code", "sort_rank", "value") VALUES ('2076a6da-483e-54a6-91ec-ecf1c89dfd9b', '6ca96f65-5410-5647-824d-c8dea5e47075', 'PLAIN', 'POSITIVE', 'PAST', 1, '元気だった');
INSERT INTO "vocabulary"."conjugation" ("id", "conjugation_set_id", "politeness_code", "charge_code", "form_code", "sort_rank", "value") VALUES ('0c351fe9-4505-5597-90f1-94f0d0148a31', '6ca96f65-5410-5647-824d-c8dea5e47075', 'PLAIN', 'NEGATIVE', 'PRESENT', 1, '元気じゃない');
INSERT INTO "vocabulary"."conjugation" ("id", "conjugation_set_id", "politeness_code", "charge_code", "form_code", "sort_rank", "value") VALUES ('1cb40c42-ee2d-54df-8232-e73179ebf5cf', '6ca96f65-5410-5647-824d-c8dea5e47075', 'PLAIN', 'NEGATIVE', 'PAST', 1, '元気じゃなかった');
-- 願い | desire, wish; request --;
INSERT INTO "vocabulary"."vocabulary" ("id", "word_class_code", "conjugation_kind_code", "jlpt_level", "row_num", "tags", "date_added") VALUES ('4b7cb2ac-7b91-54eb-86e3-2366f5e802bb', 'NOUN', NULL, 3, 432, '{}', '2022-09-02');
INSERT INTO "vocabulary"."definition" ("id", "vocabulary_id", "sort_rank", "value") VALUES ('889fb716-eb11-5cef-a5ee-33f296bdaa1a', '4b7cb2ac-7b91-54eb-86e3-2366f5e802bb', 1, 'desire, wish; request');
INSERT INTO "vocabulary"."spelling" ("id", "vocabulary_id", "spelling_kind_code", "value") VALUES ('f3a3afb5-8767-5eee-8e3e-7990eab78f4b', '4b7cb2ac-7b91-54eb-86e3-2366f5e802bb', 'KANJI', '願い');
INSERT INTO "vocabulary"."spelling" ("id", "vocabulary_id", "spelling_kind_code", "value") VALUES ('98036445-6468-52e2-a08e-3b3cfdc4d2eb', '4b7cb2ac-7b91-54eb-86e3-2366f5e802bb', 'HIRAGANA', 'ねがい');
INSERT INTO "vocabulary"."spelling" ("id", "vocabulary_id", "spelling_kind_code", "value") VALUES ('49ac3201-0c1c-5e32-bf6c-f76a98ab653a', '4b7cb2ac-7b91-54eb-86e3-2366f5e802bb', 'KANJI', '願い');
INSERT INTO "vocabulary"."linkages" ("vocabulary_id", "preferred_definition_id", "preferred_spelling_id", "phonetic_spelling_id", "alt_phonetic_spelling_id", "kanji_spelling_id", "conjugation_set_id") VALUES ('4b7cb2ac-7b91-54eb-86e3-2366f5e802bb', '889fb716-eb11-5cef-a5ee-33f296bdaa1a', 'f3a3afb5-8767-5eee-8e3e-7990eab78f4b', '98036445-6468-52e2-a08e-3b3cfdc4d2eb', NULL, '49ac3201-0c1c-5e32-bf6c-f76a98ab653a', NULL);
INSERT INTO "vocabulary"."reference" ("vocabulary_id", "lesson_code") VALUES ('4b7cb2ac-7b91-54eb-86e3-2366f5e802bb', 'DUO_U03');
-- お願い | request; favor to ask --;
INSERT INTO "vocabulary"."vocabulary" ("id", "word_class_code", "conjugation_kind_code", "jlpt_level", "row_num", "tags", "date_added") VALUES ('689e561f-b2a7-44ca-bac7-0a7dbcf68d0a', 'NOUN', NULL, 5, 433, '{}', '2022-11-09');
INSERT INTO "vocabulary"."definition" ("id", "vocabulary_id", "sort_rank", "value") VALUES ('c1318698-0d7c-5790-995c-118b72aec6c8', '689e561f-b2a7-44ca-bac7-0a7dbcf68d0a', 1, 'request; favor to ask');
INSERT INTO "vocabulary"."spelling" ("id", "vocabulary_id", "spelling_kind_code", "value") VALUES ('0b10cfaf-18c5-520b-a008-a479663cb09f', '689e561f-b2a7-44ca-bac7-0a7dbcf68d0a', 'KANJI', 'お願い');
INSERT INTO "vocabulary"."spelling" ("id", "vocabulary_id", "spelling_kind_code", "value") VALUES ('1173ef90-974b-5ff9-8f7a-8ec07b818de8', '689e561f-b2a7-44ca-bac7-0a7dbcf68d0a', 'HIRAGANA', 'おねがい');
INSERT INTO "vocabulary"."spelling" ("id", "vocabulary_id", "spelling_kind_code", "value") VALUES ('e27e413f-9f44-5702-a181-c6f081e96d00', '689e561f-b2a7-44ca-bac7-0a7dbcf68d0a', 'KANJI', 'お願い');
INSERT INTO "vocabulary"."linkages" ("vocabulary_id", "preferred_definition_id", "preferred_spelling_id", "phonetic_spelling_id", "alt_phonetic_spelling_id", "kanji_spelling_id", "conjugation_set_id") VALUES ('689e561f-b2a7-44ca-bac7-0a7dbcf68d0a', 'c1318698-0d7c-5790-995c-118b72aec6c8', '0b10cfaf-18c5-520b-a008-a479663cb09f', '1173ef90-974b-5ff9-8f7a-8ec07b818de8', NULL, 'e27e413f-9f44-5702-a181-c6f081e96d00', NULL);
-- お願いする | to request; to ask a favor --;
INSERT INTO "vocabulary"."vocabulary" ("id", "word_class_code", "conjugation_kind_code", "jlpt_level", "row_num", "tags", "date_added") VALUES ('1d9fa8be-94a8-565a-93a3-973da9e759fa', 'VERB', 'SURU_VERB', 5, 434, '{}', '2022-09-02');
INSERT INTO "vocabulary"."definition" ("id", "vocabulary_id", "sort_rank", "value") VALUES ('d102d983-0711-5558-a6f3-1195412330bf', '1d9fa8be-94a8-565a-93a3-973da9e759fa', 1, 'to request; to ask a favor');
INSERT INTO "vocabulary"."spelling" ("id", "vocabulary_id", "spelling_kind_code", "value") VALUES ('c4f73768-2015-5617-83c0-53569e5e3e14', '1d9fa8be-94a8-565a-93a3-973da9e759fa', 'KANJI', 'お願いする');
INSERT INTO "vocabulary"."spelling" ("id", "vocabulary_id", "spelling_kind_code", "value") VALUES ('47125dd8-acc2-52ee-9a26-6a8aab495634', '1d9fa8be-94a8-565a-93a3-973da9e759fa', 'HIRAGANA', 'おねがいする');
INSERT INTO "vocabulary"."spelling" ("id", "vocabulary_id", "spelling_kind_code", "value") VALUES ('367a12ad-ba3a-515e-ae43-248bd5db88f0', '1d9fa8be-94a8-565a-93a3-973da9e759fa', 'KANJI', 'お願いする');
INSERT INTO "vocabulary"."conjugation_set" ("id", "vocabulary_id") VALUES ('583a2148-1383-55cb-8258-83876466cbed', '1d9fa8be-94a8-565a-93a3-973da9e759fa');
INSERT INTO "vocabulary"."linkages" ("vocabulary_id", "preferred_definition_id", "preferred_spelling_id", "phonetic_spelling_id", "alt_phonetic_spelling_id", "kanji_spelling_id", "conjugation_set_id") VALUES ('1d9fa8be-94a8-565a-93a3-973da9e759fa', 'd102d983-0711-5558-a6f3-1195412330bf', 'c4f73768-2015-5617-83c0-53569e5e3e14', '47125dd8-acc2-52ee-9a26-6a8aab495634', NULL, '367a12ad-ba3a-515e-ae43-248bd5db88f0', '583a2148-1383-55cb-8258-83876466cbed');
INSERT INTO "vocabulary"."conjugation" ("id", "conjugation_set_id", "politeness_code", "charge_code", "form_code", "sort_rank", "value") VALUES ('63168e64-2173-53a5-9ac5-e279f7ec45ea', '583a2148-1383-55cb-8258-83876466cbed', 'PLAIN', 'POSITIVE', 'PRESENT', 1, 'お願いする');
INSERT INTO "vocabulary"."conjugation" ("id", "conjugation_set_id", "politeness_code", "charge_code", "form_code", "sort_rank", "value") VALUES ('97148b04-7d34-5f31-86d6-967305548b4b', '583a2148-1383-55cb-8258-83876466cbed', 'PLAIN', 'POSITIVE', 'PAST', 1, 'お願いした');
INSERT INTO "vocabulary"."conjugation" ("id", "conjugation_set_id", "politeness_code", "charge_code", "form_code", "sort_rank", "value") VALUES ('dba49841-95f0-5a08-b363-2f9ab3057459', '583a2148-1383-55cb-8258-83876466cbed', 'PLAIN', 'POSITIVE', 'TE', 1, 'お願いして');
INSERT INTO "vocabulary"."conjugation" ("id", "conjugation_set_id", "politeness_code", "charge_code", "form_code", "sort_rank", "value") VALUES ('d505415c-a0bf-53ee-b814-99a28fcd1b9a', '583a2148-1383-55cb-8258-83876466cbed', 'PLAIN', 'NEGATIVE', 'PRESENT', 1, 'お願いしない');
INSERT INTO "vocabulary"."conjugation" ("id", "conjugation_set_id", "politeness_code", "charge_code", "form_code", "sort_rank", "value") VALUES ('70856b26-0c44-580e-92d5-f20d80aa0a60', '583a2148-1383-55cb-8258-83876466cbed', 'PLAIN', 'NEGATIVE', 'PAST', 1, 'お願いしなかった');
INSERT INTO "vocabulary"."conjugation" ("id", "conjugation_set_id", "politeness_code", "charge_code", "form_code", "sort_rank", "value") VALUES ('070326dc-df4d-51a6-82b1-d56694faa033', '583a2148-1383-55cb-8258-83876466cbed', 'PLAIN', 'NEGATIVE', 'TE', 1, 'お願いしなくて');
INSERT INTO "vocabulary"."conjugation" ("id", "conjugation_set_id", "politeness_code", "charge_code", "form_code", "sort_rank", "value") VALUES ('257c9c11-3d1d-510b-9179-ae7272b9d02c', '583a2148-1383-55cb-8258-83876466cbed', 'POLITE', 'POSITIVE', 'PRESENT', 1, 'お願いします');
INSERT INTO "vocabulary"."conjugation" ("id", "conjugation_set_id", "politeness_code", "charge_code", "form_code", "sort_rank", "value") VALUES ('78845775-50c0-5a73-9f50-dff41e94db42', '583a2148-1383-55cb-8258-83876466cbed', 'POLITE', 'POSITIVE', 'PAST', 1, 'お願いしました');
INSERT INTO "vocabulary"."conjugation" ("id", "conjugation_set_id", "politeness_code", "charge_code", "form_code", "sort_rank", "value") VALUES ('0bb03d42-7387-5078-8fbd-db6da41a5cc4', '583a2148-1383-55cb-8258-83876466cbed', 'POLITE', 'NEGATIVE', 'PRESENT', 1, 'お願いしません');
INSERT INTO "vocabulary"."conjugation" ("id", "conjugation_set_id", "politeness_code", "charge_code", "form_code", "sort_rank", "value") VALUES ('db3af960-23fd-515d-bf85-4b43a1dce9d4', '583a2148-1383-55cb-8258-83876466cbed', 'POLITE', 'NEGATIVE', 'PAST', 1, 'お願いしませんでした');
-- もち | mochi --;
INSERT INTO "vocabulary"."vocabulary" ("id", "word_class_code", "conjugation_kind_code", "jlpt_level", "row_num", "tags", "date_added") VALUES ('59f26319-a287-5600-95b4-714e7fe21547', 'NOUN', NULL, 2, 435, '{}', '2022-09-07');
INSERT INTO "vocabulary"."definition" ("id", "vocabulary_id", "sort_rank", "value") VALUES ('05091b15-4ca8-5e06-9de5-30cecb85f8e5', '59f26319-a287-5600-95b4-714e7fe21547', 1, 'mochi');
INSERT INTO "vocabulary"."spelling" ("id", "vocabulary_id", "spelling_kind_code", "value") VALUES ('c4710329-be4a-598c-b9be-1a3c4ffb0170', '59f26319-a287-5600-95b4-714e7fe21547', 'HIRAGANA', 'もち');
INSERT INTO "vocabulary"."spelling" ("id", "vocabulary_id", "spelling_kind_code", "value") VALUES ('18f6a91e-60cd-55ea-8fc3-5bda0589fc97', '59f26319-a287-5600-95b4-714e7fe21547', 'HIRAGANA', 'もち');
INSERT INTO "vocabulary"."spelling" ("id", "vocabulary_id", "spelling_kind_code", "value") VALUES ('2edd2f34-671f-5067-a6eb-709010af582d', '59f26319-a287-5600-95b4-714e7fe21547', 'KANJI', '餅');
INSERT INTO "vocabulary"."linkages" ("vocabulary_id", "preferred_definition_id", "preferred_spelling_id", "phonetic_spelling_id", "alt_phonetic_spelling_id", "kanji_spelling_id", "conjugation_set_id") VALUES ('59f26319-a287-5600-95b4-714e7fe21547', '05091b15-4ca8-5e06-9de5-30cecb85f8e5', 'c4710329-be4a-598c-b9be-1a3c4ffb0170', '18f6a91e-60cd-55ea-8fc3-5bda0589fc97', NULL, '2edd2f34-671f-5067-a6eb-709010af582d', NULL);
-- 紅葉 | autum colors; red leaves --;
INSERT INTO "vocabulary"."vocabulary" ("id", "word_class_code", "conjugation_kind_code", "jlpt_level", "row_num", "tags", "date_added") VALUES ('43dce298-e577-5174-8f14-ecb525e67d38', 'NOUN', NULL, 2, 436, '{}', '2022-09-07');
INSERT INTO "vocabulary"."definition" ("id", "vocabulary_id", "sort_rank", "value") VALUES ('02e4fcfe-9533-5caf-8d3c-b78ebf90530c', '43dce298-e577-5174-8f14-ecb525e67d38', 1, 'autum colors; red leaves');
INSERT INTO "vocabulary"."spelling" ("id", "vocabulary_id", "spelling_kind_code", "value") VALUES ('e6f16b3d-37e8-5e67-becd-a19b7f7cf09a', '43dce298-e577-5174-8f14-ecb525e67d38', 'KANJI', '紅葉');
INSERT INTO "vocabulary"."spelling" ("id", "vocabulary_id", "spelling_kind_code", "value") VALUES ('20cafb3b-4136-57b9-911e-6867f147634d', '43dce298-e577-5174-8f14-ecb525e67d38', 'HIRAGANA', 'こうよう');
INSERT INTO "vocabulary"."spelling" ("id", "vocabulary_id", "spelling_kind_code", "value") VALUES ('04a910ea-eff7-56c1-9d2b-d0b4a62e84a3', '43dce298-e577-5174-8f14-ecb525e67d38', 'KANJI', '紅葉');
INSERT INTO "vocabulary"."linkages" ("vocabulary_id", "preferred_definition_id", "preferred_spelling_id", "phonetic_spelling_id", "alt_phonetic_spelling_id", "kanji_spelling_id", "conjugation_set_id") VALUES ('43dce298-e577-5174-8f14-ecb525e67d38', '02e4fcfe-9533-5caf-8d3c-b78ebf90530c', 'e6f16b3d-37e8-5e67-becd-a19b7f7cf09a', '20cafb3b-4136-57b9-911e-6867f147634d', NULL, '04a910ea-eff7-56c1-9d2b-d0b4a62e84a3', NULL);
-- 紅葉 | Japanese maple --;
INSERT INTO "vocabulary"."vocabulary" ("id", "word_class_code", "conjugation_kind_code", "jlpt_level", "row_num", "tags", "date_added") VALUES ('2100c24a-9ffb-436a-ab74-8f56ef0e338a', 'NOUN', NULL, 2, 437, '{}', '2022-09-07');
INSERT INTO "vocabulary"."definition" ("id", "vocabulary_id", "sort_rank", "value") VALUES ('e98199f6-291e-5c0c-96a6-755579a3e7d2', '2100c24a-9ffb-436a-ab74-8f56ef0e338a', 1, 'Japanese maple');
INSERT INTO "vocabulary"."spelling" ("id", "vocabulary_id", "spelling_kind_code", "value") VALUES ('045db273-d304-5acb-a920-89159db5fd78', '2100c24a-9ffb-436a-ab74-8f56ef0e338a', 'KANJI', '紅葉');
INSERT INTO "vocabulary"."spelling" ("id", "vocabulary_id", "spelling_kind_code", "value") VALUES ('b0caa95c-2154-5c93-b2a3-6534da3a8437', '2100c24a-9ffb-436a-ab74-8f56ef0e338a', 'HIRAGANA', 'もみじ');
INSERT INTO "vocabulary"."spelling" ("id", "vocabulary_id", "spelling_kind_code", "value") VALUES ('df08c69e-0534-5610-901e-2a19f74b63ea', '2100c24a-9ffb-436a-ab74-8f56ef0e338a', 'KANJI', '紅葉');
INSERT INTO "vocabulary"."linkages" ("vocabulary_id", "preferred_definition_id", "preferred_spelling_id", "phonetic_spelling_id", "alt_phonetic_spelling_id", "kanji_spelling_id", "conjugation_set_id") VALUES ('2100c24a-9ffb-436a-ab74-8f56ef0e338a', 'e98199f6-291e-5c0c-96a6-755579a3e7d2', '045db273-d304-5acb-a920-89159db5fd78', 'b0caa95c-2154-5c93-b2a3-6534da3a8437', NULL, 'df08c69e-0534-5610-901e-2a19f74b63ea', NULL);
-- わくわく | excited; trembling; getting nervous --;
INSERT INTO "vocabulary"."vocabulary" ("id", "word_class_code", "conjugation_kind_code", "jlpt_level", "row_num", "tags", "date_added") VALUES ('25032880-e2a8-54f3-8681-22172c54b84a', 'ADVERB', NULL, NULL, 438, '{}', '2022-09-07');
INSERT INTO "vocabulary"."definition" ("id", "vocabulary_id", "sort_rank", "value") VALUES ('09a29edc-03b8-54cb-af72-3d710158c897', '25032880-e2a8-54f3-8681-22172c54b84a', 1, 'excited; trembling; getting nervous');
INSERT INTO "vocabulary"."spelling" ("id", "vocabulary_id", "spelling_kind_code", "value") VALUES ('4d4768aa-a357-5409-a012-da846d48d56c', '25032880-e2a8-54f3-8681-22172c54b84a', 'HIRAGANA', 'わくわく');
INSERT INTO "vocabulary"."spelling" ("id", "vocabulary_id", "spelling_kind_code", "value") VALUES ('5b795c93-adc8-512f-a65e-05a48be0ae8c', '25032880-e2a8-54f3-8681-22172c54b84a', 'HIRAGANA', 'わくわく');
INSERT INTO "vocabulary"."linkages" ("vocabulary_id", "preferred_definition_id", "preferred_spelling_id", "phonetic_spelling_id", "alt_phonetic_spelling_id", "kanji_spelling_id", "conjugation_set_id") VALUES ('25032880-e2a8-54f3-8681-22172c54b84a', '09a29edc-03b8-54cb-af72-3d710158c897', '4d4768aa-a357-5409-a012-da846d48d56c', '5b795c93-adc8-512f-a65e-05a48be0ae8c', NULL, NULL, NULL);
-- 手遅れ | being too late; losing one's final chance​ --;
INSERT INTO "vocabulary"."vocabulary" ("id", "word_class_code", "conjugation_kind_code", "jlpt_level", "row_num", "tags", "date_added") VALUES ('94bb3768-7278-5e58-80cb-f5c809726ef1', 'NOUN', NULL, 1, 439, '{}', '2022-09-10');
INSERT INTO "vocabulary"."definition" ("id", "vocabulary_id", "sort_rank", "value") VALUES ('c24e4d92-7316-568a-86a7-da9b9e196f3b', '94bb3768-7278-5e58-80cb-f5c809726ef1', 1, 'being too late; losing one''s final chance​');
INSERT INTO "vocabulary"."spelling" ("id", "vocabulary_id", "spelling_kind_code", "value") VALUES ('f66a9da8-a5d4-59dc-8c4c-0410733188a2', '94bb3768-7278-5e58-80cb-f5c809726ef1', 'KANJI', '手遅れ');
INSERT INTO "vocabulary"."spelling" ("id", "vocabulary_id", "spelling_kind_code", "value") VALUES ('aad8a90d-59e4-5526-8d6c-6eac8046316b', '94bb3768-7278-5e58-80cb-f5c809726ef1', 'HIRAGANA', 'ておくれ');
INSERT INTO "vocabulary"."spelling" ("id", "vocabulary_id", "spelling_kind_code", "value") VALUES ('e4c36720-f94c-5f34-9508-826972ae8350', '94bb3768-7278-5e58-80cb-f5c809726ef1', 'KANJI', '手遅れ');
INSERT INTO "vocabulary"."linkages" ("vocabulary_id", "preferred_definition_id", "preferred_spelling_id", "phonetic_spelling_id", "alt_phonetic_spelling_id", "kanji_spelling_id", "conjugation_set_id") VALUES ('94bb3768-7278-5e58-80cb-f5c809726ef1', 'c24e4d92-7316-568a-86a7-da9b9e196f3b', 'f66a9da8-a5d4-59dc-8c4c-0410733188a2', 'aad8a90d-59e4-5526-8d6c-6eac8046316b', NULL, 'e4c36720-f94c-5f34-9508-826972ae8350', NULL);
-- 食べ物 | food(s) --;
INSERT INTO "vocabulary"."vocabulary" ("id", "word_class_code", "conjugation_kind_code", "jlpt_level", "row_num", "tags", "date_added") VALUES ('cdb482ec-df51-5e19-8c72-08a8cb1c0a3e', 'NOUN', NULL, 5, 440, '{}', '2022-09-07');
INSERT INTO "vocabulary"."definition" ("id", "vocabulary_id", "sort_rank", "value") VALUES ('e5b383f7-b75b-5a50-b105-0aae14d459a6', 'cdb482ec-df51-5e19-8c72-08a8cb1c0a3e', 1, 'food(s)');
INSERT INTO "vocabulary"."spelling" ("id", "vocabulary_id", "spelling_kind_code", "value") VALUES ('ca43aa10-c8ab-5c1d-938f-c6ba91c28cc3', 'cdb482ec-df51-5e19-8c72-08a8cb1c0a3e', 'KANJI', '食べ物');
INSERT INTO "vocabulary"."spelling" ("id", "vocabulary_id", "spelling_kind_code", "value") VALUES ('79af4e38-1ea4-533d-844c-984fd2f112fd', 'cdb482ec-df51-5e19-8c72-08a8cb1c0a3e', 'HIRAGANA', 'たべもの');
INSERT INTO "vocabulary"."spelling" ("id", "vocabulary_id", "spelling_kind_code", "value") VALUES ('7fb6f728-68cc-5797-b516-4be74e9eb4b9', 'cdb482ec-df51-5e19-8c72-08a8cb1c0a3e', 'KANJI', '食べ物');
INSERT INTO "vocabulary"."linkages" ("vocabulary_id", "preferred_definition_id", "preferred_spelling_id", "phonetic_spelling_id", "alt_phonetic_spelling_id", "kanji_spelling_id", "conjugation_set_id") VALUES ('cdb482ec-df51-5e19-8c72-08a8cb1c0a3e', 'e5b383f7-b75b-5a50-b105-0aae14d459a6', 'ca43aa10-c8ab-5c1d-938f-c6ba91c28cc3', '79af4e38-1ea4-533d-844c-984fd2f112fd', NULL, '7fb6f728-68cc-5797-b516-4be74e9eb4b9', NULL);
INSERT INTO "vocabulary"."reference" ("vocabulary_id", "lesson_code") VALUES ('cdb482ec-df51-5e19-8c72-08a8cb1c0a3e', 'GENKI3_L05');
-- 飲み物 | drink(s) --;
INSERT INTO "vocabulary"."vocabulary" ("id", "word_class_code", "conjugation_kind_code", "jlpt_level", "row_num", "tags", "date_added") VALUES ('cf8e1efb-b036-56e8-ad12-5e06f9b26bde', 'NOUN', NULL, 5, 441, '{}', '2022-09-07');
INSERT INTO "vocabulary"."definition" ("id", "vocabulary_id", "sort_rank", "value") VALUES ('3aae9f51-3573-5648-9c81-08a2badb5bd2', 'cf8e1efb-b036-56e8-ad12-5e06f9b26bde', 1, 'drink(s)');
INSERT INTO "vocabulary"."spelling" ("id", "vocabulary_id", "spelling_kind_code", "value") VALUES ('1a8e1e50-53cd-55ab-9e7a-ca5e40e1be3c', 'cf8e1efb-b036-56e8-ad12-5e06f9b26bde', 'KANJI', '飲み物');
INSERT INTO "vocabulary"."spelling" ("id", "vocabulary_id", "spelling_kind_code", "value") VALUES ('364fc09d-6484-5b42-9262-e7cd0cd05fae', 'cf8e1efb-b036-56e8-ad12-5e06f9b26bde', 'HIRAGANA', 'のみもの');
INSERT INTO "vocabulary"."spelling" ("id", "vocabulary_id", "spelling_kind_code", "value") VALUES ('855a2973-2911-577b-84c6-61b35cd68251', 'cf8e1efb-b036-56e8-ad12-5e06f9b26bde', 'KANJI', '飲み物');
INSERT INTO "vocabulary"."linkages" ("vocabulary_id", "preferred_definition_id", "preferred_spelling_id", "phonetic_spelling_id", "alt_phonetic_spelling_id", "kanji_spelling_id", "conjugation_set_id") VALUES ('cf8e1efb-b036-56e8-ad12-5e06f9b26bde', '3aae9f51-3573-5648-9c81-08a2badb5bd2', '1a8e1e50-53cd-55ab-9e7a-ca5e40e1be3c', '364fc09d-6484-5b42-9262-e7cd0cd05fae', NULL, '855a2973-2911-577b-84c6-61b35cd68251', NULL);
INSERT INTO "vocabulary"."reference" ("vocabulary_id", "lesson_code") VALUES ('cf8e1efb-b036-56e8-ad12-5e06f9b26bde', 'GENKI3_L05');
-- 休み | holiday; day off; absence --;
INSERT INTO "vocabulary"."vocabulary" ("id", "word_class_code", "conjugation_kind_code", "jlpt_level", "row_num", "tags", "date_added") VALUES ('5d5eb0f1-6cb0-5383-8797-49330b70b84c', 'NOUN', NULL, 5, 442, '{}', '2022-09-07');
INSERT INTO "vocabulary"."definition" ("id", "vocabulary_id", "sort_rank", "value") VALUES ('e8db074e-c14c-54bd-83a0-3ad4b0224da1', '5d5eb0f1-6cb0-5383-8797-49330b70b84c', 1, 'holiday; day off; absence');
INSERT INTO "vocabulary"."spelling" ("id", "vocabulary_id", "spelling_kind_code", "value") VALUES ('f93c7f76-e076-5d46-ae25-a7a1f27b9e3f', '5d5eb0f1-6cb0-5383-8797-49330b70b84c', 'KANJI', '休み');
INSERT INTO "vocabulary"."spelling" ("id", "vocabulary_id", "spelling_kind_code", "value") VALUES ('4e7e2d24-9141-5e1b-a899-080a0a5d7758', '5d5eb0f1-6cb0-5383-8797-49330b70b84c', 'HIRAGANA', 'やすみ');
INSERT INTO "vocabulary"."spelling" ("id", "vocabulary_id", "spelling_kind_code", "value") VALUES ('f4b90aec-4fc1-5dbf-a8b9-02c149bbd778', '5d5eb0f1-6cb0-5383-8797-49330b70b84c', 'KANJI', '休み');
INSERT INTO "vocabulary"."linkages" ("vocabulary_id", "preferred_definition_id", "preferred_spelling_id", "phonetic_spelling_id", "alt_phonetic_spelling_id", "kanji_spelling_id", "conjugation_set_id") VALUES ('5d5eb0f1-6cb0-5383-8797-49330b70b84c', 'e8db074e-c14c-54bd-83a0-3ad4b0224da1', 'f93c7f76-e076-5d46-ae25-a7a1f27b9e3f', '4e7e2d24-9141-5e1b-a899-080a0a5d7758', NULL, 'f4b90aec-4fc1-5dbf-a8b9-02c149bbd778', NULL);
INSERT INTO "vocabulary"."reference" ("vocabulary_id", "lesson_code") VALUES ('5d5eb0f1-6cb0-5383-8797-49330b70b84c', 'GENKI3_L05');
-- 旅行 | travel; trip; journey --;
INSERT INTO "vocabulary"."vocabulary" ("id", "word_class_code", "conjugation_kind_code", "jlpt_level", "row_num", "tags", "date_added") VALUES ('885a798b-20d9-5279-ba34-8324db75f028', 'NOUN', NULL, 5, 443, '{}', '2022-09-07');
INSERT INTO "vocabulary"."definition" ("id", "vocabulary_id", "sort_rank", "value") VALUES ('4a5f8263-b557-5a6a-901e-56fbbe7f2002', '885a798b-20d9-5279-ba34-8324db75f028', 1, 'travel; trip; journey');
INSERT INTO "vocabulary"."spelling" ("id", "vocabulary_id", "spelling_kind_code", "value") VALUES ('69dca38e-5476-507f-ac11-8c6121408ab3', '885a798b-20d9-5279-ba34-8324db75f028', 'KANJI', '旅行');
INSERT INTO "vocabulary"."spelling" ("id", "vocabulary_id", "spelling_kind_code", "value") VALUES ('e4b3183d-1f58-52bf-be9a-6c231203978f', '885a798b-20d9-5279-ba34-8324db75f028', 'HIRAGANA', 'りょこう');
INSERT INTO "vocabulary"."spelling" ("id", "vocabulary_id", "spelling_kind_code", "value") VALUES ('3ee5d12a-27f6-577f-b584-f23f191e55f0', '885a798b-20d9-5279-ba34-8324db75f028', 'KANJI', '旅行');
INSERT INTO "vocabulary"."linkages" ("vocabulary_id", "preferred_definition_id", "preferred_spelling_id", "phonetic_spelling_id", "alt_phonetic_spelling_id", "kanji_spelling_id", "conjugation_set_id") VALUES ('885a798b-20d9-5279-ba34-8324db75f028', '4a5f8263-b557-5a6a-901e-56fbbe7f2002', '69dca38e-5476-507f-ac11-8c6121408ab3', 'e4b3183d-1f58-52bf-be9a-6c231203978f', NULL, '3ee5d12a-27f6-577f-b584-f23f191e55f0', NULL);
INSERT INTO "vocabulary"."reference" ("vocabulary_id", "lesson_code") VALUES ('885a798b-20d9-5279-ba34-8324db75f028', 'GENKI3_L05');
-- 海 | sea --;
INSERT INTO "vocabulary"."vocabulary" ("id", "word_class_code", "conjugation_kind_code", "jlpt_level", "row_num", "tags", "date_added") VALUES ('b569a875-d88f-5e2a-b063-0f3f29f06094', 'NOUN', NULL, 5, 444, '{}', '2022-09-07');
INSERT INTO "vocabulary"."definition" ("id", "vocabulary_id", "sort_rank", "value") VALUES ('eede1781-c91c-57ad-9d88-130cf7d4b5b7', 'b569a875-d88f-5e2a-b063-0f3f29f06094', 1, 'sea');
INSERT INTO "vocabulary"."spelling" ("id", "vocabulary_id", "spelling_kind_code", "value") VALUES ('6f9f5bff-1599-548a-90aa-7ae7f2ee6a76', 'b569a875-d88f-5e2a-b063-0f3f29f06094', 'KANJI', '海');
INSERT INTO "vocabulary"."spelling" ("id", "vocabulary_id", "spelling_kind_code", "value") VALUES ('fc871744-4259-5ee6-8b72-7933ae825532', 'b569a875-d88f-5e2a-b063-0f3f29f06094', 'HIRAGANA', 'うみ');
INSERT INTO "vocabulary"."spelling" ("id", "vocabulary_id", "spelling_kind_code", "value") VALUES ('5dedf72c-61b5-55f6-a648-413314263649', 'b569a875-d88f-5e2a-b063-0f3f29f06094', 'KANJI', '海');
INSERT INTO "vocabulary"."linkages" ("vocabulary_id", "preferred_definition_id", "preferred_spelling_id", "phonetic_spelling_id", "alt_phonetic_spelling_id", "kanji_spelling_id", "conjugation_set_id") VALUES ('b569a875-d88f-5e2a-b063-0f3f29f06094', 'eede1781-c91c-57ad-9d88-130cf7d4b5b7', '6f9f5bff-1599-548a-90aa-7ae7f2ee6a76', 'fc871744-4259-5ee6-8b72-7933ae825532', NULL, '5dedf72c-61b5-55f6-a648-413314263649', NULL);
INSERT INTO "vocabulary"."reference" ("vocabulary_id", "lesson_code") VALUES ('b569a875-d88f-5e2a-b063-0f3f29f06094', 'GENKI3_L05');
-- 澪 | waterway; channel --;
INSERT INTO "vocabulary"."vocabulary" ("id", "word_class_code", "conjugation_kind_code", "jlpt_level", "row_num", "tags", "date_added") VALUES ('b0188056-54cc-55e1-8cbd-418370ed533d', 'NOUN', NULL, NULL, 445, '{}', '2022-09-07');
INSERT INTO "vocabulary"."definition" ("id", "vocabulary_id", "sort_rank", "value") VALUES ('709d4645-9803-5ec9-9965-1365112fc736', 'b0188056-54cc-55e1-8cbd-418370ed533d', 1, 'waterway; channel');
INSERT INTO "vocabulary"."spelling" ("id", "vocabulary_id", "spelling_kind_code", "value") VALUES ('b680a32f-a411-5ed5-917d-26d4cad59d13', 'b0188056-54cc-55e1-8cbd-418370ed533d', 'KANJI', '澪');
INSERT INTO "vocabulary"."spelling" ("id", "vocabulary_id", "spelling_kind_code", "value") VALUES ('a3a1f111-5b88-5f86-be81-7dbba6149edd', 'b0188056-54cc-55e1-8cbd-418370ed533d', 'HIRAGANA', 'みお');
INSERT INTO "vocabulary"."spelling" ("id", "vocabulary_id", "spelling_kind_code", "value") VALUES ('2d257b5b-9324-5e38-ae9a-7f98d802d295', 'b0188056-54cc-55e1-8cbd-418370ed533d', 'KANJI', '澪');
INSERT INTO "vocabulary"."linkages" ("vocabulary_id", "preferred_definition_id", "preferred_spelling_id", "phonetic_spelling_id", "alt_phonetic_spelling_id", "kanji_spelling_id", "conjugation_set_id") VALUES ('b0188056-54cc-55e1-8cbd-418370ed533d', '709d4645-9803-5ec9-9965-1365112fc736', 'b680a32f-a411-5ed5-917d-26d4cad59d13', 'a3a1f111-5b88-5f86-be81-7dbba6149edd', NULL, '2d257b5b-9324-5e38-ae9a-7f98d802d295', NULL);
-- サーフィン | surfing --;
INSERT INTO "vocabulary"."vocabulary" ("id", "word_class_code", "conjugation_kind_code", "jlpt_level", "row_num", "tags", "date_added") VALUES ('ed499008-cde3-543e-a0d9-693e001b321c', 'NOUN', NULL, NULL, 446, '{}', '2022-09-07');
INSERT INTO "vocabulary"."definition" ("id", "vocabulary_id", "sort_rank", "value") VALUES ('7a3da034-8905-54f9-8347-82ff28ae7719', 'ed499008-cde3-543e-a0d9-693e001b321c', 1, 'surfing');
INSERT INTO "vocabulary"."spelling" ("id", "vocabulary_id", "spelling_kind_code", "value") VALUES ('a40b999c-558f-56d8-9477-ec628c62f821', 'ed499008-cde3-543e-a0d9-693e001b321c', 'KATAKANA', 'サーフィン');
INSERT INTO "vocabulary"."spelling" ("id", "vocabulary_id", "spelling_kind_code", "value") VALUES ('eeca283e-9bb0-5ea1-ad79-29eb66cd03b3', 'ed499008-cde3-543e-a0d9-693e001b321c', 'HIRAGANA', 'すうふぃん');
INSERT INTO "vocabulary"."linkages" ("vocabulary_id", "preferred_definition_id", "preferred_spelling_id", "phonetic_spelling_id", "alt_phonetic_spelling_id", "kanji_spelling_id", "conjugation_set_id") VALUES ('ed499008-cde3-543e-a0d9-693e001b321c', '7a3da034-8905-54f9-8347-82ff28ae7719', 'a40b999c-558f-56d8-9477-ec628c62f821', 'eeca283e-9bb0-5ea1-ad79-29eb66cd03b3', NULL, NULL, NULL);
INSERT INTO "vocabulary"."reference" ("vocabulary_id", "lesson_code") VALUES ('ed499008-cde3-543e-a0d9-693e001b321c', 'GENKI3_L05');
-- お土産 | souvenir --;
INSERT INTO "vocabulary"."vocabulary" ("id", "word_class_code", "conjugation_kind_code", "jlpt_level", "row_num", "tags", "date_added") VALUES ('fa1bca4b-31a8-5488-a6d9-5b5a3fe927b8', 'NOUN', NULL, 4, 447, '{}', '2022-09-07');
INSERT INTO "vocabulary"."definition" ("id", "vocabulary_id", "sort_rank", "value") VALUES ('3b552c1b-631e-5575-9eee-617b70069ceb', 'fa1bca4b-31a8-5488-a6d9-5b5a3fe927b8', 1, 'souvenir');
INSERT INTO "vocabulary"."spelling" ("id", "vocabulary_id", "spelling_kind_code", "value") VALUES ('f57b9a90-d414-5d13-aa47-9a65baaa4f7a', 'fa1bca4b-31a8-5488-a6d9-5b5a3fe927b8', 'KANJI', 'お土産');
INSERT INTO "vocabulary"."spelling" ("id", "vocabulary_id", "spelling_kind_code", "value") VALUES ('637ec9dc-bbe3-5dfe-ad0d-4df5db05fa19', 'fa1bca4b-31a8-5488-a6d9-5b5a3fe927b8', 'HIRAGANA', 'おみやげ');
INSERT INTO "vocabulary"."spelling" ("id", "vocabulary_id", "spelling_kind_code", "value") VALUES ('f0ba1f81-23db-53d4-880b-f3609ebcb0b9', 'fa1bca4b-31a8-5488-a6d9-5b5a3fe927b8', 'KANJI', 'お土産');
INSERT INTO "vocabulary"."linkages" ("vocabulary_id", "preferred_definition_id", "preferred_spelling_id", "phonetic_spelling_id", "alt_phonetic_spelling_id", "kanji_spelling_id", "conjugation_set_id") VALUES ('fa1bca4b-31a8-5488-a6d9-5b5a3fe927b8', '3b552c1b-631e-5575-9eee-617b70069ceb', 'f57b9a90-d414-5d13-aa47-9a65baaa4f7a', '637ec9dc-bbe3-5dfe-ad0d-4df5db05fa19', NULL, 'f0ba1f81-23db-53d4-880b-f3609ebcb0b9', NULL);
INSERT INTO "vocabulary"."reference" ("vocabulary_id", "lesson_code") VALUES ('fa1bca4b-31a8-5488-a6d9-5b5a3fe927b8', 'GENKI3_L05');
-- バス | bus --;
INSERT INTO "vocabulary"."vocabulary" ("id", "word_class_code", "conjugation_kind_code", "jlpt_level", "row_num", "tags", "date_added") VALUES ('2d402f9c-7727-5394-b6d5-8767371af073', 'NOUN', NULL, 5, 448, '{}', '2022-09-07');
INSERT INTO "vocabulary"."definition" ("id", "vocabulary_id", "sort_rank", "value") VALUES ('d404ff76-64f9-5cd1-bb8e-3db958817eba', '2d402f9c-7727-5394-b6d5-8767371af073', 1, 'bus');
INSERT INTO "vocabulary"."spelling" ("id", "vocabulary_id", "spelling_kind_code", "value") VALUES ('d41d6812-5f15-50fd-ac26-5a84902efb61', '2d402f9c-7727-5394-b6d5-8767371af073', 'KATAKANA', 'バス');
INSERT INTO "vocabulary"."spelling" ("id", "vocabulary_id", "spelling_kind_code", "value") VALUES ('7d557b8c-d30b-55b1-886d-dfaf498d1cfb', '2d402f9c-7727-5394-b6d5-8767371af073', 'HIRAGANA', 'ばす');
INSERT INTO "vocabulary"."linkages" ("vocabulary_id", "preferred_definition_id", "preferred_spelling_id", "phonetic_spelling_id", "alt_phonetic_spelling_id", "kanji_spelling_id", "conjugation_set_id") VALUES ('2d402f9c-7727-5394-b6d5-8767371af073', 'd404ff76-64f9-5cd1-bb8e-3db958817eba', 'd41d6812-5f15-50fd-ac26-5a84902efb61', '7d557b8c-d30b-55b1-886d-dfaf498d1cfb', NULL, NULL, NULL);
INSERT INTO "vocabulary"."reference" ("vocabulary_id", "lesson_code") VALUES ('2d402f9c-7727-5394-b6d5-8767371af073', 'GENKI3_L05');
-- 天気 | weather --;
INSERT INTO "vocabulary"."vocabulary" ("id", "word_class_code", "conjugation_kind_code", "jlpt_level", "row_num", "tags", "date_added") VALUES ('4c1ba9fa-920a-5646-8869-d84d39e842a3', 'NOUN', NULL, 5, 449, '{}', '2022-09-07');
INSERT INTO "vocabulary"."definition" ("id", "vocabulary_id", "sort_rank", "value") VALUES ('4bcadf10-6946-5c46-ba4f-5c3349f8bc32', '4c1ba9fa-920a-5646-8869-d84d39e842a3', 1, 'weather');
INSERT INTO "vocabulary"."spelling" ("id", "vocabulary_id", "spelling_kind_code", "value") VALUES ('d4c7f860-d4b0-53a3-96cf-df182e740688', '4c1ba9fa-920a-5646-8869-d84d39e842a3', 'KANJI', '天気');
INSERT INTO "vocabulary"."spelling" ("id", "vocabulary_id", "spelling_kind_code", "value") VALUES ('e722276e-416a-50ee-8f79-84296f3ddb32', '4c1ba9fa-920a-5646-8869-d84d39e842a3', 'HIRAGANA', 'てんき');
INSERT INTO "vocabulary"."spelling" ("id", "vocabulary_id", "spelling_kind_code", "value") VALUES ('2065d388-7b2a-5359-86a1-c05bfbf24917', '4c1ba9fa-920a-5646-8869-d84d39e842a3', 'KANJI', '天気');
INSERT INTO "vocabulary"."linkages" ("vocabulary_id", "preferred_definition_id", "preferred_spelling_id", "phonetic_spelling_id", "alt_phonetic_spelling_id", "kanji_spelling_id", "conjugation_set_id") VALUES ('4c1ba9fa-920a-5646-8869-d84d39e842a3', '4bcadf10-6946-5c46-ba4f-5c3349f8bc32', 'd4c7f860-d4b0-53a3-96cf-df182e740688', 'e722276e-416a-50ee-8f79-84296f3ddb32', NULL, '2065d388-7b2a-5359-86a1-c05bfbf24917', NULL);
INSERT INTO "vocabulary"."reference" ("vocabulary_id", "lesson_code") VALUES ('4c1ba9fa-920a-5646-8869-d84d39e842a3', 'GENKI3_L05');
-- 宿題 | homework --;
INSERT INTO "vocabulary"."vocabulary" ("id", "word_class_code", "conjugation_kind_code", "jlpt_level", "row_num", "tags", "date_added") VALUES ('a1bfcd70-a853-50b0-955b-32fe355c2700', 'NOUN', NULL, 5, 450, '{}', '2022-09-07');
INSERT INTO "vocabulary"."definition" ("id", "vocabulary_id", "sort_rank", "value") VALUES ('16ff0e36-fdce-591c-9901-4af4f3839562', 'a1bfcd70-a853-50b0-955b-32fe355c2700', 1, 'homework');
INSERT INTO "vocabulary"."spelling" ("id", "vocabulary_id", "spelling_kind_code", "value") VALUES ('f8a4fb94-6984-5d07-9243-883255d36f29', 'a1bfcd70-a853-50b0-955b-32fe355c2700', 'KANJI', '宿題');
INSERT INTO "vocabulary"."spelling" ("id", "vocabulary_id", "spelling_kind_code", "value") VALUES ('21a8d1b1-b27d-5611-a061-28100992632c', 'a1bfcd70-a853-50b0-955b-32fe355c2700', 'HIRAGANA', 'しゅくだい');
INSERT INTO "vocabulary"."spelling" ("id", "vocabulary_id", "spelling_kind_code", "value") VALUES ('806dc696-a890-5512-944e-16167799feb8', 'a1bfcd70-a853-50b0-955b-32fe355c2700', 'KANJI', '宿題');
INSERT INTO "vocabulary"."linkages" ("vocabulary_id", "preferred_definition_id", "preferred_spelling_id", "phonetic_spelling_id", "alt_phonetic_spelling_id", "kanji_spelling_id", "conjugation_set_id") VALUES ('a1bfcd70-a853-50b0-955b-32fe355c2700', '16ff0e36-fdce-591c-9901-4af4f3839562', 'f8a4fb94-6984-5d07-9243-883255d36f29', '21a8d1b1-b27d-5611-a061-28100992632c', NULL, '806dc696-a890-5512-944e-16167799feb8', NULL);
INSERT INTO "vocabulary"."reference" ("vocabulary_id", "lesson_code") VALUES ('a1bfcd70-a853-50b0-955b-32fe355c2700', 'GENKI3_L05');
-- テスト | test --;
INSERT INTO "vocabulary"."vocabulary" ("id", "word_class_code", "conjugation_kind_code", "jlpt_level", "row_num", "tags", "date_added") VALUES ('dee18a86-fd39-54bc-9a77-ee24ba39c17c', 'NOUN', NULL, 5, 451, '{}', '2022-09-07');
INSERT INTO "vocabulary"."definition" ("id", "vocabulary_id", "sort_rank", "value") VALUES ('a603057d-5685-5a7b-ba60-eb5c03d2ee10', 'dee18a86-fd39-54bc-9a77-ee24ba39c17c', 1, 'test');
INSERT INTO "vocabulary"."spelling" ("id", "vocabulary_id", "spelling_kind_code", "value") VALUES ('42a38afc-7acf-5beb-b266-58c3cb46c5b7', 'dee18a86-fd39-54bc-9a77-ee24ba39c17c', 'KATAKANA', 'テスト');
INSERT INTO "vocabulary"."spelling" ("id", "vocabulary_id", "spelling_kind_code", "value") VALUES ('794c89c2-c7c5-57cd-b44b-1f5b08112eb0', 'dee18a86-fd39-54bc-9a77-ee24ba39c17c', 'HIRAGANA', 'てすと');
INSERT INTO "vocabulary"."linkages" ("vocabulary_id", "preferred_definition_id", "preferred_spelling_id", "phonetic_spelling_id", "alt_phonetic_spelling_id", "kanji_spelling_id", "conjugation_set_id") VALUES ('dee18a86-fd39-54bc-9a77-ee24ba39c17c', 'a603057d-5685-5a7b-ba60-eb5c03d2ee10', '42a38afc-7acf-5beb-b266-58c3cb46c5b7', '794c89c2-c7c5-57cd-b44b-1f5b08112eb0', NULL, NULL, NULL);
INSERT INTO "vocabulary"."reference" ("vocabulary_id", "lesson_code") VALUES ('dee18a86-fd39-54bc-9a77-ee24ba39c17c', 'GENKI3_L05');
-- 誕生日 | birthday --;
INSERT INTO "vocabulary"."vocabulary" ("id", "word_class_code", "conjugation_kind_code", "jlpt_level", "row_num", "tags", "date_added") VALUES ('6d4b95c5-1f5a-50e0-aa8b-5558e8211486', 'NOUN', NULL, 5, 452, '{}', '2022-09-07');
INSERT INTO "vocabulary"."definition" ("id", "vocabulary_id", "sort_rank", "value") VALUES ('8ffd8d02-af7b-5978-9c6b-2a8ddcea5024', '6d4b95c5-1f5a-50e0-aa8b-5558e8211486', 1, 'birthday');
INSERT INTO "vocabulary"."spelling" ("id", "vocabulary_id", "spelling_kind_code", "value") VALUES ('1a707b13-51a0-5ef3-a1a1-3bc7bf6db969', '6d4b95c5-1f5a-50e0-aa8b-5558e8211486', 'KANJI', '誕生日');
INSERT INTO "vocabulary"."spelling" ("id", "vocabulary_id", "spelling_kind_code", "value") VALUES ('252851db-de23-542b-943d-9a7e111bde76', '6d4b95c5-1f5a-50e0-aa8b-5558e8211486', 'HIRAGANA', 'たんじょうび');
INSERT INTO "vocabulary"."spelling" ("id", "vocabulary_id", "spelling_kind_code", "value") VALUES ('7015f806-4663-50e1-bd17-8e1dcfe14501', '6d4b95c5-1f5a-50e0-aa8b-5558e8211486', 'KANJI', '誕生日');
INSERT INTO "vocabulary"."linkages" ("vocabulary_id", "preferred_definition_id", "preferred_spelling_id", "phonetic_spelling_id", "alt_phonetic_spelling_id", "kanji_spelling_id", "conjugation_set_id") VALUES ('6d4b95c5-1f5a-50e0-aa8b-5558e8211486', '8ffd8d02-af7b-5978-9c6b-2a8ddcea5024', '1a707b13-51a0-5ef3-a1a1-3bc7bf6db969', '252851db-de23-542b-943d-9a7e111bde76', NULL, '7015f806-4663-50e1-bd17-8e1dcfe14501', NULL);
INSERT INTO "vocabulary"."reference" ("vocabulary_id", "lesson_code") VALUES ('6d4b95c5-1f5a-50e0-aa8b-5558e8211486', 'GENKI3_L05');
-- Ｌサイズ | size L --;
INSERT INTO "vocabulary"."vocabulary" ("id", "word_class_code", "conjugation_kind_code", "jlpt_level", "row_num", "tags", "date_added") VALUES ('deb66e89-8251-5b46-9bb1-b1338aaa4e62', 'NOUN', NULL, 1, 453, '{}', '2022-09-07');
INSERT INTO "vocabulary"."definition" ("id", "vocabulary_id", "sort_rank", "value") VALUES ('13eef007-504d-54c4-b03f-15046713421b', 'deb66e89-8251-5b46-9bb1-b1338aaa4e62', 1, 'size L');
INSERT INTO "vocabulary"."spelling" ("id", "vocabulary_id", "spelling_kind_code", "value") VALUES ('4c789fb4-9bd5-58d7-914f-f7dccd18b24f', 'deb66e89-8251-5b46-9bb1-b1338aaa4e62', 'KATAKANA', 'Ｌサイズ');
INSERT INTO "vocabulary"."spelling" ("id", "vocabulary_id", "spelling_kind_code", "value") VALUES ('df2168cb-59b7-5863-b1c6-3570f3b66cc5', 'deb66e89-8251-5b46-9bb1-b1338aaa4e62', 'HIRAGANA', 'えるさいず');
INSERT INTO "vocabulary"."linkages" ("vocabulary_id", "preferred_definition_id", "preferred_spelling_id", "phonetic_spelling_id", "alt_phonetic_spelling_id", "kanji_spelling_id", "conjugation_set_id") VALUES ('deb66e89-8251-5b46-9bb1-b1338aaa4e62', '13eef007-504d-54c4-b03f-15046713421b', '4c789fb4-9bd5-58d7-914f-f7dccd18b24f', 'df2168cb-59b7-5863-b1c6-3570f3b66cc5', NULL, NULL, NULL);
INSERT INTO "vocabulary"."reference" ("vocabulary_id", "lesson_code") VALUES ('deb66e89-8251-5b46-9bb1-b1338aaa4e62', 'GENKI3_L05');
-- 新しい | new --;
INSERT INTO "vocabulary"."vocabulary" ("id", "word_class_code", "conjugation_kind_code", "jlpt_level", "row_num", "tags", "date_added") VALUES ('3ea98874-cf05-5e92-b8f2-45751b667e83', 'ADJECTIVE', 'I_ADJECTIVE', 5, 454, '{}', '2022-09-07');
INSERT INTO "vocabulary"."definition" ("id", "vocabulary_id", "sort_rank", "value") VALUES ('eabdb3dd-e8fc-5f18-a0e3-d7df0a111020', '3ea98874-cf05-5e92-b8f2-45751b667e83', 1, 'new');
INSERT INTO "vocabulary"."spelling" ("id", "vocabulary_id", "spelling_kind_code", "value") VALUES ('10057d26-afc4-583c-a078-7b5972bfa681', '3ea98874-cf05-5e92-b8f2-45751b667e83', 'KANJI', '新しい');
INSERT INTO "vocabulary"."spelling" ("id", "vocabulary_id", "spelling_kind_code", "value") VALUES ('5ae81ca7-a90a-5ffc-8968-b030b8000664', '3ea98874-cf05-5e92-b8f2-45751b667e83', 'HIRAGANA', 'あたらしい');
INSERT INTO "vocabulary"."spelling" ("id", "vocabulary_id", "spelling_kind_code", "value") VALUES ('36a175f3-d4bb-5df7-92e8-10c65a5ec3d7', '3ea98874-cf05-5e92-b8f2-45751b667e83', 'KANJI', '新しい');
INSERT INTO "vocabulary"."conjugation_set" ("id", "vocabulary_id") VALUES ('152692f6-f138-5345-ac05-db7b95a9bd42', '3ea98874-cf05-5e92-b8f2-45751b667e83');
INSERT INTO "vocabulary"."linkages" ("vocabulary_id", "preferred_definition_id", "preferred_spelling_id", "phonetic_spelling_id", "alt_phonetic_spelling_id", "kanji_spelling_id", "conjugation_set_id") VALUES ('3ea98874-cf05-5e92-b8f2-45751b667e83', 'eabdb3dd-e8fc-5f18-a0e3-d7df0a111020', '10057d26-afc4-583c-a078-7b5972bfa681', '5ae81ca7-a90a-5ffc-8968-b030b8000664', NULL, '36a175f3-d4bb-5df7-92e8-10c65a5ec3d7', '152692f6-f138-5345-ac05-db7b95a9bd42');
INSERT INTO "vocabulary"."reference" ("vocabulary_id", "lesson_code") VALUES ('3ea98874-cf05-5e92-b8f2-45751b667e83', 'GENKI3_L05');
INSERT INTO "vocabulary"."conjugation" ("id", "conjugation_set_id", "politeness_code", "charge_code", "form_code", "sort_rank", "value") VALUES ('e8369308-557b-5a67-878d-aa7379469337', '152692f6-f138-5345-ac05-db7b95a9bd42', 'PLAIN', 'POSITIVE', 'PRESENT', 1, '新しい');
INSERT INTO "vocabulary"."conjugation" ("id", "conjugation_set_id", "politeness_code", "charge_code", "form_code", "sort_rank", "value") VALUES ('90e6758b-a555-5934-8595-fa151befc3da', '152692f6-f138-5345-ac05-db7b95a9bd42', 'PLAIN', 'POSITIVE', 'PAST', 1, '新しかった');
INSERT INTO "vocabulary"."conjugation" ("id", "conjugation_set_id", "politeness_code", "charge_code", "form_code", "sort_rank", "value") VALUES ('7cd87e57-f460-539f-8945-d97f9944e6da', '152692f6-f138-5345-ac05-db7b95a9bd42', 'PLAIN', 'NEGATIVE', 'PRESENT', 1, '新しくない');
INSERT INTO "vocabulary"."conjugation" ("id", "conjugation_set_id", "politeness_code", "charge_code", "form_code", "sort_rank", "value") VALUES ('f07f0c94-1b62-5c9d-9c52-ccfc5a25e895', '152692f6-f138-5345-ac05-db7b95a9bd42', 'PLAIN', 'NEGATIVE', 'PAST', 1, '新しくなかった');
-- 古い | old (thing); ancient --;
INSERT INTO "vocabulary"."vocabulary" ("id", "word_class_code", "conjugation_kind_code", "jlpt_level", "row_num", "tags", "date_added") VALUES ('9ab38a71-325c-5f1b-b0aa-d9c5ce43b888', 'ADJECTIVE', 'I_ADJECTIVE', 5, 455, '{}', '2022-09-07');
INSERT INTO "vocabulary"."definition" ("id", "vocabulary_id", "sort_rank", "value") VALUES ('68104a16-b124-556f-8246-ef9e12e84b39', '9ab38a71-325c-5f1b-b0aa-d9c5ce43b888', 1, 'old (thing); ancient');
INSERT INTO "vocabulary"."spelling" ("id", "vocabulary_id", "spelling_kind_code", "value") VALUES ('b69e7a39-ced4-5f89-a847-097d2c8bf1d9', '9ab38a71-325c-5f1b-b0aa-d9c5ce43b888', 'KANJI', '古い');
INSERT INTO "vocabulary"."spelling" ("id", "vocabulary_id", "spelling_kind_code", "value") VALUES ('4f8cf01c-36bc-5b14-81bf-b9f8ecc4caee', '9ab38a71-325c-5f1b-b0aa-d9c5ce43b888', 'HIRAGANA', 'ふるい');
INSERT INTO "vocabulary"."spelling" ("id", "vocabulary_id", "spelling_kind_code", "value") VALUES ('d1d70a27-2a98-5f89-808b-1e3986b03523', '9ab38a71-325c-5f1b-b0aa-d9c5ce43b888', 'KANJI', '古い');
INSERT INTO "vocabulary"."conjugation_set" ("id", "vocabulary_id") VALUES ('39893466-e27e-5a13-b088-9fc49f228f20', '9ab38a71-325c-5f1b-b0aa-d9c5ce43b888');
INSERT INTO "vocabulary"."linkages" ("vocabulary_id", "preferred_definition_id", "preferred_spelling_id", "phonetic_spelling_id", "alt_phonetic_spelling_id", "kanji_spelling_id", "conjugation_set_id") VALUES ('9ab38a71-325c-5f1b-b0aa-d9c5ce43b888', '68104a16-b124-556f-8246-ef9e12e84b39', 'b69e7a39-ced4-5f89-a847-097d2c8bf1d9', '4f8cf01c-36bc-5b14-81bf-b9f8ecc4caee', NULL, 'd1d70a27-2a98-5f89-808b-1e3986b03523', '39893466-e27e-5a13-b088-9fc49f228f20');
INSERT INTO "vocabulary"."reference" ("vocabulary_id", "lesson_code") VALUES ('9ab38a71-325c-5f1b-b0aa-d9c5ce43b888', 'GENKI3_L05');
INSERT INTO "vocabulary"."conjugation" ("id", "conjugation_set_id", "politeness_code", "charge_code", "form_code", "sort_rank", "value") VALUES ('e5638774-e691-566a-ae20-18d58689162d', '39893466-e27e-5a13-b088-9fc49f228f20', 'PLAIN', 'POSITIVE', 'PRESENT', 1, '古い');
INSERT INTO "vocabulary"."conjugation" ("id", "conjugation_set_id", "politeness_code", "charge_code", "form_code", "sort_rank", "value") VALUES ('d516fc42-ed77-5e42-b0ba-9c497da1ac16', '39893466-e27e-5a13-b088-9fc49f228f20', 'PLAIN', 'POSITIVE', 'PAST', 1, '古かった');
INSERT INTO "vocabulary"."conjugation" ("id", "conjugation_set_id", "politeness_code", "charge_code", "form_code", "sort_rank", "value") VALUES ('8f1ccb88-cf92-54ae-97bb-61705d4443da', '39893466-e27e-5a13-b088-9fc49f228f20', 'PLAIN', 'NEGATIVE', 'PRESENT', 1, '古くない');
INSERT INTO "vocabulary"."conjugation" ("id", "conjugation_set_id", "politeness_code", "charge_code", "form_code", "sort_rank", "value") VALUES ('2591b85f-ff8c-50a4-932a-fdbb468b44af', '39893466-e27e-5a13-b088-9fc49f228f20', 'PLAIN', 'NEGATIVE', 'PAST', 1, '古くなかった');
-- 暑い | hot weather --;
INSERT INTO "vocabulary"."vocabulary" ("id", "word_class_code", "conjugation_kind_code", "jlpt_level", "row_num", "tags", "date_added") VALUES ('21d6fb85-2f85-5a8c-a29b-375f90b9803e', 'ADJECTIVE', 'I_ADJECTIVE', 5, 456, '{}', '2022-09-07');
INSERT INTO "vocabulary"."definition" ("id", "vocabulary_id", "sort_rank", "value") VALUES ('834d5efe-c6a9-5bce-b21a-087d02845cea', '21d6fb85-2f85-5a8c-a29b-375f90b9803e', 1, 'hot weather');
INSERT INTO "vocabulary"."spelling" ("id", "vocabulary_id", "spelling_kind_code", "value") VALUES ('eb3c03fb-b562-56cf-a447-dc9432f14500', '21d6fb85-2f85-5a8c-a29b-375f90b9803e', 'KANJI', '暑い');
INSERT INTO "vocabulary"."spelling" ("id", "vocabulary_id", "spelling_kind_code", "value") VALUES ('46ce821b-12f7-5da9-b930-9f3c85e4ab5c', '21d6fb85-2f85-5a8c-a29b-375f90b9803e', 'HIRAGANA', 'あつい');
INSERT INTO "vocabulary"."spelling" ("id", "vocabulary_id", "spelling_kind_code", "value") VALUES ('54fb0413-9c0f-52a2-8eb9-51d8b440072b', '21d6fb85-2f85-5a8c-a29b-375f90b9803e', 'KANJI', '暑い');
INSERT INTO "vocabulary"."conjugation_set" ("id", "vocabulary_id") VALUES ('1e9cc623-eee4-5d53-a257-1c6cdc65eb5a', '21d6fb85-2f85-5a8c-a29b-375f90b9803e');
INSERT INTO "vocabulary"."linkages" ("vocabulary_id", "preferred_definition_id", "preferred_spelling_id", "phonetic_spelling_id", "alt_phonetic_spelling_id", "kanji_spelling_id", "conjugation_set_id") VALUES ('21d6fb85-2f85-5a8c-a29b-375f90b9803e', '834d5efe-c6a9-5bce-b21a-087d02845cea', 'eb3c03fb-b562-56cf-a447-dc9432f14500', '46ce821b-12f7-5da9-b930-9f3c85e4ab5c', NULL, '54fb0413-9c0f-52a2-8eb9-51d8b440072b', '1e9cc623-eee4-5d53-a257-1c6cdc65eb5a');
INSERT INTO "vocabulary"."reference" ("vocabulary_id", "lesson_code") VALUES ('21d6fb85-2f85-5a8c-a29b-375f90b9803e', 'GENKI3_L05');
INSERT INTO "vocabulary"."conjugation" ("id", "conjugation_set_id", "politeness_code", "charge_code", "form_code", "sort_rank", "value") VALUES ('926f8c6d-2e29-5c15-a137-e613d7b7d03f', '1e9cc623-eee4-5d53-a257-1c6cdc65eb5a', 'PLAIN', 'POSITIVE', 'PRESENT', 1, '暑い');
INSERT INTO "vocabulary"."conjugation" ("id", "conjugation_set_id", "politeness_code", "charge_code", "form_code", "sort_rank", "value") VALUES ('b7e31e05-758b-5bd1-8bf5-7c7f341d14c0', '1e9cc623-eee4-5d53-a257-1c6cdc65eb5a', 'PLAIN', 'POSITIVE', 'PAST', 1, '暑かった');
INSERT INTO "vocabulary"."conjugation" ("id", "conjugation_set_id", "politeness_code", "charge_code", "form_code", "sort_rank", "value") VALUES ('0e89c561-6cee-5cb6-8141-3365c0c5ab43', '1e9cc623-eee4-5d53-a257-1c6cdc65eb5a', 'PLAIN', 'NEGATIVE', 'PRESENT', 1, '暑くない');
INSERT INTO "vocabulary"."conjugation" ("id", "conjugation_set_id", "politeness_code", "charge_code", "form_code", "sort_rank", "value") VALUES ('6bbeb9c7-a14d-52de-876f-2bacf335e6df', '1e9cc623-eee4-5d53-a257-1c6cdc65eb5a', 'PLAIN', 'NEGATIVE', 'PAST', 1, '暑くなかった');
-- 寒い | cold weather --;
INSERT INTO "vocabulary"."vocabulary" ("id", "word_class_code", "conjugation_kind_code", "jlpt_level", "row_num", "tags", "date_added") VALUES ('dbeefce5-aaa6-5694-985d-6771413fa0fd', 'ADJECTIVE', 'I_ADJECTIVE', 5, 457, '{}', '2022-09-07');
INSERT INTO "vocabulary"."definition" ("id", "vocabulary_id", "sort_rank", "value") VALUES ('d4da160e-9fce-578d-ae98-cf25ea6107b9', 'dbeefce5-aaa6-5694-985d-6771413fa0fd', 1, 'cold weather');
INSERT INTO "vocabulary"."spelling" ("id", "vocabulary_id", "spelling_kind_code", "value") VALUES ('f960747f-119f-5b40-9806-059dfe4db2cf', 'dbeefce5-aaa6-5694-985d-6771413fa0fd', 'KANJI', '寒い');
INSERT INTO "vocabulary"."spelling" ("id", "vocabulary_id", "spelling_kind_code", "value") VALUES ('9b6626ca-caf4-55c5-b374-1004abdab2a6', 'dbeefce5-aaa6-5694-985d-6771413fa0fd', 'HIRAGANA', 'さむい');
INSERT INTO "vocabulary"."spelling" ("id", "vocabulary_id", "spelling_kind_code", "value") VALUES ('4c53f15b-f7f5-5ba4-862a-09c415c8dd4f', 'dbeefce5-aaa6-5694-985d-6771413fa0fd', 'KANJI', '寒い');
INSERT INTO "vocabulary"."conjugation_set" ("id", "vocabulary_id") VALUES ('a2cf9232-7b99-5818-bc83-6968c4b9370d', 'dbeefce5-aaa6-5694-985d-6771413fa0fd');
INSERT INTO "vocabulary"."linkages" ("vocabulary_id", "preferred_definition_id", "preferred_spelling_id", "phonetic_spelling_id", "alt_phonetic_spelling_id", "kanji_spelling_id", "conjugation_set_id") VALUES ('dbeefce5-aaa6-5694-985d-6771413fa0fd', 'd4da160e-9fce-578d-ae98-cf25ea6107b9', 'f960747f-119f-5b40-9806-059dfe4db2cf', '9b6626ca-caf4-55c5-b374-1004abdab2a6', NULL, '4c53f15b-f7f5-5ba4-862a-09c415c8dd4f', 'a2cf9232-7b99-5818-bc83-6968c4b9370d');
INSERT INTO "vocabulary"."reference" ("vocabulary_id", "lesson_code") VALUES ('dbeefce5-aaa6-5694-985d-6771413fa0fd', 'GENKI3_L05');
INSERT INTO "vocabulary"."conjugation" ("id", "conjugation_set_id", "politeness_code", "charge_code", "form_code", "sort_rank", "value") VALUES ('1774d9e0-3934-5856-adc6-2190a24ff5a8', 'a2cf9232-7b99-5818-bc83-6968c4b9370d', 'PLAIN', 'POSITIVE', 'PRESENT', 1, '寒い');
INSERT INTO "vocabulary"."conjugation" ("id", "conjugation_set_id", "politeness_code", "charge_code", "form_code", "sort_rank", "value") VALUES ('072298a1-dca2-557a-a16c-232793672a3f', 'a2cf9232-7b99-5818-bc83-6968c4b9370d', 'PLAIN', 'POSITIVE', 'PAST', 1, '寒かった');
INSERT INTO "vocabulary"."conjugation" ("id", "conjugation_set_id", "politeness_code", "charge_code", "form_code", "sort_rank", "value") VALUES ('8d0588ae-46a6-5126-bcb8-2d92430c5468', 'a2cf9232-7b99-5818-bc83-6968c4b9370d', 'PLAIN', 'NEGATIVE', 'PRESENT', 1, '寒くない');
INSERT INTO "vocabulary"."conjugation" ("id", "conjugation_set_id", "politeness_code", "charge_code", "form_code", "sort_rank", "value") VALUES ('e8b477d5-5a46-5b03-b2d6-1152b27e4326', 'a2cf9232-7b99-5818-bc83-6968c4b9370d', 'PLAIN', 'NEGATIVE', 'PAST', 1, '寒くなかった');
-- 熱い | hot thing --;
INSERT INTO "vocabulary"."vocabulary" ("id", "word_class_code", "conjugation_kind_code", "jlpt_level", "row_num", "tags", "date_added") VALUES ('9a7ac507-ea08-5187-ad27-04615036db05', 'ADJECTIVE', 'I_ADJECTIVE', 5, 458, '{}', '2022-09-07');
INSERT INTO "vocabulary"."definition" ("id", "vocabulary_id", "sort_rank", "value") VALUES ('6c75040a-0ffc-5c78-9574-15c4fab4cd35', '9a7ac507-ea08-5187-ad27-04615036db05', 1, 'hot thing');
INSERT INTO "vocabulary"."spelling" ("id", "vocabulary_id", "spelling_kind_code", "value") VALUES ('a11bf5f7-bd62-5407-9df9-5fd3c414b158', '9a7ac507-ea08-5187-ad27-04615036db05', 'KANJI', '熱い');
INSERT INTO "vocabulary"."spelling" ("id", "vocabulary_id", "spelling_kind_code", "value") VALUES ('6e5498f4-42eb-5456-be66-4896418d8cb0', '9a7ac507-ea08-5187-ad27-04615036db05', 'HIRAGANA', 'あつい');
INSERT INTO "vocabulary"."spelling" ("id", "vocabulary_id", "spelling_kind_code", "value") VALUES ('3f1d6ca7-4d26-51be-8e26-3a35fdd7f50a', '9a7ac507-ea08-5187-ad27-04615036db05', 'KANJI', '熱い');
INSERT INTO "vocabulary"."conjugation_set" ("id", "vocabulary_id") VALUES ('c44a255d-fa09-591b-b437-155ee805320b', '9a7ac507-ea08-5187-ad27-04615036db05');
INSERT INTO "vocabulary"."linkages" ("vocabulary_id", "preferred_definition_id", "preferred_spelling_id", "phonetic_spelling_id", "alt_phonetic_spelling_id", "kanji_spelling_id", "conjugation_set_id") VALUES ('9a7ac507-ea08-5187-ad27-04615036db05', '6c75040a-0ffc-5c78-9574-15c4fab4cd35', 'a11bf5f7-bd62-5407-9df9-5fd3c414b158', '6e5498f4-42eb-5456-be66-4896418d8cb0', NULL, '3f1d6ca7-4d26-51be-8e26-3a35fdd7f50a', 'c44a255d-fa09-591b-b437-155ee805320b');
INSERT INTO "vocabulary"."reference" ("vocabulary_id", "lesson_code") VALUES ('9a7ac507-ea08-5187-ad27-04615036db05', 'GENKI3_L05');
INSERT INTO "vocabulary"."conjugation" ("id", "conjugation_set_id", "politeness_code", "charge_code", "form_code", "sort_rank", "value") VALUES ('05ba3769-c2be-5563-af08-e05c0a1910be', 'c44a255d-fa09-591b-b437-155ee805320b', 'PLAIN', 'POSITIVE', 'PRESENT', 1, '熱い');
INSERT INTO "vocabulary"."conjugation" ("id", "conjugation_set_id", "politeness_code", "charge_code", "form_code", "sort_rank", "value") VALUES ('80921420-b019-51a2-81d2-71a190896e2d', 'c44a255d-fa09-591b-b437-155ee805320b', 'PLAIN', 'POSITIVE', 'PAST', 1, '熱かった');
INSERT INTO "vocabulary"."conjugation" ("id", "conjugation_set_id", "politeness_code", "charge_code", "form_code", "sort_rank", "value") VALUES ('cbf4eeb7-9ad2-5a53-a4b6-4059575c5136', 'c44a255d-fa09-591b-b437-155ee805320b', 'PLAIN', 'NEGATIVE', 'PRESENT', 1, '熱くない');
INSERT INTO "vocabulary"."conjugation" ("id", "conjugation_set_id", "politeness_code", "charge_code", "form_code", "sort_rank", "value") VALUES ('78ec6705-354d-513b-9ca9-02d14e7ae09a', 'c44a255d-fa09-591b-b437-155ee805320b', 'PLAIN', 'NEGATIVE', 'PAST', 1, '熱くなかった');
-- 忙しい | busy people/days --;
INSERT INTO "vocabulary"."vocabulary" ("id", "word_class_code", "conjugation_kind_code", "jlpt_level", "row_num", "tags", "date_added") VALUES ('36bbdf48-c6cf-502b-85a2-26bec94171c5', 'ADJECTIVE', 'I_ADJECTIVE', 5, 459, '{}', '2022-09-07');
INSERT INTO "vocabulary"."definition" ("id", "vocabulary_id", "sort_rank", "value") VALUES ('0ab4e75b-03fc-5914-bc45-e1a36efdb8aa', '36bbdf48-c6cf-502b-85a2-26bec94171c5', 1, 'busy people/days');
INSERT INTO "vocabulary"."spelling" ("id", "vocabulary_id", "spelling_kind_code", "value") VALUES ('8e516788-a876-5d60-aa5b-35d92dfc0790', '36bbdf48-c6cf-502b-85a2-26bec94171c5', 'KANJI', '忙しい');
INSERT INTO "vocabulary"."spelling" ("id", "vocabulary_id", "spelling_kind_code", "value") VALUES ('bfa20ccb-eac3-5a28-af17-53b7304c1776', '36bbdf48-c6cf-502b-85a2-26bec94171c5', 'HIRAGANA', 'いそがしい');
INSERT INTO "vocabulary"."spelling" ("id", "vocabulary_id", "spelling_kind_code", "value") VALUES ('db21e993-f189-59dc-b1a6-4dc4044357d0', '36bbdf48-c6cf-502b-85a2-26bec94171c5', 'KANJI', '忙しい');
INSERT INTO "vocabulary"."conjugation_set" ("id", "vocabulary_id") VALUES ('debbf605-4d94-5595-b519-634aa17ef353', '36bbdf48-c6cf-502b-85a2-26bec94171c5');
INSERT INTO "vocabulary"."linkages" ("vocabulary_id", "preferred_definition_id", "preferred_spelling_id", "phonetic_spelling_id", "alt_phonetic_spelling_id", "kanji_spelling_id", "conjugation_set_id") VALUES ('36bbdf48-c6cf-502b-85a2-26bec94171c5', '0ab4e75b-03fc-5914-bc45-e1a36efdb8aa', '8e516788-a876-5d60-aa5b-35d92dfc0790', 'bfa20ccb-eac3-5a28-af17-53b7304c1776', NULL, 'db21e993-f189-59dc-b1a6-4dc4044357d0', 'debbf605-4d94-5595-b519-634aa17ef353');
INSERT INTO "vocabulary"."reference" ("vocabulary_id", "lesson_code") VALUES ('36bbdf48-c6cf-502b-85a2-26bec94171c5', 'GENKI3_L05');
INSERT INTO "vocabulary"."conjugation" ("id", "conjugation_set_id", "politeness_code", "charge_code", "form_code", "sort_rank", "value") VALUES ('f90baa94-e744-5f46-bb24-1a764ee6ce5c', 'debbf605-4d94-5595-b519-634aa17ef353', 'PLAIN', 'POSITIVE', 'PRESENT', 1, '忙しい');
INSERT INTO "vocabulary"."conjugation" ("id", "conjugation_set_id", "politeness_code", "charge_code", "form_code", "sort_rank", "value") VALUES ('1d12073b-8296-5632-89b5-f4b7dc9dd0ab', 'debbf605-4d94-5595-b519-634aa17ef353', 'PLAIN', 'POSITIVE', 'PAST', 1, '忙しかった');
INSERT INTO "vocabulary"."conjugation" ("id", "conjugation_set_id", "politeness_code", "charge_code", "form_code", "sort_rank", "value") VALUES ('2c2da194-90c3-55e2-b90b-553ef1bc92b1', 'debbf605-4d94-5595-b519-634aa17ef353', 'PLAIN', 'NEGATIVE', 'PRESENT', 1, '忙しくない');
INSERT INTO "vocabulary"."conjugation" ("id", "conjugation_set_id", "politeness_code", "charge_code", "form_code", "sort_rank", "value") VALUES ('d782cfc1-1715-5725-a4d1-107eba06df3f', 'debbf605-4d94-5595-b519-634aa17ef353', 'PLAIN', 'NEGATIVE', 'PAST', 1, '忙しくなかった');
-- 大きい | large --;
INSERT INTO "vocabulary"."vocabulary" ("id", "word_class_code", "conjugation_kind_code", "jlpt_level", "row_num", "tags", "date_added") VALUES ('9c26c29d-c047-519d-bd01-6eb035e74752', 'ADJECTIVE', 'I_ADJECTIVE', 5, 460, '{}', '2022-09-07');
INSERT INTO "vocabulary"."definition" ("id", "vocabulary_id", "sort_rank", "value") VALUES ('bd649b70-958d-55fe-a331-e8a4d3c044ab', '9c26c29d-c047-519d-bd01-6eb035e74752', 1, 'large');
INSERT INTO "vocabulary"."spelling" ("id", "vocabulary_id", "spelling_kind_code", "value") VALUES ('ab6a0a43-32ea-5ca7-b3fd-1b42a15d8e19', '9c26c29d-c047-519d-bd01-6eb035e74752', 'KANJI', '大きい');
INSERT INTO "vocabulary"."spelling" ("id", "vocabulary_id", "spelling_kind_code", "value") VALUES ('44fd3c6b-ebec-552e-a0fd-140618c619fd', '9c26c29d-c047-519d-bd01-6eb035e74752', 'HIRAGANA', 'おおきい');
INSERT INTO "vocabulary"."spelling" ("id", "vocabulary_id", "spelling_kind_code", "value") VALUES ('0814ecde-4590-57ea-9e7d-bd00d671c995', '9c26c29d-c047-519d-bd01-6eb035e74752', 'KANJI', '大きい');
INSERT INTO "vocabulary"."conjugation_set" ("id", "vocabulary_id") VALUES ('80882a73-6993-5ef3-8fdb-4cb8238a0f09', '9c26c29d-c047-519d-bd01-6eb035e74752');
INSERT INTO "vocabulary"."linkages" ("vocabulary_id", "preferred_definition_id", "preferred_spelling_id", "phonetic_spelling_id", "alt_phonetic_spelling_id", "kanji_spelling_id", "conjugation_set_id") VALUES ('9c26c29d-c047-519d-bd01-6eb035e74752', 'bd649b70-958d-55fe-a331-e8a4d3c044ab', 'ab6a0a43-32ea-5ca7-b3fd-1b42a15d8e19', '44fd3c6b-ebec-552e-a0fd-140618c619fd', NULL, '0814ecde-4590-57ea-9e7d-bd00d671c995', '80882a73-6993-5ef3-8fdb-4cb8238a0f09');
INSERT INTO "vocabulary"."reference" ("vocabulary_id", "lesson_code") VALUES ('9c26c29d-c047-519d-bd01-6eb035e74752', 'GENKI3_L05');
INSERT INTO "vocabulary"."conjugation" ("id", "conjugation_set_id", "politeness_code", "charge_code", "form_code", "sort_rank", "value") VALUES ('db498d84-ff43-5be6-94be-2f195a77b7c7', '80882a73-6993-5ef3-8fdb-4cb8238a0f09', 'PLAIN', 'POSITIVE', 'PRESENT', 1, '大きい');
INSERT INTO "vocabulary"."conjugation" ("id", "conjugation_set_id", "politeness_code", "charge_code", "form_code", "sort_rank", "value") VALUES ('11dc8af5-a997-5959-9c0f-3ffb064cbf5c', '80882a73-6993-5ef3-8fdb-4cb8238a0f09', 'PLAIN', 'POSITIVE', 'PAST', 1, '大きかった');
INSERT INTO "vocabulary"."conjugation" ("id", "conjugation_set_id", "politeness_code", "charge_code", "form_code", "sort_rank", "value") VALUES ('ebebd3b2-0e5c-529a-9a1e-58c239bcc95d', '80882a73-6993-5ef3-8fdb-4cb8238a0f09', 'PLAIN', 'NEGATIVE', 'PRESENT', 1, '大きくない');
INSERT INTO "vocabulary"."conjugation" ("id", "conjugation_set_id", "politeness_code", "charge_code", "form_code", "sort_rank", "value") VALUES ('1e780faf-3866-5932-9b02-cf56c123d6bb', '80882a73-6993-5ef3-8fdb-4cb8238a0f09', 'PLAIN', 'NEGATIVE', 'PAST', 1, '大きくなかった');
-- 小さい | small --;
INSERT INTO "vocabulary"."vocabulary" ("id", "word_class_code", "conjugation_kind_code", "jlpt_level", "row_num", "tags", "date_added") VALUES ('bbdc1a0a-1d15-5484-89ac-e3594f2d0e70', 'ADJECTIVE', 'I_ADJECTIVE', 5, 461, '{}', '2022-09-07');
INSERT INTO "vocabulary"."definition" ("id", "vocabulary_id", "sort_rank", "value") VALUES ('21d23d7c-88a7-5977-92d4-cec774362ea3', 'bbdc1a0a-1d15-5484-89ac-e3594f2d0e70', 1, 'small');
INSERT INTO "vocabulary"."spelling" ("id", "vocabulary_id", "spelling_kind_code", "value") VALUES ('6afca9ed-a388-5e5f-b6d2-9ae7e6854c01', 'bbdc1a0a-1d15-5484-89ac-e3594f2d0e70', 'KANJI', '小さい');
INSERT INTO "vocabulary"."spelling" ("id", "vocabulary_id", "spelling_kind_code", "value") VALUES ('a7638cf6-bdac-595b-b688-9907f3bf5c4d', 'bbdc1a0a-1d15-5484-89ac-e3594f2d0e70', 'HIRAGANA', 'ちいさい');
INSERT INTO "vocabulary"."spelling" ("id", "vocabulary_id", "spelling_kind_code", "value") VALUES ('6a20deaf-704f-598b-9bdd-4e8d7e3d8da9', 'bbdc1a0a-1d15-5484-89ac-e3594f2d0e70', 'KANJI', '小さい');
INSERT INTO "vocabulary"."conjugation_set" ("id", "vocabulary_id") VALUES ('2613d8c3-0ac8-545b-8d8d-c2648091c001', 'bbdc1a0a-1d15-5484-89ac-e3594f2d0e70');
INSERT INTO "vocabulary"."linkages" ("vocabulary_id", "preferred_definition_id", "preferred_spelling_id", "phonetic_spelling_id", "alt_phonetic_spelling_id", "kanji_spelling_id", "conjugation_set_id") VALUES ('bbdc1a0a-1d15-5484-89ac-e3594f2d0e70', '21d23d7c-88a7-5977-92d4-cec774362ea3', '6afca9ed-a388-5e5f-b6d2-9ae7e6854c01', 'a7638cf6-bdac-595b-b688-9907f3bf5c4d', NULL, '6a20deaf-704f-598b-9bdd-4e8d7e3d8da9', '2613d8c3-0ac8-545b-8d8d-c2648091c001');
INSERT INTO "vocabulary"."reference" ("vocabulary_id", "lesson_code") VALUES ('bbdc1a0a-1d15-5484-89ac-e3594f2d0e70', 'GENKI3_L05');
INSERT INTO "vocabulary"."conjugation" ("id", "conjugation_set_id", "politeness_code", "charge_code", "form_code", "sort_rank", "value") VALUES ('1a76dc1b-010c-5a19-86cb-e277b7a0c440', '2613d8c3-0ac8-545b-8d8d-c2648091c001', 'PLAIN', 'POSITIVE', 'PRESENT', 1, '小さい');
INSERT INTO "vocabulary"."conjugation" ("id", "conjugation_set_id", "politeness_code", "charge_code", "form_code", "sort_rank", "value") VALUES ('9e78742c-db18-57d6-9997-e2dbd11d034d', '2613d8c3-0ac8-545b-8d8d-c2648091c001', 'PLAIN', 'POSITIVE', 'PAST', 1, '小さかった');
INSERT INTO "vocabulary"."conjugation" ("id", "conjugation_set_id", "politeness_code", "charge_code", "form_code", "sort_rank", "value") VALUES ('8846f548-e1b6-5e38-8e18-7eeb95a33dd9', '2613d8c3-0ac8-545b-8d8d-c2648091c001', 'PLAIN', 'NEGATIVE', 'PRESENT', 1, '小さくない');
INSERT INTO "vocabulary"."conjugation" ("id", "conjugation_set_id", "politeness_code", "charge_code", "form_code", "sort_rank", "value") VALUES ('6c2d09ee-83b7-5ac5-8dc5-9fff8c5fe5b7', '2613d8c3-0ac8-545b-8d8d-c2648091c001', 'PLAIN', 'NEGATIVE', 'PAST', 1, '小さくなかった');
-- 面白い | interesting; funny --;
INSERT INTO "vocabulary"."vocabulary" ("id", "word_class_code", "conjugation_kind_code", "jlpt_level", "row_num", "tags", "date_added") VALUES ('14eb54bb-8d5f-50c2-b2e7-9b89a32a18f6', 'ADJECTIVE', 'I_ADJECTIVE', 5, 462, '{}', '2022-09-07');
INSERT INTO "vocabulary"."definition" ("id", "vocabulary_id", "sort_rank", "value") VALUES ('bfa0df64-2adb-5544-ba41-d805653ddb1a', '14eb54bb-8d5f-50c2-b2e7-9b89a32a18f6', 1, 'interesting; funny');
INSERT INTO "vocabulary"."spelling" ("id", "vocabulary_id", "spelling_kind_code", "value") VALUES ('612470f2-31c7-5592-962b-fc35cbadface', '14eb54bb-8d5f-50c2-b2e7-9b89a32a18f6', 'KANJI', '面白い');
INSERT INTO "vocabulary"."spelling" ("id", "vocabulary_id", "spelling_kind_code", "value") VALUES ('db07edb3-c021-5066-a509-de4a66f5ac6e', '14eb54bb-8d5f-50c2-b2e7-9b89a32a18f6', 'HIRAGANA', 'おもしろい');
INSERT INTO "vocabulary"."spelling" ("id", "vocabulary_id", "spelling_kind_code", "value") VALUES ('7ef0e044-4f87-58bb-8d38-903353d43dc9', '14eb54bb-8d5f-50c2-b2e7-9b89a32a18f6', 'KANJI', '面白い');
INSERT INTO "vocabulary"."conjugation_set" ("id", "vocabulary_id") VALUES ('2a93e768-808d-50fc-b8cd-849db89e4e15', '14eb54bb-8d5f-50c2-b2e7-9b89a32a18f6');
INSERT INTO "vocabulary"."linkages" ("vocabulary_id", "preferred_definition_id", "preferred_spelling_id", "phonetic_spelling_id", "alt_phonetic_spelling_id", "kanji_spelling_id", "conjugation_set_id") VALUES ('14eb54bb-8d5f-50c2-b2e7-9b89a32a18f6', 'bfa0df64-2adb-5544-ba41-d805653ddb1a', '612470f2-31c7-5592-962b-fc35cbadface', 'db07edb3-c021-5066-a509-de4a66f5ac6e', NULL, '7ef0e044-4f87-58bb-8d38-903353d43dc9', '2a93e768-808d-50fc-b8cd-849db89e4e15');
INSERT INTO "vocabulary"."reference" ("vocabulary_id", "lesson_code") VALUES ('14eb54bb-8d5f-50c2-b2e7-9b89a32a18f6', 'GENKI3_L05');
INSERT INTO "vocabulary"."conjugation" ("id", "conjugation_set_id", "politeness_code", "charge_code", "form_code", "sort_rank", "value") VALUES ('9f0d97b2-fe2a-5e24-87d4-7d7ffc7f88e6', '2a93e768-808d-50fc-b8cd-849db89e4e15', 'PLAIN', 'POSITIVE', 'PRESENT', 1, '面白い');
INSERT INTO "vocabulary"."conjugation" ("id", "conjugation_set_id", "politeness_code", "charge_code", "form_code", "sort_rank", "value") VALUES ('e52e1f5f-3b05-5471-97f9-84a8994ede87', '2a93e768-808d-50fc-b8cd-849db89e4e15', 'PLAIN', 'POSITIVE', 'PAST', 1, '面白かった');
INSERT INTO "vocabulary"."conjugation" ("id", "conjugation_set_id", "politeness_code", "charge_code", "form_code", "sort_rank", "value") VALUES ('44e21784-93d1-5370-8500-d6dc48733331', '2a93e768-808d-50fc-b8cd-849db89e4e15', 'PLAIN', 'NEGATIVE', 'PRESENT', 1, '面白くない');
INSERT INTO "vocabulary"."conjugation" ("id", "conjugation_set_id", "politeness_code", "charge_code", "form_code", "sort_rank", "value") VALUES ('cad176e4-1ba4-5598-8e60-09d05c0c2e63', '2a93e768-808d-50fc-b8cd-849db89e4e15', 'PLAIN', 'NEGATIVE', 'PAST', 1, '面白くなかった');
-- つまらない | boring --;
INSERT INTO "vocabulary"."vocabulary" ("id", "word_class_code", "conjugation_kind_code", "jlpt_level", "row_num", "tags", "date_added") VALUES ('2e46c8d1-bb5e-5c96-9e63-b1d4fc035da1', 'ADJECTIVE', 'I_ADJECTIVE', 5, 463, '{}', '2022-09-07');
INSERT INTO "vocabulary"."definition" ("id", "vocabulary_id", "sort_rank", "value") VALUES ('a8bc5d91-2f20-550f-97cf-5c2c1ccfaffa', '2e46c8d1-bb5e-5c96-9e63-b1d4fc035da1', 1, 'boring');
INSERT INTO "vocabulary"."spelling" ("id", "vocabulary_id", "spelling_kind_code", "value") VALUES ('b6cf0f6a-1d4d-513b-b5de-bc8b5ed79b38', '2e46c8d1-bb5e-5c96-9e63-b1d4fc035da1', 'HIRAGANA', 'つまらない');
INSERT INTO "vocabulary"."spelling" ("id", "vocabulary_id", "spelling_kind_code", "value") VALUES ('98d3a5c8-8742-5291-a7e5-2d6f0fe57166', '2e46c8d1-bb5e-5c96-9e63-b1d4fc035da1', 'HIRAGANA', 'つまらない');
INSERT INTO "vocabulary"."spelling" ("id", "vocabulary_id", "spelling_kind_code", "value") VALUES ('f393e23d-3524-5aa6-a9c4-87343b49bf19', '2e46c8d1-bb5e-5c96-9e63-b1d4fc035da1', 'KANJI', '詰まらない');
INSERT INTO "vocabulary"."conjugation_set" ("id", "vocabulary_id") VALUES ('bc5763c4-bd3c-544f-806f-d29a51241ec8', '2e46c8d1-bb5e-5c96-9e63-b1d4fc035da1');
INSERT INTO "vocabulary"."linkages" ("vocabulary_id", "preferred_definition_id", "preferred_spelling_id", "phonetic_spelling_id", "alt_phonetic_spelling_id", "kanji_spelling_id", "conjugation_set_id") VALUES ('2e46c8d1-bb5e-5c96-9e63-b1d4fc035da1', 'a8bc5d91-2f20-550f-97cf-5c2c1ccfaffa', 'b6cf0f6a-1d4d-513b-b5de-bc8b5ed79b38', '98d3a5c8-8742-5291-a7e5-2d6f0fe57166', NULL, 'f393e23d-3524-5aa6-a9c4-87343b49bf19', 'bc5763c4-bd3c-544f-806f-d29a51241ec8');
INSERT INTO "vocabulary"."reference" ("vocabulary_id", "lesson_code") VALUES ('2e46c8d1-bb5e-5c96-9e63-b1d4fc035da1', 'GENKI3_L05');
INSERT INTO "vocabulary"."conjugation" ("id", "conjugation_set_id", "politeness_code", "charge_code", "form_code", "sort_rank", "value") VALUES ('7d2842d1-513c-56de-ba53-eca42ca33e2e', 'bc5763c4-bd3c-544f-806f-d29a51241ec8', 'PLAIN', 'POSITIVE', 'PRESENT', 1, 'つまらない');
INSERT INTO "vocabulary"."conjugation" ("id", "conjugation_set_id", "politeness_code", "charge_code", "form_code", "sort_rank", "value") VALUES ('c9094741-6909-5fa4-9e48-ef57be8a6f0c', 'bc5763c4-bd3c-544f-806f-d29a51241ec8', 'PLAIN', 'POSITIVE', 'PAST', 1, 'つまらなかった');
INSERT INTO "vocabulary"."conjugation" ("id", "conjugation_set_id", "politeness_code", "charge_code", "form_code", "sort_rank", "value") VALUES ('8f8eb897-f24a-56ab-811f-2acf880f8a53', 'bc5763c4-bd3c-544f-806f-d29a51241ec8', 'PLAIN', 'NEGATIVE', 'PRESENT', 1, 'つまらなくない');
INSERT INTO "vocabulary"."conjugation" ("id", "conjugation_set_id", "politeness_code", "charge_code", "form_code", "sort_rank", "value") VALUES ('515cbbe0-b49d-599d-bc3d-07dc76d8122e', 'bc5763c4-bd3c-544f-806f-d29a51241ec8', 'PLAIN', 'NEGATIVE', 'PAST', 1, 'つまらなくなかった');
-- やさしい | easy (problem) --;
INSERT INTO "vocabulary"."vocabulary" ("id", "word_class_code", "conjugation_kind_code", "jlpt_level", "row_num", "tags", "date_added") VALUES ('ce5f2a5f-821f-5a5f-b5e5-6b59658ee781', 'ADJECTIVE', 'I_ADJECTIVE', 5, 464, '{}', '2022-09-07');
INSERT INTO "vocabulary"."definition" ("id", "vocabulary_id", "sort_rank", "value") VALUES ('732ac001-eb72-5b78-8d7b-c21dc8987f59', 'ce5f2a5f-821f-5a5f-b5e5-6b59658ee781', 1, 'easy (problem)');
INSERT INTO "vocabulary"."spelling" ("id", "vocabulary_id", "spelling_kind_code", "value") VALUES ('fc945eea-4a96-5fed-a667-88a9ce4dfa20', 'ce5f2a5f-821f-5a5f-b5e5-6b59658ee781', 'HIRAGANA', 'やさしい');
INSERT INTO "vocabulary"."spelling" ("id", "vocabulary_id", "spelling_kind_code", "value") VALUES ('6a15f6a3-1575-5763-a0bc-92607b5fe692', 'ce5f2a5f-821f-5a5f-b5e5-6b59658ee781', 'HIRAGANA', 'やさしい');
INSERT INTO "vocabulary"."spelling" ("id", "vocabulary_id", "spelling_kind_code", "value") VALUES ('0762f6d7-2271-52f5-8632-a945812e016d', 'ce5f2a5f-821f-5a5f-b5e5-6b59658ee781', 'KANJI', '易しい');
INSERT INTO "vocabulary"."conjugation_set" ("id", "vocabulary_id") VALUES ('7d5f46ae-5b4a-52d4-9bd0-22fe2db30fbe', 'ce5f2a5f-821f-5a5f-b5e5-6b59658ee781');
INSERT INTO "vocabulary"."linkages" ("vocabulary_id", "preferred_definition_id", "preferred_spelling_id", "phonetic_spelling_id", "alt_phonetic_spelling_id", "kanji_spelling_id", "conjugation_set_id") VALUES ('ce5f2a5f-821f-5a5f-b5e5-6b59658ee781', '732ac001-eb72-5b78-8d7b-c21dc8987f59', 'fc945eea-4a96-5fed-a667-88a9ce4dfa20', '6a15f6a3-1575-5763-a0bc-92607b5fe692', NULL, '0762f6d7-2271-52f5-8632-a945812e016d', '7d5f46ae-5b4a-52d4-9bd0-22fe2db30fbe');
INSERT INTO "vocabulary"."reference" ("vocabulary_id", "lesson_code") VALUES ('ce5f2a5f-821f-5a5f-b5e5-6b59658ee781', 'GENKI3_L05');
INSERT INTO "vocabulary"."conjugation" ("id", "conjugation_set_id", "politeness_code", "charge_code", "form_code", "sort_rank", "value") VALUES ('342d305c-efa3-5b99-88ea-efca64c4d972', '7d5f46ae-5b4a-52d4-9bd0-22fe2db30fbe', 'PLAIN', 'POSITIVE', 'PRESENT', 1, 'やさしい');
INSERT INTO "vocabulary"."conjugation" ("id", "conjugation_set_id", "politeness_code", "charge_code", "form_code", "sort_rank", "value") VALUES ('d31ffccd-de41-5618-ad0c-55e05698b7a8', '7d5f46ae-5b4a-52d4-9bd0-22fe2db30fbe', 'PLAIN', 'POSITIVE', 'PAST', 1, 'やさしかった');
INSERT INTO "vocabulary"."conjugation" ("id", "conjugation_set_id", "politeness_code", "charge_code", "form_code", "sort_rank", "value") VALUES ('1e874719-0554-55cb-bf6c-1605a1fc6a6c', '7d5f46ae-5b4a-52d4-9bd0-22fe2db30fbe', 'PLAIN', 'NEGATIVE', 'PRESENT', 1, 'やさしくない');
INSERT INTO "vocabulary"."conjugation" ("id", "conjugation_set_id", "politeness_code", "charge_code", "form_code", "sort_rank", "value") VALUES ('29136dc4-c57f-5d25-bd00-d4fbe539cefc', '7d5f46ae-5b4a-52d4-9bd0-22fe2db30fbe', 'PLAIN', 'NEGATIVE', 'PAST', 1, 'やさしくなかった');
-- 優しい | kind (person) --;
INSERT INTO "vocabulary"."vocabulary" ("id", "word_class_code", "conjugation_kind_code", "jlpt_level", "row_num", "tags", "date_added") VALUES ('f0506ed6-e8ae-5d80-90bc-d527638693f8', 'ADJECTIVE', 'I_ADJECTIVE', 4, 465, '{}', '2022-09-07');
INSERT INTO "vocabulary"."definition" ("id", "vocabulary_id", "sort_rank", "value") VALUES ('9d34f861-4f31-5f35-aa3a-ab763f3a706e', 'f0506ed6-e8ae-5d80-90bc-d527638693f8', 1, 'kind (person)');
INSERT INTO "vocabulary"."spelling" ("id", "vocabulary_id", "spelling_kind_code", "value") VALUES ('d2c3b9d8-6627-55ce-981a-93ef38b19025', 'f0506ed6-e8ae-5d80-90bc-d527638693f8', 'KANJI', '優しい');
INSERT INTO "vocabulary"."spelling" ("id", "vocabulary_id", "spelling_kind_code", "value") VALUES ('5b1ce361-dfe9-5033-bd76-d50243c667b8', 'f0506ed6-e8ae-5d80-90bc-d527638693f8', 'HIRAGANA', 'やさしい');
INSERT INTO "vocabulary"."spelling" ("id", "vocabulary_id", "spelling_kind_code", "value") VALUES ('774f6cb0-359c-5125-afe5-514a8b588507', 'f0506ed6-e8ae-5d80-90bc-d527638693f8', 'KANJI', '優しい');
INSERT INTO "vocabulary"."conjugation_set" ("id", "vocabulary_id") VALUES ('daf21d09-f55a-5dfc-8f3a-650575f468d8', 'f0506ed6-e8ae-5d80-90bc-d527638693f8');
INSERT INTO "vocabulary"."linkages" ("vocabulary_id", "preferred_definition_id", "preferred_spelling_id", "phonetic_spelling_id", "alt_phonetic_spelling_id", "kanji_spelling_id", "conjugation_set_id") VALUES ('f0506ed6-e8ae-5d80-90bc-d527638693f8', '9d34f861-4f31-5f35-aa3a-ab763f3a706e', 'd2c3b9d8-6627-55ce-981a-93ef38b19025', '5b1ce361-dfe9-5033-bd76-d50243c667b8', NULL, '774f6cb0-359c-5125-afe5-514a8b588507', 'daf21d09-f55a-5dfc-8f3a-650575f468d8');
INSERT INTO "vocabulary"."conjugation" ("id", "conjugation_set_id", "politeness_code", "charge_code", "form_code", "sort_rank", "value") VALUES ('c8688712-38cd-55b2-a3c6-d27fe491d2d5', 'daf21d09-f55a-5dfc-8f3a-650575f468d8', 'PLAIN', 'POSITIVE', 'PRESENT', 1, '優しい');
INSERT INTO "vocabulary"."conjugation" ("id", "conjugation_set_id", "politeness_code", "charge_code", "form_code", "sort_rank", "value") VALUES ('b2d6695d-734b-5f26-be71-92c3dc47741f', 'daf21d09-f55a-5dfc-8f3a-650575f468d8', 'PLAIN', 'POSITIVE', 'PAST', 1, '優しかった');
INSERT INTO "vocabulary"."conjugation" ("id", "conjugation_set_id", "politeness_code", "charge_code", "form_code", "sort_rank", "value") VALUES ('c281818c-cb2f-59d3-a799-d098010a83fb', 'daf21d09-f55a-5dfc-8f3a-650575f468d8', 'PLAIN', 'NEGATIVE', 'PRESENT', 1, '優しくない');
INSERT INTO "vocabulary"."conjugation" ("id", "conjugation_set_id", "politeness_code", "charge_code", "form_code", "sort_rank", "value") VALUES ('e17fad12-3975-5aa5-9e18-e7e40204dad4', 'daf21d09-f55a-5dfc-8f3a-650575f468d8', 'PLAIN', 'NEGATIVE', 'PAST', 1, '優しくなかった');
-- 難しい | difficult --;
INSERT INTO "vocabulary"."vocabulary" ("id", "word_class_code", "conjugation_kind_code", "jlpt_level", "row_num", "tags", "date_added") VALUES ('835597f8-7be1-561d-8ef8-9c73316e9b49', 'ADJECTIVE', 'I_ADJECTIVE', 5, 466, '{}', '2022-09-07');
INSERT INTO "vocabulary"."definition" ("id", "vocabulary_id", "sort_rank", "value") VALUES ('7f106fed-3b4d-5384-944d-daad4aee0b2e', '835597f8-7be1-561d-8ef8-9c73316e9b49', 1, 'difficult');
INSERT INTO "vocabulary"."spelling" ("id", "vocabulary_id", "spelling_kind_code", "value") VALUES ('26c7f768-b6e7-5178-a4ad-aba65ec8db9a', '835597f8-7be1-561d-8ef8-9c73316e9b49', 'KANJI', '難しい');
INSERT INTO "vocabulary"."spelling" ("id", "vocabulary_id", "spelling_kind_code", "value") VALUES ('d8525aa7-14e8-5a9c-8e0e-73364b3099b4', '835597f8-7be1-561d-8ef8-9c73316e9b49', 'HIRAGANA', 'むずかしい');
INSERT INTO "vocabulary"."spelling" ("id", "vocabulary_id", "spelling_kind_code", "value") VALUES ('491485ed-bb67-5ce8-ba95-11f51e69f115', '835597f8-7be1-561d-8ef8-9c73316e9b49', 'KANJI', '難しい');
INSERT INTO "vocabulary"."conjugation_set" ("id", "vocabulary_id") VALUES ('5e7cab50-c495-551f-8ec1-4300bd3f0a19', '835597f8-7be1-561d-8ef8-9c73316e9b49');
INSERT INTO "vocabulary"."linkages" ("vocabulary_id", "preferred_definition_id", "preferred_spelling_id", "phonetic_spelling_id", "alt_phonetic_spelling_id", "kanji_spelling_id", "conjugation_set_id") VALUES ('835597f8-7be1-561d-8ef8-9c73316e9b49', '7f106fed-3b4d-5384-944d-daad4aee0b2e', '26c7f768-b6e7-5178-a4ad-aba65ec8db9a', 'd8525aa7-14e8-5a9c-8e0e-73364b3099b4', NULL, '491485ed-bb67-5ce8-ba95-11f51e69f115', '5e7cab50-c495-551f-8ec1-4300bd3f0a19');
INSERT INTO "vocabulary"."reference" ("vocabulary_id", "lesson_code") VALUES ('835597f8-7be1-561d-8ef8-9c73316e9b49', 'GENKI3_L05');
INSERT INTO "vocabulary"."conjugation" ("id", "conjugation_set_id", "politeness_code", "charge_code", "form_code", "sort_rank", "value") VALUES ('4d0d0e36-4cb7-5384-9198-00a7302f7d29', '5e7cab50-c495-551f-8ec1-4300bd3f0a19', 'PLAIN', 'POSITIVE', 'PRESENT', 1, '難しい');
INSERT INTO "vocabulary"."conjugation" ("id", "conjugation_set_id", "politeness_code", "charge_code", "form_code", "sort_rank", "value") VALUES ('35120b18-ecc8-55f3-ab05-ad007f0cc54e', '5e7cab50-c495-551f-8ec1-4300bd3f0a19', 'PLAIN', 'POSITIVE', 'PAST', 1, '難しかった');
INSERT INTO "vocabulary"."conjugation" ("id", "conjugation_set_id", "politeness_code", "charge_code", "form_code", "sort_rank", "value") VALUES ('639a8bbd-389f-59bf-94ad-ae0a91ad3a9e', '5e7cab50-c495-551f-8ec1-4300bd3f0a19', 'PLAIN', 'NEGATIVE', 'PRESENT', 1, '難しくない');
INSERT INTO "vocabulary"."conjugation" ("id", "conjugation_set_id", "politeness_code", "charge_code", "form_code", "sort_rank", "value") VALUES ('6909d3ff-3043-5126-a82e-112e0118eafa', '5e7cab50-c495-551f-8ec1-4300bd3f0a19', 'PLAIN', 'NEGATIVE', 'PAST', 1, '難しくなかった');
-- かっこいい | good-looking; cool --;
INSERT INTO "vocabulary"."vocabulary" ("id", "word_class_code", "conjugation_kind_code", "jlpt_level", "row_num", "tags", "date_added") VALUES ('46305ec7-a809-547e-bb67-8533f9059b26', 'ADJECTIVE', 'YOI_ADJECTIVE', NULL, 467, '{}', '2022-09-07');
INSERT INTO "vocabulary"."definition" ("id", "vocabulary_id", "sort_rank", "value") VALUES ('6d1ce708-d688-52a8-af24-eb21a33a6de7', '46305ec7-a809-547e-bb67-8533f9059b26', 1, 'good-looking; cool');
INSERT INTO "vocabulary"."spelling" ("id", "vocabulary_id", "spelling_kind_code", "value") VALUES ('a93b22a4-cbb8-5c80-a678-f8a2cdce2543', '46305ec7-a809-547e-bb67-8533f9059b26', 'HIRAGANA', 'かっこいい');
INSERT INTO "vocabulary"."spelling" ("id", "vocabulary_id", "spelling_kind_code", "value") VALUES ('edae6b1d-84fb-5f84-a6fa-d40ed100805e', '46305ec7-a809-547e-bb67-8533f9059b26', 'HIRAGANA', 'かっこいい');
INSERT INTO "vocabulary"."spelling" ("id", "vocabulary_id", "spelling_kind_code", "value") VALUES ('5fc66d81-0836-5c69-83b6-408edda38ae8', '46305ec7-a809-547e-bb67-8533f9059b26', 'KANJI', '格好いい');
INSERT INTO "vocabulary"."conjugation_set" ("id", "vocabulary_id") VALUES ('afeea6f7-4e50-5c32-82d8-60358cd12b46', '46305ec7-a809-547e-bb67-8533f9059b26');
INSERT INTO "vocabulary"."linkages" ("vocabulary_id", "preferred_definition_id", "preferred_spelling_id", "phonetic_spelling_id", "alt_phonetic_spelling_id", "kanji_spelling_id", "conjugation_set_id") VALUES ('46305ec7-a809-547e-bb67-8533f9059b26', '6d1ce708-d688-52a8-af24-eb21a33a6de7', 'a93b22a4-cbb8-5c80-a678-f8a2cdce2543', 'edae6b1d-84fb-5f84-a6fa-d40ed100805e', NULL, '5fc66d81-0836-5c69-83b6-408edda38ae8', 'afeea6f7-4e50-5c32-82d8-60358cd12b46');
INSERT INTO "vocabulary"."reference" ("vocabulary_id", "lesson_code") VALUES ('46305ec7-a809-547e-bb67-8533f9059b26', 'GENKI3_L05');
INSERT INTO "vocabulary"."conjugation" ("id", "conjugation_set_id", "politeness_code", "charge_code", "form_code", "sort_rank", "value") VALUES ('2de00f5c-9514-5794-9f3e-a13cf7d2c73f', 'afeea6f7-4e50-5c32-82d8-60358cd12b46', 'PLAIN', 'POSITIVE', 'PRESENT', 1, 'かっこいい');
INSERT INTO "vocabulary"."conjugation" ("id", "conjugation_set_id", "politeness_code", "charge_code", "form_code", "sort_rank", "value") VALUES ('3300145f-7fee-527a-a670-8009418577fa', 'afeea6f7-4e50-5c32-82d8-60358cd12b46', 'PLAIN', 'POSITIVE', 'PAST', 1, 'かっこよかった');
INSERT INTO "vocabulary"."conjugation" ("id", "conjugation_set_id", "politeness_code", "charge_code", "form_code", "sort_rank", "value") VALUES ('8fdc4fa3-2186-5057-a69c-833bedbf3d20', 'afeea6f7-4e50-5c32-82d8-60358cd12b46', 'PLAIN', 'NEGATIVE', 'PRESENT', 1, 'かっこよくない');
INSERT INTO "vocabulary"."conjugation" ("id", "conjugation_set_id", "politeness_code", "charge_code", "form_code", "sort_rank", "value") VALUES ('b348acad-ade7-5598-9054-317e93fffd1c', 'afeea6f7-4e50-5c32-82d8-60358cd12b46', 'PLAIN', 'NEGATIVE', 'PAST', 1, 'かっこよくなかった');
-- 怖い | frightening --;
INSERT INTO "vocabulary"."vocabulary" ("id", "word_class_code", "conjugation_kind_code", "jlpt_level", "row_num", "tags", "date_added") VALUES ('b28e9f01-a176-5cfa-b00b-e1fd1552f02d', 'ADJECTIVE', 'I_ADJECTIVE', 4, 468, '{}', '2022-09-07');
INSERT INTO "vocabulary"."definition" ("id", "vocabulary_id", "sort_rank", "value") VALUES ('3c7e60bf-1432-5c18-854f-dfa75ed70fcd', 'b28e9f01-a176-5cfa-b00b-e1fd1552f02d', 1, 'frightening');
INSERT INTO "vocabulary"."spelling" ("id", "vocabulary_id", "spelling_kind_code", "value") VALUES ('7f07d1b6-25e6-53c7-9a1b-a87022a9706f', 'b28e9f01-a176-5cfa-b00b-e1fd1552f02d', 'KANJI', '怖い');
INSERT INTO "vocabulary"."spelling" ("id", "vocabulary_id", "spelling_kind_code", "value") VALUES ('547bd75f-9af3-5f82-bac8-977922290c8f', 'b28e9f01-a176-5cfa-b00b-e1fd1552f02d', 'HIRAGANA', 'こわい');
INSERT INTO "vocabulary"."spelling" ("id", "vocabulary_id", "spelling_kind_code", "value") VALUES ('f6acba82-da4a-5083-b7d2-acd0ad454752', 'b28e9f01-a176-5cfa-b00b-e1fd1552f02d', 'KANJI', '怖い');
INSERT INTO "vocabulary"."conjugation_set" ("id", "vocabulary_id") VALUES ('9bad34e3-b36b-5d84-ae00-23e447bdfc70', 'b28e9f01-a176-5cfa-b00b-e1fd1552f02d');
INSERT INTO "vocabulary"."linkages" ("vocabulary_id", "preferred_definition_id", "preferred_spelling_id", "phonetic_spelling_id", "alt_phonetic_spelling_id", "kanji_spelling_id", "conjugation_set_id") VALUES ('b28e9f01-a176-5cfa-b00b-e1fd1552f02d', '3c7e60bf-1432-5c18-854f-dfa75ed70fcd', '7f07d1b6-25e6-53c7-9a1b-a87022a9706f', '547bd75f-9af3-5f82-bac8-977922290c8f', NULL, 'f6acba82-da4a-5083-b7d2-acd0ad454752', '9bad34e3-b36b-5d84-ae00-23e447bdfc70');
INSERT INTO "vocabulary"."reference" ("vocabulary_id", "lesson_code") VALUES ('b28e9f01-a176-5cfa-b00b-e1fd1552f02d', 'GENKI3_L05');
INSERT INTO "vocabulary"."conjugation" ("id", "conjugation_set_id", "politeness_code", "charge_code", "form_code", "sort_rank", "value") VALUES ('8c2b5a8b-9d4f-5756-bc7e-7c69dc103f06', '9bad34e3-b36b-5d84-ae00-23e447bdfc70', 'PLAIN', 'POSITIVE', 'PRESENT', 1, '怖い');
INSERT INTO "vocabulary"."conjugation" ("id", "conjugation_set_id", "politeness_code", "charge_code", "form_code", "sort_rank", "value") VALUES ('532e7c89-6bab-5142-a37d-56beb171691c', '9bad34e3-b36b-5d84-ae00-23e447bdfc70', 'PLAIN', 'POSITIVE', 'PAST', 1, '怖かった');
INSERT INTO "vocabulary"."conjugation" ("id", "conjugation_set_id", "politeness_code", "charge_code", "form_code", "sort_rank", "value") VALUES ('9f72df82-2372-5bd2-82bc-98bd95e4d320', '9bad34e3-b36b-5d84-ae00-23e447bdfc70', 'PLAIN', 'NEGATIVE', 'PRESENT', 1, '怖くない');
INSERT INTO "vocabulary"."conjugation" ("id", "conjugation_set_id", "politeness_code", "charge_code", "form_code", "sort_rank", "value") VALUES ('47470faf-a3a9-508f-985c-ef329182c881', '9bad34e3-b36b-5d84-ae00-23e447bdfc70', 'PLAIN', 'NEGATIVE', 'PAST', 1, '怖くなかった');
-- 楽しい | fun --;
INSERT INTO "vocabulary"."vocabulary" ("id", "word_class_code", "conjugation_kind_code", "jlpt_level", "row_num", "tags", "date_added") VALUES ('03824733-2e97-5d1e-8705-2520abf86985', 'ADJECTIVE', 'I_ADJECTIVE', 5, 469, '{}', '2022-09-07');
INSERT INTO "vocabulary"."definition" ("id", "vocabulary_id", "sort_rank", "value") VALUES ('938f97ef-4b9d-5404-b307-204dda196b8b', '03824733-2e97-5d1e-8705-2520abf86985', 1, 'fun');
INSERT INTO "vocabulary"."spelling" ("id", "vocabulary_id", "spelling_kind_code", "value") VALUES ('6637d68b-ce91-53b5-bac7-a7876880147a', '03824733-2e97-5d1e-8705-2520abf86985', 'KANJI', '楽しい');
INSERT INTO "vocabulary"."spelling" ("id", "vocabulary_id", "spelling_kind_code", "value") VALUES ('1de336c7-9fb1-50bd-be6b-2c8bf2193fd0', '03824733-2e97-5d1e-8705-2520abf86985', 'HIRAGANA', 'たのしい');
INSERT INTO "vocabulary"."spelling" ("id", "vocabulary_id", "spelling_kind_code", "value") VALUES ('bdaaf4c5-3c0a-5d5a-a10e-16bce510fd19', '03824733-2e97-5d1e-8705-2520abf86985', 'KANJI', '楽しい');
INSERT INTO "vocabulary"."conjugation_set" ("id", "vocabulary_id") VALUES ('f7b08b68-1cb9-57be-a49f-9df6f150d33f', '03824733-2e97-5d1e-8705-2520abf86985');
INSERT INTO "vocabulary"."linkages" ("vocabulary_id", "preferred_definition_id", "preferred_spelling_id", "phonetic_spelling_id", "alt_phonetic_spelling_id", "kanji_spelling_id", "conjugation_set_id") VALUES ('03824733-2e97-5d1e-8705-2520abf86985', '938f97ef-4b9d-5404-b307-204dda196b8b', '6637d68b-ce91-53b5-bac7-a7876880147a', '1de336c7-9fb1-50bd-be6b-2c8bf2193fd0', NULL, 'bdaaf4c5-3c0a-5d5a-a10e-16bce510fd19', 'f7b08b68-1cb9-57be-a49f-9df6f150d33f');
INSERT INTO "vocabulary"."reference" ("vocabulary_id", "lesson_code") VALUES ('03824733-2e97-5d1e-8705-2520abf86985', 'GENKI3_L05');
INSERT INTO "vocabulary"."conjugation" ("id", "conjugation_set_id", "politeness_code", "charge_code", "form_code", "sort_rank", "value") VALUES ('82d54b01-47f8-5d57-b51b-99c1e45484ea', 'f7b08b68-1cb9-57be-a49f-9df6f150d33f', 'PLAIN', 'POSITIVE', 'PRESENT', 1, '楽しい');
INSERT INTO "vocabulary"."conjugation" ("id", "conjugation_set_id", "politeness_code", "charge_code", "form_code", "sort_rank", "value") VALUES ('644b9d44-ac7e-5084-948e-54205f61cbbc', 'f7b08b68-1cb9-57be-a49f-9df6f150d33f', 'PLAIN', 'POSITIVE', 'PAST', 1, '楽しかった');
INSERT INTO "vocabulary"."conjugation" ("id", "conjugation_set_id", "politeness_code", "charge_code", "form_code", "sort_rank", "value") VALUES ('a64245de-9e2d-5d50-a2c7-29ee4f2e16df', 'f7b08b68-1cb9-57be-a49f-9df6f150d33f', 'PLAIN', 'NEGATIVE', 'PRESENT', 1, '楽しくない');
INSERT INTO "vocabulary"."conjugation" ("id", "conjugation_set_id", "politeness_code", "charge_code", "form_code", "sort_rank", "value") VALUES ('28ccff87-c37e-59b0-afaa-a0d90fa670dc', 'f7b08b68-1cb9-57be-a49f-9df6f150d33f', 'PLAIN', 'NEGATIVE', 'PAST', 1, '楽しくなかった');
-- 安い | inexpensive; cheap (thing) --;
INSERT INTO "vocabulary"."vocabulary" ("id", "word_class_code", "conjugation_kind_code", "jlpt_level", "row_num", "tags", "date_added") VALUES ('a1c2f5e9-df18-5d9f-83db-7d30491b502d', 'ADJECTIVE', 'I_ADJECTIVE', 5, 470, '{}', '2022-09-07');
INSERT INTO "vocabulary"."definition" ("id", "vocabulary_id", "sort_rank", "value") VALUES ('6d7b62d8-7139-5fb5-a467-a697453191a4', 'a1c2f5e9-df18-5d9f-83db-7d30491b502d', 1, 'inexpensive; cheap (thing)');
INSERT INTO "vocabulary"."spelling" ("id", "vocabulary_id", "spelling_kind_code", "value") VALUES ('2afa5ae2-784b-57ee-b40c-9d3ff4351c45', 'a1c2f5e9-df18-5d9f-83db-7d30491b502d', 'KANJI', '安い');
INSERT INTO "vocabulary"."spelling" ("id", "vocabulary_id", "spelling_kind_code", "value") VALUES ('84661181-a2c3-519b-aef9-d3d1def382b7', 'a1c2f5e9-df18-5d9f-83db-7d30491b502d', 'HIRAGANA', 'やすい');
INSERT INTO "vocabulary"."spelling" ("id", "vocabulary_id", "spelling_kind_code", "value") VALUES ('9c8f3078-bf49-5f86-9877-02f9b6e94175', 'a1c2f5e9-df18-5d9f-83db-7d30491b502d', 'KANJI', '安い');
INSERT INTO "vocabulary"."conjugation_set" ("id", "vocabulary_id") VALUES ('1a9b46a8-485c-5266-95dd-254644d17f2b', 'a1c2f5e9-df18-5d9f-83db-7d30491b502d');
INSERT INTO "vocabulary"."linkages" ("vocabulary_id", "preferred_definition_id", "preferred_spelling_id", "phonetic_spelling_id", "alt_phonetic_spelling_id", "kanji_spelling_id", "conjugation_set_id") VALUES ('a1c2f5e9-df18-5d9f-83db-7d30491b502d', '6d7b62d8-7139-5fb5-a467-a697453191a4', '2afa5ae2-784b-57ee-b40c-9d3ff4351c45', '84661181-a2c3-519b-aef9-d3d1def382b7', NULL, '9c8f3078-bf49-5f86-9877-02f9b6e94175', '1a9b46a8-485c-5266-95dd-254644d17f2b');
INSERT INTO "vocabulary"."reference" ("vocabulary_id", "lesson_code") VALUES ('a1c2f5e9-df18-5d9f-83db-7d30491b502d', 'GENKI3_L05');
INSERT INTO "vocabulary"."conjugation" ("id", "conjugation_set_id", "politeness_code", "charge_code", "form_code", "sort_rank", "value") VALUES ('db90f4f9-dd28-5656-be1b-e8296b5bc36a', '1a9b46a8-485c-5266-95dd-254644d17f2b', 'PLAIN', 'POSITIVE', 'PRESENT', 1, '安い');
INSERT INTO "vocabulary"."conjugation" ("id", "conjugation_set_id", "politeness_code", "charge_code", "form_code", "sort_rank", "value") VALUES ('bdf2e73e-2f27-5cf4-aa2e-4421ae67402f', '1a9b46a8-485c-5266-95dd-254644d17f2b', 'PLAIN', 'POSITIVE', 'PAST', 1, '安かった');
INSERT INTO "vocabulary"."conjugation" ("id", "conjugation_set_id", "politeness_code", "charge_code", "form_code", "sort_rank", "value") VALUES ('69bb20a4-6297-50b8-92df-67aeff13e00d', '1a9b46a8-485c-5266-95dd-254644d17f2b', 'PLAIN', 'NEGATIVE', 'PRESENT', 1, '安くない');
INSERT INTO "vocabulary"."conjugation" ("id", "conjugation_set_id", "politeness_code", "charge_code", "form_code", "sort_rank", "value") VALUES ('98675fd5-3973-5498-a830-b3620ab74440', '1a9b46a8-485c-5266-95dd-254644d17f2b', 'PLAIN', 'NEGATIVE', 'PAST', 1, '安くなかった');
-- 嫌い | disgusted with; to dislike --;
INSERT INTO "vocabulary"."vocabulary" ("id", "word_class_code", "conjugation_kind_code", "jlpt_level", "row_num", "tags", "date_added") VALUES ('cad48907-4908-5de4-8ee7-0c78c98ab755', 'ADJECTIVE', 'NA_ADJECTIVE', 5, 471, '{}', '2022-09-07');
INSERT INTO "vocabulary"."definition" ("id", "vocabulary_id", "sort_rank", "value") VALUES ('75a7bfbf-e974-584b-8581-e0ac3c68ca7b', 'cad48907-4908-5de4-8ee7-0c78c98ab755', 1, 'disgusted with; to dislike');
INSERT INTO "vocabulary"."spelling" ("id", "vocabulary_id", "spelling_kind_code", "value") VALUES ('f35d4b48-598f-577e-92ee-752e2bbc5b58', 'cad48907-4908-5de4-8ee7-0c78c98ab755', 'KANJI', '嫌い');
INSERT INTO "vocabulary"."spelling" ("id", "vocabulary_id", "spelling_kind_code", "value") VALUES ('932eb9c2-a7eb-528d-90a3-4e07ee259ed5', 'cad48907-4908-5de4-8ee7-0c78c98ab755', 'HIRAGANA', 'きらい');
INSERT INTO "vocabulary"."spelling" ("id", "vocabulary_id", "spelling_kind_code", "value") VALUES ('f64ffcd6-ca2a-539e-a7e6-a829460e8f5f', 'cad48907-4908-5de4-8ee7-0c78c98ab755', 'KANJI', '嫌い');
INSERT INTO "vocabulary"."conjugation_set" ("id", "vocabulary_id") VALUES ('d8018d73-891e-531a-ad7e-edf23b08eb11', 'cad48907-4908-5de4-8ee7-0c78c98ab755');
INSERT INTO "vocabulary"."linkages" ("vocabulary_id", "preferred_definition_id", "preferred_spelling_id", "phonetic_spelling_id", "alt_phonetic_spelling_id", "kanji_spelling_id", "conjugation_set_id") VALUES ('cad48907-4908-5de4-8ee7-0c78c98ab755', '75a7bfbf-e974-584b-8581-e0ac3c68ca7b', 'f35d4b48-598f-577e-92ee-752e2bbc5b58', '932eb9c2-a7eb-528d-90a3-4e07ee259ed5', NULL, 'f64ffcd6-ca2a-539e-a7e6-a829460e8f5f', 'd8018d73-891e-531a-ad7e-edf23b08eb11');
INSERT INTO "vocabulary"."reference" ("vocabulary_id", "lesson_code") VALUES ('cad48907-4908-5de4-8ee7-0c78c98ab755', 'GENKI3_L05');
INSERT INTO "vocabulary"."conjugation" ("id", "conjugation_set_id", "politeness_code", "charge_code", "form_code", "sort_rank", "value") VALUES ('72c1b804-e1e7-51de-9ab6-12a07036130a', 'd8018d73-891e-531a-ad7e-edf23b08eb11', 'PLAIN', 'POSITIVE', 'PRESENT', 1, '嫌いだ');
INSERT INTO "vocabulary"."conjugation" ("id", "conjugation_set_id", "politeness_code", "charge_code", "form_code", "sort_rank", "value") VALUES ('01ece95d-45df-5389-b758-434e20cc3a1d', 'd8018d73-891e-531a-ad7e-edf23b08eb11', 'PLAIN', 'POSITIVE', 'PAST', 1, '嫌いだった');
INSERT INTO "vocabulary"."conjugation" ("id", "conjugation_set_id", "politeness_code", "charge_code", "form_code", "sort_rank", "value") VALUES ('13e6a306-edf7-5751-9253-c7f3658f1441', 'd8018d73-891e-531a-ad7e-edf23b08eb11', 'PLAIN', 'NEGATIVE', 'PRESENT', 1, '嫌いじゃない');
INSERT INTO "vocabulary"."conjugation" ("id", "conjugation_set_id", "politeness_code", "charge_code", "form_code", "sort_rank", "value") VALUES ('8157dff5-002b-5419-a570-364526c3704d', 'd8018d73-891e-531a-ad7e-edf23b08eb11', 'PLAIN', 'NEGATIVE', 'PAST', 1, '嫌いじゃなかった');
-- 大好き | very fond of; to love --;
INSERT INTO "vocabulary"."vocabulary" ("id", "word_class_code", "conjugation_kind_code", "jlpt_level", "row_num", "tags", "date_added") VALUES ('f12880cb-86c7-5720-8773-a1cdfbe838f7', 'ADJECTIVE', 'NA_ADJECTIVE', 5, 472, '{}', '2022-09-07');
INSERT INTO "vocabulary"."definition" ("id", "vocabulary_id", "sort_rank", "value") VALUES ('3be267a4-0533-5e8d-ad10-a79f55afa62d', 'f12880cb-86c7-5720-8773-a1cdfbe838f7', 1, 'very fond of; to love');
INSERT INTO "vocabulary"."spelling" ("id", "vocabulary_id", "spelling_kind_code", "value") VALUES ('8824be6d-d634-5f86-932a-2451e4e2282f', 'f12880cb-86c7-5720-8773-a1cdfbe838f7', 'KANJI', '大好き');
INSERT INTO "vocabulary"."spelling" ("id", "vocabulary_id", "spelling_kind_code", "value") VALUES ('40ce83ca-aea4-56c8-8c6e-80f0669fd3eb', 'f12880cb-86c7-5720-8773-a1cdfbe838f7', 'HIRAGANA', 'だいすき');
INSERT INTO "vocabulary"."spelling" ("id", "vocabulary_id", "spelling_kind_code", "value") VALUES ('943f40cf-7a55-509d-bb11-91881c8d0c22', 'f12880cb-86c7-5720-8773-a1cdfbe838f7', 'KANJI', '大好き');
INSERT INTO "vocabulary"."linkages" ("vocabulary_id", "preferred_definition_id", "preferred_spelling_id", "phonetic_spelling_id", "alt_phonetic_spelling_id", "kanji_spelling_id", "conjugation_set_id") VALUES ('f12880cb-86c7-5720-8773-a1cdfbe838f7', '3be267a4-0533-5e8d-ad10-a79f55afa62d', '8824be6d-d634-5f86-932a-2451e4e2282f', '40ce83ca-aea4-56c8-8c6e-80f0669fd3eb', NULL, '943f40cf-7a55-509d-bb11-91881c8d0c22', NULL);
INSERT INTO "vocabulary"."reference" ("vocabulary_id", "lesson_code") VALUES ('f12880cb-86c7-5720-8773-a1cdfbe838f7', 'GENKI3_L05');
-- 大嫌い | to hate --;
INSERT INTO "vocabulary"."vocabulary" ("id", "word_class_code", "conjugation_kind_code", "jlpt_level", "row_num", "tags", "date_added") VALUES ('f610a74c-6229-5d19-b214-c183c4a1d92b', 'ADJECTIVE', 'NA_ADJECTIVE', NULL, 473, '{}', '2022-09-07');
INSERT INTO "vocabulary"."definition" ("id", "vocabulary_id", "sort_rank", "value") VALUES ('0f50d433-f487-59fb-92ac-3df11ee88d0a', 'f610a74c-6229-5d19-b214-c183c4a1d92b', 1, 'to hate');
INSERT INTO "vocabulary"."spelling" ("id", "vocabulary_id", "spelling_kind_code", "value") VALUES ('00ed0d04-90ce-5261-8fbe-16b1434bb56a', 'f610a74c-6229-5d19-b214-c183c4a1d92b', 'KANJI', '大嫌い');
INSERT INTO "vocabulary"."spelling" ("id", "vocabulary_id", "spelling_kind_code", "value") VALUES ('2b23026e-c274-5b8e-87eb-41727ddcd0a1', 'f610a74c-6229-5d19-b214-c183c4a1d92b', 'HIRAGANA', 'だいきらい');
INSERT INTO "vocabulary"."spelling" ("id", "vocabulary_id", "spelling_kind_code", "value") VALUES ('7d1625c5-93c0-51b0-8281-0be7c4020ea0', 'f610a74c-6229-5d19-b214-c183c4a1d92b', 'KANJI', '大嫌い');
INSERT INTO "vocabulary"."linkages" ("vocabulary_id", "preferred_definition_id", "preferred_spelling_id", "phonetic_spelling_id", "alt_phonetic_spelling_id", "kanji_spelling_id", "conjugation_set_id") VALUES ('f610a74c-6229-5d19-b214-c183c4a1d92b', '0f50d433-f487-59fb-92ac-3df11ee88d0a', '00ed0d04-90ce-5261-8fbe-16b1434bb56a', '2b23026e-c274-5b8e-87eb-41727ddcd0a1', NULL, '7d1625c5-93c0-51b0-8281-0be7c4020ea0', NULL);
INSERT INTO "vocabulary"."reference" ("vocabulary_id", "lesson_code") VALUES ('f610a74c-6229-5d19-b214-c183c4a1d92b', 'GENKI3_L05');
-- 好きでも嫌いでもないです | neither like nor dislike it --;
INSERT INTO "vocabulary"."vocabulary" ("id", "word_class_code", "conjugation_kind_code", "jlpt_level", "row_num", "tags", "date_added") VALUES ('439064cf-bf88-40b4-91ae-12440a980aec', 'EXPRESSION', NULL, NULL, 474, '{}', '2022-11-12');
INSERT INTO "vocabulary"."definition" ("id", "vocabulary_id", "sort_rank", "value") VALUES ('85b59f57-679f-558e-bc39-6412db3119b2', '439064cf-bf88-40b4-91ae-12440a980aec', 1, 'neither like nor dislike it');
INSERT INTO "vocabulary"."spelling" ("id", "vocabulary_id", "spelling_kind_code", "value") VALUES ('8f783708-b042-5efc-804c-25bb6e380a6a', '439064cf-bf88-40b4-91ae-12440a980aec', 'KANJI', '好きでも嫌いでもないです');
INSERT INTO "vocabulary"."spelling" ("id", "vocabulary_id", "spelling_kind_code", "value") VALUES ('215a093d-cc9e-5a87-a471-791564395dea', '439064cf-bf88-40b4-91ae-12440a980aec', 'HIRAGANA', 'すきでもきらいでもないです');
INSERT INTO "vocabulary"."spelling" ("id", "vocabulary_id", "spelling_kind_code", "value") VALUES ('9c5f6db3-8fa5-5244-b322-1ba4fe0937e5', '439064cf-bf88-40b4-91ae-12440a980aec', 'KANJI', '好きでも嫌いでもないです');
INSERT INTO "vocabulary"."linkages" ("vocabulary_id", "preferred_definition_id", "preferred_spelling_id", "phonetic_spelling_id", "alt_phonetic_spelling_id", "kanji_spelling_id", "conjugation_set_id") VALUES ('439064cf-bf88-40b4-91ae-12440a980aec', '85b59f57-679f-558e-bc39-6412db3119b2', '8f783708-b042-5efc-804c-25bb6e380a6a', '215a093d-cc9e-5a87-a471-791564395dea', NULL, '9c5f6db3-8fa5-5244-b322-1ba4fe0937e5', NULL);
INSERT INTO "vocabulary"."reference" ("vocabulary_id", "lesson_code") VALUES ('439064cf-bf88-40b4-91ae-12440a980aec', 'GENKI3_L05');
-- きれい | beautiful; clean --;
INSERT INTO "vocabulary"."vocabulary" ("id", "word_class_code", "conjugation_kind_code", "jlpt_level", "row_num", "tags", "date_added") VALUES ('8218a74b-27ab-5310-80f8-8cca81609f73', 'ADJECTIVE', 'NA_ADJECTIVE', 5, 475, '{}', '2022-09-07');
INSERT INTO "vocabulary"."definition" ("id", "vocabulary_id", "sort_rank", "value") VALUES ('a8d20c09-e6e0-5c48-9e1c-22250fb3aaf5', '8218a74b-27ab-5310-80f8-8cca81609f73', 1, 'beautiful; clean');
INSERT INTO "vocabulary"."spelling" ("id", "vocabulary_id", "spelling_kind_code", "value") VALUES ('4709e1e3-1de4-5971-a6de-32284444cd98', '8218a74b-27ab-5310-80f8-8cca81609f73', 'HIRAGANA', 'きれい');
INSERT INTO "vocabulary"."spelling" ("id", "vocabulary_id", "spelling_kind_code", "value") VALUES ('715406d3-3a6a-5996-8750-9633e304db2a', '8218a74b-27ab-5310-80f8-8cca81609f73', 'HIRAGANA', 'きれい');
INSERT INTO "vocabulary"."conjugation_set" ("id", "vocabulary_id") VALUES ('2469ef2f-420d-5ab9-8bed-865844611f30', '8218a74b-27ab-5310-80f8-8cca81609f73');
INSERT INTO "vocabulary"."linkages" ("vocabulary_id", "preferred_definition_id", "preferred_spelling_id", "phonetic_spelling_id", "alt_phonetic_spelling_id", "kanji_spelling_id", "conjugation_set_id") VALUES ('8218a74b-27ab-5310-80f8-8cca81609f73', 'a8d20c09-e6e0-5c48-9e1c-22250fb3aaf5', '4709e1e3-1de4-5971-a6de-32284444cd98', '715406d3-3a6a-5996-8750-9633e304db2a', NULL, NULL, '2469ef2f-420d-5ab9-8bed-865844611f30');
INSERT INTO "vocabulary"."reference" ("vocabulary_id", "lesson_code") VALUES ('8218a74b-27ab-5310-80f8-8cca81609f73', 'GENKI3_L05');
INSERT INTO "vocabulary"."conjugation" ("id", "conjugation_set_id", "politeness_code", "charge_code", "form_code", "sort_rank", "value") VALUES ('4ab77719-f3ec-5acd-bf14-3abc7e5bc382', '2469ef2f-420d-5ab9-8bed-865844611f30', 'PLAIN', 'POSITIVE', 'PRESENT', 1, 'きれいだ');
INSERT INTO "vocabulary"."conjugation" ("id", "conjugation_set_id", "politeness_code", "charge_code", "form_code", "sort_rank", "value") VALUES ('2868c215-b4c3-5d4c-9f96-f41a52995ce4', '2469ef2f-420d-5ab9-8bed-865844611f30', 'PLAIN', 'POSITIVE', 'PAST', 1, 'きれいだった');
INSERT INTO "vocabulary"."conjugation" ("id", "conjugation_set_id", "politeness_code", "charge_code", "form_code", "sort_rank", "value") VALUES ('2419c38f-38d6-52e6-891a-194df56867b4', '2469ef2f-420d-5ab9-8bed-865844611f30', 'PLAIN', 'NEGATIVE', 'PRESENT', 1, 'きれいじゃない');
INSERT INTO "vocabulary"."conjugation" ("id", "conjugation_set_id", "politeness_code", "charge_code", "form_code", "sort_rank", "value") VALUES ('db8c46c8-759d-54d2-8fd9-28795cc9b97f', '2469ef2f-420d-5ab9-8bed-865844611f30', 'PLAIN', 'NEGATIVE', 'PAST', 1, 'きれいじゃなかった');
-- 静か | quiet --;
INSERT INTO "vocabulary"."vocabulary" ("id", "word_class_code", "conjugation_kind_code", "jlpt_level", "row_num", "tags", "date_added") VALUES ('489610bc-c907-5de6-a0e7-acbeba740f3d', 'ADJECTIVE', 'NA_ADJECTIVE', 5, 476, '{}', '2022-09-07');
INSERT INTO "vocabulary"."definition" ("id", "vocabulary_id", "sort_rank", "value") VALUES ('cc4e7902-90a8-5d4f-9659-1a8ced88f1f1', '489610bc-c907-5de6-a0e7-acbeba740f3d', 1, 'quiet');
INSERT INTO "vocabulary"."spelling" ("id", "vocabulary_id", "spelling_kind_code", "value") VALUES ('fba039fa-0e5f-59c0-bea2-c7d5ed58a87e', '489610bc-c907-5de6-a0e7-acbeba740f3d', 'KANJI', '静か');
INSERT INTO "vocabulary"."spelling" ("id", "vocabulary_id", "spelling_kind_code", "value") VALUES ('68948d1e-0ebb-562a-89a3-26562b6b2bd2', '489610bc-c907-5de6-a0e7-acbeba740f3d', 'HIRAGANA', 'しずか');
INSERT INTO "vocabulary"."spelling" ("id", "vocabulary_id", "spelling_kind_code", "value") VALUES ('8fe60c2b-9dc5-5893-9ca1-f1dcc155ac65', '489610bc-c907-5de6-a0e7-acbeba740f3d', 'KANJI', '静か');
INSERT INTO "vocabulary"."conjugation_set" ("id", "vocabulary_id") VALUES ('a3f00c60-5aad-53a5-8a4e-48cd1cf814ca', '489610bc-c907-5de6-a0e7-acbeba740f3d');
INSERT INTO "vocabulary"."linkages" ("vocabulary_id", "preferred_definition_id", "preferred_spelling_id", "phonetic_spelling_id", "alt_phonetic_spelling_id", "kanji_spelling_id", "conjugation_set_id") VALUES ('489610bc-c907-5de6-a0e7-acbeba740f3d', 'cc4e7902-90a8-5d4f-9659-1a8ced88f1f1', 'fba039fa-0e5f-59c0-bea2-c7d5ed58a87e', '68948d1e-0ebb-562a-89a3-26562b6b2bd2', NULL, '8fe60c2b-9dc5-5893-9ca1-f1dcc155ac65', 'a3f00c60-5aad-53a5-8a4e-48cd1cf814ca');
INSERT INTO "vocabulary"."reference" ("vocabulary_id", "lesson_code") VALUES ('489610bc-c907-5de6-a0e7-acbeba740f3d', 'GENKI3_L05');
INSERT INTO "vocabulary"."conjugation" ("id", "conjugation_set_id", "politeness_code", "charge_code", "form_code", "sort_rank", "value") VALUES ('e328e8e1-0b05-524a-8e2a-217018fd863b', 'a3f00c60-5aad-53a5-8a4e-48cd1cf814ca', 'PLAIN', 'POSITIVE', 'PRESENT', 1, '静かだ');
INSERT INTO "vocabulary"."conjugation" ("id", "conjugation_set_id", "politeness_code", "charge_code", "form_code", "sort_rank", "value") VALUES ('872bd105-b546-5d0c-880c-e19c0f31b5d5', 'a3f00c60-5aad-53a5-8a4e-48cd1cf814ca', 'PLAIN', 'POSITIVE', 'PAST', 1, '静かだった');
INSERT INTO "vocabulary"."conjugation" ("id", "conjugation_set_id", "politeness_code", "charge_code", "form_code", "sort_rank", "value") VALUES ('3481e786-6c61-5dd2-9b8f-73cb8576712f', 'a3f00c60-5aad-53a5-8a4e-48cd1cf814ca', 'PLAIN', 'NEGATIVE', 'PRESENT', 1, '静かじゃない');
INSERT INTO "vocabulary"."conjugation" ("id", "conjugation_set_id", "politeness_code", "charge_code", "form_code", "sort_rank", "value") VALUES ('9389be4e-0688-5318-8209-0f61d40a98af', 'a3f00c60-5aad-53a5-8a4e-48cd1cf814ca', 'PLAIN', 'NEGATIVE', 'PAST', 1, '静かじゃなかった');
-- 賑やか | lively --;
INSERT INTO "vocabulary"."vocabulary" ("id", "word_class_code", "conjugation_kind_code", "jlpt_level", "row_num", "tags", "date_added") VALUES ('96e3bcd4-e542-5d84-8576-c33f94149bc8', 'ADJECTIVE', 'NA_ADJECTIVE', 5, 477, '{}', '2022-09-07');
INSERT INTO "vocabulary"."definition" ("id", "vocabulary_id", "sort_rank", "value") VALUES ('7d1daf6d-03e6-5bce-9cd0-3e5979d587dc', '96e3bcd4-e542-5d84-8576-c33f94149bc8', 1, 'lively');
INSERT INTO "vocabulary"."spelling" ("id", "vocabulary_id", "spelling_kind_code", "value") VALUES ('399e6faa-b89b-5f08-98d6-ec4351ef277e', '96e3bcd4-e542-5d84-8576-c33f94149bc8', 'KANJI', '賑やか');
INSERT INTO "vocabulary"."spelling" ("id", "vocabulary_id", "spelling_kind_code", "value") VALUES ('4535542e-fa30-5cb2-b466-fd3b82e296ad', '96e3bcd4-e542-5d84-8576-c33f94149bc8', 'HIRAGANA', 'にぎやか');
INSERT INTO "vocabulary"."spelling" ("id", "vocabulary_id", "spelling_kind_code", "value") VALUES ('2d32d26d-0780-516c-a83a-c02543653108', '96e3bcd4-e542-5d84-8576-c33f94149bc8', 'KANJI', '賑やか');
INSERT INTO "vocabulary"."conjugation_set" ("id", "vocabulary_id") VALUES ('1d279476-77e8-5b82-973c-6629ea540cd3', '96e3bcd4-e542-5d84-8576-c33f94149bc8');
INSERT INTO "vocabulary"."linkages" ("vocabulary_id", "preferred_definition_id", "preferred_spelling_id", "phonetic_spelling_id", "alt_phonetic_spelling_id", "kanji_spelling_id", "conjugation_set_id") VALUES ('96e3bcd4-e542-5d84-8576-c33f94149bc8', '7d1daf6d-03e6-5bce-9cd0-3e5979d587dc', '399e6faa-b89b-5f08-98d6-ec4351ef277e', '4535542e-fa30-5cb2-b466-fd3b82e296ad', NULL, '2d32d26d-0780-516c-a83a-c02543653108', '1d279476-77e8-5b82-973c-6629ea540cd3');
INSERT INTO "vocabulary"."reference" ("vocabulary_id", "lesson_code") VALUES ('96e3bcd4-e542-5d84-8576-c33f94149bc8', 'GENKI3_L05');
INSERT INTO "vocabulary"."conjugation" ("id", "conjugation_set_id", "politeness_code", "charge_code", "form_code", "sort_rank", "value") VALUES ('003458b5-6ab1-5dca-bc35-1187250e3753', '1d279476-77e8-5b82-973c-6629ea540cd3', 'PLAIN', 'POSITIVE', 'PRESENT', 1, '賑やかだ');
INSERT INTO "vocabulary"."conjugation" ("id", "conjugation_set_id", "politeness_code", "charge_code", "form_code", "sort_rank", "value") VALUES ('14e724b2-da7f-51a8-a1a4-799c71158912', '1d279476-77e8-5b82-973c-6629ea540cd3', 'PLAIN', 'POSITIVE', 'PAST', 1, '賑やかだった');
INSERT INTO "vocabulary"."conjugation" ("id", "conjugation_set_id", "politeness_code", "charge_code", "form_code", "sort_rank", "value") VALUES ('14f6ce25-f7fd-55ba-b55e-7364ce116e0d', '1d279476-77e8-5b82-973c-6629ea540cd3', 'PLAIN', 'NEGATIVE', 'PRESENT', 1, '賑やかじゃない');
INSERT INTO "vocabulary"."conjugation" ("id", "conjugation_set_id", "politeness_code", "charge_code", "form_code", "sort_rank", "value") VALUES ('0b572283-23cc-52da-a1fb-898ae3e2dd46', '1d279476-77e8-5b82-973c-6629ea540cd3', 'PLAIN', 'NEGATIVE', 'PAST', 1, '賑やかじゃなかった');
-- 暇 | not busy; free (time) --;
INSERT INTO "vocabulary"."vocabulary" ("id", "word_class_code", "conjugation_kind_code", "jlpt_level", "row_num", "tags", "date_added") VALUES ('585dccbc-01ad-5691-95c0-a5d402db619d', 'ADJECTIVE', 'NA_ADJECTIVE', 5, 478, '{}', '2022-09-07');
INSERT INTO "vocabulary"."definition" ("id", "vocabulary_id", "sort_rank", "value") VALUES ('9d1e7618-5397-5921-876d-70b04f8f4f72', '585dccbc-01ad-5691-95c0-a5d402db619d', 1, 'not busy; free (time)');
INSERT INTO "vocabulary"."spelling" ("id", "vocabulary_id", "spelling_kind_code", "value") VALUES ('7b5f5196-8633-5a4a-a159-5488ae20fffa', '585dccbc-01ad-5691-95c0-a5d402db619d', 'KANJI', '暇');
INSERT INTO "vocabulary"."spelling" ("id", "vocabulary_id", "spelling_kind_code", "value") VALUES ('0fd5280a-1bcd-50b0-8e6c-5a0e6e96197f', '585dccbc-01ad-5691-95c0-a5d402db619d', 'HIRAGANA', 'ひま');
INSERT INTO "vocabulary"."spelling" ("id", "vocabulary_id", "spelling_kind_code", "value") VALUES ('844af039-68b9-5a92-a448-0603d26a607c', '585dccbc-01ad-5691-95c0-a5d402db619d', 'KANJI', '暇');
INSERT INTO "vocabulary"."conjugation_set" ("id", "vocabulary_id") VALUES ('803f9e95-85e6-5ac1-a7a4-f4ff19cf559b', '585dccbc-01ad-5691-95c0-a5d402db619d');
INSERT INTO "vocabulary"."linkages" ("vocabulary_id", "preferred_definition_id", "preferred_spelling_id", "phonetic_spelling_id", "alt_phonetic_spelling_id", "kanji_spelling_id", "conjugation_set_id") VALUES ('585dccbc-01ad-5691-95c0-a5d402db619d', '9d1e7618-5397-5921-876d-70b04f8f4f72', '7b5f5196-8633-5a4a-a159-5488ae20fffa', '0fd5280a-1bcd-50b0-8e6c-5a0e6e96197f', NULL, '844af039-68b9-5a92-a448-0603d26a607c', '803f9e95-85e6-5ac1-a7a4-f4ff19cf559b');
INSERT INTO "vocabulary"."reference" ("vocabulary_id", "lesson_code") VALUES ('585dccbc-01ad-5691-95c0-a5d402db619d', 'GENKI3_L05');
INSERT INTO "vocabulary"."conjugation" ("id", "conjugation_set_id", "politeness_code", "charge_code", "form_code", "sort_rank", "value") VALUES ('b0fd8758-7dfc-5b02-9e3b-f23df3320fe4', '803f9e95-85e6-5ac1-a7a4-f4ff19cf559b', 'PLAIN', 'POSITIVE', 'PRESENT', 1, '暇だ');
INSERT INTO "vocabulary"."conjugation" ("id", "conjugation_set_id", "politeness_code", "charge_code", "form_code", "sort_rank", "value") VALUES ('9dfd34bb-26c7-5242-b662-c1937bf1000e', '803f9e95-85e6-5ac1-a7a4-f4ff19cf559b', 'PLAIN', 'POSITIVE', 'PAST', 1, '暇だった');
INSERT INTO "vocabulary"."conjugation" ("id", "conjugation_set_id", "politeness_code", "charge_code", "form_code", "sort_rank", "value") VALUES ('c6d231e4-531a-50bd-8d18-8a5212fb6e91', '803f9e95-85e6-5ac1-a7a4-f4ff19cf559b', 'PLAIN', 'NEGATIVE', 'PRESENT', 1, '暇じゃない');
INSERT INTO "vocabulary"."conjugation" ("id", "conjugation_set_id", "politeness_code", "charge_code", "form_code", "sort_rank", "value") VALUES ('b7ad45d6-610c-5e23-9729-dd4209b376b6', '803f9e95-85e6-5ac1-a7a4-f4ff19cf559b', 'PLAIN', 'NEGATIVE', 'PAST', 1, '暇じゃなかった');
-- 泳ぐ | to swim --;
INSERT INTO "vocabulary"."vocabulary" ("id", "word_class_code", "conjugation_kind_code", "jlpt_level", "row_num", "tags", "date_added") VALUES ('4ae77db0-2b66-543a-8d78-8e51c4cb0676', 'VERB', 'GODAN_VERB', 5, 479, '{}', '2022-09-07');
INSERT INTO "vocabulary"."definition" ("id", "vocabulary_id", "sort_rank", "value") VALUES ('da77a880-3b32-5bae-9fa8-48447e355d6d', '4ae77db0-2b66-543a-8d78-8e51c4cb0676', 1, 'to swim');
INSERT INTO "vocabulary"."spelling" ("id", "vocabulary_id", "spelling_kind_code", "value") VALUES ('7602566a-6e83-5472-96fc-a97c9fd7a230', '4ae77db0-2b66-543a-8d78-8e51c4cb0676', 'KANJI', '泳ぐ');
INSERT INTO "vocabulary"."spelling" ("id", "vocabulary_id", "spelling_kind_code", "value") VALUES ('d28df90a-8628-5485-8e22-0b916531cbab', '4ae77db0-2b66-543a-8d78-8e51c4cb0676', 'HIRAGANA', 'およぐ');
INSERT INTO "vocabulary"."spelling" ("id", "vocabulary_id", "spelling_kind_code", "value") VALUES ('57ab0f48-1fd0-572c-aaa6-7786c148def1', '4ae77db0-2b66-543a-8d78-8e51c4cb0676', 'KANJI', '泳ぐ');
INSERT INTO "vocabulary"."conjugation_set" ("id", "vocabulary_id") VALUES ('312ae1d2-fdce-512f-afdd-550f466efd57', '4ae77db0-2b66-543a-8d78-8e51c4cb0676');
INSERT INTO "vocabulary"."linkages" ("vocabulary_id", "preferred_definition_id", "preferred_spelling_id", "phonetic_spelling_id", "alt_phonetic_spelling_id", "kanji_spelling_id", "conjugation_set_id") VALUES ('4ae77db0-2b66-543a-8d78-8e51c4cb0676', 'da77a880-3b32-5bae-9fa8-48447e355d6d', '7602566a-6e83-5472-96fc-a97c9fd7a230', 'd28df90a-8628-5485-8e22-0b916531cbab', NULL, '57ab0f48-1fd0-572c-aaa6-7786c148def1', '312ae1d2-fdce-512f-afdd-550f466efd57');
INSERT INTO "vocabulary"."reference" ("vocabulary_id", "lesson_code") VALUES ('4ae77db0-2b66-543a-8d78-8e51c4cb0676', 'GENKI3_L05');
INSERT INTO "vocabulary"."conjugation" ("id", "conjugation_set_id", "politeness_code", "charge_code", "form_code", "sort_rank", "value") VALUES ('a2207da7-81f7-5f26-9137-3d0c381805a2', '312ae1d2-fdce-512f-afdd-550f466efd57', 'PLAIN', 'POSITIVE', 'PRESENT', 1, '泳ぐ');
INSERT INTO "vocabulary"."conjugation" ("id", "conjugation_set_id", "politeness_code", "charge_code", "form_code", "sort_rank", "value") VALUES ('53a89144-b527-568a-b73a-409efafdff7f', '312ae1d2-fdce-512f-afdd-550f466efd57', 'PLAIN', 'POSITIVE', 'PAST', 1, '泳いだ');
INSERT INTO "vocabulary"."conjugation" ("id", "conjugation_set_id", "politeness_code", "charge_code", "form_code", "sort_rank", "value") VALUES ('abd9ffe2-7f3f-5420-80af-86ad19cd18a0', '312ae1d2-fdce-512f-afdd-550f466efd57', 'PLAIN', 'POSITIVE', 'TE', 1, '泳いで');
INSERT INTO "vocabulary"."conjugation" ("id", "conjugation_set_id", "politeness_code", "charge_code", "form_code", "sort_rank", "value") VALUES ('d073cac2-cebe-5b87-96b2-6e51562ece7e', '312ae1d2-fdce-512f-afdd-550f466efd57', 'PLAIN', 'NEGATIVE', 'PRESENT', 1, '泳がない');
INSERT INTO "vocabulary"."conjugation" ("id", "conjugation_set_id", "politeness_code", "charge_code", "form_code", "sort_rank", "value") VALUES ('a0780535-7982-5114-aa9b-e899cf81b037', '312ae1d2-fdce-512f-afdd-550f466efd57', 'PLAIN', 'NEGATIVE', 'PAST', 1, '泳がなかった');
INSERT INTO "vocabulary"."conjugation" ("id", "conjugation_set_id", "politeness_code", "charge_code", "form_code", "sort_rank", "value") VALUES ('fcc632dc-15da-5e08-9943-fd66ad50dfa2', '312ae1d2-fdce-512f-afdd-550f466efd57', 'PLAIN', 'NEGATIVE', 'TE', 1, '泳がなくて');
INSERT INTO "vocabulary"."conjugation" ("id", "conjugation_set_id", "politeness_code", "charge_code", "form_code", "sort_rank", "value") VALUES ('4cb442e8-34c2-58f1-8ffb-7633d1a2ac11', '312ae1d2-fdce-512f-afdd-550f466efd57', 'POLITE', 'POSITIVE', 'PRESENT', 1, '泳ぎます');
INSERT INTO "vocabulary"."conjugation" ("id", "conjugation_set_id", "politeness_code", "charge_code", "form_code", "sort_rank", "value") VALUES ('636eb94b-ef10-5a51-aff5-3c1b9f5cbd89', '312ae1d2-fdce-512f-afdd-550f466efd57', 'POLITE', 'POSITIVE', 'PAST', 1, '泳ぎました');
INSERT INTO "vocabulary"."conjugation" ("id", "conjugation_set_id", "politeness_code", "charge_code", "form_code", "sort_rank", "value") VALUES ('e01b6398-6ac3-5d6a-bd01-3432e3abbcf8', '312ae1d2-fdce-512f-afdd-550f466efd57', 'POLITE', 'NEGATIVE', 'PRESENT', 1, '泳ぎません');
INSERT INTO "vocabulary"."conjugation" ("id", "conjugation_set_id", "politeness_code", "charge_code", "form_code", "sort_rank", "value") VALUES ('2a13dfc7-3af7-5c65-b965-1d5062ce9080', '312ae1d2-fdce-512f-afdd-550f466efd57', 'POLITE', 'NEGATIVE', 'PAST', 1, '泳ぎませんでした');
-- 乗る | to ride; to board --;
INSERT INTO "vocabulary"."vocabulary" ("id", "word_class_code", "conjugation_kind_code", "jlpt_level", "row_num", "tags", "date_added") VALUES ('2bcd828d-02d9-5834-8e4e-2a9fdecb800f', 'VERB', 'GODAN_VERB', 5, 480, '{}', '2022-09-07');
INSERT INTO "vocabulary"."definition" ("id", "vocabulary_id", "sort_rank", "value") VALUES ('08ca2bf8-f930-58c6-af57-9546a16dc155', '2bcd828d-02d9-5834-8e4e-2a9fdecb800f', 1, 'to ride; to board');
INSERT INTO "vocabulary"."spelling" ("id", "vocabulary_id", "spelling_kind_code", "value") VALUES ('ad9bc402-8e88-591e-958a-96b89f82ea64', '2bcd828d-02d9-5834-8e4e-2a9fdecb800f', 'KANJI', '乗る');
INSERT INTO "vocabulary"."spelling" ("id", "vocabulary_id", "spelling_kind_code", "value") VALUES ('c05faef0-791d-5950-b07f-bcf1eab5326b', '2bcd828d-02d9-5834-8e4e-2a9fdecb800f', 'HIRAGANA', 'のる');
INSERT INTO "vocabulary"."spelling" ("id", "vocabulary_id", "spelling_kind_code", "value") VALUES ('61937c68-7beb-5ae6-842e-d4ea8cb7ba9f', '2bcd828d-02d9-5834-8e4e-2a9fdecb800f', 'KANJI', '乗る');
INSERT INTO "vocabulary"."conjugation_set" ("id", "vocabulary_id") VALUES ('4702358b-5f2f-5334-a9d0-de70f0661a44', '2bcd828d-02d9-5834-8e4e-2a9fdecb800f');
INSERT INTO "vocabulary"."linkages" ("vocabulary_id", "preferred_definition_id", "preferred_spelling_id", "phonetic_spelling_id", "alt_phonetic_spelling_id", "kanji_spelling_id", "conjugation_set_id") VALUES ('2bcd828d-02d9-5834-8e4e-2a9fdecb800f', '08ca2bf8-f930-58c6-af57-9546a16dc155', 'ad9bc402-8e88-591e-958a-96b89f82ea64', 'c05faef0-791d-5950-b07f-bcf1eab5326b', NULL, '61937c68-7beb-5ae6-842e-d4ea8cb7ba9f', '4702358b-5f2f-5334-a9d0-de70f0661a44');
INSERT INTO "vocabulary"."reference" ("vocabulary_id", "lesson_code") VALUES ('2bcd828d-02d9-5834-8e4e-2a9fdecb800f', 'GENKI3_L05');
INSERT INTO "vocabulary"."conjugation" ("id", "conjugation_set_id", "politeness_code", "charge_code", "form_code", "sort_rank", "value") VALUES ('a67ce40f-c96d-5c17-b435-5a1af4a764d6', '4702358b-5f2f-5334-a9d0-de70f0661a44', 'PLAIN', 'POSITIVE', 'PRESENT', 1, '乗る');
INSERT INTO "vocabulary"."conjugation" ("id", "conjugation_set_id", "politeness_code", "charge_code", "form_code", "sort_rank", "value") VALUES ('688dc3c7-5de6-55a8-8dfc-814ae584af5a', '4702358b-5f2f-5334-a9d0-de70f0661a44', 'PLAIN', 'POSITIVE', 'PAST', 1, '乗った');
INSERT INTO "vocabulary"."conjugation" ("id", "conjugation_set_id", "politeness_code", "charge_code", "form_code", "sort_rank", "value") VALUES ('8bc334da-e3fa-5064-8290-4648e8f69b0f', '4702358b-5f2f-5334-a9d0-de70f0661a44', 'PLAIN', 'POSITIVE', 'TE', 1, '乗って');
INSERT INTO "vocabulary"."conjugation" ("id", "conjugation_set_id", "politeness_code", "charge_code", "form_code", "sort_rank", "value") VALUES ('99317d01-82f8-5a15-9bc1-87cf5860c511', '4702358b-5f2f-5334-a9d0-de70f0661a44', 'PLAIN', 'NEGATIVE', 'PRESENT', 1, '乗らない');
INSERT INTO "vocabulary"."conjugation" ("id", "conjugation_set_id", "politeness_code", "charge_code", "form_code", "sort_rank", "value") VALUES ('8a155473-c69c-5eb8-9152-2cc8541f0326', '4702358b-5f2f-5334-a9d0-de70f0661a44', 'PLAIN', 'NEGATIVE', 'PAST', 1, '乗らなかった');
INSERT INTO "vocabulary"."conjugation" ("id", "conjugation_set_id", "politeness_code", "charge_code", "form_code", "sort_rank", "value") VALUES ('c1464518-68a5-51b6-a0b4-c8e5c7d9568a', '4702358b-5f2f-5334-a9d0-de70f0661a44', 'PLAIN', 'NEGATIVE', 'TE', 1, '乗らなくて');
INSERT INTO "vocabulary"."conjugation" ("id", "conjugation_set_id", "politeness_code", "charge_code", "form_code", "sort_rank", "value") VALUES ('b8170dd4-8f9c-5626-b4cd-02d60b7570ca', '4702358b-5f2f-5334-a9d0-de70f0661a44', 'POLITE', 'POSITIVE', 'PRESENT', 1, '乗ります');
INSERT INTO "vocabulary"."conjugation" ("id", "conjugation_set_id", "politeness_code", "charge_code", "form_code", "sort_rank", "value") VALUES ('185bb8b8-c78d-55a4-b9ae-63765488afea', '4702358b-5f2f-5334-a9d0-de70f0661a44', 'POLITE', 'POSITIVE', 'PAST', 1, '乗りました');
INSERT INTO "vocabulary"."conjugation" ("id", "conjugation_set_id", "politeness_code", "charge_code", "form_code", "sort_rank", "value") VALUES ('2829e6aa-52e9-5596-98e9-67d9b9884afa', '4702358b-5f2f-5334-a9d0-de70f0661a44', 'POLITE', 'NEGATIVE', 'PRESENT', 1, '乗りません');
INSERT INTO "vocabulary"."conjugation" ("id", "conjugation_set_id", "politeness_code", "charge_code", "form_code", "sort_rank", "value") VALUES ('b6d0223d-ba51-5300-8cdb-138d61999e84', '4702358b-5f2f-5334-a9d0-de70f0661a44', 'POLITE', 'NEGATIVE', 'PAST', 1, '乗りませんでした');
-- やる | to do; to perform; to play (a game) --;
INSERT INTO "vocabulary"."vocabulary" ("id", "word_class_code", "conjugation_kind_code", "jlpt_level", "row_num", "tags", "date_added") VALUES ('43056e9d-b789-5d3b-ae22-ccd5feca4e1a', 'VERB', 'GODAN_VERB', 1, 481, '{}', '2022-09-07');
INSERT INTO "vocabulary"."definition" ("id", "vocabulary_id", "sort_rank", "value") VALUES ('5d66276e-2cbc-5e71-80de-84802eda13ef', '43056e9d-b789-5d3b-ae22-ccd5feca4e1a', 1, 'to do; to perform; to play (a game)');
INSERT INTO "vocabulary"."spelling" ("id", "vocabulary_id", "spelling_kind_code", "value") VALUES ('f2e4cb84-6882-56f5-83dc-c933d89d1b5d', '43056e9d-b789-5d3b-ae22-ccd5feca4e1a', 'HIRAGANA', 'やる');
INSERT INTO "vocabulary"."spelling" ("id", "vocabulary_id", "spelling_kind_code", "value") VALUES ('f58eb129-cab6-5309-a09c-c4cc8cfa3ab1', '43056e9d-b789-5d3b-ae22-ccd5feca4e1a', 'HIRAGANA', 'やる');
INSERT INTO "vocabulary"."conjugation_set" ("id", "vocabulary_id") VALUES ('a065c642-2034-5bfe-ada5-89fedff590d7', '43056e9d-b789-5d3b-ae22-ccd5feca4e1a');
INSERT INTO "vocabulary"."linkages" ("vocabulary_id", "preferred_definition_id", "preferred_spelling_id", "phonetic_spelling_id", "alt_phonetic_spelling_id", "kanji_spelling_id", "conjugation_set_id") VALUES ('43056e9d-b789-5d3b-ae22-ccd5feca4e1a', '5d66276e-2cbc-5e71-80de-84802eda13ef', 'f2e4cb84-6882-56f5-83dc-c933d89d1b5d', 'f58eb129-cab6-5309-a09c-c4cc8cfa3ab1', NULL, NULL, 'a065c642-2034-5bfe-ada5-89fedff590d7');
INSERT INTO "vocabulary"."reference" ("vocabulary_id", "lesson_code") VALUES ('43056e9d-b789-5d3b-ae22-ccd5feca4e1a', 'GENKI3_L05');
INSERT INTO "vocabulary"."conjugation" ("id", "conjugation_set_id", "politeness_code", "charge_code", "form_code", "sort_rank", "value") VALUES ('67a94876-f3bf-5774-9eed-992c3b3afbe8', 'a065c642-2034-5bfe-ada5-89fedff590d7', 'PLAIN', 'POSITIVE', 'PRESENT', 1, 'やる');
INSERT INTO "vocabulary"."conjugation" ("id", "conjugation_set_id", "politeness_code", "charge_code", "form_code", "sort_rank", "value") VALUES ('3a741f1a-80d7-50e0-bfa7-e6485873ae25', 'a065c642-2034-5bfe-ada5-89fedff590d7', 'PLAIN', 'POSITIVE', 'PAST', 1, 'やった');
INSERT INTO "vocabulary"."conjugation" ("id", "conjugation_set_id", "politeness_code", "charge_code", "form_code", "sort_rank", "value") VALUES ('a5d5adc6-56e8-541a-874d-e44e74353861', 'a065c642-2034-5bfe-ada5-89fedff590d7', 'PLAIN', 'POSITIVE', 'TE', 1, 'やって');
INSERT INTO "vocabulary"."conjugation" ("id", "conjugation_set_id", "politeness_code", "charge_code", "form_code", "sort_rank", "value") VALUES ('94e1842a-a9ad-5b0e-9fac-88ba8fb5dd1b', 'a065c642-2034-5bfe-ada5-89fedff590d7', 'PLAIN', 'NEGATIVE', 'PRESENT', 1, 'やらない');
INSERT INTO "vocabulary"."conjugation" ("id", "conjugation_set_id", "politeness_code", "charge_code", "form_code", "sort_rank", "value") VALUES ('32424109-a02c-5e46-b60f-b55ee926485c', 'a065c642-2034-5bfe-ada5-89fedff590d7', 'PLAIN', 'NEGATIVE', 'PAST', 1, 'やらなかった');
INSERT INTO "vocabulary"."conjugation" ("id", "conjugation_set_id", "politeness_code", "charge_code", "form_code", "sort_rank", "value") VALUES ('ad903f37-3d9a-583d-8f4a-9405b6d42ce6', 'a065c642-2034-5bfe-ada5-89fedff590d7', 'PLAIN', 'NEGATIVE', 'TE', 1, 'やらなくて');
INSERT INTO "vocabulary"."conjugation" ("id", "conjugation_set_id", "politeness_code", "charge_code", "form_code", "sort_rank", "value") VALUES ('ef0079bd-f2bf-5dec-b8e5-68eb81f68390', 'a065c642-2034-5bfe-ada5-89fedff590d7', 'POLITE', 'POSITIVE', 'PRESENT', 1, 'やります');
INSERT INTO "vocabulary"."conjugation" ("id", "conjugation_set_id", "politeness_code", "charge_code", "form_code", "sort_rank", "value") VALUES ('e93d15b0-1afb-5b31-9236-f7b04a79d7a4', 'a065c642-2034-5bfe-ada5-89fedff590d7', 'POLITE', 'POSITIVE', 'PAST', 1, 'やりました');
INSERT INTO "vocabulary"."conjugation" ("id", "conjugation_set_id", "politeness_code", "charge_code", "form_code", "sort_rank", "value") VALUES ('aa06f3c9-47b6-5163-a5fc-8f8774eea40d', 'a065c642-2034-5bfe-ada5-89fedff590d7', 'POLITE', 'NEGATIVE', 'PRESENT', 1, 'やりません');
INSERT INTO "vocabulary"."conjugation" ("id", "conjugation_set_id", "politeness_code", "charge_code", "form_code", "sort_rank", "value") VALUES ('cf72d968-7f2a-507f-865c-1360745b8d30', 'a065c642-2034-5bfe-ada5-89fedff590d7', 'POLITE', 'NEGATIVE', 'PAST', 1, 'やりませんでした');
-- 出かける | to go out --;
INSERT INTO "vocabulary"."vocabulary" ("id", "word_class_code", "conjugation_kind_code", "jlpt_level", "row_num", "tags", "date_added") VALUES ('87f65ff6-cc11-5ed3-ae0f-91cd20cf2c32', 'VERB', 'ICHIDAN_VERB', 5, 482, '{}', '2022-09-07');
INSERT INTO "vocabulary"."definition" ("id", "vocabulary_id", "sort_rank", "value") VALUES ('2f777200-5809-58f8-b131-6f841c55b7ba', '87f65ff6-cc11-5ed3-ae0f-91cd20cf2c32', 1, 'to go out');
INSERT INTO "vocabulary"."spelling" ("id", "vocabulary_id", "spelling_kind_code", "value") VALUES ('641ecc5a-de3c-5d03-a00e-7202d42398cc', '87f65ff6-cc11-5ed3-ae0f-91cd20cf2c32', 'KANJI', '出かける');
INSERT INTO "vocabulary"."spelling" ("id", "vocabulary_id", "spelling_kind_code", "value") VALUES ('112aa9a3-c4f2-5e58-9a3e-e0b961b10759', '87f65ff6-cc11-5ed3-ae0f-91cd20cf2c32', 'HIRAGANA', 'でかける');
INSERT INTO "vocabulary"."spelling" ("id", "vocabulary_id", "spelling_kind_code", "value") VALUES ('e4f89da5-571e-558d-8089-c417ce9ed17d', '87f65ff6-cc11-5ed3-ae0f-91cd20cf2c32', 'KANJI', '出かける');
INSERT INTO "vocabulary"."conjugation_set" ("id", "vocabulary_id") VALUES ('1a3c8236-c34e-5a98-8565-4108d7bedb6c', '87f65ff6-cc11-5ed3-ae0f-91cd20cf2c32');
INSERT INTO "vocabulary"."linkages" ("vocabulary_id", "preferred_definition_id", "preferred_spelling_id", "phonetic_spelling_id", "alt_phonetic_spelling_id", "kanji_spelling_id", "conjugation_set_id") VALUES ('87f65ff6-cc11-5ed3-ae0f-91cd20cf2c32', '2f777200-5809-58f8-b131-6f841c55b7ba', '641ecc5a-de3c-5d03-a00e-7202d42398cc', '112aa9a3-c4f2-5e58-9a3e-e0b961b10759', NULL, 'e4f89da5-571e-558d-8089-c417ce9ed17d', '1a3c8236-c34e-5a98-8565-4108d7bedb6c');
INSERT INTO "vocabulary"."reference" ("vocabulary_id", "lesson_code") VALUES ('87f65ff6-cc11-5ed3-ae0f-91cd20cf2c32', 'GENKI3_L05');
INSERT INTO "vocabulary"."conjugation" ("id", "conjugation_set_id", "politeness_code", "charge_code", "form_code", "sort_rank", "value") VALUES ('6829da3e-1c8f-5e67-8e49-73f0738048d2', '1a3c8236-c34e-5a98-8565-4108d7bedb6c', 'PLAIN', 'POSITIVE', 'PRESENT', 1, '出かける');
INSERT INTO "vocabulary"."conjugation" ("id", "conjugation_set_id", "politeness_code", "charge_code", "form_code", "sort_rank", "value") VALUES ('22b11b97-5b14-5e53-a668-362e0851a185', '1a3c8236-c34e-5a98-8565-4108d7bedb6c', 'PLAIN', 'POSITIVE', 'PAST', 1, '出かけた');
INSERT INTO "vocabulary"."conjugation" ("id", "conjugation_set_id", "politeness_code", "charge_code", "form_code", "sort_rank", "value") VALUES ('777ed0c9-6a11-5ada-9fee-dc0543cf454a', '1a3c8236-c34e-5a98-8565-4108d7bedb6c', 'PLAIN', 'POSITIVE', 'TE', 1, '出かけて');
INSERT INTO "vocabulary"."conjugation" ("id", "conjugation_set_id", "politeness_code", "charge_code", "form_code", "sort_rank", "value") VALUES ('396d0b71-7955-532b-8ebf-7dc7ecedc642', '1a3c8236-c34e-5a98-8565-4108d7bedb6c', 'PLAIN', 'NEGATIVE', 'PRESENT', 1, '出かけない');
INSERT INTO "vocabulary"."conjugation" ("id", "conjugation_set_id", "politeness_code", "charge_code", "form_code", "sort_rank", "value") VALUES ('5e9192fe-0fbf-5bec-9621-1c37a30c39d4', '1a3c8236-c34e-5a98-8565-4108d7bedb6c', 'PLAIN', 'NEGATIVE', 'PAST', 1, '出かけなかった');
INSERT INTO "vocabulary"."conjugation" ("id", "conjugation_set_id", "politeness_code", "charge_code", "form_code", "sort_rank", "value") VALUES ('85557797-08db-5eb9-8a59-771fda3b8c8e', '1a3c8236-c34e-5a98-8565-4108d7bedb6c', 'PLAIN', 'NEGATIVE', 'TE', 1, '出かけなくて');
INSERT INTO "vocabulary"."conjugation" ("id", "conjugation_set_id", "politeness_code", "charge_code", "form_code", "sort_rank", "value") VALUES ('fa09eb6a-b248-5845-bd6e-2a918b5aed73', '1a3c8236-c34e-5a98-8565-4108d7bedb6c', 'POLITE', 'POSITIVE', 'PRESENT', 1, '出かけます');
INSERT INTO "vocabulary"."conjugation" ("id", "conjugation_set_id", "politeness_code", "charge_code", "form_code", "sort_rank", "value") VALUES ('14cefd85-3255-512f-8cb8-4173157b5541', '1a3c8236-c34e-5a98-8565-4108d7bedb6c', 'POLITE', 'POSITIVE', 'PAST', 1, '出かけました');
INSERT INTO "vocabulary"."conjugation" ("id", "conjugation_set_id", "politeness_code", "charge_code", "form_code", "sort_rank", "value") VALUES ('260ce08e-8684-5a3e-ab9e-89ca37304fc7', '1a3c8236-c34e-5a98-8565-4108d7bedb6c', 'POLITE', 'NEGATIVE', 'PRESENT', 1, '出かけません');
INSERT INTO "vocabulary"."conjugation" ("id", "conjugation_set_id", "politeness_code", "charge_code", "form_code", "sort_rank", "value") VALUES ('65d7f1f7-9b3e-5318-b5be-5a7437fc3016', '1a3c8236-c34e-5a98-8565-4108d7bedb6c', 'POLITE', 'NEGATIVE', 'PAST', 1, '出かけませんでした');
-- 出口 | exit --;
INSERT INTO "vocabulary"."vocabulary" ("id", "word_class_code", "conjugation_kind_code", "jlpt_level", "row_num", "tags", "date_added") VALUES ('6debd947-e8ba-512e-8457-8bf0e7ea9e5b', 'NOUN', NULL, 5, 483, '{}', '2022-09-07');
INSERT INTO "vocabulary"."definition" ("id", "vocabulary_id", "sort_rank", "value") VALUES ('8edf6de1-da6e-5883-99dd-8e262d8148fa', '6debd947-e8ba-512e-8457-8bf0e7ea9e5b', 1, 'exit');
INSERT INTO "vocabulary"."spelling" ("id", "vocabulary_id", "spelling_kind_code", "value") VALUES ('cc040027-8465-53bc-a1dd-4fd747033793', '6debd947-e8ba-512e-8457-8bf0e7ea9e5b', 'KANJI', '出口');
INSERT INTO "vocabulary"."spelling" ("id", "vocabulary_id", "spelling_kind_code", "value") VALUES ('c0526456-2902-5b59-b2ef-2c5129617e57', '6debd947-e8ba-512e-8457-8bf0e7ea9e5b', 'HIRAGANA', 'でぐち');
INSERT INTO "vocabulary"."spelling" ("id", "vocabulary_id", "spelling_kind_code", "value") VALUES ('44ddbc36-744b-5306-9014-a190f981fb7d', '6debd947-e8ba-512e-8457-8bf0e7ea9e5b', 'KANJI', '出口');
INSERT INTO "vocabulary"."linkages" ("vocabulary_id", "preferred_definition_id", "preferred_spelling_id", "phonetic_spelling_id", "alt_phonetic_spelling_id", "kanji_spelling_id", "conjugation_set_id") VALUES ('6debd947-e8ba-512e-8457-8bf0e7ea9e5b', '8edf6de1-da6e-5883-99dd-8e262d8148fa', 'cc040027-8465-53bc-a1dd-4fd747033793', 'c0526456-2902-5b59-b2ef-2c5129617e57', NULL, '44ddbc36-744b-5306-9014-a190f981fb7d', NULL);
-- 一緒に | together (with); at the same time; --;
INSERT INTO "vocabulary"."vocabulary" ("id", "word_class_code", "conjugation_kind_code", "jlpt_level", "row_num", "tags", "date_added") VALUES ('3121a086-d388-5e2d-87ea-42928a70bdb2', 'ADVERB', NULL, NULL, 484, '{}', '2022-09-07');
INSERT INTO "vocabulary"."definition" ("id", "vocabulary_id", "sort_rank", "value") VALUES ('70cb9260-53cc-5817-ba6e-5f2c126d8d89', '3121a086-d388-5e2d-87ea-42928a70bdb2', 1, 'together (with); at the same time;');
INSERT INTO "vocabulary"."spelling" ("id", "vocabulary_id", "spelling_kind_code", "value") VALUES ('efa3a85d-3ede-595c-b2a1-75900c6b92f3', '3121a086-d388-5e2d-87ea-42928a70bdb2', 'KANJI', '一緒に');
INSERT INTO "vocabulary"."spelling" ("id", "vocabulary_id", "spelling_kind_code", "value") VALUES ('19dc9c5e-6dc5-50db-a955-eb46b8dd527b', '3121a086-d388-5e2d-87ea-42928a70bdb2', 'HIRAGANA', 'いっしょに');
INSERT INTO "vocabulary"."spelling" ("id", "vocabulary_id", "spelling_kind_code", "value") VALUES ('49c507d8-a8cf-56cd-9d61-ba69a1177965', '3121a086-d388-5e2d-87ea-42928a70bdb2', 'KANJI', '一緒に');
INSERT INTO "vocabulary"."linkages" ("vocabulary_id", "preferred_definition_id", "preferred_spelling_id", "phonetic_spelling_id", "alt_phonetic_spelling_id", "kanji_spelling_id", "conjugation_set_id") VALUES ('3121a086-d388-5e2d-87ea-42928a70bdb2', '70cb9260-53cc-5817-ba6e-5f2c126d8d89', 'efa3a85d-3ede-595c-b2a1-75900c6b92f3', '19dc9c5e-6dc5-50db-a955-eb46b8dd527b', NULL, '49c507d8-a8cf-56cd-9d61-ba69a1177965', NULL);
INSERT INTO "vocabulary"."reference" ("vocabulary_id", "lesson_code") VALUES ('3121a086-d388-5e2d-87ea-42928a70bdb2', 'GENKI3_L05');
-- すごく | extremely --;
INSERT INTO "vocabulary"."vocabulary" ("id", "word_class_code", "conjugation_kind_code", "jlpt_level", "row_num", "tags", "date_added") VALUES ('0dbac8fa-7de5-557b-a950-da804909a322', 'ADVERB', NULL, NULL, 485, '{}', '2022-09-07');
INSERT INTO "vocabulary"."definition" ("id", "vocabulary_id", "sort_rank", "value") VALUES ('cb904913-8ef4-5e8c-8e69-73ae56616598', '0dbac8fa-7de5-557b-a950-da804909a322', 1, 'extremely');
INSERT INTO "vocabulary"."spelling" ("id", "vocabulary_id", "spelling_kind_code", "value") VALUES ('e963d13f-e05c-505c-a902-30597735945a', '0dbac8fa-7de5-557b-a950-da804909a322', 'HIRAGANA', 'すごく');
INSERT INTO "vocabulary"."spelling" ("id", "vocabulary_id", "spelling_kind_code", "value") VALUES ('4c90dd73-56cf-5ac3-a35a-83c7e0e512a0', '0dbac8fa-7de5-557b-a950-da804909a322', 'HIRAGANA', 'すごく');
INSERT INTO "vocabulary"."spelling" ("id", "vocabulary_id", "spelling_kind_code", "value") VALUES ('1923c175-246d-5ad1-ab86-7fdbae313fc9', '0dbac8fa-7de5-557b-a950-da804909a322', 'KANJI', '凄く');
INSERT INTO "vocabulary"."linkages" ("vocabulary_id", "preferred_definition_id", "preferred_spelling_id", "phonetic_spelling_id", "alt_phonetic_spelling_id", "kanji_spelling_id", "conjugation_set_id") VALUES ('0dbac8fa-7de5-557b-a950-da804909a322', 'cb904913-8ef4-5e8c-8e69-73ae56616598', 'e963d13f-e05c-505c-a902-30597735945a', '4c90dd73-56cf-5ac3-a35a-83c7e0e512a0', NULL, '1923c175-246d-5ad1-ab86-7fdbae313fc9', NULL);
INSERT INTO "vocabulary"."reference" ("vocabulary_id", "lesson_code") VALUES ('0dbac8fa-7de5-557b-a950-da804909a322', 'GENKI3_L05');
-- とても | very --;
INSERT INTO "vocabulary"."vocabulary" ("id", "word_class_code", "conjugation_kind_code", "jlpt_level", "row_num", "tags", "date_added") VALUES ('49100de9-fba3-596c-a2d2-d7d268716d82', 'ADVERB', NULL, 5, 486, '{}', '2022-09-07');
INSERT INTO "vocabulary"."definition" ("id", "vocabulary_id", "sort_rank", "value") VALUES ('5fb63bbe-2469-5e57-b355-e6c7ba41abf3', '49100de9-fba3-596c-a2d2-d7d268716d82', 1, 'very');
INSERT INTO "vocabulary"."spelling" ("id", "vocabulary_id", "spelling_kind_code", "value") VALUES ('915c50b3-bc63-59e5-a356-bb5cc6d8985a', '49100de9-fba3-596c-a2d2-d7d268716d82', 'HIRAGANA', 'とても');
INSERT INTO "vocabulary"."spelling" ("id", "vocabulary_id", "spelling_kind_code", "value") VALUES ('6ed866b2-63fe-5dc8-b1c5-31512d3bde1f', '49100de9-fba3-596c-a2d2-d7d268716d82', 'HIRAGANA', 'とても');
INSERT INTO "vocabulary"."linkages" ("vocabulary_id", "preferred_definition_id", "preferred_spelling_id", "phonetic_spelling_id", "alt_phonetic_spelling_id", "kanji_spelling_id", "conjugation_set_id") VALUES ('49100de9-fba3-596c-a2d2-d7d268716d82', '5fb63bbe-2469-5e57-b355-e6c7ba41abf3', '915c50b3-bc63-59e5-a356-bb5cc6d8985a', '6ed866b2-63fe-5dc8-b1c5-31512d3bde1f', NULL, NULL, NULL);
INSERT INTO "vocabulary"."reference" ("vocabulary_id", "lesson_code") VALUES ('49100de9-fba3-596c-a2d2-d7d268716d82', 'GENKI3_L05');
-- どんな | what kind of... --;
INSERT INTO "vocabulary"."vocabulary" ("id", "word_class_code", "conjugation_kind_code", "jlpt_level", "row_num", "tags", "date_added") VALUES ('a7e30acf-baa9-5c69-b41d-b344f631a8a6', 'PRE_NOUN_ADJECTIVAL', NULL, 3, 487, '{}', '2022-09-07');
INSERT INTO "vocabulary"."definition" ("id", "vocabulary_id", "sort_rank", "value") VALUES ('eafb8739-ebdb-5b75-9c0f-3e9b8b079b89', 'a7e30acf-baa9-5c69-b41d-b344f631a8a6', 1, 'what kind of...');
INSERT INTO "vocabulary"."spelling" ("id", "vocabulary_id", "spelling_kind_code", "value") VALUES ('aedba3d9-af62-5d1f-9f29-654ac6eccb1f', 'a7e30acf-baa9-5c69-b41d-b344f631a8a6', 'HIRAGANA', 'どんな');
INSERT INTO "vocabulary"."spelling" ("id", "vocabulary_id", "spelling_kind_code", "value") VALUES ('ee1862f6-0d95-53bc-874c-76a2255d64c5', 'a7e30acf-baa9-5c69-b41d-b344f631a8a6', 'HIRAGANA', 'どんな');
INSERT INTO "vocabulary"."linkages" ("vocabulary_id", "preferred_definition_id", "preferred_spelling_id", "phonetic_spelling_id", "alt_phonetic_spelling_id", "kanji_spelling_id", "conjugation_set_id") VALUES ('a7e30acf-baa9-5c69-b41d-b344f631a8a6', 'eafb8739-ebdb-5b75-9c0f-3e9b8b079b89', 'aedba3d9-af62-5d1f-9f29-654ac6eccb1f', 'ee1862f6-0d95-53bc-874c-76a2255d64c5', NULL, NULL, NULL);
INSERT INTO "vocabulary"."reference" ("vocabulary_id", "lesson_code") VALUES ('a7e30acf-baa9-5c69-b41d-b344f631a8a6', 'GENKI3_L05');
-- 〜ましょう | lets... --;
INSERT INTO "vocabulary"."vocabulary" ("id", "word_class_code", "conjugation_kind_code", "jlpt_level", "row_num", "tags", "date_added") VALUES ('17cbc2b7-df6c-4861-b402-d65d6e964e35', 'SUFFIX', NULL, NULL, 488, '{}', '2022-11-13');
INSERT INTO "vocabulary"."definition" ("id", "vocabulary_id", "sort_rank", "value") VALUES ('a661fefb-6930-5ef4-9189-0d24c9bc52a5', '17cbc2b7-df6c-4861-b402-d65d6e964e35', 1, 'lets...');
INSERT INTO "vocabulary"."spelling" ("id", "vocabulary_id", "spelling_kind_code", "value") VALUES ('f66fbf8b-3b52-5a7d-9000-5415f6a7c80f', '17cbc2b7-df6c-4861-b402-d65d6e964e35', 'HIRAGANA', '〜ましょう');
INSERT INTO "vocabulary"."spelling" ("id", "vocabulary_id", "spelling_kind_code", "value") VALUES ('d239f340-baa6-51ad-b91e-dc7e539594ea', '17cbc2b7-df6c-4861-b402-d65d6e964e35', 'HIRAGANA', '〜ましょう');
INSERT INTO "vocabulary"."linkages" ("vocabulary_id", "preferred_definition_id", "preferred_spelling_id", "phonetic_spelling_id", "alt_phonetic_spelling_id", "kanji_spelling_id", "conjugation_set_id") VALUES ('17cbc2b7-df6c-4861-b402-d65d6e964e35', 'a661fefb-6930-5ef4-9189-0d24c9bc52a5', 'f66fbf8b-3b52-5a7d-9000-5415f6a7c80f', 'd239f340-baa6-51ad-b91e-dc7e539594ea', NULL, NULL, NULL);
INSERT INTO "vocabulary"."reference" ("vocabulary_id", "lesson_code") VALUES ('17cbc2b7-df6c-4861-b402-d65d6e964e35', 'GENKI3_L05');
-- 〜枚 | counter for flat objects --;
INSERT INTO "vocabulary"."vocabulary" ("id", "word_class_code", "conjugation_kind_code", "jlpt_level", "row_num", "tags", "date_added") VALUES ('acbf41df-4c3c-58fe-b99e-30d088bafb4f', 'COUNTER', NULL, 1, 489, '{}', '2022-09-07');
INSERT INTO "vocabulary"."definition" ("id", "vocabulary_id", "sort_rank", "value") VALUES ('5550fdeb-389a-5846-b7c8-7781c957d310', 'acbf41df-4c3c-58fe-b99e-30d088bafb4f', 1, 'counter for flat objects');
INSERT INTO "vocabulary"."spelling" ("id", "vocabulary_id", "spelling_kind_code", "value") VALUES ('a6406f01-9f3c-546f-be52-9ed5592016b7', 'acbf41df-4c3c-58fe-b99e-30d088bafb4f', 'KANJI', '〜枚');
INSERT INTO "vocabulary"."spelling" ("id", "vocabulary_id", "spelling_kind_code", "value") VALUES ('826c9fa3-f3fc-5c2e-8e0c-0bf2bf3d6305', 'acbf41df-4c3c-58fe-b99e-30d088bafb4f', 'HIRAGANA', '〜まい');
INSERT INTO "vocabulary"."spelling" ("id", "vocabulary_id", "spelling_kind_code", "value") VALUES ('006dc476-b220-55a8-a5df-32edc889ae26', 'acbf41df-4c3c-58fe-b99e-30d088bafb4f', 'KANJI', '〜枚');
INSERT INTO "vocabulary"."linkages" ("vocabulary_id", "preferred_definition_id", "preferred_spelling_id", "phonetic_spelling_id", "alt_phonetic_spelling_id", "kanji_spelling_id", "conjugation_set_id") VALUES ('acbf41df-4c3c-58fe-b99e-30d088bafb4f', '5550fdeb-389a-5846-b7c8-7781c957d310', 'a6406f01-9f3c-546f-be52-9ed5592016b7', '826c9fa3-f3fc-5c2e-8e0c-0bf2bf3d6305', NULL, '006dc476-b220-55a8-a5df-32edc889ae26', NULL);
INSERT INTO "vocabulary"."reference" ("vocabulary_id", "lesson_code") VALUES ('acbf41df-4c3c-58fe-b99e-30d088bafb4f', 'GENKI3_L05');
-- 草 | grass --;
INSERT INTO "vocabulary"."vocabulary" ("id", "word_class_code", "conjugation_kind_code", "jlpt_level", "row_num", "tags", "date_added") VALUES ('705836bd-ede4-4766-b461-1b31b77670ce', 'NOUN', NULL, 4, 490, '{}', '2022-10-18');
INSERT INTO "vocabulary"."definition" ("id", "vocabulary_id", "sort_rank", "value") VALUES ('5a09cf8d-4f87-5d44-8cc0-a073481698f1', '705836bd-ede4-4766-b461-1b31b77670ce', 1, 'grass');
INSERT INTO "vocabulary"."spelling" ("id", "vocabulary_id", "spelling_kind_code", "value") VALUES ('b7c0831e-1495-5391-89d0-5cd31f4ea4de', '705836bd-ede4-4766-b461-1b31b77670ce', 'KANJI', '草');
INSERT INTO "vocabulary"."spelling" ("id", "vocabulary_id", "spelling_kind_code", "value") VALUES ('3592a916-71fd-5e5a-ba46-3742395b2c00', '705836bd-ede4-4766-b461-1b31b77670ce', 'HIRAGANA', 'くさ');
INSERT INTO "vocabulary"."spelling" ("id", "vocabulary_id", "spelling_kind_code", "value") VALUES ('27c5ae6d-b198-5d17-ac8f-e9122370d37c', '705836bd-ede4-4766-b461-1b31b77670ce', 'KANJI', '草');
INSERT INTO "vocabulary"."linkages" ("vocabulary_id", "preferred_definition_id", "preferred_spelling_id", "phonetic_spelling_id", "alt_phonetic_spelling_id", "kanji_spelling_id", "conjugation_set_id") VALUES ('705836bd-ede4-4766-b461-1b31b77670ce', '5a09cf8d-4f87-5d44-8cc0-a073481698f1', 'b7c0831e-1495-5391-89d0-5cd31f4ea4de', '3592a916-71fd-5e5a-ba46-3742395b2c00', NULL, '27c5ae6d-b198-5d17-ac8f-e9122370d37c', NULL);
-- 岩 | rock --;
INSERT INTO "vocabulary"."vocabulary" ("id", "word_class_code", "conjugation_kind_code", "jlpt_level", "row_num", "tags", "date_added") VALUES ('3cdcdc1a-12df-4976-99f0-790caea5bb4e', 'NOUN', NULL, 3, 491, '{}', '2022-10-18');
INSERT INTO "vocabulary"."definition" ("id", "vocabulary_id", "sort_rank", "value") VALUES ('c2c23a2b-213f-52e1-9fee-55a5a533745c', '3cdcdc1a-12df-4976-99f0-790caea5bb4e', 1, 'rock');
INSERT INTO "vocabulary"."spelling" ("id", "vocabulary_id", "spelling_kind_code", "value") VALUES ('92192e4d-02e9-57c2-a47e-1e63e85d3f92', '3cdcdc1a-12df-4976-99f0-790caea5bb4e', 'KANJI', '岩');
INSERT INTO "vocabulary"."spelling" ("id", "vocabulary_id", "spelling_kind_code", "value") VALUES ('7f5dbd4d-3068-5563-a5ad-9ed0bd0d13d7', '3cdcdc1a-12df-4976-99f0-790caea5bb4e', 'HIRAGANA', 'いわ');
INSERT INTO "vocabulary"."spelling" ("id", "vocabulary_id", "spelling_kind_code", "value") VALUES ('b0224528-8bbd-5ab2-9d38-54e0410eb39b', '3cdcdc1a-12df-4976-99f0-790caea5bb4e', 'KANJI', '岩');
INSERT INTO "vocabulary"."linkages" ("vocabulary_id", "preferred_definition_id", "preferred_spelling_id", "phonetic_spelling_id", "alt_phonetic_spelling_id", "kanji_spelling_id", "conjugation_set_id") VALUES ('3cdcdc1a-12df-4976-99f0-790caea5bb4e', 'c2c23a2b-213f-52e1-9fee-55a5a533745c', '92192e4d-02e9-57c2-a47e-1e63e85d3f92', '7f5dbd4d-3068-5563-a5ad-9ed0bd0d13d7', NULL, 'b0224528-8bbd-5ab2-9d38-54e0410eb39b', NULL);
-- 雪 | snow --;
INSERT INTO "vocabulary"."vocabulary" ("id", "word_class_code", "conjugation_kind_code", "jlpt_level", "row_num", "tags", "date_added") VALUES ('1c37cf6a-0658-475d-a9c8-a4ea52137029', 'NOUN', NULL, 5, 492, '{}', '2022-10-18');
INSERT INTO "vocabulary"."definition" ("id", "vocabulary_id", "sort_rank", "value") VALUES ('e4ca1078-8105-561b-8c51-3a619b10fe59', '1c37cf6a-0658-475d-a9c8-a4ea52137029', 1, 'snow');
INSERT INTO "vocabulary"."spelling" ("id", "vocabulary_id", "spelling_kind_code", "value") VALUES ('87f679f9-55fa-59d8-a1f4-34435406adb6', '1c37cf6a-0658-475d-a9c8-a4ea52137029', 'KANJI', '雪');
INSERT INTO "vocabulary"."spelling" ("id", "vocabulary_id", "spelling_kind_code", "value") VALUES ('a93f176f-04c5-5797-bf53-2ed8ea1ebafe', '1c37cf6a-0658-475d-a9c8-a4ea52137029', 'HIRAGANA', 'ゆき');
INSERT INTO "vocabulary"."spelling" ("id", "vocabulary_id", "spelling_kind_code", "value") VALUES ('9bdca706-65f5-526f-bd4f-a7584a1b9b00', '1c37cf6a-0658-475d-a9c8-a4ea52137029', 'KANJI', '雪');
INSERT INTO "vocabulary"."linkages" ("vocabulary_id", "preferred_definition_id", "preferred_spelling_id", "phonetic_spelling_id", "alt_phonetic_spelling_id", "kanji_spelling_id", "conjugation_set_id") VALUES ('1c37cf6a-0658-475d-a9c8-a4ea52137029', 'e4ca1078-8105-561b-8c51-3a619b10fe59', '87f679f9-55fa-59d8-a1f4-34435406adb6', 'a93f176f-04c5-5797-bf53-2ed8ea1ebafe', NULL, '9bdca706-65f5-526f-bd4f-a7584a1b9b00', NULL);
INSERT INTO "vocabulary"."reference" ("vocabulary_id", "lesson_code") VALUES ('1c37cf6a-0658-475d-a9c8-a4ea52137029', 'GENKI3_L08');
-- 〜ちゃん | Ms. (girl) --;
INSERT INTO "vocabulary"."vocabulary" ("id", "word_class_code", "conjugation_kind_code", "jlpt_level", "row_num", "tags", "date_added") VALUES ('c0e4b32f-1310-43d5-af64-b603c84c9f3a', 'SUFFIX', NULL, 4, 493, '{}', '2022-10-25');
INSERT INTO "vocabulary"."definition" ("id", "vocabulary_id", "sort_rank", "value") VALUES ('592f4f72-6778-5b5a-87ec-b090facc4720', 'c0e4b32f-1310-43d5-af64-b603c84c9f3a', 1, 'Ms. (girl)');
INSERT INTO "vocabulary"."spelling" ("id", "vocabulary_id", "spelling_kind_code", "value") VALUES ('bd35e35c-bef0-552f-8ada-74738505ce9d', 'c0e4b32f-1310-43d5-af64-b603c84c9f3a', 'HIRAGANA', '〜ちゃん');
INSERT INTO "vocabulary"."spelling" ("id", "vocabulary_id", "spelling_kind_code", "value") VALUES ('752b579c-836e-5640-929c-20ed00e17d1d', 'c0e4b32f-1310-43d5-af64-b603c84c9f3a', 'HIRAGANA', 'ちゃん');
INSERT INTO "vocabulary"."linkages" ("vocabulary_id", "preferred_definition_id", "preferred_spelling_id", "phonetic_spelling_id", "alt_phonetic_spelling_id", "kanji_spelling_id", "conjugation_set_id") VALUES ('c0e4b32f-1310-43d5-af64-b603c84c9f3a', '592f4f72-6778-5b5a-87ec-b090facc4720', 'bd35e35c-bef0-552f-8ada-74738505ce9d', '752b579c-836e-5640-929c-20ed00e17d1d', NULL, NULL, NULL);
-- 〜君 | Mr. (boy) --;
INSERT INTO "vocabulary"."vocabulary" ("id", "word_class_code", "conjugation_kind_code", "jlpt_level", "row_num", "tags", "date_added") VALUES ('0671d3cc-dfba-4f30-8782-69ceb2c757d7', 'SUFFIX', NULL, 4, 494, '{}', '2022-10-25');
INSERT INTO "vocabulary"."definition" ("id", "vocabulary_id", "sort_rank", "value") VALUES ('2a93e3d3-293f-584b-a696-2173e193d18c', '0671d3cc-dfba-4f30-8782-69ceb2c757d7', 1, 'Mr. (boy)');
INSERT INTO "vocabulary"."spelling" ("id", "vocabulary_id", "spelling_kind_code", "value") VALUES ('2251a9ab-6fa7-5fdc-b1d3-972a49341f09', '0671d3cc-dfba-4f30-8782-69ceb2c757d7', 'KANJI', '〜君');
INSERT INTO "vocabulary"."spelling" ("id", "vocabulary_id", "spelling_kind_code", "value") VALUES ('4e9c20f1-88c3-5075-af46-b864dc79b4f0', '0671d3cc-dfba-4f30-8782-69ceb2c757d7', 'HIRAGANA', 'くん');
INSERT INTO "vocabulary"."spelling" ("id", "vocabulary_id", "spelling_kind_code", "value") VALUES ('eae49ae7-ab05-5a77-a2d8-5fda272fadb0', '0671d3cc-dfba-4f30-8782-69ceb2c757d7', 'KANJI', '君');
INSERT INTO "vocabulary"."linkages" ("vocabulary_id", "preferred_definition_id", "preferred_spelling_id", "phonetic_spelling_id", "alt_phonetic_spelling_id", "kanji_spelling_id", "conjugation_set_id") VALUES ('0671d3cc-dfba-4f30-8782-69ceb2c757d7', '2a93e3d3-293f-584b-a696-2173e193d18c', '2251a9ab-6fa7-5fdc-b1d3-972a49341f09', '4e9c20f1-88c3-5075-af46-b864dc79b4f0', NULL, 'eae49ae7-ab05-5a77-a2d8-5fda272fadb0', NULL);
-- 〜様 | Mr/Miss (honorific) --;
INSERT INTO "vocabulary"."vocabulary" ("id", "word_class_code", "conjugation_kind_code", "jlpt_level", "row_num", "tags", "date_added") VALUES ('74cc48bc-dd21-4277-9f73-9d16c7e69fe9', 'SUFFIX', NULL, 1, 495, '{}', '2022-10-25');
INSERT INTO "vocabulary"."definition" ("id", "vocabulary_id", "sort_rank", "value") VALUES ('b8496c60-f866-5e61-aafe-22985497efcf', '74cc48bc-dd21-4277-9f73-9d16c7e69fe9', 1, 'Mr/Miss (honorific)');
INSERT INTO "vocabulary"."spelling" ("id", "vocabulary_id", "spelling_kind_code", "value") VALUES ('9237cab3-a278-5fe0-9332-a42a4945b7b5', '74cc48bc-dd21-4277-9f73-9d16c7e69fe9', 'KANJI', '〜様');
INSERT INTO "vocabulary"."spelling" ("id", "vocabulary_id", "spelling_kind_code", "value") VALUES ('c952f2ae-2327-5d44-bf79-e941fb9f3890', '74cc48bc-dd21-4277-9f73-9d16c7e69fe9', 'HIRAGANA', 'さま');
INSERT INTO "vocabulary"."spelling" ("id", "vocabulary_id", "spelling_kind_code", "value") VALUES ('9c4135fb-51df-516f-a046-a6f86eb071c4', '74cc48bc-dd21-4277-9f73-9d16c7e69fe9', 'KANJI', '様');
INSERT INTO "vocabulary"."linkages" ("vocabulary_id", "preferred_definition_id", "preferred_spelling_id", "phonetic_spelling_id", "alt_phonetic_spelling_id", "kanji_spelling_id", "conjugation_set_id") VALUES ('74cc48bc-dd21-4277-9f73-9d16c7e69fe9', 'b8496c60-f866-5e61-aafe-22985497efcf', '9237cab3-a278-5fe0-9332-a42a4945b7b5', 'c952f2ae-2327-5d44-bf79-e941fb9f3890', NULL, '9c4135fb-51df-516f-a046-a6f86eb071c4', NULL);
-- 父 | (my) dad --;
INSERT INTO "vocabulary"."vocabulary" ("id", "word_class_code", "conjugation_kind_code", "jlpt_level", "row_num", "tags", "date_added") VALUES ('685db54c-3d62-4fb2-b18e-28bfdf659461', 'NOUN', NULL, NULL, 496, '{}', '2022-10-25');
INSERT INTO "vocabulary"."definition" ("id", "vocabulary_id", "sort_rank", "value") VALUES ('1899b2d1-39f7-510c-ab1c-e6117d29f5db', '685db54c-3d62-4fb2-b18e-28bfdf659461', 1, '(my) dad');
INSERT INTO "vocabulary"."spelling" ("id", "vocabulary_id", "spelling_kind_code", "value") VALUES ('33ab8c4f-055c-537d-9086-f1f6e8b96d88', '685db54c-3d62-4fb2-b18e-28bfdf659461', 'KANJI', '父');
INSERT INTO "vocabulary"."spelling" ("id", "vocabulary_id", "spelling_kind_code", "value") VALUES ('85f269b5-a387-568b-abd4-068f81c9eacc', '685db54c-3d62-4fb2-b18e-28bfdf659461', 'HIRAGANA', 'ちち');
INSERT INTO "vocabulary"."spelling" ("id", "vocabulary_id", "spelling_kind_code", "value") VALUES ('5bb9f550-1c78-5b72-8a2c-e1c93198e179', '685db54c-3d62-4fb2-b18e-28bfdf659461', 'KANJI', '父');
INSERT INTO "vocabulary"."linkages" ("vocabulary_id", "preferred_definition_id", "preferred_spelling_id", "phonetic_spelling_id", "alt_phonetic_spelling_id", "kanji_spelling_id", "conjugation_set_id") VALUES ('685db54c-3d62-4fb2-b18e-28bfdf659461', '1899b2d1-39f7-510c-ab1c-e6117d29f5db', '33ab8c4f-055c-537d-9086-f1f6e8b96d88', '85f269b5-a387-568b-abd4-068f81c9eacc', NULL, '5bb9f550-1c78-5b72-8a2c-e1c93198e179', NULL);
INSERT INTO "vocabulary"."reference" ("vocabulary_id", "lesson_code") VALUES ('685db54c-3d62-4fb2-b18e-28bfdf659461', 'GENKI3_L07');
-- 母 | (my) mom --;
INSERT INTO "vocabulary"."vocabulary" ("id", "word_class_code", "conjugation_kind_code", "jlpt_level", "row_num", "tags", "date_added") VALUES ('48985c71-3274-4715-9a7c-a7f4e61144e5', 'NOUN', NULL, NULL, 497, '{}', '2022-10-25');
INSERT INTO "vocabulary"."definition" ("id", "vocabulary_id", "sort_rank", "value") VALUES ('7e76265c-c302-56c7-b5d8-7aa484c919e6', '48985c71-3274-4715-9a7c-a7f4e61144e5', 1, '(my) mom');
INSERT INTO "vocabulary"."spelling" ("id", "vocabulary_id", "spelling_kind_code", "value") VALUES ('5f88639a-9152-5bb2-bd93-3cfdc521b132', '48985c71-3274-4715-9a7c-a7f4e61144e5', 'KANJI', '母');
INSERT INTO "vocabulary"."spelling" ("id", "vocabulary_id", "spelling_kind_code", "value") VALUES ('8ea19d3b-db66-5a69-98ec-016ca1c3114f', '48985c71-3274-4715-9a7c-a7f4e61144e5', 'HIRAGANA', 'はは');
INSERT INTO "vocabulary"."spelling" ("id", "vocabulary_id", "spelling_kind_code", "value") VALUES ('5a110a7b-54f4-5d4a-844f-39db08b150b7', '48985c71-3274-4715-9a7c-a7f4e61144e5', 'KANJI', '母');
INSERT INTO "vocabulary"."linkages" ("vocabulary_id", "preferred_definition_id", "preferred_spelling_id", "phonetic_spelling_id", "alt_phonetic_spelling_id", "kanji_spelling_id", "conjugation_set_id") VALUES ('48985c71-3274-4715-9a7c-a7f4e61144e5', '7e76265c-c302-56c7-b5d8-7aa484c919e6', '5f88639a-9152-5bb2-bd93-3cfdc521b132', '8ea19d3b-db66-5a69-98ec-016ca1c3114f', NULL, '5a110a7b-54f4-5d4a-844f-39db08b150b7', NULL);
INSERT INTO "vocabulary"."reference" ("vocabulary_id", "lesson_code") VALUES ('48985c71-3274-4715-9a7c-a7f4e61144e5', 'GENKI3_L07');
-- 飯テロ | tummy torture; food terrorism --;
INSERT INTO "vocabulary"."vocabulary" ("id", "word_class_code", "conjugation_kind_code", "jlpt_level", "row_num", "tags", "date_added") VALUES ('321b332a-43be-46d2-8e2a-b49a3a18fa13', 'NOUN', NULL, NULL, 498, '{food}', '2022-10-18');
INSERT INTO "vocabulary"."definition" ("id", "vocabulary_id", "sort_rank", "value") VALUES ('9c1c5333-de7b-572d-b977-200b111e66bb', '321b332a-43be-46d2-8e2a-b49a3a18fa13', 1, 'tummy torture; food terrorism');
INSERT INTO "vocabulary"."spelling" ("id", "vocabulary_id", "spelling_kind_code", "value") VALUES ('5dd3cc89-7993-5284-99a9-8e6e2f4eb159', '321b332a-43be-46d2-8e2a-b49a3a18fa13', 'KANJI', '飯テロ');
INSERT INTO "vocabulary"."spelling" ("id", "vocabulary_id", "spelling_kind_code", "value") VALUES ('809945b2-4c00-5b00-82ce-a9a71c049beb', '321b332a-43be-46d2-8e2a-b49a3a18fa13', 'HIRAGANA', 'めしてろ');
INSERT INTO "vocabulary"."spelling" ("id", "vocabulary_id", "spelling_kind_code", "value") VALUES ('678c97c2-e7d9-5969-bfb4-9f82e7463671', '321b332a-43be-46d2-8e2a-b49a3a18fa13', 'KANJI', '飯テロ');
INSERT INTO "vocabulary"."linkages" ("vocabulary_id", "preferred_definition_id", "preferred_spelling_id", "phonetic_spelling_id", "alt_phonetic_spelling_id", "kanji_spelling_id", "conjugation_set_id") VALUES ('321b332a-43be-46d2-8e2a-b49a3a18fa13', '9c1c5333-de7b-572d-b977-200b111e66bb', '5dd3cc89-7993-5284-99a9-8e6e2f4eb159', '809945b2-4c00-5b00-82ce-a9a71c049beb', NULL, '678c97c2-e7d9-5969-bfb4-9f82e7463671', NULL);
-- 寂しい | lonely; solitary --;
INSERT INTO "vocabulary"."vocabulary" ("id", "word_class_code", "conjugation_kind_code", "jlpt_level", "row_num", "tags", "date_added") VALUES ('dd54072a-e05a-4b60-a493-578ef2cb015f', 'ADJECTIVE', 'I_ADJECTIVE', 4, 499, '{}', '2022-09-07');
INSERT INTO "vocabulary"."definition" ("id", "vocabulary_id", "sort_rank", "value") VALUES ('ffcf8818-e9bd-5673-98c5-831121666f40', 'dd54072a-e05a-4b60-a493-578ef2cb015f', 1, 'lonely; solitary');
INSERT INTO "vocabulary"."spelling" ("id", "vocabulary_id", "spelling_kind_code", "value") VALUES ('1ed3097e-2290-5b8c-b2a6-847a78492f8c', 'dd54072a-e05a-4b60-a493-578ef2cb015f', 'KANJI', '寂しい');
INSERT INTO "vocabulary"."spelling" ("id", "vocabulary_id", "spelling_kind_code", "value") VALUES ('ee78d337-8122-571b-acdc-a51d72209232', 'dd54072a-e05a-4b60-a493-578ef2cb015f', 'HIRAGANA', 'さびしい');
INSERT INTO "vocabulary"."spelling" ("id", "vocabulary_id", "spelling_kind_code", "value") VALUES ('65b5fe3e-bc99-5475-a70e-30fa75d3bc58', 'dd54072a-e05a-4b60-a493-578ef2cb015f', 'KANJI', '寂しい');
INSERT INTO "vocabulary"."linkages" ("vocabulary_id", "preferred_definition_id", "preferred_spelling_id", "phonetic_spelling_id", "alt_phonetic_spelling_id", "kanji_spelling_id", "conjugation_set_id") VALUES ('dd54072a-e05a-4b60-a493-578ef2cb015f', 'ffcf8818-e9bd-5673-98c5-831121666f40', '1ed3097e-2290-5b8c-b2a6-847a78492f8c', 'ee78d337-8122-571b-acdc-a51d72209232', NULL, '65b5fe3e-bc99-5475-a70e-30fa75d3bc58', NULL);
-- 口寂しい | mouth is lonely --;
INSERT INTO "vocabulary"."vocabulary" ("id", "word_class_code", "conjugation_kind_code", "jlpt_level", "row_num", "tags", "date_added") VALUES ('aa063477-ef31-4780-9af0-85bc0daccbcf', 'ADJECTIVE', 'I_ADJECTIVE', NULL, 500, '{}', '2022-10-06');
INSERT INTO "vocabulary"."definition" ("id", "vocabulary_id", "sort_rank", "value") VALUES ('39f0e173-e411-557c-b016-5c6654bccd58', 'aa063477-ef31-4780-9af0-85bc0daccbcf', 1, 'mouth is lonely');
INSERT INTO "vocabulary"."spelling" ("id", "vocabulary_id", "spelling_kind_code", "value") VALUES ('c51e82f7-5192-5409-a0ae-3fc824a8872c', 'aa063477-ef31-4780-9af0-85bc0daccbcf', 'KANJI', '口寂しい');
INSERT INTO "vocabulary"."spelling" ("id", "vocabulary_id", "spelling_kind_code", "value") VALUES ('21eca361-2205-54c8-86b0-2ee02acb58de', 'aa063477-ef31-4780-9af0-85bc0daccbcf', 'HIRAGANA', 'くちさびしい');
INSERT INTO "vocabulary"."spelling" ("id", "vocabulary_id", "spelling_kind_code", "value") VALUES ('773478a3-35cb-5dae-9871-6e23b7ffbc80', 'aa063477-ef31-4780-9af0-85bc0daccbcf', 'KANJI', '口寂しい');
INSERT INTO "vocabulary"."linkages" ("vocabulary_id", "preferred_definition_id", "preferred_spelling_id", "phonetic_spelling_id", "alt_phonetic_spelling_id", "kanji_spelling_id", "conjugation_set_id") VALUES ('aa063477-ef31-4780-9af0-85bc0daccbcf', '39f0e173-e411-557c-b016-5c6654bccd58', 'c51e82f7-5192-5409-a0ae-3fc824a8872c', '21eca361-2205-54c8-86b0-2ee02acb58de', NULL, '773478a3-35cb-5dae-9871-6e23b7ffbc80', NULL);
-- 津波 | tidal wave --;
INSERT INTO "vocabulary"."vocabulary" ("id", "word_class_code", "conjugation_kind_code", "jlpt_level", "row_num", "tags", "date_added") VALUES ('9602b36a-fef2-58f6-a53a-84283766c73d', 'NOUN', NULL, 1, 501, '{}', '2022-09-17');
INSERT INTO "vocabulary"."definition" ("id", "vocabulary_id", "sort_rank", "value") VALUES ('e3313f3e-a5f5-5e10-b605-561a5d3baa58', '9602b36a-fef2-58f6-a53a-84283766c73d', 1, 'tidal wave');
INSERT INTO "vocabulary"."spelling" ("id", "vocabulary_id", "spelling_kind_code", "value") VALUES ('7ad7b9f7-cdfa-5559-8e20-86a8865388de', '9602b36a-fef2-58f6-a53a-84283766c73d', 'KANJI', '津波');
INSERT INTO "vocabulary"."spelling" ("id", "vocabulary_id", "spelling_kind_code", "value") VALUES ('12a04629-f8e0-556a-8fe7-fbef8023ce96', '9602b36a-fef2-58f6-a53a-84283766c73d', 'HIRAGANA', 'つなみ');
INSERT INTO "vocabulary"."spelling" ("id", "vocabulary_id", "spelling_kind_code", "value") VALUES ('ff5ad8d9-c68c-5158-8b77-968472d131b2', '9602b36a-fef2-58f6-a53a-84283766c73d', 'KANJI', '津波');
INSERT INTO "vocabulary"."linkages" ("vocabulary_id", "preferred_definition_id", "preferred_spelling_id", "phonetic_spelling_id", "alt_phonetic_spelling_id", "kanji_spelling_id", "conjugation_set_id") VALUES ('9602b36a-fef2-58f6-a53a-84283766c73d', 'e3313f3e-a5f5-5e10-b605-561a5d3baa58', '7ad7b9f7-cdfa-5559-8e20-86a8865388de', '12a04629-f8e0-556a-8fe7-fbef8023ce96', NULL, 'ff5ad8d9-c68c-5158-8b77-968472d131b2', NULL);
-- 台風 | typhoon --;
INSERT INTO "vocabulary"."vocabulary" ("id", "word_class_code", "conjugation_kind_code", "jlpt_level", "row_num", "tags", "date_added") VALUES ('18483a29-02d3-5d72-be2f-2e865c5689a1', 'NOUN', NULL, 4, 502, '{}', '2022-09-17');
INSERT INTO "vocabulary"."definition" ("id", "vocabulary_id", "sort_rank", "value") VALUES ('a41f187e-87d5-54fb-b500-b6b04b59ab0f', '18483a29-02d3-5d72-be2f-2e865c5689a1', 1, 'typhoon');
INSERT INTO "vocabulary"."spelling" ("id", "vocabulary_id", "spelling_kind_code", "value") VALUES ('82945634-a4cb-5945-b456-24cb7f2b4d6e', '18483a29-02d3-5d72-be2f-2e865c5689a1', 'KANJI', '台風');
INSERT INTO "vocabulary"."spelling" ("id", "vocabulary_id", "spelling_kind_code", "value") VALUES ('05616187-a784-5aed-9fd4-c4a2624b04df', '18483a29-02d3-5d72-be2f-2e865c5689a1', 'HIRAGANA', 'たいふう');
INSERT INTO "vocabulary"."spelling" ("id", "vocabulary_id", "spelling_kind_code", "value") VALUES ('3a80012f-eaa6-5ee9-a117-22276a119eee', '18483a29-02d3-5d72-be2f-2e865c5689a1', 'KANJI', '台風');
INSERT INTO "vocabulary"."linkages" ("vocabulary_id", "preferred_definition_id", "preferred_spelling_id", "phonetic_spelling_id", "alt_phonetic_spelling_id", "kanji_spelling_id", "conjugation_set_id") VALUES ('18483a29-02d3-5d72-be2f-2e865c5689a1', 'a41f187e-87d5-54fb-b500-b6b04b59ab0f', '82945634-a4cb-5945-b456-24cb7f2b4d6e', '05616187-a784-5aed-9fd4-c4a2624b04df', NULL, '3a80012f-eaa6-5ee9-a117-22276a119eee', NULL);
-- 地震 | earthquake --;
INSERT INTO "vocabulary"."vocabulary" ("id", "word_class_code", "conjugation_kind_code", "jlpt_level", "row_num", "tags", "date_added") VALUES ('932265f2-4f7c-5f7d-b31d-cb211276ae8d', 'NOUN', NULL, 4, 503, '{}', '2022-09-17');
INSERT INTO "vocabulary"."definition" ("id", "vocabulary_id", "sort_rank", "value") VALUES ('2a778d1e-b78d-57ef-9449-60561e7905fd', '932265f2-4f7c-5f7d-b31d-cb211276ae8d', 1, 'earthquake');
INSERT INTO "vocabulary"."spelling" ("id", "vocabulary_id", "spelling_kind_code", "value") VALUES ('1fca9f35-7c75-5194-81e3-dfb18a2ef361', '932265f2-4f7c-5f7d-b31d-cb211276ae8d', 'KANJI', '地震');
INSERT INTO "vocabulary"."spelling" ("id", "vocabulary_id", "spelling_kind_code", "value") VALUES ('4a3afefc-691c-506d-9544-14c69d3e4d1b', '932265f2-4f7c-5f7d-b31d-cb211276ae8d', 'HIRAGANA', 'じしん');
INSERT INTO "vocabulary"."spelling" ("id", "vocabulary_id", "spelling_kind_code", "value") VALUES ('bd6720bf-6bb2-5531-a2fe-d2b19e8c5b33', '932265f2-4f7c-5f7d-b31d-cb211276ae8d', 'KANJI', '地震');
INSERT INTO "vocabulary"."linkages" ("vocabulary_id", "preferred_definition_id", "preferred_spelling_id", "phonetic_spelling_id", "alt_phonetic_spelling_id", "kanji_spelling_id", "conjugation_set_id") VALUES ('932265f2-4f7c-5f7d-b31d-cb211276ae8d', '2a778d1e-b78d-57ef-9449-60561e7905fd', '1fca9f35-7c75-5194-81e3-dfb18a2ef361', '4a3afefc-691c-506d-9544-14c69d3e4d1b', NULL, 'bd6720bf-6bb2-5531-a2fe-d2b19e8c5b33', NULL);
-- 湖 | lake --;
INSERT INTO "vocabulary"."vocabulary" ("id", "word_class_code", "conjugation_kind_code", "jlpt_level", "row_num", "tags", "date_added") VALUES ('890ba235-9527-4fe0-91bd-93629049bfb9', 'NOUN', NULL, 4, 504, '{}', '2022-10-09');
INSERT INTO "vocabulary"."definition" ("id", "vocabulary_id", "sort_rank", "value") VALUES ('3b428cd8-fa85-5d5a-a939-af6767ff6844', '890ba235-9527-4fe0-91bd-93629049bfb9', 1, 'lake');
INSERT INTO "vocabulary"."spelling" ("id", "vocabulary_id", "spelling_kind_code", "value") VALUES ('7573adb3-e644-53a0-9446-1bfed6193327', '890ba235-9527-4fe0-91bd-93629049bfb9', 'KANJI', '湖');
INSERT INTO "vocabulary"."spelling" ("id", "vocabulary_id", "spelling_kind_code", "value") VALUES ('5b0aa28f-8659-56d9-aeb3-fd35bff94f71', '890ba235-9527-4fe0-91bd-93629049bfb9', 'HIRAGANA', 'みずうみ');
INSERT INTO "vocabulary"."spelling" ("id", "vocabulary_id", "spelling_kind_code", "value") VALUES ('e3ac40f6-ef51-509a-bbe5-bd9ba6af2a6b', '890ba235-9527-4fe0-91bd-93629049bfb9', 'KANJI', '湖');
INSERT INTO "vocabulary"."linkages" ("vocabulary_id", "preferred_definition_id", "preferred_spelling_id", "phonetic_spelling_id", "alt_phonetic_spelling_id", "kanji_spelling_id", "conjugation_set_id") VALUES ('890ba235-9527-4fe0-91bd-93629049bfb9', '3b428cd8-fa85-5d5a-a939-af6767ff6844', '7573adb3-e644-53a0-9446-1bfed6193327', '5b0aa28f-8659-56d9-aeb3-fd35bff94f71', NULL, 'e3ac40f6-ef51-509a-bbe5-bd9ba6af2a6b', NULL);
-- ~湖 | lake (place suffix) --;
INSERT INTO "vocabulary"."vocabulary" ("id", "word_class_code", "conjugation_kind_code", "jlpt_level", "row_num", "tags", "date_added") VALUES ('4a460208-8302-4310-ad5a-1bddeaa9f6ed', 'NOUN', NULL, NULL, 505, '{}', '2022-10-09');
INSERT INTO "vocabulary"."definition" ("id", "vocabulary_id", "sort_rank", "value") VALUES ('da8279f0-89e1-5c51-b2c4-8980706952ce', '4a460208-8302-4310-ad5a-1bddeaa9f6ed', 1, 'lake (place suffix)');
INSERT INTO "vocabulary"."spelling" ("id", "vocabulary_id", "spelling_kind_code", "value") VALUES ('e94a28cd-7c91-53c5-937f-943528f42324', '4a460208-8302-4310-ad5a-1bddeaa9f6ed', 'KANJI', '~湖');
INSERT INTO "vocabulary"."spelling" ("id", "vocabulary_id", "spelling_kind_code", "value") VALUES ('4a5677e8-7a3a-583f-b8bb-651ec5c715fb', '4a460208-8302-4310-ad5a-1bddeaa9f6ed', 'HIRAGANA', 'こ');
INSERT INTO "vocabulary"."spelling" ("id", "vocabulary_id", "spelling_kind_code", "value") VALUES ('814590bf-2071-58e1-b42c-cf44799af2d1', '4a460208-8302-4310-ad5a-1bddeaa9f6ed', 'KANJI', '~湖');
INSERT INTO "vocabulary"."linkages" ("vocabulary_id", "preferred_definition_id", "preferred_spelling_id", "phonetic_spelling_id", "alt_phonetic_spelling_id", "kanji_spelling_id", "conjugation_set_id") VALUES ('4a460208-8302-4310-ad5a-1bddeaa9f6ed', 'da8279f0-89e1-5c51-b2c4-8980706952ce', 'e94a28cd-7c91-53c5-937f-943528f42324', '4a5677e8-7a3a-583f-b8bb-651ec5c715fb', NULL, '814590bf-2071-58e1-b42c-cf44799af2d1', NULL);
-- 米 | rice (husked, uncooked) --;
INSERT INTO "vocabulary"."vocabulary" ("id", "word_class_code", "conjugation_kind_code", "jlpt_level", "row_num", "tags", "date_added") VALUES ('61d1e705-cff1-4878-80a3-79621573e4d0', 'NOUN', NULL, 4, 506, '{food}', '2022-10-09');
INSERT INTO "vocabulary"."definition" ("id", "vocabulary_id", "sort_rank", "value") VALUES ('30c61842-bd0f-5456-8594-df62f93c9cde', '61d1e705-cff1-4878-80a3-79621573e4d0', 1, 'rice (husked, uncooked)');
INSERT INTO "vocabulary"."spelling" ("id", "vocabulary_id", "spelling_kind_code", "value") VALUES ('09d116e8-7627-5d19-bbda-ddee7f881daa', '61d1e705-cff1-4878-80a3-79621573e4d0', 'KANJI', '米');
INSERT INTO "vocabulary"."spelling" ("id", "vocabulary_id", "spelling_kind_code", "value") VALUES ('525dd6da-1cc7-54fc-9375-337e8fa95cdc', '61d1e705-cff1-4878-80a3-79621573e4d0', 'HIRAGANA', 'こめ');
INSERT INTO "vocabulary"."spelling" ("id", "vocabulary_id", "spelling_kind_code", "value") VALUES ('6ae77cb4-cbac-53bc-9893-60fbfb3aed18', '61d1e705-cff1-4878-80a3-79621573e4d0', 'KANJI', '米');
INSERT INTO "vocabulary"."linkages" ("vocabulary_id", "preferred_definition_id", "preferred_spelling_id", "phonetic_spelling_id", "alt_phonetic_spelling_id", "kanji_spelling_id", "conjugation_set_id") VALUES ('61d1e705-cff1-4878-80a3-79621573e4d0', '30c61842-bd0f-5456-8594-df62f93c9cde', '09d116e8-7627-5d19-bbda-ddee7f881daa', '525dd6da-1cc7-54fc-9375-337e8fa95cdc', NULL, '6ae77cb4-cbac-53bc-9893-60fbfb3aed18', NULL);
-- 抹茶 | matcha --;
INSERT INTO "vocabulary"."vocabulary" ("id", "word_class_code", "conjugation_kind_code", "jlpt_level", "row_num", "tags", "date_added") VALUES ('65b11105-952e-4063-88a5-0e79208e9416', 'NOUN', NULL, NULL, 507, '{food}', '2022-10-11');
INSERT INTO "vocabulary"."definition" ("id", "vocabulary_id", "sort_rank", "value") VALUES ('95206fa7-f7b2-5c3a-8dff-05149e150e02', '65b11105-952e-4063-88a5-0e79208e9416', 1, 'matcha');
INSERT INTO "vocabulary"."spelling" ("id", "vocabulary_id", "spelling_kind_code", "value") VALUES ('c6a3c528-213b-5df5-baf0-b26dd1b28557', '65b11105-952e-4063-88a5-0e79208e9416', 'KANJI', '抹茶');
INSERT INTO "vocabulary"."spelling" ("id", "vocabulary_id", "spelling_kind_code", "value") VALUES ('4b28cf9e-3865-587d-9c99-c4545224e8d7', '65b11105-952e-4063-88a5-0e79208e9416', 'HIRAGANA', 'まっちゃ');
INSERT INTO "vocabulary"."spelling" ("id", "vocabulary_id", "spelling_kind_code", "value") VALUES ('8a22ffa8-8016-5d5e-86ef-ca2f72718ee3', '65b11105-952e-4063-88a5-0e79208e9416', 'KANJI', '抹茶');
INSERT INTO "vocabulary"."linkages" ("vocabulary_id", "preferred_definition_id", "preferred_spelling_id", "phonetic_spelling_id", "alt_phonetic_spelling_id", "kanji_spelling_id", "conjugation_set_id") VALUES ('65b11105-952e-4063-88a5-0e79208e9416', '95206fa7-f7b2-5c3a-8dff-05149e150e02', 'c6a3c528-213b-5df5-baf0-b26dd1b28557', '4b28cf9e-3865-587d-9c99-c4545224e8d7', NULL, '8a22ffa8-8016-5d5e-86ef-ca2f72718ee3', NULL);
-- 焼き | cooking, esp. frying --;
INSERT INTO "vocabulary"."vocabulary" ("id", "word_class_code", "conjugation_kind_code", "jlpt_level", "row_num", "tags", "date_added") VALUES ('fbd864eb-69c2-42e7-8025-c8874a7adf1c', 'NOUN', NULL, NULL, 508, '{food}', '2022-10-25');
INSERT INTO "vocabulary"."definition" ("id", "vocabulary_id", "sort_rank", "value") VALUES ('e5c35eba-6159-5d8a-8c42-0c3d2dd55f1a', 'fbd864eb-69c2-42e7-8025-c8874a7adf1c', 1, 'cooking, esp. frying');
INSERT INTO "vocabulary"."spelling" ("id", "vocabulary_id", "spelling_kind_code", "value") VALUES ('7c29ddc3-46f6-5de5-966c-100364d3bc33', 'fbd864eb-69c2-42e7-8025-c8874a7adf1c', 'KANJI', '焼き');
INSERT INTO "vocabulary"."spelling" ("id", "vocabulary_id", "spelling_kind_code", "value") VALUES ('dc0ecc57-d4d1-5a66-8ac1-ac86485e46a9', 'fbd864eb-69c2-42e7-8025-c8874a7adf1c', 'HIRAGANA', 'やき');
INSERT INTO "vocabulary"."spelling" ("id", "vocabulary_id", "spelling_kind_code", "value") VALUES ('2c5724bc-0efd-5e2a-9d03-5bec41cf65c8', 'fbd864eb-69c2-42e7-8025-c8874a7adf1c', 'KANJI', '焼き');
INSERT INTO "vocabulary"."linkages" ("vocabulary_id", "preferred_definition_id", "preferred_spelling_id", "phonetic_spelling_id", "alt_phonetic_spelling_id", "kanji_spelling_id", "conjugation_set_id") VALUES ('fbd864eb-69c2-42e7-8025-c8874a7adf1c', 'e5c35eba-6159-5d8a-8c42-0c3d2dd55f1a', '7c29ddc3-46f6-5de5-966c-100364d3bc33', 'dc0ecc57-d4d1-5a66-8ac1-ac86485e46a9', NULL, '2c5724bc-0efd-5e2a-9d03-5bec41cf65c8', NULL);
-- 手伝う | to assist; to help --;
INSERT INTO "vocabulary"."vocabulary" ("id", "word_class_code", "conjugation_kind_code", "jlpt_level", "row_num", "tags", "date_added") VALUES ('efc52f0e-dabf-46c7-b2ad-26e571ae6d45', 'VERB', 'GODAN_VERB', 4, 509, '{}', '2022-10-12');
INSERT INTO "vocabulary"."definition" ("id", "vocabulary_id", "sort_rank", "value") VALUES ('0315baff-4f4b-5410-b44e-442974939d7d', 'efc52f0e-dabf-46c7-b2ad-26e571ae6d45', 1, 'to assist; to help');
INSERT INTO "vocabulary"."spelling" ("id", "vocabulary_id", "spelling_kind_code", "value") VALUES ('b2ab427e-d672-5fda-98c7-6f1afa396080', 'efc52f0e-dabf-46c7-b2ad-26e571ae6d45', 'KANJI', '手伝う');
INSERT INTO "vocabulary"."spelling" ("id", "vocabulary_id", "spelling_kind_code", "value") VALUES ('7b194fbd-6c33-5110-8227-2dc3aa276378', 'efc52f0e-dabf-46c7-b2ad-26e571ae6d45', 'HIRAGANA', 'てつだう');
INSERT INTO "vocabulary"."spelling" ("id", "vocabulary_id", "spelling_kind_code", "value") VALUES ('96183f65-8f2c-5eae-9d8f-49ef8d42f855', 'efc52f0e-dabf-46c7-b2ad-26e571ae6d45', 'KANJI', '手伝う');
INSERT INTO "vocabulary"."conjugation_set" ("id", "vocabulary_id") VALUES ('bd8db24d-461d-5b30-8e35-0c697de83d03', 'efc52f0e-dabf-46c7-b2ad-26e571ae6d45');
INSERT INTO "vocabulary"."linkages" ("vocabulary_id", "preferred_definition_id", "preferred_spelling_id", "phonetic_spelling_id", "alt_phonetic_spelling_id", "kanji_spelling_id", "conjugation_set_id") VALUES ('efc52f0e-dabf-46c7-b2ad-26e571ae6d45', '0315baff-4f4b-5410-b44e-442974939d7d', 'b2ab427e-d672-5fda-98c7-6f1afa396080', '7b194fbd-6c33-5110-8227-2dc3aa276378', NULL, '96183f65-8f2c-5eae-9d8f-49ef8d42f855', 'bd8db24d-461d-5b30-8e35-0c697de83d03');
INSERT INTO "vocabulary"."reference" ("vocabulary_id", "lesson_code") VALUES ('efc52f0e-dabf-46c7-b2ad-26e571ae6d45', 'GENKI3_L06');
INSERT INTO "vocabulary"."conjugation" ("id", "conjugation_set_id", "politeness_code", "charge_code", "form_code", "sort_rank", "value") VALUES ('a992aa44-9efc-52b4-a257-78e5fc3ff3a8', 'bd8db24d-461d-5b30-8e35-0c697de83d03', 'PLAIN', 'POSITIVE', 'PRESENT', 1, '手伝う');
INSERT INTO "vocabulary"."conjugation" ("id", "conjugation_set_id", "politeness_code", "charge_code", "form_code", "sort_rank", "value") VALUES ('fabe62d5-0eee-53cf-b18f-40996ffb79d5', 'bd8db24d-461d-5b30-8e35-0c697de83d03', 'PLAIN', 'POSITIVE', 'PAST', 1, '手伝った');
INSERT INTO "vocabulary"."conjugation" ("id", "conjugation_set_id", "politeness_code", "charge_code", "form_code", "sort_rank", "value") VALUES ('1c14cbd8-8784-5912-b692-ea1d99c56947', 'bd8db24d-461d-5b30-8e35-0c697de83d03', 'PLAIN', 'POSITIVE', 'TE', 1, '手伝って');
INSERT INTO "vocabulary"."conjugation" ("id", "conjugation_set_id", "politeness_code", "charge_code", "form_code", "sort_rank", "value") VALUES ('82a7b0ed-719e-5c97-ae5e-4bd2c0a1696d', 'bd8db24d-461d-5b30-8e35-0c697de83d03', 'PLAIN', 'NEGATIVE', 'PRESENT', 1, '手伝わない');
INSERT INTO "vocabulary"."conjugation" ("id", "conjugation_set_id", "politeness_code", "charge_code", "form_code", "sort_rank", "value") VALUES ('1d3114d8-095c-57eb-ac97-3f47530b43ef', 'bd8db24d-461d-5b30-8e35-0c697de83d03', 'PLAIN', 'NEGATIVE', 'PAST', 1, '手伝わなかった');
INSERT INTO "vocabulary"."conjugation" ("id", "conjugation_set_id", "politeness_code", "charge_code", "form_code", "sort_rank", "value") VALUES ('f484c5a0-09aa-5d37-b28f-8b541eaaafcd', 'bd8db24d-461d-5b30-8e35-0c697de83d03', 'PLAIN', 'NEGATIVE', 'TE', 1, '手伝わなくて');
INSERT INTO "vocabulary"."conjugation" ("id", "conjugation_set_id", "politeness_code", "charge_code", "form_code", "sort_rank", "value") VALUES ('b306d9c1-2a9d-5be1-969c-40f0023bfaef', 'bd8db24d-461d-5b30-8e35-0c697de83d03', 'POLITE', 'POSITIVE', 'PRESENT', 1, '手伝います');
INSERT INTO "vocabulary"."conjugation" ("id", "conjugation_set_id", "politeness_code", "charge_code", "form_code", "sort_rank", "value") VALUES ('a627aff8-4239-576f-8b08-a794cd610e9a', 'bd8db24d-461d-5b30-8e35-0c697de83d03', 'POLITE', 'POSITIVE', 'PAST', 1, '手伝いました');
INSERT INTO "vocabulary"."conjugation" ("id", "conjugation_set_id", "politeness_code", "charge_code", "form_code", "sort_rank", "value") VALUES ('992639d0-0152-542c-88ef-07980bbb28df', 'bd8db24d-461d-5b30-8e35-0c697de83d03', 'POLITE', 'NEGATIVE', 'PRESENT', 1, '手伝いません');
INSERT INTO "vocabulary"."conjugation" ("id", "conjugation_set_id", "politeness_code", "charge_code", "form_code", "sort_rank", "value") VALUES ('79957ca5-bf24-515b-a9c8-5106e18579e9', 'bd8db24d-461d-5b30-8e35-0c697de83d03', 'POLITE', 'NEGATIVE', 'PAST', 1, '手伝いませんでした');
-- 手伝ってください | help me please (formal) --;
INSERT INTO "vocabulary"."vocabulary" ("id", "word_class_code", "conjugation_kind_code", "jlpt_level", "row_num", "tags", "date_added") VALUES ('98e17f90-7254-4559-aaab-3994c94f4a5b', 'EXPRESSION', NULL, NULL, 510, '{}', '2022-10-12');
INSERT INTO "vocabulary"."definition" ("id", "vocabulary_id", "sort_rank", "value") VALUES ('bd40ba03-3a32-5ab4-849d-42cbb2805b86', '98e17f90-7254-4559-aaab-3994c94f4a5b', 1, 'help me please (formal)');
INSERT INTO "vocabulary"."spelling" ("id", "vocabulary_id", "spelling_kind_code", "value") VALUES ('7137cc7b-9827-56f0-8a20-fdbf74a3347a', '98e17f90-7254-4559-aaab-3994c94f4a5b', 'KANJI', '手伝ってください');
INSERT INTO "vocabulary"."spelling" ("id", "vocabulary_id", "spelling_kind_code", "value") VALUES ('933d78e1-e47e-558f-af47-8147d2c8d7a1', '98e17f90-7254-4559-aaab-3994c94f4a5b', 'HIRAGANA', 'てつだってください');
INSERT INTO "vocabulary"."spelling" ("id", "vocabulary_id", "spelling_kind_code", "value") VALUES ('00872589-ee0a-54ad-9efb-5edd23a4a6f7', '98e17f90-7254-4559-aaab-3994c94f4a5b', 'KANJI', '手伝ってください');
INSERT INTO "vocabulary"."linkages" ("vocabulary_id", "preferred_definition_id", "preferred_spelling_id", "phonetic_spelling_id", "alt_phonetic_spelling_id", "kanji_spelling_id", "conjugation_set_id") VALUES ('98e17f90-7254-4559-aaab-3994c94f4a5b', 'bd40ba03-3a32-5ab4-849d-42cbb2805b86', '7137cc7b-9827-56f0-8a20-fdbf74a3347a', '933d78e1-e47e-558f-af47-8147d2c8d7a1', NULL, '00872589-ee0a-54ad-9efb-5edd23a4a6f7', NULL);
-- 手伝って | help me please (casual) --;
INSERT INTO "vocabulary"."vocabulary" ("id", "word_class_code", "conjugation_kind_code", "jlpt_level", "row_num", "tags", "date_added") VALUES ('2f9f5860-7c39-49b6-8fd2-98ec4b1cc956', 'EXPRESSION', NULL, NULL, 511, '{}', '2022-10-12');
INSERT INTO "vocabulary"."definition" ("id", "vocabulary_id", "sort_rank", "value") VALUES ('383c5033-d448-5458-b542-9e70b3713009', '2f9f5860-7c39-49b6-8fd2-98ec4b1cc956', 1, 'help me please (casual)');
INSERT INTO "vocabulary"."spelling" ("id", "vocabulary_id", "spelling_kind_code", "value") VALUES ('e7d66ea2-7cfa-57c7-acb2-11387da3bb6c', '2f9f5860-7c39-49b6-8fd2-98ec4b1cc956', 'KANJI', '手伝って');
INSERT INTO "vocabulary"."spelling" ("id", "vocabulary_id", "spelling_kind_code", "value") VALUES ('1badcb2d-a62f-537f-961d-ab30443a5ea8', '2f9f5860-7c39-49b6-8fd2-98ec4b1cc956', 'HIRAGANA', 'てつだって');
INSERT INTO "vocabulary"."spelling" ("id", "vocabulary_id", "spelling_kind_code", "value") VALUES ('b6a95217-4097-5711-917c-c5bdcad5e5c4', '2f9f5860-7c39-49b6-8fd2-98ec4b1cc956', 'KANJI', '手伝って');
INSERT INTO "vocabulary"."linkages" ("vocabulary_id", "preferred_definition_id", "preferred_spelling_id", "phonetic_spelling_id", "alt_phonetic_spelling_id", "kanji_spelling_id", "conjugation_set_id") VALUES ('2f9f5860-7c39-49b6-8fd2-98ec4b1cc956', '383c5033-d448-5458-b542-9e70b3713009', 'e7d66ea2-7cfa-57c7-acb2-11387da3bb6c', '1badcb2d-a62f-537f-961d-ab30443a5ea8', NULL, 'b6a95217-4097-5711-917c-c5bdcad5e5c4', NULL);
-- やった | hooray --;
INSERT INTO "vocabulary"."vocabulary" ("id", "word_class_code", "conjugation_kind_code", "jlpt_level", "row_num", "tags", "date_added") VALUES ('71518b72-71c5-4db0-9e05-e23304302703', 'EXPRESSION', NULL, NULL, 512, '{}', '2022-10-23');
INSERT INTO "vocabulary"."definition" ("id", "vocabulary_id", "sort_rank", "value") VALUES ('f8aab032-2b0a-585d-b577-8834522288c5', '71518b72-71c5-4db0-9e05-e23304302703', 1, 'hooray');
INSERT INTO "vocabulary"."spelling" ("id", "vocabulary_id", "spelling_kind_code", "value") VALUES ('734e3e82-8bbc-51a2-aa99-f5a529bab8f6', '71518b72-71c5-4db0-9e05-e23304302703', 'HIRAGANA', 'やった');
INSERT INTO "vocabulary"."spelling" ("id", "vocabulary_id", "spelling_kind_code", "value") VALUES ('09d71ae6-e10d-5b36-b23b-f0420050b271', '71518b72-71c5-4db0-9e05-e23304302703', 'HIRAGANA', 'やった');
INSERT INTO "vocabulary"."linkages" ("vocabulary_id", "preferred_definition_id", "preferred_spelling_id", "phonetic_spelling_id", "alt_phonetic_spelling_id", "kanji_spelling_id", "conjugation_set_id") VALUES ('71518b72-71c5-4db0-9e05-e23304302703', 'f8aab032-2b0a-585d-b577-8834522288c5', '734e3e82-8bbc-51a2-aa99-f5a529bab8f6', '09d71ae6-e10d-5b36-b23b-f0420050b271', NULL, NULL, NULL);
-- 闇 | darkness; despair --;
INSERT INTO "vocabulary"."vocabulary" ("id", "word_class_code", "conjugation_kind_code", "jlpt_level", "row_num", "tags", "date_added") VALUES ('67417de0-0d2d-4c96-8343-426adba45ecb', 'NOUN', NULL, NULL, 513, '{}', '2022-10-28');
INSERT INTO "vocabulary"."definition" ("id", "vocabulary_id", "sort_rank", "value") VALUES ('3ab6a163-ebd7-5b50-b052-c60e2b013457', '67417de0-0d2d-4c96-8343-426adba45ecb', 1, 'darkness; despair');
INSERT INTO "vocabulary"."spelling" ("id", "vocabulary_id", "spelling_kind_code", "value") VALUES ('f743bba9-2bfa-5ea1-9aed-87d702618229', '67417de0-0d2d-4c96-8343-426adba45ecb', 'KANJI', '闇');
INSERT INTO "vocabulary"."spelling" ("id", "vocabulary_id", "spelling_kind_code", "value") VALUES ('5e517bef-7b4d-5410-bd7e-33f6ef666655', '67417de0-0d2d-4c96-8343-426adba45ecb', 'HIRAGANA', 'やみ');
INSERT INTO "vocabulary"."spelling" ("id", "vocabulary_id", "spelling_kind_code", "value") VALUES ('9cef51bc-42ef-5ad5-8e53-2c82f2b41eb4', '67417de0-0d2d-4c96-8343-426adba45ecb', 'KANJI', '闇');
INSERT INTO "vocabulary"."linkages" ("vocabulary_id", "preferred_definition_id", "preferred_spelling_id", "phonetic_spelling_id", "alt_phonetic_spelling_id", "kanji_spelling_id", "conjugation_set_id") VALUES ('67417de0-0d2d-4c96-8343-426adba45ecb', '3ab6a163-ebd7-5b50-b052-c60e2b013457', 'f743bba9-2bfa-5ea1-9aed-87d702618229', '5e517bef-7b4d-5410-bd7e-33f6ef666655', NULL, '9cef51bc-42ef-5ad5-8e53-2c82f2b41eb4', NULL);
-- さまよう | wander; loiter; putter --;
INSERT INTO "vocabulary"."vocabulary" ("id", "word_class_code", "conjugation_kind_code", "jlpt_level", "row_num", "tags", "date_added") VALUES ('5b2f7659-36f5-49eb-bfe9-7eabf7790726', 'VERB', 'GODAN_VERB', NULL, 514, '{}', '2022-10-28');
INSERT INTO "vocabulary"."definition" ("id", "vocabulary_id", "sort_rank", "value") VALUES ('b81c8117-4b3e-5ce4-8a6f-8ab4cc8be3bd', '5b2f7659-36f5-49eb-bfe9-7eabf7790726', 1, 'wander; loiter; putter');
INSERT INTO "vocabulary"."spelling" ("id", "vocabulary_id", "spelling_kind_code", "value") VALUES ('bc7cba4c-72f6-5477-9ad6-3b3a1c587221', '5b2f7659-36f5-49eb-bfe9-7eabf7790726', 'HIRAGANA', 'さまよう');
INSERT INTO "vocabulary"."spelling" ("id", "vocabulary_id", "spelling_kind_code", "value") VALUES ('026e4d28-84bb-51c8-b570-3bf332c71531', '5b2f7659-36f5-49eb-bfe9-7eabf7790726', 'HIRAGANA', 'さまよう');
INSERT INTO "vocabulary"."spelling" ("id", "vocabulary_id", "spelling_kind_code", "value") VALUES ('40506808-b74e-5387-925d-fb7ea62b34d0', '5b2f7659-36f5-49eb-bfe9-7eabf7790726', 'KANJI', '彷徨う');
INSERT INTO "vocabulary"."conjugation_set" ("id", "vocabulary_id") VALUES ('ab174f90-f61d-5b6b-b3bc-e438124df591', '5b2f7659-36f5-49eb-bfe9-7eabf7790726');
INSERT INTO "vocabulary"."linkages" ("vocabulary_id", "preferred_definition_id", "preferred_spelling_id", "phonetic_spelling_id", "alt_phonetic_spelling_id", "kanji_spelling_id", "conjugation_set_id") VALUES ('5b2f7659-36f5-49eb-bfe9-7eabf7790726', 'b81c8117-4b3e-5ce4-8a6f-8ab4cc8be3bd', 'bc7cba4c-72f6-5477-9ad6-3b3a1c587221', '026e4d28-84bb-51c8-b570-3bf332c71531', NULL, '40506808-b74e-5387-925d-fb7ea62b34d0', 'ab174f90-f61d-5b6b-b3bc-e438124df591');
INSERT INTO "vocabulary"."conjugation" ("id", "conjugation_set_id", "politeness_code", "charge_code", "form_code", "sort_rank", "value") VALUES ('6f72f26d-fce8-54d6-ad96-cb37d98a3a81', 'ab174f90-f61d-5b6b-b3bc-e438124df591', 'PLAIN', 'POSITIVE', 'PRESENT', 1, 'さまよう');
INSERT INTO "vocabulary"."conjugation" ("id", "conjugation_set_id", "politeness_code", "charge_code", "form_code", "sort_rank", "value") VALUES ('07420443-4d3f-5b24-932c-f43120717d28', 'ab174f90-f61d-5b6b-b3bc-e438124df591', 'PLAIN', 'POSITIVE', 'PAST', 1, 'さまよった');
INSERT INTO "vocabulary"."conjugation" ("id", "conjugation_set_id", "politeness_code", "charge_code", "form_code", "sort_rank", "value") VALUES ('9e3bd4a1-c3b3-57bf-abea-90678700e06a', 'ab174f90-f61d-5b6b-b3bc-e438124df591', 'PLAIN', 'POSITIVE', 'TE', 1, 'さまよって');
INSERT INTO "vocabulary"."conjugation" ("id", "conjugation_set_id", "politeness_code", "charge_code", "form_code", "sort_rank", "value") VALUES ('68010c4f-f1c0-5354-abc5-c29944a2e027', 'ab174f90-f61d-5b6b-b3bc-e438124df591', 'PLAIN', 'NEGATIVE', 'PRESENT', 1, 'さまよわない');
INSERT INTO "vocabulary"."conjugation" ("id", "conjugation_set_id", "politeness_code", "charge_code", "form_code", "sort_rank", "value") VALUES ('42e1bf9b-e281-5d39-a844-420533008e44', 'ab174f90-f61d-5b6b-b3bc-e438124df591', 'PLAIN', 'NEGATIVE', 'PAST', 1, 'さまよわなかった');
INSERT INTO "vocabulary"."conjugation" ("id", "conjugation_set_id", "politeness_code", "charge_code", "form_code", "sort_rank", "value") VALUES ('2679d401-b21e-5e51-ba10-6bddb05c7060', 'ab174f90-f61d-5b6b-b3bc-e438124df591', 'PLAIN', 'NEGATIVE', 'TE', 1, 'さまよわなくて');
INSERT INTO "vocabulary"."conjugation" ("id", "conjugation_set_id", "politeness_code", "charge_code", "form_code", "sort_rank", "value") VALUES ('fe4b46da-e321-5f91-abce-e7fa181d39ca', 'ab174f90-f61d-5b6b-b3bc-e438124df591', 'POLITE', 'POSITIVE', 'PRESENT', 1, 'さまよいます');
INSERT INTO "vocabulary"."conjugation" ("id", "conjugation_set_id", "politeness_code", "charge_code", "form_code", "sort_rank", "value") VALUES ('9b02cbf5-dcbe-5a0d-bb57-9b9fff69e068', 'ab174f90-f61d-5b6b-b3bc-e438124df591', 'POLITE', 'POSITIVE', 'PAST', 1, 'さまよいました');
INSERT INTO "vocabulary"."conjugation" ("id", "conjugation_set_id", "politeness_code", "charge_code", "form_code", "sort_rank", "value") VALUES ('e3467653-9798-56b8-87eb-d74d718ff375', 'ab174f90-f61d-5b6b-b3bc-e438124df591', 'POLITE', 'NEGATIVE', 'PRESENT', 1, 'さまよいません');
INSERT INTO "vocabulary"."conjugation" ("id", "conjugation_set_id", "politeness_code", "charge_code", "form_code", "sort_rank", "value") VALUES ('490f9db6-7f54-5846-9a34-5411947b7dc8', 'ab174f90-f61d-5b6b-b3bc-e438124df591', 'POLITE', 'NEGATIVE', 'PAST', 1, 'さまよいませんでした');
-- だけ | only; simply; to the extent of --;
INSERT INTO "vocabulary"."vocabulary" ("id", "word_class_code", "conjugation_kind_code", "jlpt_level", "row_num", "tags", "date_added") VALUES ('2041019c-3b5f-4ad6-803e-f94ca34dc725', 'PARTICLE', NULL, 1, 515, '{}', '2022-10-28');
INSERT INTO "vocabulary"."definition" ("id", "vocabulary_id", "sort_rank", "value") VALUES ('a3087003-5ffa-56a6-84f2-6a88ca5861f1', '2041019c-3b5f-4ad6-803e-f94ca34dc725', 1, 'only; simply; to the extent of');
INSERT INTO "vocabulary"."spelling" ("id", "vocabulary_id", "spelling_kind_code", "value") VALUES ('b97b3c28-7dfc-51ca-b1e5-42e6589b317c', '2041019c-3b5f-4ad6-803e-f94ca34dc725', 'HIRAGANA', 'だけ');
INSERT INTO "vocabulary"."spelling" ("id", "vocabulary_id", "spelling_kind_code", "value") VALUES ('a421b1d7-2536-50be-b430-5880eead0ac8', '2041019c-3b5f-4ad6-803e-f94ca34dc725', 'HIRAGANA', 'だけ');
INSERT INTO "vocabulary"."linkages" ("vocabulary_id", "preferred_definition_id", "preferred_spelling_id", "phonetic_spelling_id", "alt_phonetic_spelling_id", "kanji_spelling_id", "conjugation_set_id") VALUES ('2041019c-3b5f-4ad6-803e-f94ca34dc725', 'a3087003-5ffa-56a6-84f2-6a88ca5861f1', 'b97b3c28-7dfc-51ca-b1e5-42e6589b317c', 'a421b1d7-2536-50be-b430-5880eead0ac8', NULL, NULL, NULL);
-- 楽しみ | anticipation; looking forward --;
INSERT INTO "vocabulary"."vocabulary" ("id", "word_class_code", "conjugation_kind_code", "jlpt_level", "row_num", "tags", "date_added") VALUES ('b6c9813d-5289-4b39-8a74-b5f33c33caab', 'NOUN', NULL, 4, 516, '{}', '2022-10-28');
INSERT INTO "vocabulary"."definition" ("id", "vocabulary_id", "sort_rank", "value") VALUES ('fb32511f-d27d-5dd0-b533-a6be2143c0b9', 'b6c9813d-5289-4b39-8a74-b5f33c33caab', 1, 'anticipation; looking forward');
INSERT INTO "vocabulary"."spelling" ("id", "vocabulary_id", "spelling_kind_code", "value") VALUES ('27b8a101-799d-5406-9df9-cb0561d2fbc0', 'b6c9813d-5289-4b39-8a74-b5f33c33caab', 'KANJI', '楽しみ');
INSERT INTO "vocabulary"."spelling" ("id", "vocabulary_id", "spelling_kind_code", "value") VALUES ('e8abeb55-75aa-59d5-a5bf-b0499babaded', 'b6c9813d-5289-4b39-8a74-b5f33c33caab', 'HIRAGANA', 'たのしみ');
INSERT INTO "vocabulary"."linkages" ("vocabulary_id", "preferred_definition_id", "preferred_spelling_id", "phonetic_spelling_id", "alt_phonetic_spelling_id", "kanji_spelling_id", "conjugation_set_id") VALUES ('b6c9813d-5289-4b39-8a74-b5f33c33caab', 'fb32511f-d27d-5dd0-b533-a6be2143c0b9', '27b8a101-799d-5406-9df9-cb0561d2fbc0', 'e8abeb55-75aa-59d5-a5bf-b0499babaded', NULL, NULL, NULL);
INSERT INTO "vocabulary"."reference" ("vocabulary_id", "lesson_code") VALUES ('b6c9813d-5289-4b39-8a74-b5f33c33caab', 'SATORI_AKIKO');
-- 日記 | diary; journal --;
INSERT INTO "vocabulary"."vocabulary" ("id", "word_class_code", "conjugation_kind_code", "jlpt_level", "row_num", "tags", "date_added") VALUES ('b1d00880-96a1-4022-83e8-37b3d194641a', 'NOUN', NULL, 4, 517, '{}', '2022-10-28');
INSERT INTO "vocabulary"."definition" ("id", "vocabulary_id", "sort_rank", "value") VALUES ('1ce39e20-f501-5e54-93b7-dbb38a873f55', 'b1d00880-96a1-4022-83e8-37b3d194641a', 1, 'diary; journal');
INSERT INTO "vocabulary"."spelling" ("id", "vocabulary_id", "spelling_kind_code", "value") VALUES ('6061719c-b5f6-57f5-b99d-0e1ea4fa8dab', 'b1d00880-96a1-4022-83e8-37b3d194641a', 'KANJI', '日記');
INSERT INTO "vocabulary"."spelling" ("id", "vocabulary_id", "spelling_kind_code", "value") VALUES ('84c282f0-a7cf-5376-acfa-9e989fec2d1a', 'b1d00880-96a1-4022-83e8-37b3d194641a', 'HIRAGANA', 'にっき');
INSERT INTO "vocabulary"."linkages" ("vocabulary_id", "preferred_definition_id", "preferred_spelling_id", "phonetic_spelling_id", "alt_phonetic_spelling_id", "kanji_spelling_id", "conjugation_set_id") VALUES ('b1d00880-96a1-4022-83e8-37b3d194641a', '1ce39e20-f501-5e54-93b7-dbb38a873f55', '6061719c-b5f6-57f5-b99d-0e1ea4fa8dab', '84c282f0-a7cf-5376-acfa-9e989fec2d1a', NULL, NULL, NULL);
INSERT INTO "vocabulary"."reference" ("vocabulary_id", "lesson_code") VALUES ('b1d00880-96a1-4022-83e8-37b3d194641a', 'SATORI_AKIKO');
-- 今朝 | this morning --;
INSERT INTO "vocabulary"."vocabulary" ("id", "word_class_code", "conjugation_kind_code", "jlpt_level", "row_num", "tags", "date_added") VALUES ('08e9dd32-2b1b-4607-be8e-d478b4b61dcc', 'NOUN', NULL, 5, 518, '{}', '2022-10-28');
INSERT INTO "vocabulary"."definition" ("id", "vocabulary_id", "sort_rank", "value") VALUES ('7015acf0-6219-5eec-892a-f24c37d24c4f', '08e9dd32-2b1b-4607-be8e-d478b4b61dcc', 1, 'this morning');
INSERT INTO "vocabulary"."spelling" ("id", "vocabulary_id", "spelling_kind_code", "value") VALUES ('349e7ce6-e314-5ed9-8faf-6ceb9070ccaa', '08e9dd32-2b1b-4607-be8e-d478b4b61dcc', 'KANJI', '今朝');
INSERT INTO "vocabulary"."spelling" ("id", "vocabulary_id", "spelling_kind_code", "value") VALUES ('cf0ba939-47e9-51d0-b21e-a721c41eda22', '08e9dd32-2b1b-4607-be8e-d478b4b61dcc', 'HIRAGANA', 'けさ');
INSERT INTO "vocabulary"."linkages" ("vocabulary_id", "preferred_definition_id", "preferred_spelling_id", "phonetic_spelling_id", "alt_phonetic_spelling_id", "kanji_spelling_id", "conjugation_set_id") VALUES ('08e9dd32-2b1b-4607-be8e-d478b4b61dcc', '7015acf0-6219-5eec-892a-f24c37d24c4f', '349e7ce6-e314-5ed9-8faf-6ceb9070ccaa', 'cf0ba939-47e9-51d0-b21e-a721c41eda22', NULL, NULL, NULL);
INSERT INTO "vocabulary"."reference" ("vocabulary_id", "lesson_code") VALUES ('08e9dd32-2b1b-4607-be8e-d478b4b61dcc', 'GENKI3_L08');
INSERT INTO "vocabulary"."reference" ("vocabulary_id", "lesson_code") VALUES ('08e9dd32-2b1b-4607-be8e-d478b4b61dcc', 'SATORI_AKIKO');
-- から | from (e.g. time, place, numerical); since --;
INSERT INTO "vocabulary"."vocabulary" ("id", "word_class_code", "conjugation_kind_code", "jlpt_level", "row_num", "tags", "date_added") VALUES ('a10a6ed4-5532-49e3-b3d5-85ce530a2e68', 'PARTICLE', NULL, NULL, 519, '{}', '2022-10-28');
INSERT INTO "vocabulary"."definition" ("id", "vocabulary_id", "sort_rank", "value") VALUES ('e5489925-3495-5083-bb06-258af854c292', 'a10a6ed4-5532-49e3-b3d5-85ce530a2e68', 1, 'from (e.g. time, place, numerical); since');
INSERT INTO "vocabulary"."spelling" ("id", "vocabulary_id", "spelling_kind_code", "value") VALUES ('817c0819-1ea8-5e30-b354-84ca1de57d17', 'a10a6ed4-5532-49e3-b3d5-85ce530a2e68', 'HIRAGANA', 'から');
INSERT INTO "vocabulary"."spelling" ("id", "vocabulary_id", "spelling_kind_code", "value") VALUES ('f91ad339-8363-51d1-86b3-2bfeba2937e3', 'a10a6ed4-5532-49e3-b3d5-85ce530a2e68', 'HIRAGANA', 'から');
INSERT INTO "vocabulary"."linkages" ("vocabulary_id", "preferred_definition_id", "preferred_spelling_id", "phonetic_spelling_id", "alt_phonetic_spelling_id", "kanji_spelling_id", "conjugation_set_id") VALUES ('a10a6ed4-5532-49e3-b3d5-85ce530a2e68', 'e5489925-3495-5083-bb06-258af854c292', '817c0819-1ea8-5e30-b354-84ca1de57d17', 'f91ad339-8363-51d1-86b3-2bfeba2937e3', NULL, NULL, NULL);
INSERT INTO "vocabulary"."reference" ("vocabulary_id", "lesson_code") VALUES ('a10a6ed4-5532-49e3-b3d5-85ce530a2e68', 'SATORI_AKIKO');
-- 飛ぶ | to fly; to soar --;
INSERT INTO "vocabulary"."vocabulary" ("id", "word_class_code", "conjugation_kind_code", "jlpt_level", "row_num", "tags", "date_added") VALUES ('66b9dcc9-149e-4639-812b-d3a37529ddd5', 'VERB', 'GODAN_VERB', 5, 520, '{}', '2022-10-28');
INSERT INTO "vocabulary"."definition" ("id", "vocabulary_id", "sort_rank", "value") VALUES ('21f20951-2220-5f47-a060-c99d76f65646', '66b9dcc9-149e-4639-812b-d3a37529ddd5', 1, 'to fly; to soar');
INSERT INTO "vocabulary"."spelling" ("id", "vocabulary_id", "spelling_kind_code", "value") VALUES ('d52bc42e-46d8-53f5-a7df-13ee5e598c0d', '66b9dcc9-149e-4639-812b-d3a37529ddd5', 'KANJI', '飛ぶ');
INSERT INTO "vocabulary"."spelling" ("id", "vocabulary_id", "spelling_kind_code", "value") VALUES ('c9620f0e-5241-58ce-9acb-13ef61238d64', '66b9dcc9-149e-4639-812b-d3a37529ddd5', 'HIRAGANA', 'とぶ');
INSERT INTO "vocabulary"."conjugation_set" ("id", "vocabulary_id") VALUES ('e17ed91e-606f-5c00-87e8-be5ee065a1f0', '66b9dcc9-149e-4639-812b-d3a37529ddd5');
INSERT INTO "vocabulary"."linkages" ("vocabulary_id", "preferred_definition_id", "preferred_spelling_id", "phonetic_spelling_id", "alt_phonetic_spelling_id", "kanji_spelling_id", "conjugation_set_id") VALUES ('66b9dcc9-149e-4639-812b-d3a37529ddd5', '21f20951-2220-5f47-a060-c99d76f65646', 'd52bc42e-46d8-53f5-a7df-13ee5e598c0d', 'c9620f0e-5241-58ce-9acb-13ef61238d64', NULL, NULL, 'e17ed91e-606f-5c00-87e8-be5ee065a1f0');
INSERT INTO "vocabulary"."reference" ("vocabulary_id", "lesson_code") VALUES ('66b9dcc9-149e-4639-812b-d3a37529ddd5', 'SATORI_AKIKO');
INSERT INTO "vocabulary"."conjugation" ("id", "conjugation_set_id", "politeness_code", "charge_code", "form_code", "sort_rank", "value") VALUES ('7254adc2-70f9-5406-bdff-8b7f03fd4164', 'e17ed91e-606f-5c00-87e8-be5ee065a1f0', 'PLAIN', 'POSITIVE', 'PRESENT', 1, '飛ぶ');
INSERT INTO "vocabulary"."conjugation" ("id", "conjugation_set_id", "politeness_code", "charge_code", "form_code", "sort_rank", "value") VALUES ('363d551d-1134-583b-bc9c-1898af3ac653', 'e17ed91e-606f-5c00-87e8-be5ee065a1f0', 'PLAIN', 'POSITIVE', 'PAST', 1, '飛んだ');
INSERT INTO "vocabulary"."conjugation" ("id", "conjugation_set_id", "politeness_code", "charge_code", "form_code", "sort_rank", "value") VALUES ('81dbb4e1-9854-5800-bc52-af934eef817b', 'e17ed91e-606f-5c00-87e8-be5ee065a1f0', 'PLAIN', 'POSITIVE', 'TE', 1, '飛んで');
INSERT INTO "vocabulary"."conjugation" ("id", "conjugation_set_id", "politeness_code", "charge_code", "form_code", "sort_rank", "value") VALUES ('b6d4d5ee-803a-5f94-9d07-d5c94db393fa', 'e17ed91e-606f-5c00-87e8-be5ee065a1f0', 'PLAIN', 'NEGATIVE', 'PRESENT', 1, '飛ばない');
INSERT INTO "vocabulary"."conjugation" ("id", "conjugation_set_id", "politeness_code", "charge_code", "form_code", "sort_rank", "value") VALUES ('4edfa00e-7050-56f4-9a9f-40adebe467f2', 'e17ed91e-606f-5c00-87e8-be5ee065a1f0', 'PLAIN', 'NEGATIVE', 'PAST', 1, '飛ばなかった');
INSERT INTO "vocabulary"."conjugation" ("id", "conjugation_set_id", "politeness_code", "charge_code", "form_code", "sort_rank", "value") VALUES ('a072d300-7460-5903-bef8-85b6aa6da9b7', 'e17ed91e-606f-5c00-87e8-be5ee065a1f0', 'PLAIN', 'NEGATIVE', 'TE', 1, '飛ばなくて');
INSERT INTO "vocabulary"."conjugation" ("id", "conjugation_set_id", "politeness_code", "charge_code", "form_code", "sort_rank", "value") VALUES ('1ae7e929-3a5a-5bfa-a637-9fb7ba8ecc3d', 'e17ed91e-606f-5c00-87e8-be5ee065a1f0', 'POLITE', 'POSITIVE', 'PRESENT', 1, '飛びます');
INSERT INTO "vocabulary"."conjugation" ("id", "conjugation_set_id", "politeness_code", "charge_code", "form_code", "sort_rank", "value") VALUES ('d10c5497-d82a-5d85-9cb6-eb9ffd2c0253', 'e17ed91e-606f-5c00-87e8-be5ee065a1f0', 'POLITE', 'POSITIVE', 'PAST', 1, '飛びました');
INSERT INTO "vocabulary"."conjugation" ("id", "conjugation_set_id", "politeness_code", "charge_code", "form_code", "sort_rank", "value") VALUES ('8213429d-9373-5d32-9762-8175383671ad', 'e17ed91e-606f-5c00-87e8-be5ee065a1f0', 'POLITE', 'NEGATIVE', 'PRESENT', 1, '飛びません');
INSERT INTO "vocabulary"."conjugation" ("id", "conjugation_set_id", "politeness_code", "charge_code", "form_code", "sort_rank", "value") VALUES ('8a86923e-1bff-5d50-ae14-971b38e179be', 'e17ed91e-606f-5c00-87e8-be5ee065a1f0', 'POLITE', 'NEGATIVE', 'PAST', 1, '飛びませんでした');
-- シアトル | Seattle --;
INSERT INTO "vocabulary"."vocabulary" ("id", "word_class_code", "conjugation_kind_code", "jlpt_level", "row_num", "tags", "date_added") VALUES ('9e9f9643-20da-4b45-81cf-6529c352b762', 'PROPER_NOUN', NULL, NULL, 521, '{city,place}', '2022-10-28');
INSERT INTO "vocabulary"."definition" ("id", "vocabulary_id", "sort_rank", "value") VALUES ('6d95061e-49c5-5e18-b1a2-024cafef4cf4', '9e9f9643-20da-4b45-81cf-6529c352b762', 1, 'Seattle');
INSERT INTO "vocabulary"."spelling" ("id", "vocabulary_id", "spelling_kind_code", "value") VALUES ('3dc32795-f67e-54a3-8224-ed6d677997f8', '9e9f9643-20da-4b45-81cf-6529c352b762', 'KATAKANA', 'シアトル');
INSERT INTO "vocabulary"."spelling" ("id", "vocabulary_id", "spelling_kind_code", "value") VALUES ('4a76fca2-a746-5d06-83bb-16e4cea5aa09', '9e9f9643-20da-4b45-81cf-6529c352b762', 'HIRAGANA', 'しあとる');
INSERT INTO "vocabulary"."linkages" ("vocabulary_id", "preferred_definition_id", "preferred_spelling_id", "phonetic_spelling_id", "alt_phonetic_spelling_id", "kanji_spelling_id", "conjugation_set_id") VALUES ('9e9f9643-20da-4b45-81cf-6529c352b762', '6d95061e-49c5-5e18-b1a2-024cafef4cf4', '3dc32795-f67e-54a3-8224-ed6d677997f8', '4a76fca2-a746-5d06-83bb-16e4cea5aa09', NULL, NULL, NULL);
INSERT INTO "vocabulary"."reference" ("vocabulary_id", "lesson_code") VALUES ('9e9f9643-20da-4b45-81cf-6529c352b762', 'SATORI_AKIKO');
-- 空港 | airport --;
INSERT INTO "vocabulary"."vocabulary" ("id", "word_class_code", "conjugation_kind_code", "jlpt_level", "row_num", "tags", "date_added") VALUES ('9faa758c-5112-402d-8ef9-fd45059aac84', 'NOUN', NULL, 4, 522, '{place}', '2022-10-28');
INSERT INTO "vocabulary"."definition" ("id", "vocabulary_id", "sort_rank", "value") VALUES ('81a3fc4c-5ffc-5723-b0c9-22eb10affe49', '9faa758c-5112-402d-8ef9-fd45059aac84', 1, 'airport');
INSERT INTO "vocabulary"."spelling" ("id", "vocabulary_id", "spelling_kind_code", "value") VALUES ('75c13b39-1542-56a6-a4b9-037acbe00c3c', '9faa758c-5112-402d-8ef9-fd45059aac84', 'KANJI', '空港');
INSERT INTO "vocabulary"."spelling" ("id", "vocabulary_id", "spelling_kind_code", "value") VALUES ('cbe7e48b-03bc-5ee6-a980-57c7c57e195f', '9faa758c-5112-402d-8ef9-fd45059aac84', 'HIRAGANA', 'くうこう');
INSERT INTO "vocabulary"."spelling" ("id", "vocabulary_id", "spelling_kind_code", "value") VALUES ('642ff438-d693-50f6-b76a-0c7f1af8cc16', '9faa758c-5112-402d-8ef9-fd45059aac84', 'KANJI', '空港');
INSERT INTO "vocabulary"."linkages" ("vocabulary_id", "preferred_definition_id", "preferred_spelling_id", "phonetic_spelling_id", "alt_phonetic_spelling_id", "kanji_spelling_id", "conjugation_set_id") VALUES ('9faa758c-5112-402d-8ef9-fd45059aac84', '81a3fc4c-5ffc-5723-b0c9-22eb10affe49', '75c13b39-1542-56a6-a4b9-037acbe00c3c', 'cbe7e48b-03bc-5ee6-a980-57c7c57e195f', NULL, '642ff438-d693-50f6-b76a-0c7f1af8cc16', NULL);
INSERT INTO "vocabulary"."reference" ("vocabulary_id", "lesson_code") VALUES ('9faa758c-5112-402d-8ef9-fd45059aac84', 'SATORI_AKIKO');
-- さっき | some time ago; just now --;
INSERT INTO "vocabulary"."vocabulary" ("id", "word_class_code", "conjugation_kind_code", "jlpt_level", "row_num", "tags", "date_added") VALUES ('462fbcf0-f756-490d-badd-58bbaad4b8a9', 'NOUN', NULL, 4, 523, '{}', '2022-10-28');
INSERT INTO "vocabulary"."definition" ("id", "vocabulary_id", "sort_rank", "value") VALUES ('60c3e351-f558-5532-b623-c70a6757f8fb', '462fbcf0-f756-490d-badd-58bbaad4b8a9', 1, 'some time ago; just now');
INSERT INTO "vocabulary"."spelling" ("id", "vocabulary_id", "spelling_kind_code", "value") VALUES ('4d029f62-5a91-5176-a848-2dc25605dfbe', '462fbcf0-f756-490d-badd-58bbaad4b8a9', 'HIRAGANA', 'さっき');
INSERT INTO "vocabulary"."spelling" ("id", "vocabulary_id", "spelling_kind_code", "value") VALUES ('8abd1b5c-adc7-57ac-9d4d-e3b93d988760', '462fbcf0-f756-490d-badd-58bbaad4b8a9', 'HIRAGANA', 'さっき');
INSERT INTO "vocabulary"."linkages" ("vocabulary_id", "preferred_definition_id", "preferred_spelling_id", "phonetic_spelling_id", "alt_phonetic_spelling_id", "kanji_spelling_id", "conjugation_set_id") VALUES ('462fbcf0-f756-490d-badd-58bbaad4b8a9', '60c3e351-f558-5532-b623-c70a6757f8fb', '4d029f62-5a91-5176-a848-2dc25605dfbe', '8abd1b5c-adc7-57ac-9d4d-e3b93d988760', NULL, NULL, NULL);
INSERT INTO "vocabulary"."reference" ("vocabulary_id", "lesson_code") VALUES ('462fbcf0-f756-490d-badd-58bbaad4b8a9', 'SATORI_AKIKO');
-- 夕食 | evening meal; dinner --;
INSERT INTO "vocabulary"."vocabulary" ("id", "word_class_code", "conjugation_kind_code", "jlpt_level", "row_num", "tags", "date_added") VALUES ('573b3e35-e29b-43d9-897a-f1ae85712b8f', 'NOUN', NULL, NULL, 524, '{food}', '2022-10-28');
INSERT INTO "vocabulary"."definition" ("id", "vocabulary_id", "sort_rank", "value") VALUES ('3c31b060-3c10-563a-bdc7-fb99d4f7c106', '573b3e35-e29b-43d9-897a-f1ae85712b8f', 1, 'evening meal; dinner');
INSERT INTO "vocabulary"."spelling" ("id", "vocabulary_id", "spelling_kind_code", "value") VALUES ('1ac1faa8-f777-5de9-a5d8-d481fd79e8c0', '573b3e35-e29b-43d9-897a-f1ae85712b8f', 'KANJI', '夕食');
INSERT INTO "vocabulary"."spelling" ("id", "vocabulary_id", "spelling_kind_code", "value") VALUES ('5a4de377-5c82-54c4-a048-24842b7edabc', '573b3e35-e29b-43d9-897a-f1ae85712b8f', 'HIRAGANA', 'ゆうしょく');
INSERT INTO "vocabulary"."spelling" ("id", "vocabulary_id", "spelling_kind_code", "value") VALUES ('2e0273a6-e722-5d0c-b77d-6326797553d3', '573b3e35-e29b-43d9-897a-f1ae85712b8f', 'KANJI', '夕食');
INSERT INTO "vocabulary"."linkages" ("vocabulary_id", "preferred_definition_id", "preferred_spelling_id", "phonetic_spelling_id", "alt_phonetic_spelling_id", "kanji_spelling_id", "conjugation_set_id") VALUES ('573b3e35-e29b-43d9-897a-f1ae85712b8f', '3c31b060-3c10-563a-bdc7-fb99d4f7c106', '1ac1faa8-f777-5de9-a5d8-d481fd79e8c0', '5a4de377-5c82-54c4-a048-24842b7edabc', NULL, '2e0273a6-e722-5d0c-b77d-6326797553d3', NULL);
INSERT INTO "vocabulary"."reference" ("vocabulary_id", "lesson_code") VALUES ('573b3e35-e29b-43d9-897a-f1ae85712b8f', 'SATORI_AKIKO');
-- 一緒 | together --;
INSERT INTO "vocabulary"."vocabulary" ("id", "word_class_code", "conjugation_kind_code", "jlpt_level", "row_num", "tags", "date_added") VALUES ('cef0ee5e-ff0d-41de-a8e1-795266b6e565', 'ADVERB', NULL, 5, 525, '{}', '2022-10-28');
INSERT INTO "vocabulary"."definition" ("id", "vocabulary_id", "sort_rank", "value") VALUES ('84ce68d6-a3f7-5bd3-a102-0df87eb17fcf', 'cef0ee5e-ff0d-41de-a8e1-795266b6e565', 1, 'together');
INSERT INTO "vocabulary"."spelling" ("id", "vocabulary_id", "spelling_kind_code", "value") VALUES ('a9600e72-e14a-5e9c-b3e9-177724ad899a', 'cef0ee5e-ff0d-41de-a8e1-795266b6e565', 'KANJI', '一緒');
INSERT INTO "vocabulary"."spelling" ("id", "vocabulary_id", "spelling_kind_code", "value") VALUES ('914fee31-eb67-5685-b2e2-d89435b2459a', 'cef0ee5e-ff0d-41de-a8e1-795266b6e565', 'HIRAGANA', 'いっしょ');
INSERT INTO "vocabulary"."spelling" ("id", "vocabulary_id", "spelling_kind_code", "value") VALUES ('e016aa58-9ed3-57c8-b8dd-744b7051eb4f', 'cef0ee5e-ff0d-41de-a8e1-795266b6e565', 'KANJI', '一緒');
INSERT INTO "vocabulary"."linkages" ("vocabulary_id", "preferred_definition_id", "preferred_spelling_id", "phonetic_spelling_id", "alt_phonetic_spelling_id", "kanji_spelling_id", "conjugation_set_id") VALUES ('cef0ee5e-ff0d-41de-a8e1-795266b6e565', '84ce68d6-a3f7-5bd3-a102-0df87eb17fcf', 'a9600e72-e14a-5e9c-b3e9-177724ad899a', '914fee31-eb67-5685-b2e2-d89435b2459a', NULL, 'e016aa58-9ed3-57c8-b8dd-744b7051eb4f', NULL);
INSERT INTO "vocabulary"."reference" ("vocabulary_id", "lesson_code") VALUES ('cef0ee5e-ff0d-41de-a8e1-795266b6e565', 'SATORI_AKIKO');
-- 鯉 | common carp --;
INSERT INTO "vocabulary"."vocabulary" ("id", "word_class_code", "conjugation_kind_code", "jlpt_level", "row_num", "tags", "date_added") VALUES ('40181bee-9f80-4458-b950-5a03ad5c696b', 'NOUN', NULL, NULL, 526, '{animal}', '2022-10-30');
INSERT INTO "vocabulary"."definition" ("id", "vocabulary_id", "sort_rank", "value") VALUES ('f7c26b11-32a6-537b-ba8a-e1e6cf0ea859', '40181bee-9f80-4458-b950-5a03ad5c696b', 1, 'common carp');
INSERT INTO "vocabulary"."spelling" ("id", "vocabulary_id", "spelling_kind_code", "value") VALUES ('db693a51-416f-57fc-9d90-a120e88b8263', '40181bee-9f80-4458-b950-5a03ad5c696b', 'KANJI', '鯉');
INSERT INTO "vocabulary"."spelling" ("id", "vocabulary_id", "spelling_kind_code", "value") VALUES ('79cb67c7-6f25-5463-aba6-c6c24f3cfb62', '40181bee-9f80-4458-b950-5a03ad5c696b', 'HIRAGANA', 'こい');
INSERT INTO "vocabulary"."spelling" ("id", "vocabulary_id", "spelling_kind_code", "value") VALUES ('e2cd8545-def0-5ff3-8945-3d57513a13aa', '40181bee-9f80-4458-b950-5a03ad5c696b', 'KANJI', '鯉');
INSERT INTO "vocabulary"."linkages" ("vocabulary_id", "preferred_definition_id", "preferred_spelling_id", "phonetic_spelling_id", "alt_phonetic_spelling_id", "kanji_spelling_id", "conjugation_set_id") VALUES ('40181bee-9f80-4458-b950-5a03ad5c696b', 'f7c26b11-32a6-537b-ba8a-e1e6cf0ea859', 'db693a51-416f-57fc-9d90-a120e88b8263', '79cb67c7-6f25-5463-aba6-c6c24f3cfb62', NULL, 'e2cd8545-def0-5ff3-8945-3d57513a13aa', NULL);
-- 恋 | romantic love --;
INSERT INTO "vocabulary"."vocabulary" ("id", "word_class_code", "conjugation_kind_code", "jlpt_level", "row_num", "tags", "date_added") VALUES ('c45eae5d-011d-4200-9dd7-be3ec1c2bf51', 'NOUN', NULL, 3, 527, '{}', '2022-10-30');
INSERT INTO "vocabulary"."definition" ("id", "vocabulary_id", "sort_rank", "value") VALUES ('70d49c72-9ae0-5e25-9099-a5084af19d99', 'c45eae5d-011d-4200-9dd7-be3ec1c2bf51', 1, 'romantic love');
INSERT INTO "vocabulary"."spelling" ("id", "vocabulary_id", "spelling_kind_code", "value") VALUES ('d3465463-5c94-5b6b-8ec3-c6cc5c0547fd', 'c45eae5d-011d-4200-9dd7-be3ec1c2bf51', 'KANJI', '恋');
INSERT INTO "vocabulary"."spelling" ("id", "vocabulary_id", "spelling_kind_code", "value") VALUES ('17859e74-1d30-557c-acdf-495557d60dcb', 'c45eae5d-011d-4200-9dd7-be3ec1c2bf51', 'HIRAGANA', 'こい');
INSERT INTO "vocabulary"."spelling" ("id", "vocabulary_id", "spelling_kind_code", "value") VALUES ('da6ab4b1-b20f-54b4-a15b-179fcbc55aa3', 'c45eae5d-011d-4200-9dd7-be3ec1c2bf51', 'KANJI', '恋');
INSERT INTO "vocabulary"."linkages" ("vocabulary_id", "preferred_definition_id", "preferred_spelling_id", "phonetic_spelling_id", "alt_phonetic_spelling_id", "kanji_spelling_id", "conjugation_set_id") VALUES ('c45eae5d-011d-4200-9dd7-be3ec1c2bf51', '70d49c72-9ae0-5e25-9099-a5084af19d99', 'd3465463-5c94-5b6b-8ec3-c6cc5c0547fd', '17859e74-1d30-557c-acdf-495557d60dcb', NULL, 'da6ab4b1-b20f-54b4-a15b-179fcbc55aa3', NULL);
-- 恋人 | boyfriend/girlfriend; lover --;
INSERT INTO "vocabulary"."vocabulary" ("id", "word_class_code", "conjugation_kind_code", "jlpt_level", "row_num", "tags", "date_added") VALUES ('640bcc29-e162-4c4d-ad37-fb7e38525f00', 'NOUN', NULL, 3, 528, '{}', '2022-10-30');
INSERT INTO "vocabulary"."definition" ("id", "vocabulary_id", "sort_rank", "value") VALUES ('8a7464ba-4210-5089-b8e6-f0691c11964a', '640bcc29-e162-4c4d-ad37-fb7e38525f00', 1, 'boyfriend/girlfriend; lover');
INSERT INTO "vocabulary"."spelling" ("id", "vocabulary_id", "spelling_kind_code", "value") VALUES ('62cb4237-0396-5a1a-a52c-280d3f0eb01a', '640bcc29-e162-4c4d-ad37-fb7e38525f00', 'KANJI', '恋人');
INSERT INTO "vocabulary"."spelling" ("id", "vocabulary_id", "spelling_kind_code", "value") VALUES ('eee266c1-a239-583c-8d16-1d46051c998e', '640bcc29-e162-4c4d-ad37-fb7e38525f00', 'HIRAGANA', 'こいびと');
INSERT INTO "vocabulary"."spelling" ("id", "vocabulary_id", "spelling_kind_code", "value") VALUES ('65c9874b-fe4b-5232-a35f-08d587731068', '640bcc29-e162-4c4d-ad37-fb7e38525f00', 'KANJI', '恋人');
INSERT INTO "vocabulary"."linkages" ("vocabulary_id", "preferred_definition_id", "preferred_spelling_id", "phonetic_spelling_id", "alt_phonetic_spelling_id", "kanji_spelling_id", "conjugation_set_id") VALUES ('640bcc29-e162-4c4d-ad37-fb7e38525f00', '8a7464ba-4210-5089-b8e6-f0691c11964a', '62cb4237-0396-5a1a-a52c-280d3f0eb01a', 'eee266c1-a239-583c-8d16-1d46051c998e', NULL, '65c9874b-fe4b-5232-a35f-08d587731068', NULL);
-- 初恋 | first love; puppy love --;
INSERT INTO "vocabulary"."vocabulary" ("id", "word_class_code", "conjugation_kind_code", "jlpt_level", "row_num", "tags", "date_added") VALUES ('37b16f64-6ecc-4167-a55d-eab2255d1235', 'NOUN', NULL, NULL, 529, '{}', '2022-11-02');
INSERT INTO "vocabulary"."definition" ("id", "vocabulary_id", "sort_rank", "value") VALUES ('81fc9d8f-6bf4-5ec3-bfaf-deb0d2ae5d48', '37b16f64-6ecc-4167-a55d-eab2255d1235', 1, 'first love; puppy love');
INSERT INTO "vocabulary"."spelling" ("id", "vocabulary_id", "spelling_kind_code", "value") VALUES ('41c841cb-34aa-56a7-8713-28965e6935c7', '37b16f64-6ecc-4167-a55d-eab2255d1235', 'KANJI', '初恋');
INSERT INTO "vocabulary"."spelling" ("id", "vocabulary_id", "spelling_kind_code", "value") VALUES ('324eb5af-11e8-56ed-ba72-01f55a3470ce', '37b16f64-6ecc-4167-a55d-eab2255d1235', 'HIRAGANA', 'はつこい');
INSERT INTO "vocabulary"."spelling" ("id", "vocabulary_id", "spelling_kind_code", "value") VALUES ('fbb29a05-af42-5608-8c24-cd475cbd43f6', '37b16f64-6ecc-4167-a55d-eab2255d1235', 'KANJI', '初恋');
INSERT INTO "vocabulary"."linkages" ("vocabulary_id", "preferred_definition_id", "preferred_spelling_id", "phonetic_spelling_id", "alt_phonetic_spelling_id", "kanji_spelling_id", "conjugation_set_id") VALUES ('37b16f64-6ecc-4167-a55d-eab2255d1235', '81fc9d8f-6bf4-5ec3-bfaf-deb0d2ae5d48', '41c841cb-34aa-56a7-8713-28965e6935c7', '324eb5af-11e8-56ed-ba72-01f55a3470ce', NULL, 'fbb29a05-af42-5608-8c24-cd475cbd43f6', NULL);
-- 愛 | love --;
INSERT INTO "vocabulary"."vocabulary" ("id", "word_class_code", "conjugation_kind_code", "jlpt_level", "row_num", "tags", "date_added") VALUES ('5fa42b1b-fb16-434f-8764-b1106aacfe13', 'NOUN', NULL, 3, 530, '{}', '2022-10-30');
INSERT INTO "vocabulary"."definition" ("id", "vocabulary_id", "sort_rank", "value") VALUES ('27701892-f490-5bc1-b858-34c452ca2d2e', '5fa42b1b-fb16-434f-8764-b1106aacfe13', 1, 'love');
INSERT INTO "vocabulary"."spelling" ("id", "vocabulary_id", "spelling_kind_code", "value") VALUES ('084f4101-b57e-581e-9374-4882ae946a5a', '5fa42b1b-fb16-434f-8764-b1106aacfe13', 'KANJI', '愛');
INSERT INTO "vocabulary"."spelling" ("id", "vocabulary_id", "spelling_kind_code", "value") VALUES ('5815f2bc-7d06-5a9a-9af0-e61b9896f1b7', '5fa42b1b-fb16-434f-8764-b1106aacfe13', 'HIRAGANA', 'あい');
INSERT INTO "vocabulary"."spelling" ("id", "vocabulary_id", "spelling_kind_code", "value") VALUES ('8027339e-f6b5-5599-a4e7-8a00e7730e5b', '5fa42b1b-fb16-434f-8764-b1106aacfe13', 'KANJI', '愛');
INSERT INTO "vocabulary"."linkages" ("vocabulary_id", "preferred_definition_id", "preferred_spelling_id", "phonetic_spelling_id", "alt_phonetic_spelling_id", "kanji_spelling_id", "conjugation_set_id") VALUES ('5fa42b1b-fb16-434f-8764-b1106aacfe13', '27701892-f490-5bc1-b858-34c452ca2d2e', '084f4101-b57e-581e-9374-4882ae946a5a', '5815f2bc-7d06-5a9a-9af0-e61b9896f1b7', NULL, '8027339e-f6b5-5599-a4e7-8a00e7730e5b', NULL);
-- 愛する | to love --;
INSERT INTO "vocabulary"."vocabulary" ("id", "word_class_code", "conjugation_kind_code", "jlpt_level", "row_num", "tags", "date_added") VALUES ('72a0ccac-caea-43df-9099-076bae09c6e4', 'VERB', 'SURU_VERB', 3, 531, '{}', '2022-10-30');
INSERT INTO "vocabulary"."definition" ("id", "vocabulary_id", "sort_rank", "value") VALUES ('6f21d978-a3bc-521a-aa4b-22d049799156', '72a0ccac-caea-43df-9099-076bae09c6e4', 1, 'to love');
INSERT INTO "vocabulary"."spelling" ("id", "vocabulary_id", "spelling_kind_code", "value") VALUES ('198d6dba-e5d3-526f-af1c-9690cd99eaa3', '72a0ccac-caea-43df-9099-076bae09c6e4', 'KANJI', '愛する');
INSERT INTO "vocabulary"."spelling" ("id", "vocabulary_id", "spelling_kind_code", "value") VALUES ('5d83d6d7-0c36-5046-9d18-9209752a6d0d', '72a0ccac-caea-43df-9099-076bae09c6e4', 'HIRAGANA', 'あいする');
INSERT INTO "vocabulary"."spelling" ("id", "vocabulary_id", "spelling_kind_code", "value") VALUES ('0994a8e1-92af-5b6e-8249-c4e354e4dad8', '72a0ccac-caea-43df-9099-076bae09c6e4', 'KANJI', '愛する');
INSERT INTO "vocabulary"."conjugation_set" ("id", "vocabulary_id") VALUES ('004fcee8-0441-5a11-a618-9c1ad12dd6c9', '72a0ccac-caea-43df-9099-076bae09c6e4');
INSERT INTO "vocabulary"."linkages" ("vocabulary_id", "preferred_definition_id", "preferred_spelling_id", "phonetic_spelling_id", "alt_phonetic_spelling_id", "kanji_spelling_id", "conjugation_set_id") VALUES ('72a0ccac-caea-43df-9099-076bae09c6e4', '6f21d978-a3bc-521a-aa4b-22d049799156', '198d6dba-e5d3-526f-af1c-9690cd99eaa3', '5d83d6d7-0c36-5046-9d18-9209752a6d0d', NULL, '0994a8e1-92af-5b6e-8249-c4e354e4dad8', '004fcee8-0441-5a11-a618-9c1ad12dd6c9');
INSERT INTO "vocabulary"."conjugation" ("id", "conjugation_set_id", "politeness_code", "charge_code", "form_code", "sort_rank", "value") VALUES ('c072aa7b-8995-5e53-bbf1-62e1b4daacb2', '004fcee8-0441-5a11-a618-9c1ad12dd6c9', 'PLAIN', 'POSITIVE', 'PRESENT', 1, '愛する');
INSERT INTO "vocabulary"."conjugation" ("id", "conjugation_set_id", "politeness_code", "charge_code", "form_code", "sort_rank", "value") VALUES ('b3c2c8f6-0e02-50a6-b87d-5ae9cd1c13b9', '004fcee8-0441-5a11-a618-9c1ad12dd6c9', 'PLAIN', 'POSITIVE', 'PAST', 1, '愛した');
INSERT INTO "vocabulary"."conjugation" ("id", "conjugation_set_id", "politeness_code", "charge_code", "form_code", "sort_rank", "value") VALUES ('e84813a0-68a9-55c8-803b-ee87dc1dc9b1', '004fcee8-0441-5a11-a618-9c1ad12dd6c9', 'PLAIN', 'POSITIVE', 'TE', 1, '愛して');
INSERT INTO "vocabulary"."conjugation" ("id", "conjugation_set_id", "politeness_code", "charge_code", "form_code", "sort_rank", "value") VALUES ('c047f15b-d48a-516c-a58f-4468aae85b0f', '004fcee8-0441-5a11-a618-9c1ad12dd6c9', 'PLAIN', 'NEGATIVE', 'PRESENT', 1, '愛さない');
INSERT INTO "vocabulary"."conjugation" ("id", "conjugation_set_id", "politeness_code", "charge_code", "form_code", "sort_rank", "value") VALUES ('7e6f60c5-045e-56fa-b5bb-04bdbb062540', '004fcee8-0441-5a11-a618-9c1ad12dd6c9', 'PLAIN', 'NEGATIVE', 'PAST', 1, '愛しなかった');
INSERT INTO "vocabulary"."conjugation" ("id", "conjugation_set_id", "politeness_code", "charge_code", "form_code", "sort_rank", "value") VALUES ('763449bc-e2f5-5348-b33c-f768859fd1a4', '004fcee8-0441-5a11-a618-9c1ad12dd6c9', 'PLAIN', 'NEGATIVE', 'TE', 1, '愛しなくて');
INSERT INTO "vocabulary"."conjugation" ("id", "conjugation_set_id", "politeness_code", "charge_code", "form_code", "sort_rank", "value") VALUES ('3b558aa6-da82-52a4-bb2e-efc6e8d4b546', '004fcee8-0441-5a11-a618-9c1ad12dd6c9', 'POLITE', 'POSITIVE', 'PRESENT', 1, '愛します');
INSERT INTO "vocabulary"."conjugation" ("id", "conjugation_set_id", "politeness_code", "charge_code", "form_code", "sort_rank", "value") VALUES ('c4deabd0-a0fb-5e56-a654-fdd427987a4f', '004fcee8-0441-5a11-a618-9c1ad12dd6c9', 'POLITE', 'POSITIVE', 'PAST', 1, '愛しました');
INSERT INTO "vocabulary"."conjugation" ("id", "conjugation_set_id", "politeness_code", "charge_code", "form_code", "sort_rank", "value") VALUES ('2974edbd-a738-560d-86b0-5592d835dbf3', '004fcee8-0441-5a11-a618-9c1ad12dd6c9', 'POLITE', 'NEGATIVE', 'PRESENT', 1, '愛しません');
INSERT INTO "vocabulary"."conjugation" ("id", "conjugation_set_id", "politeness_code", "charge_code", "form_code", "sort_rank", "value") VALUES ('e842b589-5435-5d31-b22f-72aae2d9c069', '004fcee8-0441-5a11-a618-9c1ad12dd6c9', 'POLITE', 'NEGATIVE', 'PAST', 1, '愛しませんでした');
-- 刺 | thorn --;
INSERT INTO "vocabulary"."vocabulary" ("id", "word_class_code", "conjugation_kind_code", "jlpt_level", "row_num", "tags", "date_added") VALUES ('9654de24-9624-4834-aec3-4d26a88c3c79', 'NOUN', NULL, 1, 532, '{}', '2022-10-30');
INSERT INTO "vocabulary"."definition" ("id", "vocabulary_id", "sort_rank", "value") VALUES ('83a20e8f-01bf-5276-9c7d-ddafa328e517', '9654de24-9624-4834-aec3-4d26a88c3c79', 1, 'thorn');
INSERT INTO "vocabulary"."spelling" ("id", "vocabulary_id", "spelling_kind_code", "value") VALUES ('e7469d62-6743-5f68-b5a7-99c2c3024021', '9654de24-9624-4834-aec3-4d26a88c3c79', 'KANJI', '刺');
INSERT INTO "vocabulary"."spelling" ("id", "vocabulary_id", "spelling_kind_code", "value") VALUES ('c2e51c0c-6492-51ba-9f7b-12bc0e739476', '9654de24-9624-4834-aec3-4d26a88c3c79', 'HIRAGANA', 'とげ');
INSERT INTO "vocabulary"."spelling" ("id", "vocabulary_id", "spelling_kind_code", "value") VALUES ('1a30b64a-f6cf-5898-8b96-35a0337da01b', '9654de24-9624-4834-aec3-4d26a88c3c79', 'KANJI', '刺');
INSERT INTO "vocabulary"."linkages" ("vocabulary_id", "preferred_definition_id", "preferred_spelling_id", "phonetic_spelling_id", "alt_phonetic_spelling_id", "kanji_spelling_id", "conjugation_set_id") VALUES ('9654de24-9624-4834-aec3-4d26a88c3c79', '83a20e8f-01bf-5276-9c7d-ddafa328e517', 'e7469d62-6743-5f68-b5a7-99c2c3024021', 'c2e51c0c-6492-51ba-9f7b-12bc0e739476', NULL, '1a30b64a-f6cf-5898-8b96-35a0337da01b', NULL);
-- 茨 | thorny shrub; wild rose --;
INSERT INTO "vocabulary"."vocabulary" ("id", "word_class_code", "conjugation_kind_code", "jlpt_level", "row_num", "tags", "date_added") VALUES ('c108107d-4842-4ff4-ac72-a221ce7c2f91', 'NOUN', NULL, NULL, 533, '{}', '2022-10-30');
INSERT INTO "vocabulary"."definition" ("id", "vocabulary_id", "sort_rank", "value") VALUES ('823f4ace-0435-517b-a048-83ff210d7f10', 'c108107d-4842-4ff4-ac72-a221ce7c2f91', 1, 'thorny shrub; wild rose');
INSERT INTO "vocabulary"."spelling" ("id", "vocabulary_id", "spelling_kind_code", "value") VALUES ('d0cb0c55-547e-50e3-9798-8da4f9ffe7be', 'c108107d-4842-4ff4-ac72-a221ce7c2f91', 'KANJI', '茨');
INSERT INTO "vocabulary"."spelling" ("id", "vocabulary_id", "spelling_kind_code", "value") VALUES ('5b2cbb4c-fefd-5340-a7c0-cafb1ec7c411', 'c108107d-4842-4ff4-ac72-a221ce7c2f91', 'HIRAGANA', 'いばら');
INSERT INTO "vocabulary"."spelling" ("id", "vocabulary_id", "spelling_kind_code", "value") VALUES ('fee89fab-52b6-50d3-a6b6-ead008caba4b', 'c108107d-4842-4ff4-ac72-a221ce7c2f91', 'KANJI', '茨');
INSERT INTO "vocabulary"."linkages" ("vocabulary_id", "preferred_definition_id", "preferred_spelling_id", "phonetic_spelling_id", "alt_phonetic_spelling_id", "kanji_spelling_id", "conjugation_set_id") VALUES ('c108107d-4842-4ff4-ac72-a221ce7c2f91', '823f4ace-0435-517b-a048-83ff210d7f10', 'd0cb0c55-547e-50e3-9798-8da4f9ffe7be', '5b2cbb4c-fefd-5340-a7c0-cafb1ec7c411', NULL, 'fee89fab-52b6-50d3-a6b6-ead008caba4b', NULL);
-- 姫 | princess --;
INSERT INTO "vocabulary"."vocabulary" ("id", "word_class_code", "conjugation_kind_code", "jlpt_level", "row_num", "tags", "date_added") VALUES ('b08173f1-4500-4da6-81ee-cd7421bb3686', 'NOUN', NULL, NULL, 534, '{}', '2022-10-30');
INSERT INTO "vocabulary"."definition" ("id", "vocabulary_id", "sort_rank", "value") VALUES ('7e22cec3-458f-5e01-b6d7-9b21d1315d51', 'b08173f1-4500-4da6-81ee-cd7421bb3686', 1, 'princess');
INSERT INTO "vocabulary"."spelling" ("id", "vocabulary_id", "spelling_kind_code", "value") VALUES ('f160e163-bd41-51d4-8095-576274a9fb32', 'b08173f1-4500-4da6-81ee-cd7421bb3686', 'KANJI', '姫');
INSERT INTO "vocabulary"."spelling" ("id", "vocabulary_id", "spelling_kind_code", "value") VALUES ('17437ea8-01de-55fe-ad8c-03c57499093b', 'b08173f1-4500-4da6-81ee-cd7421bb3686', 'HIRAGANA', 'ひめ');
INSERT INTO "vocabulary"."spelling" ("id", "vocabulary_id", "spelling_kind_code", "value") VALUES ('e3624c4f-5704-5b8c-92cb-b8355db8e4d9', 'b08173f1-4500-4da6-81ee-cd7421bb3686', 'KANJI', '姫');
INSERT INTO "vocabulary"."linkages" ("vocabulary_id", "preferred_definition_id", "preferred_spelling_id", "phonetic_spelling_id", "alt_phonetic_spelling_id", "kanji_spelling_id", "conjugation_set_id") VALUES ('b08173f1-4500-4da6-81ee-cd7421bb3686', '7e22cec3-458f-5e01-b6d7-9b21d1315d51', 'f160e163-bd41-51d4-8095-576274a9fb32', '17437ea8-01de-55fe-ad8c-03c57499093b', NULL, 'e3624c4f-5704-5b8c-92cb-b8355db8e4d9', NULL);
-- 良い | good; excellent; fine; agreeable --;
INSERT INTO "vocabulary"."vocabulary" ("id", "word_class_code", "conjugation_kind_code", "jlpt_level", "row_num", "tags", "date_added") VALUES ('bd75e0c9-27e6-4f6f-803f-bb0ee9236290', 'ADJECTIVE', 'I_ADJECTIVE', 5, 535, '{}', '2022-10-30');
INSERT INTO "vocabulary"."definition" ("id", "vocabulary_id", "sort_rank", "value") VALUES ('e30b88f2-0408-5ec2-9e72-eb2e54f63992', 'bd75e0c9-27e6-4f6f-803f-bb0ee9236290', 1, 'good; excellent; fine; agreeable');
INSERT INTO "vocabulary"."spelling" ("id", "vocabulary_id", "spelling_kind_code", "value") VALUES ('88d9c89a-07db-53a7-811d-12bb8418a77d', 'bd75e0c9-27e6-4f6f-803f-bb0ee9236290', 'KANJI', '良い');
INSERT INTO "vocabulary"."spelling" ("id", "vocabulary_id", "spelling_kind_code", "value") VALUES ('56f70746-0a0d-5a95-92e5-8e81246f6880', 'bd75e0c9-27e6-4f6f-803f-bb0ee9236290', 'HIRAGANA', 'よい');
INSERT INTO "vocabulary"."spelling" ("id", "vocabulary_id", "spelling_kind_code", "value") VALUES ('cbd41046-3aeb-57d4-ae10-70eb32330336', 'bd75e0c9-27e6-4f6f-803f-bb0ee9236290', 'KANJI', '良い');
INSERT INTO "vocabulary"."linkages" ("vocabulary_id", "preferred_definition_id", "preferred_spelling_id", "phonetic_spelling_id", "alt_phonetic_spelling_id", "kanji_spelling_id", "conjugation_set_id") VALUES ('bd75e0c9-27e6-4f6f-803f-bb0ee9236290', 'e30b88f2-0408-5ec2-9e72-eb2e54f63992', '88d9c89a-07db-53a7-811d-12bb8418a77d', '56f70746-0a0d-5a95-92e5-8e81246f6880', NULL, 'cbd41046-3aeb-57d4-ae10-70eb32330336', NULL);
-- 〜たい | want to do; would like to... (verb desire form) --;
INSERT INTO "vocabulary"."vocabulary" ("id", "word_class_code", "conjugation_kind_code", "jlpt_level", "row_num", "tags", "date_added") VALUES ('e00b722d-5ec2-43b3-b972-157994823148', 'SUFFIX', NULL, NULL, 536, '{}', '2022-10-31');
INSERT INTO "vocabulary"."definition" ("id", "vocabulary_id", "sort_rank", "value") VALUES ('00b2ea92-7c9b-5223-8d1a-05a930425e5f', 'e00b722d-5ec2-43b3-b972-157994823148', 1, 'want to do; would like to... (verb desire form)');
INSERT INTO "vocabulary"."spelling" ("id", "vocabulary_id", "spelling_kind_code", "value") VALUES ('996c23a7-21e6-504f-8b03-b6cdba28df7b', 'e00b722d-5ec2-43b3-b972-157994823148', 'HIRAGANA', '〜たい');
INSERT INTO "vocabulary"."spelling" ("id", "vocabulary_id", "spelling_kind_code", "value") VALUES ('c483943c-f4f2-5125-9e16-e388a26ed73d', 'e00b722d-5ec2-43b3-b972-157994823148', 'HIRAGANA', 'たい');
INSERT INTO "vocabulary"."linkages" ("vocabulary_id", "preferred_definition_id", "preferred_spelling_id", "phonetic_spelling_id", "alt_phonetic_spelling_id", "kanji_spelling_id", "conjugation_set_id") VALUES ('e00b722d-5ec2-43b3-b972-157994823148', '00b2ea92-7c9b-5223-8d1a-05a930425e5f', '996c23a7-21e6-504f-8b03-b6cdba28df7b', 'c483943c-f4f2-5125-9e16-e388a26ed73d', NULL, NULL, NULL);
-- 花火 | fireworks --;
INSERT INTO "vocabulary"."vocabulary" ("id", "word_class_code", "conjugation_kind_code", "jlpt_level", "row_num", "tags", "date_added") VALUES ('3bdf59a1-7f82-4e77-851b-462abfece32e', 'NOUN', NULL, 2, 537, '{}', '2022-11-03');
INSERT INTO "vocabulary"."definition" ("id", "vocabulary_id", "sort_rank", "value") VALUES ('1872241e-602f-58a4-a764-f9df801f904e', '3bdf59a1-7f82-4e77-851b-462abfece32e', 1, 'fireworks');
INSERT INTO "vocabulary"."spelling" ("id", "vocabulary_id", "spelling_kind_code", "value") VALUES ('79f7b82b-e8d7-5491-9ab8-82fe0b935328', '3bdf59a1-7f82-4e77-851b-462abfece32e', 'KANJI', '花火');
INSERT INTO "vocabulary"."spelling" ("id", "vocabulary_id", "spelling_kind_code", "value") VALUES ('8c25503e-48cc-5ab1-80f1-f08583a0e839', '3bdf59a1-7f82-4e77-851b-462abfece32e', 'HIRAGANA', 'はなび');
INSERT INTO "vocabulary"."spelling" ("id", "vocabulary_id", "spelling_kind_code", "value") VALUES ('40ef09a1-f117-5086-99fd-f26f8fe1b0e5', '3bdf59a1-7f82-4e77-851b-462abfece32e', 'KANJI', '花火');
INSERT INTO "vocabulary"."linkages" ("vocabulary_id", "preferred_definition_id", "preferred_spelling_id", "phonetic_spelling_id", "alt_phonetic_spelling_id", "kanji_spelling_id", "conjugation_set_id") VALUES ('3bdf59a1-7f82-4e77-851b-462abfece32e', '1872241e-602f-58a4-a764-f9df801f904e', '79f7b82b-e8d7-5491-9ab8-82fe0b935328', '8c25503e-48cc-5ab1-80f1-f08583a0e839', NULL, '40ef09a1-f117-5086-99fd-f26f8fe1b0e5', NULL);
-- 辞書 | dictionary --;
INSERT INTO "vocabulary"."vocabulary" ("id", "word_class_code", "conjugation_kind_code", "jlpt_level", "row_num", "tags", "date_added") VALUES ('8c2f94a9-ba53-4f55-931d-ca84f5264280', 'NOUN', NULL, 5, 538, '{}', '2022-11-06');
INSERT INTO "vocabulary"."definition" ("id", "vocabulary_id", "sort_rank", "value") VALUES ('0ea60ee0-f0dc-5c26-9915-b42e58bc62d9', '8c2f94a9-ba53-4f55-931d-ca84f5264280', 1, 'dictionary');
INSERT INTO "vocabulary"."spelling" ("id", "vocabulary_id", "spelling_kind_code", "value") VALUES ('f1dd63aa-35fd-54e6-8a26-0d365823efb1', '8c2f94a9-ba53-4f55-931d-ca84f5264280', 'KANJI', '辞書');
INSERT INTO "vocabulary"."spelling" ("id", "vocabulary_id", "spelling_kind_code", "value") VALUES ('78deef8e-0b05-5a72-89d1-e6c08f2a441c', '8c2f94a9-ba53-4f55-931d-ca84f5264280', 'HIRAGANA', 'じしょ');
INSERT INTO "vocabulary"."spelling" ("id", "vocabulary_id", "spelling_kind_code", "value") VALUES ('d62df27f-f8a0-52ed-9f84-9612b2d5f6e1', '8c2f94a9-ba53-4f55-931d-ca84f5264280', 'KANJI', '辞書');
INSERT INTO "vocabulary"."linkages" ("vocabulary_id", "preferred_definition_id", "preferred_spelling_id", "phonetic_spelling_id", "alt_phonetic_spelling_id", "kanji_spelling_id", "conjugation_set_id") VALUES ('8c2f94a9-ba53-4f55-931d-ca84f5264280', '0ea60ee0-f0dc-5c26-9915-b42e58bc62d9', 'f1dd63aa-35fd-54e6-8a26-0d365823efb1', '78deef8e-0b05-5a72-89d1-e6c08f2a441c', NULL, 'd62df27f-f8a0-52ed-9f84-9612b2d5f6e1', NULL);
-- 辞典 | dictionary (formal, expansive) --;
INSERT INTO "vocabulary"."vocabulary" ("id", "word_class_code", "conjugation_kind_code", "jlpt_level", "row_num", "tags", "date_added") VALUES ('0840f9a3-9712-4e33-9280-6e652015cc1f', 'NOUN', NULL, 4, 539, '{}', '2022-11-06');
INSERT INTO "vocabulary"."definition" ("id", "vocabulary_id", "sort_rank", "value") VALUES ('95910565-9772-5ce6-bc75-997352865c98', '0840f9a3-9712-4e33-9280-6e652015cc1f', 1, 'dictionary (formal, expansive)');
INSERT INTO "vocabulary"."spelling" ("id", "vocabulary_id", "spelling_kind_code", "value") VALUES ('6d5969c4-79a3-50f1-b201-ccf2f220b7ec', '0840f9a3-9712-4e33-9280-6e652015cc1f', 'KANJI', '辞典');
INSERT INTO "vocabulary"."spelling" ("id", "vocabulary_id", "spelling_kind_code", "value") VALUES ('85ecf157-aaa8-5f7f-a4e1-d80bdf53ae31', '0840f9a3-9712-4e33-9280-6e652015cc1f', 'HIRAGANA', 'じてん');
INSERT INTO "vocabulary"."spelling" ("id", "vocabulary_id", "spelling_kind_code", "value") VALUES ('0baf1100-6e79-57aa-bf23-f6b81311f26e', '0840f9a3-9712-4e33-9280-6e652015cc1f', 'KANJI', '辞典');
INSERT INTO "vocabulary"."linkages" ("vocabulary_id", "preferred_definition_id", "preferred_spelling_id", "phonetic_spelling_id", "alt_phonetic_spelling_id", "kanji_spelling_id", "conjugation_set_id") VALUES ('0840f9a3-9712-4e33-9280-6e652015cc1f', '95910565-9772-5ce6-bc75-997352865c98', '6d5969c4-79a3-50f1-b201-ccf2f220b7ec', '85ecf157-aaa8-5f7f-a4e1-d80bdf53ae31', NULL, '0baf1100-6e79-57aa-bf23-f6b81311f26e', NULL);
-- 事典 | encyclopedia --;
INSERT INTO "vocabulary"."vocabulary" ("id", "word_class_code", "conjugation_kind_code", "jlpt_level", "row_num", "tags", "date_added") VALUES ('7793dcc0-cdf5-4844-bf94-17ccfaffd08d', 'NOUN', NULL, NULL, 540, '{}', '2022-11-06');
INSERT INTO "vocabulary"."definition" ("id", "vocabulary_id", "sort_rank", "value") VALUES ('ee73f39d-0698-5721-94d1-65d271abd817', '7793dcc0-cdf5-4844-bf94-17ccfaffd08d', 1, 'encyclopedia');
INSERT INTO "vocabulary"."spelling" ("id", "vocabulary_id", "spelling_kind_code", "value") VALUES ('fdcca64b-a5b7-52d5-b34d-5a90c3b34665', '7793dcc0-cdf5-4844-bf94-17ccfaffd08d', 'KANJI', '事典');
INSERT INTO "vocabulary"."spelling" ("id", "vocabulary_id", "spelling_kind_code", "value") VALUES ('1269bcf0-ea28-5927-9256-326559d0def6', '7793dcc0-cdf5-4844-bf94-17ccfaffd08d', 'HIRAGANA', 'じてん');
INSERT INTO "vocabulary"."spelling" ("id", "vocabulary_id", "spelling_kind_code", "value") VALUES ('919082ef-22a3-56b1-8104-81c5aba68b0a', '7793dcc0-cdf5-4844-bf94-17ccfaffd08d', 'KANJI', '事典');
INSERT INTO "vocabulary"."linkages" ("vocabulary_id", "preferred_definition_id", "preferred_spelling_id", "phonetic_spelling_id", "alt_phonetic_spelling_id", "kanji_spelling_id", "conjugation_set_id") VALUES ('7793dcc0-cdf5-4844-bf94-17ccfaffd08d', 'ee73f39d-0698-5721-94d1-65d271abd817', 'fdcca64b-a5b7-52d5-b34d-5a90c3b34665', '1269bcf0-ea28-5927-9256-326559d0def6', NULL, '919082ef-22a3-56b1-8104-81c5aba68b0a', NULL);
-- 単語 | word --;
INSERT INTO "vocabulary"."vocabulary" ("id", "word_class_code", "conjugation_kind_code", "jlpt_level", "row_num", "tags", "date_added") VALUES ('7651476c-6696-4e43-bc7b-ee17b7029ba3', 'NOUN', NULL, 3, 541, '{}', '2022-11-06');
INSERT INTO "vocabulary"."definition" ("id", "vocabulary_id", "sort_rank", "value") VALUES ('13c61d3a-6b58-5b85-912b-ad4fb34407ae', '7651476c-6696-4e43-bc7b-ee17b7029ba3', 1, 'word');
INSERT INTO "vocabulary"."spelling" ("id", "vocabulary_id", "spelling_kind_code", "value") VALUES ('04002c68-8579-5aa3-98af-a4af411bfda2', '7651476c-6696-4e43-bc7b-ee17b7029ba3', 'KANJI', '単語');
INSERT INTO "vocabulary"."spelling" ("id", "vocabulary_id", "spelling_kind_code", "value") VALUES ('98ddbeaa-58de-5296-9b5d-35fd30350789', '7651476c-6696-4e43-bc7b-ee17b7029ba3', 'HIRAGANA', 'たんご');
INSERT INTO "vocabulary"."spelling" ("id", "vocabulary_id", "spelling_kind_code", "value") VALUES ('7a00e6cc-1b1b-527e-8445-7cb8f7ea8a83', '7651476c-6696-4e43-bc7b-ee17b7029ba3', 'KANJI', '単語');
INSERT INTO "vocabulary"."linkages" ("vocabulary_id", "preferred_definition_id", "preferred_spelling_id", "phonetic_spelling_id", "alt_phonetic_spelling_id", "kanji_spelling_id", "conjugation_set_id") VALUES ('7651476c-6696-4e43-bc7b-ee17b7029ba3', '13c61d3a-6b58-5b85-912b-ad4fb34407ae', '04002c68-8579-5aa3-98af-a4af411bfda2', '98ddbeaa-58de-5296-9b5d-35fd30350789', NULL, '7a00e6cc-1b1b-527e-8445-7cb8f7ea8a83', NULL);
-- 語彙 | vocabulary; lexicon --;
INSERT INTO "vocabulary"."vocabulary" ("id", "word_class_code", "conjugation_kind_code", "jlpt_level", "row_num", "tags", "date_added") VALUES ('cb2ffba7-427d-4fcd-a2d1-156d649a4343', 'NOUN', NULL, 1, 542, '{}', '2022-11-06');
INSERT INTO "vocabulary"."definition" ("id", "vocabulary_id", "sort_rank", "value") VALUES ('b9dc0bc2-e1d3-5b7f-b356-84a55ef3123b', 'cb2ffba7-427d-4fcd-a2d1-156d649a4343', 1, 'vocabulary; lexicon');
INSERT INTO "vocabulary"."spelling" ("id", "vocabulary_id", "spelling_kind_code", "value") VALUES ('0581d553-2211-540c-b34a-9eb3aa68d04b', 'cb2ffba7-427d-4fcd-a2d1-156d649a4343', 'KANJI', '語彙');
INSERT INTO "vocabulary"."spelling" ("id", "vocabulary_id", "spelling_kind_code", "value") VALUES ('283650a2-c864-5d39-bb80-61f6f47f6b26', 'cb2ffba7-427d-4fcd-a2d1-156d649a4343', 'HIRAGANA', 'ごい');
INSERT INTO "vocabulary"."spelling" ("id", "vocabulary_id", "spelling_kind_code", "value") VALUES ('15c2da20-5826-57f0-8564-d4c305345b49', 'cb2ffba7-427d-4fcd-a2d1-156d649a4343', 'KANJI', '語彙');
INSERT INTO "vocabulary"."linkages" ("vocabulary_id", "preferred_definition_id", "preferred_spelling_id", "phonetic_spelling_id", "alt_phonetic_spelling_id", "kanji_spelling_id", "conjugation_set_id") VALUES ('cb2ffba7-427d-4fcd-a2d1-156d649a4343', 'b9dc0bc2-e1d3-5b7f-b356-84a55ef3123b', '0581d553-2211-540c-b34a-9eb3aa68d04b', '283650a2-c864-5d39-bb80-61f6f47f6b26', NULL, '15c2da20-5826-57f0-8564-d4c305345b49', NULL);
-- 漢字 | kanji --;
INSERT INTO "vocabulary"."vocabulary" ("id", "word_class_code", "conjugation_kind_code", "jlpt_level", "row_num", "tags", "date_added") VALUES ('5963b6a2-d88d-4d1f-9ccd-97fb5a3c6991', 'NOUN', NULL, 5, 543, '{}', '2022-11-06');
INSERT INTO "vocabulary"."definition" ("id", "vocabulary_id", "sort_rank", "value") VALUES ('9ef6ff41-3490-54e5-a7e5-7d1db7420621', '5963b6a2-d88d-4d1f-9ccd-97fb5a3c6991', 1, 'kanji');
INSERT INTO "vocabulary"."spelling" ("id", "vocabulary_id", "spelling_kind_code", "value") VALUES ('a6382063-c447-561a-a583-da13aa0ce2d7', '5963b6a2-d88d-4d1f-9ccd-97fb5a3c6991', 'KANJI', '漢字');
INSERT INTO "vocabulary"."spelling" ("id", "vocabulary_id", "spelling_kind_code", "value") VALUES ('a199152f-f329-5f8c-930d-0d34c461a9ba', '5963b6a2-d88d-4d1f-9ccd-97fb5a3c6991', 'HIRAGANA', 'かんじ');
INSERT INTO "vocabulary"."spelling" ("id", "vocabulary_id", "spelling_kind_code", "value") VALUES ('2bb6ed37-3186-521f-aee2-56c80cb2cb21', '5963b6a2-d88d-4d1f-9ccd-97fb5a3c6991', 'KANJI', '漢字');
INSERT INTO "vocabulary"."linkages" ("vocabulary_id", "preferred_definition_id", "preferred_spelling_id", "phonetic_spelling_id", "alt_phonetic_spelling_id", "kanji_spelling_id", "conjugation_set_id") VALUES ('5963b6a2-d88d-4d1f-9ccd-97fb5a3c6991', '9ef6ff41-3490-54e5-a7e5-7d1db7420621', 'a6382063-c447-561a-a583-da13aa0ce2d7', 'a199152f-f329-5f8c-930d-0d34c461a9ba', NULL, '2bb6ed37-3186-521f-aee2-56c80cb2cb21', NULL);
INSERT INTO "vocabulary"."reference" ("vocabulary_id", "lesson_code") VALUES ('5963b6a2-d88d-4d1f-9ccd-97fb5a3c6991', 'GENKI3_L06');
-- 教科書 | textbook --;
INSERT INTO "vocabulary"."vocabulary" ("id", "word_class_code", "conjugation_kind_code", "jlpt_level", "row_num", "tags", "date_added") VALUES ('02ed6978-40d0-4d0a-bf11-02cd6c60ebe0', 'NOUN', NULL, 3, 544, '{}', '2022-11-06');
INSERT INTO "vocabulary"."definition" ("id", "vocabulary_id", "sort_rank", "value") VALUES ('21521f64-98de-5740-b0a7-b1ce0e1582c9', '02ed6978-40d0-4d0a-bf11-02cd6c60ebe0', 1, 'textbook');
INSERT INTO "vocabulary"."spelling" ("id", "vocabulary_id", "spelling_kind_code", "value") VALUES ('fcf8f97b-dfe3-5b00-babb-5b6769b57e45', '02ed6978-40d0-4d0a-bf11-02cd6c60ebe0', 'KANJI', '教科書');
INSERT INTO "vocabulary"."spelling" ("id", "vocabulary_id", "spelling_kind_code", "value") VALUES ('4a70b4a9-1ea2-5fee-80a9-e9ef44421a7d', '02ed6978-40d0-4d0a-bf11-02cd6c60ebe0', 'HIRAGANA', 'きょうかしょ');
INSERT INTO "vocabulary"."spelling" ("id", "vocabulary_id", "spelling_kind_code", "value") VALUES ('aa853915-e722-5421-8fc0-98247a75921b', '02ed6978-40d0-4d0a-bf11-02cd6c60ebe0', 'KANJI', '教科書');
INSERT INTO "vocabulary"."linkages" ("vocabulary_id", "preferred_definition_id", "preferred_spelling_id", "phonetic_spelling_id", "alt_phonetic_spelling_id", "kanji_spelling_id", "conjugation_set_id") VALUES ('02ed6978-40d0-4d0a-bf11-02cd6c60ebe0', '21521f64-98de-5740-b0a7-b1ce0e1582c9', 'fcf8f97b-dfe3-5b00-babb-5b6769b57e45', '4a70b4a9-1ea2-5fee-80a9-e9ef44421a7d', NULL, 'aa853915-e722-5421-8fc0-98247a75921b', NULL);
INSERT INTO "vocabulary"."reference" ("vocabulary_id", "lesson_code") VALUES ('02ed6978-40d0-4d0a-bf11-02cd6c60ebe0', 'GENKI3_L06');
-- ページ | page --;
INSERT INTO "vocabulary"."vocabulary" ("id", "word_class_code", "conjugation_kind_code", "jlpt_level", "row_num", "tags", "date_added") VALUES ('8b3e9b6b-e747-431c-949e-01553221da94', 'NOUN', NULL, 5, 545, '{}', '2022-11-06');
INSERT INTO "vocabulary"."definition" ("id", "vocabulary_id", "sort_rank", "value") VALUES ('40cffb60-80c8-5367-8452-1403970d3d7f', '8b3e9b6b-e747-431c-949e-01553221da94', 1, 'page');
INSERT INTO "vocabulary"."spelling" ("id", "vocabulary_id", "spelling_kind_code", "value") VALUES ('9161be43-b9f8-5990-8a58-1e055451ff00', '8b3e9b6b-e747-431c-949e-01553221da94', 'KATAKANA', 'ページ');
INSERT INTO "vocabulary"."spelling" ("id", "vocabulary_id", "spelling_kind_code", "value") VALUES ('af184968-d4f4-540d-9134-4f5fcc60f295', '8b3e9b6b-e747-431c-949e-01553221da94', 'KATAKANA', 'ページ');
INSERT INTO "vocabulary"."linkages" ("vocabulary_id", "preferred_definition_id", "preferred_spelling_id", "phonetic_spelling_id", "alt_phonetic_spelling_id", "kanji_spelling_id", "conjugation_set_id") VALUES ('8b3e9b6b-e747-431c-949e-01553221da94', '40cffb60-80c8-5367-8452-1403970d3d7f', '9161be43-b9f8-5990-8a58-1e055451ff00', 'af184968-d4f4-540d-9134-4f5fcc60f295', NULL, NULL, NULL);
INSERT INTO "vocabulary"."reference" ("vocabulary_id", "lesson_code") VALUES ('8b3e9b6b-e747-431c-949e-01553221da94', 'GENKI3_L06');
-- 次 | next --;
INSERT INTO "vocabulary"."vocabulary" ("id", "word_class_code", "conjugation_kind_code", "jlpt_level", "row_num", "tags", "date_added") VALUES ('62d782c4-f391-4e33-a434-0915798f606d', 'NOUN', NULL, 5, 546, '{}', '2022-11-06');
INSERT INTO "vocabulary"."definition" ("id", "vocabulary_id", "sort_rank", "value") VALUES ('768041fc-a1e9-5a8f-9699-35d46ecafd4e', '62d782c4-f391-4e33-a434-0915798f606d', 1, 'next');
INSERT INTO "vocabulary"."spelling" ("id", "vocabulary_id", "spelling_kind_code", "value") VALUES ('dca571d6-2131-572e-9d91-27c9b023cfa5', '62d782c4-f391-4e33-a434-0915798f606d', 'KANJI', '次');
INSERT INTO "vocabulary"."spelling" ("id", "vocabulary_id", "spelling_kind_code", "value") VALUES ('931d7b97-75a3-5963-b18b-cbdfd913cb3e', '62d782c4-f391-4e33-a434-0915798f606d', 'HIRAGANA', 'つぎ');
INSERT INTO "vocabulary"."spelling" ("id", "vocabulary_id", "spelling_kind_code", "value") VALUES ('cd04bb53-9f73-55c9-b946-f4f8cb33a42c', '62d782c4-f391-4e33-a434-0915798f606d', 'KANJI', '次');
INSERT INTO "vocabulary"."linkages" ("vocabulary_id", "preferred_definition_id", "preferred_spelling_id", "phonetic_spelling_id", "alt_phonetic_spelling_id", "kanji_spelling_id", "conjugation_set_id") VALUES ('62d782c4-f391-4e33-a434-0915798f606d', '768041fc-a1e9-5a8f-9699-35d46ecafd4e', 'dca571d6-2131-572e-9d91-27c9b023cfa5', '931d7b97-75a3-5963-b18b-cbdfd913cb3e', NULL, 'cd04bb53-9f73-55c9-b946-f4f8cb33a42c', NULL);
INSERT INTO "vocabulary"."reference" ("vocabulary_id", "lesson_code") VALUES ('62d782c4-f391-4e33-a434-0915798f606d', 'GENKI3_L06');
-- お金 | money --;
INSERT INTO "vocabulary"."vocabulary" ("id", "word_class_code", "conjugation_kind_code", "jlpt_level", "row_num", "tags", "date_added") VALUES ('31eeca8f-9a62-45a4-a759-50b1acb95035', 'NOUN', NULL, 5, 547, '{}', '2022-11-06');
INSERT INTO "vocabulary"."definition" ("id", "vocabulary_id", "sort_rank", "value") VALUES ('34cdfa00-cf34-5252-8569-4bc12d20b7dc', '31eeca8f-9a62-45a4-a759-50b1acb95035', 1, 'money');
INSERT INTO "vocabulary"."spelling" ("id", "vocabulary_id", "spelling_kind_code", "value") VALUES ('06092159-2a66-5446-8a92-a13710dd7d05', '31eeca8f-9a62-45a4-a759-50b1acb95035', 'KANJI', 'お金');
INSERT INTO "vocabulary"."spelling" ("id", "vocabulary_id", "spelling_kind_code", "value") VALUES ('2aacdf37-bd83-5657-8d48-d8a6c8dc0440', '31eeca8f-9a62-45a4-a759-50b1acb95035', 'HIRAGANA', 'おかね');
INSERT INTO "vocabulary"."spelling" ("id", "vocabulary_id", "spelling_kind_code", "value") VALUES ('07063df4-5f66-5c8b-a442-cc1f654be3d6', '31eeca8f-9a62-45a4-a759-50b1acb95035', 'KANJI', 'お金');
INSERT INTO "vocabulary"."linkages" ("vocabulary_id", "preferred_definition_id", "preferred_spelling_id", "phonetic_spelling_id", "alt_phonetic_spelling_id", "kanji_spelling_id", "conjugation_set_id") VALUES ('31eeca8f-9a62-45a4-a759-50b1acb95035', '34cdfa00-cf34-5252-8569-4bc12d20b7dc', '06092159-2a66-5446-8a92-a13710dd7d05', '2aacdf37-bd83-5657-8d48-d8a6c8dc0440', NULL, '07063df4-5f66-5c8b-a442-cc1f654be3d6', NULL);
INSERT INTO "vocabulary"."reference" ("vocabulary_id", "lesson_code") VALUES ('31eeca8f-9a62-45a4-a759-50b1acb95035', 'GENKI3_L06');
-- 荷物 | baggage --;
INSERT INTO "vocabulary"."vocabulary" ("id", "word_class_code", "conjugation_kind_code", "jlpt_level", "row_num", "tags", "date_added") VALUES ('c0495dfb-a31f-47d9-8491-0e3d4b7784e0', 'NOUN', NULL, 5, 548, '{}', '2022-11-06');
INSERT INTO "vocabulary"."definition" ("id", "vocabulary_id", "sort_rank", "value") VALUES ('506fbbd2-278b-5e3e-be3a-a33bc89bd028', 'c0495dfb-a31f-47d9-8491-0e3d4b7784e0', 1, 'baggage');
INSERT INTO "vocabulary"."spelling" ("id", "vocabulary_id", "spelling_kind_code", "value") VALUES ('ec69bbac-fefa-5436-b3f5-3e03e2a6dbcb', 'c0495dfb-a31f-47d9-8491-0e3d4b7784e0', 'KANJI', '荷物');
INSERT INTO "vocabulary"."spelling" ("id", "vocabulary_id", "spelling_kind_code", "value") VALUES ('c322c358-7854-5dd6-9762-6d16af62cc22', 'c0495dfb-a31f-47d9-8491-0e3d4b7784e0', 'HIRAGANA', 'にもつ');
INSERT INTO "vocabulary"."spelling" ("id", "vocabulary_id", "spelling_kind_code", "value") VALUES ('c3c07381-4e63-5962-9bc1-c01657a34076', 'c0495dfb-a31f-47d9-8491-0e3d4b7784e0', 'KANJI', '荷物');
INSERT INTO "vocabulary"."linkages" ("vocabulary_id", "preferred_definition_id", "preferred_spelling_id", "phonetic_spelling_id", "alt_phonetic_spelling_id", "kanji_spelling_id", "conjugation_set_id") VALUES ('c0495dfb-a31f-47d9-8491-0e3d4b7784e0', '506fbbd2-278b-5e3e-be3a-a33bc89bd028', 'ec69bbac-fefa-5436-b3f5-3e03e2a6dbcb', 'c322c358-7854-5dd6-9762-6d16af62cc22', NULL, 'c3c07381-4e63-5962-9bc1-c01657a34076', NULL);
INSERT INTO "vocabulary"."reference" ("vocabulary_id", "lesson_code") VALUES ('c0495dfb-a31f-47d9-8491-0e3d4b7784e0', 'GENKI3_L06');
-- パソコン | personal computer --;
INSERT INTO "vocabulary"."vocabulary" ("id", "word_class_code", "conjugation_kind_code", "jlpt_level", "row_num", "tags", "date_added") VALUES ('fc3da5a7-9659-4c32-b8e2-63b97e9dfc1a', 'NOUN', NULL, 4, 549, '{}', '2022-11-06');
INSERT INTO "vocabulary"."definition" ("id", "vocabulary_id", "sort_rank", "value") VALUES ('4bd4e49e-5497-5d76-8cfe-c065b44fc280', 'fc3da5a7-9659-4c32-b8e2-63b97e9dfc1a', 1, 'personal computer');
INSERT INTO "vocabulary"."spelling" ("id", "vocabulary_id", "spelling_kind_code", "value") VALUES ('13afc46f-62bb-5e17-aa42-7e03a6d5d543', 'fc3da5a7-9659-4c32-b8e2-63b97e9dfc1a', 'KATAKANA', 'パソコン');
INSERT INTO "vocabulary"."spelling" ("id", "vocabulary_id", "spelling_kind_code", "value") VALUES ('7ecd6771-cc96-568b-9d77-a335622f7ded', 'fc3da5a7-9659-4c32-b8e2-63b97e9dfc1a', 'HIRAGANA', 'ぱそこん');
INSERT INTO "vocabulary"."linkages" ("vocabulary_id", "preferred_definition_id", "preferred_spelling_id", "phonetic_spelling_id", "alt_phonetic_spelling_id", "kanji_spelling_id", "conjugation_set_id") VALUES ('fc3da5a7-9659-4c32-b8e2-63b97e9dfc1a', '4bd4e49e-5497-5d76-8cfe-c065b44fc280', '13afc46f-62bb-5e17-aa42-7e03a6d5d543', '7ecd6771-cc96-568b-9d77-a335622f7ded', NULL, NULL, NULL);
INSERT INTO "vocabulary"."reference" ("vocabulary_id", "lesson_code") VALUES ('fc3da5a7-9659-4c32-b8e2-63b97e9dfc1a', 'GENKI3_L06');
-- シャワー | shower --;
INSERT INTO "vocabulary"."vocabulary" ("id", "word_class_code", "conjugation_kind_code", "jlpt_level", "row_num", "tags", "date_added") VALUES ('43a58336-9990-47cf-badd-e2e32efee2df', 'NOUN', NULL, 5, 550, '{}', '2022-11-06');
INSERT INTO "vocabulary"."definition" ("id", "vocabulary_id", "sort_rank", "value") VALUES ('4a819337-3e4a-5b9d-ab16-9899a23cf486', '43a58336-9990-47cf-badd-e2e32efee2df', 1, 'shower');
INSERT INTO "vocabulary"."spelling" ("id", "vocabulary_id", "spelling_kind_code", "value") VALUES ('04c569f0-e257-5d14-88f9-eb3e26482d72', '43a58336-9990-47cf-badd-e2e32efee2df', 'KATAKANA', 'シャワー');
INSERT INTO "vocabulary"."spelling" ("id", "vocabulary_id", "spelling_kind_code", "value") VALUES ('269151c6-f18a-50ce-a989-0f1d506a9c02', '43a58336-9990-47cf-badd-e2e32efee2df', 'HIRAGANA', 'しゃわあ');
INSERT INTO "vocabulary"."linkages" ("vocabulary_id", "preferred_definition_id", "preferred_spelling_id", "phonetic_spelling_id", "alt_phonetic_spelling_id", "kanji_spelling_id", "conjugation_set_id") VALUES ('43a58336-9990-47cf-badd-e2e32efee2df', '4a819337-3e4a-5b9d-ab16-9899a23cf486', '04c569f0-e257-5d14-88f9-eb3e26482d72', '269151c6-f18a-50ce-a989-0f1d506a9c02', NULL, NULL, NULL);
INSERT INTO "vocabulary"."reference" ("vocabulary_id", "lesson_code") VALUES ('43a58336-9990-47cf-badd-e2e32efee2df', 'GENKI3_L06');
-- エアコン | air conditioner --;
INSERT INTO "vocabulary"."vocabulary" ("id", "word_class_code", "conjugation_kind_code", "jlpt_level", "row_num", "tags", "date_added") VALUES ('7e8686c0-25a5-49de-badd-05f9cb1f3e1c', 'NOUN', NULL, NULL, 551, '{}', '2022-11-06');
INSERT INTO "vocabulary"."definition" ("id", "vocabulary_id", "sort_rank", "value") VALUES ('04cae9de-cffe-5874-8e82-0afca1fd986d', '7e8686c0-25a5-49de-badd-05f9cb1f3e1c', 1, 'air conditioner');
INSERT INTO "vocabulary"."spelling" ("id", "vocabulary_id", "spelling_kind_code", "value") VALUES ('82d02501-0c8d-50fd-9842-9d33fb853a8d', '7e8686c0-25a5-49de-badd-05f9cb1f3e1c', 'KATAKANA', 'エアコン');
INSERT INTO "vocabulary"."spelling" ("id", "vocabulary_id", "spelling_kind_code", "value") VALUES ('18dee235-3d38-5bc1-9933-82987eea6019', '7e8686c0-25a5-49de-badd-05f9cb1f3e1c', 'HIRAGANA', 'えあこん');
INSERT INTO "vocabulary"."linkages" ("vocabulary_id", "preferred_definition_id", "preferred_spelling_id", "phonetic_spelling_id", "alt_phonetic_spelling_id", "kanji_spelling_id", "conjugation_set_id") VALUES ('7e8686c0-25a5-49de-badd-05f9cb1f3e1c', '04cae9de-cffe-5874-8e82-0afca1fd986d', '82d02501-0c8d-50fd-9842-9d33fb853a8d', '18dee235-3d38-5bc1-9933-82987eea6019', NULL, NULL, NULL);
INSERT INTO "vocabulary"."reference" ("vocabulary_id", "lesson_code") VALUES ('7e8686c0-25a5-49de-badd-05f9cb1f3e1c', 'GENKI3_L06');
-- 電気 | electricity; light --;
INSERT INTO "vocabulary"."vocabulary" ("id", "word_class_code", "conjugation_kind_code", "jlpt_level", "row_num", "tags", "date_added") VALUES ('18d88e8e-d9e0-49f6-a3c0-db51e3181bad', 'NOUN', NULL, 5, 552, '{}', '2022-11-06');
INSERT INTO "vocabulary"."definition" ("id", "vocabulary_id", "sort_rank", "value") VALUES ('61ee31d9-e064-534b-ad69-8a3cbb863b64', '18d88e8e-d9e0-49f6-a3c0-db51e3181bad', 1, 'electricity; light');
INSERT INTO "vocabulary"."spelling" ("id", "vocabulary_id", "spelling_kind_code", "value") VALUES ('223b2f1b-328a-5b96-bde8-6d97a6f38b12', '18d88e8e-d9e0-49f6-a3c0-db51e3181bad', 'KANJI', '電気');
INSERT INTO "vocabulary"."spelling" ("id", "vocabulary_id", "spelling_kind_code", "value") VALUES ('9170b17b-9525-5541-b19e-e23d3513c0ac', '18d88e8e-d9e0-49f6-a3c0-db51e3181bad', 'HIRAGANA', 'でんき');
INSERT INTO "vocabulary"."spelling" ("id", "vocabulary_id", "spelling_kind_code", "value") VALUES ('cd1a7c9a-53df-5f84-aca5-2516a352c8ae', '18d88e8e-d9e0-49f6-a3c0-db51e3181bad', 'KANJI', '電気');
INSERT INTO "vocabulary"."linkages" ("vocabulary_id", "preferred_definition_id", "preferred_spelling_id", "phonetic_spelling_id", "alt_phonetic_spelling_id", "kanji_spelling_id", "conjugation_set_id") VALUES ('18d88e8e-d9e0-49f6-a3c0-db51e3181bad', '61ee31d9-e064-534b-ad69-8a3cbb863b64', '223b2f1b-328a-5b96-bde8-6d97a6f38b12', '9170b17b-9525-5541-b19e-e23d3513c0ac', NULL, 'cd1a7c9a-53df-5f84-aca5-2516a352c8ae', NULL);
INSERT INTO "vocabulary"."reference" ("vocabulary_id", "lesson_code") VALUES ('18d88e8e-d9e0-49f6-a3c0-db51e3181bad', 'GENKI3_L06');
-- 電車 | train --;
INSERT INTO "vocabulary"."vocabulary" ("id", "word_class_code", "conjugation_kind_code", "jlpt_level", "row_num", "tags", "date_added") VALUES ('57396432-edea-432f-bab5-094ddf34e462', 'NOUN', NULL, 5, 553, '{transportation}', '2022-11-06');
INSERT INTO "vocabulary"."definition" ("id", "vocabulary_id", "sort_rank", "value") VALUES ('4a6b7f8c-7823-5907-9fda-c5587636b6a8', '57396432-edea-432f-bab5-094ddf34e462', 1, 'train');
INSERT INTO "vocabulary"."spelling" ("id", "vocabulary_id", "spelling_kind_code", "value") VALUES ('91c0c515-1a18-5a11-a0ac-2b27fdb16c03', '57396432-edea-432f-bab5-094ddf34e462', 'KANJI', '電車');
INSERT INTO "vocabulary"."spelling" ("id", "vocabulary_id", "spelling_kind_code", "value") VALUES ('640e25e5-63ca-5274-bd48-22233d50029a', '57396432-edea-432f-bab5-094ddf34e462', 'HIRAGANA', 'でんしゃ');
INSERT INTO "vocabulary"."spelling" ("id", "vocabulary_id", "spelling_kind_code", "value") VALUES ('ded0dfbe-ffe7-5489-a437-d82422de0ed6', '57396432-edea-432f-bab5-094ddf34e462', 'KANJI', '電車');
INSERT INTO "vocabulary"."linkages" ("vocabulary_id", "preferred_definition_id", "preferred_spelling_id", "phonetic_spelling_id", "alt_phonetic_spelling_id", "kanji_spelling_id", "conjugation_set_id") VALUES ('57396432-edea-432f-bab5-094ddf34e462', '4a6b7f8c-7823-5907-9fda-c5587636b6a8', '91c0c515-1a18-5a11-a0ac-2b27fdb16c03', '640e25e5-63ca-5274-bd48-22233d50029a', NULL, 'ded0dfbe-ffe7-5489-a437-d82422de0ed6', NULL);
INSERT INTO "vocabulary"."reference" ("vocabulary_id", "lesson_code") VALUES ('57396432-edea-432f-bab5-094ddf34e462', 'GENKI3_L06');
-- 国 | country; place of origin --;
INSERT INTO "vocabulary"."vocabulary" ("id", "word_class_code", "conjugation_kind_code", "jlpt_level", "row_num", "tags", "date_added") VALUES ('e3f4222a-3bf1-4cbe-8962-a83b64779f7e', 'NOUN', NULL, 5, 554, '{}', '2022-11-06');
INSERT INTO "vocabulary"."definition" ("id", "vocabulary_id", "sort_rank", "value") VALUES ('79de10e7-8d73-54d2-b559-fadf1d7622fd', 'e3f4222a-3bf1-4cbe-8962-a83b64779f7e', 1, 'country; place of origin');
INSERT INTO "vocabulary"."spelling" ("id", "vocabulary_id", "spelling_kind_code", "value") VALUES ('96d82240-ff2e-5344-a1bb-c82eff4e09d6', 'e3f4222a-3bf1-4cbe-8962-a83b64779f7e', 'KANJI', '国');
INSERT INTO "vocabulary"."spelling" ("id", "vocabulary_id", "spelling_kind_code", "value") VALUES ('27a5c787-e47e-54d8-9cd1-12c2451b194c', 'e3f4222a-3bf1-4cbe-8962-a83b64779f7e', 'HIRAGANA', 'くに');
INSERT INTO "vocabulary"."spelling" ("id", "vocabulary_id", "spelling_kind_code", "value") VALUES ('acf2c26b-f255-5966-9bf6-0a1323bcae85', 'e3f4222a-3bf1-4cbe-8962-a83b64779f7e', 'KANJI', '国');
INSERT INTO "vocabulary"."linkages" ("vocabulary_id", "preferred_definition_id", "preferred_spelling_id", "phonetic_spelling_id", "alt_phonetic_spelling_id", "kanji_spelling_id", "conjugation_set_id") VALUES ('e3f4222a-3bf1-4cbe-8962-a83b64779f7e', '79de10e7-8d73-54d2-b559-fadf1d7622fd', '96d82240-ff2e-5344-a1bb-c82eff4e09d6', '27a5c787-e47e-54d8-9cd1-12c2451b194c', NULL, 'acf2c26b-f255-5966-9bf6-0a1323bcae85', NULL);
INSERT INTO "vocabulary"."reference" ("vocabulary_id", "lesson_code") VALUES ('e3f4222a-3bf1-4cbe-8962-a83b64779f7e', 'GENKI3_L06');
-- 今週 | this week --;
INSERT INTO "vocabulary"."vocabulary" ("id", "word_class_code", "conjugation_kind_code", "jlpt_level", "row_num", "tags", "date_added") VALUES ('768309d9-5536-443a-8989-78d36314563c', 'NOUN', NULL, 5, 555, '{}', '2022-11-06');
INSERT INTO "vocabulary"."definition" ("id", "vocabulary_id", "sort_rank", "value") VALUES ('738502e3-4dc1-59ad-ae5e-c9f0a4d105e8', '768309d9-5536-443a-8989-78d36314563c', 1, 'this week');
INSERT INTO "vocabulary"."spelling" ("id", "vocabulary_id", "spelling_kind_code", "value") VALUES ('d39fab49-3059-5997-b6d2-8fb79ba1627a', '768309d9-5536-443a-8989-78d36314563c', 'KANJI', '今週');
INSERT INTO "vocabulary"."spelling" ("id", "vocabulary_id", "spelling_kind_code", "value") VALUES ('5e9ae1b5-78fd-58f4-adee-d76f57f4c503', '768309d9-5536-443a-8989-78d36314563c', 'HIRAGANA', 'こんしゅう');
INSERT INTO "vocabulary"."spelling" ("id", "vocabulary_id", "spelling_kind_code", "value") VALUES ('cfaca12d-2ebb-5c61-af65-37f7a51574e7', '768309d9-5536-443a-8989-78d36314563c', 'KANJI', '今週');
INSERT INTO "vocabulary"."linkages" ("vocabulary_id", "preferred_definition_id", "preferred_spelling_id", "phonetic_spelling_id", "alt_phonetic_spelling_id", "kanji_spelling_id", "conjugation_set_id") VALUES ('768309d9-5536-443a-8989-78d36314563c', '738502e3-4dc1-59ad-ae5e-c9f0a4d105e8', 'd39fab49-3059-5997-b6d2-8fb79ba1627a', '5e9ae1b5-78fd-58f4-adee-d76f57f4c503', NULL, 'cfaca12d-2ebb-5c61-af65-37f7a51574e7', NULL);
INSERT INTO "vocabulary"."reference" ("vocabulary_id", "lesson_code") VALUES ('768309d9-5536-443a-8989-78d36314563c', 'GENKI3_L06');
-- 来週 | next week --;
INSERT INTO "vocabulary"."vocabulary" ("id", "word_class_code", "conjugation_kind_code", "jlpt_level", "row_num", "tags", "date_added") VALUES ('04b28ec0-446d-435f-accd-03cb50aa2816', 'NOUN', NULL, 5, 556, '{}', '2022-11-06');
INSERT INTO "vocabulary"."definition" ("id", "vocabulary_id", "sort_rank", "value") VALUES ('93ab8472-5721-5918-9a30-c1612e800b5f', '04b28ec0-446d-435f-accd-03cb50aa2816', 1, 'next week');
INSERT INTO "vocabulary"."spelling" ("id", "vocabulary_id", "spelling_kind_code", "value") VALUES ('57bff86c-5bf7-565c-9cdf-42bc6732c4c8', '04b28ec0-446d-435f-accd-03cb50aa2816', 'KANJI', '来週');
INSERT INTO "vocabulary"."spelling" ("id", "vocabulary_id", "spelling_kind_code", "value") VALUES ('f26ec501-83ea-5756-bbc5-75646ac49ffb', '04b28ec0-446d-435f-accd-03cb50aa2816', 'HIRAGANA', 'らいしゅう');
INSERT INTO "vocabulary"."spelling" ("id", "vocabulary_id", "spelling_kind_code", "value") VALUES ('e9c6a55b-631b-5554-a06d-a5367c8d1850', '04b28ec0-446d-435f-accd-03cb50aa2816', 'KANJI', '来週');
INSERT INTO "vocabulary"."linkages" ("vocabulary_id", "preferred_definition_id", "preferred_spelling_id", "phonetic_spelling_id", "alt_phonetic_spelling_id", "kanji_spelling_id", "conjugation_set_id") VALUES ('04b28ec0-446d-435f-accd-03cb50aa2816', '93ab8472-5721-5918-9a30-c1612e800b5f', '57bff86c-5bf7-565c-9cdf-42bc6732c4c8', 'f26ec501-83ea-5756-bbc5-75646ac49ffb', NULL, 'e9c6a55b-631b-5554-a06d-a5367c8d1850', NULL);
INSERT INTO "vocabulary"."reference" ("vocabulary_id", "lesson_code") VALUES ('04b28ec0-446d-435f-accd-03cb50aa2816', 'GENKI3_L06');
-- 来年 | next year --;
INSERT INTO "vocabulary"."vocabulary" ("id", "word_class_code", "conjugation_kind_code", "jlpt_level", "row_num", "tags", "date_added") VALUES ('ce174904-5cdd-4329-9d57-d9543413c0b8', 'NOUN', NULL, NULL, 557, '{}', '2022-11-06');
INSERT INTO "vocabulary"."definition" ("id", "vocabulary_id", "sort_rank", "value") VALUES ('3b0af1e7-3139-534c-9cab-55b99c9f42c0', 'ce174904-5cdd-4329-9d57-d9543413c0b8', 1, 'next year');
INSERT INTO "vocabulary"."spelling" ("id", "vocabulary_id", "spelling_kind_code", "value") VALUES ('b997a5e3-57bb-5ab4-aae9-59c51a78cf97', 'ce174904-5cdd-4329-9d57-d9543413c0b8', 'KANJI', '来年');
INSERT INTO "vocabulary"."spelling" ("id", "vocabulary_id", "spelling_kind_code", "value") VALUES ('7ad97f6f-f5f9-5f12-a526-723532ccecf2', 'ce174904-5cdd-4329-9d57-d9543413c0b8', 'HIRAGANA', 'らいねん');
INSERT INTO "vocabulary"."spelling" ("id", "vocabulary_id", "spelling_kind_code", "value") VALUES ('1efd4ea0-12e8-5432-8ca3-09870c9c573e', 'ce174904-5cdd-4329-9d57-d9543413c0b8', 'KANJI', '来年');
INSERT INTO "vocabulary"."linkages" ("vocabulary_id", "preferred_definition_id", "preferred_spelling_id", "phonetic_spelling_id", "alt_phonetic_spelling_id", "kanji_spelling_id", "conjugation_set_id") VALUES ('ce174904-5cdd-4329-9d57-d9543413c0b8', '3b0af1e7-3139-534c-9cab-55b99c9f42c0', 'b997a5e3-57bb-5ab4-aae9-59c51a78cf97', '7ad97f6f-f5f9-5f12-a526-723532ccecf2', NULL, '1efd4ea0-12e8-5432-8ca3-09870c9c573e', NULL);
INSERT INTO "vocabulary"."reference" ("vocabulary_id", "lesson_code") VALUES ('ce174904-5cdd-4329-9d57-d9543413c0b8', 'GENKI3_L06');
-- 本日 | today; this day --;
INSERT INTO "vocabulary"."vocabulary" ("id", "word_class_code", "conjugation_kind_code", "jlpt_level", "row_num", "tags", "date_added") VALUES ('81f07e4d-909b-420a-b852-d6b68564cfcc', 'NOUN', NULL, NULL, 558, '{}', '2022-11-06');
INSERT INTO "vocabulary"."definition" ("id", "vocabulary_id", "sort_rank", "value") VALUES ('32ceb723-914a-5859-8fd2-7ba4d8c6843b', '81f07e4d-909b-420a-b852-d6b68564cfcc', 1, 'today; this day');
INSERT INTO "vocabulary"."spelling" ("id", "vocabulary_id", "spelling_kind_code", "value") VALUES ('f92355de-e98c-5dd9-b0c7-b88e26548540', '81f07e4d-909b-420a-b852-d6b68564cfcc', 'KANJI', '本日');
INSERT INTO "vocabulary"."spelling" ("id", "vocabulary_id", "spelling_kind_code", "value") VALUES ('b2749571-a545-5d1c-85f8-71e3b8a1f368', '81f07e4d-909b-420a-b852-d6b68564cfcc', 'HIRAGANA', 'ほんじつ');
INSERT INTO "vocabulary"."spelling" ("id", "vocabulary_id", "spelling_kind_code", "value") VALUES ('f92031ad-44fb-5240-8c54-f1a67340c083', '81f07e4d-909b-420a-b852-d6b68564cfcc', 'KANJI', '本日');
INSERT INTO "vocabulary"."linkages" ("vocabulary_id", "preferred_definition_id", "preferred_spelling_id", "phonetic_spelling_id", "alt_phonetic_spelling_id", "kanji_spelling_id", "conjugation_set_id") VALUES ('81f07e4d-909b-420a-b852-d6b68564cfcc', '32ceb723-914a-5859-8fd2-7ba4d8c6843b', 'f92355de-e98c-5dd9-b0c7-b88e26548540', 'b2749571-a545-5d1c-85f8-71e3b8a1f368', NULL, 'f92031ad-44fb-5240-8c54-f1a67340c083', NULL);
-- 大変 | tough (situation); dreadful --;
INSERT INTO "vocabulary"."vocabulary" ("id", "word_class_code", "conjugation_kind_code", "jlpt_level", "row_num", "tags", "date_added") VALUES ('aa0dbae3-a335-41ea-b0a7-2b2a7940bcdb', 'ADJECTIVE', 'NA_ADJECTIVE', 5, 559, '{}', '2022-11-06');
INSERT INTO "vocabulary"."definition" ("id", "vocabulary_id", "sort_rank", "value") VALUES ('1a4bbca4-9373-5bdc-8a7d-d36d05759491', 'aa0dbae3-a335-41ea-b0a7-2b2a7940bcdb', 1, 'tough (situation); dreadful');
INSERT INTO "vocabulary"."spelling" ("id", "vocabulary_id", "spelling_kind_code", "value") VALUES ('5c1481da-cb71-5827-9809-5566ad2cf005', 'aa0dbae3-a335-41ea-b0a7-2b2a7940bcdb', 'KANJI', '大変');
INSERT INTO "vocabulary"."spelling" ("id", "vocabulary_id", "spelling_kind_code", "value") VALUES ('7326fe11-0d8e-5e89-a81f-6160a0a510eb', 'aa0dbae3-a335-41ea-b0a7-2b2a7940bcdb', 'HIRAGANA', 'たいへん');
INSERT INTO "vocabulary"."spelling" ("id", "vocabulary_id", "spelling_kind_code", "value") VALUES ('2facf78e-0126-5de6-b20b-51fd5898b983', 'aa0dbae3-a335-41ea-b0a7-2b2a7940bcdb', 'KANJI', '大変');
INSERT INTO "vocabulary"."conjugation_set" ("id", "vocabulary_id") VALUES ('f7112e7c-3516-5cab-8819-525f40f127bb', 'aa0dbae3-a335-41ea-b0a7-2b2a7940bcdb');
INSERT INTO "vocabulary"."linkages" ("vocabulary_id", "preferred_definition_id", "preferred_spelling_id", "phonetic_spelling_id", "alt_phonetic_spelling_id", "kanji_spelling_id", "conjugation_set_id") VALUES ('aa0dbae3-a335-41ea-b0a7-2b2a7940bcdb', '1a4bbca4-9373-5bdc-8a7d-d36d05759491', '5c1481da-cb71-5827-9809-5566ad2cf005', '7326fe11-0d8e-5e89-a81f-6160a0a510eb', NULL, '2facf78e-0126-5de6-b20b-51fd5898b983', 'f7112e7c-3516-5cab-8819-525f40f127bb');
INSERT INTO "vocabulary"."reference" ("vocabulary_id", "lesson_code") VALUES ('aa0dbae3-a335-41ea-b0a7-2b2a7940bcdb', 'GENKI3_L06');
INSERT INTO "vocabulary"."conjugation" ("id", "conjugation_set_id", "politeness_code", "charge_code", "form_code", "sort_rank", "value") VALUES ('6cbfe9c5-22d9-590a-9c65-1de70b8adfcb', 'f7112e7c-3516-5cab-8819-525f40f127bb', 'PLAIN', 'POSITIVE', 'PRESENT', 1, '大変だ');
INSERT INTO "vocabulary"."conjugation" ("id", "conjugation_set_id", "politeness_code", "charge_code", "form_code", "sort_rank", "value") VALUES ('7e57eb65-6e8f-59be-adb1-9beb52760f11', 'f7112e7c-3516-5cab-8819-525f40f127bb', 'PLAIN', 'POSITIVE', 'PAST', 1, '大変だった');
INSERT INTO "vocabulary"."conjugation" ("id", "conjugation_set_id", "politeness_code", "charge_code", "form_code", "sort_rank", "value") VALUES ('9642c498-425a-5ddc-9c12-dac759d97e62', 'f7112e7c-3516-5cab-8819-525f40f127bb', 'PLAIN', 'NEGATIVE', 'PRESENT', 1, '大変じゃない');
INSERT INTO "vocabulary"."conjugation" ("id", "conjugation_set_id", "politeness_code", "charge_code", "form_code", "sort_rank", "value") VALUES ('e11b1f53-1f13-5411-a2d7-55dd2d19ee87', 'f7112e7c-3516-5cab-8819-525f40f127bb', 'PLAIN', 'NEGATIVE', 'PAST', 1, '大変じゃなかった');
-- 〜もいいです | you may do + -te --;
INSERT INTO "vocabulary"."vocabulary" ("id", "word_class_code", "conjugation_kind_code", "jlpt_level", "row_num", "tags", "date_added") VALUES ('d5eb1db2-38cb-4cd8-98da-f4fab0ff12ef', 'SUFFIX', NULL, NULL, 560, '{}', '2022-11-27');
INSERT INTO "vocabulary"."definition" ("id", "vocabulary_id", "sort_rank", "value") VALUES ('ca1e8e82-a9de-5f3c-8131-0e61f75c1200', 'd5eb1db2-38cb-4cd8-98da-f4fab0ff12ef', 1, 'you may do + -te');
INSERT INTO "vocabulary"."spelling" ("id", "vocabulary_id", "spelling_kind_code", "value") VALUES ('a542c42a-c6f7-5bc5-83c0-d5bec1f76316', 'd5eb1db2-38cb-4cd8-98da-f4fab0ff12ef', 'HIRAGANA', '〜もいいです');
INSERT INTO "vocabulary"."spelling" ("id", "vocabulary_id", "spelling_kind_code", "value") VALUES ('c47e863e-f14c-5dc1-a5f7-02f5a892f549', 'd5eb1db2-38cb-4cd8-98da-f4fab0ff12ef', 'HIRAGANA', '〜もいいです');
INSERT INTO "vocabulary"."linkages" ("vocabulary_id", "preferred_definition_id", "preferred_spelling_id", "phonetic_spelling_id", "alt_phonetic_spelling_id", "kanji_spelling_id", "conjugation_set_id") VALUES ('d5eb1db2-38cb-4cd8-98da-f4fab0ff12ef', 'ca1e8e82-a9de-5f3c-8131-0e61f75c1200', 'a542c42a-c6f7-5bc5-83c0-d5bec1f76316', 'c47e863e-f14c-5dc1-a5f7-02f5a892f549', NULL, NULL, NULL);
INSERT INTO "vocabulary"."reference" ("vocabulary_id", "lesson_code") VALUES ('d5eb1db2-38cb-4cd8-98da-f4fab0ff12ef', 'GENKI3_L06');
-- 〜はいけません | you must not do + -te --;
INSERT INTO "vocabulary"."vocabulary" ("id", "word_class_code", "conjugation_kind_code", "jlpt_level", "row_num", "tags", "date_added") VALUES ('0d505663-fd52-4597-93c9-a0a05a91eeb1', 'SUFFIX', NULL, NULL, 561, '{}', '2022-11-27');
INSERT INTO "vocabulary"."definition" ("id", "vocabulary_id", "sort_rank", "value") VALUES ('5d5e9d17-3c4e-502d-9c7c-5eb1c3b6c3d7', '0d505663-fd52-4597-93c9-a0a05a91eeb1', 1, 'you must not do + -te');
INSERT INTO "vocabulary"."spelling" ("id", "vocabulary_id", "spelling_kind_code", "value") VALUES ('d22a2042-1391-5d8e-b2e0-fc93ac63f83d', '0d505663-fd52-4597-93c9-a0a05a91eeb1', 'HIRAGANA', '〜はいけません');
INSERT INTO "vocabulary"."spelling" ("id", "vocabulary_id", "spelling_kind_code", "value") VALUES ('c87cc43c-8f82-53ae-9c04-c9b2f45f2c77', '0d505663-fd52-4597-93c9-a0a05a91eeb1', 'HIRAGANA', '〜はいけません');
INSERT INTO "vocabulary"."linkages" ("vocabulary_id", "preferred_definition_id", "preferred_spelling_id", "phonetic_spelling_id", "alt_phonetic_spelling_id", "kanji_spelling_id", "conjugation_set_id") VALUES ('0d505663-fd52-4597-93c9-a0a05a91eeb1', '5d5e9d17-3c4e-502d-9c7c-5eb1c3b6c3d7', 'd22a2042-1391-5d8e-b2e0-fc93ac63f83d', 'c87cc43c-8f82-53ae-9c04-c9b2f45f2c77', NULL, NULL, NULL);
INSERT INTO "vocabulary"."reference" ("vocabulary_id", "lesson_code") VALUES ('0d505663-fd52-4597-93c9-a0a05a91eeb1', 'GENKI3_L06');
-- 〜から | because --;
INSERT INTO "vocabulary"."vocabulary" ("id", "word_class_code", "conjugation_kind_code", "jlpt_level", "row_num", "tags", "date_added") VALUES ('5870cb37-28e6-46f7-9424-2309a88bd200', 'SUFFIX', NULL, NULL, 562, '{}', '2022-11-27');
INSERT INTO "vocabulary"."definition" ("id", "vocabulary_id", "sort_rank", "value") VALUES ('6d9fc2b8-197c-5c41-8216-a525e4f509f9', '5870cb37-28e6-46f7-9424-2309a88bd200', 1, 'because');
INSERT INTO "vocabulary"."spelling" ("id", "vocabulary_id", "spelling_kind_code", "value") VALUES ('23986184-a86c-5db2-a5e1-1267ff93acf4', '5870cb37-28e6-46f7-9424-2309a88bd200', 'HIRAGANA', '〜から');
INSERT INTO "vocabulary"."spelling" ("id", "vocabulary_id", "spelling_kind_code", "value") VALUES ('c5292c5b-2af5-58b0-86f2-43825b0ec117', '5870cb37-28e6-46f7-9424-2309a88bd200', 'HIRAGANA', '〜から');
INSERT INTO "vocabulary"."linkages" ("vocabulary_id", "preferred_definition_id", "preferred_spelling_id", "phonetic_spelling_id", "alt_phonetic_spelling_id", "kanji_spelling_id", "conjugation_set_id") VALUES ('5870cb37-28e6-46f7-9424-2309a88bd200', '6d9fc2b8-197c-5c41-8216-a525e4f509f9', '23986184-a86c-5db2-a5e1-1267ff93acf4', 'c5292c5b-2af5-58b0-86f2-43825b0ec117', NULL, NULL, NULL);
INSERT INTO "vocabulary"."reference" ("vocabulary_id", "lesson_code") VALUES ('5870cb37-28e6-46f7-9424-2309a88bd200', 'GENKI3_L06');
-- 〜ましょうか | let me do...; offer assistance --;
INSERT INTO "vocabulary"."vocabulary" ("id", "word_class_code", "conjugation_kind_code", "jlpt_level", "row_num", "tags", "date_added") VALUES ('a0a9d716-ca40-43b1-b741-4d996bba497d', 'SUFFIX', NULL, NULL, 563, '{}', '2022-11-27');
INSERT INTO "vocabulary"."definition" ("id", "vocabulary_id", "sort_rank", "value") VALUES ('304037b0-edf8-5859-8f4a-368a817c10eb', 'a0a9d716-ca40-43b1-b741-4d996bba497d', 1, 'let me do...; offer assistance');
INSERT INTO "vocabulary"."spelling" ("id", "vocabulary_id", "spelling_kind_code", "value") VALUES ('a986b798-2fc0-5ef3-a0bc-0e45402f2a51', 'a0a9d716-ca40-43b1-b741-4d996bba497d', 'HIRAGANA', '〜ましょうか');
INSERT INTO "vocabulary"."spelling" ("id", "vocabulary_id", "spelling_kind_code", "value") VALUES ('4b4b7817-48a0-5fb2-bd91-f7ddcb1b6567', 'a0a9d716-ca40-43b1-b741-4d996bba497d', 'HIRAGANA', '〜ましょうか');
INSERT INTO "vocabulary"."linkages" ("vocabulary_id", "preferred_definition_id", "preferred_spelling_id", "phonetic_spelling_id", "alt_phonetic_spelling_id", "kanji_spelling_id", "conjugation_set_id") VALUES ('a0a9d716-ca40-43b1-b741-4d996bba497d', '304037b0-edf8-5859-8f4a-368a817c10eb', 'a986b798-2fc0-5ef3-a0bc-0e45402f2a51', '4b4b7817-48a0-5fb2-bd91-f7ddcb1b6567', NULL, NULL, NULL);
INSERT INTO "vocabulary"."reference" ("vocabulary_id", "lesson_code") VALUES ('a0a9d716-ca40-43b1-b741-4d996bba497d', 'GENKI3_L06');
-- 遊ぶ | to play; to spend time pleasantly --;
INSERT INTO "vocabulary"."vocabulary" ("id", "word_class_code", "conjugation_kind_code", "jlpt_level", "row_num", "tags", "date_added") VALUES ('03d2e184-ee1d-42b4-9bd8-8f627e42b543', 'VERB', 'GODAN_VERB', 5, 564, '{}', '2022-11-06');
INSERT INTO "vocabulary"."definition" ("id", "vocabulary_id", "sort_rank", "value") VALUES ('f5f86dbe-8694-5e56-9fc7-b63a04350bc6', '03d2e184-ee1d-42b4-9bd8-8f627e42b543', 1, 'to play; to spend time pleasantly');
INSERT INTO "vocabulary"."spelling" ("id", "vocabulary_id", "spelling_kind_code", "value") VALUES ('00eb9518-88b1-58e3-b988-90ea958d9f28', '03d2e184-ee1d-42b4-9bd8-8f627e42b543', 'KANJI', '遊ぶ');
INSERT INTO "vocabulary"."spelling" ("id", "vocabulary_id", "spelling_kind_code", "value") VALUES ('1b01df3f-2d63-5dfc-8c97-a799aeed0ba2', '03d2e184-ee1d-42b4-9bd8-8f627e42b543', 'HIRAGANA', 'あそぶ');
INSERT INTO "vocabulary"."spelling" ("id", "vocabulary_id", "spelling_kind_code", "value") VALUES ('74b3f01c-ca04-53be-a0c0-0c8a2da92e37', '03d2e184-ee1d-42b4-9bd8-8f627e42b543', 'KANJI', '遊ぶ');
INSERT INTO "vocabulary"."conjugation_set" ("id", "vocabulary_id") VALUES ('d0a088f1-fb56-5807-acca-c33b1bc8bfba', '03d2e184-ee1d-42b4-9bd8-8f627e42b543');
INSERT INTO "vocabulary"."linkages" ("vocabulary_id", "preferred_definition_id", "preferred_spelling_id", "phonetic_spelling_id", "alt_phonetic_spelling_id", "kanji_spelling_id", "conjugation_set_id") VALUES ('03d2e184-ee1d-42b4-9bd8-8f627e42b543', 'f5f86dbe-8694-5e56-9fc7-b63a04350bc6', '00eb9518-88b1-58e3-b988-90ea958d9f28', '1b01df3f-2d63-5dfc-8c97-a799aeed0ba2', NULL, '74b3f01c-ca04-53be-a0c0-0c8a2da92e37', 'd0a088f1-fb56-5807-acca-c33b1bc8bfba');
INSERT INTO "vocabulary"."reference" ("vocabulary_id", "lesson_code") VALUES ('03d2e184-ee1d-42b4-9bd8-8f627e42b543', 'GENKI3_L06');
INSERT INTO "vocabulary"."conjugation" ("id", "conjugation_set_id", "politeness_code", "charge_code", "form_code", "sort_rank", "value") VALUES ('983fd0c7-5920-561d-b5a4-eb3aae565976', 'd0a088f1-fb56-5807-acca-c33b1bc8bfba', 'PLAIN', 'POSITIVE', 'PRESENT', 1, '遊ぶ');
INSERT INTO "vocabulary"."conjugation" ("id", "conjugation_set_id", "politeness_code", "charge_code", "form_code", "sort_rank", "value") VALUES ('ddd246e5-423b-5c97-b9d6-fe3932415acf', 'd0a088f1-fb56-5807-acca-c33b1bc8bfba', 'PLAIN', 'POSITIVE', 'PAST', 1, '遊んだ');
INSERT INTO "vocabulary"."conjugation" ("id", "conjugation_set_id", "politeness_code", "charge_code", "form_code", "sort_rank", "value") VALUES ('73d1c9eb-6362-59db-b0e2-fe797da66abf', 'd0a088f1-fb56-5807-acca-c33b1bc8bfba', 'PLAIN', 'POSITIVE', 'TE', 1, '遊んで');
INSERT INTO "vocabulary"."conjugation" ("id", "conjugation_set_id", "politeness_code", "charge_code", "form_code", "sort_rank", "value") VALUES ('8eae5d7c-250f-5a32-b234-dfaf1705464f', 'd0a088f1-fb56-5807-acca-c33b1bc8bfba', 'PLAIN', 'NEGATIVE', 'PRESENT', 1, '遊ばない');
INSERT INTO "vocabulary"."conjugation" ("id", "conjugation_set_id", "politeness_code", "charge_code", "form_code", "sort_rank", "value") VALUES ('74a3cf40-19cd-552e-9879-ff96c72bc7b9', 'd0a088f1-fb56-5807-acca-c33b1bc8bfba', 'PLAIN', 'NEGATIVE', 'PAST', 1, '遊ばなかった');
INSERT INTO "vocabulary"."conjugation" ("id", "conjugation_set_id", "politeness_code", "charge_code", "form_code", "sort_rank", "value") VALUES ('5155f363-fd46-56f1-9923-bf1f1d49cfe1', 'd0a088f1-fb56-5807-acca-c33b1bc8bfba', 'PLAIN', 'NEGATIVE', 'TE', 1, '遊ばなくて');
INSERT INTO "vocabulary"."conjugation" ("id", "conjugation_set_id", "politeness_code", "charge_code", "form_code", "sort_rank", "value") VALUES ('4e946b35-b174-52e7-830f-cfb32a7d73d6', 'd0a088f1-fb56-5807-acca-c33b1bc8bfba', 'POLITE', 'POSITIVE', 'PRESENT', 1, '遊びます');
INSERT INTO "vocabulary"."conjugation" ("id", "conjugation_set_id", "politeness_code", "charge_code", "form_code", "sort_rank", "value") VALUES ('809a7272-9963-5d2c-8c84-cb442edd26f7', 'd0a088f1-fb56-5807-acca-c33b1bc8bfba', 'POLITE', 'POSITIVE', 'PAST', 1, '遊びました');
INSERT INTO "vocabulary"."conjugation" ("id", "conjugation_set_id", "politeness_code", "charge_code", "form_code", "sort_rank", "value") VALUES ('057a1401-22c7-57f1-a16e-ccbe5fa58141', 'd0a088f1-fb56-5807-acca-c33b1bc8bfba', 'POLITE', 'NEGATIVE', 'PRESENT', 1, '遊びません');
INSERT INTO "vocabulary"."conjugation" ("id", "conjugation_set_id", "politeness_code", "charge_code", "form_code", "sort_rank", "value") VALUES ('0f0e2c73-5270-5c48-b9d0-ea75f4ed203a', 'd0a088f1-fb56-5807-acca-c33b1bc8bfba', 'POLITE', 'NEGATIVE', 'PAST', 1, '遊びませんでした');
-- 急ぐ | to hurry --;
INSERT INTO "vocabulary"."vocabulary" ("id", "word_class_code", "conjugation_kind_code", "jlpt_level", "row_num", "tags", "date_added") VALUES ('302c4402-8069-4dff-8849-c35b4c4e03af', 'VERB', 'GODAN_VERB', 4, 565, '{}', '2022-11-06');
INSERT INTO "vocabulary"."definition" ("id", "vocabulary_id", "sort_rank", "value") VALUES ('eb6a8429-c1c6-5a46-8846-c3c59a68ee53', '302c4402-8069-4dff-8849-c35b4c4e03af', 1, 'to hurry');
INSERT INTO "vocabulary"."spelling" ("id", "vocabulary_id", "spelling_kind_code", "value") VALUES ('cc7e75af-3121-5013-ab35-497724270e2f', '302c4402-8069-4dff-8849-c35b4c4e03af', 'KANJI', '急ぐ');
INSERT INTO "vocabulary"."spelling" ("id", "vocabulary_id", "spelling_kind_code", "value") VALUES ('f7278b54-5d90-5305-b376-5f7c8c00bc18', '302c4402-8069-4dff-8849-c35b4c4e03af', 'HIRAGANA', 'いそぐ');
INSERT INTO "vocabulary"."spelling" ("id", "vocabulary_id", "spelling_kind_code", "value") VALUES ('f8b08cbf-c4c5-5fe4-bf01-a5d19bc2bd40', '302c4402-8069-4dff-8849-c35b4c4e03af', 'KANJI', '急ぐ');
INSERT INTO "vocabulary"."conjugation_set" ("id", "vocabulary_id") VALUES ('5a87244c-cf7d-5e14-b882-033106e4d40a', '302c4402-8069-4dff-8849-c35b4c4e03af');
INSERT INTO "vocabulary"."linkages" ("vocabulary_id", "preferred_definition_id", "preferred_spelling_id", "phonetic_spelling_id", "alt_phonetic_spelling_id", "kanji_spelling_id", "conjugation_set_id") VALUES ('302c4402-8069-4dff-8849-c35b4c4e03af', 'eb6a8429-c1c6-5a46-8846-c3c59a68ee53', 'cc7e75af-3121-5013-ab35-497724270e2f', 'f7278b54-5d90-5305-b376-5f7c8c00bc18', NULL, 'f8b08cbf-c4c5-5fe4-bf01-a5d19bc2bd40', '5a87244c-cf7d-5e14-b882-033106e4d40a');
INSERT INTO "vocabulary"."reference" ("vocabulary_id", "lesson_code") VALUES ('302c4402-8069-4dff-8849-c35b4c4e03af', 'GENKI3_L06');
INSERT INTO "vocabulary"."conjugation" ("id", "conjugation_set_id", "politeness_code", "charge_code", "form_code", "sort_rank", "value") VALUES ('211950c0-793d-512e-bf20-207525c57330', '5a87244c-cf7d-5e14-b882-033106e4d40a', 'PLAIN', 'POSITIVE', 'PRESENT', 1, '急ぐ');
INSERT INTO "vocabulary"."conjugation" ("id", "conjugation_set_id", "politeness_code", "charge_code", "form_code", "sort_rank", "value") VALUES ('00956ec2-b322-531f-ba6e-ee2030a3a001', '5a87244c-cf7d-5e14-b882-033106e4d40a', 'PLAIN', 'POSITIVE', 'PAST', 1, '急いだ');
INSERT INTO "vocabulary"."conjugation" ("id", "conjugation_set_id", "politeness_code", "charge_code", "form_code", "sort_rank", "value") VALUES ('5f892c81-edca-5a7e-bec5-49b6fb3e1cf7', '5a87244c-cf7d-5e14-b882-033106e4d40a', 'PLAIN', 'POSITIVE', 'TE', 1, '急いで');
INSERT INTO "vocabulary"."conjugation" ("id", "conjugation_set_id", "politeness_code", "charge_code", "form_code", "sort_rank", "value") VALUES ('cb299996-461f-5fab-98b8-23d5f7e179d0', '5a87244c-cf7d-5e14-b882-033106e4d40a', 'PLAIN', 'NEGATIVE', 'PRESENT', 1, '急がない');
INSERT INTO "vocabulary"."conjugation" ("id", "conjugation_set_id", "politeness_code", "charge_code", "form_code", "sort_rank", "value") VALUES ('5df3606f-c167-5729-a126-3a910f2b2b21', '5a87244c-cf7d-5e14-b882-033106e4d40a', 'PLAIN', 'NEGATIVE', 'PAST', 1, '急がなかった');
INSERT INTO "vocabulary"."conjugation" ("id", "conjugation_set_id", "politeness_code", "charge_code", "form_code", "sort_rank", "value") VALUES ('79ef1d11-848b-5fd7-a858-ff37a694fbb1', '5a87244c-cf7d-5e14-b882-033106e4d40a', 'PLAIN', 'NEGATIVE', 'TE', 1, '急がなくて');
INSERT INTO "vocabulary"."conjugation" ("id", "conjugation_set_id", "politeness_code", "charge_code", "form_code", "sort_rank", "value") VALUES ('2b61fa8e-5749-54d7-af1c-d2bf01c7fcea', '5a87244c-cf7d-5e14-b882-033106e4d40a', 'POLITE', 'POSITIVE', 'PRESENT', 1, '急ぎます');
INSERT INTO "vocabulary"."conjugation" ("id", "conjugation_set_id", "politeness_code", "charge_code", "form_code", "sort_rank", "value") VALUES ('b658ef4b-e2aa-5e75-8cee-7e7af0795e4e', '5a87244c-cf7d-5e14-b882-033106e4d40a', 'POLITE', 'POSITIVE', 'PAST', 1, '急ぎました');
INSERT INTO "vocabulary"."conjugation" ("id", "conjugation_set_id", "politeness_code", "charge_code", "form_code", "sort_rank", "value") VALUES ('39ce60e6-601f-5b1a-bef5-7ebcdfab5da0', '5a87244c-cf7d-5e14-b882-033106e4d40a', 'POLITE', 'NEGATIVE', 'PRESENT', 1, '急ぎません');
INSERT INTO "vocabulary"."conjugation" ("id", "conjugation_set_id", "politeness_code", "charge_code", "form_code", "sort_rank", "value") VALUES ('2f3cd07f-b86b-55d1-ba7e-1f6a0fb8a064', '5a87244c-cf7d-5e14-b882-033106e4d40a', 'POLITE', 'NEGATIVE', 'PAST', 1, '急ぎませんでした');
-- 返す | to return (a thing) --;
INSERT INTO "vocabulary"."vocabulary" ("id", "word_class_code", "conjugation_kind_code", "jlpt_level", "row_num", "tags", "date_added") VALUES ('8dd4c474-e947-4cff-a360-3d86f831245d', 'VERB', 'GODAN_VERB', 5, 566, '{}', '2022-11-06');
INSERT INTO "vocabulary"."definition" ("id", "vocabulary_id", "sort_rank", "value") VALUES ('3c69a0b8-36f0-5507-b833-480d4faebb09', '8dd4c474-e947-4cff-a360-3d86f831245d', 1, 'to return (a thing)');
INSERT INTO "vocabulary"."spelling" ("id", "vocabulary_id", "spelling_kind_code", "value") VALUES ('39485718-bcd0-5b14-958a-06220bfbaff5', '8dd4c474-e947-4cff-a360-3d86f831245d', 'KANJI', '返す');
INSERT INTO "vocabulary"."spelling" ("id", "vocabulary_id", "spelling_kind_code", "value") VALUES ('1a24e2d9-941f-5957-bf3f-438bcd2d7216', '8dd4c474-e947-4cff-a360-3d86f831245d', 'HIRAGANA', 'かえす');
INSERT INTO "vocabulary"."spelling" ("id", "vocabulary_id", "spelling_kind_code", "value") VALUES ('cd117de3-1a65-5241-a1f7-9b9da030ea2b', '8dd4c474-e947-4cff-a360-3d86f831245d', 'KANJI', '返す');
INSERT INTO "vocabulary"."conjugation_set" ("id", "vocabulary_id") VALUES ('ca9887ee-e4f6-5d87-a1b2-afb359e48d72', '8dd4c474-e947-4cff-a360-3d86f831245d');
INSERT INTO "vocabulary"."linkages" ("vocabulary_id", "preferred_definition_id", "preferred_spelling_id", "phonetic_spelling_id", "alt_phonetic_spelling_id", "kanji_spelling_id", "conjugation_set_id") VALUES ('8dd4c474-e947-4cff-a360-3d86f831245d', '3c69a0b8-36f0-5507-b833-480d4faebb09', '39485718-bcd0-5b14-958a-06220bfbaff5', '1a24e2d9-941f-5957-bf3f-438bcd2d7216', NULL, 'cd117de3-1a65-5241-a1f7-9b9da030ea2b', 'ca9887ee-e4f6-5d87-a1b2-afb359e48d72');
INSERT INTO "vocabulary"."reference" ("vocabulary_id", "lesson_code") VALUES ('8dd4c474-e947-4cff-a360-3d86f831245d', 'GENKI3_L06');
INSERT INTO "vocabulary"."conjugation" ("id", "conjugation_set_id", "politeness_code", "charge_code", "form_code", "sort_rank", "value") VALUES ('a6476d81-f021-50a0-863d-fbd8beb0b143', 'ca9887ee-e4f6-5d87-a1b2-afb359e48d72', 'PLAIN', 'POSITIVE', 'PRESENT', 1, '返す');
INSERT INTO "vocabulary"."conjugation" ("id", "conjugation_set_id", "politeness_code", "charge_code", "form_code", "sort_rank", "value") VALUES ('1c4b29b8-175c-5576-8ad4-9b3b546180be', 'ca9887ee-e4f6-5d87-a1b2-afb359e48d72', 'PLAIN', 'POSITIVE', 'PAST', 1, '返した');
INSERT INTO "vocabulary"."conjugation" ("id", "conjugation_set_id", "politeness_code", "charge_code", "form_code", "sort_rank", "value") VALUES ('441b493b-63c3-5d60-8986-94aed2cc0f40', 'ca9887ee-e4f6-5d87-a1b2-afb359e48d72', 'PLAIN', 'POSITIVE', 'TE', 1, '返して');
INSERT INTO "vocabulary"."conjugation" ("id", "conjugation_set_id", "politeness_code", "charge_code", "form_code", "sort_rank", "value") VALUES ('50744e29-8537-5103-aa32-58da7b2aa725', 'ca9887ee-e4f6-5d87-a1b2-afb359e48d72', 'PLAIN', 'NEGATIVE', 'PRESENT', 1, '返さない');
INSERT INTO "vocabulary"."conjugation" ("id", "conjugation_set_id", "politeness_code", "charge_code", "form_code", "sort_rank", "value") VALUES ('ad982849-469a-5093-9d3a-fd0973af5661', 'ca9887ee-e4f6-5d87-a1b2-afb359e48d72', 'PLAIN', 'NEGATIVE', 'PAST', 1, '返さなかった');
INSERT INTO "vocabulary"."conjugation" ("id", "conjugation_set_id", "politeness_code", "charge_code", "form_code", "sort_rank", "value") VALUES ('3d66d2ee-9277-5988-8e12-561c0280f397', 'ca9887ee-e4f6-5d87-a1b2-afb359e48d72', 'PLAIN', 'NEGATIVE', 'TE', 1, '返さなくて');
INSERT INTO "vocabulary"."conjugation" ("id", "conjugation_set_id", "politeness_code", "charge_code", "form_code", "sort_rank", "value") VALUES ('ef8d069f-b213-5d6b-8a75-297b2460c93c', 'ca9887ee-e4f6-5d87-a1b2-afb359e48d72', 'POLITE', 'POSITIVE', 'PRESENT', 1, '返します');
INSERT INTO "vocabulary"."conjugation" ("id", "conjugation_set_id", "politeness_code", "charge_code", "form_code", "sort_rank", "value") VALUES ('af35d2cc-fdf7-57e3-a46c-eda56a9bd3c4', 'ca9887ee-e4f6-5d87-a1b2-afb359e48d72', 'POLITE', 'POSITIVE', 'PAST', 1, '返しました');
INSERT INTO "vocabulary"."conjugation" ("id", "conjugation_set_id", "politeness_code", "charge_code", "form_code", "sort_rank", "value") VALUES ('e7753bfd-d4fe-5ddc-a761-ca4d4e87683d', 'ca9887ee-e4f6-5d87-a1b2-afb359e48d72', 'POLITE', 'NEGATIVE', 'PRESENT', 1, '返しません');
INSERT INTO "vocabulary"."conjugation" ("id", "conjugation_set_id", "politeness_code", "charge_code", "form_code", "sort_rank", "value") VALUES ('ab918704-8ca1-5776-852f-2aba34b31eb7', 'ca9887ee-e4f6-5d87-a1b2-afb359e48d72', 'POLITE', 'NEGATIVE', 'PAST', 1, '返しませんでした');
-- 消す | to turn off; to erase --;
INSERT INTO "vocabulary"."vocabulary" ("id", "word_class_code", "conjugation_kind_code", "jlpt_level", "row_num", "tags", "date_added") VALUES ('5fdb40f9-fa56-4e1c-bb63-4b65c88d0ef8', 'VERB', 'GODAN_VERB', 5, 567, '{}', '2022-11-06');
INSERT INTO "vocabulary"."definition" ("id", "vocabulary_id", "sort_rank", "value") VALUES ('9d14ed03-0d9a-5657-98da-a0b433ac3b40', '5fdb40f9-fa56-4e1c-bb63-4b65c88d0ef8', 1, 'to turn off; to erase');
INSERT INTO "vocabulary"."spelling" ("id", "vocabulary_id", "spelling_kind_code", "value") VALUES ('ccee39e4-b8ab-507b-9ff7-b22c8f516330', '5fdb40f9-fa56-4e1c-bb63-4b65c88d0ef8', 'KANJI', '消す');
INSERT INTO "vocabulary"."spelling" ("id", "vocabulary_id", "spelling_kind_code", "value") VALUES ('29dff52a-6ab2-54e8-a10d-0665fc216b88', '5fdb40f9-fa56-4e1c-bb63-4b65c88d0ef8', 'HIRAGANA', 'けす');
INSERT INTO "vocabulary"."spelling" ("id", "vocabulary_id", "spelling_kind_code", "value") VALUES ('6a47e39c-43de-5875-87a1-3f605513af30', '5fdb40f9-fa56-4e1c-bb63-4b65c88d0ef8', 'KANJI', '消す');
INSERT INTO "vocabulary"."conjugation_set" ("id", "vocabulary_id") VALUES ('747230a4-53b5-5099-8285-a5175c756f1f', '5fdb40f9-fa56-4e1c-bb63-4b65c88d0ef8');
INSERT INTO "vocabulary"."linkages" ("vocabulary_id", "preferred_definition_id", "preferred_spelling_id", "phonetic_spelling_id", "alt_phonetic_spelling_id", "kanji_spelling_id", "conjugation_set_id") VALUES ('5fdb40f9-fa56-4e1c-bb63-4b65c88d0ef8', '9d14ed03-0d9a-5657-98da-a0b433ac3b40', 'ccee39e4-b8ab-507b-9ff7-b22c8f516330', '29dff52a-6ab2-54e8-a10d-0665fc216b88', NULL, '6a47e39c-43de-5875-87a1-3f605513af30', '747230a4-53b5-5099-8285-a5175c756f1f');
INSERT INTO "vocabulary"."reference" ("vocabulary_id", "lesson_code") VALUES ('5fdb40f9-fa56-4e1c-bb63-4b65c88d0ef8', 'GENKI3_L06');
INSERT INTO "vocabulary"."conjugation" ("id", "conjugation_set_id", "politeness_code", "charge_code", "form_code", "sort_rank", "value") VALUES ('021e4197-b13a-577c-aaed-321b43f90a55', '747230a4-53b5-5099-8285-a5175c756f1f', 'PLAIN', 'POSITIVE', 'PRESENT', 1, '消す');
INSERT INTO "vocabulary"."conjugation" ("id", "conjugation_set_id", "politeness_code", "charge_code", "form_code", "sort_rank", "value") VALUES ('ee917d08-9fc9-54c6-8341-be42989d2152', '747230a4-53b5-5099-8285-a5175c756f1f', 'PLAIN', 'POSITIVE', 'PAST', 1, '消した');
INSERT INTO "vocabulary"."conjugation" ("id", "conjugation_set_id", "politeness_code", "charge_code", "form_code", "sort_rank", "value") VALUES ('5fb2045d-885f-53b1-9154-b30d067f6b7b', '747230a4-53b5-5099-8285-a5175c756f1f', 'PLAIN', 'POSITIVE', 'TE', 1, '消して');
INSERT INTO "vocabulary"."conjugation" ("id", "conjugation_set_id", "politeness_code", "charge_code", "form_code", "sort_rank", "value") VALUES ('77239383-db5a-57c5-b164-d7ff72e9ec22', '747230a4-53b5-5099-8285-a5175c756f1f', 'PLAIN', 'NEGATIVE', 'PRESENT', 1, '消さない');
INSERT INTO "vocabulary"."conjugation" ("id", "conjugation_set_id", "politeness_code", "charge_code", "form_code", "sort_rank", "value") VALUES ('ca36083c-fde0-55e8-9a8b-728899033fce', '747230a4-53b5-5099-8285-a5175c756f1f', 'PLAIN', 'NEGATIVE', 'PAST', 1, '消さなかった');
INSERT INTO "vocabulary"."conjugation" ("id", "conjugation_set_id", "politeness_code", "charge_code", "form_code", "sort_rank", "value") VALUES ('9365646c-cd5a-5296-9696-06068112a85e', '747230a4-53b5-5099-8285-a5175c756f1f', 'PLAIN', 'NEGATIVE', 'TE', 1, '消さなくて');
INSERT INTO "vocabulary"."conjugation" ("id", "conjugation_set_id", "politeness_code", "charge_code", "form_code", "sort_rank", "value") VALUES ('49e2dd1b-cd9a-55f2-92ff-9d2c6346c955', '747230a4-53b5-5099-8285-a5175c756f1f', 'POLITE', 'POSITIVE', 'PRESENT', 1, '消します');
INSERT INTO "vocabulary"."conjugation" ("id", "conjugation_set_id", "politeness_code", "charge_code", "form_code", "sort_rank", "value") VALUES ('27c9e93b-6d60-5d1f-a644-4f873021ed62', '747230a4-53b5-5099-8285-a5175c756f1f', 'POLITE', 'POSITIVE', 'PAST', 1, '消しました');
INSERT INTO "vocabulary"."conjugation" ("id", "conjugation_set_id", "politeness_code", "charge_code", "form_code", "sort_rank", "value") VALUES ('a8b09076-e0a1-51c3-8195-a010a5912488', '747230a4-53b5-5099-8285-a5175c756f1f', 'POLITE', 'NEGATIVE', 'PRESENT', 1, '消しません');
INSERT INTO "vocabulary"."conjugation" ("id", "conjugation_set_id", "politeness_code", "charge_code", "form_code", "sort_rank", "value") VALUES ('d8cffb63-645b-5e63-a923-419746ebb586', '747230a4-53b5-5099-8285-a5175c756f1f', 'POLITE', 'NEGATIVE', 'PAST', 1, '消しませんでした');
-- 死ぬ | to die --;
INSERT INTO "vocabulary"."vocabulary" ("id", "word_class_code", "conjugation_kind_code", "jlpt_level", "row_num", "tags", "date_added") VALUES ('b398c1c2-e5e8-4d6d-ac7e-7c19c3348496', 'VERB', 'GODAN_VERB', 5, 568, '{}', '2022-11-03');
INSERT INTO "vocabulary"."definition" ("id", "vocabulary_id", "sort_rank", "value") VALUES ('31cb1e5e-482b-5737-a9c7-453779c3eb77', 'b398c1c2-e5e8-4d6d-ac7e-7c19c3348496', 1, 'to die');
INSERT INTO "vocabulary"."spelling" ("id", "vocabulary_id", "spelling_kind_code", "value") VALUES ('577f23f7-ebad-5e00-a641-c9b9613a8ee2', 'b398c1c2-e5e8-4d6d-ac7e-7c19c3348496', 'KANJI', '死ぬ');
INSERT INTO "vocabulary"."spelling" ("id", "vocabulary_id", "spelling_kind_code", "value") VALUES ('021a9c72-2cd6-5372-bd16-11d960516cdc', 'b398c1c2-e5e8-4d6d-ac7e-7c19c3348496', 'HIRAGANA', 'しぬ');
INSERT INTO "vocabulary"."spelling" ("id", "vocabulary_id", "spelling_kind_code", "value") VALUES ('85ba6852-b556-5601-bb33-186bda397b75', 'b398c1c2-e5e8-4d6d-ac7e-7c19c3348496', 'KANJI', '死ぬ');
INSERT INTO "vocabulary"."conjugation_set" ("id", "vocabulary_id") VALUES ('f28a03a5-f453-503c-a3d8-5ae1a085cbaa', 'b398c1c2-e5e8-4d6d-ac7e-7c19c3348496');
INSERT INTO "vocabulary"."linkages" ("vocabulary_id", "preferred_definition_id", "preferred_spelling_id", "phonetic_spelling_id", "alt_phonetic_spelling_id", "kanji_spelling_id", "conjugation_set_id") VALUES ('b398c1c2-e5e8-4d6d-ac7e-7c19c3348496', '31cb1e5e-482b-5737-a9c7-453779c3eb77', '577f23f7-ebad-5e00-a641-c9b9613a8ee2', '021a9c72-2cd6-5372-bd16-11d960516cdc', NULL, '85ba6852-b556-5601-bb33-186bda397b75', 'f28a03a5-f453-503c-a3d8-5ae1a085cbaa');
INSERT INTO "vocabulary"."reference" ("vocabulary_id", "lesson_code") VALUES ('b398c1c2-e5e8-4d6d-ac7e-7c19c3348496', 'GENKI3_L06');
INSERT INTO "vocabulary"."conjugation" ("id", "conjugation_set_id", "politeness_code", "charge_code", "form_code", "sort_rank", "value") VALUES ('58ef224e-36e3-55b1-9233-cd937e554c29', 'f28a03a5-f453-503c-a3d8-5ae1a085cbaa', 'PLAIN', 'POSITIVE', 'PRESENT', 1, '死ぬ');
INSERT INTO "vocabulary"."conjugation" ("id", "conjugation_set_id", "politeness_code", "charge_code", "form_code", "sort_rank", "value") VALUES ('9f30646a-ac98-5c70-8380-78450d9cd9ac', 'f28a03a5-f453-503c-a3d8-5ae1a085cbaa', 'PLAIN', 'POSITIVE', 'PAST', 1, '死んだ');
INSERT INTO "vocabulary"."conjugation" ("id", "conjugation_set_id", "politeness_code", "charge_code", "form_code", "sort_rank", "value") VALUES ('b692e18c-ae96-5543-b051-7cb10dda6777', 'f28a03a5-f453-503c-a3d8-5ae1a085cbaa', 'PLAIN', 'POSITIVE', 'TE', 1, '死んで');
INSERT INTO "vocabulary"."conjugation" ("id", "conjugation_set_id", "politeness_code", "charge_code", "form_code", "sort_rank", "value") VALUES ('7eff86e9-25bc-5f0c-824a-d0c0e81832fd', 'f28a03a5-f453-503c-a3d8-5ae1a085cbaa', 'PLAIN', 'NEGATIVE', 'PRESENT', 1, '死なない');
INSERT INTO "vocabulary"."conjugation" ("id", "conjugation_set_id", "politeness_code", "charge_code", "form_code", "sort_rank", "value") VALUES ('f18fff32-4cbc-5b98-92e7-b8a4b2ce7f89', 'f28a03a5-f453-503c-a3d8-5ae1a085cbaa', 'PLAIN', 'NEGATIVE', 'PAST', 1, '死ななかった');
INSERT INTO "vocabulary"."conjugation" ("id", "conjugation_set_id", "politeness_code", "charge_code", "form_code", "sort_rank", "value") VALUES ('3246deb2-3cee-596e-be7b-db6f5b7547ac', 'f28a03a5-f453-503c-a3d8-5ae1a085cbaa', 'PLAIN', 'NEGATIVE', 'TE', 1, '死ななくて');
INSERT INTO "vocabulary"."conjugation" ("id", "conjugation_set_id", "politeness_code", "charge_code", "form_code", "sort_rank", "value") VALUES ('62d92e56-c607-554c-afe4-2d311e41bb13', 'f28a03a5-f453-503c-a3d8-5ae1a085cbaa', 'POLITE', 'POSITIVE', 'PRESENT', 1, '死にます');
INSERT INTO "vocabulary"."conjugation" ("id", "conjugation_set_id", "politeness_code", "charge_code", "form_code", "sort_rank", "value") VALUES ('b885d085-5329-586d-be17-cda61e068a70', 'f28a03a5-f453-503c-a3d8-5ae1a085cbaa', 'POLITE', 'POSITIVE', 'PAST', 1, '死にました');
INSERT INTO "vocabulary"."conjugation" ("id", "conjugation_set_id", "politeness_code", "charge_code", "form_code", "sort_rank", "value") VALUES ('778502c9-7952-55c8-804a-1b80e25f134a', 'f28a03a5-f453-503c-a3d8-5ae1a085cbaa', 'POLITE', 'NEGATIVE', 'PRESENT', 1, '死にません');
INSERT INTO "vocabulary"."conjugation" ("id", "conjugation_set_id", "politeness_code", "charge_code", "form_code", "sort_rank", "value") VALUES ('15f4692f-b29a-52cb-bb35-d73c9d9f37f5', 'f28a03a5-f453-503c-a3d8-5ae1a085cbaa', 'POLITE', 'NEGATIVE', 'PAST', 1, '死にませんでした');
-- 座る | to sit down --;
INSERT INTO "vocabulary"."vocabulary" ("id", "word_class_code", "conjugation_kind_code", "jlpt_level", "row_num", "tags", "date_added") VALUES ('302a20f2-ce11-496b-8f9f-57f6eb69fedf', 'VERB', 'GODAN_VERB', 5, 569, '{}', '2022-11-06');
INSERT INTO "vocabulary"."definition" ("id", "vocabulary_id", "sort_rank", "value") VALUES ('a441b7cb-4fbd-527e-9217-5028476ada90', '302a20f2-ce11-496b-8f9f-57f6eb69fedf', 1, 'to sit down');
INSERT INTO "vocabulary"."spelling" ("id", "vocabulary_id", "spelling_kind_code", "value") VALUES ('8cd6796a-7232-5643-84d7-16a383f3045f', '302a20f2-ce11-496b-8f9f-57f6eb69fedf', 'KANJI', '座る');
INSERT INTO "vocabulary"."spelling" ("id", "vocabulary_id", "spelling_kind_code", "value") VALUES ('da5bdb90-5ff1-5d4c-84ef-79c72cccd38d', '302a20f2-ce11-496b-8f9f-57f6eb69fedf', 'HIRAGANA', 'すわる');
INSERT INTO "vocabulary"."spelling" ("id", "vocabulary_id", "spelling_kind_code", "value") VALUES ('b14b7731-011d-5461-9b84-6e465e2b3ac0', '302a20f2-ce11-496b-8f9f-57f6eb69fedf', 'KANJI', '座る');
INSERT INTO "vocabulary"."conjugation_set" ("id", "vocabulary_id") VALUES ('ffd7823f-e103-52bc-a2a6-2d0540b8dc86', '302a20f2-ce11-496b-8f9f-57f6eb69fedf');
INSERT INTO "vocabulary"."linkages" ("vocabulary_id", "preferred_definition_id", "preferred_spelling_id", "phonetic_spelling_id", "alt_phonetic_spelling_id", "kanji_spelling_id", "conjugation_set_id") VALUES ('302a20f2-ce11-496b-8f9f-57f6eb69fedf', 'a441b7cb-4fbd-527e-9217-5028476ada90', '8cd6796a-7232-5643-84d7-16a383f3045f', 'da5bdb90-5ff1-5d4c-84ef-79c72cccd38d', NULL, 'b14b7731-011d-5461-9b84-6e465e2b3ac0', 'ffd7823f-e103-52bc-a2a6-2d0540b8dc86');
INSERT INTO "vocabulary"."reference" ("vocabulary_id", "lesson_code") VALUES ('302a20f2-ce11-496b-8f9f-57f6eb69fedf', 'GENKI3_L06');
INSERT INTO "vocabulary"."conjugation" ("id", "conjugation_set_id", "politeness_code", "charge_code", "form_code", "sort_rank", "value") VALUES ('d590b9ee-241c-5a97-aa61-f89a3fa76a8c', 'ffd7823f-e103-52bc-a2a6-2d0540b8dc86', 'PLAIN', 'POSITIVE', 'PRESENT', 1, '座る');
INSERT INTO "vocabulary"."conjugation" ("id", "conjugation_set_id", "politeness_code", "charge_code", "form_code", "sort_rank", "value") VALUES ('0d3f1c3a-24db-5b53-8654-1fb86f86cb53', 'ffd7823f-e103-52bc-a2a6-2d0540b8dc86', 'PLAIN', 'POSITIVE', 'PAST', 1, '座った');
INSERT INTO "vocabulary"."conjugation" ("id", "conjugation_set_id", "politeness_code", "charge_code", "form_code", "sort_rank", "value") VALUES ('152f00c6-dc51-569a-ba0b-0ecc9cc0362b', 'ffd7823f-e103-52bc-a2a6-2d0540b8dc86', 'PLAIN', 'POSITIVE', 'TE', 1, '座って');
INSERT INTO "vocabulary"."conjugation" ("id", "conjugation_set_id", "politeness_code", "charge_code", "form_code", "sort_rank", "value") VALUES ('09dbe899-4cf1-5935-8d49-60dc0e382630', 'ffd7823f-e103-52bc-a2a6-2d0540b8dc86', 'PLAIN', 'NEGATIVE', 'PRESENT', 1, '座らない');
INSERT INTO "vocabulary"."conjugation" ("id", "conjugation_set_id", "politeness_code", "charge_code", "form_code", "sort_rank", "value") VALUES ('03ebfb10-52e1-5010-86ff-531833d8fc90', 'ffd7823f-e103-52bc-a2a6-2d0540b8dc86', 'PLAIN', 'NEGATIVE', 'PAST', 1, '座らなかった');
INSERT INTO "vocabulary"."conjugation" ("id", "conjugation_set_id", "politeness_code", "charge_code", "form_code", "sort_rank", "value") VALUES ('d38bdfd3-8f42-5552-a907-f11cd0431f63', 'ffd7823f-e103-52bc-a2a6-2d0540b8dc86', 'PLAIN', 'NEGATIVE', 'TE', 1, '座らなくて');
INSERT INTO "vocabulary"."conjugation" ("id", "conjugation_set_id", "politeness_code", "charge_code", "form_code", "sort_rank", "value") VALUES ('6a3af751-5547-5b01-9e0c-e290918fb921', 'ffd7823f-e103-52bc-a2a6-2d0540b8dc86', 'POLITE', 'POSITIVE', 'PRESENT', 1, '座ります');
INSERT INTO "vocabulary"."conjugation" ("id", "conjugation_set_id", "politeness_code", "charge_code", "form_code", "sort_rank", "value") VALUES ('d7d9058a-a8e1-5779-8e19-ec98f590f21c', 'ffd7823f-e103-52bc-a2a6-2d0540b8dc86', 'POLITE', 'POSITIVE', 'PAST', 1, '座りました');
INSERT INTO "vocabulary"."conjugation" ("id", "conjugation_set_id", "politeness_code", "charge_code", "form_code", "sort_rank", "value") VALUES ('119c9228-943c-502b-b83c-3f11cef93368', 'ffd7823f-e103-52bc-a2a6-2d0540b8dc86', 'POLITE', 'NEGATIVE', 'PRESENT', 1, '座りません');
INSERT INTO "vocabulary"."conjugation" ("id", "conjugation_set_id", "politeness_code", "charge_code", "form_code", "sort_rank", "value") VALUES ('bce64d23-62ba-5ced-ada5-914a1ad09de2', 'ffd7823f-e103-52bc-a2a6-2d0540b8dc86', 'POLITE', 'NEGATIVE', 'PAST', 1, '座りませんでした');
-- 立つ | to stand up --;
INSERT INTO "vocabulary"."vocabulary" ("id", "word_class_code", "conjugation_kind_code", "jlpt_level", "row_num", "tags", "date_added") VALUES ('32a15edf-8576-4e81-8a17-4fa4de5e1a83', 'VERB', 'GODAN_VERB', 5, 570, '{}', '2022-11-06');
INSERT INTO "vocabulary"."definition" ("id", "vocabulary_id", "sort_rank", "value") VALUES ('4c6f1c69-9f8d-5d59-ba52-732211d7f896', '32a15edf-8576-4e81-8a17-4fa4de5e1a83', 1, 'to stand up');
INSERT INTO "vocabulary"."spelling" ("id", "vocabulary_id", "spelling_kind_code", "value") VALUES ('bf4e5a3b-757b-58ec-a5b4-8e75b7548edd', '32a15edf-8576-4e81-8a17-4fa4de5e1a83', 'KANJI', '立つ');
INSERT INTO "vocabulary"."spelling" ("id", "vocabulary_id", "spelling_kind_code", "value") VALUES ('48837f95-7014-532f-aa6e-dbee8c85755b', '32a15edf-8576-4e81-8a17-4fa4de5e1a83', 'HIRAGANA', 'たつ');
INSERT INTO "vocabulary"."spelling" ("id", "vocabulary_id", "spelling_kind_code", "value") VALUES ('93ffda50-cf02-538a-a043-ab28aaaeae95', '32a15edf-8576-4e81-8a17-4fa4de5e1a83', 'KANJI', '立つ');
INSERT INTO "vocabulary"."conjugation_set" ("id", "vocabulary_id") VALUES ('1eab20a3-ca2f-5261-8cb4-e4d1b3d3490d', '32a15edf-8576-4e81-8a17-4fa4de5e1a83');
INSERT INTO "vocabulary"."linkages" ("vocabulary_id", "preferred_definition_id", "preferred_spelling_id", "phonetic_spelling_id", "alt_phonetic_spelling_id", "kanji_spelling_id", "conjugation_set_id") VALUES ('32a15edf-8576-4e81-8a17-4fa4de5e1a83', '4c6f1c69-9f8d-5d59-ba52-732211d7f896', 'bf4e5a3b-757b-58ec-a5b4-8e75b7548edd', '48837f95-7014-532f-aa6e-dbee8c85755b', NULL, '93ffda50-cf02-538a-a043-ab28aaaeae95', '1eab20a3-ca2f-5261-8cb4-e4d1b3d3490d');
INSERT INTO "vocabulary"."reference" ("vocabulary_id", "lesson_code") VALUES ('32a15edf-8576-4e81-8a17-4fa4de5e1a83', 'GENKI3_L06');
INSERT INTO "vocabulary"."conjugation" ("id", "conjugation_set_id", "politeness_code", "charge_code", "form_code", "sort_rank", "value") VALUES ('d5a0fdab-4bc0-51bf-b8c4-0ba3580b0eda', '1eab20a3-ca2f-5261-8cb4-e4d1b3d3490d', 'PLAIN', 'POSITIVE', 'PRESENT', 1, '立つ');
INSERT INTO "vocabulary"."conjugation" ("id", "conjugation_set_id", "politeness_code", "charge_code", "form_code", "sort_rank", "value") VALUES ('73d7cdda-4795-5141-9870-0ba48c061083', '1eab20a3-ca2f-5261-8cb4-e4d1b3d3490d', 'PLAIN', 'POSITIVE', 'PAST', 1, '立った');
INSERT INTO "vocabulary"."conjugation" ("id", "conjugation_set_id", "politeness_code", "charge_code", "form_code", "sort_rank", "value") VALUES ('517029fd-f42c-599d-a746-0a379c071d6e', '1eab20a3-ca2f-5261-8cb4-e4d1b3d3490d', 'PLAIN', 'POSITIVE', 'TE', 1, '立って');
INSERT INTO "vocabulary"."conjugation" ("id", "conjugation_set_id", "politeness_code", "charge_code", "form_code", "sort_rank", "value") VALUES ('83799cc3-e5df-5388-b8fd-e9a8e6eb2e39', '1eab20a3-ca2f-5261-8cb4-e4d1b3d3490d', 'PLAIN', 'NEGATIVE', 'PRESENT', 1, '立たない');
INSERT INTO "vocabulary"."conjugation" ("id", "conjugation_set_id", "politeness_code", "charge_code", "form_code", "sort_rank", "value") VALUES ('b6548c36-093d-5ef8-a67b-888f3a9e67fd', '1eab20a3-ca2f-5261-8cb4-e4d1b3d3490d', 'PLAIN', 'NEGATIVE', 'PAST', 1, '立たなかった');
INSERT INTO "vocabulary"."conjugation" ("id", "conjugation_set_id", "politeness_code", "charge_code", "form_code", "sort_rank", "value") VALUES ('820200d1-fc2d-5341-b8ad-f585841624bb', '1eab20a3-ca2f-5261-8cb4-e4d1b3d3490d', 'PLAIN', 'NEGATIVE', 'TE', 1, '立たなくて');
INSERT INTO "vocabulary"."conjugation" ("id", "conjugation_set_id", "politeness_code", "charge_code", "form_code", "sort_rank", "value") VALUES ('c6d0a452-7d6e-5981-8c3f-6f2e6e3b834d', '1eab20a3-ca2f-5261-8cb4-e4d1b3d3490d', 'POLITE', 'POSITIVE', 'PRESENT', 1, '立ちます');
INSERT INTO "vocabulary"."conjugation" ("id", "conjugation_set_id", "politeness_code", "charge_code", "form_code", "sort_rank", "value") VALUES ('ffe5b2f6-cad0-58f2-86a3-43c71562a301', '1eab20a3-ca2f-5261-8cb4-e4d1b3d3490d', 'POLITE', 'POSITIVE', 'PAST', 1, '立ちました');
INSERT INTO "vocabulary"."conjugation" ("id", "conjugation_set_id", "politeness_code", "charge_code", "form_code", "sort_rank", "value") VALUES ('83c0f8d9-c788-5049-8094-3177706cb522', '1eab20a3-ca2f-5261-8cb4-e4d1b3d3490d', 'POLITE', 'NEGATIVE', 'PRESENT', 1, '立ちません');
INSERT INTO "vocabulary"."conjugation" ("id", "conjugation_set_id", "politeness_code", "charge_code", "form_code", "sort_rank", "value") VALUES ('dad0cdbe-c41c-5a95-aac0-9cd25cf4152b', '1eab20a3-ca2f-5261-8cb4-e4d1b3d3490d', 'POLITE', 'NEGATIVE', 'PAST', 1, '立ちませんでした');
-- 吸う | to smoke; to breathe in; to sip; to absorb --;
INSERT INTO "vocabulary"."vocabulary" ("id", "word_class_code", "conjugation_kind_code", "jlpt_level", "row_num", "tags", "date_added") VALUES ('689665c5-083d-43d5-8f42-bdde636364be', 'VERB', 'GODAN_VERB', 5, 571, '{}', '2022-11-07');
INSERT INTO "vocabulary"."definition" ("id", "vocabulary_id", "sort_rank", "value") VALUES ('803ec0b0-0152-5f01-8032-00c03f84f788', '689665c5-083d-43d5-8f42-bdde636364be', 1, 'to smoke; to breathe in; to sip; to absorb');
INSERT INTO "vocabulary"."spelling" ("id", "vocabulary_id", "spelling_kind_code", "value") VALUES ('050a5f3c-1512-5018-ab4d-879d1857b649', '689665c5-083d-43d5-8f42-bdde636364be', 'KANJI', '吸う');
INSERT INTO "vocabulary"."spelling" ("id", "vocabulary_id", "spelling_kind_code", "value") VALUES ('2c325a41-c7e3-5106-bee3-c537a1bd9489', '689665c5-083d-43d5-8f42-bdde636364be', 'HIRAGANA', 'すう');
INSERT INTO "vocabulary"."spelling" ("id", "vocabulary_id", "spelling_kind_code", "value") VALUES ('5af2c115-86a6-5832-a229-69342e322317', '689665c5-083d-43d5-8f42-bdde636364be', 'KANJI', '吸う');
INSERT INTO "vocabulary"."conjugation_set" ("id", "vocabulary_id") VALUES ('1c04869b-3c46-5559-b3b2-9e5d82c4455d', '689665c5-083d-43d5-8f42-bdde636364be');
INSERT INTO "vocabulary"."linkages" ("vocabulary_id", "preferred_definition_id", "preferred_spelling_id", "phonetic_spelling_id", "alt_phonetic_spelling_id", "kanji_spelling_id", "conjugation_set_id") VALUES ('689665c5-083d-43d5-8f42-bdde636364be', '803ec0b0-0152-5f01-8032-00c03f84f788', '050a5f3c-1512-5018-ab4d-879d1857b649', '2c325a41-c7e3-5106-bee3-c537a1bd9489', NULL, '5af2c115-86a6-5832-a229-69342e322317', '1c04869b-3c46-5559-b3b2-9e5d82c4455d');
INSERT INTO "vocabulary"."conjugation" ("id", "conjugation_set_id", "politeness_code", "charge_code", "form_code", "sort_rank", "value") VALUES ('dba57f2c-bf64-5a76-bb47-eac8ef44ec1d', '1c04869b-3c46-5559-b3b2-9e5d82c4455d', 'PLAIN', 'POSITIVE', 'PRESENT', 1, '吸う');
INSERT INTO "vocabulary"."conjugation" ("id", "conjugation_set_id", "politeness_code", "charge_code", "form_code", "sort_rank", "value") VALUES ('446139b4-115e-5701-b31f-6d9a86f8048b', '1c04869b-3c46-5559-b3b2-9e5d82c4455d', 'PLAIN', 'POSITIVE', 'PAST', 1, '吸った');
INSERT INTO "vocabulary"."conjugation" ("id", "conjugation_set_id", "politeness_code", "charge_code", "form_code", "sort_rank", "value") VALUES ('461fe02d-f7a1-5219-88cc-aeb1bdb0b46a', '1c04869b-3c46-5559-b3b2-9e5d82c4455d', 'PLAIN', 'POSITIVE', 'TE', 1, '吸って');
INSERT INTO "vocabulary"."conjugation" ("id", "conjugation_set_id", "politeness_code", "charge_code", "form_code", "sort_rank", "value") VALUES ('0f041f91-dd1c-5e9e-9cc9-4c7337374ef3', '1c04869b-3c46-5559-b3b2-9e5d82c4455d', 'PLAIN', 'NEGATIVE', 'PRESENT', 1, '吸わない');
INSERT INTO "vocabulary"."conjugation" ("id", "conjugation_set_id", "politeness_code", "charge_code", "form_code", "sort_rank", "value") VALUES ('f95fdfc8-afe6-5ed9-8c20-0592266cb946', '1c04869b-3c46-5559-b3b2-9e5d82c4455d', 'PLAIN', 'NEGATIVE', 'PAST', 1, '吸わなかった');
INSERT INTO "vocabulary"."conjugation" ("id", "conjugation_set_id", "politeness_code", "charge_code", "form_code", "sort_rank", "value") VALUES ('df23f63b-2093-5cd8-9d2f-dfb132d34580', '1c04869b-3c46-5559-b3b2-9e5d82c4455d', 'PLAIN', 'NEGATIVE', 'TE', 1, '吸わなくて');
INSERT INTO "vocabulary"."conjugation" ("id", "conjugation_set_id", "politeness_code", "charge_code", "form_code", "sort_rank", "value") VALUES ('fa8b1a38-fbeb-5e02-b5bb-e3e229736ef7', '1c04869b-3c46-5559-b3b2-9e5d82c4455d', 'POLITE', 'POSITIVE', 'PRESENT', 1, '吸います');
INSERT INTO "vocabulary"."conjugation" ("id", "conjugation_set_id", "politeness_code", "charge_code", "form_code", "sort_rank", "value") VALUES ('a7946bb7-21b5-5cfc-96fd-7f78f7fcb4b2', '1c04869b-3c46-5559-b3b2-9e5d82c4455d', 'POLITE', 'POSITIVE', 'PAST', 1, '吸いました');
INSERT INTO "vocabulary"."conjugation" ("id", "conjugation_set_id", "politeness_code", "charge_code", "form_code", "sort_rank", "value") VALUES ('53020ae2-0959-5393-8951-a0eeacad939a', '1c04869b-3c46-5559-b3b2-9e5d82c4455d', 'POLITE', 'NEGATIVE', 'PRESENT', 1, '吸いません');
INSERT INTO "vocabulary"."conjugation" ("id", "conjugation_set_id", "politeness_code", "charge_code", "form_code", "sort_rank", "value") VALUES ('6d018530-3d3b-5a76-9872-fb2f5e8667fa', '1c04869b-3c46-5559-b3b2-9e5d82c4455d', 'POLITE', 'NEGATIVE', 'PAST', 1, '吸いませんでした');
-- タバコを吸う | to smoke tobacco --;
INSERT INTO "vocabulary"."vocabulary" ("id", "word_class_code", "conjugation_kind_code", "jlpt_level", "row_num", "tags", "date_added") VALUES ('aff392d9-b36e-4db0-b277-220588c4164d', 'VERB', 'GODAN_VERB', NULL, 572, '{}', '2022-11-06');
INSERT INTO "vocabulary"."definition" ("id", "vocabulary_id", "sort_rank", "value") VALUES ('50d5c614-8d54-5efa-bf1f-e106182105ab', 'aff392d9-b36e-4db0-b277-220588c4164d', 1, 'to smoke tobacco');
INSERT INTO "vocabulary"."spelling" ("id", "vocabulary_id", "spelling_kind_code", "value") VALUES ('57ebccd7-cb86-5b73-b140-186c8ea45337', 'aff392d9-b36e-4db0-b277-220588c4164d', 'KANJI', 'タバコを吸う');
INSERT INTO "vocabulary"."spelling" ("id", "vocabulary_id", "spelling_kind_code", "value") VALUES ('c7d167dc-a5fd-53c2-aa5e-94027c8a04ec', 'aff392d9-b36e-4db0-b277-220588c4164d', 'HIRAGANA', 'たばこをすう');
INSERT INTO "vocabulary"."spelling" ("id", "vocabulary_id", "spelling_kind_code", "value") VALUES ('a4ba8ae1-3e79-5f9c-9b42-a58fabf071c1', 'aff392d9-b36e-4db0-b277-220588c4164d', 'KANJI', 'タバコを吸う');
INSERT INTO "vocabulary"."linkages" ("vocabulary_id", "preferred_definition_id", "preferred_spelling_id", "phonetic_spelling_id", "alt_phonetic_spelling_id", "kanji_spelling_id", "conjugation_set_id") VALUES ('aff392d9-b36e-4db0-b277-220588c4164d', '50d5c614-8d54-5efa-bf1f-e106182105ab', '57ebccd7-cb86-5b73-b140-186c8ea45337', 'c7d167dc-a5fd-53c2-aa5e-94027c8a04ec', NULL, 'a4ba8ae1-3e79-5f9c-9b42-a58fabf071c1', NULL);
INSERT INTO "vocabulary"."reference" ("vocabulary_id", "lesson_code") VALUES ('aff392d9-b36e-4db0-b277-220588c4164d', 'GENKI3_L06');
-- 使う | to use --;
INSERT INTO "vocabulary"."vocabulary" ("id", "word_class_code", "conjugation_kind_code", "jlpt_level", "row_num", "tags", "date_added") VALUES ('0b86b8fd-2de0-461b-aea3-c2407a45cfa5', 'VERB', 'GODAN_VERB', 5, 573, '{}', '2022-11-06');
INSERT INTO "vocabulary"."definition" ("id", "vocabulary_id", "sort_rank", "value") VALUES ('e596cbdf-00b8-530d-ad44-e556d52958a2', '0b86b8fd-2de0-461b-aea3-c2407a45cfa5', 1, 'to use');
INSERT INTO "vocabulary"."spelling" ("id", "vocabulary_id", "spelling_kind_code", "value") VALUES ('b1603014-f324-5079-9fa9-68a53b2c29e4', '0b86b8fd-2de0-461b-aea3-c2407a45cfa5', 'KANJI', '使う');
INSERT INTO "vocabulary"."spelling" ("id", "vocabulary_id", "spelling_kind_code", "value") VALUES ('d4599fc9-63e5-5242-8de0-cd831ccc99cb', '0b86b8fd-2de0-461b-aea3-c2407a45cfa5', 'HIRAGANA', 'つかう');
INSERT INTO "vocabulary"."spelling" ("id", "vocabulary_id", "spelling_kind_code", "value") VALUES ('b27002ee-8b25-52a6-a33d-15e8f53d648b', '0b86b8fd-2de0-461b-aea3-c2407a45cfa5', 'KANJI', '使う');
INSERT INTO "vocabulary"."conjugation_set" ("id", "vocabulary_id") VALUES ('0259c1b9-a261-5d1e-ab90-e2369ff870df', '0b86b8fd-2de0-461b-aea3-c2407a45cfa5');
INSERT INTO "vocabulary"."linkages" ("vocabulary_id", "preferred_definition_id", "preferred_spelling_id", "phonetic_spelling_id", "alt_phonetic_spelling_id", "kanji_spelling_id", "conjugation_set_id") VALUES ('0b86b8fd-2de0-461b-aea3-c2407a45cfa5', 'e596cbdf-00b8-530d-ad44-e556d52958a2', 'b1603014-f324-5079-9fa9-68a53b2c29e4', 'd4599fc9-63e5-5242-8de0-cd831ccc99cb', NULL, 'b27002ee-8b25-52a6-a33d-15e8f53d648b', '0259c1b9-a261-5d1e-ab90-e2369ff870df');
INSERT INTO "vocabulary"."reference" ("vocabulary_id", "lesson_code") VALUES ('0b86b8fd-2de0-461b-aea3-c2407a45cfa5', 'GENKI3_L06');
INSERT INTO "vocabulary"."conjugation" ("id", "conjugation_set_id", "politeness_code", "charge_code", "form_code", "sort_rank", "value") VALUES ('e85e6aa5-d0fa-5d02-b314-a0785e59c680', '0259c1b9-a261-5d1e-ab90-e2369ff870df', 'PLAIN', 'POSITIVE', 'PRESENT', 1, '使う');
INSERT INTO "vocabulary"."conjugation" ("id", "conjugation_set_id", "politeness_code", "charge_code", "form_code", "sort_rank", "value") VALUES ('6d014d4e-fb6e-5d39-bf3f-adab53228003', '0259c1b9-a261-5d1e-ab90-e2369ff870df', 'PLAIN', 'POSITIVE', 'PAST', 1, '使った');
INSERT INTO "vocabulary"."conjugation" ("id", "conjugation_set_id", "politeness_code", "charge_code", "form_code", "sort_rank", "value") VALUES ('ce6907e5-2f5e-5a00-8241-752ccfbf8226', '0259c1b9-a261-5d1e-ab90-e2369ff870df', 'PLAIN', 'POSITIVE', 'TE', 1, '使って');
INSERT INTO "vocabulary"."conjugation" ("id", "conjugation_set_id", "politeness_code", "charge_code", "form_code", "sort_rank", "value") VALUES ('892e6206-398b-5688-a36c-f2ab045ae882', '0259c1b9-a261-5d1e-ab90-e2369ff870df', 'PLAIN', 'NEGATIVE', 'PRESENT', 1, '使わない');
INSERT INTO "vocabulary"."conjugation" ("id", "conjugation_set_id", "politeness_code", "charge_code", "form_code", "sort_rank", "value") VALUES ('897899b9-892e-5adb-ad07-2407b95d93b1', '0259c1b9-a261-5d1e-ab90-e2369ff870df', 'PLAIN', 'NEGATIVE', 'PAST', 1, '使わなかった');
INSERT INTO "vocabulary"."conjugation" ("id", "conjugation_set_id", "politeness_code", "charge_code", "form_code", "sort_rank", "value") VALUES ('4fa28618-f6b4-5098-bcef-48a5de84544b', '0259c1b9-a261-5d1e-ab90-e2369ff870df', 'PLAIN', 'NEGATIVE', 'TE', 1, '使わなくて');
INSERT INTO "vocabulary"."conjugation" ("id", "conjugation_set_id", "politeness_code", "charge_code", "form_code", "sort_rank", "value") VALUES ('80174825-ebd4-5e24-8cf9-f604e47ec32c', '0259c1b9-a261-5d1e-ab90-e2369ff870df', 'POLITE', 'POSITIVE', 'PRESENT', 1, '使います');
INSERT INTO "vocabulary"."conjugation" ("id", "conjugation_set_id", "politeness_code", "charge_code", "form_code", "sort_rank", "value") VALUES ('34eeb9f1-c177-584b-8cb5-5482249193ad', '0259c1b9-a261-5d1e-ab90-e2369ff870df', 'POLITE', 'POSITIVE', 'PAST', 1, '使いました');
INSERT INTO "vocabulary"."conjugation" ("id", "conjugation_set_id", "politeness_code", "charge_code", "form_code", "sort_rank", "value") VALUES ('b67df1ea-3b07-5a25-8e4a-11b46919991a', '0259c1b9-a261-5d1e-ab90-e2369ff870df', 'POLITE', 'NEGATIVE', 'PRESENT', 1, '使いません');
INSERT INTO "vocabulary"."conjugation" ("id", "conjugation_set_id", "politeness_code", "charge_code", "form_code", "sort_rank", "value") VALUES ('40e56bd8-6cb6-587a-8bf5-84046e1d430c', '0259c1b9-a261-5d1e-ab90-e2369ff870df', 'POLITE', 'NEGATIVE', 'PAST', 1, '使いませんでした');
-- 入る | to enter --;
INSERT INTO "vocabulary"."vocabulary" ("id", "word_class_code", "conjugation_kind_code", "jlpt_level", "row_num", "tags", "date_added") VALUES ('260b582d-9cfa-41ad-8a5c-f6d476b15cca', 'VERB', 'GODAN_VERB', 5, 574, '{}', '2022-11-06');
INSERT INTO "vocabulary"."definition" ("id", "vocabulary_id", "sort_rank", "value") VALUES ('8e774fe8-64f1-541a-9685-739cbd22994c', '260b582d-9cfa-41ad-8a5c-f6d476b15cca', 1, 'to enter');
INSERT INTO "vocabulary"."spelling" ("id", "vocabulary_id", "spelling_kind_code", "value") VALUES ('5ba3297e-1a95-53a1-8daa-8a45a58c036a', '260b582d-9cfa-41ad-8a5c-f6d476b15cca', 'KANJI', '入る');
INSERT INTO "vocabulary"."spelling" ("id", "vocabulary_id", "spelling_kind_code", "value") VALUES ('eca3d6c9-577c-5fb8-80f8-767cd398bc63', '260b582d-9cfa-41ad-8a5c-f6d476b15cca', 'HIRAGANA', 'はいる');
INSERT INTO "vocabulary"."spelling" ("id", "vocabulary_id", "spelling_kind_code", "value") VALUES ('a21b02bb-e560-58e2-9064-dd47066674f0', '260b582d-9cfa-41ad-8a5c-f6d476b15cca', 'KANJI', '入る');
INSERT INTO "vocabulary"."conjugation_set" ("id", "vocabulary_id") VALUES ('8584542f-09e3-50d2-a312-6d7a20d6ca2e', '260b582d-9cfa-41ad-8a5c-f6d476b15cca');
INSERT INTO "vocabulary"."linkages" ("vocabulary_id", "preferred_definition_id", "preferred_spelling_id", "phonetic_spelling_id", "alt_phonetic_spelling_id", "kanji_spelling_id", "conjugation_set_id") VALUES ('260b582d-9cfa-41ad-8a5c-f6d476b15cca', '8e774fe8-64f1-541a-9685-739cbd22994c', '5ba3297e-1a95-53a1-8daa-8a45a58c036a', 'eca3d6c9-577c-5fb8-80f8-767cd398bc63', NULL, 'a21b02bb-e560-58e2-9064-dd47066674f0', '8584542f-09e3-50d2-a312-6d7a20d6ca2e');
INSERT INTO "vocabulary"."reference" ("vocabulary_id", "lesson_code") VALUES ('260b582d-9cfa-41ad-8a5c-f6d476b15cca', 'GENKI3_L06');
INSERT INTO "vocabulary"."conjugation" ("id", "conjugation_set_id", "politeness_code", "charge_code", "form_code", "sort_rank", "value") VALUES ('c6211e65-962e-5cbf-ae84-2882eefc6d73', '8584542f-09e3-50d2-a312-6d7a20d6ca2e', 'PLAIN', 'POSITIVE', 'PRESENT', 1, '入る');
INSERT INTO "vocabulary"."conjugation" ("id", "conjugation_set_id", "politeness_code", "charge_code", "form_code", "sort_rank", "value") VALUES ('eddaafea-8c5f-5f6c-baba-5bad75d49d76', '8584542f-09e3-50d2-a312-6d7a20d6ca2e', 'PLAIN', 'POSITIVE', 'PAST', 1, '入った');
INSERT INTO "vocabulary"."conjugation" ("id", "conjugation_set_id", "politeness_code", "charge_code", "form_code", "sort_rank", "value") VALUES ('53bb22a2-1561-5994-a86a-b5bbc383b5d1', '8584542f-09e3-50d2-a312-6d7a20d6ca2e', 'PLAIN', 'POSITIVE', 'TE', 1, '入って');
INSERT INTO "vocabulary"."conjugation" ("id", "conjugation_set_id", "politeness_code", "charge_code", "form_code", "sort_rank", "value") VALUES ('edfbeb8f-8425-58f0-bd9a-026a2d2d7878', '8584542f-09e3-50d2-a312-6d7a20d6ca2e', 'PLAIN', 'NEGATIVE', 'PRESENT', 1, '入らない');
INSERT INTO "vocabulary"."conjugation" ("id", "conjugation_set_id", "politeness_code", "charge_code", "form_code", "sort_rank", "value") VALUES ('372193f7-8f8b-513c-b977-6f2d8674a8d5', '8584542f-09e3-50d2-a312-6d7a20d6ca2e', 'PLAIN', 'NEGATIVE', 'PAST', 1, '入らなかった');
INSERT INTO "vocabulary"."conjugation" ("id", "conjugation_set_id", "politeness_code", "charge_code", "form_code", "sort_rank", "value") VALUES ('d999eb6c-8fe0-5b4a-8a81-27fb2c5bf765', '8584542f-09e3-50d2-a312-6d7a20d6ca2e', 'PLAIN', 'NEGATIVE', 'TE', 1, '入らなくて');
INSERT INTO "vocabulary"."conjugation" ("id", "conjugation_set_id", "politeness_code", "charge_code", "form_code", "sort_rank", "value") VALUES ('b747857e-1a93-5e60-9131-9e10e464114b', '8584542f-09e3-50d2-a312-6d7a20d6ca2e', 'POLITE', 'POSITIVE', 'PRESENT', 1, '入ります');
INSERT INTO "vocabulary"."conjugation" ("id", "conjugation_set_id", "politeness_code", "charge_code", "form_code", "sort_rank", "value") VALUES ('5b5e8924-b821-5c2f-9418-96a00801b1e9', '8584542f-09e3-50d2-a312-6d7a20d6ca2e', 'POLITE', 'POSITIVE', 'PAST', 1, '入りました');
INSERT INTO "vocabulary"."conjugation" ("id", "conjugation_set_id", "politeness_code", "charge_code", "form_code", "sort_rank", "value") VALUES ('f34e42cf-f0a4-5fc8-9a68-b9dbb8f0f79d', '8584542f-09e3-50d2-a312-6d7a20d6ca2e', 'POLITE', 'NEGATIVE', 'PRESENT', 1, '入りません');
INSERT INTO "vocabulary"."conjugation" ("id", "conjugation_set_id", "politeness_code", "charge_code", "form_code", "sort_rank", "value") VALUES ('bf6cc6bb-a59b-5d10-915a-e64100a34d86', '8584542f-09e3-50d2-a312-6d7a20d6ca2e', 'POLITE', 'NEGATIVE', 'PAST', 1, '入りませんでした');
-- 持つ | to carry; to hold --;
INSERT INTO "vocabulary"."vocabulary" ("id", "word_class_code", "conjugation_kind_code", "jlpt_level", "row_num", "tags", "date_added") VALUES ('30391416-f09e-42d7-8fad-3da2072345ac', 'VERB', 'GODAN_VERB', 5, 575, '{}', '2022-11-06');
INSERT INTO "vocabulary"."definition" ("id", "vocabulary_id", "sort_rank", "value") VALUES ('e33e1582-a6f0-5577-aa55-fb7807bb4475', '30391416-f09e-42d7-8fad-3da2072345ac', 1, 'to carry; to hold');
INSERT INTO "vocabulary"."spelling" ("id", "vocabulary_id", "spelling_kind_code", "value") VALUES ('1ca856a7-9ec6-5a84-8789-b91b72106370', '30391416-f09e-42d7-8fad-3da2072345ac', 'KANJI', '持つ');
INSERT INTO "vocabulary"."spelling" ("id", "vocabulary_id", "spelling_kind_code", "value") VALUES ('55a29148-d530-54bb-b50c-911080457b3a', '30391416-f09e-42d7-8fad-3da2072345ac', 'HIRAGANA', 'もつ');
INSERT INTO "vocabulary"."spelling" ("id", "vocabulary_id", "spelling_kind_code", "value") VALUES ('d74d1690-245d-5488-99bb-0769d15ebc14', '30391416-f09e-42d7-8fad-3da2072345ac', 'KANJI', '持つ');
INSERT INTO "vocabulary"."conjugation_set" ("id", "vocabulary_id") VALUES ('8421add8-0a88-53d4-a067-47fa4d16edd7', '30391416-f09e-42d7-8fad-3da2072345ac');
INSERT INTO "vocabulary"."linkages" ("vocabulary_id", "preferred_definition_id", "preferred_spelling_id", "phonetic_spelling_id", "alt_phonetic_spelling_id", "kanji_spelling_id", "conjugation_set_id") VALUES ('30391416-f09e-42d7-8fad-3da2072345ac', 'e33e1582-a6f0-5577-aa55-fb7807bb4475', '1ca856a7-9ec6-5a84-8789-b91b72106370', '55a29148-d530-54bb-b50c-911080457b3a', NULL, 'd74d1690-245d-5488-99bb-0769d15ebc14', '8421add8-0a88-53d4-a067-47fa4d16edd7');
INSERT INTO "vocabulary"."reference" ("vocabulary_id", "lesson_code") VALUES ('30391416-f09e-42d7-8fad-3da2072345ac', 'GENKI3_L06');
INSERT INTO "vocabulary"."conjugation" ("id", "conjugation_set_id", "politeness_code", "charge_code", "form_code", "sort_rank", "value") VALUES ('17ee2544-b193-59c3-90d8-707c70b0c225', '8421add8-0a88-53d4-a067-47fa4d16edd7', 'PLAIN', 'POSITIVE', 'PRESENT', 1, '持つ');
INSERT INTO "vocabulary"."conjugation" ("id", "conjugation_set_id", "politeness_code", "charge_code", "form_code", "sort_rank", "value") VALUES ('9b765a75-cbe1-5a02-b5b5-2b94af90b04b', '8421add8-0a88-53d4-a067-47fa4d16edd7', 'PLAIN', 'POSITIVE', 'PAST', 1, '持った');
INSERT INTO "vocabulary"."conjugation" ("id", "conjugation_set_id", "politeness_code", "charge_code", "form_code", "sort_rank", "value") VALUES ('127d8153-442b-594b-a13f-0de59163b755', '8421add8-0a88-53d4-a067-47fa4d16edd7', 'PLAIN', 'POSITIVE', 'TE', 1, '持って');
INSERT INTO "vocabulary"."conjugation" ("id", "conjugation_set_id", "politeness_code", "charge_code", "form_code", "sort_rank", "value") VALUES ('73b6a6b3-451f-5036-ab65-4c08a974cba6', '8421add8-0a88-53d4-a067-47fa4d16edd7', 'PLAIN', 'NEGATIVE', 'PRESENT', 1, '持たない');
INSERT INTO "vocabulary"."conjugation" ("id", "conjugation_set_id", "politeness_code", "charge_code", "form_code", "sort_rank", "value") VALUES ('34f1f4d5-8e7e-5b82-9205-2b5d86095914', '8421add8-0a88-53d4-a067-47fa4d16edd7', 'PLAIN', 'NEGATIVE', 'PAST', 1, '持たなかった');
INSERT INTO "vocabulary"."conjugation" ("id", "conjugation_set_id", "politeness_code", "charge_code", "form_code", "sort_rank", "value") VALUES ('cbdeebd2-56b4-5e1f-87db-18d09dc9e6fb', '8421add8-0a88-53d4-a067-47fa4d16edd7', 'PLAIN', 'NEGATIVE', 'TE', 1, '持たなくて');
INSERT INTO "vocabulary"."conjugation" ("id", "conjugation_set_id", "politeness_code", "charge_code", "form_code", "sort_rank", "value") VALUES ('d4006dc3-8acf-5a3e-9a85-021f2159a87e', '8421add8-0a88-53d4-a067-47fa4d16edd7', 'POLITE', 'POSITIVE', 'PRESENT', 1, '持ちます');
INSERT INTO "vocabulary"."conjugation" ("id", "conjugation_set_id", "politeness_code", "charge_code", "form_code", "sort_rank", "value") VALUES ('6f47456c-2c89-5008-ad11-47756d3d8eb3', '8421add8-0a88-53d4-a067-47fa4d16edd7', 'POLITE', 'POSITIVE', 'PAST', 1, '持ちました');
INSERT INTO "vocabulary"."conjugation" ("id", "conjugation_set_id", "politeness_code", "charge_code", "form_code", "sort_rank", "value") VALUES ('4fd62f03-17a1-5a1b-9d26-c453ec39bc2f', '8421add8-0a88-53d4-a067-47fa4d16edd7', 'POLITE', 'NEGATIVE', 'PRESENT', 1, '持ちません');
INSERT INTO "vocabulary"."conjugation" ("id", "conjugation_set_id", "politeness_code", "charge_code", "form_code", "sort_rank", "value") VALUES ('5f4a70e6-5cdb-5c79-9926-72f998854f4f', '8421add8-0a88-53d4-a067-47fa4d16edd7', 'POLITE', 'NEGATIVE', 'PAST', 1, '持ちませんでした');
-- 休む | to be absent from; to rest --;
INSERT INTO "vocabulary"."vocabulary" ("id", "word_class_code", "conjugation_kind_code", "jlpt_level", "row_num", "tags", "date_added") VALUES ('51d61d46-90b0-4ad7-b706-3ca09d57f509', 'VERB', 'GODAN_VERB', 5, 576, '{}', '2022-11-06');
INSERT INTO "vocabulary"."definition" ("id", "vocabulary_id", "sort_rank", "value") VALUES ('bff07f1b-3b97-5ba3-b0a3-4a3fba74d44a', '51d61d46-90b0-4ad7-b706-3ca09d57f509', 1, 'to be absent from; to rest');
INSERT INTO "vocabulary"."spelling" ("id", "vocabulary_id", "spelling_kind_code", "value") VALUES ('4c6d9ed7-7979-578a-84ff-fd26b10d4a64', '51d61d46-90b0-4ad7-b706-3ca09d57f509', 'KANJI', '休む');
INSERT INTO "vocabulary"."spelling" ("id", "vocabulary_id", "spelling_kind_code", "value") VALUES ('d22c20fd-3e1d-5bdb-8f91-f53bf5344379', '51d61d46-90b0-4ad7-b706-3ca09d57f509', 'HIRAGANA', 'やすむ');
INSERT INTO "vocabulary"."spelling" ("id", "vocabulary_id", "spelling_kind_code", "value") VALUES ('5096c339-5b6b-5e48-b33d-b0f091ea3e15', '51d61d46-90b0-4ad7-b706-3ca09d57f509', 'KANJI', '休む');
INSERT INTO "vocabulary"."conjugation_set" ("id", "vocabulary_id") VALUES ('7e4433cb-9763-5e55-83e8-d2cb4cb60a97', '51d61d46-90b0-4ad7-b706-3ca09d57f509');
INSERT INTO "vocabulary"."linkages" ("vocabulary_id", "preferred_definition_id", "preferred_spelling_id", "phonetic_spelling_id", "alt_phonetic_spelling_id", "kanji_spelling_id", "conjugation_set_id") VALUES ('51d61d46-90b0-4ad7-b706-3ca09d57f509', 'bff07f1b-3b97-5ba3-b0a3-4a3fba74d44a', '4c6d9ed7-7979-578a-84ff-fd26b10d4a64', 'd22c20fd-3e1d-5bdb-8f91-f53bf5344379', NULL, '5096c339-5b6b-5e48-b33d-b0f091ea3e15', '7e4433cb-9763-5e55-83e8-d2cb4cb60a97');
INSERT INTO "vocabulary"."reference" ("vocabulary_id", "lesson_code") VALUES ('51d61d46-90b0-4ad7-b706-3ca09d57f509', 'GENKI3_L06');
INSERT INTO "vocabulary"."conjugation" ("id", "conjugation_set_id", "politeness_code", "charge_code", "form_code", "sort_rank", "value") VALUES ('fd94d5c2-5e55-5c83-8a0d-bc3fa371b6a3', '7e4433cb-9763-5e55-83e8-d2cb4cb60a97', 'PLAIN', 'POSITIVE', 'PRESENT', 1, '休む');
INSERT INTO "vocabulary"."conjugation" ("id", "conjugation_set_id", "politeness_code", "charge_code", "form_code", "sort_rank", "value") VALUES ('bf08d70b-ad4d-5724-ad63-fd77aefc3e4b', '7e4433cb-9763-5e55-83e8-d2cb4cb60a97', 'PLAIN', 'POSITIVE', 'PAST', 1, '休んだ');
INSERT INTO "vocabulary"."conjugation" ("id", "conjugation_set_id", "politeness_code", "charge_code", "form_code", "sort_rank", "value") VALUES ('5a05fcae-8712-5496-aee4-884ed98b54c6', '7e4433cb-9763-5e55-83e8-d2cb4cb60a97', 'PLAIN', 'POSITIVE', 'TE', 1, '休んで');
INSERT INTO "vocabulary"."conjugation" ("id", "conjugation_set_id", "politeness_code", "charge_code", "form_code", "sort_rank", "value") VALUES ('b2d3ede3-da46-5a9e-a761-8a9c9525825d', '7e4433cb-9763-5e55-83e8-d2cb4cb60a97', 'PLAIN', 'NEGATIVE', 'PRESENT', 1, '休まない');
INSERT INTO "vocabulary"."conjugation" ("id", "conjugation_set_id", "politeness_code", "charge_code", "form_code", "sort_rank", "value") VALUES ('6a2be07d-c552-5aad-b6e3-3bfb651dac8d', '7e4433cb-9763-5e55-83e8-d2cb4cb60a97', 'PLAIN', 'NEGATIVE', 'PAST', 1, '休まなかった');
INSERT INTO "vocabulary"."conjugation" ("id", "conjugation_set_id", "politeness_code", "charge_code", "form_code", "sort_rank", "value") VALUES ('1f31c807-a203-5219-803d-007219d40cf0', '7e4433cb-9763-5e55-83e8-d2cb4cb60a97', 'PLAIN', 'NEGATIVE', 'TE', 1, '休まなくて');
INSERT INTO "vocabulary"."conjugation" ("id", "conjugation_set_id", "politeness_code", "charge_code", "form_code", "sort_rank", "value") VALUES ('0bf3ff01-57a1-54f5-a4f6-825a321b5a42', '7e4433cb-9763-5e55-83e8-d2cb4cb60a97', 'POLITE', 'POSITIVE', 'PRESENT', 1, '休みます');
INSERT INTO "vocabulary"."conjugation" ("id", "conjugation_set_id", "politeness_code", "charge_code", "form_code", "sort_rank", "value") VALUES ('7d744544-3edd-57ed-b0b1-7f3bcc73bd29', '7e4433cb-9763-5e55-83e8-d2cb4cb60a97', 'POLITE', 'POSITIVE', 'PAST', 1, '休みました');
INSERT INTO "vocabulary"."conjugation" ("id", "conjugation_set_id", "politeness_code", "charge_code", "form_code", "sort_rank", "value") VALUES ('213490da-9970-5fb7-8912-efe741159a21', '7e4433cb-9763-5e55-83e8-d2cb4cb60a97', 'POLITE', 'NEGATIVE', 'PRESENT', 1, '休みません');
INSERT INTO "vocabulary"."conjugation" ("id", "conjugation_set_id", "politeness_code", "charge_code", "form_code", "sort_rank", "value") VALUES ('ed9f858f-4e89-50bf-93d0-a4cd27a98843', '7e4433cb-9763-5e55-83e8-d2cb4cb60a97', 'POLITE', 'NEGATIVE', 'PAST', 1, '休みませんでした');
-- 開ける | to open (something) --;
INSERT INTO "vocabulary"."vocabulary" ("id", "word_class_code", "conjugation_kind_code", "jlpt_level", "row_num", "tags", "date_added") VALUES ('0a71641d-4eea-4402-a085-3dfc05649a85', 'VERB', 'ICHIDAN_VERB', 5, 577, '{}', '2022-11-07');
INSERT INTO "vocabulary"."definition" ("id", "vocabulary_id", "sort_rank", "value") VALUES ('ca0a4182-0bd5-55ac-827d-bf95f400a3c1', '0a71641d-4eea-4402-a085-3dfc05649a85', 1, 'to open (something)');
INSERT INTO "vocabulary"."spelling" ("id", "vocabulary_id", "spelling_kind_code", "value") VALUES ('2be1ad7d-6d03-5be8-983a-a89471b0b880', '0a71641d-4eea-4402-a085-3dfc05649a85', 'KANJI', '開ける');
INSERT INTO "vocabulary"."spelling" ("id", "vocabulary_id", "spelling_kind_code", "value") VALUES ('9ca00e57-2a95-55c8-953f-a66a4517dc42', '0a71641d-4eea-4402-a085-3dfc05649a85', 'HIRAGANA', 'あける');
INSERT INTO "vocabulary"."spelling" ("id", "vocabulary_id", "spelling_kind_code", "value") VALUES ('39b09ad7-ae5c-5094-af9a-f02ccf379733', '0a71641d-4eea-4402-a085-3dfc05649a85', 'KANJI', '開ける');
INSERT INTO "vocabulary"."conjugation_set" ("id", "vocabulary_id") VALUES ('ecb65220-b11d-556e-ad5f-3b5976da5b1d', '0a71641d-4eea-4402-a085-3dfc05649a85');
INSERT INTO "vocabulary"."linkages" ("vocabulary_id", "preferred_definition_id", "preferred_spelling_id", "phonetic_spelling_id", "alt_phonetic_spelling_id", "kanji_spelling_id", "conjugation_set_id") VALUES ('0a71641d-4eea-4402-a085-3dfc05649a85', 'ca0a4182-0bd5-55ac-827d-bf95f400a3c1', '2be1ad7d-6d03-5be8-983a-a89471b0b880', '9ca00e57-2a95-55c8-953f-a66a4517dc42', NULL, '39b09ad7-ae5c-5094-af9a-f02ccf379733', 'ecb65220-b11d-556e-ad5f-3b5976da5b1d');
INSERT INTO "vocabulary"."reference" ("vocabulary_id", "lesson_code") VALUES ('0a71641d-4eea-4402-a085-3dfc05649a85', 'GENKI3_L06');
INSERT INTO "vocabulary"."conjugation" ("id", "conjugation_set_id", "politeness_code", "charge_code", "form_code", "sort_rank", "value") VALUES ('e50f8c6d-2825-5351-85b0-b7e4d6086bb5', 'ecb65220-b11d-556e-ad5f-3b5976da5b1d', 'PLAIN', 'POSITIVE', 'PRESENT', 1, '開ける');
INSERT INTO "vocabulary"."conjugation" ("id", "conjugation_set_id", "politeness_code", "charge_code", "form_code", "sort_rank", "value") VALUES ('09015d81-721e-58a2-98bf-b3846178ef15', 'ecb65220-b11d-556e-ad5f-3b5976da5b1d', 'PLAIN', 'POSITIVE', 'PAST', 1, '開けた');
INSERT INTO "vocabulary"."conjugation" ("id", "conjugation_set_id", "politeness_code", "charge_code", "form_code", "sort_rank", "value") VALUES ('8b15cdf1-c132-5402-9cc1-69ccb4375b5f', 'ecb65220-b11d-556e-ad5f-3b5976da5b1d', 'PLAIN', 'POSITIVE', 'TE', 1, '開けて');
INSERT INTO "vocabulary"."conjugation" ("id", "conjugation_set_id", "politeness_code", "charge_code", "form_code", "sort_rank", "value") VALUES ('6fd3d7d9-c0fb-5788-ba52-7c8b36d021ee', 'ecb65220-b11d-556e-ad5f-3b5976da5b1d', 'PLAIN', 'NEGATIVE', 'PRESENT', 1, '開けない');
INSERT INTO "vocabulary"."conjugation" ("id", "conjugation_set_id", "politeness_code", "charge_code", "form_code", "sort_rank", "value") VALUES ('ef598539-cf77-51a1-acd3-47c30db66188', 'ecb65220-b11d-556e-ad5f-3b5976da5b1d', 'PLAIN', 'NEGATIVE', 'PAST', 1, '開けなかった');
INSERT INTO "vocabulary"."conjugation" ("id", "conjugation_set_id", "politeness_code", "charge_code", "form_code", "sort_rank", "value") VALUES ('364c9cf8-e824-5651-a791-874b7f171524', 'ecb65220-b11d-556e-ad5f-3b5976da5b1d', 'PLAIN', 'NEGATIVE', 'TE', 1, '開けなくて');
INSERT INTO "vocabulary"."conjugation" ("id", "conjugation_set_id", "politeness_code", "charge_code", "form_code", "sort_rank", "value") VALUES ('48f30974-faba-567f-af62-707b74dd7d39', 'ecb65220-b11d-556e-ad5f-3b5976da5b1d', 'POLITE', 'POSITIVE', 'PRESENT', 1, '開けます');
INSERT INTO "vocabulary"."conjugation" ("id", "conjugation_set_id", "politeness_code", "charge_code", "form_code", "sort_rank", "value") VALUES ('5fbe7aa5-ba34-5370-87a6-562406eb45c3', 'ecb65220-b11d-556e-ad5f-3b5976da5b1d', 'POLITE', 'POSITIVE', 'PAST', 1, '開けました');
INSERT INTO "vocabulary"."conjugation" ("id", "conjugation_set_id", "politeness_code", "charge_code", "form_code", "sort_rank", "value") VALUES ('af4111cb-5eef-52d4-a1a0-aece8474d86e', 'ecb65220-b11d-556e-ad5f-3b5976da5b1d', 'POLITE', 'NEGATIVE', 'PRESENT', 1, '開けません');
INSERT INTO "vocabulary"."conjugation" ("id", "conjugation_set_id", "politeness_code", "charge_code", "form_code", "sort_rank", "value") VALUES ('b2a4ee60-6c36-56a1-9bf7-3d16c220d493', 'ecb65220-b11d-556e-ad5f-3b5976da5b1d', 'POLITE', 'NEGATIVE', 'PAST', 1, '開けませんでした');
-- 閉める | to close (something) --;
INSERT INTO "vocabulary"."vocabulary" ("id", "word_class_code", "conjugation_kind_code", "jlpt_level", "row_num", "tags", "date_added") VALUES ('775ea672-e6cf-4404-8a53-4f255eb8896a', 'VERB', 'ICHIDAN_VERB', 5, 578, '{}', '2022-11-07');
INSERT INTO "vocabulary"."definition" ("id", "vocabulary_id", "sort_rank", "value") VALUES ('0e3862f6-60fc-5d44-8807-550b03cd7958', '775ea672-e6cf-4404-8a53-4f255eb8896a', 1, 'to close (something)');
INSERT INTO "vocabulary"."spelling" ("id", "vocabulary_id", "spelling_kind_code", "value") VALUES ('5f72e291-bbeb-5a5c-afad-911cef8f2578', '775ea672-e6cf-4404-8a53-4f255eb8896a', 'KANJI', '閉める');
INSERT INTO "vocabulary"."spelling" ("id", "vocabulary_id", "spelling_kind_code", "value") VALUES ('aed4535d-3868-5ca3-8658-e6661c309f11', '775ea672-e6cf-4404-8a53-4f255eb8896a', 'HIRAGANA', 'しめる');
INSERT INTO "vocabulary"."spelling" ("id", "vocabulary_id", "spelling_kind_code", "value") VALUES ('82c789db-d433-52a5-8db6-7e2b897b8f78', '775ea672-e6cf-4404-8a53-4f255eb8896a', 'KANJI', '閉める');
INSERT INTO "vocabulary"."conjugation_set" ("id", "vocabulary_id") VALUES ('a369f784-c717-5a62-98c8-a319ec0b5acb', '775ea672-e6cf-4404-8a53-4f255eb8896a');
INSERT INTO "vocabulary"."linkages" ("vocabulary_id", "preferred_definition_id", "preferred_spelling_id", "phonetic_spelling_id", "alt_phonetic_spelling_id", "kanji_spelling_id", "conjugation_set_id") VALUES ('775ea672-e6cf-4404-8a53-4f255eb8896a', '0e3862f6-60fc-5d44-8807-550b03cd7958', '5f72e291-bbeb-5a5c-afad-911cef8f2578', 'aed4535d-3868-5ca3-8658-e6661c309f11', NULL, '82c789db-d433-52a5-8db6-7e2b897b8f78', 'a369f784-c717-5a62-98c8-a319ec0b5acb');
INSERT INTO "vocabulary"."reference" ("vocabulary_id", "lesson_code") VALUES ('775ea672-e6cf-4404-8a53-4f255eb8896a', 'GENKI3_L06');
INSERT INTO "vocabulary"."conjugation" ("id", "conjugation_set_id", "politeness_code", "charge_code", "form_code", "sort_rank", "value") VALUES ('02bb53b0-434a-5274-aba0-862d4eafc2bc', 'a369f784-c717-5a62-98c8-a319ec0b5acb', 'PLAIN', 'POSITIVE', 'PRESENT', 1, '閉める');
INSERT INTO "vocabulary"."conjugation" ("id", "conjugation_set_id", "politeness_code", "charge_code", "form_code", "sort_rank", "value") VALUES ('f1c5de2f-05e7-5aff-8e17-53298b3c624a', 'a369f784-c717-5a62-98c8-a319ec0b5acb', 'PLAIN', 'POSITIVE', 'PAST', 1, '閉めた');
INSERT INTO "vocabulary"."conjugation" ("id", "conjugation_set_id", "politeness_code", "charge_code", "form_code", "sort_rank", "value") VALUES ('bbf1eb40-6234-52f4-b875-76e5ca1b5b7f', 'a369f784-c717-5a62-98c8-a319ec0b5acb', 'PLAIN', 'POSITIVE', 'TE', 1, '閉めて');
INSERT INTO "vocabulary"."conjugation" ("id", "conjugation_set_id", "politeness_code", "charge_code", "form_code", "sort_rank", "value") VALUES ('a3c31901-bab2-52a3-b70a-fd5e9f3e6ba7', 'a369f784-c717-5a62-98c8-a319ec0b5acb', 'PLAIN', 'NEGATIVE', 'PRESENT', 1, '閉めない');
INSERT INTO "vocabulary"."conjugation" ("id", "conjugation_set_id", "politeness_code", "charge_code", "form_code", "sort_rank", "value") VALUES ('a0290cd9-d8f0-5aed-b6e8-271525b791ec', 'a369f784-c717-5a62-98c8-a319ec0b5acb', 'PLAIN', 'NEGATIVE', 'PAST', 1, '閉めなかった');
INSERT INTO "vocabulary"."conjugation" ("id", "conjugation_set_id", "politeness_code", "charge_code", "form_code", "sort_rank", "value") VALUES ('d5ab3db3-a1bf-528e-a7dc-767d5ad727b1', 'a369f784-c717-5a62-98c8-a319ec0b5acb', 'PLAIN', 'NEGATIVE', 'TE', 1, '閉めなくて');
INSERT INTO "vocabulary"."conjugation" ("id", "conjugation_set_id", "politeness_code", "charge_code", "form_code", "sort_rank", "value") VALUES ('2374fb04-068f-59f4-bec5-f093f22d5eb3', 'a369f784-c717-5a62-98c8-a319ec0b5acb', 'POLITE', 'POSITIVE', 'PRESENT', 1, '閉めます');
INSERT INTO "vocabulary"."conjugation" ("id", "conjugation_set_id", "politeness_code", "charge_code", "form_code", "sort_rank", "value") VALUES ('ab097f6b-ab09-565e-821e-af686382ca92', 'a369f784-c717-5a62-98c8-a319ec0b5acb', 'POLITE', 'POSITIVE', 'PAST', 1, '閉めました');
INSERT INTO "vocabulary"."conjugation" ("id", "conjugation_set_id", "politeness_code", "charge_code", "form_code", "sort_rank", "value") VALUES ('d2861bde-a2da-5480-86a9-2bbec011a107', 'a369f784-c717-5a62-98c8-a319ec0b5acb', 'POLITE', 'NEGATIVE', 'PRESENT', 1, '閉めません');
INSERT INTO "vocabulary"."conjugation" ("id", "conjugation_set_id", "politeness_code", "charge_code", "form_code", "sort_rank", "value") VALUES ('366e965d-7a9a-5448-b404-760e32beb1ed', 'a369f784-c717-5a62-98c8-a319ec0b5acb', 'POLITE', 'NEGATIVE', 'PAST', 1, '閉めませんでした');
-- 教える | to teach; to instruct --;
INSERT INTO "vocabulary"."vocabulary" ("id", "word_class_code", "conjugation_kind_code", "jlpt_level", "row_num", "tags", "date_added") VALUES ('41e541a0-d1dc-4abd-995a-18c2cfb23671', 'VERB', 'ICHIDAN_VERB', 5, 579, '{}', '2022-11-07');
INSERT INTO "vocabulary"."definition" ("id", "vocabulary_id", "sort_rank", "value") VALUES ('bbef2c66-899a-5e22-ad72-4f06ecd21207', '41e541a0-d1dc-4abd-995a-18c2cfb23671', 1, 'to teach; to instruct');
INSERT INTO "vocabulary"."spelling" ("id", "vocabulary_id", "spelling_kind_code", "value") VALUES ('4232ac0f-6d72-55d8-9680-46f4c75c62a3', '41e541a0-d1dc-4abd-995a-18c2cfb23671', 'KANJI', '教える');
INSERT INTO "vocabulary"."spelling" ("id", "vocabulary_id", "spelling_kind_code", "value") VALUES ('bca0ad02-664c-5e56-b18a-a5193df17b3e', '41e541a0-d1dc-4abd-995a-18c2cfb23671', 'HIRAGANA', 'おしえる');
INSERT INTO "vocabulary"."spelling" ("id", "vocabulary_id", "spelling_kind_code", "value") VALUES ('e597c6ef-4f06-5edc-b62f-1e81283b1ecb', '41e541a0-d1dc-4abd-995a-18c2cfb23671', 'KANJI', '教える');
INSERT INTO "vocabulary"."conjugation_set" ("id", "vocabulary_id") VALUES ('b95f7c5a-4bca-5bc3-87f3-ed4475f0e8e4', '41e541a0-d1dc-4abd-995a-18c2cfb23671');
INSERT INTO "vocabulary"."linkages" ("vocabulary_id", "preferred_definition_id", "preferred_spelling_id", "phonetic_spelling_id", "alt_phonetic_spelling_id", "kanji_spelling_id", "conjugation_set_id") VALUES ('41e541a0-d1dc-4abd-995a-18c2cfb23671', 'bbef2c66-899a-5e22-ad72-4f06ecd21207', '4232ac0f-6d72-55d8-9680-46f4c75c62a3', 'bca0ad02-664c-5e56-b18a-a5193df17b3e', NULL, 'e597c6ef-4f06-5edc-b62f-1e81283b1ecb', 'b95f7c5a-4bca-5bc3-87f3-ed4475f0e8e4');
INSERT INTO "vocabulary"."reference" ("vocabulary_id", "lesson_code") VALUES ('41e541a0-d1dc-4abd-995a-18c2cfb23671', 'GENKI3_L06');
INSERT INTO "vocabulary"."conjugation" ("id", "conjugation_set_id", "politeness_code", "charge_code", "form_code", "sort_rank", "value") VALUES ('aee2af01-ad55-5b6d-9e82-c49d3d706145', 'b95f7c5a-4bca-5bc3-87f3-ed4475f0e8e4', 'PLAIN', 'POSITIVE', 'PRESENT', 1, '教える');
INSERT INTO "vocabulary"."conjugation" ("id", "conjugation_set_id", "politeness_code", "charge_code", "form_code", "sort_rank", "value") VALUES ('39cc52c3-56e9-5e5d-9d71-eb1f56dd7e8c', 'b95f7c5a-4bca-5bc3-87f3-ed4475f0e8e4', 'PLAIN', 'POSITIVE', 'PAST', 1, '教えた');
INSERT INTO "vocabulary"."conjugation" ("id", "conjugation_set_id", "politeness_code", "charge_code", "form_code", "sort_rank", "value") VALUES ('edb5b20d-fec2-5a37-9af3-41c4f023b380', 'b95f7c5a-4bca-5bc3-87f3-ed4475f0e8e4', 'PLAIN', 'POSITIVE', 'TE', 1, '教えて');
INSERT INTO "vocabulary"."conjugation" ("id", "conjugation_set_id", "politeness_code", "charge_code", "form_code", "sort_rank", "value") VALUES ('b534d39a-1aba-5fb0-ad42-1e667ed1836e', 'b95f7c5a-4bca-5bc3-87f3-ed4475f0e8e4', 'PLAIN', 'NEGATIVE', 'PRESENT', 1, '教えない');
INSERT INTO "vocabulary"."conjugation" ("id", "conjugation_set_id", "politeness_code", "charge_code", "form_code", "sort_rank", "value") VALUES ('b60a23d8-4e84-56cd-91de-eef660ff17d4', 'b95f7c5a-4bca-5bc3-87f3-ed4475f0e8e4', 'PLAIN', 'NEGATIVE', 'PAST', 1, '教えなかった');
INSERT INTO "vocabulary"."conjugation" ("id", "conjugation_set_id", "politeness_code", "charge_code", "form_code", "sort_rank", "value") VALUES ('af1abc96-a1b2-5338-9ea1-fb65a099f845', 'b95f7c5a-4bca-5bc3-87f3-ed4475f0e8e4', 'PLAIN', 'NEGATIVE', 'TE', 1, '教えなくて');
INSERT INTO "vocabulary"."conjugation" ("id", "conjugation_set_id", "politeness_code", "charge_code", "form_code", "sort_rank", "value") VALUES ('09c15ad2-a042-5eda-969a-3417f2871a00', 'b95f7c5a-4bca-5bc3-87f3-ed4475f0e8e4', 'POLITE', 'POSITIVE', 'PRESENT', 1, '教えます');
INSERT INTO "vocabulary"."conjugation" ("id", "conjugation_set_id", "politeness_code", "charge_code", "form_code", "sort_rank", "value") VALUES ('356c881a-4dc8-50ee-9667-25696bbb71f6', 'b95f7c5a-4bca-5bc3-87f3-ed4475f0e8e4', 'POLITE', 'POSITIVE', 'PAST', 1, '教えました');
INSERT INTO "vocabulary"."conjugation" ("id", "conjugation_set_id", "politeness_code", "charge_code", "form_code", "sort_rank", "value") VALUES ('5e044f77-e524-5032-a526-cde59d86c886', 'b95f7c5a-4bca-5bc3-87f3-ed4475f0e8e4', 'POLITE', 'NEGATIVE', 'PRESENT', 1, '教えません');
INSERT INTO "vocabulary"."conjugation" ("id", "conjugation_set_id", "politeness_code", "charge_code", "form_code", "sort_rank", "value") VALUES ('9d42eeb1-c677-55ba-a000-64467a378fbf', 'b95f7c5a-4bca-5bc3-87f3-ed4475f0e8e4', 'POLITE', 'NEGATIVE', 'PAST', 1, '教えませんでした');
-- 忘れる | to forget; to leave behind --;
INSERT INTO "vocabulary"."vocabulary" ("id", "word_class_code", "conjugation_kind_code", "jlpt_level", "row_num", "tags", "date_added") VALUES ('d94d586d-e5e5-4d9f-8ef7-1520f3d714cf', 'VERB', 'ICHIDAN_VERB', 5, 580, '{}', '2022-11-07');
INSERT INTO "vocabulary"."definition" ("id", "vocabulary_id", "sort_rank", "value") VALUES ('881b20cf-7bda-50bf-9300-443de0b6b60a', 'd94d586d-e5e5-4d9f-8ef7-1520f3d714cf', 1, 'to forget; to leave behind');
INSERT INTO "vocabulary"."spelling" ("id", "vocabulary_id", "spelling_kind_code", "value") VALUES ('09282ef7-52b7-58b5-9e1f-1e661fd69265', 'd94d586d-e5e5-4d9f-8ef7-1520f3d714cf', 'KANJI', '忘れる');
INSERT INTO "vocabulary"."spelling" ("id", "vocabulary_id", "spelling_kind_code", "value") VALUES ('bd6e9d0a-2dec-522e-818f-912fb366372f', 'd94d586d-e5e5-4d9f-8ef7-1520f3d714cf', 'HIRAGANA', 'わすれる');
INSERT INTO "vocabulary"."spelling" ("id", "vocabulary_id", "spelling_kind_code", "value") VALUES ('0e946b89-cec0-599d-aca5-660e3f9963a3', 'd94d586d-e5e5-4d9f-8ef7-1520f3d714cf', 'KANJI', '忘れる');
INSERT INTO "vocabulary"."conjugation_set" ("id", "vocabulary_id") VALUES ('4479eec4-a768-52bb-b145-880b8445d993', 'd94d586d-e5e5-4d9f-8ef7-1520f3d714cf');
INSERT INTO "vocabulary"."linkages" ("vocabulary_id", "preferred_definition_id", "preferred_spelling_id", "phonetic_spelling_id", "alt_phonetic_spelling_id", "kanji_spelling_id", "conjugation_set_id") VALUES ('d94d586d-e5e5-4d9f-8ef7-1520f3d714cf', '881b20cf-7bda-50bf-9300-443de0b6b60a', '09282ef7-52b7-58b5-9e1f-1e661fd69265', 'bd6e9d0a-2dec-522e-818f-912fb366372f', NULL, '0e946b89-cec0-599d-aca5-660e3f9963a3', '4479eec4-a768-52bb-b145-880b8445d993');
INSERT INTO "vocabulary"."reference" ("vocabulary_id", "lesson_code") VALUES ('d94d586d-e5e5-4d9f-8ef7-1520f3d714cf', 'GENKI3_L06');
INSERT INTO "vocabulary"."conjugation" ("id", "conjugation_set_id", "politeness_code", "charge_code", "form_code", "sort_rank", "value") VALUES ('213a393b-b40a-554d-a486-4b138c4eeb31', '4479eec4-a768-52bb-b145-880b8445d993', 'PLAIN', 'POSITIVE', 'PRESENT', 1, '忘れる');
INSERT INTO "vocabulary"."conjugation" ("id", "conjugation_set_id", "politeness_code", "charge_code", "form_code", "sort_rank", "value") VALUES ('ec275b43-2f65-5b2e-97f6-956432c76a09', '4479eec4-a768-52bb-b145-880b8445d993', 'PLAIN', 'POSITIVE', 'PAST', 1, '忘れた');
INSERT INTO "vocabulary"."conjugation" ("id", "conjugation_set_id", "politeness_code", "charge_code", "form_code", "sort_rank", "value") VALUES ('53ce503e-2211-5325-94bd-a1689103c5be', '4479eec4-a768-52bb-b145-880b8445d993', 'PLAIN', 'POSITIVE', 'TE', 1, '忘れて');
INSERT INTO "vocabulary"."conjugation" ("id", "conjugation_set_id", "politeness_code", "charge_code", "form_code", "sort_rank", "value") VALUES ('33432891-d191-59d7-a26f-a0e9753cd2be', '4479eec4-a768-52bb-b145-880b8445d993', 'PLAIN', 'NEGATIVE', 'PRESENT', 1, '忘れない');
INSERT INTO "vocabulary"."conjugation" ("id", "conjugation_set_id", "politeness_code", "charge_code", "form_code", "sort_rank", "value") VALUES ('0f3b3920-30cd-5e6d-9193-227522028ae5', '4479eec4-a768-52bb-b145-880b8445d993', 'PLAIN', 'NEGATIVE', 'PAST', 1, '忘れなかった');
INSERT INTO "vocabulary"."conjugation" ("id", "conjugation_set_id", "politeness_code", "charge_code", "form_code", "sort_rank", "value") VALUES ('d30971d9-e6e7-5a3f-a123-92fbee18ee0b', '4479eec4-a768-52bb-b145-880b8445d993', 'PLAIN', 'NEGATIVE', 'TE', 1, '忘れなくて');
INSERT INTO "vocabulary"."conjugation" ("id", "conjugation_set_id", "politeness_code", "charge_code", "form_code", "sort_rank", "value") VALUES ('0e7eb999-ccfd-5442-92d6-0128d875970f', '4479eec4-a768-52bb-b145-880b8445d993', 'POLITE', 'POSITIVE', 'PRESENT', 1, '忘れます');
INSERT INTO "vocabulary"."conjugation" ("id", "conjugation_set_id", "politeness_code", "charge_code", "form_code", "sort_rank", "value") VALUES ('9be6342f-82d0-5fa0-b7c6-5255b7fc4e44', '4479eec4-a768-52bb-b145-880b8445d993', 'POLITE', 'POSITIVE', 'PAST', 1, '忘れました');
INSERT INTO "vocabulary"."conjugation" ("id", "conjugation_set_id", "politeness_code", "charge_code", "form_code", "sort_rank", "value") VALUES ('5a8e9c3f-efb5-52b2-89fe-6f7116401213', '4479eec4-a768-52bb-b145-880b8445d993', 'POLITE', 'NEGATIVE', 'PRESENT', 1, '忘れません');
INSERT INTO "vocabulary"."conjugation" ("id", "conjugation_set_id", "politeness_code", "charge_code", "form_code", "sort_rank", "value") VALUES ('c3c168ff-67e7-5291-9764-ef7a2e5ae92a', '4479eec4-a768-52bb-b145-880b8445d993', 'POLITE', 'NEGATIVE', 'PAST', 1, '忘れませんでした');
-- 降りる | to get off; to descend --;
INSERT INTO "vocabulary"."vocabulary" ("id", "word_class_code", "conjugation_kind_code", "jlpt_level", "row_num", "tags", "date_added") VALUES ('e876fbbd-05cd-49a3-995a-2002ec68b841', 'VERB', 'ICHIDAN_VERB', 5, 581, '{}', '2022-11-07');
INSERT INTO "vocabulary"."definition" ("id", "vocabulary_id", "sort_rank", "value") VALUES ('08ffe139-b2c2-5f06-a079-3357159d24ce', 'e876fbbd-05cd-49a3-995a-2002ec68b841', 1, 'to get off; to descend');
INSERT INTO "vocabulary"."spelling" ("id", "vocabulary_id", "spelling_kind_code", "value") VALUES ('0f7de877-1e49-55df-a45f-a9127fbe4d68', 'e876fbbd-05cd-49a3-995a-2002ec68b841', 'KANJI', '降りる');
INSERT INTO "vocabulary"."spelling" ("id", "vocabulary_id", "spelling_kind_code", "value") VALUES ('5d115457-0d46-5a9b-a577-e667bd10a01e', 'e876fbbd-05cd-49a3-995a-2002ec68b841', 'HIRAGANA', 'おりる');
INSERT INTO "vocabulary"."spelling" ("id", "vocabulary_id", "spelling_kind_code", "value") VALUES ('7a565ac6-380c-5d0a-9986-80a74ce280b4', 'e876fbbd-05cd-49a3-995a-2002ec68b841', 'KANJI', '降りる');
INSERT INTO "vocabulary"."conjugation_set" ("id", "vocabulary_id") VALUES ('429a5ee9-0866-570e-8468-a7aa7a832886', 'e876fbbd-05cd-49a3-995a-2002ec68b841');
INSERT INTO "vocabulary"."linkages" ("vocabulary_id", "preferred_definition_id", "preferred_spelling_id", "phonetic_spelling_id", "alt_phonetic_spelling_id", "kanji_spelling_id", "conjugation_set_id") VALUES ('e876fbbd-05cd-49a3-995a-2002ec68b841', '08ffe139-b2c2-5f06-a079-3357159d24ce', '0f7de877-1e49-55df-a45f-a9127fbe4d68', '5d115457-0d46-5a9b-a577-e667bd10a01e', NULL, '7a565ac6-380c-5d0a-9986-80a74ce280b4', '429a5ee9-0866-570e-8468-a7aa7a832886');
INSERT INTO "vocabulary"."reference" ("vocabulary_id", "lesson_code") VALUES ('e876fbbd-05cd-49a3-995a-2002ec68b841', 'GENKI3_L06');
INSERT INTO "vocabulary"."conjugation" ("id", "conjugation_set_id", "politeness_code", "charge_code", "form_code", "sort_rank", "value") VALUES ('d3d05d3c-0357-5ade-b2fe-f2c768fcd2ab', '429a5ee9-0866-570e-8468-a7aa7a832886', 'PLAIN', 'POSITIVE', 'PRESENT', 1, '降りる');
INSERT INTO "vocabulary"."conjugation" ("id", "conjugation_set_id", "politeness_code", "charge_code", "form_code", "sort_rank", "value") VALUES ('28c2eede-1592-5f9d-a9a0-189436811048', '429a5ee9-0866-570e-8468-a7aa7a832886', 'PLAIN', 'POSITIVE', 'PAST', 1, '降りた');
INSERT INTO "vocabulary"."conjugation" ("id", "conjugation_set_id", "politeness_code", "charge_code", "form_code", "sort_rank", "value") VALUES ('5ca1b86f-b0de-58e6-9b09-cbe2a1ab2622', '429a5ee9-0866-570e-8468-a7aa7a832886', 'PLAIN', 'POSITIVE', 'TE', 1, '降りて');
INSERT INTO "vocabulary"."conjugation" ("id", "conjugation_set_id", "politeness_code", "charge_code", "form_code", "sort_rank", "value") VALUES ('59ff7830-10ff-52f4-9be9-31efbd3e699b', '429a5ee9-0866-570e-8468-a7aa7a832886', 'PLAIN', 'NEGATIVE', 'PRESENT', 1, '降りない');
INSERT INTO "vocabulary"."conjugation" ("id", "conjugation_set_id", "politeness_code", "charge_code", "form_code", "sort_rank", "value") VALUES ('aec66bb1-d8d9-5247-9a51-a6589dd3dabd', '429a5ee9-0866-570e-8468-a7aa7a832886', 'PLAIN', 'NEGATIVE', 'PAST', 1, '降りなかった');
INSERT INTO "vocabulary"."conjugation" ("id", "conjugation_set_id", "politeness_code", "charge_code", "form_code", "sort_rank", "value") VALUES ('c395794a-5350-5822-a441-c9c36be3cf9b', '429a5ee9-0866-570e-8468-a7aa7a832886', 'PLAIN', 'NEGATIVE', 'TE', 1, '降りなくて');
INSERT INTO "vocabulary"."conjugation" ("id", "conjugation_set_id", "politeness_code", "charge_code", "form_code", "sort_rank", "value") VALUES ('e2857627-95f7-52b4-b62d-7297fd417c4b', '429a5ee9-0866-570e-8468-a7aa7a832886', 'POLITE', 'POSITIVE', 'PRESENT', 1, '降ります');
INSERT INTO "vocabulary"."conjugation" ("id", "conjugation_set_id", "politeness_code", "charge_code", "form_code", "sort_rank", "value") VALUES ('550d101f-8534-515c-885d-77838147a2d1', '429a5ee9-0866-570e-8468-a7aa7a832886', 'POLITE', 'POSITIVE', 'PAST', 1, '降りました');
INSERT INTO "vocabulary"."conjugation" ("id", "conjugation_set_id", "politeness_code", "charge_code", "form_code", "sort_rank", "value") VALUES ('777957f1-7485-502c-be0b-47cf8ff7d602', '429a5ee9-0866-570e-8468-a7aa7a832886', 'POLITE', 'NEGATIVE', 'PRESENT', 1, '降りません');
INSERT INTO "vocabulary"."conjugation" ("id", "conjugation_set_id", "politeness_code", "charge_code", "form_code", "sort_rank", "value") VALUES ('973fc250-ac0c-5a34-9503-b6454fcd9021', '429a5ee9-0866-570e-8468-a7aa7a832886', 'POLITE', 'NEGATIVE', 'PAST', 1, '降りませんでした');
-- 借りる | to borrow --;
INSERT INTO "vocabulary"."vocabulary" ("id", "word_class_code", "conjugation_kind_code", "jlpt_level", "row_num", "tags", "date_added") VALUES ('78be3afb-da4b-4e78-b019-39ba138f1c33', 'VERB', 'ICHIDAN_VERB', 5, 582, '{}', '2022-11-07');
INSERT INTO "vocabulary"."definition" ("id", "vocabulary_id", "sort_rank", "value") VALUES ('83605344-81c6-5366-acb8-682d3f8594d0', '78be3afb-da4b-4e78-b019-39ba138f1c33', 1, 'to borrow');
INSERT INTO "vocabulary"."spelling" ("id", "vocabulary_id", "spelling_kind_code", "value") VALUES ('8198a386-6ec5-501f-9afc-61a528fcd178', '78be3afb-da4b-4e78-b019-39ba138f1c33', 'KANJI', '借りる');
INSERT INTO "vocabulary"."spelling" ("id", "vocabulary_id", "spelling_kind_code", "value") VALUES ('4f754b99-788a-5379-a893-b121c1d89d45', '78be3afb-da4b-4e78-b019-39ba138f1c33', 'HIRAGANA', 'かりる');
INSERT INTO "vocabulary"."spelling" ("id", "vocabulary_id", "spelling_kind_code", "value") VALUES ('0b5f63c9-7065-5243-b033-a675b99d2f9c', '78be3afb-da4b-4e78-b019-39ba138f1c33', 'KANJI', '借りる');
INSERT INTO "vocabulary"."conjugation_set" ("id", "vocabulary_id") VALUES ('6711f1f7-e703-521c-9248-0375cee0b4ae', '78be3afb-da4b-4e78-b019-39ba138f1c33');
INSERT INTO "vocabulary"."linkages" ("vocabulary_id", "preferred_definition_id", "preferred_spelling_id", "phonetic_spelling_id", "alt_phonetic_spelling_id", "kanji_spelling_id", "conjugation_set_id") VALUES ('78be3afb-da4b-4e78-b019-39ba138f1c33', '83605344-81c6-5366-acb8-682d3f8594d0', '8198a386-6ec5-501f-9afc-61a528fcd178', '4f754b99-788a-5379-a893-b121c1d89d45', NULL, '0b5f63c9-7065-5243-b033-a675b99d2f9c', '6711f1f7-e703-521c-9248-0375cee0b4ae');
INSERT INTO "vocabulary"."reference" ("vocabulary_id", "lesson_code") VALUES ('78be3afb-da4b-4e78-b019-39ba138f1c33', 'GENKI3_L06');
INSERT INTO "vocabulary"."conjugation" ("id", "conjugation_set_id", "politeness_code", "charge_code", "form_code", "sort_rank", "value") VALUES ('c37a3c5a-f40f-5feb-9db7-989bee752786', '6711f1f7-e703-521c-9248-0375cee0b4ae', 'PLAIN', 'POSITIVE', 'PRESENT', 1, '借りる');
INSERT INTO "vocabulary"."conjugation" ("id", "conjugation_set_id", "politeness_code", "charge_code", "form_code", "sort_rank", "value") VALUES ('ac3bf1e7-bc30-5d6c-9c14-dd9e3cc1865e', '6711f1f7-e703-521c-9248-0375cee0b4ae', 'PLAIN', 'POSITIVE', 'PAST', 1, '借りた');
INSERT INTO "vocabulary"."conjugation" ("id", "conjugation_set_id", "politeness_code", "charge_code", "form_code", "sort_rank", "value") VALUES ('46a8539e-3a16-5888-9595-1b6d1b63ffed', '6711f1f7-e703-521c-9248-0375cee0b4ae', 'PLAIN', 'POSITIVE', 'TE', 1, '借りて');
INSERT INTO "vocabulary"."conjugation" ("id", "conjugation_set_id", "politeness_code", "charge_code", "form_code", "sort_rank", "value") VALUES ('78a828d1-c436-5dc6-87d2-2b9bb410218f', '6711f1f7-e703-521c-9248-0375cee0b4ae', 'PLAIN', 'NEGATIVE', 'PRESENT', 1, '借りない');
INSERT INTO "vocabulary"."conjugation" ("id", "conjugation_set_id", "politeness_code", "charge_code", "form_code", "sort_rank", "value") VALUES ('8c14ae4e-9131-53ed-b02d-a9cd0fe32683', '6711f1f7-e703-521c-9248-0375cee0b4ae', 'PLAIN', 'NEGATIVE', 'PAST', 1, '借りなかった');
INSERT INTO "vocabulary"."conjugation" ("id", "conjugation_set_id", "politeness_code", "charge_code", "form_code", "sort_rank", "value") VALUES ('27301964-d6f1-5274-aa95-27ec0c32cd02', '6711f1f7-e703-521c-9248-0375cee0b4ae', 'PLAIN', 'NEGATIVE', 'TE', 1, '借りなくて');
INSERT INTO "vocabulary"."conjugation" ("id", "conjugation_set_id", "politeness_code", "charge_code", "form_code", "sort_rank", "value") VALUES ('a58eaab2-72f3-5533-bbb5-5ec5f7cc778e', '6711f1f7-e703-521c-9248-0375cee0b4ae', 'POLITE', 'POSITIVE', 'PRESENT', 1, '借ります');
INSERT INTO "vocabulary"."conjugation" ("id", "conjugation_set_id", "politeness_code", "charge_code", "form_code", "sort_rank", "value") VALUES ('1be6d4d7-371b-5354-8086-171007f000b1', '6711f1f7-e703-521c-9248-0375cee0b4ae', 'POLITE', 'POSITIVE', 'PAST', 1, '借りました');
INSERT INTO "vocabulary"."conjugation" ("id", "conjugation_set_id", "politeness_code", "charge_code", "form_code", "sort_rank", "value") VALUES ('3bdf7c99-7037-5de0-827d-a79dc92da3ea', '6711f1f7-e703-521c-9248-0375cee0b4ae', 'POLITE', 'NEGATIVE', 'PRESENT', 1, '借りません');
INSERT INTO "vocabulary"."conjugation" ("id", "conjugation_set_id", "politeness_code", "charge_code", "form_code", "sort_rank", "value") VALUES ('e649f844-3c5c-5627-a156-d29eba43e99d', '6711f1f7-e703-521c-9248-0375cee0b4ae', 'POLITE', 'NEGATIVE', 'PAST', 1, '借りませんでした');
-- 浴びる | to bask; to bathe in; to be flooded with --;
INSERT INTO "vocabulary"."vocabulary" ("id", "word_class_code", "conjugation_kind_code", "jlpt_level", "row_num", "tags", "date_added") VALUES ('313659a3-3ae2-4a49-b5c0-bfb840178eab', 'VERB', 'ICHIDAN_VERB', 5, 583, '{}', '2022-11-07');
INSERT INTO "vocabulary"."definition" ("id", "vocabulary_id", "sort_rank", "value") VALUES ('d57f81d7-8881-519a-b41a-5ab06c446576', '313659a3-3ae2-4a49-b5c0-bfb840178eab', 1, 'to bask; to bathe in; to be flooded with');
INSERT INTO "vocabulary"."spelling" ("id", "vocabulary_id", "spelling_kind_code", "value") VALUES ('2b2ad7a8-2625-53ee-a9a5-31ea373a11e8', '313659a3-3ae2-4a49-b5c0-bfb840178eab', 'KANJI', '浴びる');
INSERT INTO "vocabulary"."spelling" ("id", "vocabulary_id", "spelling_kind_code", "value") VALUES ('47a27b00-4cc6-5c88-8ae3-87a3d42c8c16', '313659a3-3ae2-4a49-b5c0-bfb840178eab', 'HIRAGANA', 'あびる');
INSERT INTO "vocabulary"."spelling" ("id", "vocabulary_id", "spelling_kind_code", "value") VALUES ('d2e6aecb-6442-5cfe-87d9-030b840c9357', '313659a3-3ae2-4a49-b5c0-bfb840178eab', 'KANJI', '浴びる');
INSERT INTO "vocabulary"."conjugation_set" ("id", "vocabulary_id") VALUES ('124df0fc-c912-5a8b-b28c-af5154f8d985', '313659a3-3ae2-4a49-b5c0-bfb840178eab');
INSERT INTO "vocabulary"."linkages" ("vocabulary_id", "preferred_definition_id", "preferred_spelling_id", "phonetic_spelling_id", "alt_phonetic_spelling_id", "kanji_spelling_id", "conjugation_set_id") VALUES ('313659a3-3ae2-4a49-b5c0-bfb840178eab', 'd57f81d7-8881-519a-b41a-5ab06c446576', '2b2ad7a8-2625-53ee-a9a5-31ea373a11e8', '47a27b00-4cc6-5c88-8ae3-87a3d42c8c16', NULL, 'd2e6aecb-6442-5cfe-87d9-030b840c9357', '124df0fc-c912-5a8b-b28c-af5154f8d985');
INSERT INTO "vocabulary"."conjugation" ("id", "conjugation_set_id", "politeness_code", "charge_code", "form_code", "sort_rank", "value") VALUES ('a0f87576-03a7-53ca-b4bd-0919b88bb9a5', '124df0fc-c912-5a8b-b28c-af5154f8d985', 'PLAIN', 'POSITIVE', 'PRESENT', 1, '浴びる');
INSERT INTO "vocabulary"."conjugation" ("id", "conjugation_set_id", "politeness_code", "charge_code", "form_code", "sort_rank", "value") VALUES ('57b191ca-9873-50e7-88cd-99024ee6d70f', '124df0fc-c912-5a8b-b28c-af5154f8d985', 'PLAIN', 'POSITIVE', 'PAST', 1, '浴びた');
INSERT INTO "vocabulary"."conjugation" ("id", "conjugation_set_id", "politeness_code", "charge_code", "form_code", "sort_rank", "value") VALUES ('5a15690f-0ca7-5023-bca9-eeedd7881f67', '124df0fc-c912-5a8b-b28c-af5154f8d985', 'PLAIN', 'POSITIVE', 'TE', 1, '浴びて');
INSERT INTO "vocabulary"."conjugation" ("id", "conjugation_set_id", "politeness_code", "charge_code", "form_code", "sort_rank", "value") VALUES ('58d01d5b-0538-585e-ba14-075b436f5f6c', '124df0fc-c912-5a8b-b28c-af5154f8d985', 'PLAIN', 'NEGATIVE', 'PRESENT', 1, '浴びない');
INSERT INTO "vocabulary"."conjugation" ("id", "conjugation_set_id", "politeness_code", "charge_code", "form_code", "sort_rank", "value") VALUES ('e6b72fa6-1a1f-5eac-ab28-7bdc14cc85ba', '124df0fc-c912-5a8b-b28c-af5154f8d985', 'PLAIN', 'NEGATIVE', 'PAST', 1, '浴びなかった');
INSERT INTO "vocabulary"."conjugation" ("id", "conjugation_set_id", "politeness_code", "charge_code", "form_code", "sort_rank", "value") VALUES ('add77561-668d-5e86-b2a7-9c63069c90ff', '124df0fc-c912-5a8b-b28c-af5154f8d985', 'PLAIN', 'NEGATIVE', 'TE', 1, '浴びなくて');
INSERT INTO "vocabulary"."conjugation" ("id", "conjugation_set_id", "politeness_code", "charge_code", "form_code", "sort_rank", "value") VALUES ('dff48548-c29c-5ff8-9c93-961b5fe20c34', '124df0fc-c912-5a8b-b28c-af5154f8d985', 'POLITE', 'POSITIVE', 'PRESENT', 1, '浴びます');
INSERT INTO "vocabulary"."conjugation" ("id", "conjugation_set_id", "politeness_code", "charge_code", "form_code", "sort_rank", "value") VALUES ('b96e33e7-597d-57a2-9902-83e47415269f', '124df0fc-c912-5a8b-b28c-af5154f8d985', 'POLITE', 'POSITIVE', 'PAST', 1, '浴びました');
INSERT INTO "vocabulary"."conjugation" ("id", "conjugation_set_id", "politeness_code", "charge_code", "form_code", "sort_rank", "value") VALUES ('ca52e326-94d3-5e17-8f12-186f5e1efca6', '124df0fc-c912-5a8b-b28c-af5154f8d985', 'POLITE', 'NEGATIVE', 'PRESENT', 1, '浴びません');
INSERT INTO "vocabulary"."conjugation" ("id", "conjugation_set_id", "politeness_code", "charge_code", "form_code", "sort_rank", "value") VALUES ('3417b44c-0018-5ba3-b06a-e1236c3d0607', '124df0fc-c912-5a8b-b28c-af5154f8d985', 'POLITE', 'NEGATIVE', 'PAST', 1, '浴びませんでした');
-- シャワーを浴びる | to take a shower --;
INSERT INTO "vocabulary"."vocabulary" ("id", "word_class_code", "conjugation_kind_code", "jlpt_level", "row_num", "tags", "date_added") VALUES ('ff59504a-164b-44a8-b108-aed6d9525249', 'VERB', 'ICHIDAN_VERB', NULL, 584, '{}', '2022-11-07');
INSERT INTO "vocabulary"."definition" ("id", "vocabulary_id", "sort_rank", "value") VALUES ('962bbe07-9392-5954-8244-a37aa7f8048d', 'ff59504a-164b-44a8-b108-aed6d9525249', 1, 'to take a shower');
INSERT INTO "vocabulary"."spelling" ("id", "vocabulary_id", "spelling_kind_code", "value") VALUES ('bd2566a1-1b22-5e62-afc2-a09321b46bd0', 'ff59504a-164b-44a8-b108-aed6d9525249', 'KANJI', 'シャワーを浴びる');
INSERT INTO "vocabulary"."spelling" ("id", "vocabulary_id", "spelling_kind_code", "value") VALUES ('7ce042f4-4deb-52db-8c03-25b56fb02f5f', 'ff59504a-164b-44a8-b108-aed6d9525249', 'HIRAGANA', 'しゃわあをあびる');
INSERT INTO "vocabulary"."spelling" ("id", "vocabulary_id", "spelling_kind_code", "value") VALUES ('890f79a9-6d87-51e9-9875-1501a8adaf19', 'ff59504a-164b-44a8-b108-aed6d9525249', 'KANJI', 'シャワーを浴びる');
INSERT INTO "vocabulary"."linkages" ("vocabulary_id", "preferred_definition_id", "preferred_spelling_id", "phonetic_spelling_id", "alt_phonetic_spelling_id", "kanji_spelling_id", "conjugation_set_id") VALUES ('ff59504a-164b-44a8-b108-aed6d9525249', '962bbe07-9392-5954-8244-a37aa7f8048d', 'bd2566a1-1b22-5e62-afc2-a09321b46bd0', '7ce042f4-4deb-52db-8c03-25b56fb02f5f', NULL, '890f79a9-6d87-51e9-9875-1501a8adaf19', NULL);
INSERT INTO "vocabulary"."reference" ("vocabulary_id", "lesson_code") VALUES ('ff59504a-164b-44a8-b108-aed6d9525249', 'GENKI3_L06');
-- つける | to turn on (light) --;
INSERT INTO "vocabulary"."vocabulary" ("id", "word_class_code", "conjugation_kind_code", "jlpt_level", "row_num", "tags", "date_added") VALUES ('c586dd61-02b7-4f20-aa46-b9af2ea9d555', 'VERB', 'ICHIDAN_VERB', 2, 585, '{}', '2022-11-07');
INSERT INTO "vocabulary"."definition" ("id", "vocabulary_id", "sort_rank", "value") VALUES ('5448ca99-c468-513d-8521-d0c748420f9b', 'c586dd61-02b7-4f20-aa46-b9af2ea9d555', 1, 'to turn on (light)');
INSERT INTO "vocabulary"."spelling" ("id", "vocabulary_id", "spelling_kind_code", "value") VALUES ('42f56dce-acd8-519f-bcb7-8c699f3c70ea', 'c586dd61-02b7-4f20-aa46-b9af2ea9d555', 'HIRAGANA', 'つける');
INSERT INTO "vocabulary"."spelling" ("id", "vocabulary_id", "spelling_kind_code", "value") VALUES ('cc80f48f-1b52-51dd-950e-ed65abe516c0', 'c586dd61-02b7-4f20-aa46-b9af2ea9d555', 'HIRAGANA', 'つける');
INSERT INTO "vocabulary"."spelling" ("id", "vocabulary_id", "spelling_kind_code", "value") VALUES ('adb3409b-8b06-572b-a628-a125298fb6b6', 'c586dd61-02b7-4f20-aa46-b9af2ea9d555', 'KANJI', '点ける');
INSERT INTO "vocabulary"."conjugation_set" ("id", "vocabulary_id") VALUES ('bac3ce05-3af7-53fc-816a-311eacf84d01', 'c586dd61-02b7-4f20-aa46-b9af2ea9d555');
INSERT INTO "vocabulary"."linkages" ("vocabulary_id", "preferred_definition_id", "preferred_spelling_id", "phonetic_spelling_id", "alt_phonetic_spelling_id", "kanji_spelling_id", "conjugation_set_id") VALUES ('c586dd61-02b7-4f20-aa46-b9af2ea9d555', '5448ca99-c468-513d-8521-d0c748420f9b', '42f56dce-acd8-519f-bcb7-8c699f3c70ea', 'cc80f48f-1b52-51dd-950e-ed65abe516c0', NULL, 'adb3409b-8b06-572b-a628-a125298fb6b6', 'bac3ce05-3af7-53fc-816a-311eacf84d01');
INSERT INTO "vocabulary"."reference" ("vocabulary_id", "lesson_code") VALUES ('c586dd61-02b7-4f20-aa46-b9af2ea9d555', 'GENKI3_L06');
INSERT INTO "vocabulary"."conjugation" ("id", "conjugation_set_id", "politeness_code", "charge_code", "form_code", "sort_rank", "value") VALUES ('80b75323-7e69-5e1e-82f5-cc23dfa3e563', 'bac3ce05-3af7-53fc-816a-311eacf84d01', 'PLAIN', 'POSITIVE', 'PRESENT', 1, 'つける');
INSERT INTO "vocabulary"."conjugation" ("id", "conjugation_set_id", "politeness_code", "charge_code", "form_code", "sort_rank", "value") VALUES ('63c2cf6c-61d6-5d7e-837f-18afb6fa1431', 'bac3ce05-3af7-53fc-816a-311eacf84d01', 'PLAIN', 'POSITIVE', 'PAST', 1, 'つけた');
INSERT INTO "vocabulary"."conjugation" ("id", "conjugation_set_id", "politeness_code", "charge_code", "form_code", "sort_rank", "value") VALUES ('f8975a62-8ae6-5fa4-babe-00d6c4d35dab', 'bac3ce05-3af7-53fc-816a-311eacf84d01', 'PLAIN', 'POSITIVE', 'TE', 1, 'つけて');
INSERT INTO "vocabulary"."conjugation" ("id", "conjugation_set_id", "politeness_code", "charge_code", "form_code", "sort_rank", "value") VALUES ('de72f284-b7d4-5f0a-9cfa-4e007fae4e6f', 'bac3ce05-3af7-53fc-816a-311eacf84d01', 'PLAIN', 'NEGATIVE', 'PRESENT', 1, 'つけない');
INSERT INTO "vocabulary"."conjugation" ("id", "conjugation_set_id", "politeness_code", "charge_code", "form_code", "sort_rank", "value") VALUES ('a5c139d6-4fb2-58a0-b742-0a42a9881da3', 'bac3ce05-3af7-53fc-816a-311eacf84d01', 'PLAIN', 'NEGATIVE', 'PAST', 1, 'つけなかった');
INSERT INTO "vocabulary"."conjugation" ("id", "conjugation_set_id", "politeness_code", "charge_code", "form_code", "sort_rank", "value") VALUES ('5adafa5a-a19e-584b-af66-b858e37a897f', 'bac3ce05-3af7-53fc-816a-311eacf84d01', 'PLAIN', 'NEGATIVE', 'TE', 1, 'つけなくて');
INSERT INTO "vocabulary"."conjugation" ("id", "conjugation_set_id", "politeness_code", "charge_code", "form_code", "sort_rank", "value") VALUES ('b3c99ded-485b-55b5-aa21-029b6435b5c3', 'bac3ce05-3af7-53fc-816a-311eacf84d01', 'POLITE', 'POSITIVE', 'PRESENT', 1, 'つけます');
INSERT INTO "vocabulary"."conjugation" ("id", "conjugation_set_id", "politeness_code", "charge_code", "form_code", "sort_rank", "value") VALUES ('3d4b8e19-f9c1-5798-a8e3-f2f553376f80', 'bac3ce05-3af7-53fc-816a-311eacf84d01', 'POLITE', 'POSITIVE', 'PAST', 1, 'つけました');
INSERT INTO "vocabulary"."conjugation" ("id", "conjugation_set_id", "politeness_code", "charge_code", "form_code", "sort_rank", "value") VALUES ('ee6e7366-8a6a-5b26-b03a-7902fad8586e', 'bac3ce05-3af7-53fc-816a-311eacf84d01', 'POLITE', 'NEGATIVE', 'PRESENT', 1, 'つけません');
INSERT INTO "vocabulary"."conjugation" ("id", "conjugation_set_id", "politeness_code", "charge_code", "form_code", "sort_rank", "value") VALUES ('2c7e8cb7-9dd4-5980-9246-ea49c6291c3b', 'bac3ce05-3af7-53fc-816a-311eacf84d01', 'POLITE', 'NEGATIVE', 'PAST', 1, 'つけませんでした');
-- 電話する | to call (on phone) --;
INSERT INTO "vocabulary"."vocabulary" ("id", "word_class_code", "conjugation_kind_code", "jlpt_level", "row_num", "tags", "date_added") VALUES ('1e870393-7556-4275-b53f-e150b3e33c86', 'VERB', 'SURU_VERB', NULL, 586, '{}', '2022-11-07');
INSERT INTO "vocabulary"."definition" ("id", "vocabulary_id", "sort_rank", "value") VALUES ('fb661557-b4d3-5245-870f-6263c6b1a4ea', '1e870393-7556-4275-b53f-e150b3e33c86', 1, 'to call (on phone)');
INSERT INTO "vocabulary"."spelling" ("id", "vocabulary_id", "spelling_kind_code", "value") VALUES ('3620d7a4-0d41-5a85-a232-2f9bec99519b', '1e870393-7556-4275-b53f-e150b3e33c86', 'KANJI', '電話する');
INSERT INTO "vocabulary"."spelling" ("id", "vocabulary_id", "spelling_kind_code", "value") VALUES ('c99aa8d7-092b-5e45-a90f-0bb0c0fcb309', '1e870393-7556-4275-b53f-e150b3e33c86', 'HIRAGANA', 'でんわする');
INSERT INTO "vocabulary"."spelling" ("id", "vocabulary_id", "spelling_kind_code", "value") VALUES ('a3d3cb8e-c38e-5c63-980e-86463dbb8446', '1e870393-7556-4275-b53f-e150b3e33c86', 'KANJI', '電話する');
INSERT INTO "vocabulary"."conjugation_set" ("id", "vocabulary_id") VALUES ('03ab781f-4130-51f5-a5ee-1e895f277081', '1e870393-7556-4275-b53f-e150b3e33c86');
INSERT INTO "vocabulary"."linkages" ("vocabulary_id", "preferred_definition_id", "preferred_spelling_id", "phonetic_spelling_id", "alt_phonetic_spelling_id", "kanji_spelling_id", "conjugation_set_id") VALUES ('1e870393-7556-4275-b53f-e150b3e33c86', 'fb661557-b4d3-5245-870f-6263c6b1a4ea', '3620d7a4-0d41-5a85-a232-2f9bec99519b', 'c99aa8d7-092b-5e45-a90f-0bb0c0fcb309', NULL, 'a3d3cb8e-c38e-5c63-980e-86463dbb8446', '03ab781f-4130-51f5-a5ee-1e895f277081');
INSERT INTO "vocabulary"."reference" ("vocabulary_id", "lesson_code") VALUES ('1e870393-7556-4275-b53f-e150b3e33c86', 'GENKI3_L06');
INSERT INTO "vocabulary"."conjugation" ("id", "conjugation_set_id", "politeness_code", "charge_code", "form_code", "sort_rank", "value") VALUES ('f2c5b2b1-9e86-5abb-8abb-90324e343bb0', '03ab781f-4130-51f5-a5ee-1e895f277081', 'PLAIN', 'POSITIVE', 'PRESENT', 1, '電話する');
INSERT INTO "vocabulary"."conjugation" ("id", "conjugation_set_id", "politeness_code", "charge_code", "form_code", "sort_rank", "value") VALUES ('3a2abb6f-2a3e-593e-bb9c-eac34b4eba10', '03ab781f-4130-51f5-a5ee-1e895f277081', 'PLAIN', 'POSITIVE', 'PAST', 1, '電話した');
INSERT INTO "vocabulary"."conjugation" ("id", "conjugation_set_id", "politeness_code", "charge_code", "form_code", "sort_rank", "value") VALUES ('a9756939-a821-58e0-8989-c05352a9db19', '03ab781f-4130-51f5-a5ee-1e895f277081', 'PLAIN', 'POSITIVE', 'TE', 1, '電話して');
INSERT INTO "vocabulary"."conjugation" ("id", "conjugation_set_id", "politeness_code", "charge_code", "form_code", "sort_rank", "value") VALUES ('93365217-d8dc-5ac2-8dc8-196f65fd27f8', '03ab781f-4130-51f5-a5ee-1e895f277081', 'PLAIN', 'NEGATIVE', 'PRESENT', 1, '電話しない');
INSERT INTO "vocabulary"."conjugation" ("id", "conjugation_set_id", "politeness_code", "charge_code", "form_code", "sort_rank", "value") VALUES ('4aeddfcc-7ce5-5cc5-9784-1be8ba931d32', '03ab781f-4130-51f5-a5ee-1e895f277081', 'PLAIN', 'NEGATIVE', 'PAST', 1, '電話しなかった');
INSERT INTO "vocabulary"."conjugation" ("id", "conjugation_set_id", "politeness_code", "charge_code", "form_code", "sort_rank", "value") VALUES ('35866eeb-6406-52c5-a156-eb5cf9df2edc', '03ab781f-4130-51f5-a5ee-1e895f277081', 'PLAIN', 'NEGATIVE', 'TE', 1, '電話しなくて');
INSERT INTO "vocabulary"."conjugation" ("id", "conjugation_set_id", "politeness_code", "charge_code", "form_code", "sort_rank", "value") VALUES ('beedabb2-db58-57f5-9a76-93132bd4b2c7', '03ab781f-4130-51f5-a5ee-1e895f277081', 'POLITE', 'POSITIVE', 'PRESENT', 1, '電話します');
INSERT INTO "vocabulary"."conjugation" ("id", "conjugation_set_id", "politeness_code", "charge_code", "form_code", "sort_rank", "value") VALUES ('38b68764-d0c3-5e0a-a14b-c09571bfb516', '03ab781f-4130-51f5-a5ee-1e895f277081', 'POLITE', 'POSITIVE', 'PAST', 1, '電話しました');
INSERT INTO "vocabulary"."conjugation" ("id", "conjugation_set_id", "politeness_code", "charge_code", "form_code", "sort_rank", "value") VALUES ('354c9c71-cc88-58e3-af4c-9cbc471c4abc', '03ab781f-4130-51f5-a5ee-1e895f277081', 'POLITE', 'NEGATIVE', 'PRESENT', 1, '電話しません');
INSERT INTO "vocabulary"."conjugation" ("id", "conjugation_set_id", "politeness_code", "charge_code", "form_code", "sort_rank", "value") VALUES ('cf5ad499-28e6-528d-a634-1e9d48faf9dc', '03ab781f-4130-51f5-a5ee-1e895f277081', 'POLITE', 'NEGATIVE', 'PAST', 1, '電話しませんでした');
-- 連れてくる | to bring (a person) --;
INSERT INTO "vocabulary"."vocabulary" ("id", "word_class_code", "conjugation_kind_code", "jlpt_level", "row_num", "tags", "date_added") VALUES ('dad99237-3191-4473-9e44-77182e802cbb', 'VERB', 'KURU_VERB', NULL, 587, '{}', '2022-11-07');
INSERT INTO "vocabulary"."definition" ("id", "vocabulary_id", "sort_rank", "value") VALUES ('98699000-f967-5405-8d6a-99aa7c0dc30e', 'dad99237-3191-4473-9e44-77182e802cbb', 1, 'to bring (a person)');
INSERT INTO "vocabulary"."spelling" ("id", "vocabulary_id", "spelling_kind_code", "value") VALUES ('89b5ff2b-6782-5d94-aa3f-cc6266cef94c', 'dad99237-3191-4473-9e44-77182e802cbb', 'KANJI', '連れてくる');
INSERT INTO "vocabulary"."spelling" ("id", "vocabulary_id", "spelling_kind_code", "value") VALUES ('ed03e2c7-a383-5363-bafd-abbd0ee9db0c', 'dad99237-3191-4473-9e44-77182e802cbb', 'HIRAGANA', 'つれてくる');
INSERT INTO "vocabulary"."spelling" ("id", "vocabulary_id", "spelling_kind_code", "value") VALUES ('d2417cd8-a474-5320-90e1-7806ae143437', 'dad99237-3191-4473-9e44-77182e802cbb', 'KANJI', '連れて来る');
INSERT INTO "vocabulary"."conjugation_set" ("id", "vocabulary_id") VALUES ('7787555d-4f7e-5494-bff5-396d0d9dff3c', 'dad99237-3191-4473-9e44-77182e802cbb');
INSERT INTO "vocabulary"."linkages" ("vocabulary_id", "preferred_definition_id", "preferred_spelling_id", "phonetic_spelling_id", "alt_phonetic_spelling_id", "kanji_spelling_id", "conjugation_set_id") VALUES ('dad99237-3191-4473-9e44-77182e802cbb', '98699000-f967-5405-8d6a-99aa7c0dc30e', '89b5ff2b-6782-5d94-aa3f-cc6266cef94c', 'ed03e2c7-a383-5363-bafd-abbd0ee9db0c', NULL, 'd2417cd8-a474-5320-90e1-7806ae143437', '7787555d-4f7e-5494-bff5-396d0d9dff3c');
INSERT INTO "vocabulary"."reference" ("vocabulary_id", "lesson_code") VALUES ('dad99237-3191-4473-9e44-77182e802cbb', 'GENKI3_L06');
INSERT INTO "vocabulary"."conjugation" ("id", "conjugation_set_id", "politeness_code", "charge_code", "form_code", "sort_rank", "value") VALUES ('c300e59d-66a6-5351-a199-dad9631593db', '7787555d-4f7e-5494-bff5-396d0d9dff3c', 'PLAIN', 'POSITIVE', 'PRESENT', 1, '連れてくる');
INSERT INTO "vocabulary"."conjugation" ("id", "conjugation_set_id", "politeness_code", "charge_code", "form_code", "sort_rank", "value") VALUES ('99440fd0-db05-59fa-8368-58ea54c9d6fe', '7787555d-4f7e-5494-bff5-396d0d9dff3c', 'PLAIN', 'POSITIVE', 'PAST', 1, '連れてきた');
INSERT INTO "vocabulary"."conjugation" ("id", "conjugation_set_id", "politeness_code", "charge_code", "form_code", "sort_rank", "value") VALUES ('6eb1b09e-681e-561d-975b-7d1443205c0f', '7787555d-4f7e-5494-bff5-396d0d9dff3c', 'PLAIN', 'POSITIVE', 'TE', 1, '連れてきて');
INSERT INTO "vocabulary"."conjugation" ("id", "conjugation_set_id", "politeness_code", "charge_code", "form_code", "sort_rank", "value") VALUES ('e80a61f1-dd5f-5a3e-b44b-56d3da4fbfcb', '7787555d-4f7e-5494-bff5-396d0d9dff3c', 'PLAIN', 'NEGATIVE', 'PRESENT', 1, '連れてこない');
INSERT INTO "vocabulary"."conjugation" ("id", "conjugation_set_id", "politeness_code", "charge_code", "form_code", "sort_rank", "value") VALUES ('b60afd90-e8ea-5641-8a2e-f38222682af2', '7787555d-4f7e-5494-bff5-396d0d9dff3c', 'PLAIN', 'NEGATIVE', 'PAST', 1, '連れてこなかった');
INSERT INTO "vocabulary"."conjugation" ("id", "conjugation_set_id", "politeness_code", "charge_code", "form_code", "sort_rank", "value") VALUES ('fe46c034-db71-5919-96d9-96c6c96cb9f4', '7787555d-4f7e-5494-bff5-396d0d9dff3c', 'PLAIN', 'NEGATIVE', 'TE', 1, '連れてこなくて');
INSERT INTO "vocabulary"."conjugation" ("id", "conjugation_set_id", "politeness_code", "charge_code", "form_code", "sort_rank", "value") VALUES ('6f18e43d-ae75-5b4c-84e2-27fce6d77a0c', '7787555d-4f7e-5494-bff5-396d0d9dff3c', 'POLITE', 'POSITIVE', 'PRESENT', 1, '連れてきます');
INSERT INTO "vocabulary"."conjugation" ("id", "conjugation_set_id", "politeness_code", "charge_code", "form_code", "sort_rank", "value") VALUES ('1d48860e-d0da-5c05-973e-6fa3d01295df', '7787555d-4f7e-5494-bff5-396d0d9dff3c', 'POLITE', 'POSITIVE', 'PAST', 1, '連れてきました');
INSERT INTO "vocabulary"."conjugation" ("id", "conjugation_set_id", "politeness_code", "charge_code", "form_code", "sort_rank", "value") VALUES ('89e0f171-8aea-5b59-b501-93c684d2773e', '7787555d-4f7e-5494-bff5-396d0d9dff3c', 'POLITE', 'NEGATIVE', 'PRESENT', 1, '連れてきません');
INSERT INTO "vocabulary"."conjugation" ("id", "conjugation_set_id", "politeness_code", "charge_code", "form_code", "sort_rank", "value") VALUES ('b7ac48da-40ac-5967-8d73-f9bfd37ea9b7', '7787555d-4f7e-5494-bff5-396d0d9dff3c', 'POLITE', 'NEGATIVE', 'PAST', 1, '連れてきませんでした');
-- 持ってくる | to bring (a thing); to fetch --;
INSERT INTO "vocabulary"."vocabulary" ("id", "word_class_code", "conjugation_kind_code", "jlpt_level", "row_num", "tags", "date_added") VALUES ('21491bc9-9f26-4a59-aaee-4b752fa458f7', 'VERB', 'KURU_VERB', NULL, 588, '{}', '2022-11-07');
INSERT INTO "vocabulary"."definition" ("id", "vocabulary_id", "sort_rank", "value") VALUES ('4da1549a-7808-54fd-9c94-df8a392d19ed', '21491bc9-9f26-4a59-aaee-4b752fa458f7', 1, 'to bring (a thing); to fetch');
INSERT INTO "vocabulary"."spelling" ("id", "vocabulary_id", "spelling_kind_code", "value") VALUES ('45a3f56d-d353-5651-89ba-36345e973724', '21491bc9-9f26-4a59-aaee-4b752fa458f7', 'KANJI', '持ってくる');
INSERT INTO "vocabulary"."spelling" ("id", "vocabulary_id", "spelling_kind_code", "value") VALUES ('83c5fbd9-02bb-57d2-b78a-5c779be459a1', '21491bc9-9f26-4a59-aaee-4b752fa458f7', 'HIRAGANA', 'もってくる');
INSERT INTO "vocabulary"."spelling" ("id", "vocabulary_id", "spelling_kind_code", "value") VALUES ('5044107b-b43f-5075-b10b-1956271fd20b', '21491bc9-9f26-4a59-aaee-4b752fa458f7', 'KANJI', '持って来る');
INSERT INTO "vocabulary"."conjugation_set" ("id", "vocabulary_id") VALUES ('bfa18287-fc8b-5961-9c77-52bece69b10c', '21491bc9-9f26-4a59-aaee-4b752fa458f7');
INSERT INTO "vocabulary"."linkages" ("vocabulary_id", "preferred_definition_id", "preferred_spelling_id", "phonetic_spelling_id", "alt_phonetic_spelling_id", "kanji_spelling_id", "conjugation_set_id") VALUES ('21491bc9-9f26-4a59-aaee-4b752fa458f7', '4da1549a-7808-54fd-9c94-df8a392d19ed', '45a3f56d-d353-5651-89ba-36345e973724', '83c5fbd9-02bb-57d2-b78a-5c779be459a1', NULL, '5044107b-b43f-5075-b10b-1956271fd20b', 'bfa18287-fc8b-5961-9c77-52bece69b10c');
INSERT INTO "vocabulary"."reference" ("vocabulary_id", "lesson_code") VALUES ('21491bc9-9f26-4a59-aaee-4b752fa458f7', 'GENKI3_L06');
INSERT INTO "vocabulary"."conjugation" ("id", "conjugation_set_id", "politeness_code", "charge_code", "form_code", "sort_rank", "value") VALUES ('ae2f1ba8-90e0-521d-96f8-a2c21179d8d6', 'bfa18287-fc8b-5961-9c77-52bece69b10c', 'PLAIN', 'POSITIVE', 'PRESENT', 1, '持ってくる');
INSERT INTO "vocabulary"."conjugation" ("id", "conjugation_set_id", "politeness_code", "charge_code", "form_code", "sort_rank", "value") VALUES ('a81d03a3-420e-52d6-bb2b-0b09ef354b93', 'bfa18287-fc8b-5961-9c77-52bece69b10c', 'PLAIN', 'POSITIVE', 'PAST', 1, '持ってきた');
INSERT INTO "vocabulary"."conjugation" ("id", "conjugation_set_id", "politeness_code", "charge_code", "form_code", "sort_rank", "value") VALUES ('15ac1395-36c2-5887-8ced-9466dddc1b0f', 'bfa18287-fc8b-5961-9c77-52bece69b10c', 'PLAIN', 'POSITIVE', 'TE', 1, '持ってきて');
INSERT INTO "vocabulary"."conjugation" ("id", "conjugation_set_id", "politeness_code", "charge_code", "form_code", "sort_rank", "value") VALUES ('20161f1f-e6c4-51d5-9d8c-b3427681b060', 'bfa18287-fc8b-5961-9c77-52bece69b10c', 'PLAIN', 'NEGATIVE', 'PRESENT', 1, '持ってこない');
INSERT INTO "vocabulary"."conjugation" ("id", "conjugation_set_id", "politeness_code", "charge_code", "form_code", "sort_rank", "value") VALUES ('a93673c5-ce4f-5c6b-8024-9f237cb88390', 'bfa18287-fc8b-5961-9c77-52bece69b10c', 'PLAIN', 'NEGATIVE', 'PAST', 1, '持ってこなかった');
INSERT INTO "vocabulary"."conjugation" ("id", "conjugation_set_id", "politeness_code", "charge_code", "form_code", "sort_rank", "value") VALUES ('274781df-e11d-5996-a913-365013054a4d', 'bfa18287-fc8b-5961-9c77-52bece69b10c', 'PLAIN', 'NEGATIVE', 'TE', 1, '持ってこなくて');
INSERT INTO "vocabulary"."conjugation" ("id", "conjugation_set_id", "politeness_code", "charge_code", "form_code", "sort_rank", "value") VALUES ('34addc9d-b137-5688-baa1-409ecd3bf380', 'bfa18287-fc8b-5961-9c77-52bece69b10c', 'POLITE', 'POSITIVE', 'PRESENT', 1, '持ってきます');
INSERT INTO "vocabulary"."conjugation" ("id", "conjugation_set_id", "politeness_code", "charge_code", "form_code", "sort_rank", "value") VALUES ('090f1f55-aaa4-58a7-9423-61f543491f33', 'bfa18287-fc8b-5961-9c77-52bece69b10c', 'POLITE', 'POSITIVE', 'PAST', 1, '持ってきました');
INSERT INTO "vocabulary"."conjugation" ("id", "conjugation_set_id", "politeness_code", "charge_code", "form_code", "sort_rank", "value") VALUES ('efd116dc-e84f-5176-8e91-75c3edf70bf1', 'bfa18287-fc8b-5961-9c77-52bece69b10c', 'POLITE', 'NEGATIVE', 'PRESENT', 1, '持ってきません');
INSERT INTO "vocabulary"."conjugation" ("id", "conjugation_set_id", "politeness_code", "charge_code", "form_code", "sort_rank", "value") VALUES ('41f5973e-f8d9-513d-8608-d4fcb5311fc9', 'bfa18287-fc8b-5961-9c77-52bece69b10c', 'POLITE', 'NEGATIVE', 'PAST', 1, '持ってきませんでした');
-- 後で | later on; afterwards --;
INSERT INTO "vocabulary"."vocabulary" ("id", "word_class_code", "conjugation_kind_code", "jlpt_level", "row_num", "tags", "date_added") VALUES ('ff843c63-3c6d-4c1b-8598-8f31d721d17f', 'EXPRESSION', NULL, NULL, 589, '{}', '2022-11-07');
INSERT INTO "vocabulary"."definition" ("id", "vocabulary_id", "sort_rank", "value") VALUES ('e9494b02-616d-5ab5-bfd6-cf7329e4b1b0', 'ff843c63-3c6d-4c1b-8598-8f31d721d17f', 1, 'later on; afterwards');
INSERT INTO "vocabulary"."spelling" ("id", "vocabulary_id", "spelling_kind_code", "value") VALUES ('b87fe160-25b9-5b85-b87c-d11a5067802f', 'ff843c63-3c6d-4c1b-8598-8f31d721d17f', 'KANJI', '後で');
INSERT INTO "vocabulary"."spelling" ("id", "vocabulary_id", "spelling_kind_code", "value") VALUES ('6cc187de-50a3-5e61-ae80-14131c94e633', 'ff843c63-3c6d-4c1b-8598-8f31d721d17f', 'HIRAGANA', 'あとで');
INSERT INTO "vocabulary"."spelling" ("id", "vocabulary_id", "spelling_kind_code", "value") VALUES ('b55d46e1-f75e-5222-a1d4-5d5df5a2a99c', 'ff843c63-3c6d-4c1b-8598-8f31d721d17f', 'KANJI', '後で');
INSERT INTO "vocabulary"."linkages" ("vocabulary_id", "preferred_definition_id", "preferred_spelling_id", "phonetic_spelling_id", "alt_phonetic_spelling_id", "kanji_spelling_id", "conjugation_set_id") VALUES ('ff843c63-3c6d-4c1b-8598-8f31d721d17f', 'e9494b02-616d-5ab5-bfd6-cf7329e4b1b0', 'b87fe160-25b9-5b85-b87c-d11a5067802f', '6cc187de-50a3-5e61-ae80-14131c94e633', NULL, 'b55d46e1-f75e-5222-a1d4-5d5df5a2a99c', NULL);
INSERT INTO "vocabulary"."reference" ("vocabulary_id", "lesson_code") VALUES ('ff843c63-3c6d-4c1b-8598-8f31d721d17f', 'GENKI3_L06');
-- すぐ | right away, immediately; soon, shortly --;
INSERT INTO "vocabulary"."vocabulary" ("id", "word_class_code", "conjugation_kind_code", "jlpt_level", "row_num", "tags", "date_added") VALUES ('62145700-72d3-4363-85ce-d21aea2e5902', 'ADVERB', NULL, 1, 590, '{}', '2022-11-07');
INSERT INTO "vocabulary"."definition" ("id", "vocabulary_id", "sort_rank", "value") VALUES ('74588e43-7559-5450-944b-ec369c4904eb', '62145700-72d3-4363-85ce-d21aea2e5902', 1, 'right away, immediately; soon, shortly');
INSERT INTO "vocabulary"."spelling" ("id", "vocabulary_id", "spelling_kind_code", "value") VALUES ('534aecd9-1222-5a8b-bf6f-2ef5a799228e', '62145700-72d3-4363-85ce-d21aea2e5902', 'HIRAGANA', 'すぐ');
INSERT INTO "vocabulary"."spelling" ("id", "vocabulary_id", "spelling_kind_code", "value") VALUES ('219ba670-5f71-548b-9767-a6e9bfcd14aa', '62145700-72d3-4363-85ce-d21aea2e5902', 'HIRAGANA', 'すぐ');
INSERT INTO "vocabulary"."spelling" ("id", "vocabulary_id", "spelling_kind_code", "value") VALUES ('61d42e1c-42b5-50b9-8ca8-d3f5cb97dc1c', '62145700-72d3-4363-85ce-d21aea2e5902', 'KANJI', '直ぐ');
INSERT INTO "vocabulary"."linkages" ("vocabulary_id", "preferred_definition_id", "preferred_spelling_id", "phonetic_spelling_id", "alt_phonetic_spelling_id", "kanji_spelling_id", "conjugation_set_id") VALUES ('62145700-72d3-4363-85ce-d21aea2e5902', '74588e43-7559-5450-944b-ec369c4904eb', '534aecd9-1222-5a8b-bf6f-2ef5a799228e', '219ba670-5f71-548b-9767-a6e9bfcd14aa', NULL, '61d42e1c-42b5-50b9-8ca8-d3f5cb97dc1c', NULL);
INSERT INTO "vocabulary"."reference" ("vocabulary_id", "lesson_code") VALUES ('62145700-72d3-4363-85ce-d21aea2e5902', 'GENKI3_L06');
-- ゆっくり | slowly; leisurly; unhurriedly --;
INSERT INTO "vocabulary"."vocabulary" ("id", "word_class_code", "conjugation_kind_code", "jlpt_level", "row_num", "tags", "date_added") VALUES ('cb1ae163-3090-447c-bbdc-df7ba27becca', 'ADVERB', NULL, 5, 591, '{}', '2022-11-07');
INSERT INTO "vocabulary"."definition" ("id", "vocabulary_id", "sort_rank", "value") VALUES ('ee3ff55a-b43a-5b7c-ab34-55f0379bf445', 'cb1ae163-3090-447c-bbdc-df7ba27becca', 1, 'slowly; leisurly; unhurriedly');
INSERT INTO "vocabulary"."spelling" ("id", "vocabulary_id", "spelling_kind_code", "value") VALUES ('b5673d8d-0401-5da7-a11e-9a258db64755', 'cb1ae163-3090-447c-bbdc-df7ba27becca', 'HIRAGANA', 'ゆっくり');
INSERT INTO "vocabulary"."spelling" ("id", "vocabulary_id", "spelling_kind_code", "value") VALUES ('effb30f3-f6a9-5ccd-8164-8c5990d7f81d', 'cb1ae163-3090-447c-bbdc-df7ba27becca', 'HIRAGANA', 'ゆっくり');
INSERT INTO "vocabulary"."linkages" ("vocabulary_id", "preferred_definition_id", "preferred_spelling_id", "phonetic_spelling_id", "alt_phonetic_spelling_id", "kanji_spelling_id", "conjugation_set_id") VALUES ('cb1ae163-3090-447c-bbdc-df7ba27becca', 'ee3ff55a-b43a-5b7c-ab34-55f0379bf445', 'b5673d8d-0401-5da7-a11e-9a258db64755', 'effb30f3-f6a9-5ccd-8164-8c5990d7f81d', NULL, NULL, NULL);
INSERT INTO "vocabulary"."reference" ("vocabulary_id", "lesson_code") VALUES ('cb1ae163-3090-447c-bbdc-df7ba27becca', 'GENKI3_L06');
-- 結構 | splendid; lovely; fine; sufficient; enough --;
INSERT INTO "vocabulary"."vocabulary" ("id", "word_class_code", "conjugation_kind_code", "jlpt_level", "row_num", "tags", "date_added") VALUES ('f1dea22d-de15-4858-af54-4709ee506ed6', 'ADJECTIVE', 'NA_ADJECTIVE', 5, 592, '{}', '2022-11-07');
INSERT INTO "vocabulary"."definition" ("id", "vocabulary_id", "sort_rank", "value") VALUES ('79023152-58d1-5efa-8376-f49ef892707d', 'f1dea22d-de15-4858-af54-4709ee506ed6', 1, 'splendid; lovely; fine; sufficient; enough');
INSERT INTO "vocabulary"."spelling" ("id", "vocabulary_id", "spelling_kind_code", "value") VALUES ('e863d795-76c9-5200-b95b-44ed15e8e025', 'f1dea22d-de15-4858-af54-4709ee506ed6', 'KANJI', '結構');
INSERT INTO "vocabulary"."spelling" ("id", "vocabulary_id", "spelling_kind_code", "value") VALUES ('7d3563b5-2faf-564e-843a-247b730c2249', 'f1dea22d-de15-4858-af54-4709ee506ed6', 'HIRAGANA', 'けっこう');
INSERT INTO "vocabulary"."spelling" ("id", "vocabulary_id", "spelling_kind_code", "value") VALUES ('d99b0069-1b0d-5b11-b265-333f54ed02d4', 'f1dea22d-de15-4858-af54-4709ee506ed6', 'KANJI', '結構');
INSERT INTO "vocabulary"."conjugation_set" ("id", "vocabulary_id") VALUES ('d60297d1-bea0-5307-99a2-51b65556c77d', 'f1dea22d-de15-4858-af54-4709ee506ed6');
INSERT INTO "vocabulary"."linkages" ("vocabulary_id", "preferred_definition_id", "preferred_spelling_id", "phonetic_spelling_id", "alt_phonetic_spelling_id", "kanji_spelling_id", "conjugation_set_id") VALUES ('f1dea22d-de15-4858-af54-4709ee506ed6', '79023152-58d1-5efa-8376-f49ef892707d', 'e863d795-76c9-5200-b95b-44ed15e8e025', '7d3563b5-2faf-564e-843a-247b730c2249', NULL, 'd99b0069-1b0d-5b11-b265-333f54ed02d4', 'd60297d1-bea0-5307-99a2-51b65556c77d');
INSERT INTO "vocabulary"."conjugation" ("id", "conjugation_set_id", "politeness_code", "charge_code", "form_code", "sort_rank", "value") VALUES ('41e09899-142d-5d7c-bcbf-aca082eda4d9', 'd60297d1-bea0-5307-99a2-51b65556c77d', 'PLAIN', 'POSITIVE', 'PRESENT', 1, '結構だ');
INSERT INTO "vocabulary"."conjugation" ("id", "conjugation_set_id", "politeness_code", "charge_code", "form_code", "sort_rank", "value") VALUES ('bbf91515-07b5-5ae7-86c4-4e7f5c4c3a69', 'd60297d1-bea0-5307-99a2-51b65556c77d', 'PLAIN', 'POSITIVE', 'PAST', 1, '結構だった');
INSERT INTO "vocabulary"."conjugation" ("id", "conjugation_set_id", "politeness_code", "charge_code", "form_code", "sort_rank", "value") VALUES ('81ce3fb9-d0ad-5c6b-b446-476907b011d5', 'd60297d1-bea0-5307-99a2-51b65556c77d', 'PLAIN', 'NEGATIVE', 'PRESENT', 1, '結構じゃない');
INSERT INTO "vocabulary"."conjugation" ("id", "conjugation_set_id", "politeness_code", "charge_code", "form_code", "sort_rank", "value") VALUES ('95a746c4-b0a7-55e9-a874-a8c0d4fdf3bd', 'd60297d1-bea0-5307-99a2-51b65556c77d', 'PLAIN', 'NEGATIVE', 'PAST', 1, '結構じゃなかった');
-- 結構です | that would be fine; that wouldn't be necessary --;
INSERT INTO "vocabulary"."vocabulary" ("id", "word_class_code", "conjugation_kind_code", "jlpt_level", "row_num", "tags", "date_added") VALUES ('bb48ad15-f759-4f3a-a82e-086955c34c32', 'EXPRESSION', NULL, NULL, 593, '{}', '2022-11-07');
INSERT INTO "vocabulary"."definition" ("id", "vocabulary_id", "sort_rank", "value") VALUES ('8a164b21-aba8-5ed7-ad46-dca53e53aa7f', 'bb48ad15-f759-4f3a-a82e-086955c34c32', 1, 'that would be fine; that wouldn''t be necessary');
INSERT INTO "vocabulary"."spelling" ("id", "vocabulary_id", "spelling_kind_code", "value") VALUES ('50ebdd9d-efdd-52ac-8a68-4eee949bf1b6', 'bb48ad15-f759-4f3a-a82e-086955c34c32', 'KANJI', '結構です');
INSERT INTO "vocabulary"."spelling" ("id", "vocabulary_id", "spelling_kind_code", "value") VALUES ('71982915-88da-5db5-b7e4-89ab4101ff32', 'bb48ad15-f759-4f3a-a82e-086955c34c32', 'HIRAGANA', 'けっこうです');
INSERT INTO "vocabulary"."spelling" ("id", "vocabulary_id", "spelling_kind_code", "value") VALUES ('5650bd3e-6fbf-51b3-a5a0-a5066bd1d92b', 'bb48ad15-f759-4f3a-a82e-086955c34c32', 'KANJI', '結構です');
INSERT INTO "vocabulary"."linkages" ("vocabulary_id", "preferred_definition_id", "preferred_spelling_id", "phonetic_spelling_id", "alt_phonetic_spelling_id", "kanji_spelling_id", "conjugation_set_id") VALUES ('bb48ad15-f759-4f3a-a82e-086955c34c32', '8a164b21-aba8-5ed7-ad46-dca53e53aa7f', '50ebdd9d-efdd-52ac-8a68-4eee949bf1b6', '71982915-88da-5db5-b7e4-89ab4101ff32', NULL, '5650bd3e-6fbf-51b3-a5a0-a5066bd1d92b', NULL);
INSERT INTO "vocabulary"."reference" ("vocabulary_id", "lesson_code") VALUES ('bb48ad15-f759-4f3a-a82e-086955c34c32', 'GENKI3_L06');
-- 本当 | truth, fact; proper, right, correct; genuine, authentic --;
INSERT INTO "vocabulary"."vocabulary" ("id", "word_class_code", "conjugation_kind_code", "jlpt_level", "row_num", "tags", "date_added") VALUES ('1db49d5c-aa27-425c-8137-e353588df09d', 'NOUN', NULL, 5, 594, '{}', '2022-11-07');
INSERT INTO "vocabulary"."definition" ("id", "vocabulary_id", "sort_rank", "value") VALUES ('172e6b2d-94fd-523b-a2b6-91e1e96e85e6', '1db49d5c-aa27-425c-8137-e353588df09d', 1, 'truth, fact; proper, right, correct; genuine, authentic');
INSERT INTO "vocabulary"."spelling" ("id", "vocabulary_id", "spelling_kind_code", "value") VALUES ('d087b25d-215c-5cca-b716-d8f7befbde0a', '1db49d5c-aa27-425c-8137-e353588df09d', 'KANJI', '本当');
INSERT INTO "vocabulary"."spelling" ("id", "vocabulary_id", "spelling_kind_code", "value") VALUES ('f956b353-ab33-5dbb-bfc7-16c21c373fce', '1db49d5c-aa27-425c-8137-e353588df09d', 'HIRAGANA', 'ほんとう');
INSERT INTO "vocabulary"."spelling" ("id", "vocabulary_id", "spelling_kind_code", "value") VALUES ('c7ec3738-4c22-5534-a481-a8f811e6337b', '1db49d5c-aa27-425c-8137-e353588df09d', 'KANJI', '本当');
INSERT INTO "vocabulary"."linkages" ("vocabulary_id", "preferred_definition_id", "preferred_spelling_id", "phonetic_spelling_id", "alt_phonetic_spelling_id", "kanji_spelling_id", "conjugation_set_id") VALUES ('1db49d5c-aa27-425c-8137-e353588df09d', '172e6b2d-94fd-523b-a2b6-91e1e96e85e6', 'd087b25d-215c-5cca-b716-d8f7befbde0a', 'f956b353-ab33-5dbb-bfc7-16c21c373fce', NULL, 'c7ec3738-4c22-5534-a481-a8f811e6337b', NULL);
-- 本当ですか | really? --;
INSERT INTO "vocabulary"."vocabulary" ("id", "word_class_code", "conjugation_kind_code", "jlpt_level", "row_num", "tags", "date_added") VALUES ('8305b809-be6b-4db9-a865-6eab6bc3d31a', 'EXPRESSION', NULL, NULL, 595, '{}', '2022-11-07');
INSERT INTO "vocabulary"."definition" ("id", "vocabulary_id", "sort_rank", "value") VALUES ('0a3e8b42-9f72-537b-8225-24eb095ab9f5', '8305b809-be6b-4db9-a865-6eab6bc3d31a', 1, 'really?');
INSERT INTO "vocabulary"."spelling" ("id", "vocabulary_id", "spelling_kind_code", "value") VALUES ('407e6a3a-013a-5697-9bd2-96f2790e6799', '8305b809-be6b-4db9-a865-6eab6bc3d31a', 'KANJI', '本当ですか');
INSERT INTO "vocabulary"."spelling" ("id", "vocabulary_id", "spelling_kind_code", "value") VALUES ('adf7723a-4625-5fe7-904d-989d3fd706bf', '8305b809-be6b-4db9-a865-6eab6bc3d31a', 'HIRAGANA', 'ほんとうですか');
INSERT INTO "vocabulary"."spelling" ("id", "vocabulary_id", "spelling_kind_code", "value") VALUES ('4573fa03-e471-5b55-9eae-d015f4f8619a', '8305b809-be6b-4db9-a865-6eab6bc3d31a', 'KANJI', '本当ですか');
INSERT INTO "vocabulary"."linkages" ("vocabulary_id", "preferred_definition_id", "preferred_spelling_id", "phonetic_spelling_id", "alt_phonetic_spelling_id", "kanji_spelling_id", "conjugation_set_id") VALUES ('8305b809-be6b-4db9-a865-6eab6bc3d31a', '0a3e8b42-9f72-537b-8225-24eb095ab9f5', '407e6a3a-013a-5697-9bd2-96f2790e6799', 'adf7723a-4625-5fe7-904d-989d3fd706bf', NULL, '4573fa03-e471-5b55-9eae-d015f4f8619a', NULL);
INSERT INTO "vocabulary"."reference" ("vocabulary_id", "lesson_code") VALUES ('8305b809-be6b-4db9-a865-6eab6bc3d31a', 'GENKI3_L06');
-- 良いお年をお迎え下さい | Happy New Year (before) --;
INSERT INTO "vocabulary"."vocabulary" ("id", "word_class_code", "conjugation_kind_code", "jlpt_level", "row_num", "tags", "date_added") VALUES ('a76843ba-7c36-48c7-8228-c4fc87f7dc5a', 'EXPRESSION', NULL, NULL, 596, '{new_year}', '2022-12-30');
INSERT INTO "vocabulary"."definition" ("id", "vocabulary_id", "sort_rank", "value") VALUES ('7f4c6fb5-662f-5beb-bcc3-e512b49c5b67', 'a76843ba-7c36-48c7-8228-c4fc87f7dc5a', 1, 'Happy New Year (before)');
INSERT INTO "vocabulary"."spelling" ("id", "vocabulary_id", "spelling_kind_code", "value") VALUES ('a3406796-3d1a-5b91-a684-67872be7586c', 'a76843ba-7c36-48c7-8228-c4fc87f7dc5a', 'KANJI', '良いお年をお迎え下さい');
INSERT INTO "vocabulary"."spelling" ("id", "vocabulary_id", "spelling_kind_code", "value") VALUES ('37e8662e-feaf-599b-b0c2-da345cb6d8f8', 'a76843ba-7c36-48c7-8228-c4fc87f7dc5a', 'HIRAGANA', 'よいおとしをおむかえください');
INSERT INTO "vocabulary"."spelling" ("id", "vocabulary_id", "spelling_kind_code", "value") VALUES ('02cf31f2-3fc7-58b6-9cd1-410fc8c496c4', 'a76843ba-7c36-48c7-8228-c4fc87f7dc5a', 'KANJI', '良いお年をお迎え下さい');
INSERT INTO "vocabulary"."linkages" ("vocabulary_id", "preferred_definition_id", "preferred_spelling_id", "phonetic_spelling_id", "alt_phonetic_spelling_id", "kanji_spelling_id", "conjugation_set_id") VALUES ('a76843ba-7c36-48c7-8228-c4fc87f7dc5a', '7f4c6fb5-662f-5beb-bcc3-e512b49c5b67', 'a3406796-3d1a-5b91-a684-67872be7586c', '37e8662e-feaf-599b-b0c2-da345cb6d8f8', NULL, '02cf31f2-3fc7-58b6-9cd1-410fc8c496c4', NULL);
-- 明けましておめでとうございます | Happy New Year (after) --;
INSERT INTO "vocabulary"."vocabulary" ("id", "word_class_code", "conjugation_kind_code", "jlpt_level", "row_num", "tags", "date_added") VALUES ('ee74ec67-b3e5-4897-80e1-a95662a97d2e', 'EXPRESSION', NULL, NULL, 597, '{new_year}', '2022-12-30');
INSERT INTO "vocabulary"."definition" ("id", "vocabulary_id", "sort_rank", "value") VALUES ('cc9259ce-8ccb-58c8-abea-d49846f10734', 'ee74ec67-b3e5-4897-80e1-a95662a97d2e', 1, 'Happy New Year (after)');
INSERT INTO "vocabulary"."spelling" ("id", "vocabulary_id", "spelling_kind_code", "value") VALUES ('64589b3f-060d-5221-83bc-0631d9b714ae', 'ee74ec67-b3e5-4897-80e1-a95662a97d2e', 'KANJI', '明けましておめでとうございます');
INSERT INTO "vocabulary"."spelling" ("id", "vocabulary_id", "spelling_kind_code", "value") VALUES ('1fe776b3-7a7b-58ba-b152-39375357189a', 'ee74ec67-b3e5-4897-80e1-a95662a97d2e', 'HIRAGANA', 'あけましておめでとうございます');
INSERT INTO "vocabulary"."spelling" ("id", "vocabulary_id", "spelling_kind_code", "value") VALUES ('a77a2840-e1d5-5653-a3ec-e72d167db018', 'ee74ec67-b3e5-4897-80e1-a95662a97d2e', 'KANJI', '明けましておめでとうございます');
INSERT INTO "vocabulary"."linkages" ("vocabulary_id", "preferred_definition_id", "preferred_spelling_id", "phonetic_spelling_id", "alt_phonetic_spelling_id", "kanji_spelling_id", "conjugation_set_id") VALUES ('ee74ec67-b3e5-4897-80e1-a95662a97d2e', 'cc9259ce-8ccb-58c8-abea-d49846f10734', '64589b3f-060d-5221-83bc-0631d9b714ae', '1fe776b3-7a7b-58ba-b152-39375357189a', NULL, 'a77a2840-e1d5-5653-a3ec-e72d167db018', NULL);
-- 初詣 | first Shrine visit of the new year --;
INSERT INTO "vocabulary"."vocabulary" ("id", "word_class_code", "conjugation_kind_code", "jlpt_level", "row_num", "tags", "date_added") VALUES ('970a61f9-8199-4c8e-8ead-6be5ee79f686', 'NOUN', NULL, NULL, 598, '{new_year,shinto}', '2022-02-23');
INSERT INTO "vocabulary"."definition" ("id", "vocabulary_id", "sort_rank", "value") VALUES ('b0750fac-b271-58f5-be1a-0548d92772ef', '970a61f9-8199-4c8e-8ead-6be5ee79f686', 1, 'first Shrine visit of the new year');
INSERT INTO "vocabulary"."spelling" ("id", "vocabulary_id", "spelling_kind_code", "value") VALUES ('77554c98-701c-5c9f-9cf4-c230c0c6090b', '970a61f9-8199-4c8e-8ead-6be5ee79f686', 'KANJI', '初詣');
INSERT INTO "vocabulary"."spelling" ("id", "vocabulary_id", "spelling_kind_code", "value") VALUES ('c95ff70c-a8a7-560a-9f5d-179b501100b9', '970a61f9-8199-4c8e-8ead-6be5ee79f686', 'HIRAGANA', 'はつもうで');
INSERT INTO "vocabulary"."spelling" ("id", "vocabulary_id", "spelling_kind_code", "value") VALUES ('bdfaec77-34b4-5a2f-88b5-089dbe4f7104', '970a61f9-8199-4c8e-8ead-6be5ee79f686', 'KANJI', '初詣');
INSERT INTO "vocabulary"."linkages" ("vocabulary_id", "preferred_definition_id", "preferred_spelling_id", "phonetic_spelling_id", "alt_phonetic_spelling_id", "kanji_spelling_id", "conjugation_set_id") VALUES ('970a61f9-8199-4c8e-8ead-6be5ee79f686', 'b0750fac-b271-58f5-be1a-0548d92772ef', '77554c98-701c-5c9f-9cf4-c230c0c6090b', 'c95ff70c-a8a7-560a-9f5d-179b501100b9', NULL, 'bdfaec77-34b4-5a2f-88b5-089dbe4f7104', NULL);
-- 英語 | English Language --;
INSERT INTO "vocabulary"."vocabulary" ("id", "word_class_code", "conjugation_kind_code", "jlpt_level", "row_num", "tags", "date_added") VALUES ('bc35c124-e247-49d1-8d23-85c0f1526d5a', 'NOUN', NULL, 5, 599, '{}', '2022-11-27');
INSERT INTO "vocabulary"."definition" ("id", "vocabulary_id", "sort_rank", "value") VALUES ('b04d7f21-8da4-544e-96cb-ba2df8c703ae', 'bc35c124-e247-49d1-8d23-85c0f1526d5a', 1, 'English Language');
INSERT INTO "vocabulary"."spelling" ("id", "vocabulary_id", "spelling_kind_code", "value") VALUES ('59eec31f-a0e0-5223-8c58-aee75dcf85b0', 'bc35c124-e247-49d1-8d23-85c0f1526d5a', 'KANJI', '英語');
INSERT INTO "vocabulary"."spelling" ("id", "vocabulary_id", "spelling_kind_code", "value") VALUES ('8c70645f-539f-55b9-bfdf-2386f9514ea5', 'bc35c124-e247-49d1-8d23-85c0f1526d5a', 'HIRAGANA', 'えいご');
INSERT INTO "vocabulary"."spelling" ("id", "vocabulary_id", "spelling_kind_code", "value") VALUES ('b23147dc-ab40-56e6-8cfb-3eb1c67c2189', 'bc35c124-e247-49d1-8d23-85c0f1526d5a', 'KANJI', '英語');
INSERT INTO "vocabulary"."linkages" ("vocabulary_id", "preferred_definition_id", "preferred_spelling_id", "phonetic_spelling_id", "alt_phonetic_spelling_id", "kanji_spelling_id", "conjugation_set_id") VALUES ('bc35c124-e247-49d1-8d23-85c0f1526d5a', 'b04d7f21-8da4-544e-96cb-ba2df8c703ae', '59eec31f-a0e0-5223-8c58-aee75dcf85b0', '8c70645f-539f-55b9-bfdf-2386f9514ea5', NULL, 'b23147dc-ab40-56e6-8cfb-3eb1c67c2189', NULL);
-- 文芸 | literature; the arts --;
INSERT INTO "vocabulary"."vocabulary" ("id", "word_class_code", "conjugation_kind_code", "jlpt_level", "row_num", "tags", "date_added") VALUES ('6cba1e11-925c-40b6-a59c-00f167b33c66', 'NOUN', NULL, 2, 600, '{}', '2022-11-27');
INSERT INTO "vocabulary"."definition" ("id", "vocabulary_id", "sort_rank", "value") VALUES ('14f05de9-80c9-5376-a271-0279c96da885', '6cba1e11-925c-40b6-a59c-00f167b33c66', 1, 'literature; the arts');
INSERT INTO "vocabulary"."spelling" ("id", "vocabulary_id", "spelling_kind_code", "value") VALUES ('0f062fff-e5dd-5e42-9fd8-7e46e9c47b32', '6cba1e11-925c-40b6-a59c-00f167b33c66', 'KANJI', '文芸');
INSERT INTO "vocabulary"."spelling" ("id", "vocabulary_id", "spelling_kind_code", "value") VALUES ('6c8397a5-2209-5583-97c0-2d22b3f4ccf2', '6cba1e11-925c-40b6-a59c-00f167b33c66', 'HIRAGANA', 'ぶんげい');
INSERT INTO "vocabulary"."spelling" ("id", "vocabulary_id", "spelling_kind_code", "value") VALUES ('31994c86-7551-5c48-bd33-74306d94bfe3', '6cba1e11-925c-40b6-a59c-00f167b33c66', 'KANJI', '文芸');
INSERT INTO "vocabulary"."linkages" ("vocabulary_id", "preferred_definition_id", "preferred_spelling_id", "phonetic_spelling_id", "alt_phonetic_spelling_id", "kanji_spelling_id", "conjugation_set_id") VALUES ('6cba1e11-925c-40b6-a59c-00f167b33c66', '14f05de9-80c9-5376-a271-0279c96da885', '0f062fff-e5dd-5e42-9fd8-7e46e9c47b32', '6c8397a5-2209-5583-97c0-2d22b3f4ccf2', NULL, '31994c86-7551-5c48-bd33-74306d94bfe3', NULL);
-- 天文 | astronomy --;
INSERT INTO "vocabulary"."vocabulary" ("id", "word_class_code", "conjugation_kind_code", "jlpt_level", "row_num", "tags", "date_added") VALUES ('73326224-f7f3-4425-836f-7c2ef93d478a', 'NOUN', NULL, NULL, 601, '{}', '2022-11-27');
INSERT INTO "vocabulary"."definition" ("id", "vocabulary_id", "sort_rank", "value") VALUES ('6dfe2564-9617-52b1-8570-330bf543be8c', '73326224-f7f3-4425-836f-7c2ef93d478a', 1, 'astronomy');
INSERT INTO "vocabulary"."spelling" ("id", "vocabulary_id", "spelling_kind_code", "value") VALUES ('ac46df16-71cb-5cc9-a250-2cfe452eea2b', '73326224-f7f3-4425-836f-7c2ef93d478a', 'KANJI', '天文');
INSERT INTO "vocabulary"."spelling" ("id", "vocabulary_id", "spelling_kind_code", "value") VALUES ('f0418900-3b1b-5f16-b9cf-848ee99ad4c4', '73326224-f7f3-4425-836f-7c2ef93d478a', 'HIRAGANA', 'てんもん');
INSERT INTO "vocabulary"."spelling" ("id", "vocabulary_id", "spelling_kind_code", "value") VALUES ('d9b221f3-e4c5-5652-bc76-726d91f8eee0', '73326224-f7f3-4425-836f-7c2ef93d478a', 'KANJI', '天文');
INSERT INTO "vocabulary"."linkages" ("vocabulary_id", "preferred_definition_id", "preferred_spelling_id", "phonetic_spelling_id", "alt_phonetic_spelling_id", "kanji_spelling_id", "conjugation_set_id") VALUES ('73326224-f7f3-4425-836f-7c2ef93d478a', '6dfe2564-9617-52b1-8570-330bf543be8c', 'ac46df16-71cb-5cc9-a250-2cfe452eea2b', 'f0418900-3b1b-5f16-b9cf-848ee99ad4c4', NULL, 'd9b221f3-e4c5-5652-bc76-726d91f8eee0', NULL);
-- 日の出 | sunrise --;
INSERT INTO "vocabulary"."vocabulary" ("id", "word_class_code", "conjugation_kind_code", "jlpt_level", "row_num", "tags", "date_added") VALUES ('7de46d0a-f2a6-4fd9-89e4-6bd1584b5fb2', 'NOUN', NULL, 2, 602, '{}', '2022-11-27');
INSERT INTO "vocabulary"."definition" ("id", "vocabulary_id", "sort_rank", "value") VALUES ('756b81f5-53ab-5224-909f-4360a8c16f73', '7de46d0a-f2a6-4fd9-89e4-6bd1584b5fb2', 1, 'sunrise');
INSERT INTO "vocabulary"."spelling" ("id", "vocabulary_id", "spelling_kind_code", "value") VALUES ('d9fe94a9-ac45-59ac-af19-1de3d5ced5bc', '7de46d0a-f2a6-4fd9-89e4-6bd1584b5fb2', 'KANJI', '日の出');
INSERT INTO "vocabulary"."spelling" ("id", "vocabulary_id", "spelling_kind_code", "value") VALUES ('b0e94715-af29-50ed-9a39-00eef528b05a', '7de46d0a-f2a6-4fd9-89e4-6bd1584b5fb2', 'HIRAGANA', 'ひので');
INSERT INTO "vocabulary"."spelling" ("id", "vocabulary_id", "spelling_kind_code", "value") VALUES ('cbcb5569-e875-5739-8fa1-4127b3b0c5b4', '7de46d0a-f2a6-4fd9-89e4-6bd1584b5fb2', 'KANJI', '日の出');
INSERT INTO "vocabulary"."linkages" ("vocabulary_id", "preferred_definition_id", "preferred_spelling_id", "phonetic_spelling_id", "alt_phonetic_spelling_id", "kanji_spelling_id", "conjugation_set_id") VALUES ('7de46d0a-f2a6-4fd9-89e4-6bd1584b5fb2', '756b81f5-53ab-5224-909f-4360a8c16f73', 'd9fe94a9-ac45-59ac-af19-1de3d5ced5bc', 'b0e94715-af29-50ed-9a39-00eef528b05a', NULL, 'cbcb5569-e875-5739-8fa1-4127b3b0c5b4', NULL);
-- 日の入り | sunset --;
INSERT INTO "vocabulary"."vocabulary" ("id", "word_class_code", "conjugation_kind_code", "jlpt_level", "row_num", "tags", "date_added") VALUES ('1c01cf2f-afe8-4a7b-ba44-eaac86612667', 'NOUN', NULL, 2, 603, '{}', '2022-11-27');
INSERT INTO "vocabulary"."definition" ("id", "vocabulary_id", "sort_rank", "value") VALUES ('295297af-11ef-56e1-bd5e-bd0bd17b2f9a', '1c01cf2f-afe8-4a7b-ba44-eaac86612667', 1, 'sunset');
INSERT INTO "vocabulary"."spelling" ("id", "vocabulary_id", "spelling_kind_code", "value") VALUES ('c398f411-96e5-50c0-852e-8cf6ef91d963', '1c01cf2f-afe8-4a7b-ba44-eaac86612667', 'KANJI', '日の入り');
INSERT INTO "vocabulary"."spelling" ("id", "vocabulary_id", "spelling_kind_code", "value") VALUES ('61be52ce-c9ad-575f-aeb4-a978c4f0328e', '1c01cf2f-afe8-4a7b-ba44-eaac86612667', 'HIRAGANA', 'ひのいり');
INSERT INTO "vocabulary"."spelling" ("id", "vocabulary_id", "spelling_kind_code", "value") VALUES ('1f38ca5b-f944-556a-b67c-cf2db040a99f', '1c01cf2f-afe8-4a7b-ba44-eaac86612667', 'KANJI', '日の入り');
INSERT INTO "vocabulary"."linkages" ("vocabulary_id", "preferred_definition_id", "preferred_spelling_id", "phonetic_spelling_id", "alt_phonetic_spelling_id", "kanji_spelling_id", "conjugation_set_id") VALUES ('1c01cf2f-afe8-4a7b-ba44-eaac86612667', '295297af-11ef-56e1-bd5e-bd0bd17b2f9a', 'c398f411-96e5-50c0-852e-8cf6ef91d963', '61be52ce-c9ad-575f-aeb4-a978c4f0328e', NULL, '1f38ca5b-f944-556a-b67c-cf2db040a99f', NULL);
-- 熱湯 | boiling water --;
INSERT INTO "vocabulary"."vocabulary" ("id", "word_class_code", "conjugation_kind_code", "jlpt_level", "row_num", "tags", "date_added") VALUES ('d54c3104-3c82-4445-b71f-14598f3d2e8b', 'NOUN', NULL, 1, 604, '{food,water}', '2022-11-27');
INSERT INTO "vocabulary"."definition" ("id", "vocabulary_id", "sort_rank", "value") VALUES ('ae620e06-ef4e-5d13-b1c5-cbce7caf6509', 'd54c3104-3c82-4445-b71f-14598f3d2e8b', 1, 'boiling water');
INSERT INTO "vocabulary"."spelling" ("id", "vocabulary_id", "spelling_kind_code", "value") VALUES ('8ddbf20e-45c0-50de-bbaf-df5128433501', 'd54c3104-3c82-4445-b71f-14598f3d2e8b', 'KANJI', '熱湯');
INSERT INTO "vocabulary"."spelling" ("id", "vocabulary_id", "spelling_kind_code", "value") VALUES ('bb84e391-e88f-5c01-ba7b-3e28a5727d2c', 'd54c3104-3c82-4445-b71f-14598f3d2e8b', 'HIRAGANA', 'ねっとう');
INSERT INTO "vocabulary"."spelling" ("id", "vocabulary_id", "spelling_kind_code", "value") VALUES ('8da24ce3-1a7b-5f61-819b-10fbee1c58a4', 'd54c3104-3c82-4445-b71f-14598f3d2e8b', 'KANJI', '熱湯');
INSERT INTO "vocabulary"."linkages" ("vocabulary_id", "preferred_definition_id", "preferred_spelling_id", "phonetic_spelling_id", "alt_phonetic_spelling_id", "kanji_spelling_id", "conjugation_set_id") VALUES ('d54c3104-3c82-4445-b71f-14598f3d2e8b', 'ae620e06-ef4e-5d13-b1c5-cbce7caf6509', '8ddbf20e-45c0-50de-bbaf-df5128433501', 'bb84e391-e88f-5c01-ba7b-3e28a5727d2c', NULL, '8da24ce3-1a7b-5f61-819b-10fbee1c58a4', NULL);
-- お湯 | hot water (drinking; bath) --;
INSERT INTO "vocabulary"."vocabulary" ("id", "word_class_code", "conjugation_kind_code", "jlpt_level", "row_num", "tags", "date_added") VALUES ('49dc8c97-6977-4a59-a820-0b63ad204368', 'NOUN', NULL, NULL, 605, '{food,water}', '2022-11-27');
INSERT INTO "vocabulary"."definition" ("id", "vocabulary_id", "sort_rank", "value") VALUES ('1169b6d4-513a-5727-af98-4fba5ed68fbb', '49dc8c97-6977-4a59-a820-0b63ad204368', 1, 'hot water (drinking; bath)');
INSERT INTO "vocabulary"."spelling" ("id", "vocabulary_id", "spelling_kind_code", "value") VALUES ('b3b1c86f-d904-5096-99fc-948f67942728', '49dc8c97-6977-4a59-a820-0b63ad204368', 'KANJI', 'お湯');
INSERT INTO "vocabulary"."spelling" ("id", "vocabulary_id", "spelling_kind_code", "value") VALUES ('5336508f-e5ae-5f94-9f68-dc575450c741', '49dc8c97-6977-4a59-a820-0b63ad204368', 'HIRAGANA', 'おゆ');
INSERT INTO "vocabulary"."spelling" ("id", "vocabulary_id", "spelling_kind_code", "value") VALUES ('b4f3c651-28ac-5523-8722-d0fa579bee74', '49dc8c97-6977-4a59-a820-0b63ad204368', 'KANJI', 'お湯');
INSERT INTO "vocabulary"."linkages" ("vocabulary_id", "preferred_definition_id", "preferred_spelling_id", "phonetic_spelling_id", "alt_phonetic_spelling_id", "kanji_spelling_id", "conjugation_set_id") VALUES ('49dc8c97-6977-4a59-a820-0b63ad204368', '1169b6d4-513a-5727-af98-4fba5ed68fbb', 'b3b1c86f-d904-5096-99fc-948f67942728', '5336508f-e5ae-5f94-9f68-dc575450c741', NULL, 'b4f3c651-28ac-5523-8722-d0fa579bee74', NULL);
-- 白湯 | boiled water (drinking) --;
INSERT INTO "vocabulary"."vocabulary" ("id", "word_class_code", "conjugation_kind_code", "jlpt_level", "row_num", "tags", "date_added") VALUES ('8a1fa21b-c491-4e34-b626-8977b967be42', 'NOUN', NULL, NULL, 606, '{food,water}', '2023-01-16');
INSERT INTO "vocabulary"."definition" ("id", "vocabulary_id", "sort_rank", "value") VALUES ('6521ba32-7fe8-556b-a17a-07c2bd92cb3f', '8a1fa21b-c491-4e34-b626-8977b967be42', 1, 'boiled water (drinking)');
INSERT INTO "vocabulary"."spelling" ("id", "vocabulary_id", "spelling_kind_code", "value") VALUES ('98c9b132-0fd2-5ba1-ba95-84ed7f32b424', '8a1fa21b-c491-4e34-b626-8977b967be42', 'KANJI', '白湯');
INSERT INTO "vocabulary"."spelling" ("id", "vocabulary_id", "spelling_kind_code", "value") VALUES ('01a2223a-f5eb-5b47-9c8e-1c0f3d0c4eda', '8a1fa21b-c491-4e34-b626-8977b967be42', 'HIRAGANA', 'さゆ');
INSERT INTO "vocabulary"."spelling" ("id", "vocabulary_id", "spelling_kind_code", "value") VALUES ('f6751475-918d-5aee-b07d-d36c8bd00630', '8a1fa21b-c491-4e34-b626-8977b967be42', 'KANJI', '白湯');
INSERT INTO "vocabulary"."linkages" ("vocabulary_id", "preferred_definition_id", "preferred_spelling_id", "phonetic_spelling_id", "alt_phonetic_spelling_id", "kanji_spelling_id", "conjugation_set_id") VALUES ('8a1fa21b-c491-4e34-b626-8977b967be42', '6521ba32-7fe8-556b-a17a-07c2bd92cb3f', '98c9b132-0fd2-5ba1-ba95-84ed7f32b424', '01a2223a-f5eb-5b47-9c8e-1c0f3d0c4eda', NULL, 'f6751475-918d-5aee-b07d-d36c8bd00630', NULL);
-- ぬるま湯 | lukewarm water --;
INSERT INTO "vocabulary"."vocabulary" ("id", "word_class_code", "conjugation_kind_code", "jlpt_level", "row_num", "tags", "date_added") VALUES ('771dbdc2-4197-41d2-a1b6-6d813435b325', 'NOUN', NULL, NULL, 607, '{water}', '2022-11-27');
INSERT INTO "vocabulary"."definition" ("id", "vocabulary_id", "sort_rank", "value") VALUES ('d41623a5-8810-5ee2-b563-b79d9553b170', '771dbdc2-4197-41d2-a1b6-6d813435b325', 1, 'lukewarm water');
INSERT INTO "vocabulary"."spelling" ("id", "vocabulary_id", "spelling_kind_code", "value") VALUES ('84ebecd9-8e7c-5284-8fcd-9f0c5157d992', '771dbdc2-4197-41d2-a1b6-6d813435b325', 'KANJI', 'ぬるま湯');
INSERT INTO "vocabulary"."spelling" ("id", "vocabulary_id", "spelling_kind_code", "value") VALUES ('71711efd-f7a6-5da9-bb30-76401e0fb246', '771dbdc2-4197-41d2-a1b6-6d813435b325', 'HIRAGANA', 'ぬるまゆ');
INSERT INTO "vocabulary"."spelling" ("id", "vocabulary_id", "spelling_kind_code", "value") VALUES ('7558f068-868d-5fe2-a6bb-cfbf57626f92', '771dbdc2-4197-41d2-a1b6-6d813435b325', 'KANJI', 'ぬるま湯');
INSERT INTO "vocabulary"."linkages" ("vocabulary_id", "preferred_definition_id", "preferred_spelling_id", "phonetic_spelling_id", "alt_phonetic_spelling_id", "kanji_spelling_id", "conjugation_set_id") VALUES ('771dbdc2-4197-41d2-a1b6-6d813435b325', 'd41623a5-8810-5ee2-b563-b79d9553b170', '84ebecd9-8e7c-5284-8fcd-9f0c5157d992', '71711efd-f7a6-5da9-bb30-76401e0fb246', NULL, '7558f068-868d-5fe2-a6bb-cfbf57626f92', NULL);
-- お冷 | cold drinking water --;
INSERT INTO "vocabulary"."vocabulary" ("id", "word_class_code", "conjugation_kind_code", "jlpt_level", "row_num", "tags", "date_added") VALUES ('187fa4bf-ceaf-488f-bb5f-d9ca4b1ee8cd', 'NOUN', NULL, NULL, 608, '{food,water}', '2022-11-27');
INSERT INTO "vocabulary"."definition" ("id", "vocabulary_id", "sort_rank", "value") VALUES ('60d5a056-d4fe-5930-acc4-0abdb2523475', '187fa4bf-ceaf-488f-bb5f-d9ca4b1ee8cd', 1, 'cold drinking water');
INSERT INTO "vocabulary"."spelling" ("id", "vocabulary_id", "spelling_kind_code", "value") VALUES ('86794b0d-18e3-5c83-ab5c-a745777ac664', '187fa4bf-ceaf-488f-bb5f-d9ca4b1ee8cd', 'KANJI', 'お冷');
INSERT INTO "vocabulary"."spelling" ("id", "vocabulary_id", "spelling_kind_code", "value") VALUES ('45fbb9c5-cd20-5aad-b0b2-6680a25f65a0', '187fa4bf-ceaf-488f-bb5f-d9ca4b1ee8cd', 'HIRAGANA', 'おひや');
INSERT INTO "vocabulary"."spelling" ("id", "vocabulary_id", "spelling_kind_code", "value") VALUES ('90d86c0f-16fd-5465-9039-78c63bec59a8', '187fa4bf-ceaf-488f-bb5f-d9ca4b1ee8cd', 'KANJI', 'お冷');
INSERT INTO "vocabulary"."linkages" ("vocabulary_id", "preferred_definition_id", "preferred_spelling_id", "phonetic_spelling_id", "alt_phonetic_spelling_id", "kanji_spelling_id", "conjugation_set_id") VALUES ('187fa4bf-ceaf-488f-bb5f-d9ca4b1ee8cd', '60d5a056-d4fe-5930-acc4-0abdb2523475', '86794b0d-18e3-5c83-ab5c-a745777ac664', '45fbb9c5-cd20-5aad-b0b2-6680a25f65a0', NULL, '90d86c0f-16fd-5465-9039-78c63bec59a8', NULL);
-- 飲み水 | clean water --;
INSERT INTO "vocabulary"."vocabulary" ("id", "word_class_code", "conjugation_kind_code", "jlpt_level", "row_num", "tags", "date_added") VALUES ('3fe12824-389b-42d2-9850-12226ff0fbf2', 'NOUN', NULL, NULL, 609, '{water}', '2022-11-27');
INSERT INTO "vocabulary"."definition" ("id", "vocabulary_id", "sort_rank", "value") VALUES ('d27601fb-f094-5dd8-9fd7-309f8b74513e', '3fe12824-389b-42d2-9850-12226ff0fbf2', 1, 'clean water');
INSERT INTO "vocabulary"."spelling" ("id", "vocabulary_id", "spelling_kind_code", "value") VALUES ('18e8b5c5-19f8-5538-a711-b582e9682ccb', '3fe12824-389b-42d2-9850-12226ff0fbf2', 'KANJI', '飲み水');
INSERT INTO "vocabulary"."spelling" ("id", "vocabulary_id", "spelling_kind_code", "value") VALUES ('5a49a8f2-f996-5e68-b06d-96bad9f5d649', '3fe12824-389b-42d2-9850-12226ff0fbf2', 'HIRAGANA', 'のみみず');
INSERT INTO "vocabulary"."spelling" ("id", "vocabulary_id", "spelling_kind_code", "value") VALUES ('560d1318-e877-58e1-a672-6a3b0959cc30', '3fe12824-389b-42d2-9850-12226ff0fbf2', 'KANJI', '飲み水');
INSERT INTO "vocabulary"."linkages" ("vocabulary_id", "preferred_definition_id", "preferred_spelling_id", "phonetic_spelling_id", "alt_phonetic_spelling_id", "kanji_spelling_id", "conjugation_set_id") VALUES ('3fe12824-389b-42d2-9850-12226ff0fbf2', 'd27601fb-f094-5dd8-9fd7-309f8b74513e', '18e8b5c5-19f8-5538-a711-b582e9682ccb', '5a49a8f2-f996-5e68-b06d-96bad9f5d649', NULL, '560d1318-e877-58e1-a672-6a3b0959cc30', NULL);
-- 醤油 | soy sauce --;
INSERT INTO "vocabulary"."vocabulary" ("id", "word_class_code", "conjugation_kind_code", "jlpt_level", "row_num", "tags", "date_added") VALUES ('089c39bb-7a84-4f28-af32-2b0a214e0e6c', 'NOUN', NULL, 5, 610, '{food}', '2022-11-27');
INSERT INTO "vocabulary"."definition" ("id", "vocabulary_id", "sort_rank", "value") VALUES ('3b1f8256-e31e-5f86-a1a5-9eed1a26a59e', '089c39bb-7a84-4f28-af32-2b0a214e0e6c', 1, 'soy sauce');
INSERT INTO "vocabulary"."spelling" ("id", "vocabulary_id", "spelling_kind_code", "value") VALUES ('1c1b81e8-3097-5eb5-b55f-8932edb39c8b', '089c39bb-7a84-4f28-af32-2b0a214e0e6c', 'KANJI', '醤油');
INSERT INTO "vocabulary"."spelling" ("id", "vocabulary_id", "spelling_kind_code", "value") VALUES ('7aae66f9-00d5-500e-a8f8-1245a0183bc6', '089c39bb-7a84-4f28-af32-2b0a214e0e6c', 'HIRAGANA', 'しょうゆ');
INSERT INTO "vocabulary"."spelling" ("id", "vocabulary_id", "spelling_kind_code", "value") VALUES ('3560a6a1-7bef-5379-9941-941158ac60b4', '089c39bb-7a84-4f28-af32-2b0a214e0e6c', 'KANJI', '醤油');
INSERT INTO "vocabulary"."linkages" ("vocabulary_id", "preferred_definition_id", "preferred_spelling_id", "phonetic_spelling_id", "alt_phonetic_spelling_id", "kanji_spelling_id", "conjugation_set_id") VALUES ('089c39bb-7a84-4f28-af32-2b0a214e0e6c', '3b1f8256-e31e-5f86-a1a5-9eed1a26a59e', '1c1b81e8-3097-5eb5-b55f-8932edb39c8b', '7aae66f9-00d5-500e-a8f8-1245a0183bc6', NULL, '3560a6a1-7bef-5379-9941-941158ac60b4', NULL);
-- 砂糖醤油 | sweet soy sauce --;
INSERT INTO "vocabulary"."vocabulary" ("id", "word_class_code", "conjugation_kind_code", "jlpt_level", "row_num", "tags", "date_added") VALUES ('2e969dcf-cabb-4cee-b446-2990e2dc1f79', 'NOUN', NULL, NULL, 611, '{food}', '2022-11-27');
INSERT INTO "vocabulary"."definition" ("id", "vocabulary_id", "sort_rank", "value") VALUES ('a43b354b-a132-5436-8dde-d67aedf38896', '2e969dcf-cabb-4cee-b446-2990e2dc1f79', 1, 'sweet soy sauce');
INSERT INTO "vocabulary"."spelling" ("id", "vocabulary_id", "spelling_kind_code", "value") VALUES ('23cccff3-db8f-5dfe-ae93-91cfd47f49f3', '2e969dcf-cabb-4cee-b446-2990e2dc1f79', 'KANJI', '砂糖醤油');
INSERT INTO "vocabulary"."spelling" ("id", "vocabulary_id", "spelling_kind_code", "value") VALUES ('354782d7-29a3-597c-b5d8-2b16a6662601', '2e969dcf-cabb-4cee-b446-2990e2dc1f79', 'HIRAGANA', 'さとうじょうゆ');
INSERT INTO "vocabulary"."spelling" ("id", "vocabulary_id", "spelling_kind_code", "value") VALUES ('e3f07927-6c67-55d6-b849-fa60b3be90d7', '2e969dcf-cabb-4cee-b446-2990e2dc1f79', 'KANJI', '砂糖醤油');
INSERT INTO "vocabulary"."linkages" ("vocabulary_id", "preferred_definition_id", "preferred_spelling_id", "phonetic_spelling_id", "alt_phonetic_spelling_id", "kanji_spelling_id", "conjugation_set_id") VALUES ('2e969dcf-cabb-4cee-b446-2990e2dc1f79', 'a43b354b-a132-5436-8dde-d67aedf38896', '23cccff3-db8f-5dfe-ae93-91cfd47f49f3', '354782d7-29a3-597c-b5d8-2b16a6662601', NULL, 'e3f07927-6c67-55d6-b849-fa60b3be90d7', NULL);
-- ぽたぽた焼 | rice cracker w/ sweet soy glaze --;
INSERT INTO "vocabulary"."vocabulary" ("id", "word_class_code", "conjugation_kind_code", "jlpt_level", "row_num", "tags", "date_added") VALUES ('507be1d7-9684-4c55-a7b0-c7747cfad3c2', 'NOUN', NULL, NULL, 612, '{food}', '2022-11-27');
INSERT INTO "vocabulary"."definition" ("id", "vocabulary_id", "sort_rank", "value") VALUES ('cf2ec700-8f51-5230-ab8a-d688f1ae606d', '507be1d7-9684-4c55-a7b0-c7747cfad3c2', 1, 'rice cracker w/ sweet soy glaze');
INSERT INTO "vocabulary"."spelling" ("id", "vocabulary_id", "spelling_kind_code", "value") VALUES ('4fa12f6b-98b2-5c88-ad5c-5cf2189b6a70', '507be1d7-9684-4c55-a7b0-c7747cfad3c2', 'KANJI', 'ぽたぽた焼');
INSERT INTO "vocabulary"."spelling" ("id", "vocabulary_id", "spelling_kind_code", "value") VALUES ('c5eaabb6-5e99-56ff-a723-bc5d0881e5ac', '507be1d7-9684-4c55-a7b0-c7747cfad3c2', 'HIRAGANA', 'ぽたぽたやき');
INSERT INTO "vocabulary"."spelling" ("id", "vocabulary_id", "spelling_kind_code", "value") VALUES ('b639b36b-d277-5ca1-a261-c4f9a066fc70', '507be1d7-9684-4c55-a7b0-c7747cfad3c2', 'KANJI', 'ぽたぽた焼');
INSERT INTO "vocabulary"."linkages" ("vocabulary_id", "preferred_definition_id", "preferred_spelling_id", "phonetic_spelling_id", "alt_phonetic_spelling_id", "kanji_spelling_id", "conjugation_set_id") VALUES ('507be1d7-9684-4c55-a7b0-c7747cfad3c2', 'cf2ec700-8f51-5230-ab8a-d688f1ae606d', '4fa12f6b-98b2-5c88-ad5c-5cf2189b6a70', 'c5eaabb6-5e99-56ff-a723-bc5d0881e5ac', NULL, 'b639b36b-d277-5ca1-a261-c4f9a066fc70', NULL);
-- 〜なんです | it is assuredly that...; can say with confidence that... --;
INSERT INTO "vocabulary"."vocabulary" ("id", "word_class_code", "conjugation_kind_code", "jlpt_level", "row_num", "tags", "date_added") VALUES ('c7af2e91-5b5c-478e-b95c-c4167249c7ff', 'AUXILIARY', NULL, NULL, 613, '{}', '2022-11-27');
INSERT INTO "vocabulary"."definition" ("id", "vocabulary_id", "sort_rank", "value") VALUES ('0d179a42-a90c-5ff2-8ab4-1824d1c63dcc', 'c7af2e91-5b5c-478e-b95c-c4167249c7ff', 1, 'it is assuredly that...; can say with confidence that...');
INSERT INTO "vocabulary"."spelling" ("id", "vocabulary_id", "spelling_kind_code", "value") VALUES ('73a3f70f-ab9f-57b4-93b8-fac8f38a0b65', 'c7af2e91-5b5c-478e-b95c-c4167249c7ff', 'HIRAGANA', '〜なんです');
INSERT INTO "vocabulary"."spelling" ("id", "vocabulary_id", "spelling_kind_code", "value") VALUES ('17bb41e4-a842-5a50-8e7c-ac5e584b1fba', 'c7af2e91-5b5c-478e-b95c-c4167249c7ff', 'HIRAGANA', 'なんです');
INSERT INTO "vocabulary"."linkages" ("vocabulary_id", "preferred_definition_id", "preferred_spelling_id", "phonetic_spelling_id", "alt_phonetic_spelling_id", "kanji_spelling_id", "conjugation_set_id") VALUES ('c7af2e91-5b5c-478e-b95c-c4167249c7ff', '0d179a42-a90c-5ff2-8ab4-1824d1c63dcc', '73a3f70f-ab9f-57b4-93b8-fac8f38a0b65', '17bb41e4-a842-5a50-8e7c-ac5e584b1fba', NULL, NULL, NULL);
-- お前 | you (male lang; derogatory) --;
INSERT INTO "vocabulary"."vocabulary" ("id", "word_class_code", "conjugation_kind_code", "jlpt_level", "row_num", "tags", "date_added") VALUES ('6a75dd67-15fc-4ae5-8742-5ab9f037aa1a', 'NOUN', NULL, 3, 614, '{}', '2022-11-27');
INSERT INTO "vocabulary"."definition" ("id", "vocabulary_id", "sort_rank", "value") VALUES ('36f81fcf-ca2a-58c3-b74f-186c11e4b4e5', '6a75dd67-15fc-4ae5-8742-5ab9f037aa1a', 1, 'you (male lang; derogatory)');
INSERT INTO "vocabulary"."spelling" ("id", "vocabulary_id", "spelling_kind_code", "value") VALUES ('4d17d5fa-cdcf-5c2c-b3b0-c193a9ed75df', '6a75dd67-15fc-4ae5-8742-5ab9f037aa1a', 'KANJI', 'お前');
INSERT INTO "vocabulary"."spelling" ("id", "vocabulary_id", "spelling_kind_code", "value") VALUES ('ffb6eca9-8696-59bb-b1cb-c37d5e55ad51', '6a75dd67-15fc-4ae5-8742-5ab9f037aa1a', 'HIRAGANA', 'おまえ');
INSERT INTO "vocabulary"."spelling" ("id", "vocabulary_id", "spelling_kind_code", "value") VALUES ('c4a5c02e-63c2-50b5-b8bd-768970f77430', '6a75dd67-15fc-4ae5-8742-5ab9f037aa1a', 'KANJI', 'お前');
INSERT INTO "vocabulary"."linkages" ("vocabulary_id", "preferred_definition_id", "preferred_spelling_id", "phonetic_spelling_id", "alt_phonetic_spelling_id", "kanji_spelling_id", "conjugation_set_id") VALUES ('6a75dd67-15fc-4ae5-8742-5ab9f037aa1a', '36f81fcf-ca2a-58c3-b74f-186c11e4b4e5', '4d17d5fa-cdcf-5c2c-b3b0-c193a9ed75df', 'ffb6eca9-8696-59bb-b1cb-c37d5e55ad51', NULL, 'c4a5c02e-63c2-50b5-b8bd-768970f77430', NULL);
-- 翌~ | the following, next --;
INSERT INTO "vocabulary"."vocabulary" ("id", "word_class_code", "conjugation_kind_code", "jlpt_level", "row_num", "tags", "date_added") VALUES ('778ba9bb-ce07-4049-98ed-9fa73a5c4ae8', 'PREFIX', NULL, NULL, 615, '{}', '2022-12-24');
INSERT INTO "vocabulary"."definition" ("id", "vocabulary_id", "sort_rank", "value") VALUES ('acb430d9-2fe5-5d2e-a552-520e5b77793d', '778ba9bb-ce07-4049-98ed-9fa73a5c4ae8', 1, 'the following, next');
INSERT INTO "vocabulary"."spelling" ("id", "vocabulary_id", "spelling_kind_code", "value") VALUES ('2a59f245-470b-5ab6-a562-598518439759', '778ba9bb-ce07-4049-98ed-9fa73a5c4ae8', 'KANJI', '翌~');
INSERT INTO "vocabulary"."spelling" ("id", "vocabulary_id", "spelling_kind_code", "value") VALUES ('fe656269-e980-5608-9b92-b1b1e2639b62', '778ba9bb-ce07-4049-98ed-9fa73a5c4ae8', 'HIRAGANA', 'よく');
INSERT INTO "vocabulary"."spelling" ("id", "vocabulary_id", "spelling_kind_code", "value") VALUES ('484688c6-724a-513f-bf71-43fb582f9a55', '778ba9bb-ce07-4049-98ed-9fa73a5c4ae8', 'KANJI', '翌~');
INSERT INTO "vocabulary"."linkages" ("vocabulary_id", "preferred_definition_id", "preferred_spelling_id", "phonetic_spelling_id", "alt_phonetic_spelling_id", "kanji_spelling_id", "conjugation_set_id") VALUES ('778ba9bb-ce07-4049-98ed-9fa73a5c4ae8', 'acb430d9-2fe5-5d2e-a552-520e5b77793d', '2a59f245-470b-5ab6-a562-598518439759', 'fe656269-e980-5608-9b92-b1b1e2639b62', NULL, '484688c6-724a-513f-bf71-43fb582f9a55', NULL);
-- 翌日 | the following day --;
INSERT INTO "vocabulary"."vocabulary" ("id", "word_class_code", "conjugation_kind_code", "jlpt_level", "row_num", "tags", "date_added") VALUES ('e0221c1c-46d8-41a2-84ad-cfae044d6c0a', 'NOUN', NULL, NULL, 616, '{}', '2022-12-24');
INSERT INTO "vocabulary"."definition" ("id", "vocabulary_id", "sort_rank", "value") VALUES ('07c11406-4e3e-58f4-a2fe-8e37862e9093', 'e0221c1c-46d8-41a2-84ad-cfae044d6c0a', 1, 'the following day');
INSERT INTO "vocabulary"."spelling" ("id", "vocabulary_id", "spelling_kind_code", "value") VALUES ('11ee08e4-3972-5074-bd25-34c9025aca88', 'e0221c1c-46d8-41a2-84ad-cfae044d6c0a', 'KANJI', '翌日');
INSERT INTO "vocabulary"."spelling" ("id", "vocabulary_id", "spelling_kind_code", "value") VALUES ('8ed34882-8af7-56db-9796-bc440e7b12e9', 'e0221c1c-46d8-41a2-84ad-cfae044d6c0a', 'HIRAGANA', 'よくじつ');
INSERT INTO "vocabulary"."spelling" ("id", "vocabulary_id", "spelling_kind_code", "value") VALUES ('119eb320-6890-567a-8edb-b65789730037', 'e0221c1c-46d8-41a2-84ad-cfae044d6c0a', 'KANJI', '翌日');
INSERT INTO "vocabulary"."linkages" ("vocabulary_id", "preferred_definition_id", "preferred_spelling_id", "phonetic_spelling_id", "alt_phonetic_spelling_id", "kanji_spelling_id", "conjugation_set_id") VALUES ('e0221c1c-46d8-41a2-84ad-cfae044d6c0a', '07c11406-4e3e-58f4-a2fe-8e37862e9093', '11ee08e4-3972-5074-bd25-34c9025aca88', '8ed34882-8af7-56db-9796-bc440e7b12e9', NULL, '119eb320-6890-567a-8edb-b65789730037', NULL);
-- 翌々日 | two days later; day after next --;
INSERT INTO "vocabulary"."vocabulary" ("id", "word_class_code", "conjugation_kind_code", "jlpt_level", "row_num", "tags", "date_added") VALUES ('2149878c-3d6e-4063-821d-7eba07487046', 'NOUN', NULL, NULL, 617, '{}', '2022-12-24');
INSERT INTO "vocabulary"."definition" ("id", "vocabulary_id", "sort_rank", "value") VALUES ('5476b63b-56fb-5a72-bae2-ef758bea51b6', '2149878c-3d6e-4063-821d-7eba07487046', 1, 'two days later; day after next');
INSERT INTO "vocabulary"."spelling" ("id", "vocabulary_id", "spelling_kind_code", "value") VALUES ('c3ef1db9-a8ac-5eeb-ba74-641b8fae708f', '2149878c-3d6e-4063-821d-7eba07487046', 'KANJI', '翌々日');
INSERT INTO "vocabulary"."spelling" ("id", "vocabulary_id", "spelling_kind_code", "value") VALUES ('ca36a35c-cf26-5528-b934-44eaec8dbcb8', '2149878c-3d6e-4063-821d-7eba07487046', 'HIRAGANA', 'よくよくじつ');
INSERT INTO "vocabulary"."spelling" ("id", "vocabulary_id", "spelling_kind_code", "value") VALUES ('a253607b-ef40-52ef-8060-4dfc3449ca22', '2149878c-3d6e-4063-821d-7eba07487046', 'KANJI', '翌々日');
INSERT INTO "vocabulary"."linkages" ("vocabulary_id", "preferred_definition_id", "preferred_spelling_id", "phonetic_spelling_id", "alt_phonetic_spelling_id", "kanji_spelling_id", "conjugation_set_id") VALUES ('2149878c-3d6e-4063-821d-7eba07487046', '5476b63b-56fb-5a72-bae2-ef758bea51b6', 'c3ef1db9-a8ac-5eeb-ba74-641b8fae708f', 'ca36a35c-cf26-5528-b934-44eaec8dbcb8', NULL, 'a253607b-ef40-52ef-8060-4dfc3449ca22', NULL);
-- 出身 | origin place (country, city) --;
INSERT INTO "vocabulary"."vocabulary" ("id", "word_class_code", "conjugation_kind_code", "jlpt_level", "row_num", "tags", "date_added") VALUES ('7915563f-ead7-42da-b0cb-143692e31c74', 'NOUN', NULL, 3, 618, '{}', '2022-12-24');
INSERT INTO "vocabulary"."definition" ("id", "vocabulary_id", "sort_rank", "value") VALUES ('74518ab1-519e-5cff-a91e-fa9016cd2b05', '7915563f-ead7-42da-b0cb-143692e31c74', 1, 'origin place (country, city)');
INSERT INTO "vocabulary"."spelling" ("id", "vocabulary_id", "spelling_kind_code", "value") VALUES ('bcbbb292-daeb-5270-9d62-95acd39f9227', '7915563f-ead7-42da-b0cb-143692e31c74', 'KANJI', '出身');
INSERT INTO "vocabulary"."spelling" ("id", "vocabulary_id", "spelling_kind_code", "value") VALUES ('3f80d009-aab4-5ea0-aa85-6c845ff81b5f', '7915563f-ead7-42da-b0cb-143692e31c74', 'HIRAGANA', 'しゅっしん');
INSERT INTO "vocabulary"."spelling" ("id", "vocabulary_id", "spelling_kind_code", "value") VALUES ('f30dc6e3-ebff-5221-9079-1ab2503cef70', '7915563f-ead7-42da-b0cb-143692e31c74', 'KANJI', '出身');
INSERT INTO "vocabulary"."linkages" ("vocabulary_id", "preferred_definition_id", "preferred_spelling_id", "phonetic_spelling_id", "alt_phonetic_spelling_id", "kanji_spelling_id", "conjugation_set_id") VALUES ('7915563f-ead7-42da-b0cb-143692e31c74', '74518ab1-519e-5cff-a91e-fa9016cd2b05', 'bcbbb292-daeb-5270-9d62-95acd39f9227', '3f80d009-aab4-5ea0-aa85-6c845ff81b5f', NULL, 'f30dc6e3-ebff-5221-9079-1ab2503cef70', NULL);
-- 〜名 | people counter (e.g. seating, reservations), formal --;
INSERT INTO "vocabulary"."vocabulary" ("id", "word_class_code", "conjugation_kind_code", "jlpt_level", "row_num", "tags", "date_added") VALUES ('168c01b9-0da1-457d-9106-23c7522b704a', 'COUNTER', NULL, NULL, 619, '{}', '2022-12-24');
INSERT INTO "vocabulary"."definition" ("id", "vocabulary_id", "sort_rank", "value") VALUES ('d7767319-e9e0-5950-b839-829b39967d9c', '168c01b9-0da1-457d-9106-23c7522b704a', 1, 'people counter (e.g. seating, reservations), formal');
INSERT INTO "vocabulary"."spelling" ("id", "vocabulary_id", "spelling_kind_code", "value") VALUES ('eac1fc69-46dd-5d1e-89bf-3cc205aa2093', '168c01b9-0da1-457d-9106-23c7522b704a', 'KANJI', '〜名');
INSERT INTO "vocabulary"."spelling" ("id", "vocabulary_id", "spelling_kind_code", "value") VALUES ('16ed24d6-9e1f-5e0f-8a06-2d051539b9b8', '168c01b9-0da1-457d-9106-23c7522b704a', 'HIRAGANA', 'めい');
INSERT INTO "vocabulary"."spelling" ("id", "vocabulary_id", "spelling_kind_code", "value") VALUES ('26f4a2d5-c21e-56d6-8e60-20286c6b3e80', '168c01b9-0da1-457d-9106-23c7522b704a', 'KANJI', '〜名');
INSERT INTO "vocabulary"."linkages" ("vocabulary_id", "preferred_definition_id", "preferred_spelling_id", "phonetic_spelling_id", "alt_phonetic_spelling_id", "kanji_spelling_id", "conjugation_set_id") VALUES ('168c01b9-0da1-457d-9106-23c7522b704a', 'd7767319-e9e0-5950-b839-829b39967d9c', 'eac1fc69-46dd-5d1e-89bf-3cc205aa2093', '16ed24d6-9e1f-5e0f-8a06-2d051539b9b8', NULL, '26f4a2d5-c21e-56d6-8e60-20286c6b3e80', NULL);
-- 〜室 | ...room --;
INSERT INTO "vocabulary"."vocabulary" ("id", "word_class_code", "conjugation_kind_code", "jlpt_level", "row_num", "tags", "date_added") VALUES ('4819b7d2-e342-4f75-a37c-f310a8897f6c', 'SUFFIX', NULL, 1, 620, '{}', '2022-12-24');
INSERT INTO "vocabulary"."definition" ("id", "vocabulary_id", "sort_rank", "value") VALUES ('4f19a143-c128-5a8b-9fa9-6eb7525a9666', '4819b7d2-e342-4f75-a37c-f310a8897f6c', 1, '...room');
INSERT INTO "vocabulary"."spelling" ("id", "vocabulary_id", "spelling_kind_code", "value") VALUES ('4449eb35-dfe3-5ccd-8f4c-a32c2bda2af3', '4819b7d2-e342-4f75-a37c-f310a8897f6c', 'KANJI', '〜室');
INSERT INTO "vocabulary"."spelling" ("id", "vocabulary_id", "spelling_kind_code", "value") VALUES ('f3a21eba-54ee-5426-8950-5848450cb280', '4819b7d2-e342-4f75-a37c-f310a8897f6c', 'HIRAGANA', 'しつ');
INSERT INTO "vocabulary"."spelling" ("id", "vocabulary_id", "spelling_kind_code", "value") VALUES ('d6ccb648-1ffe-52d0-8331-f4bc7ac0f9d8', '4819b7d2-e342-4f75-a37c-f310a8897f6c', 'KANJI', '〜室');
INSERT INTO "vocabulary"."linkages" ("vocabulary_id", "preferred_definition_id", "preferred_spelling_id", "phonetic_spelling_id", "alt_phonetic_spelling_id", "kanji_spelling_id", "conjugation_set_id") VALUES ('4819b7d2-e342-4f75-a37c-f310a8897f6c', '4f19a143-c128-5a8b-9fa9-6eb7525a9666', '4449eb35-dfe3-5ccd-8f4c-a32c2bda2af3', 'f3a21eba-54ee-5426-8950-5848450cb280', NULL, 'd6ccb648-1ffe-52d0-8331-f4bc7ac0f9d8', NULL);
-- 〜屋 | ...shop --;
INSERT INTO "vocabulary"."vocabulary" ("id", "word_class_code", "conjugation_kind_code", "jlpt_level", "row_num", "tags", "date_added") VALUES ('723f71ed-a490-4215-a2d2-383cb457a9d0', 'SUFFIX', NULL, NULL, 621, '{}', '2022-12-24');
INSERT INTO "vocabulary"."definition" ("id", "vocabulary_id", "sort_rank", "value") VALUES ('ce652649-10c0-5128-a7d4-3d3eaf600e2a', '723f71ed-a490-4215-a2d2-383cb457a9d0', 1, '...shop');
INSERT INTO "vocabulary"."spelling" ("id", "vocabulary_id", "spelling_kind_code", "value") VALUES ('47fd892a-99d3-5834-a4c0-07bc1542ae9d', '723f71ed-a490-4215-a2d2-383cb457a9d0', 'KANJI', '〜屋');
INSERT INTO "vocabulary"."spelling" ("id", "vocabulary_id", "spelling_kind_code", "value") VALUES ('54f1d027-c812-5ce1-894e-c709707280af', '723f71ed-a490-4215-a2d2-383cb457a9d0', 'HIRAGANA', 'や');
INSERT INTO "vocabulary"."spelling" ("id", "vocabulary_id", "spelling_kind_code", "value") VALUES ('5f765e25-bc2d-5881-9a54-d24fa2054979', '723f71ed-a490-4215-a2d2-383cb457a9d0', 'KANJI', '〜屋');
INSERT INTO "vocabulary"."linkages" ("vocabulary_id", "preferred_definition_id", "preferred_spelling_id", "phonetic_spelling_id", "alt_phonetic_spelling_id", "kanji_spelling_id", "conjugation_set_id") VALUES ('723f71ed-a490-4215-a2d2-383cb457a9d0', 'ce652649-10c0-5128-a7d4-3d3eaf600e2a', '47fd892a-99d3-5834-a4c0-07bc1542ae9d', '54f1d027-c812-5ce1-894e-c709707280af', NULL, '5f765e25-bc2d-5881-9a54-d24fa2054979', NULL);
-- 速い | fast, quick --;
INSERT INTO "vocabulary"."vocabulary" ("id", "word_class_code", "conjugation_kind_code", "jlpt_level", "row_num", "tags", "date_added") VALUES ('08d3f50a-8030-47ad-97a7-afa79f92a71f', 'ADJECTIVE', 'I_ADJECTIVE', 5, 622, '{}', '2022-12-24');
INSERT INTO "vocabulary"."definition" ("id", "vocabulary_id", "sort_rank", "value") VALUES ('9b7650db-97a4-5d20-bb8a-798e877ce656', '08d3f50a-8030-47ad-97a7-afa79f92a71f', 1, 'fast, quick');
INSERT INTO "vocabulary"."spelling" ("id", "vocabulary_id", "spelling_kind_code", "value") VALUES ('c7a2175b-5e58-5645-b05c-40fedeb75e28', '08d3f50a-8030-47ad-97a7-afa79f92a71f', 'KANJI', '速い');
INSERT INTO "vocabulary"."spelling" ("id", "vocabulary_id", "spelling_kind_code", "value") VALUES ('5e6824dd-4c38-5685-ad71-c10a41493c43', '08d3f50a-8030-47ad-97a7-afa79f92a71f', 'HIRAGANA', 'はやい');
INSERT INTO "vocabulary"."spelling" ("id", "vocabulary_id", "spelling_kind_code", "value") VALUES ('8c5c5ef7-2d3d-59ab-b419-a37bf459af9f', '08d3f50a-8030-47ad-97a7-afa79f92a71f', 'KANJI', '速い');
INSERT INTO "vocabulary"."conjugation_set" ("id", "vocabulary_id") VALUES ('e87df45f-ed77-5002-ba49-f13494cc9b0a', '08d3f50a-8030-47ad-97a7-afa79f92a71f');
INSERT INTO "vocabulary"."linkages" ("vocabulary_id", "preferred_definition_id", "preferred_spelling_id", "phonetic_spelling_id", "alt_phonetic_spelling_id", "kanji_spelling_id", "conjugation_set_id") VALUES ('08d3f50a-8030-47ad-97a7-afa79f92a71f', '9b7650db-97a4-5d20-bb8a-798e877ce656', 'c7a2175b-5e58-5645-b05c-40fedeb75e28', '5e6824dd-4c38-5685-ad71-c10a41493c43', NULL, '8c5c5ef7-2d3d-59ab-b419-a37bf459af9f', 'e87df45f-ed77-5002-ba49-f13494cc9b0a');
INSERT INTO "vocabulary"."reference" ("vocabulary_id", "lesson_code") VALUES ('08d3f50a-8030-47ad-97a7-afa79f92a71f', 'GENKI3_L07');
INSERT INTO "vocabulary"."conjugation" ("id", "conjugation_set_id", "politeness_code", "charge_code", "form_code", "sort_rank", "value") VALUES ('52bb37b2-d991-548d-b8f9-dc8754e9b154', 'e87df45f-ed77-5002-ba49-f13494cc9b0a', 'PLAIN', 'POSITIVE', 'PRESENT', 1, '速い');
INSERT INTO "vocabulary"."conjugation" ("id", "conjugation_set_id", "politeness_code", "charge_code", "form_code", "sort_rank", "value") VALUES ('06158ae8-ac06-5248-8f3b-281ff649ebd1', 'e87df45f-ed77-5002-ba49-f13494cc9b0a', 'PLAIN', 'POSITIVE', 'PAST', 1, '速かった');
INSERT INTO "vocabulary"."conjugation" ("id", "conjugation_set_id", "politeness_code", "charge_code", "form_code", "sort_rank", "value") VALUES ('fefc97c8-3d74-5ba1-83a7-b04732da48e7', 'e87df45f-ed77-5002-ba49-f13494cc9b0a', 'PLAIN', 'NEGATIVE', 'PRESENT', 1, '速くない');
INSERT INTO "vocabulary"."conjugation" ("id", "conjugation_set_id", "politeness_code", "charge_code", "form_code", "sort_rank", "value") VALUES ('089eaa56-691b-57d7-bc63-f741dbd91fdc', 'e87df45f-ed77-5002-ba49-f13494cc9b0a', 'PLAIN', 'NEGATIVE', 'PAST', 1, '速くなかった');
-- うん | yeah, yes (informal) --;
INSERT INTO "vocabulary"."vocabulary" ("id", "word_class_code", "conjugation_kind_code", "jlpt_level", "row_num", "tags", "date_added") VALUES ('24fca95f-34e4-4585-965e-3a6440e60594', 'INTERJECTION', NULL, NULL, 623, '{}', '2022-12-24');
INSERT INTO "vocabulary"."definition" ("id", "vocabulary_id", "sort_rank", "value") VALUES ('7f2d01cb-3d0b-54d1-a48e-4e0c412a4e00', '24fca95f-34e4-4585-965e-3a6440e60594', 1, 'yeah, yes (informal)');
INSERT INTO "vocabulary"."spelling" ("id", "vocabulary_id", "spelling_kind_code", "value") VALUES ('7521a8f4-e9cc-5135-a1cd-52e847a1c510', '24fca95f-34e4-4585-965e-3a6440e60594', 'HIRAGANA', 'うん');
INSERT INTO "vocabulary"."spelling" ("id", "vocabulary_id", "spelling_kind_code", "value") VALUES ('5c1ce182-36d7-564c-97b5-e4235994a7e0', '24fca95f-34e4-4585-965e-3a6440e60594', 'HIRAGANA', 'うん');
INSERT INTO "vocabulary"."linkages" ("vocabulary_id", "preferred_definition_id", "preferred_spelling_id", "phonetic_spelling_id", "alt_phonetic_spelling_id", "kanji_spelling_id", "conjugation_set_id") VALUES ('24fca95f-34e4-4585-965e-3a6440e60594', '7f2d01cb-3d0b-54d1-a48e-4e0c412a4e00', '7521a8f4-e9cc-5135-a1cd-52e847a1c510', '5c1ce182-36d7-564c-97b5-e4235994a7e0', NULL, NULL, NULL);
INSERT INTO "vocabulary"."reference" ("vocabulary_id", "lesson_code") VALUES ('24fca95f-34e4-4585-965e-3a6440e60594', 'GENKI3_L08');
-- ううん | um, er, well; no (informal) --;
INSERT INTO "vocabulary"."vocabulary" ("id", "word_class_code", "conjugation_kind_code", "jlpt_level", "row_num", "tags", "date_added") VALUES ('ab2654c4-b1ce-42b2-9e8e-1885ff4b567e', 'INTERJECTION', NULL, NULL, 624, '{}', '2022-12-29');
INSERT INTO "vocabulary"."definition" ("id", "vocabulary_id", "sort_rank", "value") VALUES ('606989d6-9ed5-5172-b282-bc8ba86172ab', 'ab2654c4-b1ce-42b2-9e8e-1885ff4b567e', 1, 'um, er, well; no (informal)');
INSERT INTO "vocabulary"."spelling" ("id", "vocabulary_id", "spelling_kind_code", "value") VALUES ('a26c38f1-02cf-5e7c-a9ef-466e6e4fadb2', 'ab2654c4-b1ce-42b2-9e8e-1885ff4b567e', 'HIRAGANA', 'ううん');
INSERT INTO "vocabulary"."spelling" ("id", "vocabulary_id", "spelling_kind_code", "value") VALUES ('6480ba6f-a2e5-5752-af44-773203818603', 'ab2654c4-b1ce-42b2-9e8e-1885ff4b567e', 'HIRAGANA', 'ううん');
INSERT INTO "vocabulary"."linkages" ("vocabulary_id", "preferred_definition_id", "preferred_spelling_id", "phonetic_spelling_id", "alt_phonetic_spelling_id", "kanji_spelling_id", "conjugation_set_id") VALUES ('ab2654c4-b1ce-42b2-9e8e-1885ff4b567e', '606989d6-9ed5-5172-b282-bc8ba86172ab', 'a26c38f1-02cf-5e7c-a9ef-466e6e4fadb2', '6480ba6f-a2e5-5752-af44-773203818603', NULL, NULL, NULL);
INSERT INTO "vocabulary"."reference" ("vocabulary_id", "lesson_code") VALUES ('ab2654c4-b1ce-42b2-9e8e-1885ff4b567e', 'GENKI3_L08');
-- え | eh?, what?, oh? --;
INSERT INTO "vocabulary"."vocabulary" ("id", "word_class_code", "conjugation_kind_code", "jlpt_level", "row_num", "tags", "date_added") VALUES ('72520738-32e4-463f-90fa-3fc467b6c1cf', 'INTERJECTION', NULL, NULL, 625, '{}', '2022-12-24');
INSERT INTO "vocabulary"."definition" ("id", "vocabulary_id", "sort_rank", "value") VALUES ('53e10879-2b21-532f-b08c-1d90243847ac', '72520738-32e4-463f-90fa-3fc467b6c1cf', 1, 'eh?, what?, oh?');
INSERT INTO "vocabulary"."spelling" ("id", "vocabulary_id", "spelling_kind_code", "value") VALUES ('f9ede4e5-816a-56e4-a2f4-22189db39cd2', '72520738-32e4-463f-90fa-3fc467b6c1cf', 'HIRAGANA', 'え');
INSERT INTO "vocabulary"."spelling" ("id", "vocabulary_id", "spelling_kind_code", "value") VALUES ('479878ad-1835-52b7-879b-4ad2d98445ec', '72520738-32e4-463f-90fa-3fc467b6c1cf', 'HIRAGANA', 'え');
INSERT INTO "vocabulary"."linkages" ("vocabulary_id", "preferred_definition_id", "preferred_spelling_id", "phonetic_spelling_id", "alt_phonetic_spelling_id", "kanji_spelling_id", "conjugation_set_id") VALUES ('72520738-32e4-463f-90fa-3fc467b6c1cf', '53e10879-2b21-532f-b08c-1d90243847ac', 'f9ede4e5-816a-56e4-a2f4-22189db39cd2', '479878ad-1835-52b7-879b-4ad2d98445ec', NULL, NULL, NULL);
-- 降る | to fall (of rain, snow, ash); to beam in (of sun or moon light) --;
INSERT INTO "vocabulary"."vocabulary" ("id", "word_class_code", "conjugation_kind_code", "jlpt_level", "row_num", "tags", "date_added") VALUES ('f6710348-4b06-4aad-a443-d1e151651a37', 'VERB', 'GODAN_VERB', 5, 626, '{weather}', '2022-12-26');
INSERT INTO "vocabulary"."definition" ("id", "vocabulary_id", "sort_rank", "value") VALUES ('e17b53f1-9428-58aa-9a73-f2e9109364c4', 'f6710348-4b06-4aad-a443-d1e151651a37', 1, 'to fall (of rain, snow, ash); to beam in (of sun or moon light)');
INSERT INTO "vocabulary"."spelling" ("id", "vocabulary_id", "spelling_kind_code", "value") VALUES ('85b53004-f656-502b-b969-4ab171ba48d3', 'f6710348-4b06-4aad-a443-d1e151651a37', 'KANJI', '降る');
INSERT INTO "vocabulary"."spelling" ("id", "vocabulary_id", "spelling_kind_code", "value") VALUES ('5b0f8ab1-9c26-5dff-96d0-4a149cbf543c', 'f6710348-4b06-4aad-a443-d1e151651a37', 'HIRAGANA', 'ふる');
INSERT INTO "vocabulary"."spelling" ("id", "vocabulary_id", "spelling_kind_code", "value") VALUES ('ce835bd1-0a10-5788-9dd7-a841d2ddbc77', 'f6710348-4b06-4aad-a443-d1e151651a37', 'KANJI', '降る');
INSERT INTO "vocabulary"."conjugation_set" ("id", "vocabulary_id") VALUES ('596b18f7-bad5-589f-9fd8-7240c0466932', 'f6710348-4b06-4aad-a443-d1e151651a37');
INSERT INTO "vocabulary"."linkages" ("vocabulary_id", "preferred_definition_id", "preferred_spelling_id", "phonetic_spelling_id", "alt_phonetic_spelling_id", "kanji_spelling_id", "conjugation_set_id") VALUES ('f6710348-4b06-4aad-a443-d1e151651a37', 'e17b53f1-9428-58aa-9a73-f2e9109364c4', '85b53004-f656-502b-b969-4ab171ba48d3', '5b0f8ab1-9c26-5dff-96d0-4a149cbf543c', NULL, 'ce835bd1-0a10-5788-9dd7-a841d2ddbc77', '596b18f7-bad5-589f-9fd8-7240c0466932');
INSERT INTO "vocabulary"."conjugation" ("id", "conjugation_set_id", "politeness_code", "charge_code", "form_code", "sort_rank", "value") VALUES ('faf65514-a116-59ee-ae77-7facb1a97af8', '596b18f7-bad5-589f-9fd8-7240c0466932', 'PLAIN', 'POSITIVE', 'PRESENT', 1, '降る');
INSERT INTO "vocabulary"."conjugation" ("id", "conjugation_set_id", "politeness_code", "charge_code", "form_code", "sort_rank", "value") VALUES ('a9887ec5-b85b-58c8-8826-a6c6b9f043db', '596b18f7-bad5-589f-9fd8-7240c0466932', 'PLAIN', 'POSITIVE', 'PAST', 1, '降った');
INSERT INTO "vocabulary"."conjugation" ("id", "conjugation_set_id", "politeness_code", "charge_code", "form_code", "sort_rank", "value") VALUES ('3ba9187f-49c8-5c6d-83be-ae32c38868cd', '596b18f7-bad5-589f-9fd8-7240c0466932', 'PLAIN', 'POSITIVE', 'TE', 1, '降って');
INSERT INTO "vocabulary"."conjugation" ("id", "conjugation_set_id", "politeness_code", "charge_code", "form_code", "sort_rank", "value") VALUES ('875b6457-383b-5f79-bc71-957a5fd4b9c9', '596b18f7-bad5-589f-9fd8-7240c0466932', 'PLAIN', 'NEGATIVE', 'PRESENT', 1, '降らない');
INSERT INTO "vocabulary"."conjugation" ("id", "conjugation_set_id", "politeness_code", "charge_code", "form_code", "sort_rank", "value") VALUES ('2d351cc6-fb7b-5c2d-be57-d7ae8a7a26b6', '596b18f7-bad5-589f-9fd8-7240c0466932', 'PLAIN', 'NEGATIVE', 'PAST', 1, '降らなかった');
INSERT INTO "vocabulary"."conjugation" ("id", "conjugation_set_id", "politeness_code", "charge_code", "form_code", "sort_rank", "value") VALUES ('130e5b7c-738a-583b-b107-278f109818d6', '596b18f7-bad5-589f-9fd8-7240c0466932', 'PLAIN', 'NEGATIVE', 'TE', 1, '降らなくて');
INSERT INTO "vocabulary"."conjugation" ("id", "conjugation_set_id", "politeness_code", "charge_code", "form_code", "sort_rank", "value") VALUES ('77e0eb93-dec9-5faf-929d-c12585ecfd1d', '596b18f7-bad5-589f-9fd8-7240c0466932', 'POLITE', 'POSITIVE', 'PRESENT', 1, '降ります');
INSERT INTO "vocabulary"."conjugation" ("id", "conjugation_set_id", "politeness_code", "charge_code", "form_code", "sort_rank", "value") VALUES ('f2ef2ab1-a7cd-5d90-8cfd-6296b504dec6', '596b18f7-bad5-589f-9fd8-7240c0466932', 'POLITE', 'POSITIVE', 'PAST', 1, '降りました');
INSERT INTO "vocabulary"."conjugation" ("id", "conjugation_set_id", "politeness_code", "charge_code", "form_code", "sort_rank", "value") VALUES ('d415b850-135d-5544-8b84-1390aba1e97b', '596b18f7-bad5-589f-9fd8-7240c0466932', 'POLITE', 'NEGATIVE', 'PRESENT', 1, '降りません');
INSERT INTO "vocabulary"."conjugation" ("id", "conjugation_set_id", "politeness_code", "charge_code", "form_code", "sort_rank", "value") VALUES ('7a02b390-0f93-5da1-a382-675f3fc77e03', '596b18f7-bad5-589f-9fd8-7240c0466932', 'POLITE', 'NEGATIVE', 'PAST', 1, '降りませんでした');
-- 言う | to say; to name, to call --;
INSERT INTO "vocabulary"."vocabulary" ("id", "word_class_code", "conjugation_kind_code", "jlpt_level", "row_num", "tags", "date_added") VALUES ('ecb6ce90-dc84-4036-82e8-f38536f49638', 'VERB', 'GODAN_VERB', 5, 627, '{}', '2022-12-26');
INSERT INTO "vocabulary"."definition" ("id", "vocabulary_id", "sort_rank", "value") VALUES ('8a18360a-2abd-5b57-846b-1cebec2850a5', 'ecb6ce90-dc84-4036-82e8-f38536f49638', 1, 'to say; to name, to call');
INSERT INTO "vocabulary"."spelling" ("id", "vocabulary_id", "spelling_kind_code", "value") VALUES ('7b407d68-1ef4-5b74-9d48-aeb1992f57b0', 'ecb6ce90-dc84-4036-82e8-f38536f49638', 'KANJI', '言う');
INSERT INTO "vocabulary"."spelling" ("id", "vocabulary_id", "spelling_kind_code", "value") VALUES ('7362b6fb-8cf4-5826-a290-54d87a3250b3', 'ecb6ce90-dc84-4036-82e8-f38536f49638', 'HIRAGANA', 'いう');
INSERT INTO "vocabulary"."spelling" ("id", "vocabulary_id", "spelling_kind_code", "value") VALUES ('b4de8f3d-9c9b-5cd5-932b-c3abfc5d9bc6', 'ecb6ce90-dc84-4036-82e8-f38536f49638', 'KANJI', '言う');
INSERT INTO "vocabulary"."conjugation_set" ("id", "vocabulary_id") VALUES ('284963ae-f79d-5f9a-b3d7-611d8bc89ca8', 'ecb6ce90-dc84-4036-82e8-f38536f49638');
INSERT INTO "vocabulary"."linkages" ("vocabulary_id", "preferred_definition_id", "preferred_spelling_id", "phonetic_spelling_id", "alt_phonetic_spelling_id", "kanji_spelling_id", "conjugation_set_id") VALUES ('ecb6ce90-dc84-4036-82e8-f38536f49638', '8a18360a-2abd-5b57-846b-1cebec2850a5', '7b407d68-1ef4-5b74-9d48-aeb1992f57b0', '7362b6fb-8cf4-5826-a290-54d87a3250b3', NULL, 'b4de8f3d-9c9b-5cd5-932b-c3abfc5d9bc6', '284963ae-f79d-5f9a-b3d7-611d8bc89ca8');
INSERT INTO "vocabulary"."reference" ("vocabulary_id", "lesson_code") VALUES ('ecb6ce90-dc84-4036-82e8-f38536f49638', 'GENKI3_L08');
INSERT INTO "vocabulary"."conjugation" ("id", "conjugation_set_id", "politeness_code", "charge_code", "form_code", "sort_rank", "value") VALUES ('20293b63-7569-52e9-b392-559e6740391c', '284963ae-f79d-5f9a-b3d7-611d8bc89ca8', 'PLAIN', 'POSITIVE', 'PRESENT', 1, '言う');
INSERT INTO "vocabulary"."conjugation" ("id", "conjugation_set_id", "politeness_code", "charge_code", "form_code", "sort_rank", "value") VALUES ('76f78571-bc83-50b0-81fc-f0e2722e7205', '284963ae-f79d-5f9a-b3d7-611d8bc89ca8', 'PLAIN', 'POSITIVE', 'PAST', 1, '言った');
INSERT INTO "vocabulary"."conjugation" ("id", "conjugation_set_id", "politeness_code", "charge_code", "form_code", "sort_rank", "value") VALUES ('d26f094c-c0c9-551b-8500-5c748f0448f8', '284963ae-f79d-5f9a-b3d7-611d8bc89ca8', 'PLAIN', 'POSITIVE', 'TE', 1, '言って');
INSERT INTO "vocabulary"."conjugation" ("id", "conjugation_set_id", "politeness_code", "charge_code", "form_code", "sort_rank", "value") VALUES ('9bde516a-8194-5501-81f2-61c68dfc3264', '284963ae-f79d-5f9a-b3d7-611d8bc89ca8', 'PLAIN', 'NEGATIVE', 'PRESENT', 1, '言わない');
INSERT INTO "vocabulary"."conjugation" ("id", "conjugation_set_id", "politeness_code", "charge_code", "form_code", "sort_rank", "value") VALUES ('9f9f0760-4813-5fd8-8772-552d71051e60', '284963ae-f79d-5f9a-b3d7-611d8bc89ca8', 'PLAIN', 'NEGATIVE', 'PAST', 1, '言わなかった');
INSERT INTO "vocabulary"."conjugation" ("id", "conjugation_set_id", "politeness_code", "charge_code", "form_code", "sort_rank", "value") VALUES ('59ae50a1-cb1c-54b6-8d8c-e88dbae51115', '284963ae-f79d-5f9a-b3d7-611d8bc89ca8', 'PLAIN', 'NEGATIVE', 'TE', 1, '言わなくて');
INSERT INTO "vocabulary"."conjugation" ("id", "conjugation_set_id", "politeness_code", "charge_code", "form_code", "sort_rank", "value") VALUES ('3f5d41cf-f15b-5d95-83d3-e873fdc590ba', '284963ae-f79d-5f9a-b3d7-611d8bc89ca8', 'POLITE', 'POSITIVE', 'PRESENT', 1, '言います');
INSERT INTO "vocabulary"."conjugation" ("id", "conjugation_set_id", "politeness_code", "charge_code", "form_code", "sort_rank", "value") VALUES ('855e9967-13e1-5def-855b-64bb3f704e71', '284963ae-f79d-5f9a-b3d7-611d8bc89ca8', 'POLITE', 'POSITIVE', 'PAST', 1, '言いました');
INSERT INTO "vocabulary"."conjugation" ("id", "conjugation_set_id", "politeness_code", "charge_code", "form_code", "sort_rank", "value") VALUES ('ad8a6e59-916a-5078-b78c-d3e29a929bcf', '284963ae-f79d-5f9a-b3d7-611d8bc89ca8', 'POLITE', 'NEGATIVE', 'PRESENT', 1, '言いません');
INSERT INTO "vocabulary"."conjugation" ("id", "conjugation_set_id", "politeness_code", "charge_code", "form_code", "sort_rank", "value") VALUES ('d878d212-33cb-5325-9f3e-c4b8999b6390', '284963ae-f79d-5f9a-b3d7-611d8bc89ca8', 'POLITE', 'NEGATIVE', 'PAST', 1, '言いませんでした');
-- 紙 | paper --;
INSERT INTO "vocabulary"."vocabulary" ("id", "word_class_code", "conjugation_kind_code", "jlpt_level", "row_num", "tags", "date_added") VALUES ('b5bf3815-355e-43ea-8a27-73d546ac818e', 'NOUN', NULL, 5, 628, '{}', '2022-12-26');
INSERT INTO "vocabulary"."definition" ("id", "vocabulary_id", "sort_rank", "value") VALUES ('1fa3635e-cdd9-52f2-83ae-7e76b16268a1', 'b5bf3815-355e-43ea-8a27-73d546ac818e', 1, 'paper');
INSERT INTO "vocabulary"."spelling" ("id", "vocabulary_id", "spelling_kind_code", "value") VALUES ('228c01ea-4c63-5b7a-9a5b-cd0a853c9607', 'b5bf3815-355e-43ea-8a27-73d546ac818e', 'KANJI', '紙');
INSERT INTO "vocabulary"."spelling" ("id", "vocabulary_id", "spelling_kind_code", "value") VALUES ('f9d75c25-0b86-5d86-b09d-553d2eeab7c7', 'b5bf3815-355e-43ea-8a27-73d546ac818e', 'HIRAGANA', 'かみ');
INSERT INTO "vocabulary"."spelling" ("id", "vocabulary_id", "spelling_kind_code", "value") VALUES ('051e9214-f76c-53ab-9ff0-55dd60b76e4a', 'b5bf3815-355e-43ea-8a27-73d546ac818e', 'KANJI', '紙');
INSERT INTO "vocabulary"."linkages" ("vocabulary_id", "preferred_definition_id", "preferred_spelling_id", "phonetic_spelling_id", "alt_phonetic_spelling_id", "kanji_spelling_id", "conjugation_set_id") VALUES ('b5bf3815-355e-43ea-8a27-73d546ac818e', '1fa3635e-cdd9-52f2-83ae-7e76b16268a1', '228c01ea-4c63-5b7a-9a5b-cd0a853c9607', 'f9d75c25-0b86-5d86-b09d-553d2eeab7c7', NULL, '051e9214-f76c-53ab-9ff0-55dd60b76e4a', NULL);
-- 罰点 | cross mark; × (incorrect) --;
INSERT INTO "vocabulary"."vocabulary" ("id", "word_class_code", "conjugation_kind_code", "jlpt_level", "row_num", "tags", "date_added") VALUES ('d688e5d6-0cea-436b-b796-a2f7f2928b0f', 'NOUN', NULL, NULL, 629, '{}', '2022-12-26');
INSERT INTO "vocabulary"."definition" ("id", "vocabulary_id", "sort_rank", "value") VALUES ('1aa6d08a-4c65-5fc0-99a8-7078c33487f8', 'd688e5d6-0cea-436b-b796-a2f7f2928b0f', 1, 'cross mark; × (incorrect)');
INSERT INTO "vocabulary"."spelling" ("id", "vocabulary_id", "spelling_kind_code", "value") VALUES ('2eec3311-1946-531a-9f7a-b17322857bb8', 'd688e5d6-0cea-436b-b796-a2f7f2928b0f', 'KANJI', '罰点');
INSERT INTO "vocabulary"."spelling" ("id", "vocabulary_id", "spelling_kind_code", "value") VALUES ('074b0d5f-0253-57e4-a09c-5ca4dc897aca', 'd688e5d6-0cea-436b-b796-a2f7f2928b0f', 'HIRAGANA', 'ばってん');
INSERT INTO "vocabulary"."spelling" ("id", "vocabulary_id", "spelling_kind_code", "value") VALUES ('834ea016-0a30-5043-b8ad-40b140c852ff', 'd688e5d6-0cea-436b-b796-a2f7f2928b0f', 'KANJI', '罰点');
INSERT INTO "vocabulary"."linkages" ("vocabulary_id", "preferred_definition_id", "preferred_spelling_id", "phonetic_spelling_id", "alt_phonetic_spelling_id", "kanji_spelling_id", "conjugation_set_id") VALUES ('d688e5d6-0cea-436b-b796-a2f7f2928b0f', '1aa6d08a-4c65-5fc0-99a8-7078c33487f8', '2eec3311-1946-531a-9f7a-b17322857bb8', '074b0d5f-0253-57e4-a09c-5ca4dc897aca', NULL, '834ea016-0a30-5043-b8ad-40b140c852ff', NULL);
-- 丸 | circle; ○ (correct mark) --;
INSERT INTO "vocabulary"."vocabulary" ("id", "word_class_code", "conjugation_kind_code", "jlpt_level", "row_num", "tags", "date_added") VALUES ('7e5656f4-f427-44aa-a4c4-3ebb119b3900', 'NOUN', NULL, 3, 630, '{}', '2022-12-26');
INSERT INTO "vocabulary"."definition" ("id", "vocabulary_id", "sort_rank", "value") VALUES ('7554f4ee-ceef-587f-baff-72c3cf97af17', '7e5656f4-f427-44aa-a4c4-3ebb119b3900', 1, 'circle; ○ (correct mark)');
INSERT INTO "vocabulary"."spelling" ("id", "vocabulary_id", "spelling_kind_code", "value") VALUES ('7b640158-8ec2-5f54-842a-d4baa7e1ddb8', '7e5656f4-f427-44aa-a4c4-3ebb119b3900', 'KANJI', '丸');
INSERT INTO "vocabulary"."spelling" ("id", "vocabulary_id", "spelling_kind_code", "value") VALUES ('7079986c-92f2-56f7-92ad-5d3c6a2384a0', '7e5656f4-f427-44aa-a4c4-3ebb119b3900', 'HIRAGANA', 'まる');
INSERT INTO "vocabulary"."spelling" ("id", "vocabulary_id", "spelling_kind_code", "value") VALUES ('f66a3ef1-cff2-595a-be58-d4f98c3347ef', '7e5656f4-f427-44aa-a4c4-3ebb119b3900', 'KANJI', '丸');
INSERT INTO "vocabulary"."linkages" ("vocabulary_id", "preferred_definition_id", "preferred_spelling_id", "phonetic_spelling_id", "alt_phonetic_spelling_id", "kanji_spelling_id", "conjugation_set_id") VALUES ('7e5656f4-f427-44aa-a4c4-3ebb119b3900', '7554f4ee-ceef-587f-baff-72c3cf97af17', '7b640158-8ec2-5f54-842a-d4baa7e1ddb8', '7079986c-92f2-56f7-92ad-5d3c6a2384a0', NULL, 'f66a3ef1-cff2-595a-be58-d4f98c3347ef', NULL);
-- 丸々 | plump, chubby; 〇〇 (placeholder) --;
INSERT INTO "vocabulary"."vocabulary" ("id", "word_class_code", "conjugation_kind_code", "jlpt_level", "row_num", "tags", "date_added") VALUES ('d864756e-dd31-48ab-8c50-b5c574c88f8f', 'NOUN', NULL, 1, 631, '{}', '2022-12-26');
INSERT INTO "vocabulary"."definition" ("id", "vocabulary_id", "sort_rank", "value") VALUES ('0d37e327-107e-580a-adf6-f9447a77d28a', 'd864756e-dd31-48ab-8c50-b5c574c88f8f', 1, 'plump, chubby; 〇〇 (placeholder)');
INSERT INTO "vocabulary"."spelling" ("id", "vocabulary_id", "spelling_kind_code", "value") VALUES ('7d359218-1c48-5130-abae-06d59a3576be', 'd864756e-dd31-48ab-8c50-b5c574c88f8f', 'KANJI', '丸々');
INSERT INTO "vocabulary"."spelling" ("id", "vocabulary_id", "spelling_kind_code", "value") VALUES ('332f12cf-68be-58ef-b2a3-d0e4ce81016a', 'd864756e-dd31-48ab-8c50-b5c574c88f8f', 'HIRAGANA', 'まるまる');
INSERT INTO "vocabulary"."spelling" ("id", "vocabulary_id", "spelling_kind_code", "value") VALUES ('cbb70b9f-f6a5-5c16-9e73-780c33d0c5ad', 'd864756e-dd31-48ab-8c50-b5c574c88f8f', 'KANJI', '丸々');
INSERT INTO "vocabulary"."linkages" ("vocabulary_id", "preferred_definition_id", "preferred_spelling_id", "phonetic_spelling_id", "alt_phonetic_spelling_id", "kanji_spelling_id", "conjugation_set_id") VALUES ('d864756e-dd31-48ab-8c50-b5c574c88f8f', '0d37e327-107e-580a-adf6-f9447a77d28a', '7d359218-1c48-5130-abae-06d59a3576be', '332f12cf-68be-58ef-b2a3-d0e4ce81016a', NULL, 'cbb70b9f-f6a5-5c16-9e73-780c33d0c5ad', NULL);
-- 花丸 | good-work award (💮) --;
INSERT INTO "vocabulary"."vocabulary" ("id", "word_class_code", "conjugation_kind_code", "jlpt_level", "row_num", "tags", "date_added") VALUES ('86f564c3-55ce-4b07-90ef-c08b55c4c73e', 'NOUN', NULL, NULL, 632, '{}', '2022-12-26');
INSERT INTO "vocabulary"."definition" ("id", "vocabulary_id", "sort_rank", "value") VALUES ('fdc382c6-07e5-540b-9265-8de1b2470ac0', '86f564c3-55ce-4b07-90ef-c08b55c4c73e', 1, 'good-work award (💮)');
INSERT INTO "vocabulary"."spelling" ("id", "vocabulary_id", "spelling_kind_code", "value") VALUES ('e40a8029-ac77-516b-b4f2-8e90e7ff8d9e', '86f564c3-55ce-4b07-90ef-c08b55c4c73e', 'KANJI', '花丸');
INSERT INTO "vocabulary"."spelling" ("id", "vocabulary_id", "spelling_kind_code", "value") VALUES ('9b32f3fe-8629-514c-94bb-8e8051ee868d', '86f564c3-55ce-4b07-90ef-c08b55c4c73e', 'HIRAGANA', 'はなまる');
INSERT INTO "vocabulary"."spelling" ("id", "vocabulary_id", "spelling_kind_code", "value") VALUES ('b1951288-3698-58cc-9eca-51b3fd20d2d7', '86f564c3-55ce-4b07-90ef-c08b55c4c73e', 'KANJI', '花丸');
INSERT INTO "vocabulary"."linkages" ("vocabulary_id", "preferred_definition_id", "preferred_spelling_id", "phonetic_spelling_id", "alt_phonetic_spelling_id", "kanji_spelling_id", "conjugation_set_id") VALUES ('86f564c3-55ce-4b07-90ef-c08b55c4c73e', 'fdc382c6-07e5-540b-9265-8de1b2470ac0', 'e40a8029-ac77-516b-b4f2-8e90e7ff8d9e', '9b32f3fe-8629-514c-94bb-8e8051ee868d', NULL, 'b1951288-3698-58cc-9eca-51b3fd20d2d7', NULL);
-- 家族 | family --;
INSERT INTO "vocabulary"."vocabulary" ("id", "word_class_code", "conjugation_kind_code", "jlpt_level", "row_num", "tags", "date_added") VALUES ('12601bce-455c-489e-a29e-6fdfa29fe960', 'NOUN', NULL, 5, 633, '{}', '2022-12-26');
INSERT INTO "vocabulary"."definition" ("id", "vocabulary_id", "sort_rank", "value") VALUES ('d4906ad5-3d7a-5ab6-8425-6b3568b32f51', '12601bce-455c-489e-a29e-6fdfa29fe960', 1, 'family');
INSERT INTO "vocabulary"."spelling" ("id", "vocabulary_id", "spelling_kind_code", "value") VALUES ('d34912b9-c6c0-57f4-b7f7-74de602eaca5', '12601bce-455c-489e-a29e-6fdfa29fe960', 'KANJI', '家族');
INSERT INTO "vocabulary"."spelling" ("id", "vocabulary_id", "spelling_kind_code", "value") VALUES ('76767b00-bcea-5e91-b75b-8ce8cbd873f9', '12601bce-455c-489e-a29e-6fdfa29fe960', 'HIRAGANA', 'かぞく');
INSERT INTO "vocabulary"."spelling" ("id", "vocabulary_id", "spelling_kind_code", "value") VALUES ('776839e4-4db2-5093-9795-aa27ee616f0a', '12601bce-455c-489e-a29e-6fdfa29fe960', 'KANJI', '家族');
INSERT INTO "vocabulary"."linkages" ("vocabulary_id", "preferred_definition_id", "preferred_spelling_id", "phonetic_spelling_id", "alt_phonetic_spelling_id", "kanji_spelling_id", "conjugation_set_id") VALUES ('12601bce-455c-489e-a29e-6fdfa29fe960', 'd4906ad5-3d7a-5ab6-8425-6b3568b32f51', 'd34912b9-c6c0-57f4-b7f7-74de602eaca5', '76767b00-bcea-5e91-b75b-8ce8cbd873f9', NULL, '776839e4-4db2-5093-9795-aa27ee616f0a', NULL);
INSERT INTO "vocabulary"."reference" ("vocabulary_id", "lesson_code") VALUES ('12601bce-455c-489e-a29e-6fdfa29fe960', 'GENKI3_L07');
-- おじいさん | grandfather; old man --;
INSERT INTO "vocabulary"."vocabulary" ("id", "word_class_code", "conjugation_kind_code", "jlpt_level", "row_num", "tags", "date_added") VALUES ('74d31e11-bfdc-4f59-9132-691c156311b2', 'NOUN', NULL, 4, 634, '{}', '2022-12-26');
INSERT INTO "vocabulary"."definition" ("id", "vocabulary_id", "sort_rank", "value") VALUES ('becdb70b-075e-52c1-85b2-ee2e66c13f29', '74d31e11-bfdc-4f59-9132-691c156311b2', 1, 'grandfather; old man');
INSERT INTO "vocabulary"."spelling" ("id", "vocabulary_id", "spelling_kind_code", "value") VALUES ('173597ac-65ba-5e4a-af87-559da337544b', '74d31e11-bfdc-4f59-9132-691c156311b2', 'HIRAGANA', 'おじいさん');
INSERT INTO "vocabulary"."spelling" ("id", "vocabulary_id", "spelling_kind_code", "value") VALUES ('6a1b0b27-150b-56a7-904c-948b88da2e1c', '74d31e11-bfdc-4f59-9132-691c156311b2', 'HIRAGANA', 'おじいさん');
INSERT INTO "vocabulary"."spelling" ("id", "vocabulary_id", "spelling_kind_code", "value") VALUES ('bd2b59bd-0522-51a3-bb60-f59434177528', '74d31e11-bfdc-4f59-9132-691c156311b2', 'KANJI', 'お祖父さん');
INSERT INTO "vocabulary"."linkages" ("vocabulary_id", "preferred_definition_id", "preferred_spelling_id", "phonetic_spelling_id", "alt_phonetic_spelling_id", "kanji_spelling_id", "conjugation_set_id") VALUES ('74d31e11-bfdc-4f59-9132-691c156311b2', 'becdb70b-075e-52c1-85b2-ee2e66c13f29', '173597ac-65ba-5e4a-af87-559da337544b', '6a1b0b27-150b-56a7-904c-948b88da2e1c', NULL, 'bd2b59bd-0522-51a3-bb60-f59434177528', NULL);
INSERT INTO "vocabulary"."reference" ("vocabulary_id", "lesson_code") VALUES ('74d31e11-bfdc-4f59-9132-691c156311b2', 'GENKI3_L07');
-- おばあさん | grandmother; old woman --;
INSERT INTO "vocabulary"."vocabulary" ("id", "word_class_code", "conjugation_kind_code", "jlpt_level", "row_num", "tags", "date_added") VALUES ('04217f8f-49cc-4214-a0a0-1ce19d526f2d', 'NOUN', NULL, 5, 635, '{}', '2022-12-26');
INSERT INTO "vocabulary"."definition" ("id", "vocabulary_id", "sort_rank", "value") VALUES ('ccdedb0b-b82d-5a69-a738-747618eb8bc5', '04217f8f-49cc-4214-a0a0-1ce19d526f2d', 1, 'grandmother; old woman');
INSERT INTO "vocabulary"."spelling" ("id", "vocabulary_id", "spelling_kind_code", "value") VALUES ('ed58a652-16c3-5972-9f69-24c217fa3bbe', '04217f8f-49cc-4214-a0a0-1ce19d526f2d', 'HIRAGANA', 'おばあさん');
INSERT INTO "vocabulary"."spelling" ("id", "vocabulary_id", "spelling_kind_code", "value") VALUES ('c4de7e19-666f-516e-872e-f14682e04870', '04217f8f-49cc-4214-a0a0-1ce19d526f2d', 'HIRAGANA', 'おばあさん');
INSERT INTO "vocabulary"."spelling" ("id", "vocabulary_id", "spelling_kind_code", "value") VALUES ('62dbdf69-707a-59e8-b0d1-81369db9bd8d', '04217f8f-49cc-4214-a0a0-1ce19d526f2d', 'KANJI', 'お祖母さん');
INSERT INTO "vocabulary"."linkages" ("vocabulary_id", "preferred_definition_id", "preferred_spelling_id", "phonetic_spelling_id", "alt_phonetic_spelling_id", "kanji_spelling_id", "conjugation_set_id") VALUES ('04217f8f-49cc-4214-a0a0-1ce19d526f2d', 'ccdedb0b-b82d-5a69-a738-747618eb8bc5', 'ed58a652-16c3-5972-9f69-24c217fa3bbe', 'c4de7e19-666f-516e-872e-f14682e04870', NULL, '62dbdf69-707a-59e8-b0d1-81369db9bd8d', NULL);
INSERT INTO "vocabulary"."reference" ("vocabulary_id", "lesson_code") VALUES ('04217f8f-49cc-4214-a0a0-1ce19d526f2d', 'GENKI3_L07');
-- 兄 | (my) older brother --;
INSERT INTO "vocabulary"."vocabulary" ("id", "word_class_code", "conjugation_kind_code", "jlpt_level", "row_num", "tags", "date_added") VALUES ('8ae6000c-4112-4a44-aeef-ca9ae03f005f', 'NOUN', NULL, 5, 636, '{}', '2022-12-26');
INSERT INTO "vocabulary"."definition" ("id", "vocabulary_id", "sort_rank", "value") VALUES ('6aff3ef7-c153-58c5-b85c-182e78dc7161', '8ae6000c-4112-4a44-aeef-ca9ae03f005f', 1, '(my) older brother');
INSERT INTO "vocabulary"."spelling" ("id", "vocabulary_id", "spelling_kind_code", "value") VALUES ('76474371-b2de-5d17-9bf9-2fb1cd35a490', '8ae6000c-4112-4a44-aeef-ca9ae03f005f', 'KANJI', '兄');
INSERT INTO "vocabulary"."spelling" ("id", "vocabulary_id", "spelling_kind_code", "value") VALUES ('bb721cc3-9c7e-55f1-af73-1480fc4ab3c8', '8ae6000c-4112-4a44-aeef-ca9ae03f005f', 'HIRAGANA', 'あに');
INSERT INTO "vocabulary"."spelling" ("id", "vocabulary_id", "spelling_kind_code", "value") VALUES ('bef866ab-d4f8-50e5-bf53-1d44c6877981', '8ae6000c-4112-4a44-aeef-ca9ae03f005f', 'KANJI', '兄');
INSERT INTO "vocabulary"."linkages" ("vocabulary_id", "preferred_definition_id", "preferred_spelling_id", "phonetic_spelling_id", "alt_phonetic_spelling_id", "kanji_spelling_id", "conjugation_set_id") VALUES ('8ae6000c-4112-4a44-aeef-ca9ae03f005f', '6aff3ef7-c153-58c5-b85c-182e78dc7161', '76474371-b2de-5d17-9bf9-2fb1cd35a490', 'bb721cc3-9c7e-55f1-af73-1480fc4ab3c8', NULL, 'bef866ab-d4f8-50e5-bf53-1d44c6877981', NULL);
INSERT INTO "vocabulary"."reference" ("vocabulary_id", "lesson_code") VALUES ('8ae6000c-4112-4a44-aeef-ca9ae03f005f', 'GENKI3_L07');
-- 姉 | (my) older sister --;
INSERT INTO "vocabulary"."vocabulary" ("id", "word_class_code", "conjugation_kind_code", "jlpt_level", "row_num", "tags", "date_added") VALUES ('50dbab1e-ed8f-443f-8e8e-084012c326d7', 'NOUN', NULL, 5, 637, '{}', '2022-12-26');
INSERT INTO "vocabulary"."definition" ("id", "vocabulary_id", "sort_rank", "value") VALUES ('3c507561-3e12-5f37-b823-93676a7b1bee', '50dbab1e-ed8f-443f-8e8e-084012c326d7', 1, '(my) older sister');
INSERT INTO "vocabulary"."spelling" ("id", "vocabulary_id", "spelling_kind_code", "value") VALUES ('0ad626ad-e27c-5f55-9b35-c797bf7055ba', '50dbab1e-ed8f-443f-8e8e-084012c326d7', 'KANJI', '姉');
INSERT INTO "vocabulary"."spelling" ("id", "vocabulary_id", "spelling_kind_code", "value") VALUES ('db1c7428-3944-5435-bec1-e4bd3503907a', '50dbab1e-ed8f-443f-8e8e-084012c326d7', 'HIRAGANA', 'あね');
INSERT INTO "vocabulary"."spelling" ("id", "vocabulary_id", "spelling_kind_code", "value") VALUES ('f954d19e-eb94-5410-a98e-96bc447aee18', '50dbab1e-ed8f-443f-8e8e-084012c326d7', 'KANJI', '姉');
INSERT INTO "vocabulary"."linkages" ("vocabulary_id", "preferred_definition_id", "preferred_spelling_id", "phonetic_spelling_id", "alt_phonetic_spelling_id", "kanji_spelling_id", "conjugation_set_id") VALUES ('50dbab1e-ed8f-443f-8e8e-084012c326d7', '3c507561-3e12-5f37-b823-93676a7b1bee', '0ad626ad-e27c-5f55-9b35-c797bf7055ba', 'db1c7428-3944-5435-bec1-e4bd3503907a', NULL, 'f954d19e-eb94-5410-a98e-96bc447aee18', NULL);
INSERT INTO "vocabulary"."reference" ("vocabulary_id", "lesson_code") VALUES ('50dbab1e-ed8f-443f-8e8e-084012c326d7', 'GENKI3_L07');
-- 男の人 | man --;
INSERT INTO "vocabulary"."vocabulary" ("id", "word_class_code", "conjugation_kind_code", "jlpt_level", "row_num", "tags", "date_added") VALUES ('5b1f6b01-3ae2-4eb7-9234-4f79aa796c41', 'NOUN', NULL, 3, 638, '{}', '2022-12-26');
INSERT INTO "vocabulary"."definition" ("id", "vocabulary_id", "sort_rank", "value") VALUES ('ddce3abc-ad51-5172-990e-fb1adc54f963', '5b1f6b01-3ae2-4eb7-9234-4f79aa796c41', 1, 'man');
INSERT INTO "vocabulary"."spelling" ("id", "vocabulary_id", "spelling_kind_code", "value") VALUES ('6557c90a-0966-5262-86dc-f4b4881298a4', '5b1f6b01-3ae2-4eb7-9234-4f79aa796c41', 'KANJI', '男の人');
INSERT INTO "vocabulary"."spelling" ("id", "vocabulary_id", "spelling_kind_code", "value") VALUES ('cd958339-a5aa-5ce0-aaf0-882d18d8850c', '5b1f6b01-3ae2-4eb7-9234-4f79aa796c41', 'HIRAGANA', 'おとこのひと');
INSERT INTO "vocabulary"."spelling" ("id", "vocabulary_id", "spelling_kind_code", "value") VALUES ('038a1e18-d38e-56df-9a79-3ac7de8de039', '5b1f6b01-3ae2-4eb7-9234-4f79aa796c41', 'KANJI', '男の人');
INSERT INTO "vocabulary"."linkages" ("vocabulary_id", "preferred_definition_id", "preferred_spelling_id", "phonetic_spelling_id", "alt_phonetic_spelling_id", "kanji_spelling_id", "conjugation_set_id") VALUES ('5b1f6b01-3ae2-4eb7-9234-4f79aa796c41', 'ddce3abc-ad51-5172-990e-fb1adc54f963', '6557c90a-0966-5262-86dc-f4b4881298a4', 'cd958339-a5aa-5ce0-aaf0-882d18d8850c', NULL, '038a1e18-d38e-56df-9a79-3ac7de8de039', NULL);
INSERT INTO "vocabulary"."reference" ("vocabulary_id", "lesson_code") VALUES ('5b1f6b01-3ae2-4eb7-9234-4f79aa796c41', 'GENKI3_L07');
-- 女の人 | woman --;
INSERT INTO "vocabulary"."vocabulary" ("id", "word_class_code", "conjugation_kind_code", "jlpt_level", "row_num", "tags", "date_added") VALUES ('876dd9d0-72db-4bba-8c34-80f62cb358fa', 'NOUN', NULL, 2, 639, '{}', '2022-12-26');
INSERT INTO "vocabulary"."definition" ("id", "vocabulary_id", "sort_rank", "value") VALUES ('0ecc3a57-0ca2-574d-a562-9aaf853385fc', '876dd9d0-72db-4bba-8c34-80f62cb358fa', 1, 'woman');
INSERT INTO "vocabulary"."spelling" ("id", "vocabulary_id", "spelling_kind_code", "value") VALUES ('036e6bc3-e69d-52da-9911-fc3d8d7691f9', '876dd9d0-72db-4bba-8c34-80f62cb358fa', 'KANJI', '女の人');
INSERT INTO "vocabulary"."spelling" ("id", "vocabulary_id", "spelling_kind_code", "value") VALUES ('b4602ecc-a350-51ec-b672-a7055246b0b8', '876dd9d0-72db-4bba-8c34-80f62cb358fa', 'HIRAGANA', 'おんあのひと');
INSERT INTO "vocabulary"."spelling" ("id", "vocabulary_id", "spelling_kind_code", "value") VALUES ('1ba5408d-c662-5908-87fc-8ae3369c6bed', '876dd9d0-72db-4bba-8c34-80f62cb358fa', 'KANJI', '女の人');
INSERT INTO "vocabulary"."linkages" ("vocabulary_id", "preferred_definition_id", "preferred_spelling_id", "phonetic_spelling_id", "alt_phonetic_spelling_id", "kanji_spelling_id", "conjugation_set_id") VALUES ('876dd9d0-72db-4bba-8c34-80f62cb358fa', '0ecc3a57-0ca2-574d-a562-9aaf853385fc', '036e6bc3-e69d-52da-9911-fc3d8d7691f9', 'b4602ecc-a350-51ec-b672-a7055246b0b8', NULL, '1ba5408d-c662-5908-87fc-8ae3369c6bed', NULL);
INSERT INTO "vocabulary"."reference" ("vocabulary_id", "lesson_code") VALUES ('876dd9d0-72db-4bba-8c34-80f62cb358fa', 'GENKI3_L07');
-- 食堂 | cafeteria; dining commons --;
INSERT INTO "vocabulary"."vocabulary" ("id", "word_class_code", "conjugation_kind_code", "jlpt_level", "row_num", "tags", "date_added") VALUES ('08fc35f2-25ad-4f21-8c9a-5e8b0ac46bcb', 'NOUN', NULL, 5, 640, '{}', '2022-12-26');
INSERT INTO "vocabulary"."definition" ("id", "vocabulary_id", "sort_rank", "value") VALUES ('58d783f1-0b47-55c4-9508-1f6dde6dd353', '08fc35f2-25ad-4f21-8c9a-5e8b0ac46bcb', 1, 'cafeteria; dining commons');
INSERT INTO "vocabulary"."spelling" ("id", "vocabulary_id", "spelling_kind_code", "value") VALUES ('35f16b39-8469-5c98-9d58-68b8bc569f51', '08fc35f2-25ad-4f21-8c9a-5e8b0ac46bcb', 'KANJI', '食堂');
INSERT INTO "vocabulary"."spelling" ("id", "vocabulary_id", "spelling_kind_code", "value") VALUES ('a4e1bdf3-79ad-5772-ad01-4c79f190a86b', '08fc35f2-25ad-4f21-8c9a-5e8b0ac46bcb', 'HIRAGANA', 'しょくどう');
INSERT INTO "vocabulary"."spelling" ("id", "vocabulary_id", "spelling_kind_code", "value") VALUES ('6ad0ee00-6d8b-547d-9972-99c2489d1dc4', '08fc35f2-25ad-4f21-8c9a-5e8b0ac46bcb', 'KANJI', '食堂');
INSERT INTO "vocabulary"."linkages" ("vocabulary_id", "preferred_definition_id", "preferred_spelling_id", "phonetic_spelling_id", "alt_phonetic_spelling_id", "kanji_spelling_id", "conjugation_set_id") VALUES ('08fc35f2-25ad-4f21-8c9a-5e8b0ac46bcb', '58d783f1-0b47-55c4-9508-1f6dde6dd353', '35f16b39-8469-5c98-9d58-68b8bc569f51', 'a4e1bdf3-79ad-5772-ad01-4c79f190a86b', NULL, '6ad0ee00-6d8b-547d-9972-99c2489d1dc4', NULL);
INSERT INTO "vocabulary"."reference" ("vocabulary_id", "lesson_code") VALUES ('08fc35f2-25ad-4f21-8c9a-5e8b0ac46bcb', 'GENKI3_L07');
-- デパート | department store --;
INSERT INTO "vocabulary"."vocabulary" ("id", "word_class_code", "conjugation_kind_code", "jlpt_level", "row_num", "tags", "date_added") VALUES ('ede7bbcc-5506-4d37-bbf2-802b22422332', 'NOUN', NULL, 5, 641, '{}', '2022-12-26');
INSERT INTO "vocabulary"."definition" ("id", "vocabulary_id", "sort_rank", "value") VALUES ('b49ae6ac-0b69-5832-9c13-f6c770f37f72', 'ede7bbcc-5506-4d37-bbf2-802b22422332', 1, 'department store');
INSERT INTO "vocabulary"."spelling" ("id", "vocabulary_id", "spelling_kind_code", "value") VALUES ('e8f7b5ae-9fed-5301-8d7c-aa0e0ed7f1f2', 'ede7bbcc-5506-4d37-bbf2-802b22422332', 'KATAKANA', 'デパート');
INSERT INTO "vocabulary"."spelling" ("id", "vocabulary_id", "spelling_kind_code", "value") VALUES ('903f469a-ad31-5300-941d-26806052f8e6', 'ede7bbcc-5506-4d37-bbf2-802b22422332', 'HIRAGANA', 'でぱあと');
INSERT INTO "vocabulary"."linkages" ("vocabulary_id", "preferred_definition_id", "preferred_spelling_id", "phonetic_spelling_id", "alt_phonetic_spelling_id", "kanji_spelling_id", "conjugation_set_id") VALUES ('ede7bbcc-5506-4d37-bbf2-802b22422332', 'b49ae6ac-0b69-5832-9c13-f6c770f37f72', 'e8f7b5ae-9fed-5301-8d7c-aa0e0ed7f1f2', '903f469a-ad31-5300-941d-26806052f8e6', NULL, NULL, NULL);
INSERT INTO "vocabulary"."reference" ("vocabulary_id", "lesson_code") VALUES ('ede7bbcc-5506-4d37-bbf2-802b22422332', 'GENKI3_L07');
-- 髪 | hair (on the head) --;
INSERT INTO "vocabulary"."vocabulary" ("id", "word_class_code", "conjugation_kind_code", "jlpt_level", "row_num", "tags", "date_added") VALUES ('fe9c2565-7cc3-4bbe-8c25-6a2302f83953', 'NOUN', NULL, 5, 642, '{}', '2022-12-26');
INSERT INTO "vocabulary"."definition" ("id", "vocabulary_id", "sort_rank", "value") VALUES ('e5ade95c-c127-5bb2-ad34-608c91c62463', 'fe9c2565-7cc3-4bbe-8c25-6a2302f83953', 1, 'hair (on the head)');
INSERT INTO "vocabulary"."spelling" ("id", "vocabulary_id", "spelling_kind_code", "value") VALUES ('50afacb8-48f5-54eb-8af5-ad7a441d1241', 'fe9c2565-7cc3-4bbe-8c25-6a2302f83953', 'KANJI', '髪');
INSERT INTO "vocabulary"."spelling" ("id", "vocabulary_id", "spelling_kind_code", "value") VALUES ('4f9b2c8c-1e29-56a0-a46b-030ed9429c28', 'fe9c2565-7cc3-4bbe-8c25-6a2302f83953', 'HIRAGANA', 'かみ');
INSERT INTO "vocabulary"."spelling" ("id", "vocabulary_id", "spelling_kind_code", "value") VALUES ('59991433-138e-59e9-a42f-9f85a6612989', 'fe9c2565-7cc3-4bbe-8c25-6a2302f83953', 'KANJI', '髪');
INSERT INTO "vocabulary"."linkages" ("vocabulary_id", "preferred_definition_id", "preferred_spelling_id", "phonetic_spelling_id", "alt_phonetic_spelling_id", "kanji_spelling_id", "conjugation_set_id") VALUES ('fe9c2565-7cc3-4bbe-8c25-6a2302f83953', 'e5ade95c-c127-5bb2-ad34-608c91c62463', '50afacb8-48f5-54eb-8af5-ad7a441d1241', '4f9b2c8c-1e29-56a0-a46b-030ed9429c28', NULL, '59991433-138e-59e9-a42f-9f85a6612989', NULL);
INSERT INTO "vocabulary"."reference" ("vocabulary_id", "lesson_code") VALUES ('fe9c2565-7cc3-4bbe-8c25-6a2302f83953', 'GENKI3_L07');
-- めがね | glasses --;
INSERT INTO "vocabulary"."vocabulary" ("id", "word_class_code", "conjugation_kind_code", "jlpt_level", "row_num", "tags", "date_added") VALUES ('9a7a411c-754d-4e0a-a0ba-0641b5dbec0e', 'NOUN', NULL, 5, 643, '{}', '2022-12-26');
INSERT INTO "vocabulary"."definition" ("id", "vocabulary_id", "sort_rank", "value") VALUES ('42d502c9-b821-5ce8-9984-7381ee41daa8', '9a7a411c-754d-4e0a-a0ba-0641b5dbec0e', 1, 'glasses');
INSERT INTO "vocabulary"."spelling" ("id", "vocabulary_id", "spelling_kind_code", "value") VALUES ('84987200-0465-5357-a599-8a9ff041570a', '9a7a411c-754d-4e0a-a0ba-0641b5dbec0e', 'HIRAGANA', 'めがね');
INSERT INTO "vocabulary"."spelling" ("id", "vocabulary_id", "spelling_kind_code", "value") VALUES ('4a3d5c30-3eb2-5cb0-8de8-51d8bfa43d97', '9a7a411c-754d-4e0a-a0ba-0641b5dbec0e', 'HIRAGANA', 'めがね');
INSERT INTO "vocabulary"."spelling" ("id", "vocabulary_id", "spelling_kind_code", "value") VALUES ('7c00dfa4-e9dd-5b84-8bef-cf6fff898cc2', '9a7a411c-754d-4e0a-a0ba-0641b5dbec0e', 'KANJI', '眼鏡');
INSERT INTO "vocabulary"."linkages" ("vocabulary_id", "preferred_definition_id", "preferred_spelling_id", "phonetic_spelling_id", "alt_phonetic_spelling_id", "kanji_spelling_id", "conjugation_set_id") VALUES ('9a7a411c-754d-4e0a-a0ba-0641b5dbec0e', '42d502c9-b821-5ce8-9984-7381ee41daa8', '84987200-0465-5357-a599-8a9ff041570a', '4a3d5c30-3eb2-5cb0-8de8-51d8bfa43d97', NULL, '7c00dfa4-e9dd-5b84-8bef-cf6fff898cc2', NULL);
INSERT INTO "vocabulary"."reference" ("vocabulary_id", "lesson_code") VALUES ('9a7a411c-754d-4e0a-a0ba-0641b5dbec0e', 'GENKI3_L07');
-- 歌 | song --;
INSERT INTO "vocabulary"."vocabulary" ("id", "word_class_code", "conjugation_kind_code", "jlpt_level", "row_num", "tags", "date_added") VALUES ('ea726385-922e-4bd4-a05e-85b7ca9d66b7', 'NOUN', NULL, 5, 644, '{}', '2022-12-26');
INSERT INTO "vocabulary"."definition" ("id", "vocabulary_id", "sort_rank", "value") VALUES ('fcbc301a-ba81-5c9a-b07b-7ea1d273ee79', 'ea726385-922e-4bd4-a05e-85b7ca9d66b7', 1, 'song');
INSERT INTO "vocabulary"."spelling" ("id", "vocabulary_id", "spelling_kind_code", "value") VALUES ('cb6ff3b3-5f06-54af-a77d-4a20511af77e', 'ea726385-922e-4bd4-a05e-85b7ca9d66b7', 'KANJI', '歌');
INSERT INTO "vocabulary"."spelling" ("id", "vocabulary_id", "spelling_kind_code", "value") VALUES ('f30a04c5-5002-51a9-9563-8134b95bda76', 'ea726385-922e-4bd4-a05e-85b7ca9d66b7', 'HIRAGANA', 'うた');
INSERT INTO "vocabulary"."spelling" ("id", "vocabulary_id", "spelling_kind_code", "value") VALUES ('c9d462b3-42b7-5e3b-8b3e-c237fb18f09f', 'ea726385-922e-4bd4-a05e-85b7ca9d66b7', 'KANJI', '歌');
INSERT INTO "vocabulary"."linkages" ("vocabulary_id", "preferred_definition_id", "preferred_spelling_id", "phonetic_spelling_id", "alt_phonetic_spelling_id", "kanji_spelling_id", "conjugation_set_id") VALUES ('ea726385-922e-4bd4-a05e-85b7ca9d66b7', 'fcbc301a-ba81-5c9a-b07b-7ea1d273ee79', 'cb6ff3b3-5f06-54af-a77d-4a20511af77e', 'f30a04c5-5002-51a9-9563-8134b95bda76', NULL, 'c9d462b3-42b7-5e3b-8b3e-c237fb18f09f', NULL);
INSERT INTO "vocabulary"."reference" ("vocabulary_id", "lesson_code") VALUES ('ea726385-922e-4bd4-a05e-85b7ca9d66b7', 'GENKI3_L07');
-- サークル | club; group with common interests --;
INSERT INTO "vocabulary"."vocabulary" ("id", "word_class_code", "conjugation_kind_code", "jlpt_level", "row_num", "tags", "date_added") VALUES ('74bc8dc3-881d-4428-b957-086adf3e18a2', 'NOUN', NULL, 2, 645, '{}', '2022-12-26');
INSERT INTO "vocabulary"."definition" ("id", "vocabulary_id", "sort_rank", "value") VALUES ('d2e647b7-dba7-5cc7-9863-13eceb0f2521', '74bc8dc3-881d-4428-b957-086adf3e18a2', 1, 'club; group with common interests');
INSERT INTO "vocabulary"."spelling" ("id", "vocabulary_id", "spelling_kind_code", "value") VALUES ('9571a041-d5a5-5279-ae36-e0992f238a0d', '74bc8dc3-881d-4428-b957-086adf3e18a2', 'KATAKANA', 'サークル');
INSERT INTO "vocabulary"."spelling" ("id", "vocabulary_id", "spelling_kind_code", "value") VALUES ('b0574dff-7ca3-57e2-b7f7-f64038263f39', '74bc8dc3-881d-4428-b957-086adf3e18a2', 'HIRAGANA', 'さあくる');
INSERT INTO "vocabulary"."linkages" ("vocabulary_id", "preferred_definition_id", "preferred_spelling_id", "phonetic_spelling_id", "alt_phonetic_spelling_id", "kanji_spelling_id", "conjugation_set_id") VALUES ('74bc8dc3-881d-4428-b957-086adf3e18a2', 'd2e647b7-dba7-5cc7-9863-13eceb0f2521', '9571a041-d5a5-5279-ae36-e0992f238a0d', 'b0574dff-7ca3-57e2-b7f7-f64038263f39', NULL, NULL, NULL);
INSERT INTO "vocabulary"."reference" ("vocabulary_id", "lesson_code") VALUES ('74bc8dc3-881d-4428-b957-086adf3e18a2', 'GENKI3_L07');
-- 車 | car --;
INSERT INTO "vocabulary"."vocabulary" ("id", "word_class_code", "conjugation_kind_code", "jlpt_level", "row_num", "tags", "date_added") VALUES ('2e35a029-8475-408a-bf4a-f56b7bd14035', 'NOUN', NULL, 5, 646, '{}', '2022-12-26');
INSERT INTO "vocabulary"."definition" ("id", "vocabulary_id", "sort_rank", "value") VALUES ('a4b23cad-2772-58a2-a057-d50e92cd550f', '2e35a029-8475-408a-bf4a-f56b7bd14035', 1, 'car');
INSERT INTO "vocabulary"."spelling" ("id", "vocabulary_id", "spelling_kind_code", "value") VALUES ('0420b45b-2ec0-59aa-989f-35aad89a31d1', '2e35a029-8475-408a-bf4a-f56b7bd14035', 'KANJI', '車');
INSERT INTO "vocabulary"."spelling" ("id", "vocabulary_id", "spelling_kind_code", "value") VALUES ('a7056ff9-32b3-5e5f-b209-d6c79f5f5d67', '2e35a029-8475-408a-bf4a-f56b7bd14035', 'HIRAGANA', 'くるま');
INSERT INTO "vocabulary"."spelling" ("id", "vocabulary_id", "spelling_kind_code", "value") VALUES ('0cca2bb4-1e72-5545-bef0-d523d1b921d2', '2e35a029-8475-408a-bf4a-f56b7bd14035', 'KANJI', '車');
INSERT INTO "vocabulary"."linkages" ("vocabulary_id", "preferred_definition_id", "preferred_spelling_id", "phonetic_spelling_id", "alt_phonetic_spelling_id", "kanji_spelling_id", "conjugation_set_id") VALUES ('2e35a029-8475-408a-bf4a-f56b7bd14035', 'a4b23cad-2772-58a2-a057-d50e92cd550f', '0420b45b-2ec0-59aa-989f-35aad89a31d1', 'a7056ff9-32b3-5e5f-b209-d6c79f5f5d67', NULL, '0cca2bb4-1e72-5545-bef0-d523d1b921d2', NULL);
INSERT INTO "vocabulary"."reference" ("vocabulary_id", "lesson_code") VALUES ('2e35a029-8475-408a-bf4a-f56b7bd14035', 'GENKI3_L07');
-- 自動車 | automobile --;
INSERT INTO "vocabulary"."vocabulary" ("id", "word_class_code", "conjugation_kind_code", "jlpt_level", "row_num", "tags", "date_added") VALUES ('deb28223-ab48-4a06-a709-fdb7202b3c2b', 'NOUN', NULL, 5, 647, '{}', '2022-12-26');
INSERT INTO "vocabulary"."definition" ("id", "vocabulary_id", "sort_rank", "value") VALUES ('02e1d677-8f45-52d3-9497-18258268db46', 'deb28223-ab48-4a06-a709-fdb7202b3c2b', 1, 'automobile');
INSERT INTO "vocabulary"."spelling" ("id", "vocabulary_id", "spelling_kind_code", "value") VALUES ('f4f29f95-d136-549c-ad66-9d3c306f7cc7', 'deb28223-ab48-4a06-a709-fdb7202b3c2b', 'KANJI', '自動車');
INSERT INTO "vocabulary"."spelling" ("id", "vocabulary_id", "spelling_kind_code", "value") VALUES ('2794a8ff-d20e-55ea-bf61-5a08cbe46f74', 'deb28223-ab48-4a06-a709-fdb7202b3c2b', 'HIRAGANA', 'じどうしゃ');
INSERT INTO "vocabulary"."spelling" ("id", "vocabulary_id", "spelling_kind_code", "value") VALUES ('0c031d3f-8318-54eb-9d9c-9f09814b7a68', 'deb28223-ab48-4a06-a709-fdb7202b3c2b', 'KANJI', '自動車');
INSERT INTO "vocabulary"."linkages" ("vocabulary_id", "preferred_definition_id", "preferred_spelling_id", "phonetic_spelling_id", "alt_phonetic_spelling_id", "kanji_spelling_id", "conjugation_set_id") VALUES ('deb28223-ab48-4a06-a709-fdb7202b3c2b', '02e1d677-8f45-52d3-9497-18258268db46', 'f4f29f95-d136-549c-ad66-9d3c306f7cc7', '2794a8ff-d20e-55ea-bf61-5a08cbe46f74', NULL, '0c031d3f-8318-54eb-9d9c-9f09814b7a68', NULL);
-- 結婚 | marriage --;
INSERT INTO "vocabulary"."vocabulary" ("id", "word_class_code", "conjugation_kind_code", "jlpt_level", "row_num", "tags", "date_added") VALUES ('fe3b37ac-f110-460c-800b-eee4a4f03654', 'NOUN', NULL, 5, 648, '{}', '2022-12-28');
INSERT INTO "vocabulary"."definition" ("id", "vocabulary_id", "sort_rank", "value") VALUES ('7734e133-4a56-5e8d-beb0-bcdce00cfd4f', 'fe3b37ac-f110-460c-800b-eee4a4f03654', 1, 'marriage');
INSERT INTO "vocabulary"."spelling" ("id", "vocabulary_id", "spelling_kind_code", "value") VALUES ('621d9899-2729-53f1-80a9-ae13f6ac7bcf', 'fe3b37ac-f110-460c-800b-eee4a4f03654', 'KANJI', '結婚');
INSERT INTO "vocabulary"."spelling" ("id", "vocabulary_id", "spelling_kind_code", "value") VALUES ('c42efff2-be33-586d-9dce-c08be497bc7e', 'fe3b37ac-f110-460c-800b-eee4a4f03654', 'HIRAGANA', 'けっこん');
INSERT INTO "vocabulary"."spelling" ("id", "vocabulary_id", "spelling_kind_code", "value") VALUES ('665a9957-03df-529f-a392-5f1ceee4739e', 'fe3b37ac-f110-460c-800b-eee4a4f03654', 'KANJI', '結婚');
INSERT INTO "vocabulary"."linkages" ("vocabulary_id", "preferred_definition_id", "preferred_spelling_id", "phonetic_spelling_id", "alt_phonetic_spelling_id", "kanji_spelling_id", "conjugation_set_id") VALUES ('fe3b37ac-f110-460c-800b-eee4a4f03654', '7734e133-4a56-5e8d-beb0-bcdce00cfd4f', '621d9899-2729-53f1-80a9-ae13f6ac7bcf', 'c42efff2-be33-586d-9dce-c08be497bc7e', NULL, '665a9957-03df-529f-a392-5f1ceee4739e', NULL);
INSERT INTO "vocabulary"."reference" ("vocabulary_id", "lesson_code") VALUES ('fe3b37ac-f110-460c-800b-eee4a4f03654', 'GENKI3_L07');
-- 長い | long --;
INSERT INTO "vocabulary"."vocabulary" ("id", "word_class_code", "conjugation_kind_code", "jlpt_level", "row_num", "tags", "date_added") VALUES ('cb27ecc4-69df-4a8f-8d7c-617a5feb4963', 'ADJECTIVE', 'I_ADJECTIVE', 5, 649, '{}', '2022-12-26');
INSERT INTO "vocabulary"."definition" ("id", "vocabulary_id", "sort_rank", "value") VALUES ('4acf57d4-d797-5a83-9a8c-87492bd3dbaa', 'cb27ecc4-69df-4a8f-8d7c-617a5feb4963', 1, 'long');
INSERT INTO "vocabulary"."spelling" ("id", "vocabulary_id", "spelling_kind_code", "value") VALUES ('161ad93d-5725-5c41-a478-0228362447ec', 'cb27ecc4-69df-4a8f-8d7c-617a5feb4963', 'KANJI', '長い');
INSERT INTO "vocabulary"."spelling" ("id", "vocabulary_id", "spelling_kind_code", "value") VALUES ('1ae78ab9-b73a-588d-bc38-dc92b4c64ece', 'cb27ecc4-69df-4a8f-8d7c-617a5feb4963', 'HIRAGANA', 'ながい');
INSERT INTO "vocabulary"."spelling" ("id", "vocabulary_id", "spelling_kind_code", "value") VALUES ('2355fda7-e97b-58f1-b818-5606523cf266', 'cb27ecc4-69df-4a8f-8d7c-617a5feb4963', 'KANJI', '長い');
INSERT INTO "vocabulary"."conjugation_set" ("id", "vocabulary_id") VALUES ('84660122-35e4-5c04-afea-01cd27754862', 'cb27ecc4-69df-4a8f-8d7c-617a5feb4963');
INSERT INTO "vocabulary"."linkages" ("vocabulary_id", "preferred_definition_id", "preferred_spelling_id", "phonetic_spelling_id", "alt_phonetic_spelling_id", "kanji_spelling_id", "conjugation_set_id") VALUES ('cb27ecc4-69df-4a8f-8d7c-617a5feb4963', '4acf57d4-d797-5a83-9a8c-87492bd3dbaa', '161ad93d-5725-5c41-a478-0228362447ec', '1ae78ab9-b73a-588d-bc38-dc92b4c64ece', NULL, '2355fda7-e97b-58f1-b818-5606523cf266', '84660122-35e4-5c04-afea-01cd27754862');
INSERT INTO "vocabulary"."reference" ("vocabulary_id", "lesson_code") VALUES ('cb27ecc4-69df-4a8f-8d7c-617a5feb4963', 'GENKI3_L07');
INSERT INTO "vocabulary"."conjugation" ("id", "conjugation_set_id", "politeness_code", "charge_code", "form_code", "sort_rank", "value") VALUES ('b4fc63fb-b0fd-54ce-a383-2d5e0e9884ae', '84660122-35e4-5c04-afea-01cd27754862', 'PLAIN', 'POSITIVE', 'PRESENT', 1, '長い');
INSERT INTO "vocabulary"."conjugation" ("id", "conjugation_set_id", "politeness_code", "charge_code", "form_code", "sort_rank", "value") VALUES ('13c030a9-1de8-5c84-987a-8c24d88c3545', '84660122-35e4-5c04-afea-01cd27754862', 'PLAIN', 'POSITIVE', 'PAST', 1, '長かった');
INSERT INTO "vocabulary"."conjugation" ("id", "conjugation_set_id", "politeness_code", "charge_code", "form_code", "sort_rank", "value") VALUES ('d5727442-b856-537b-bd15-37bc07cdffbe', '84660122-35e4-5c04-afea-01cd27754862', 'PLAIN', 'NEGATIVE', 'PRESENT', 1, '長くない');
INSERT INTO "vocabulary"."conjugation" ("id", "conjugation_set_id", "politeness_code", "charge_code", "form_code", "sort_rank", "value") VALUES ('50774da7-c823-57ff-8ee1-68698f1560db', '84660122-35e4-5c04-afea-01cd27754862', 'PLAIN', 'NEGATIVE', 'PAST', 1, '長くなかった');
-- 短い | short (length) --;
INSERT INTO "vocabulary"."vocabulary" ("id", "word_class_code", "conjugation_kind_code", "jlpt_level", "row_num", "tags", "date_added") VALUES ('511cc6ef-573e-4351-9e0b-ac5d1abaab97', 'ADJECTIVE', 'I_ADJECTIVE', 5, 650, '{}', '2022-12-26');
INSERT INTO "vocabulary"."definition" ("id", "vocabulary_id", "sort_rank", "value") VALUES ('9bdcd9ff-049c-5cbe-b199-beb420c82a71', '511cc6ef-573e-4351-9e0b-ac5d1abaab97', 1, 'short (length)');
INSERT INTO "vocabulary"."spelling" ("id", "vocabulary_id", "spelling_kind_code", "value") VALUES ('71d46c1c-4442-51fc-b202-c72f944be09b', '511cc6ef-573e-4351-9e0b-ac5d1abaab97', 'KANJI', '短い');
INSERT INTO "vocabulary"."spelling" ("id", "vocabulary_id", "spelling_kind_code", "value") VALUES ('aba35d74-4c63-5662-957d-2a8d01a1f761', '511cc6ef-573e-4351-9e0b-ac5d1abaab97', 'HIRAGANA', 'みじかい');
INSERT INTO "vocabulary"."spelling" ("id", "vocabulary_id", "spelling_kind_code", "value") VALUES ('cff7f17e-d302-583a-8db8-ed859999de26', '511cc6ef-573e-4351-9e0b-ac5d1abaab97', 'KANJI', '短い');
INSERT INTO "vocabulary"."conjugation_set" ("id", "vocabulary_id") VALUES ('53b52fb0-f8f8-5670-a24a-50d05f946f3d', '511cc6ef-573e-4351-9e0b-ac5d1abaab97');
INSERT INTO "vocabulary"."linkages" ("vocabulary_id", "preferred_definition_id", "preferred_spelling_id", "phonetic_spelling_id", "alt_phonetic_spelling_id", "kanji_spelling_id", "conjugation_set_id") VALUES ('511cc6ef-573e-4351-9e0b-ac5d1abaab97', '9bdcd9ff-049c-5cbe-b199-beb420c82a71', '71d46c1c-4442-51fc-b202-c72f944be09b', 'aba35d74-4c63-5662-957d-2a8d01a1f761', NULL, 'cff7f17e-d302-583a-8db8-ed859999de26', '53b52fb0-f8f8-5670-a24a-50d05f946f3d');
INSERT INTO "vocabulary"."reference" ("vocabulary_id", "lesson_code") VALUES ('511cc6ef-573e-4351-9e0b-ac5d1abaab97', 'GENKI3_L07');
INSERT INTO "vocabulary"."conjugation" ("id", "conjugation_set_id", "politeness_code", "charge_code", "form_code", "sort_rank", "value") VALUES ('3697f52e-f800-5e18-8f8a-2d03b2ccaad2', '53b52fb0-f8f8-5670-a24a-50d05f946f3d', 'PLAIN', 'POSITIVE', 'PRESENT', 1, '短い');
INSERT INTO "vocabulary"."conjugation" ("id", "conjugation_set_id", "politeness_code", "charge_code", "form_code", "sort_rank", "value") VALUES ('6742cec5-ab38-595e-9b67-c3ef96a2af00', '53b52fb0-f8f8-5670-a24a-50d05f946f3d', 'PLAIN', 'POSITIVE', 'PAST', 1, '短かった');
INSERT INTO "vocabulary"."conjugation" ("id", "conjugation_set_id", "politeness_code", "charge_code", "form_code", "sort_rank", "value") VALUES ('e36ecdcb-62f9-5430-a5bc-e94b7d62fa11', '53b52fb0-f8f8-5670-a24a-50d05f946f3d', 'PLAIN', 'NEGATIVE', 'PRESENT', 1, '短くない');
INSERT INTO "vocabulary"."conjugation" ("id", "conjugation_set_id", "politeness_code", "charge_code", "form_code", "sort_rank", "value") VALUES ('b68b15d5-3f50-562f-8b15-d45cfa3d93c3', '53b52fb0-f8f8-5670-a24a-50d05f946f3d', 'PLAIN', 'NEGATIVE', 'PAST', 1, '短くなかった');
-- 背が高い | tall (stature) --;
INSERT INTO "vocabulary"."vocabulary" ("id", "word_class_code", "conjugation_kind_code", "jlpt_level", "row_num", "tags", "date_added") VALUES ('37c41873-49cd-4de1-9f7c-95c626427047', 'ADJECTIVE', 'I_ADJECTIVE', NULL, 651, '{}', '2022-12-26');
INSERT INTO "vocabulary"."definition" ("id", "vocabulary_id", "sort_rank", "value") VALUES ('d163d575-a53c-53c8-b08f-18b0a82a6821', '37c41873-49cd-4de1-9f7c-95c626427047', 1, 'tall (stature)');
INSERT INTO "vocabulary"."spelling" ("id", "vocabulary_id", "spelling_kind_code", "value") VALUES ('2da2054d-d8ff-5f53-ae29-42abefbf63d1', '37c41873-49cd-4de1-9f7c-95c626427047', 'KANJI', '背が高い');
INSERT INTO "vocabulary"."spelling" ("id", "vocabulary_id", "spelling_kind_code", "value") VALUES ('a61fe373-5fbd-5f2d-acdd-a55259f26988', '37c41873-49cd-4de1-9f7c-95c626427047', 'HIRAGANA', 'せがたかい');
INSERT INTO "vocabulary"."spelling" ("id", "vocabulary_id", "spelling_kind_code", "value") VALUES ('8db59b30-38fe-57e4-94d3-0a4fabd64b14', '37c41873-49cd-4de1-9f7c-95c626427047', 'KANJI', '背が高い');
INSERT INTO "vocabulary"."conjugation_set" ("id", "vocabulary_id") VALUES ('652bdf03-13c6-5d86-8de9-596cdc50acd4', '37c41873-49cd-4de1-9f7c-95c626427047');
INSERT INTO "vocabulary"."linkages" ("vocabulary_id", "preferred_definition_id", "preferred_spelling_id", "phonetic_spelling_id", "alt_phonetic_spelling_id", "kanji_spelling_id", "conjugation_set_id") VALUES ('37c41873-49cd-4de1-9f7c-95c626427047', 'd163d575-a53c-53c8-b08f-18b0a82a6821', '2da2054d-d8ff-5f53-ae29-42abefbf63d1', 'a61fe373-5fbd-5f2d-acdd-a55259f26988', NULL, '8db59b30-38fe-57e4-94d3-0a4fabd64b14', '652bdf03-13c6-5d86-8de9-596cdc50acd4');
INSERT INTO "vocabulary"."reference" ("vocabulary_id", "lesson_code") VALUES ('37c41873-49cd-4de1-9f7c-95c626427047', 'GENKI3_L07');
INSERT INTO "vocabulary"."conjugation" ("id", "conjugation_set_id", "politeness_code", "charge_code", "form_code", "sort_rank", "value") VALUES ('9b94b33c-d978-5e2d-84c4-be7b9fe3d14b', '652bdf03-13c6-5d86-8de9-596cdc50acd4', 'PLAIN', 'POSITIVE', 'PRESENT', 1, '背が高い');
INSERT INTO "vocabulary"."conjugation" ("id", "conjugation_set_id", "politeness_code", "charge_code", "form_code", "sort_rank", "value") VALUES ('cc61513f-98f6-520f-8cf8-799cf253e889', '652bdf03-13c6-5d86-8de9-596cdc50acd4', 'PLAIN', 'POSITIVE', 'PAST', 1, '背が高かった');
INSERT INTO "vocabulary"."conjugation" ("id", "conjugation_set_id", "politeness_code", "charge_code", "form_code", "sort_rank", "value") VALUES ('45adcb2c-3659-511c-884f-79b45e05f4b1', '652bdf03-13c6-5d86-8de9-596cdc50acd4', 'PLAIN', 'NEGATIVE', 'PRESENT', 1, '背が高くない');
INSERT INTO "vocabulary"."conjugation" ("id", "conjugation_set_id", "politeness_code", "charge_code", "form_code", "sort_rank", "value") VALUES ('9ee654f4-b50d-52bd-a684-d04e81250189', '652bdf03-13c6-5d86-8de9-596cdc50acd4', 'PLAIN', 'NEGATIVE', 'PAST', 1, '背が高くなかった');
-- 背が低い | short (stature) --;
INSERT INTO "vocabulary"."vocabulary" ("id", "word_class_code", "conjugation_kind_code", "jlpt_level", "row_num", "tags", "date_added") VALUES ('b921252b-8f5f-424b-8efa-e87d9728e04c', 'ADJECTIVE', 'I_ADJECTIVE', NULL, 652, '{}', '2022-12-26');
INSERT INTO "vocabulary"."definition" ("id", "vocabulary_id", "sort_rank", "value") VALUES ('0491296d-53d2-5f64-8ec2-5ac8608cd839', 'b921252b-8f5f-424b-8efa-e87d9728e04c', 1, 'short (stature)');
INSERT INTO "vocabulary"."spelling" ("id", "vocabulary_id", "spelling_kind_code", "value") VALUES ('df958948-7591-5e0e-aa27-70407087434e', 'b921252b-8f5f-424b-8efa-e87d9728e04c', 'KANJI', '背が低い');
INSERT INTO "vocabulary"."spelling" ("id", "vocabulary_id", "spelling_kind_code", "value") VALUES ('2799ff9c-01cf-5d96-9659-6c85197101ff', 'b921252b-8f5f-424b-8efa-e87d9728e04c', 'HIRAGANA', 'せがひくい');
INSERT INTO "vocabulary"."spelling" ("id", "vocabulary_id", "spelling_kind_code", "value") VALUES ('8dc5d806-f0da-5e16-a693-1a5ef948cae7', 'b921252b-8f5f-424b-8efa-e87d9728e04c', 'KANJI', '背が低い');
INSERT INTO "vocabulary"."conjugation_set" ("id", "vocabulary_id") VALUES ('5d3370f2-9135-5ab2-ae6e-bc94ded2e062', 'b921252b-8f5f-424b-8efa-e87d9728e04c');
INSERT INTO "vocabulary"."linkages" ("vocabulary_id", "preferred_definition_id", "preferred_spelling_id", "phonetic_spelling_id", "alt_phonetic_spelling_id", "kanji_spelling_id", "conjugation_set_id") VALUES ('b921252b-8f5f-424b-8efa-e87d9728e04c', '0491296d-53d2-5f64-8ec2-5ac8608cd839', 'df958948-7591-5e0e-aa27-70407087434e', '2799ff9c-01cf-5d96-9659-6c85197101ff', NULL, '8dc5d806-f0da-5e16-a693-1a5ef948cae7', '5d3370f2-9135-5ab2-ae6e-bc94ded2e062');
INSERT INTO "vocabulary"."reference" ("vocabulary_id", "lesson_code") VALUES ('b921252b-8f5f-424b-8efa-e87d9728e04c', 'GENKI3_L07');
INSERT INTO "vocabulary"."conjugation" ("id", "conjugation_set_id", "politeness_code", "charge_code", "form_code", "sort_rank", "value") VALUES ('645ec37d-d49b-5547-b420-061839aabcae', '5d3370f2-9135-5ab2-ae6e-bc94ded2e062', 'PLAIN', 'POSITIVE', 'PRESENT', 1, '背が低い');
INSERT INTO "vocabulary"."conjugation" ("id", "conjugation_set_id", "politeness_code", "charge_code", "form_code", "sort_rank", "value") VALUES ('c5f50527-5e7b-5fb0-8d43-b3d36119b74e', '5d3370f2-9135-5ab2-ae6e-bc94ded2e062', 'PLAIN', 'POSITIVE', 'PAST', 1, '背が低かった');
INSERT INTO "vocabulary"."conjugation" ("id", "conjugation_set_id", "politeness_code", "charge_code", "form_code", "sort_rank", "value") VALUES ('3de72de9-413a-5792-9efd-08774a1af42d', '5d3370f2-9135-5ab2-ae6e-bc94ded2e062', 'PLAIN', 'NEGATIVE', 'PRESENT', 1, '背が低くない');
INSERT INTO "vocabulary"."conjugation" ("id", "conjugation_set_id", "politeness_code", "charge_code", "form_code", "sort_rank", "value") VALUES ('028a1107-b6ca-545a-98bd-a92e92034e55', '5d3370f2-9135-5ab2-ae6e-bc94ded2e062', 'PLAIN', 'NEGATIVE', 'PAST', 1, '背が低くなかった');
-- 頭 | head --;
INSERT INTO "vocabulary"."vocabulary" ("id", "word_class_code", "conjugation_kind_code", "jlpt_level", "row_num", "tags", "date_added") VALUES ('64aafc63-0368-4042-ba5b-17bdc79dc01a', 'NOUN', NULL, NULL, 653, '{}', '2023-01-28');
INSERT INTO "vocabulary"."definition" ("id", "vocabulary_id", "sort_rank", "value") VALUES ('5f32cbda-d97b-56f5-800d-709420a0ba72', '64aafc63-0368-4042-ba5b-17bdc79dc01a', 1, 'head');
INSERT INTO "vocabulary"."spelling" ("id", "vocabulary_id", "spelling_kind_code", "value") VALUES ('80053c65-a086-5c0e-a4f7-713b60a8934d', '64aafc63-0368-4042-ba5b-17bdc79dc01a', 'KANJI', '頭');
INSERT INTO "vocabulary"."spelling" ("id", "vocabulary_id", "spelling_kind_code", "value") VALUES ('42d6afbc-a62f-5bb3-af1b-ee26e0079e23', '64aafc63-0368-4042-ba5b-17bdc79dc01a', 'HIRAGANA', 'あたま');
INSERT INTO "vocabulary"."spelling" ("id", "vocabulary_id", "spelling_kind_code", "value") VALUES ('70456971-a52d-57a8-b17a-f28064a98da2', '64aafc63-0368-4042-ba5b-17bdc79dc01a', 'KANJI', '頭');
INSERT INTO "vocabulary"."linkages" ("vocabulary_id", "preferred_definition_id", "preferred_spelling_id", "phonetic_spelling_id", "alt_phonetic_spelling_id", "kanji_spelling_id", "conjugation_set_id") VALUES ('64aafc63-0368-4042-ba5b-17bdc79dc01a', '5f32cbda-d97b-56f5-800d-709420a0ba72', '80053c65-a086-5c0e-a4f7-713b60a8934d', '42d6afbc-a62f-5bb3-af1b-ee26e0079e23', NULL, '70456971-a52d-57a8-b17a-f28064a98da2', NULL);
-- 頭がいい | bright, smart, clever --;
INSERT INTO "vocabulary"."vocabulary" ("id", "word_class_code", "conjugation_kind_code", "jlpt_level", "row_num", "tags", "date_added") VALUES ('d77dfdc7-5046-4e92-85de-c42eb6e54473', 'ADJECTIVE', 'YOI_ADJECTIVE', NULL, 654, '{}', '2022-12-26');
INSERT INTO "vocabulary"."definition" ("id", "vocabulary_id", "sort_rank", "value") VALUES ('72522a50-4914-5746-a535-2dd96765723f', 'd77dfdc7-5046-4e92-85de-c42eb6e54473', 1, 'bright, smart, clever');
INSERT INTO "vocabulary"."spelling" ("id", "vocabulary_id", "spelling_kind_code", "value") VALUES ('e77b3519-4af3-5310-92a0-1bdbac7631be', 'd77dfdc7-5046-4e92-85de-c42eb6e54473', 'KANJI', '頭がいい');
INSERT INTO "vocabulary"."spelling" ("id", "vocabulary_id", "spelling_kind_code", "value") VALUES ('7996e719-a014-5d40-ad9a-b830e2d0f70d', 'd77dfdc7-5046-4e92-85de-c42eb6e54473', 'HIRAGANA', 'あたまがいい');
INSERT INTO "vocabulary"."spelling" ("id", "vocabulary_id", "spelling_kind_code", "value") VALUES ('488dd1ab-2ac9-5e98-b813-50266b57dcbb', 'd77dfdc7-5046-4e92-85de-c42eb6e54473', 'KANJI', '頭がいい');
INSERT INTO "vocabulary"."conjugation_set" ("id", "vocabulary_id") VALUES ('dbd7c934-88b5-5a87-8f30-44085477f792', 'd77dfdc7-5046-4e92-85de-c42eb6e54473');
INSERT INTO "vocabulary"."linkages" ("vocabulary_id", "preferred_definition_id", "preferred_spelling_id", "phonetic_spelling_id", "alt_phonetic_spelling_id", "kanji_spelling_id", "conjugation_set_id") VALUES ('d77dfdc7-5046-4e92-85de-c42eb6e54473', '72522a50-4914-5746-a535-2dd96765723f', 'e77b3519-4af3-5310-92a0-1bdbac7631be', '7996e719-a014-5d40-ad9a-b830e2d0f70d', NULL, '488dd1ab-2ac9-5e98-b813-50266b57dcbb', 'dbd7c934-88b5-5a87-8f30-44085477f792');
INSERT INTO "vocabulary"."reference" ("vocabulary_id", "lesson_code") VALUES ('d77dfdc7-5046-4e92-85de-c42eb6e54473', 'GENKI3_L07');
INSERT INTO "vocabulary"."conjugation" ("id", "conjugation_set_id", "politeness_code", "charge_code", "form_code", "sort_rank", "value") VALUES ('0aa41c25-31c4-5b3f-8b25-38c2a0297ef2', 'dbd7c934-88b5-5a87-8f30-44085477f792', 'PLAIN', 'POSITIVE', 'PRESENT', 1, '頭がいい');
INSERT INTO "vocabulary"."conjugation" ("id", "conjugation_set_id", "politeness_code", "charge_code", "form_code", "sort_rank", "value") VALUES ('c1c24fee-9341-5880-a1b4-63ca2ce2ee78', 'dbd7c934-88b5-5a87-8f30-44085477f792', 'PLAIN', 'POSITIVE', 'PAST', 1, '頭がよかった');
INSERT INTO "vocabulary"."conjugation" ("id", "conjugation_set_id", "politeness_code", "charge_code", "form_code", "sort_rank", "value") VALUES ('8ebd3062-5dff-5148-81a4-2a40f2d82f4c', 'dbd7c934-88b5-5a87-8f30-44085477f792', 'PLAIN', 'NEGATIVE', 'PRESENT', 1, '頭がよくない');
INSERT INTO "vocabulary"."conjugation" ("id", "conjugation_set_id", "politeness_code", "charge_code", "form_code", "sort_rank", "value") VALUES ('b2485bae-6d85-527e-b540-cd07a84eea6e', 'dbd7c934-88b5-5a87-8f30-44085477f792', 'PLAIN', 'NEGATIVE', 'PAST', 1, '頭がよくなかった');
-- 親切 | kind, gentle, friendly, nice --;
INSERT INTO "vocabulary"."vocabulary" ("id", "word_class_code", "conjugation_kind_code", "jlpt_level", "row_num", "tags", "date_added") VALUES ('b2a15708-d53d-4a6c-86b0-471bd76d6779', 'ADJECTIVE', 'NA_ADJECTIVE', 4, 655, '{}', '2022-12-26');
INSERT INTO "vocabulary"."definition" ("id", "vocabulary_id", "sort_rank", "value") VALUES ('634e7901-201e-5006-b2cf-3cfd14e76537', 'b2a15708-d53d-4a6c-86b0-471bd76d6779', 1, 'kind, gentle, friendly, nice');
INSERT INTO "vocabulary"."spelling" ("id", "vocabulary_id", "spelling_kind_code", "value") VALUES ('d048277e-e35c-5e27-a37c-baec08a6f428', 'b2a15708-d53d-4a6c-86b0-471bd76d6779', 'KANJI', '親切');
INSERT INTO "vocabulary"."spelling" ("id", "vocabulary_id", "spelling_kind_code", "value") VALUES ('78368969-cade-5970-b834-a247ea1e510f', 'b2a15708-d53d-4a6c-86b0-471bd76d6779', 'HIRAGANA', 'しんせつ');
INSERT INTO "vocabulary"."spelling" ("id", "vocabulary_id", "spelling_kind_code", "value") VALUES ('e09ca8c8-3835-5e38-9092-666f5546bec6', 'b2a15708-d53d-4a6c-86b0-471bd76d6779', 'KANJI', '親切');
INSERT INTO "vocabulary"."conjugation_set" ("id", "vocabulary_id") VALUES ('598866d1-c9b0-5928-9345-a93e6e1f2dbf', 'b2a15708-d53d-4a6c-86b0-471bd76d6779');
INSERT INTO "vocabulary"."linkages" ("vocabulary_id", "preferred_definition_id", "preferred_spelling_id", "phonetic_spelling_id", "alt_phonetic_spelling_id", "kanji_spelling_id", "conjugation_set_id") VALUES ('b2a15708-d53d-4a6c-86b0-471bd76d6779', '634e7901-201e-5006-b2cf-3cfd14e76537', 'd048277e-e35c-5e27-a37c-baec08a6f428', '78368969-cade-5970-b834-a247ea1e510f', NULL, 'e09ca8c8-3835-5e38-9092-666f5546bec6', '598866d1-c9b0-5928-9345-a93e6e1f2dbf');
INSERT INTO "vocabulary"."reference" ("vocabulary_id", "lesson_code") VALUES ('b2a15708-d53d-4a6c-86b0-471bd76d6779', 'GENKI3_L07');
INSERT INTO "vocabulary"."conjugation" ("id", "conjugation_set_id", "politeness_code", "charge_code", "form_code", "sort_rank", "value") VALUES ('7e6499a8-8e1b-5dbe-a565-7ee9e5844420', '598866d1-c9b0-5928-9345-a93e6e1f2dbf', 'PLAIN', 'POSITIVE', 'PRESENT', 1, '親切だ');
INSERT INTO "vocabulary"."conjugation" ("id", "conjugation_set_id", "politeness_code", "charge_code", "form_code", "sort_rank", "value") VALUES ('fac5e6e7-eb0f-5764-85d6-06241fdd64b3', '598866d1-c9b0-5928-9345-a93e6e1f2dbf', 'PLAIN', 'POSITIVE', 'PAST', 1, '親切だった');
INSERT INTO "vocabulary"."conjugation" ("id", "conjugation_set_id", "politeness_code", "charge_code", "form_code", "sort_rank", "value") VALUES ('8aa5088b-6360-5641-ade2-151fc76bd8d1', '598866d1-c9b0-5928-9345-a93e6e1f2dbf', 'PLAIN', 'NEGATIVE', 'PRESENT', 1, '親切じゃない');
INSERT INTO "vocabulary"."conjugation" ("id", "conjugation_set_id", "politeness_code", "charge_code", "form_code", "sort_rank", "value") VALUES ('27f71464-3c10-51e0-b681-60932bdb1d94', '598866d1-c9b0-5928-9345-a93e6e1f2dbf', 'PLAIN', 'NEGATIVE', 'PAST', 1, '親切じゃなかった');
-- 便利 | convenient --;
INSERT INTO "vocabulary"."vocabulary" ("id", "word_class_code", "conjugation_kind_code", "jlpt_level", "row_num", "tags", "date_added") VALUES ('1cdf6da4-2dab-494f-af52-eb0dd3cd624f', 'ADJECTIVE', 'NA_ADJECTIVE', 5, 656, '{}', '2022-12-26');
INSERT INTO "vocabulary"."definition" ("id", "vocabulary_id", "sort_rank", "value") VALUES ('3a83f135-4804-5aa1-91e0-1be80eb836c9', '1cdf6da4-2dab-494f-af52-eb0dd3cd624f', 1, 'convenient');
INSERT INTO "vocabulary"."spelling" ("id", "vocabulary_id", "spelling_kind_code", "value") VALUES ('f18a4056-9ae0-5e12-966a-b7b58b0d67a3', '1cdf6da4-2dab-494f-af52-eb0dd3cd624f', 'KANJI', '便利');
INSERT INTO "vocabulary"."spelling" ("id", "vocabulary_id", "spelling_kind_code", "value") VALUES ('15aff9aa-f541-5a28-9d1c-6ae80f2e5498', '1cdf6da4-2dab-494f-af52-eb0dd3cd624f', 'HIRAGANA', 'べんり');
INSERT INTO "vocabulary"."spelling" ("id", "vocabulary_id", "spelling_kind_code", "value") VALUES ('04e78dba-1c4b-5ccd-a561-fecf52181bf8', '1cdf6da4-2dab-494f-af52-eb0dd3cd624f', 'KANJI', '便利');
INSERT INTO "vocabulary"."conjugation_set" ("id", "vocabulary_id") VALUES ('188418ca-5bab-5277-bae7-751f24751398', '1cdf6da4-2dab-494f-af52-eb0dd3cd624f');
INSERT INTO "vocabulary"."linkages" ("vocabulary_id", "preferred_definition_id", "preferred_spelling_id", "phonetic_spelling_id", "alt_phonetic_spelling_id", "kanji_spelling_id", "conjugation_set_id") VALUES ('1cdf6da4-2dab-494f-af52-eb0dd3cd624f', '3a83f135-4804-5aa1-91e0-1be80eb836c9', 'f18a4056-9ae0-5e12-966a-b7b58b0d67a3', '15aff9aa-f541-5a28-9d1c-6ae80f2e5498', NULL, '04e78dba-1c4b-5ccd-a561-fecf52181bf8', '188418ca-5bab-5277-bae7-751f24751398');
INSERT INTO "vocabulary"."reference" ("vocabulary_id", "lesson_code") VALUES ('1cdf6da4-2dab-494f-af52-eb0dd3cd624f', 'GENKI3_L07');
INSERT INTO "vocabulary"."conjugation" ("id", "conjugation_set_id", "politeness_code", "charge_code", "form_code", "sort_rank", "value") VALUES ('e7cedebc-9543-5458-a42d-54a182bf95ca', '188418ca-5bab-5277-bae7-751f24751398', 'PLAIN', 'POSITIVE', 'PRESENT', 1, '便利だ');
INSERT INTO "vocabulary"."conjugation" ("id", "conjugation_set_id", "politeness_code", "charge_code", "form_code", "sort_rank", "value") VALUES ('717dbc6b-a7d2-53ad-9c53-df0ce35b0d14', '188418ca-5bab-5277-bae7-751f24751398', 'PLAIN', 'POSITIVE', 'PAST', 1, '便利だった');
INSERT INTO "vocabulary"."conjugation" ("id", "conjugation_set_id", "politeness_code", "charge_code", "form_code", "sort_rank", "value") VALUES ('7dba3e1f-0b84-5974-a5d7-af416876284f', '188418ca-5bab-5277-bae7-751f24751398', 'PLAIN', 'NEGATIVE', 'PRESENT', 1, '便利じゃない');
INSERT INTO "vocabulary"."conjugation" ("id", "conjugation_set_id", "politeness_code", "charge_code", "form_code", "sort_rank", "value") VALUES ('27c97479-d5dc-54b7-aaaa-a30fc7298162', '188418ca-5bab-5277-bae7-751f24751398', 'PLAIN', 'NEGATIVE', 'PAST', 1, '便利じゃなかった');
-- 歌う | to sing --;
INSERT INTO "vocabulary"."vocabulary" ("id", "word_class_code", "conjugation_kind_code", "jlpt_level", "row_num", "tags", "date_added") VALUES ('5420fa69-15ad-4fcc-8064-9fbbe42fdda0', 'VERB', 'GODAN_VERB', 5, 657, '{}', '2022-12-28');
INSERT INTO "vocabulary"."definition" ("id", "vocabulary_id", "sort_rank", "value") VALUES ('24624a2a-24f7-5fef-a7a7-1c6fe4193069', '5420fa69-15ad-4fcc-8064-9fbbe42fdda0', 1, 'to sing');
INSERT INTO "vocabulary"."spelling" ("id", "vocabulary_id", "spelling_kind_code", "value") VALUES ('3403c128-9e23-58be-8b49-652ef23a7056', '5420fa69-15ad-4fcc-8064-9fbbe42fdda0', 'KANJI', '歌う');
INSERT INTO "vocabulary"."spelling" ("id", "vocabulary_id", "spelling_kind_code", "value") VALUES ('bcc8de92-80da-5f65-89a0-6e3122c20548', '5420fa69-15ad-4fcc-8064-9fbbe42fdda0', 'HIRAGANA', 'うたう');
INSERT INTO "vocabulary"."spelling" ("id", "vocabulary_id", "spelling_kind_code", "value") VALUES ('1536a47c-4907-5038-b11e-dfe021706829', '5420fa69-15ad-4fcc-8064-9fbbe42fdda0', 'KANJI', '歌う');
INSERT INTO "vocabulary"."conjugation_set" ("id", "vocabulary_id") VALUES ('ad2eb4c0-9844-568a-b75c-16778720755c', '5420fa69-15ad-4fcc-8064-9fbbe42fdda0');
INSERT INTO "vocabulary"."linkages" ("vocabulary_id", "preferred_definition_id", "preferred_spelling_id", "phonetic_spelling_id", "alt_phonetic_spelling_id", "kanji_spelling_id", "conjugation_set_id") VALUES ('5420fa69-15ad-4fcc-8064-9fbbe42fdda0', '24624a2a-24f7-5fef-a7a7-1c6fe4193069', '3403c128-9e23-58be-8b49-652ef23a7056', 'bcc8de92-80da-5f65-89a0-6e3122c20548', NULL, '1536a47c-4907-5038-b11e-dfe021706829', 'ad2eb4c0-9844-568a-b75c-16778720755c');
INSERT INTO "vocabulary"."reference" ("vocabulary_id", "lesson_code") VALUES ('5420fa69-15ad-4fcc-8064-9fbbe42fdda0', 'GENKI3_L07');
INSERT INTO "vocabulary"."conjugation" ("id", "conjugation_set_id", "politeness_code", "charge_code", "form_code", "sort_rank", "value") VALUES ('d9a1ba46-22fa-5ff5-bc82-8f519625b1df', 'ad2eb4c0-9844-568a-b75c-16778720755c', 'PLAIN', 'POSITIVE', 'PRESENT', 1, '歌う');
INSERT INTO "vocabulary"."conjugation" ("id", "conjugation_set_id", "politeness_code", "charge_code", "form_code", "sort_rank", "value") VALUES ('14665131-2afb-5998-92b1-c383841b6725', 'ad2eb4c0-9844-568a-b75c-16778720755c', 'PLAIN', 'POSITIVE', 'PAST', 1, '歌った');
INSERT INTO "vocabulary"."conjugation" ("id", "conjugation_set_id", "politeness_code", "charge_code", "form_code", "sort_rank", "value") VALUES ('c920b531-a95c-5169-b4a9-5e3274a2afe2', 'ad2eb4c0-9844-568a-b75c-16778720755c', 'PLAIN', 'POSITIVE', 'TE', 1, '歌って');
INSERT INTO "vocabulary"."conjugation" ("id", "conjugation_set_id", "politeness_code", "charge_code", "form_code", "sort_rank", "value") VALUES ('22c18da2-4fea-5efd-b765-8478728312f1', 'ad2eb4c0-9844-568a-b75c-16778720755c', 'PLAIN', 'NEGATIVE', 'PRESENT', 1, '歌わない');
INSERT INTO "vocabulary"."conjugation" ("id", "conjugation_set_id", "politeness_code", "charge_code", "form_code", "sort_rank", "value") VALUES ('ae53967a-f33b-5b5f-8901-e634b7e34a34', 'ad2eb4c0-9844-568a-b75c-16778720755c', 'PLAIN', 'NEGATIVE', 'PAST', 1, '歌わなかった');
INSERT INTO "vocabulary"."conjugation" ("id", "conjugation_set_id", "politeness_code", "charge_code", "form_code", "sort_rank", "value") VALUES ('4117decf-81ba-5070-9ab8-c844b4c8b7fe', 'ad2eb4c0-9844-568a-b75c-16778720755c', 'PLAIN', 'NEGATIVE', 'TE', 1, '歌わなくて');
INSERT INTO "vocabulary"."conjugation" ("id", "conjugation_set_id", "politeness_code", "charge_code", "form_code", "sort_rank", "value") VALUES ('9486001f-db60-5c8f-828e-9adeac076193', 'ad2eb4c0-9844-568a-b75c-16778720755c', 'POLITE', 'POSITIVE', 'PRESENT', 1, '歌います');
INSERT INTO "vocabulary"."conjugation" ("id", "conjugation_set_id", "politeness_code", "charge_code", "form_code", "sort_rank", "value") VALUES ('540a7357-6a28-5273-98e0-62454bfaf6b7', 'ad2eb4c0-9844-568a-b75c-16778720755c', 'POLITE', 'POSITIVE', 'PAST', 1, '歌いました');
INSERT INTO "vocabulary"."conjugation" ("id", "conjugation_set_id", "politeness_code", "charge_code", "form_code", "sort_rank", "value") VALUES ('eabc4f3d-b724-5806-8346-e2ccaa603443', 'ad2eb4c0-9844-568a-b75c-16778720755c', 'POLITE', 'NEGATIVE', 'PRESENT', 1, '歌いません');
INSERT INTO "vocabulary"."conjugation" ("id", "conjugation_set_id", "politeness_code", "charge_code", "form_code", "sort_rank", "value") VALUES ('5e682d58-fc64-5731-b47c-cf44bacf4e4f', 'ad2eb4c0-9844-568a-b75c-16778720755c', 'POLITE', 'NEGATIVE', 'PAST', 1, '歌いませんでした');
-- かぶる | to put on (one's head) --;
INSERT INTO "vocabulary"."vocabulary" ("id", "word_class_code", "conjugation_kind_code", "jlpt_level", "row_num", "tags", "date_added") VALUES ('222790be-3f11-476e-80b0-3381f588a560', 'VERB', 'GODAN_VERB', 3, 658, '{}', '2022-12-28');
INSERT INTO "vocabulary"."definition" ("id", "vocabulary_id", "sort_rank", "value") VALUES ('2684dd6a-3ce5-5727-bb7d-cbfad10489dc', '222790be-3f11-476e-80b0-3381f588a560', 1, 'to put on (one''s head)');
INSERT INTO "vocabulary"."spelling" ("id", "vocabulary_id", "spelling_kind_code", "value") VALUES ('bbfc9d33-caae-5e17-b0f1-b9abcedf2de6', '222790be-3f11-476e-80b0-3381f588a560', 'HIRAGANA', 'かぶる');
INSERT INTO "vocabulary"."spelling" ("id", "vocabulary_id", "spelling_kind_code", "value") VALUES ('4c2f91cd-a471-53cd-9bf6-6d27a74e0def', '222790be-3f11-476e-80b0-3381f588a560', 'HIRAGANA', 'かぶる');
INSERT INTO "vocabulary"."spelling" ("id", "vocabulary_id", "spelling_kind_code", "value") VALUES ('15042b95-6336-502e-8109-0b652434ec8a', '222790be-3f11-476e-80b0-3381f588a560', 'KANJI', '被る');
INSERT INTO "vocabulary"."conjugation_set" ("id", "vocabulary_id") VALUES ('782ba18d-2c95-51a7-8b36-b67930bad07c', '222790be-3f11-476e-80b0-3381f588a560');
INSERT INTO "vocabulary"."linkages" ("vocabulary_id", "preferred_definition_id", "preferred_spelling_id", "phonetic_spelling_id", "alt_phonetic_spelling_id", "kanji_spelling_id", "conjugation_set_id") VALUES ('222790be-3f11-476e-80b0-3381f588a560', '2684dd6a-3ce5-5727-bb7d-cbfad10489dc', 'bbfc9d33-caae-5e17-b0f1-b9abcedf2de6', '4c2f91cd-a471-53cd-9bf6-6d27a74e0def', NULL, '15042b95-6336-502e-8109-0b652434ec8a', '782ba18d-2c95-51a7-8b36-b67930bad07c');
INSERT INTO "vocabulary"."reference" ("vocabulary_id", "lesson_code") VALUES ('222790be-3f11-476e-80b0-3381f588a560', 'GENKI3_L07');
INSERT INTO "vocabulary"."conjugation" ("id", "conjugation_set_id", "politeness_code", "charge_code", "form_code", "sort_rank", "value") VALUES ('c3a8d8ec-f485-5ae9-8d62-25a71603ee41', '782ba18d-2c95-51a7-8b36-b67930bad07c', 'PLAIN', 'POSITIVE', 'PRESENT', 1, 'かぶる');
INSERT INTO "vocabulary"."conjugation" ("id", "conjugation_set_id", "politeness_code", "charge_code", "form_code", "sort_rank", "value") VALUES ('cf0702c3-8431-505a-8310-d77183aac376', '782ba18d-2c95-51a7-8b36-b67930bad07c', 'PLAIN', 'POSITIVE', 'PAST', 1, 'かぶった');
INSERT INTO "vocabulary"."conjugation" ("id", "conjugation_set_id", "politeness_code", "charge_code", "form_code", "sort_rank", "value") VALUES ('81fa7daf-80b0-5a8b-bc9b-d9c3a1378b41', '782ba18d-2c95-51a7-8b36-b67930bad07c', 'PLAIN', 'POSITIVE', 'TE', 1, 'かぶって');
INSERT INTO "vocabulary"."conjugation" ("id", "conjugation_set_id", "politeness_code", "charge_code", "form_code", "sort_rank", "value") VALUES ('77c5b59a-8270-5c19-8567-3f3a0d363555', '782ba18d-2c95-51a7-8b36-b67930bad07c', 'PLAIN', 'NEGATIVE', 'PRESENT', 1, 'かぶらない');
INSERT INTO "vocabulary"."conjugation" ("id", "conjugation_set_id", "politeness_code", "charge_code", "form_code", "sort_rank", "value") VALUES ('738778b8-ad54-5ab2-a8e0-7f65f2cbc283', '782ba18d-2c95-51a7-8b36-b67930bad07c', 'PLAIN', 'NEGATIVE', 'PAST', 1, 'かぶらなかった');
INSERT INTO "vocabulary"."conjugation" ("id", "conjugation_set_id", "politeness_code", "charge_code", "form_code", "sort_rank", "value") VALUES ('37c2c520-649f-5f98-8cb1-8519c5ca749c', '782ba18d-2c95-51a7-8b36-b67930bad07c', 'PLAIN', 'NEGATIVE', 'TE', 1, 'かぶらなくて');
INSERT INTO "vocabulary"."conjugation" ("id", "conjugation_set_id", "politeness_code", "charge_code", "form_code", "sort_rank", "value") VALUES ('555910df-380a-50f4-b524-fec794d7cc0f', '782ba18d-2c95-51a7-8b36-b67930bad07c', 'POLITE', 'POSITIVE', 'PRESENT', 1, 'かぶります');
INSERT INTO "vocabulary"."conjugation" ("id", "conjugation_set_id", "politeness_code", "charge_code", "form_code", "sort_rank", "value") VALUES ('7086ef62-dbb3-544a-9e1d-ba2e2c13c1c5', '782ba18d-2c95-51a7-8b36-b67930bad07c', 'POLITE', 'POSITIVE', 'PAST', 1, 'かぶりました');
INSERT INTO "vocabulary"."conjugation" ("id", "conjugation_set_id", "politeness_code", "charge_code", "form_code", "sort_rank", "value") VALUES ('7d38a082-2b48-52b8-8206-0a828698c6b7', '782ba18d-2c95-51a7-8b36-b67930bad07c', 'POLITE', 'NEGATIVE', 'PRESENT', 1, 'かぶりません');
INSERT INTO "vocabulary"."conjugation" ("id", "conjugation_set_id", "politeness_code", "charge_code", "form_code", "sort_rank", "value") VALUES ('eefcfc1d-084c-5a3a-b694-3f6e45b2fb6d', '782ba18d-2c95-51a7-8b36-b67930bad07c', 'POLITE', 'NEGATIVE', 'PAST', 1, 'かぶりませんでした');
-- 履く | to put on (items below waist) --;
INSERT INTO "vocabulary"."vocabulary" ("id", "word_class_code", "conjugation_kind_code", "jlpt_level", "row_num", "tags", "date_added") VALUES ('a7925f9c-1028-42b1-891f-b2b04a34758a', 'VERB', 'GODAN_VERB', 3, 659, '{}', '2022-12-28');
INSERT INTO "vocabulary"."definition" ("id", "vocabulary_id", "sort_rank", "value") VALUES ('a2ef319e-16d2-5e40-97b0-bc1e5b4b25dc', 'a7925f9c-1028-42b1-891f-b2b04a34758a', 1, 'to put on (items below waist)');
INSERT INTO "vocabulary"."spelling" ("id", "vocabulary_id", "spelling_kind_code", "value") VALUES ('4e771c25-7762-5174-8015-a1fa04613863', 'a7925f9c-1028-42b1-891f-b2b04a34758a', 'KANJI', '履く');
INSERT INTO "vocabulary"."spelling" ("id", "vocabulary_id", "spelling_kind_code", "value") VALUES ('e0a989a4-9fae-5bd2-86ce-eeb38b5af7b1', 'a7925f9c-1028-42b1-891f-b2b04a34758a', 'HIRAGANA', 'はく');
INSERT INTO "vocabulary"."spelling" ("id", "vocabulary_id", "spelling_kind_code", "value") VALUES ('39dee4ee-7671-5c62-9b3d-949020b34d41', 'a7925f9c-1028-42b1-891f-b2b04a34758a', 'KANJI', '履く');
INSERT INTO "vocabulary"."conjugation_set" ("id", "vocabulary_id") VALUES ('78b5a9e0-dcac-5a5f-abd8-85d8176d0975', 'a7925f9c-1028-42b1-891f-b2b04a34758a');
INSERT INTO "vocabulary"."linkages" ("vocabulary_id", "preferred_definition_id", "preferred_spelling_id", "phonetic_spelling_id", "alt_phonetic_spelling_id", "kanji_spelling_id", "conjugation_set_id") VALUES ('a7925f9c-1028-42b1-891f-b2b04a34758a', 'a2ef319e-16d2-5e40-97b0-bc1e5b4b25dc', '4e771c25-7762-5174-8015-a1fa04613863', 'e0a989a4-9fae-5bd2-86ce-eeb38b5af7b1', NULL, '39dee4ee-7671-5c62-9b3d-949020b34d41', '78b5a9e0-dcac-5a5f-abd8-85d8176d0975');
INSERT INTO "vocabulary"."reference" ("vocabulary_id", "lesson_code") VALUES ('a7925f9c-1028-42b1-891f-b2b04a34758a', 'GENKI3_L07');
INSERT INTO "vocabulary"."conjugation" ("id", "conjugation_set_id", "politeness_code", "charge_code", "form_code", "sort_rank", "value") VALUES ('9166b263-9b33-54d8-85c8-ee852dcb9707', '78b5a9e0-dcac-5a5f-abd8-85d8176d0975', 'PLAIN', 'POSITIVE', 'PRESENT', 1, '履く');
INSERT INTO "vocabulary"."conjugation" ("id", "conjugation_set_id", "politeness_code", "charge_code", "form_code", "sort_rank", "value") VALUES ('c5683c49-c4ce-5f61-9c6e-9427f653d1d4', '78b5a9e0-dcac-5a5f-abd8-85d8176d0975', 'PLAIN', 'POSITIVE', 'PAST', 1, '履いた');
INSERT INTO "vocabulary"."conjugation" ("id", "conjugation_set_id", "politeness_code", "charge_code", "form_code", "sort_rank", "value") VALUES ('49bed5c9-777a-5860-ae9c-36ec8f2ceb1e', '78b5a9e0-dcac-5a5f-abd8-85d8176d0975', 'PLAIN', 'POSITIVE', 'TE', 1, '履いて');
INSERT INTO "vocabulary"."conjugation" ("id", "conjugation_set_id", "politeness_code", "charge_code", "form_code", "sort_rank", "value") VALUES ('1bb4b819-6f75-5ec3-819b-08dc0c3f076f', '78b5a9e0-dcac-5a5f-abd8-85d8176d0975', 'PLAIN', 'NEGATIVE', 'PRESENT', 1, '履かない');
INSERT INTO "vocabulary"."conjugation" ("id", "conjugation_set_id", "politeness_code", "charge_code", "form_code", "sort_rank", "value") VALUES ('cedfd779-ca12-54d2-b040-794d786986b1', '78b5a9e0-dcac-5a5f-abd8-85d8176d0975', 'PLAIN', 'NEGATIVE', 'PAST', 1, '履かなかった');
INSERT INTO "vocabulary"."conjugation" ("id", "conjugation_set_id", "politeness_code", "charge_code", "form_code", "sort_rank", "value") VALUES ('3de0f1c3-fc55-5e28-aca6-b94b10c6e301', '78b5a9e0-dcac-5a5f-abd8-85d8176d0975', 'PLAIN', 'NEGATIVE', 'TE', 1, '履かなくて');
INSERT INTO "vocabulary"."conjugation" ("id", "conjugation_set_id", "politeness_code", "charge_code", "form_code", "sort_rank", "value") VALUES ('d9e57788-fa52-5347-a2b4-2936cbef51d4', '78b5a9e0-dcac-5a5f-abd8-85d8176d0975', 'POLITE', 'POSITIVE', 'PRESENT', 1, '履きます');
INSERT INTO "vocabulary"."conjugation" ("id", "conjugation_set_id", "politeness_code", "charge_code", "form_code", "sort_rank", "value") VALUES ('bd97c1ef-5800-5aa0-998d-f8073caaf4b0', '78b5a9e0-dcac-5a5f-abd8-85d8176d0975', 'POLITE', 'POSITIVE', 'PAST', 1, '履きました');
INSERT INTO "vocabulary"."conjugation" ("id", "conjugation_set_id", "politeness_code", "charge_code", "form_code", "sort_rank", "value") VALUES ('06a2d0d9-67b0-5898-8358-7ac9e0142474', '78b5a9e0-dcac-5a5f-abd8-85d8176d0975', 'POLITE', 'NEGATIVE', 'PRESENT', 1, '履きません');
INSERT INTO "vocabulary"."conjugation" ("id", "conjugation_set_id", "politeness_code", "charge_code", "form_code", "sort_rank", "value") VALUES ('43e46b14-2ab0-59a2-8f70-6012953d7b2e', '78b5a9e0-dcac-5a5f-abd8-85d8176d0975', 'POLITE', 'NEGATIVE', 'PAST', 1, '履きませんでした');
-- 知っています | i know --;
INSERT INTO "vocabulary"."vocabulary" ("id", "word_class_code", "conjugation_kind_code", "jlpt_level", "row_num", "tags", "date_added") VALUES ('a2957ec5-7725-4d5d-803b-9ad297aef01b', 'EXPRESSION', NULL, NULL, 660, '{}', '2022-12-28');
INSERT INTO "vocabulary"."definition" ("id", "vocabulary_id", "sort_rank", "value") VALUES ('9cca1c8a-24f0-5a70-bb99-3e2ad0901972', 'a2957ec5-7725-4d5d-803b-9ad297aef01b', 1, 'i know');
INSERT INTO "vocabulary"."spelling" ("id", "vocabulary_id", "spelling_kind_code", "value") VALUES ('7fef7bbd-5934-5ec7-b20e-22cbb66743f9', 'a2957ec5-7725-4d5d-803b-9ad297aef01b', 'KANJI', '知っています');
INSERT INTO "vocabulary"."spelling" ("id", "vocabulary_id", "spelling_kind_code", "value") VALUES ('6d543fbc-7c12-5cf0-be50-54b9eb091080', 'a2957ec5-7725-4d5d-803b-9ad297aef01b', 'HIRAGANA', 'しっています');
INSERT INTO "vocabulary"."spelling" ("id", "vocabulary_id", "spelling_kind_code", "value") VALUES ('c5a2c424-f557-5c34-a050-767eed61613e', 'a2957ec5-7725-4d5d-803b-9ad297aef01b', 'KANJI', '知っています');
INSERT INTO "vocabulary"."linkages" ("vocabulary_id", "preferred_definition_id", "preferred_spelling_id", "phonetic_spelling_id", "alt_phonetic_spelling_id", "kanji_spelling_id", "conjugation_set_id") VALUES ('a2957ec5-7725-4d5d-803b-9ad297aef01b', '9cca1c8a-24f0-5a70-bb99-3e2ad0901972', '7fef7bbd-5934-5ec7-b20e-22cbb66743f9', '6d543fbc-7c12-5cf0-be50-54b9eb091080', NULL, 'c5a2c424-f557-5c34-a050-767eed61613e', NULL);
INSERT INTO "vocabulary"."reference" ("vocabulary_id", "lesson_code") VALUES ('a2957ec5-7725-4d5d-803b-9ad297aef01b', 'GENKI3_L07');
-- 知りません | I do not know --;
INSERT INTO "vocabulary"."vocabulary" ("id", "word_class_code", "conjugation_kind_code", "jlpt_level", "row_num", "tags", "date_added") VALUES ('0ebb5aeb-3c54-443d-896e-88705810cd12', 'EXPRESSION', NULL, NULL, 661, '{}', '2022-12-28');
INSERT INTO "vocabulary"."definition" ("id", "vocabulary_id", "sort_rank", "value") VALUES ('85622e9f-9a5b-58a4-ab0b-62ca78ce2b43', '0ebb5aeb-3c54-443d-896e-88705810cd12', 1, 'I do not know');
INSERT INTO "vocabulary"."spelling" ("id", "vocabulary_id", "spelling_kind_code", "value") VALUES ('c6f56375-18b1-5c93-98ce-bc3e8828400b', '0ebb5aeb-3c54-443d-896e-88705810cd12', 'KANJI', '知りません');
INSERT INTO "vocabulary"."spelling" ("id", "vocabulary_id", "spelling_kind_code", "value") VALUES ('45958dc4-53d7-5783-80c2-3b0929f06d18', '0ebb5aeb-3c54-443d-896e-88705810cd12', 'HIRAGANA', 'しりません');
INSERT INTO "vocabulary"."spelling" ("id", "vocabulary_id", "spelling_kind_code", "value") VALUES ('76b4f496-e8f0-5c55-9548-47d5a5bfd994', '0ebb5aeb-3c54-443d-896e-88705810cd12', 'KANJI', '知りません');
INSERT INTO "vocabulary"."linkages" ("vocabulary_id", "preferred_definition_id", "preferred_spelling_id", "phonetic_spelling_id", "alt_phonetic_spelling_id", "kanji_spelling_id", "conjugation_set_id") VALUES ('0ebb5aeb-3c54-443d-896e-88705810cd12', '85622e9f-9a5b-58a4-ab0b-62ca78ce2b43', 'c6f56375-18b1-5c93-98ce-bc3e8828400b', '45958dc4-53d7-5783-80c2-3b0929f06d18', NULL, '76b4f496-e8f0-5c55-9548-47d5a5bfd994', NULL);
INSERT INTO "vocabulary"."reference" ("vocabulary_id", "lesson_code") VALUES ('0ebb5aeb-3c54-443d-896e-88705810cd12', 'GENKI3_L07');
-- 〜にすんでいます | to live in/at --;
INSERT INTO "vocabulary"."vocabulary" ("id", "word_class_code", "conjugation_kind_code", "jlpt_level", "row_num", "tags", "date_added") VALUES ('28009363-b4e5-41da-bbb2-7ab5ebeb0bf6', 'SUFFIX', NULL, NULL, 662, '{}', '2022-12-28');
INSERT INTO "vocabulary"."definition" ("id", "vocabulary_id", "sort_rank", "value") VALUES ('d2f095c4-d363-5457-aaab-b2253f9b9cdd', '28009363-b4e5-41da-bbb2-7ab5ebeb0bf6', 1, 'to live in/at');
INSERT INTO "vocabulary"."spelling" ("id", "vocabulary_id", "spelling_kind_code", "value") VALUES ('5cb547b8-b8dd-5236-835a-1aad7cd1b148', '28009363-b4e5-41da-bbb2-7ab5ebeb0bf6', 'HIRAGANA', '〜にすんでいます');
INSERT INTO "vocabulary"."spelling" ("id", "vocabulary_id", "spelling_kind_code", "value") VALUES ('d678dd06-4da9-5913-8851-dc9f8b53abc0', '28009363-b4e5-41da-bbb2-7ab5ebeb0bf6', 'HIRAGANA', 'にすんでいます');
INSERT INTO "vocabulary"."linkages" ("vocabulary_id", "preferred_definition_id", "preferred_spelling_id", "phonetic_spelling_id", "alt_phonetic_spelling_id", "kanji_spelling_id", "conjugation_set_id") VALUES ('28009363-b4e5-41da-bbb2-7ab5ebeb0bf6', 'd2f095c4-d363-5457-aaab-b2253f9b9cdd', '5cb547b8-b8dd-5236-835a-1aad7cd1b148', 'd678dd06-4da9-5913-8851-dc9f8b53abc0', NULL, NULL, NULL);
INSERT INTO "vocabulary"."reference" ("vocabulary_id", "lesson_code") VALUES ('28009363-b4e5-41da-bbb2-7ab5ebeb0bf6', 'GENKI3_L07');
-- 働く | to work --;
INSERT INTO "vocabulary"."vocabulary" ("id", "word_class_code", "conjugation_kind_code", "jlpt_level", "row_num", "tags", "date_added") VALUES ('0f66ccc8-823e-4fe9-afb3-109c8aa212e1', 'VERB', 'GODAN_VERB', 5, 663, '{}', '2022-12-28');
INSERT INTO "vocabulary"."definition" ("id", "vocabulary_id", "sort_rank", "value") VALUES ('422634e8-6f77-5909-8d8d-19977281577e', '0f66ccc8-823e-4fe9-afb3-109c8aa212e1', 1, 'to work');
INSERT INTO "vocabulary"."spelling" ("id", "vocabulary_id", "spelling_kind_code", "value") VALUES ('c053967a-343d-5f71-ba3d-efd26c3a6df9', '0f66ccc8-823e-4fe9-afb3-109c8aa212e1', 'KANJI', '働く');
INSERT INTO "vocabulary"."spelling" ("id", "vocabulary_id", "spelling_kind_code", "value") VALUES ('88eec23b-d059-5197-9b59-192aecc7f691', '0f66ccc8-823e-4fe9-afb3-109c8aa212e1', 'HIRAGANA', 'はたらく');
INSERT INTO "vocabulary"."spelling" ("id", "vocabulary_id", "spelling_kind_code", "value") VALUES ('1b89f2f8-e47b-5e1c-8cfc-ac26c6934e47', '0f66ccc8-823e-4fe9-afb3-109c8aa212e1', 'KANJI', '働く');
INSERT INTO "vocabulary"."conjugation_set" ("id", "vocabulary_id") VALUES ('74247ec1-54bd-57de-9854-153949be584d', '0f66ccc8-823e-4fe9-afb3-109c8aa212e1');
INSERT INTO "vocabulary"."linkages" ("vocabulary_id", "preferred_definition_id", "preferred_spelling_id", "phonetic_spelling_id", "alt_phonetic_spelling_id", "kanji_spelling_id", "conjugation_set_id") VALUES ('0f66ccc8-823e-4fe9-afb3-109c8aa212e1', '422634e8-6f77-5909-8d8d-19977281577e', 'c053967a-343d-5f71-ba3d-efd26c3a6df9', '88eec23b-d059-5197-9b59-192aecc7f691', NULL, '1b89f2f8-e47b-5e1c-8cfc-ac26c6934e47', '74247ec1-54bd-57de-9854-153949be584d');
INSERT INTO "vocabulary"."reference" ("vocabulary_id", "lesson_code") VALUES ('0f66ccc8-823e-4fe9-afb3-109c8aa212e1', 'GENKI3_L07');
INSERT INTO "vocabulary"."conjugation" ("id", "conjugation_set_id", "politeness_code", "charge_code", "form_code", "sort_rank", "value") VALUES ('1499544d-a5e5-5209-8206-2adf6f817724', '74247ec1-54bd-57de-9854-153949be584d', 'PLAIN', 'POSITIVE', 'PRESENT', 1, '働く');
INSERT INTO "vocabulary"."conjugation" ("id", "conjugation_set_id", "politeness_code", "charge_code", "form_code", "sort_rank", "value") VALUES ('06bb110a-07ca-5076-822b-170f81e4c5e4', '74247ec1-54bd-57de-9854-153949be584d', 'PLAIN', 'POSITIVE', 'PAST', 1, '働いた');
INSERT INTO "vocabulary"."conjugation" ("id", "conjugation_set_id", "politeness_code", "charge_code", "form_code", "sort_rank", "value") VALUES ('982e07be-0dff-5161-9637-e514a399cd4d', '74247ec1-54bd-57de-9854-153949be584d', 'PLAIN', 'POSITIVE', 'TE', 1, '働いて');
INSERT INTO "vocabulary"."conjugation" ("id", "conjugation_set_id", "politeness_code", "charge_code", "form_code", "sort_rank", "value") VALUES ('c14e5dbe-0e34-5a77-9dab-49952b2da0ec', '74247ec1-54bd-57de-9854-153949be584d', 'PLAIN', 'NEGATIVE', 'PRESENT', 1, '働かない');
INSERT INTO "vocabulary"."conjugation" ("id", "conjugation_set_id", "politeness_code", "charge_code", "form_code", "sort_rank", "value") VALUES ('0c1f42be-9474-51a1-86bd-a43d5e2f6d7d', '74247ec1-54bd-57de-9854-153949be584d', 'PLAIN', 'NEGATIVE', 'PAST', 1, '働かなかった');
INSERT INTO "vocabulary"."conjugation" ("id", "conjugation_set_id", "politeness_code", "charge_code", "form_code", "sort_rank", "value") VALUES ('c3064e24-f2bd-5ee8-ad5a-773aa56f1c01', '74247ec1-54bd-57de-9854-153949be584d', 'PLAIN', 'NEGATIVE', 'TE', 1, '働かなくて');
INSERT INTO "vocabulary"."conjugation" ("id", "conjugation_set_id", "politeness_code", "charge_code", "form_code", "sort_rank", "value") VALUES ('5ef234e9-6d2c-56af-802c-7f8613e1e85e', '74247ec1-54bd-57de-9854-153949be584d', 'POLITE', 'POSITIVE', 'PRESENT', 1, '働きます');
INSERT INTO "vocabulary"."conjugation" ("id", "conjugation_set_id", "politeness_code", "charge_code", "form_code", "sort_rank", "value") VALUES ('bd0bc82a-7398-5a50-9ba2-37e08940164b', '74247ec1-54bd-57de-9854-153949be584d', 'POLITE', 'POSITIVE', 'PAST', 1, '働きました');
INSERT INTO "vocabulary"."conjugation" ("id", "conjugation_set_id", "politeness_code", "charge_code", "form_code", "sort_rank", "value") VALUES ('cdb2bdbc-808b-595a-b534-2a7ca882e5e8', '74247ec1-54bd-57de-9854-153949be584d', 'POLITE', 'NEGATIVE', 'PRESENT', 1, '働きません');
INSERT INTO "vocabulary"."conjugation" ("id", "conjugation_set_id", "politeness_code", "charge_code", "form_code", "sort_rank", "value") VALUES ('c7773de8-75d5-5ad3-a179-6611756eb6ac', '74247ec1-54bd-57de-9854-153949be584d', 'POLITE', 'NEGATIVE', 'PAST', 1, '働きませんでした');
-- 太る | to gain weight --;
INSERT INTO "vocabulary"."vocabulary" ("id", "word_class_code", "conjugation_kind_code", "jlpt_level", "row_num", "tags", "date_added") VALUES ('0ef4603a-e224-4fd9-9993-7f1430bf1b27', 'VERB', 'GODAN_VERB', 5, 664, '{}', '2022-12-28');
INSERT INTO "vocabulary"."definition" ("id", "vocabulary_id", "sort_rank", "value") VALUES ('1f312656-823a-5b2b-82a3-6e7853d3cdd3', '0ef4603a-e224-4fd9-9993-7f1430bf1b27', 1, 'to gain weight');
INSERT INTO "vocabulary"."spelling" ("id", "vocabulary_id", "spelling_kind_code", "value") VALUES ('15b89fb8-3124-572e-944f-9925681d5f7f', '0ef4603a-e224-4fd9-9993-7f1430bf1b27', 'KANJI', '太る');
INSERT INTO "vocabulary"."spelling" ("id", "vocabulary_id", "spelling_kind_code", "value") VALUES ('3e13996e-deb1-58a3-a49f-2bbed5d4ad66', '0ef4603a-e224-4fd9-9993-7f1430bf1b27', 'HIRAGANA', 'ふとる');
INSERT INTO "vocabulary"."spelling" ("id", "vocabulary_id", "spelling_kind_code", "value") VALUES ('f1b0f972-7dee-5c30-a052-c4ddb3b83a6a', '0ef4603a-e224-4fd9-9993-7f1430bf1b27', 'KANJI', '太る');
INSERT INTO "vocabulary"."conjugation_set" ("id", "vocabulary_id") VALUES ('b6bda6ff-33ea-544e-b6fc-d43548a39525', '0ef4603a-e224-4fd9-9993-7f1430bf1b27');
INSERT INTO "vocabulary"."linkages" ("vocabulary_id", "preferred_definition_id", "preferred_spelling_id", "phonetic_spelling_id", "alt_phonetic_spelling_id", "kanji_spelling_id", "conjugation_set_id") VALUES ('0ef4603a-e224-4fd9-9993-7f1430bf1b27', '1f312656-823a-5b2b-82a3-6e7853d3cdd3', '15b89fb8-3124-572e-944f-9925681d5f7f', '3e13996e-deb1-58a3-a49f-2bbed5d4ad66', NULL, 'f1b0f972-7dee-5c30-a052-c4ddb3b83a6a', 'b6bda6ff-33ea-544e-b6fc-d43548a39525');
INSERT INTO "vocabulary"."reference" ("vocabulary_id", "lesson_code") VALUES ('0ef4603a-e224-4fd9-9993-7f1430bf1b27', 'GENKI3_L07');
INSERT INTO "vocabulary"."conjugation" ("id", "conjugation_set_id", "politeness_code", "charge_code", "form_code", "sort_rank", "value") VALUES ('4c65fc6c-31de-5f2e-9c8a-3c0242ab19c0', 'b6bda6ff-33ea-544e-b6fc-d43548a39525', 'PLAIN', 'POSITIVE', 'PRESENT', 1, '太る');
INSERT INTO "vocabulary"."conjugation" ("id", "conjugation_set_id", "politeness_code", "charge_code", "form_code", "sort_rank", "value") VALUES ('bd5936e6-60c4-5630-bae9-8ee18fa71b9a', 'b6bda6ff-33ea-544e-b6fc-d43548a39525', 'PLAIN', 'POSITIVE', 'PAST', 1, '太った');
INSERT INTO "vocabulary"."conjugation" ("id", "conjugation_set_id", "politeness_code", "charge_code", "form_code", "sort_rank", "value") VALUES ('443298e2-d547-5197-b427-0c648fd79419', 'b6bda6ff-33ea-544e-b6fc-d43548a39525', 'PLAIN', 'POSITIVE', 'TE', 1, '太って');
INSERT INTO "vocabulary"."conjugation" ("id", "conjugation_set_id", "politeness_code", "charge_code", "form_code", "sort_rank", "value") VALUES ('4b0975d8-2846-517f-9125-6dffe0b7d6b5', 'b6bda6ff-33ea-544e-b6fc-d43548a39525', 'PLAIN', 'NEGATIVE', 'PRESENT', 1, '太らない');
INSERT INTO "vocabulary"."conjugation" ("id", "conjugation_set_id", "politeness_code", "charge_code", "form_code", "sort_rank", "value") VALUES ('6c851f5e-4420-5c0b-901a-0622fb5550e9', 'b6bda6ff-33ea-544e-b6fc-d43548a39525', 'PLAIN', 'NEGATIVE', 'PAST', 1, '太らなかった');
INSERT INTO "vocabulary"."conjugation" ("id", "conjugation_set_id", "politeness_code", "charge_code", "form_code", "sort_rank", "value") VALUES ('cc1d1a80-369e-5488-a0c4-d7575bd18c96', 'b6bda6ff-33ea-544e-b6fc-d43548a39525', 'PLAIN', 'NEGATIVE', 'TE', 1, '太らなくて');
INSERT INTO "vocabulary"."conjugation" ("id", "conjugation_set_id", "politeness_code", "charge_code", "form_code", "sort_rank", "value") VALUES ('6696f049-3970-5f51-8ca5-0d1fc9bde02a', 'b6bda6ff-33ea-544e-b6fc-d43548a39525', 'POLITE', 'POSITIVE', 'PRESENT', 1, '太ります');
INSERT INTO "vocabulary"."conjugation" ("id", "conjugation_set_id", "politeness_code", "charge_code", "form_code", "sort_rank", "value") VALUES ('2b3ab19e-b2b2-577a-9425-6a34e916aa0f', 'b6bda6ff-33ea-544e-b6fc-d43548a39525', 'POLITE', 'POSITIVE', 'PAST', 1, '太りました');
INSERT INTO "vocabulary"."conjugation" ("id", "conjugation_set_id", "politeness_code", "charge_code", "form_code", "sort_rank", "value") VALUES ('289bd3a1-c057-5cbe-b655-1ba17c1d7f6d', 'b6bda6ff-33ea-544e-b6fc-d43548a39525', 'POLITE', 'NEGATIVE', 'PRESENT', 1, '太りません');
INSERT INTO "vocabulary"."conjugation" ("id", "conjugation_set_id", "politeness_code", "charge_code", "form_code", "sort_rank", "value") VALUES ('c1aa0dff-4368-5473-aab0-68aa07dcff53', 'b6bda6ff-33ea-544e-b6fc-d43548a39525', 'POLITE', 'NEGATIVE', 'PAST', 1, '太りませんでした');
-- 太っています | overweight --;
INSERT INTO "vocabulary"."vocabulary" ("id", "word_class_code", "conjugation_kind_code", "jlpt_level", "row_num", "tags", "date_added") VALUES ('1965b2ae-4c4e-4cce-8f27-e323e4f2d5fe', 'EXPRESSION', NULL, NULL, 665, '{}', '2022-12-28');
INSERT INTO "vocabulary"."definition" ("id", "vocabulary_id", "sort_rank", "value") VALUES ('adc52d6b-52a6-578e-b8f7-8eb059066df8', '1965b2ae-4c4e-4cce-8f27-e323e4f2d5fe', 1, 'overweight');
INSERT INTO "vocabulary"."spelling" ("id", "vocabulary_id", "spelling_kind_code", "value") VALUES ('97f810d4-7b07-5496-9290-a6f02ba0f504', '1965b2ae-4c4e-4cce-8f27-e323e4f2d5fe', 'KANJI', '太っています');
INSERT INTO "vocabulary"."spelling" ("id", "vocabulary_id", "spelling_kind_code", "value") VALUES ('3b017aa7-9844-5084-a1e0-7e5801930995', '1965b2ae-4c4e-4cce-8f27-e323e4f2d5fe', 'HIRAGANA', 'ふとっています');
INSERT INTO "vocabulary"."spelling" ("id", "vocabulary_id", "spelling_kind_code", "value") VALUES ('b49e4f47-3358-5294-ad5a-53dd28254c74', '1965b2ae-4c4e-4cce-8f27-e323e4f2d5fe', 'KANJI', '太っています');
INSERT INTO "vocabulary"."linkages" ("vocabulary_id", "preferred_definition_id", "preferred_spelling_id", "phonetic_spelling_id", "alt_phonetic_spelling_id", "kanji_spelling_id", "conjugation_set_id") VALUES ('1965b2ae-4c4e-4cce-8f27-e323e4f2d5fe', 'adc52d6b-52a6-578e-b8f7-8eb059066df8', '97f810d4-7b07-5496-9290-a6f02ba0f504', '3b017aa7-9844-5084-a1e0-7e5801930995', NULL, 'b49e4f47-3358-5294-ad5a-53dd28254c74', NULL);
INSERT INTO "vocabulary"."reference" ("vocabulary_id", "lesson_code") VALUES ('1965b2ae-4c4e-4cce-8f27-e323e4f2d5fe', 'GENKI3_L07');
-- 痩せる | to lose weight --;
INSERT INTO "vocabulary"."vocabulary" ("id", "word_class_code", "conjugation_kind_code", "jlpt_level", "row_num", "tags", "date_added") VALUES ('44794c0c-bc96-4815-b8d1-2bcf7ccb4106', 'VERB', 'ICHIDAN_VERB', 4, 666, '{}', '2022-12-28');
INSERT INTO "vocabulary"."definition" ("id", "vocabulary_id", "sort_rank", "value") VALUES ('583e1cff-010c-5bd3-a146-f54be07b8743', '44794c0c-bc96-4815-b8d1-2bcf7ccb4106', 1, 'to lose weight');
INSERT INTO "vocabulary"."spelling" ("id", "vocabulary_id", "spelling_kind_code", "value") VALUES ('721de589-2a95-5342-86ad-0298d757db38', '44794c0c-bc96-4815-b8d1-2bcf7ccb4106', 'KANJI', '痩せる');
INSERT INTO "vocabulary"."spelling" ("id", "vocabulary_id", "spelling_kind_code", "value") VALUES ('f429af83-242c-5542-b004-5c69320e5a0c', '44794c0c-bc96-4815-b8d1-2bcf7ccb4106', 'HIRAGANA', 'やせる');
INSERT INTO "vocabulary"."spelling" ("id", "vocabulary_id", "spelling_kind_code", "value") VALUES ('6e79a33a-dc39-57cb-b319-8fa2079e0b0d', '44794c0c-bc96-4815-b8d1-2bcf7ccb4106', 'KANJI', '痩せる');
INSERT INTO "vocabulary"."conjugation_set" ("id", "vocabulary_id") VALUES ('850e0b3f-ae14-5d6a-92f1-20c5e0ac921c', '44794c0c-bc96-4815-b8d1-2bcf7ccb4106');
INSERT INTO "vocabulary"."linkages" ("vocabulary_id", "preferred_definition_id", "preferred_spelling_id", "phonetic_spelling_id", "alt_phonetic_spelling_id", "kanji_spelling_id", "conjugation_set_id") VALUES ('44794c0c-bc96-4815-b8d1-2bcf7ccb4106', '583e1cff-010c-5bd3-a146-f54be07b8743', '721de589-2a95-5342-86ad-0298d757db38', 'f429af83-242c-5542-b004-5c69320e5a0c', NULL, '6e79a33a-dc39-57cb-b319-8fa2079e0b0d', '850e0b3f-ae14-5d6a-92f1-20c5e0ac921c');
INSERT INTO "vocabulary"."reference" ("vocabulary_id", "lesson_code") VALUES ('44794c0c-bc96-4815-b8d1-2bcf7ccb4106', 'GENKI3_L07');
INSERT INTO "vocabulary"."conjugation" ("id", "conjugation_set_id", "politeness_code", "charge_code", "form_code", "sort_rank", "value") VALUES ('889187a0-82dc-57aa-b6a2-ac8ce5cd4bed', '850e0b3f-ae14-5d6a-92f1-20c5e0ac921c', 'PLAIN', 'POSITIVE', 'PRESENT', 1, '痩せる');
INSERT INTO "vocabulary"."conjugation" ("id", "conjugation_set_id", "politeness_code", "charge_code", "form_code", "sort_rank", "value") VALUES ('27fe2e0c-12a2-5114-8b9d-d96c6ae3d181', '850e0b3f-ae14-5d6a-92f1-20c5e0ac921c', 'PLAIN', 'POSITIVE', 'PAST', 1, '痩せた');
INSERT INTO "vocabulary"."conjugation" ("id", "conjugation_set_id", "politeness_code", "charge_code", "form_code", "sort_rank", "value") VALUES ('b18f3fa3-dc59-5737-a8c6-0efa1f9a1bea', '850e0b3f-ae14-5d6a-92f1-20c5e0ac921c', 'PLAIN', 'POSITIVE', 'TE', 1, '痩せて');
INSERT INTO "vocabulary"."conjugation" ("id", "conjugation_set_id", "politeness_code", "charge_code", "form_code", "sort_rank", "value") VALUES ('8e5d7f6b-1ce6-5188-8972-7653166caca0', '850e0b3f-ae14-5d6a-92f1-20c5e0ac921c', 'PLAIN', 'NEGATIVE', 'PRESENT', 1, '痩せない');
INSERT INTO "vocabulary"."conjugation" ("id", "conjugation_set_id", "politeness_code", "charge_code", "form_code", "sort_rank", "value") VALUES ('7d87ab04-6026-5574-8ab7-14c87a7e855a', '850e0b3f-ae14-5d6a-92f1-20c5e0ac921c', 'PLAIN', 'NEGATIVE', 'PAST', 1, '痩せなかった');
INSERT INTO "vocabulary"."conjugation" ("id", "conjugation_set_id", "politeness_code", "charge_code", "form_code", "sort_rank", "value") VALUES ('0665b613-e0a4-5a90-811e-2769da19e8a6', '850e0b3f-ae14-5d6a-92f1-20c5e0ac921c', 'PLAIN', 'NEGATIVE', 'TE', 1, '痩せなくて');
INSERT INTO "vocabulary"."conjugation" ("id", "conjugation_set_id", "politeness_code", "charge_code", "form_code", "sort_rank", "value") VALUES ('7b9db6e9-4da1-52e1-a88b-bedf4bd01f80', '850e0b3f-ae14-5d6a-92f1-20c5e0ac921c', 'POLITE', 'POSITIVE', 'PRESENT', 1, '痩せます');
INSERT INTO "vocabulary"."conjugation" ("id", "conjugation_set_id", "politeness_code", "charge_code", "form_code", "sort_rank", "value") VALUES ('3e6b01b0-2b49-5f09-871f-a0172fa44afb', '850e0b3f-ae14-5d6a-92f1-20c5e0ac921c', 'POLITE', 'POSITIVE', 'PAST', 1, '痩せました');
INSERT INTO "vocabulary"."conjugation" ("id", "conjugation_set_id", "politeness_code", "charge_code", "form_code", "sort_rank", "value") VALUES ('3ce7d0c0-5afa-5604-9d34-99c7f69306eb', '850e0b3f-ae14-5d6a-92f1-20c5e0ac921c', 'POLITE', 'NEGATIVE', 'PRESENT', 1, '痩せません');
INSERT INTO "vocabulary"."conjugation" ("id", "conjugation_set_id", "politeness_code", "charge_code", "form_code", "sort_rank", "value") VALUES ('b1b70628-00f1-5c98-9fda-19a7e3aadb60', '850e0b3f-ae14-5d6a-92f1-20c5e0ac921c', 'POLITE', 'NEGATIVE', 'PAST', 1, '痩せませんでした');
-- 痩せています | thin --;
INSERT INTO "vocabulary"."vocabulary" ("id", "word_class_code", "conjugation_kind_code", "jlpt_level", "row_num", "tags", "date_added") VALUES ('2912e4e8-bfc0-4028-aa24-90d1fe929e2b', 'EXPRESSION', NULL, NULL, 667, '{}', '2022-12-28');
INSERT INTO "vocabulary"."definition" ("id", "vocabulary_id", "sort_rank", "value") VALUES ('35da77a8-4b79-5796-9893-810c50057ecd', '2912e4e8-bfc0-4028-aa24-90d1fe929e2b', 1, 'thin');
INSERT INTO "vocabulary"."spelling" ("id", "vocabulary_id", "spelling_kind_code", "value") VALUES ('4b8357a4-6686-5867-a293-59fad85a768d', '2912e4e8-bfc0-4028-aa24-90d1fe929e2b', 'KANJI', '痩せています');
INSERT INTO "vocabulary"."spelling" ("id", "vocabulary_id", "spelling_kind_code", "value") VALUES ('dfa7dece-5a55-5ba3-a050-d3e2adec1aad', '2912e4e8-bfc0-4028-aa24-90d1fe929e2b', 'HIRAGANA', 'やせています');
INSERT INTO "vocabulary"."spelling" ("id", "vocabulary_id", "spelling_kind_code", "value") VALUES ('c546546d-a98c-562d-9c0c-87ceb8b23b26', '2912e4e8-bfc0-4028-aa24-90d1fe929e2b', 'KANJI', '痩せています');
INSERT INTO "vocabulary"."linkages" ("vocabulary_id", "preferred_definition_id", "preferred_spelling_id", "phonetic_spelling_id", "alt_phonetic_spelling_id", "kanji_spelling_id", "conjugation_set_id") VALUES ('2912e4e8-bfc0-4028-aa24-90d1fe929e2b', '35da77a8-4b79-5796-9893-810c50057ecd', '4b8357a4-6686-5867-a293-59fad85a768d', 'dfa7dece-5a55-5ba3-a050-d3e2adec1aad', NULL, 'c546546d-a98c-562d-9c0c-87ceb8b23b26', NULL);
INSERT INTO "vocabulary"."reference" ("vocabulary_id", "lesson_code") VALUES ('2912e4e8-bfc0-4028-aa24-90d1fe929e2b', 'GENKI3_L07');
-- 〜が | ...but --;
INSERT INTO "vocabulary"."vocabulary" ("id", "word_class_code", "conjugation_kind_code", "jlpt_level", "row_num", "tags", "date_added") VALUES ('08cb3130-9ccd-48cc-ae70-d4cf06813d70', 'CONJUNCTION', NULL, NULL, 668, '{}', '2023-01-16');
INSERT INTO "vocabulary"."definition" ("id", "vocabulary_id", "sort_rank", "value") VALUES ('33dbeba1-3289-50aa-ac73-a93a6b1c6f03', '08cb3130-9ccd-48cc-ae70-d4cf06813d70', 1, '...but');
INSERT INTO "vocabulary"."spelling" ("id", "vocabulary_id", "spelling_kind_code", "value") VALUES ('0502558f-ee4e-5b11-890b-c98f397826a3', '08cb3130-9ccd-48cc-ae70-d4cf06813d70', 'HIRAGANA', '〜が');
INSERT INTO "vocabulary"."spelling" ("id", "vocabulary_id", "spelling_kind_code", "value") VALUES ('97f26475-9cfd-5944-926f-58f4d68af3ef', '08cb3130-9ccd-48cc-ae70-d4cf06813d70', 'HIRAGANA', 'が');
INSERT INTO "vocabulary"."linkages" ("vocabulary_id", "preferred_definition_id", "preferred_spelling_id", "phonetic_spelling_id", "alt_phonetic_spelling_id", "kanji_spelling_id", "conjugation_set_id") VALUES ('08cb3130-9ccd-48cc-ae70-d4cf06813d70', '33dbeba1-3289-50aa-ac73-a93a6b1c6f03', '0502558f-ee4e-5b11-890b-c98f397826a3', '97f26475-9cfd-5944-926f-58f4d68af3ef', NULL, NULL, NULL);
INSERT INTO "vocabulary"."reference" ("vocabulary_id", "lesson_code") VALUES ('08cb3130-9ccd-48cc-ae70-d4cf06813d70', 'GENKI3_L07');
-- 何も | not ... anything (+ negative) --;
INSERT INTO "vocabulary"."vocabulary" ("id", "word_class_code", "conjugation_kind_code", "jlpt_level", "row_num", "tags", "date_added") VALUES ('471243c4-6f8b-4475-931f-7e5920c2c681', 'EXPRESSION', NULL, 3, 669, '{}', '2023-01-16');
INSERT INTO "vocabulary"."definition" ("id", "vocabulary_id", "sort_rank", "value") VALUES ('77d7d9fb-8a20-5e21-a51d-9c8ff712490f', '471243c4-6f8b-4475-931f-7e5920c2c681', 1, 'not ... anything (+ negative)');
INSERT INTO "vocabulary"."spelling" ("id", "vocabulary_id", "spelling_kind_code", "value") VALUES ('a43c6993-b910-5221-a5bf-0b99853f15f2', '471243c4-6f8b-4475-931f-7e5920c2c681', 'KANJI', '何も');
INSERT INTO "vocabulary"."spelling" ("id", "vocabulary_id", "spelling_kind_code", "value") VALUES ('c20ac0ff-575a-5294-b1f5-d19c504c31e2', '471243c4-6f8b-4475-931f-7e5920c2c681', 'HIRAGANA', 'なにも');
INSERT INTO "vocabulary"."spelling" ("id", "vocabulary_id", "spelling_kind_code", "value") VALUES ('f4bb2114-f7a9-5622-8ff5-246b261900e5', '471243c4-6f8b-4475-931f-7e5920c2c681', 'KANJI', '何も');
INSERT INTO "vocabulary"."linkages" ("vocabulary_id", "preferred_definition_id", "preferred_spelling_id", "phonetic_spelling_id", "alt_phonetic_spelling_id", "kanji_spelling_id", "conjugation_set_id") VALUES ('471243c4-6f8b-4475-931f-7e5920c2c681', '77d7d9fb-8a20-5e21-a51d-9c8ff712490f', 'a43c6993-b910-5221-a5bf-0b99853f15f2', 'c20ac0ff-575a-5294-b1f5-d19c504c31e2', NULL, 'f4bb2114-f7a9-5622-8ff5-246b261900e5', NULL);
INSERT INTO "vocabulary"."reference" ("vocabulary_id", "lesson_code") VALUES ('471243c4-6f8b-4475-931f-7e5920c2c681', 'GENKI3_L07');
-- 別に | not particularly; nothing in particular --;
INSERT INTO "vocabulary"."vocabulary" ("id", "word_class_code", "conjugation_kind_code", "jlpt_level", "row_num", "tags", "date_added") VALUES ('fe322488-4642-45ac-acfa-cbe0563d3f08', 'ADVERB', NULL, 3, 670, '{}', '2023-01-16');
INSERT INTO "vocabulary"."definition" ("id", "vocabulary_id", "sort_rank", "value") VALUES ('20fa915b-fc9f-5555-aa92-ebff423b5cf7', 'fe322488-4642-45ac-acfa-cbe0563d3f08', 1, 'not particularly; nothing in particular');
INSERT INTO "vocabulary"."spelling" ("id", "vocabulary_id", "spelling_kind_code", "value") VALUES ('335ba27a-b292-5931-bda8-523a64ee281a', 'fe322488-4642-45ac-acfa-cbe0563d3f08', 'KANJI', '別に');
INSERT INTO "vocabulary"."spelling" ("id", "vocabulary_id", "spelling_kind_code", "value") VALUES ('61a8903d-a746-5205-a8b2-8e09e3b03576', 'fe322488-4642-45ac-acfa-cbe0563d3f08', 'HIRAGANA', 'べつに');
INSERT INTO "vocabulary"."spelling" ("id", "vocabulary_id", "spelling_kind_code", "value") VALUES ('5bc512ff-631c-5aa7-8025-759d554cf66c', 'fe322488-4642-45ac-acfa-cbe0563d3f08', 'KANJI', '別に');
INSERT INTO "vocabulary"."linkages" ("vocabulary_id", "preferred_definition_id", "preferred_spelling_id", "phonetic_spelling_id", "alt_phonetic_spelling_id", "kanji_spelling_id", "conjugation_set_id") VALUES ('fe322488-4642-45ac-acfa-cbe0563d3f08', '20fa915b-fc9f-5555-aa92-ebff423b5cf7', '335ba27a-b292-5931-bda8-523a64ee281a', '61a8903d-a746-5205-a8b2-8e09e3b03576', NULL, '5bc512ff-631c-5aa7-8025-759d554cf66c', NULL);
INSERT INTO "vocabulary"."reference" ("vocabulary_id", "lesson_code") VALUES ('fe322488-4642-45ac-acfa-cbe0563d3f08', 'GENKI3_L07');
-- よかったら | if you like --;
INSERT INTO "vocabulary"."vocabulary" ("id", "word_class_code", "conjugation_kind_code", "jlpt_level", "row_num", "tags", "date_added") VALUES ('41e2eb76-ea86-488c-97fd-9d8fef5b82ad', 'EXPRESSION', NULL, NULL, 671, '{}', '2023-01-16');
INSERT INTO "vocabulary"."definition" ("id", "vocabulary_id", "sort_rank", "value") VALUES ('91dc17b1-d664-529b-8998-fb2ce7cd81e3', '41e2eb76-ea86-488c-97fd-9d8fef5b82ad', 1, 'if you like');
INSERT INTO "vocabulary"."spelling" ("id", "vocabulary_id", "spelling_kind_code", "value") VALUES ('559e94d2-79fd-59ad-a259-8ebcdcd1b9af', '41e2eb76-ea86-488c-97fd-9d8fef5b82ad', 'HIRAGANA', 'よかったら');
INSERT INTO "vocabulary"."spelling" ("id", "vocabulary_id", "spelling_kind_code", "value") VALUES ('66d5bb8b-7dcc-5d10-8b00-ff141cf38686', '41e2eb76-ea86-488c-97fd-9d8fef5b82ad', 'HIRAGANA', 'よかったら');
INSERT INTO "vocabulary"."spelling" ("id", "vocabulary_id", "spelling_kind_code", "value") VALUES ('3153a0ee-8e03-53dc-9e3a-8e21d3fd8deb', '41e2eb76-ea86-488c-97fd-9d8fef5b82ad', 'KANJI', '良かったら');
INSERT INTO "vocabulary"."linkages" ("vocabulary_id", "preferred_definition_id", "preferred_spelling_id", "phonetic_spelling_id", "alt_phonetic_spelling_id", "kanji_spelling_id", "conjugation_set_id") VALUES ('41e2eb76-ea86-488c-97fd-9d8fef5b82ad', '91dc17b1-d664-529b-8998-fb2ce7cd81e3', '559e94d2-79fd-59ad-a259-8ebcdcd1b9af', '66d5bb8b-7dcc-5d10-8b00-ff141cf38686', NULL, '3153a0ee-8e03-53dc-9e3a-8e21d3fd8deb', NULL);
INSERT INTO "vocabulary"."reference" ("vocabulary_id", "lesson_code") VALUES ('41e2eb76-ea86-488c-97fd-9d8fef5b82ad', 'GENKI3_L07');
-- 梓 | japanese cherry birch --;
INSERT INTO "vocabulary"."vocabulary" ("id", "word_class_code", "conjugation_kind_code", "jlpt_level", "row_num", "tags", "date_added") VALUES ('42154f3f-434e-4655-8aac-184d8144e666', 'NOUN', NULL, NULL, 672, '{}', '2023-01-19');
INSERT INTO "vocabulary"."definition" ("id", "vocabulary_id", "sort_rank", "value") VALUES ('d3e4d2ad-78d0-5f00-abfb-ee49dca115b0', '42154f3f-434e-4655-8aac-184d8144e666', 1, 'japanese cherry birch');
INSERT INTO "vocabulary"."spelling" ("id", "vocabulary_id", "spelling_kind_code", "value") VALUES ('3ab888ff-c919-5784-af07-0befe14db190', '42154f3f-434e-4655-8aac-184d8144e666', 'KANJI', '梓');
INSERT INTO "vocabulary"."spelling" ("id", "vocabulary_id", "spelling_kind_code", "value") VALUES ('6ffe1d48-fdba-5148-b215-2190b7756563', '42154f3f-434e-4655-8aac-184d8144e666', 'HIRAGANA', 'あずさ');
INSERT INTO "vocabulary"."spelling" ("id", "vocabulary_id", "spelling_kind_code", "value") VALUES ('19c5990d-3f22-5442-9b95-855d4e045c9b', '42154f3f-434e-4655-8aac-184d8144e666', 'KANJI', '梓');
INSERT INTO "vocabulary"."linkages" ("vocabulary_id", "preferred_definition_id", "preferred_spelling_id", "phonetic_spelling_id", "alt_phonetic_spelling_id", "kanji_spelling_id", "conjugation_set_id") VALUES ('42154f3f-434e-4655-8aac-184d8144e666', 'd3e4d2ad-78d0-5f00-abfb-ee49dca115b0', '3ab888ff-c919-5784-af07-0befe14db190', '6ffe1d48-fdba-5148-b215-2190b7756563', NULL, '19c5990d-3f22-5442-9b95-855d4e045c9b', NULL);
-- やっぱり | as expected; sure enough --;
INSERT INTO "vocabulary"."vocabulary" ("id", "word_class_code", "conjugation_kind_code", "jlpt_level", "row_num", "tags", "date_added") VALUES ('edfe69b6-7431-4fc2-8a9f-9c44e0debd05', 'ADVERB', NULL, 2, 673, '{}', '2023-01-19');
INSERT INTO "vocabulary"."definition" ("id", "vocabulary_id", "sort_rank", "value") VALUES ('29ff7cac-dc08-5c93-9f6e-4c883fa70fc6', 'edfe69b6-7431-4fc2-8a9f-9c44e0debd05', 1, 'as expected; sure enough');
INSERT INTO "vocabulary"."spelling" ("id", "vocabulary_id", "spelling_kind_code", "value") VALUES ('0a10a135-cece-545e-b86d-cc1a57bba461', 'edfe69b6-7431-4fc2-8a9f-9c44e0debd05', 'HIRAGANA', 'やっぱり');
INSERT INTO "vocabulary"."spelling" ("id", "vocabulary_id", "spelling_kind_code", "value") VALUES ('ce4e4a6b-b2d7-5032-9527-2b8fe39d6c2c', 'edfe69b6-7431-4fc2-8a9f-9c44e0debd05', 'HIRAGANA', 'やっぱり');
INSERT INTO "vocabulary"."spelling" ("id", "vocabulary_id", "spelling_kind_code", "value") VALUES ('53654938-99b5-51ff-8bb3-a1070dbc031a', 'edfe69b6-7431-4fc2-8a9f-9c44e0debd05', 'KANJI', '矢っ張り');
INSERT INTO "vocabulary"."linkages" ("vocabulary_id", "preferred_definition_id", "preferred_spelling_id", "phonetic_spelling_id", "alt_phonetic_spelling_id", "kanji_spelling_id", "conjugation_set_id") VALUES ('edfe69b6-7431-4fc2-8a9f-9c44e0debd05', '29ff7cac-dc08-5c93-9f6e-4c883fa70fc6', '0a10a135-cece-545e-b86d-cc1a57bba461', 'ce4e4a6b-b2d7-5032-9527-2b8fe39d6c2c', NULL, '53654938-99b5-51ff-8bb3-a1070dbc031a', NULL);
-- 新幹線 | bullet train --;
INSERT INTO "vocabulary"."vocabulary" ("id", "word_class_code", "conjugation_kind_code", "jlpt_level", "row_num", "tags", "date_added") VALUES ('a236594c-f447-4dc4-9aa4-782b76c2e325', 'NOUN', NULL, 2, 674, '{transportation}', '2023-01-24');
INSERT INTO "vocabulary"."definition" ("id", "vocabulary_id", "sort_rank", "value") VALUES ('779757b2-9257-547c-93d2-8221a8f4f602', 'a236594c-f447-4dc4-9aa4-782b76c2e325', 1, 'bullet train');
INSERT INTO "vocabulary"."spelling" ("id", "vocabulary_id", "spelling_kind_code", "value") VALUES ('2a40ffa0-2a46-522a-9718-7dad14b0f5be', 'a236594c-f447-4dc4-9aa4-782b76c2e325', 'KANJI', '新幹線');
INSERT INTO "vocabulary"."spelling" ("id", "vocabulary_id", "spelling_kind_code", "value") VALUES ('4a8de017-f5d5-5707-9f4b-1cd0af5471fe', 'a236594c-f447-4dc4-9aa4-782b76c2e325', 'HIRAGANA', 'しんかんせん');
INSERT INTO "vocabulary"."spelling" ("id", "vocabulary_id", "spelling_kind_code", "value") VALUES ('b0942a16-a34f-5bdd-9d14-93638e69feaf', 'a236594c-f447-4dc4-9aa4-782b76c2e325', 'KANJI', '新幹線');
INSERT INTO "vocabulary"."linkages" ("vocabulary_id", "preferred_definition_id", "preferred_spelling_id", "phonetic_spelling_id", "alt_phonetic_spelling_id", "kanji_spelling_id", "conjugation_set_id") VALUES ('a236594c-f447-4dc4-9aa4-782b76c2e325', '779757b2-9257-547c-93d2-8221a8f4f602', '2a40ffa0-2a46-522a-9718-7dad14b0f5be', '4a8de017-f5d5-5707-9f4b-1cd0af5471fe', NULL, 'b0942a16-a34f-5bdd-9d14-93638e69feaf', NULL);
-- 塊 | clump, cluster, lump --;
INSERT INTO "vocabulary"."vocabulary" ("id", "word_class_code", "conjugation_kind_code", "jlpt_level", "row_num", "tags", "date_added") VALUES ('eac4900c-87dd-47d2-b598-42fff868832f', 'NOUN', NULL, 2, 675, '{}', '2023-01-24');
INSERT INTO "vocabulary"."definition" ("id", "vocabulary_id", "sort_rank", "value") VALUES ('831f6bef-4dc8-59d9-851b-b48775d0a053', 'eac4900c-87dd-47d2-b598-42fff868832f', 1, 'clump, cluster, lump');
INSERT INTO "vocabulary"."spelling" ("id", "vocabulary_id", "spelling_kind_code", "value") VALUES ('a2595683-9b69-5b31-894a-e2d792b79f58', 'eac4900c-87dd-47d2-b598-42fff868832f', 'KANJI', '塊');
INSERT INTO "vocabulary"."spelling" ("id", "vocabulary_id", "spelling_kind_code", "value") VALUES ('dbc8456e-c421-5e8b-8585-5bf6b85fec84', 'eac4900c-87dd-47d2-b598-42fff868832f', 'HIRAGANA', 'かたまり');
INSERT INTO "vocabulary"."spelling" ("id", "vocabulary_id", "spelling_kind_code", "value") VALUES ('3b8d4b5d-0fb8-5154-b922-9b74cb627269', 'eac4900c-87dd-47d2-b598-42fff868832f', 'KANJI', '塊');
INSERT INTO "vocabulary"."linkages" ("vocabulary_id", "preferred_definition_id", "preferred_spelling_id", "phonetic_spelling_id", "alt_phonetic_spelling_id", "kanji_spelling_id", "conjugation_set_id") VALUES ('eac4900c-87dd-47d2-b598-42fff868832f', '831f6bef-4dc8-59d9-851b-b48775d0a053', 'a2595683-9b69-5b31-894a-e2d792b79f58', 'dbc8456e-c421-5e8b-8585-5bf6b85fec84', NULL, '3b8d4b5d-0fb8-5154-b922-9b74cb627269', NULL);
-- 魂 | soul, spirit --;
INSERT INTO "vocabulary"."vocabulary" ("id", "word_class_code", "conjugation_kind_code", "jlpt_level", "row_num", "tags", "date_added") VALUES ('3b615b81-5f7d-4672-8756-51bdfddc95a5', 'NOUN', NULL, NULL, 676, '{}', '2023-01-24');
INSERT INTO "vocabulary"."definition" ("id", "vocabulary_id", "sort_rank", "value") VALUES ('47788174-00b4-5208-b733-7d233e9130a7', '3b615b81-5f7d-4672-8756-51bdfddc95a5', 1, 'soul, spirit');
INSERT INTO "vocabulary"."spelling" ("id", "vocabulary_id", "spelling_kind_code", "value") VALUES ('25435ba8-208a-563f-aa8b-3c45a42d3718', '3b615b81-5f7d-4672-8756-51bdfddc95a5', 'KANJI', '魂');
INSERT INTO "vocabulary"."spelling" ("id", "vocabulary_id", "spelling_kind_code", "value") VALUES ('563ff23c-18f8-5299-8525-392643538765', '3b615b81-5f7d-4672-8756-51bdfddc95a5', 'HIRAGANA', 'たましい');
INSERT INTO "vocabulary"."spelling" ("id", "vocabulary_id", "spelling_kind_code", "value") VALUES ('b0c00fb9-e255-5931-908f-7f52d564ab11', '3b615b81-5f7d-4672-8756-51bdfddc95a5', 'KANJI', '魂');
INSERT INTO "vocabulary"."linkages" ("vocabulary_id", "preferred_definition_id", "preferred_spelling_id", "phonetic_spelling_id", "alt_phonetic_spelling_id", "kanji_spelling_id", "conjugation_set_id") VALUES ('3b615b81-5f7d-4672-8756-51bdfddc95a5', '47788174-00b4-5208-b733-7d233e9130a7', '25435ba8-208a-563f-aa8b-3c45a42d3718', '563ff23c-18f8-5299-8525-392643538765', NULL, 'b0c00fb9-e255-5931-908f-7f52d564ab11', NULL);
-- 菊 | chrysanthemum --;
INSERT INTO "vocabulary"."vocabulary" ("id", "word_class_code", "conjugation_kind_code", "jlpt_level", "row_num", "tags", "date_added") VALUES ('d0623e4f-7754-47c6-aa7b-af71cf2dedc4', 'NOUN', NULL, NULL, 677, '{}', '2023-01-28');
INSERT INTO "vocabulary"."definition" ("id", "vocabulary_id", "sort_rank", "value") VALUES ('23d5b08b-0bdf-55c4-a17c-cf3029ae7a6d', 'd0623e4f-7754-47c6-aa7b-af71cf2dedc4', 1, 'chrysanthemum');
INSERT INTO "vocabulary"."spelling" ("id", "vocabulary_id", "spelling_kind_code", "value") VALUES ('64af9e54-ceb3-599b-8e70-3481e191287f', 'd0623e4f-7754-47c6-aa7b-af71cf2dedc4', 'KANJI', '菊');
INSERT INTO "vocabulary"."spelling" ("id", "vocabulary_id", "spelling_kind_code", "value") VALUES ('9db9b080-94b4-5dba-9f96-f2a43c5e8d36', 'd0623e4f-7754-47c6-aa7b-af71cf2dedc4', 'HIRAGANA', 'きく');
INSERT INTO "vocabulary"."spelling" ("id", "vocabulary_id", "spelling_kind_code", "value") VALUES ('7d31c649-73d9-5513-866e-50d73eeb1609', 'd0623e4f-7754-47c6-aa7b-af71cf2dedc4', 'KANJI', '菊');
INSERT INTO "vocabulary"."linkages" ("vocabulary_id", "preferred_definition_id", "preferred_spelling_id", "phonetic_spelling_id", "alt_phonetic_spelling_id", "kanji_spelling_id", "conjugation_set_id") VALUES ('d0623e4f-7754-47c6-aa7b-af71cf2dedc4', '23d5b08b-0bdf-55c4-a17c-cf3029ae7a6d', '64af9e54-ceb3-599b-8e70-3481e191287f', '9db9b080-94b4-5dba-9f96-f2a43c5e8d36', NULL, '7d31c649-73d9-5513-866e-50d73eeb1609', NULL);
-- 菊花 | chrysanthemum flower --;
INSERT INTO "vocabulary"."vocabulary" ("id", "word_class_code", "conjugation_kind_code", "jlpt_level", "row_num", "tags", "date_added") VALUES ('d37d3ead-b4d2-4e17-ab5c-37aac9a0d99b', 'NOUN', NULL, NULL, 678, '{}', '2023-01-28');
INSERT INTO "vocabulary"."definition" ("id", "vocabulary_id", "sort_rank", "value") VALUES ('eb1e2806-ab6d-5487-8298-e572b8f77877', 'd37d3ead-b4d2-4e17-ab5c-37aac9a0d99b', 1, 'chrysanthemum flower');
INSERT INTO "vocabulary"."spelling" ("id", "vocabulary_id", "spelling_kind_code", "value") VALUES ('88fa8a33-c94b-5bab-acf6-ed5ba0cf7306', 'd37d3ead-b4d2-4e17-ab5c-37aac9a0d99b', 'KANJI', '菊花');
INSERT INTO "vocabulary"."spelling" ("id", "vocabulary_id", "spelling_kind_code", "value") VALUES ('79819354-4a27-5686-874d-b8c3dba9c2e8', 'd37d3ead-b4d2-4e17-ab5c-37aac9a0d99b', 'HIRAGANA', 'きっか');
INSERT INTO "vocabulary"."spelling" ("id", "vocabulary_id", "spelling_kind_code", "value") VALUES ('6b7fa3b6-d7db-5eb3-8629-09e80671007e', 'd37d3ead-b4d2-4e17-ab5c-37aac9a0d99b', 'KANJI', '菊花');
INSERT INTO "vocabulary"."linkages" ("vocabulary_id", "preferred_definition_id", "preferred_spelling_id", "phonetic_spelling_id", "alt_phonetic_spelling_id", "kanji_spelling_id", "conjugation_set_id") VALUES ('d37d3ead-b4d2-4e17-ab5c-37aac9a0d99b', 'eb1e2806-ab6d-5487-8298-e572b8f77877', '88fa8a33-c94b-5bab-acf6-ed5ba0cf7306', '79819354-4a27-5686-874d-b8c3dba9c2e8', NULL, '6b7fa3b6-d7db-5eb3-8629-09e80671007e', NULL);
-- 話せる | to be able to speak --;
INSERT INTO "vocabulary"."vocabulary" ("id", "word_class_code", "conjugation_kind_code", "jlpt_level", "row_num", "tags", "date_added") VALUES ('6f2e00e5-3045-47e7-807d-cb5165c208a7', 'VERB', 'ICHIDAN_VERB', NULL, 679, '{}', '2023-01-29');
INSERT INTO "vocabulary"."definition" ("id", "vocabulary_id", "sort_rank", "value") VALUES ('842b274f-60ec-5654-bd24-ff0b459aa7c9', '6f2e00e5-3045-47e7-807d-cb5165c208a7', 1, 'to be able to speak');
INSERT INTO "vocabulary"."spelling" ("id", "vocabulary_id", "spelling_kind_code", "value") VALUES ('06feb998-4e25-53cf-83ab-2a7fde7f9098', '6f2e00e5-3045-47e7-807d-cb5165c208a7', 'KANJI', '話せる');
INSERT INTO "vocabulary"."spelling" ("id", "vocabulary_id", "spelling_kind_code", "value") VALUES ('e5738e92-ed47-56dc-b202-5164d1e55226', '6f2e00e5-3045-47e7-807d-cb5165c208a7', 'HIRAGANA', 'はなせる');
INSERT INTO "vocabulary"."spelling" ("id", "vocabulary_id", "spelling_kind_code", "value") VALUES ('c09de030-8303-5519-923a-1299c07e3199', '6f2e00e5-3045-47e7-807d-cb5165c208a7', 'KANJI', '話せる');
INSERT INTO "vocabulary"."conjugation_set" ("id", "vocabulary_id") VALUES ('7176fa2b-70c3-5f19-82f1-b43b8bfda6dc', '6f2e00e5-3045-47e7-807d-cb5165c208a7');
INSERT INTO "vocabulary"."linkages" ("vocabulary_id", "preferred_definition_id", "preferred_spelling_id", "phonetic_spelling_id", "alt_phonetic_spelling_id", "kanji_spelling_id", "conjugation_set_id") VALUES ('6f2e00e5-3045-47e7-807d-cb5165c208a7', '842b274f-60ec-5654-bd24-ff0b459aa7c9', '06feb998-4e25-53cf-83ab-2a7fde7f9098', 'e5738e92-ed47-56dc-b202-5164d1e55226', NULL, 'c09de030-8303-5519-923a-1299c07e3199', '7176fa2b-70c3-5f19-82f1-b43b8bfda6dc');
INSERT INTO "vocabulary"."conjugation" ("id", "conjugation_set_id", "politeness_code", "charge_code", "form_code", "sort_rank", "value") VALUES ('676c2ceb-8848-5c79-bce8-eb17274cebd4', '7176fa2b-70c3-5f19-82f1-b43b8bfda6dc', 'PLAIN', 'POSITIVE', 'PRESENT', 1, '話せる');
INSERT INTO "vocabulary"."conjugation" ("id", "conjugation_set_id", "politeness_code", "charge_code", "form_code", "sort_rank", "value") VALUES ('0413ba3d-1c90-5016-9798-49ffc87f219b', '7176fa2b-70c3-5f19-82f1-b43b8bfda6dc', 'PLAIN', 'POSITIVE', 'PAST', 1, '話せた');
INSERT INTO "vocabulary"."conjugation" ("id", "conjugation_set_id", "politeness_code", "charge_code", "form_code", "sort_rank", "value") VALUES ('648a0c4b-fd66-5469-b74e-5c6b9b66482c', '7176fa2b-70c3-5f19-82f1-b43b8bfda6dc', 'PLAIN', 'POSITIVE', 'TE', 1, '話せて');
INSERT INTO "vocabulary"."conjugation" ("id", "conjugation_set_id", "politeness_code", "charge_code", "form_code", "sort_rank", "value") VALUES ('b02f6da1-853a-5e35-835e-df60206797a2', '7176fa2b-70c3-5f19-82f1-b43b8bfda6dc', 'PLAIN', 'NEGATIVE', 'PRESENT', 1, '話せない');
INSERT INTO "vocabulary"."conjugation" ("id", "conjugation_set_id", "politeness_code", "charge_code", "form_code", "sort_rank", "value") VALUES ('19f5992b-220e-59fe-91b8-7821d4d1d333', '7176fa2b-70c3-5f19-82f1-b43b8bfda6dc', 'PLAIN', 'NEGATIVE', 'PAST', 1, '話せなかった');
INSERT INTO "vocabulary"."conjugation" ("id", "conjugation_set_id", "politeness_code", "charge_code", "form_code", "sort_rank", "value") VALUES ('3fb3b5f9-daa5-51e5-8124-e4c3c90d86d6', '7176fa2b-70c3-5f19-82f1-b43b8bfda6dc', 'PLAIN', 'NEGATIVE', 'TE', 1, '話せなくて');
INSERT INTO "vocabulary"."conjugation" ("id", "conjugation_set_id", "politeness_code", "charge_code", "form_code", "sort_rank", "value") VALUES ('04a924b8-35a1-5e36-a20b-54999f40c157', '7176fa2b-70c3-5f19-82f1-b43b8bfda6dc', 'POLITE', 'POSITIVE', 'PRESENT', 1, '話せます');
INSERT INTO "vocabulary"."conjugation" ("id", "conjugation_set_id", "politeness_code", "charge_code", "form_code", "sort_rank", "value") VALUES ('273a7dff-8fec-5730-b2ec-b07b60aac852', '7176fa2b-70c3-5f19-82f1-b43b8bfda6dc', 'POLITE', 'POSITIVE', 'PAST', 1, '話せました');
INSERT INTO "vocabulary"."conjugation" ("id", "conjugation_set_id", "politeness_code", "charge_code", "form_code", "sort_rank", "value") VALUES ('32c533fa-ad6f-5c4e-bb94-7093459e9f71', '7176fa2b-70c3-5f19-82f1-b43b8bfda6dc', 'POLITE', 'NEGATIVE', 'PRESENT', 1, '話せません');
INSERT INTO "vocabulary"."conjugation" ("id", "conjugation_set_id", "politeness_code", "charge_code", "form_code", "sort_rank", "value") VALUES ('a5dc2918-8383-5ef3-b379-9f996abea0c0', '7176fa2b-70c3-5f19-82f1-b43b8bfda6dc', 'POLITE', 'NEGATIVE', 'PAST', 1, '話せませんでした');
-- 日本語があまり話せません | I can't speak much Japanese --;
INSERT INTO "vocabulary"."vocabulary" ("id", "word_class_code", "conjugation_kind_code", "jlpt_level", "row_num", "tags", "date_added") VALUES ('42e0676e-88bd-4999-bb56-b70fea5314c6', 'EXPRESSION', NULL, NULL, 680, '{}', '2023-01-29');
INSERT INTO "vocabulary"."definition" ("id", "vocabulary_id", "sort_rank", "value") VALUES ('4928cf35-98c4-5086-9d48-6b23ba22d4bf', '42e0676e-88bd-4999-bb56-b70fea5314c6', 1, 'I can''t speak much Japanese');
INSERT INTO "vocabulary"."spelling" ("id", "vocabulary_id", "spelling_kind_code", "value") VALUES ('15e6e361-0e98-555c-9c0a-fdae265d43e8', '42e0676e-88bd-4999-bb56-b70fea5314c6', 'KANJI', '日本語があまり話せません');
INSERT INTO "vocabulary"."spelling" ("id", "vocabulary_id", "spelling_kind_code", "value") VALUES ('360b5adf-cb07-5c9a-969a-7a9876cce369', '42e0676e-88bd-4999-bb56-b70fea5314c6', 'HIRAGANA', 'にほんご　が　あまり　はなせません');
INSERT INTO "vocabulary"."spelling" ("id", "vocabulary_id", "spelling_kind_code", "value") VALUES ('4049cdb1-d9e9-5e6e-9923-360fb377e341', '42e0676e-88bd-4999-bb56-b70fea5314c6', 'KANJI', '日本語があまり話せません');
INSERT INTO "vocabulary"."linkages" ("vocabulary_id", "preferred_definition_id", "preferred_spelling_id", "phonetic_spelling_id", "alt_phonetic_spelling_id", "kanji_spelling_id", "conjugation_set_id") VALUES ('42e0676e-88bd-4999-bb56-b70fea5314c6', '4928cf35-98c4-5086-9d48-6b23ba22d4bf', '15e6e361-0e98-555c-9c0a-fdae265d43e8', '360b5adf-cb07-5c9a-969a-7a9876cce369', NULL, '4049cdb1-d9e9-5e6e-9923-360fb377e341', NULL);
-- 日本語少しだけ分かります | I only know a little Japanese --;
INSERT INTO "vocabulary"."vocabulary" ("id", "word_class_code", "conjugation_kind_code", "jlpt_level", "row_num", "tags", "date_added") VALUES ('65c8ad73-6262-4d56-b95c-d2a516177874', 'EXPRESSION', NULL, NULL, 681, '{}', '2023-01-29');
INSERT INTO "vocabulary"."definition" ("id", "vocabulary_id", "sort_rank", "value") VALUES ('8c13c999-498f-53dd-aad6-66fc6d4da181', '65c8ad73-6262-4d56-b95c-d2a516177874', 1, 'I only know a little Japanese');
INSERT INTO "vocabulary"."spelling" ("id", "vocabulary_id", "spelling_kind_code", "value") VALUES ('42c2fb81-b7ec-5fa9-83cd-c3ffcfbabb30', '65c8ad73-6262-4d56-b95c-d2a516177874', 'KANJI', '日本語少しだけ分かります');
INSERT INTO "vocabulary"."spelling" ("id", "vocabulary_id", "spelling_kind_code", "value") VALUES ('ce79fa35-f401-5b8e-b530-28d2acb51e21', '65c8ad73-6262-4d56-b95c-d2a516177874', 'HIRAGANA', 'にほんご　すこし　だけ　わかります');
INSERT INTO "vocabulary"."spelling" ("id", "vocabulary_id", "spelling_kind_code", "value") VALUES ('6c2bb75a-ef53-51fc-ac34-3a468ca1eb8d', '65c8ad73-6262-4d56-b95c-d2a516177874', 'KANJI', '日本語少しだけ分かります');
INSERT INTO "vocabulary"."linkages" ("vocabulary_id", "preferred_definition_id", "preferred_spelling_id", "phonetic_spelling_id", "alt_phonetic_spelling_id", "kanji_spelling_id", "conjugation_set_id") VALUES ('65c8ad73-6262-4d56-b95c-d2a516177874', '8c13c999-498f-53dd-aad6-66fc6d4da181', '42c2fb81-b7ec-5fa9-83cd-c3ffcfbabb30', 'ce79fa35-f401-5b8e-b530-28d2acb51e21', NULL, '6c2bb75a-ef53-51fc-ac34-3a468ca1eb8d', NULL);
-- すみません、分かりません | Sorry, I don't understand --;
INSERT INTO "vocabulary"."vocabulary" ("id", "word_class_code", "conjugation_kind_code", "jlpt_level", "row_num", "tags", "date_added") VALUES ('5003d035-5662-4821-aed7-3aae20437f1a', 'EXPRESSION', NULL, NULL, 682, '{}', '2023-01-29');
INSERT INTO "vocabulary"."definition" ("id", "vocabulary_id", "sort_rank", "value") VALUES ('c1479414-1823-5448-9c53-ee3f422eb20b', '5003d035-5662-4821-aed7-3aae20437f1a', 1, 'Sorry, I don''t understand');
INSERT INTO "vocabulary"."spelling" ("id", "vocabulary_id", "spelling_kind_code", "value") VALUES ('50ee85e5-4270-567b-912f-98d2890f0817', '5003d035-5662-4821-aed7-3aae20437f1a', 'KANJI', 'すみません、分かりません');
INSERT INTO "vocabulary"."spelling" ("id", "vocabulary_id", "spelling_kind_code", "value") VALUES ('83027f0b-9c05-5b97-a6b3-11bcd5d27ba4', '5003d035-5662-4821-aed7-3aae20437f1a', 'HIRAGANA', 'すみません、わかりません');
INSERT INTO "vocabulary"."spelling" ("id", "vocabulary_id", "spelling_kind_code", "value") VALUES ('c15ff9f1-2865-5aa4-a5b2-9b6da3fb62ed', '5003d035-5662-4821-aed7-3aae20437f1a', 'KANJI', 'すみません、分かりません');
INSERT INTO "vocabulary"."linkages" ("vocabulary_id", "preferred_definition_id", "preferred_spelling_id", "phonetic_spelling_id", "alt_phonetic_spelling_id", "kanji_spelling_id", "conjugation_set_id") VALUES ('5003d035-5662-4821-aed7-3aae20437f1a', 'c1479414-1823-5448-9c53-ee3f422eb20b', '50ee85e5-4270-567b-912f-98d2890f0817', '83027f0b-9c05-5b97-a6b3-11bcd5d27ba4', NULL, 'c15ff9f1-2865-5aa4-a5b2-9b6da3fb62ed', NULL);
-- 日本語はまだまだです | I still can't speak Japanese well --;
INSERT INTO "vocabulary"."vocabulary" ("id", "word_class_code", "conjugation_kind_code", "jlpt_level", "row_num", "tags", "date_added") VALUES ('b61642cd-1a9e-4f72-90e9-39dab05f588d', 'EXPRESSION', NULL, NULL, 683, '{}', '2023-01-29');
INSERT INTO "vocabulary"."definition" ("id", "vocabulary_id", "sort_rank", "value") VALUES ('9acf438a-7192-56a4-8650-8736044335d5', 'b61642cd-1a9e-4f72-90e9-39dab05f588d', 1, 'I still can''t speak Japanese well');
INSERT INTO "vocabulary"."spelling" ("id", "vocabulary_id", "spelling_kind_code", "value") VALUES ('971c4db5-6a4e-5038-a066-591a474e5ab3', 'b61642cd-1a9e-4f72-90e9-39dab05f588d', 'KANJI', '日本語はまだまだです');
INSERT INTO "vocabulary"."spelling" ("id", "vocabulary_id", "spelling_kind_code", "value") VALUES ('df916163-1d24-5d74-b819-05019df4ea4b', 'b61642cd-1a9e-4f72-90e9-39dab05f588d', 'KANJI', '日本語　は　まだまだ　です');
INSERT INTO "vocabulary"."spelling" ("id", "vocabulary_id", "spelling_kind_code", "value") VALUES ('4705f067-1f6f-5450-a691-9b45ec1e0f3f', 'b61642cd-1a9e-4f72-90e9-39dab05f588d', 'KANJI', '日本語はまだまだです');
INSERT INTO "vocabulary"."linkages" ("vocabulary_id", "preferred_definition_id", "preferred_spelling_id", "phonetic_spelling_id", "alt_phonetic_spelling_id", "kanji_spelling_id", "conjugation_set_id") VALUES ('b61642cd-1a9e-4f72-90e9-39dab05f588d', '9acf438a-7192-56a4-8650-8736044335d5', '971c4db5-6a4e-5038-a066-591a474e5ab3', 'df916163-1d24-5d74-b819-05019df4ea4b', NULL, '4705f067-1f6f-5450-a691-9b45ec1e0f3f', NULL);
-- 神道 | Shinto --;
INSERT INTO "vocabulary"."vocabulary" ("id", "word_class_code", "conjugation_kind_code", "jlpt_level", "row_num", "tags", "date_added") VALUES ('e9a4ba1c-17c6-4b99-8343-d0b1364186a4', 'NOUN', NULL, NULL, 684, '{shinto}', '2023-02-07');
INSERT INTO "vocabulary"."definition" ("id", "vocabulary_id", "sort_rank", "value") VALUES ('55116b75-fc7d-5196-9cff-bb085e932338', 'e9a4ba1c-17c6-4b99-8343-d0b1364186a4', 1, 'Shinto');
INSERT INTO "vocabulary"."spelling" ("id", "vocabulary_id", "spelling_kind_code", "value") VALUES ('cd4a57bf-9c9d-540c-b52d-a777cce230bb', 'e9a4ba1c-17c6-4b99-8343-d0b1364186a4', 'KANJI', '神道');
INSERT INTO "vocabulary"."spelling" ("id", "vocabulary_id", "spelling_kind_code", "value") VALUES ('1db1a754-5095-52ae-9e20-326f2e861aa5', 'e9a4ba1c-17c6-4b99-8343-d0b1364186a4', 'HIRAGANA', 'しんとう');
INSERT INTO "vocabulary"."spelling" ("id", "vocabulary_id", "spelling_kind_code", "value") VALUES ('2b0bd083-ae09-5736-9991-4fefec936419', 'e9a4ba1c-17c6-4b99-8343-d0b1364186a4', 'KANJI', '神道');
INSERT INTO "vocabulary"."linkages" ("vocabulary_id", "preferred_definition_id", "preferred_spelling_id", "phonetic_spelling_id", "alt_phonetic_spelling_id", "kanji_spelling_id", "conjugation_set_id") VALUES ('e9a4ba1c-17c6-4b99-8343-d0b1364186a4', '55116b75-fc7d-5196-9cff-bb085e932338', 'cd4a57bf-9c9d-540c-b52d-a777cce230bb', '1db1a754-5095-52ae-9e20-326f2e861aa5', NULL, '2b0bd083-ae09-5736-9991-4fefec936419', NULL);
-- お守り | charm; amulet --;
INSERT INTO "vocabulary"."vocabulary" ("id", "word_class_code", "conjugation_kind_code", "jlpt_level", "row_num", "tags", "date_added") VALUES ('c0cd10f5-b523-41fe-8bf0-73e46c2d1a69', 'NOUN', NULL, NULL, 685, '{shinto}', '2023-02-07');
INSERT INTO "vocabulary"."definition" ("id", "vocabulary_id", "sort_rank", "value") VALUES ('7547669e-f91d-5600-9633-8b1e4e9bbc50', 'c0cd10f5-b523-41fe-8bf0-73e46c2d1a69', 1, 'charm; amulet');
INSERT INTO "vocabulary"."spelling" ("id", "vocabulary_id", "spelling_kind_code", "value") VALUES ('ed9dcc12-0226-50d8-8bc3-0168b845b6c6', 'c0cd10f5-b523-41fe-8bf0-73e46c2d1a69', 'KANJI', 'お守り');
INSERT INTO "vocabulary"."spelling" ("id", "vocabulary_id", "spelling_kind_code", "value") VALUES ('6e961b6e-f9d6-504f-921e-8ca9df4dbf73', 'c0cd10f5-b523-41fe-8bf0-73e46c2d1a69', 'HIRAGANA', 'おまもり');
INSERT INTO "vocabulary"."spelling" ("id", "vocabulary_id", "spelling_kind_code", "value") VALUES ('d91f92d9-8610-5e15-98d2-005215c6a5d7', 'c0cd10f5-b523-41fe-8bf0-73e46c2d1a69', 'KANJI', 'お守り');
INSERT INTO "vocabulary"."linkages" ("vocabulary_id", "preferred_definition_id", "preferred_spelling_id", "phonetic_spelling_id", "alt_phonetic_spelling_id", "kanji_spelling_id", "conjugation_set_id") VALUES ('c0cd10f5-b523-41fe-8bf0-73e46c2d1a69', '7547669e-f91d-5600-9633-8b1e4e9bbc50', 'ed9dcc12-0226-50d8-8bc3-0168b845b6c6', '6e961b6e-f9d6-504f-921e-8ca9df4dbf73', NULL, 'd91f92d9-8610-5e15-98d2-005215c6a5d7', NULL);
-- お札 | household amulet --;
INSERT INTO "vocabulary"."vocabulary" ("id", "word_class_code", "conjugation_kind_code", "jlpt_level", "row_num", "tags", "date_added") VALUES ('ac678aee-6ca8-408e-ad9e-298d6317b3ab', 'NOUN', NULL, NULL, 686, '{shinto}', '2023-02-07');
INSERT INTO "vocabulary"."definition" ("id", "vocabulary_id", "sort_rank", "value") VALUES ('fa75b060-9e25-5c17-ac9c-486d16ce104b', 'ac678aee-6ca8-408e-ad9e-298d6317b3ab', 1, 'household amulet');
INSERT INTO "vocabulary"."spelling" ("id", "vocabulary_id", "spelling_kind_code", "value") VALUES ('38882dfc-b63d-5aa7-98ac-b377ff0d9584', 'ac678aee-6ca8-408e-ad9e-298d6317b3ab', 'KANJI', 'お札');
INSERT INTO "vocabulary"."spelling" ("id", "vocabulary_id", "spelling_kind_code", "value") VALUES ('f741ed27-c25a-5682-945b-74593997e618', 'ac678aee-6ca8-408e-ad9e-298d6317b3ab', 'HIRAGANA', 'おふだ');
INSERT INTO "vocabulary"."spelling" ("id", "vocabulary_id", "spelling_kind_code", "value") VALUES ('352c2ee5-49b1-5038-96db-ba0893f8c66e', 'ac678aee-6ca8-408e-ad9e-298d6317b3ab', 'KANJI', 'お神札');
INSERT INTO "vocabulary"."linkages" ("vocabulary_id", "preferred_definition_id", "preferred_spelling_id", "phonetic_spelling_id", "alt_phonetic_spelling_id", "kanji_spelling_id", "conjugation_set_id") VALUES ('ac678aee-6ca8-408e-ad9e-298d6317b3ab', 'fa75b060-9e25-5c17-ac9c-486d16ce104b', '38882dfc-b63d-5aa7-98ac-b377ff0d9584', 'f741ed27-c25a-5682-945b-74593997e618', NULL, '352c2ee5-49b1-5038-96db-ba0893f8c66e', NULL);
-- 神札 | kami amulet --;
INSERT INTO "vocabulary"."vocabulary" ("id", "word_class_code", "conjugation_kind_code", "jlpt_level", "row_num", "tags", "date_added") VALUES ('44ee0b58-4002-4765-825d-d4a1c87be36a', 'NOUN', NULL, NULL, 687, '{shinto}', '2023-02-14');
INSERT INTO "vocabulary"."definition" ("id", "vocabulary_id", "sort_rank", "value") VALUES ('f995f1fc-acab-55a7-a823-c8b37c9479c1', '44ee0b58-4002-4765-825d-d4a1c87be36a', 1, 'kami amulet');
INSERT INTO "vocabulary"."spelling" ("id", "vocabulary_id", "spelling_kind_code", "value") VALUES ('eeee7800-0d7a-5f1d-8f9c-4cee48287f2f', '44ee0b58-4002-4765-825d-d4a1c87be36a', 'KANJI', '神札');
INSERT INTO "vocabulary"."spelling" ("id", "vocabulary_id", "spelling_kind_code", "value") VALUES ('8fcd8126-51f7-5e11-9bf2-1c8f294c9fce', '44ee0b58-4002-4765-825d-d4a1c87be36a', 'HIRAGANA', 'しんさつ');
INSERT INTO "vocabulary"."spelling" ("id", "vocabulary_id", "spelling_kind_code", "value") VALUES ('ff580446-a070-5fc3-b87d-e00f77f36207', '44ee0b58-4002-4765-825d-d4a1c87be36a', 'KANJI', '神札');
INSERT INTO "vocabulary"."linkages" ("vocabulary_id", "preferred_definition_id", "preferred_spelling_id", "phonetic_spelling_id", "alt_phonetic_spelling_id", "kanji_spelling_id", "conjugation_set_id") VALUES ('44ee0b58-4002-4765-825d-d4a1c87be36a', 'f995f1fc-acab-55a7-a823-c8b37c9479c1', 'eeee7800-0d7a-5f1d-8f9c-4cee48287f2f', '8fcd8126-51f7-5e11-9bf2-1c8f294c9fce', NULL, 'ff580446-a070-5fc3-b87d-e00f77f36207', NULL);
-- 神宮大麻 | ofuda of Goddes of the Sun --;
INSERT INTO "vocabulary"."vocabulary" ("id", "word_class_code", "conjugation_kind_code", "jlpt_level", "row_num", "tags", "date_added") VALUES ('de330115-bfcc-5e58-9784-3db94b52aecb', 'NOUN', NULL, NULL, 688, '{shinto}', '2023-02-23');
INSERT INTO "vocabulary"."definition" ("id", "vocabulary_id", "sort_rank", "value") VALUES ('8fbbd1ca-a138-5479-b05c-466db169e990', 'de330115-bfcc-5e58-9784-3db94b52aecb', 1, 'ofuda of Goddes of the Sun');
INSERT INTO "vocabulary"."spelling" ("id", "vocabulary_id", "spelling_kind_code", "value") VALUES ('588aaab5-8685-52b9-8f0b-fbee16715fb2', 'de330115-bfcc-5e58-9784-3db94b52aecb', 'KANJI', '神宮大麻');
INSERT INTO "vocabulary"."spelling" ("id", "vocabulary_id", "spelling_kind_code", "value") VALUES ('7b88320f-e07e-5b76-ab34-aea41e520444', 'de330115-bfcc-5e58-9784-3db94b52aecb', 'HIRAGANA', 'じんぐうたいま');
INSERT INTO "vocabulary"."spelling" ("id", "vocabulary_id", "spelling_kind_code", "value") VALUES ('0915ffef-2e4f-5a40-8167-b0ec06c614b4', 'de330115-bfcc-5e58-9784-3db94b52aecb', 'KANJI', '神宮大麻');
INSERT INTO "vocabulary"."linkages" ("vocabulary_id", "preferred_definition_id", "preferred_spelling_id", "phonetic_spelling_id", "alt_phonetic_spelling_id", "kanji_spelling_id", "conjugation_set_id") VALUES ('de330115-bfcc-5e58-9784-3db94b52aecb', '8fbbd1ca-a138-5479-b05c-466db169e990', '588aaab5-8685-52b9-8f0b-fbee16715fb2', '7b88320f-e07e-5b76-ab34-aea41e520444', NULL, '0915ffef-2e4f-5a40-8167-b0ec06c614b4', NULL);
-- 神棚 | household shrine --;
INSERT INTO "vocabulary"."vocabulary" ("id", "word_class_code", "conjugation_kind_code", "jlpt_level", "row_num", "tags", "date_added") VALUES ('f497e598-0605-420a-b613-a1d6291344a5', 'NOUN', NULL, NULL, 689, '{shinto}', '2023-02-07');
INSERT INTO "vocabulary"."definition" ("id", "vocabulary_id", "sort_rank", "value") VALUES ('a9ecdbc4-e0f2-5183-b327-ece33933bd9f', 'f497e598-0605-420a-b613-a1d6291344a5', 1, 'household shrine');
INSERT INTO "vocabulary"."spelling" ("id", "vocabulary_id", "spelling_kind_code", "value") VALUES ('2a56ef33-a4b0-5a2a-a07c-0076f7950e97', 'f497e598-0605-420a-b613-a1d6291344a5', 'KANJI', '神棚');
INSERT INTO "vocabulary"."spelling" ("id", "vocabulary_id", "spelling_kind_code", "value") VALUES ('45ffabba-0fa9-5023-b107-d5dee4f34a66', 'f497e598-0605-420a-b613-a1d6291344a5', 'HIRAGANA', 'かみだな');
INSERT INTO "vocabulary"."spelling" ("id", "vocabulary_id", "spelling_kind_code", "value") VALUES ('3c716fc3-f344-5025-8a3d-2d3c5ad9bf31', 'f497e598-0605-420a-b613-a1d6291344a5', 'KANJI', '神棚');
INSERT INTO "vocabulary"."linkages" ("vocabulary_id", "preferred_definition_id", "preferred_spelling_id", "phonetic_spelling_id", "alt_phonetic_spelling_id", "kanji_spelling_id", "conjugation_set_id") VALUES ('f497e598-0605-420a-b613-a1d6291344a5', 'a9ecdbc4-e0f2-5183-b327-ece33933bd9f', '2a56ef33-a4b0-5a2a-a07c-0076f7950e97', '45ffabba-0fa9-5023-b107-d5dee4f34a66', NULL, '3c716fc3-f344-5025-8a3d-2d3c5ad9bf31', NULL);
-- 鈴 | shinto bell --;
INSERT INTO "vocabulary"."vocabulary" ("id", "word_class_code", "conjugation_kind_code", "jlpt_level", "row_num", "tags", "date_added") VALUES ('477cd7ce-0231-423e-8339-3c3bfdbbf23b', 'NOUN', NULL, 2, 690, '{shinto}', '2023-02-07');
INSERT INTO "vocabulary"."definition" ("id", "vocabulary_id", "sort_rank", "value") VALUES ('9fdc89df-d8ca-50bd-91c3-be49633df971', '477cd7ce-0231-423e-8339-3c3bfdbbf23b', 1, 'shinto bell');
INSERT INTO "vocabulary"."spelling" ("id", "vocabulary_id", "spelling_kind_code", "value") VALUES ('81ad04c9-454e-525a-862c-f907606940de', '477cd7ce-0231-423e-8339-3c3bfdbbf23b', 'KANJI', '鈴');
INSERT INTO "vocabulary"."spelling" ("id", "vocabulary_id", "spelling_kind_code", "value") VALUES ('830b2bc6-0fa2-5004-a9b4-a3e2c09fdb63', '477cd7ce-0231-423e-8339-3c3bfdbbf23b', 'HIRAGANA', 'すず');
INSERT INTO "vocabulary"."spelling" ("id", "vocabulary_id", "spelling_kind_code", "value") VALUES ('9f2d87e4-4ace-5ef5-8164-16baa79f1a06', '477cd7ce-0231-423e-8339-3c3bfdbbf23b', 'KANJI', '鈴');
INSERT INTO "vocabulary"."linkages" ("vocabulary_id", "preferred_definition_id", "preferred_spelling_id", "phonetic_spelling_id", "alt_phonetic_spelling_id", "kanji_spelling_id", "conjugation_set_id") VALUES ('477cd7ce-0231-423e-8339-3c3bfdbbf23b', '9fdc89df-d8ca-50bd-91c3-be49633df971', '81ad04c9-454e-525a-862c-f907606940de', '830b2bc6-0fa2-5004-a9b4-a3e2c09fdb63', NULL, '9f2d87e4-4ace-5ef5-8164-16baa79f1a06', NULL);
-- 椿大神社 | Tsubaki Grand Shrine --;
INSERT INTO "vocabulary"."vocabulary" ("id", "word_class_code", "conjugation_kind_code", "jlpt_level", "row_num", "tags", "date_added") VALUES ('c874b9d4-72c6-4177-ac37-9c7474022afe', 'NOUN', NULL, NULL, 691, '{shinto}', '2023-02-13');
INSERT INTO "vocabulary"."definition" ("id", "vocabulary_id", "sort_rank", "value") VALUES ('98b9e21f-f58a-5e48-b913-12e60bc4cff2', 'c874b9d4-72c6-4177-ac37-9c7474022afe', 1, 'Tsubaki Grand Shrine');
INSERT INTO "vocabulary"."spelling" ("id", "vocabulary_id", "spelling_kind_code", "value") VALUES ('73a56583-5c43-5eaa-8e29-03fb79ea9595', 'c874b9d4-72c6-4177-ac37-9c7474022afe', 'KANJI', '椿大神社');
INSERT INTO "vocabulary"."spelling" ("id", "vocabulary_id", "spelling_kind_code", "value") VALUES ('0f44bf88-ba94-5c11-bcf2-a18898429d05', 'c874b9d4-72c6-4177-ac37-9c7474022afe', 'HIRAGANA', 'つばきおおかみやしろ');
INSERT INTO "vocabulary"."spelling" ("id", "vocabulary_id", "spelling_kind_code", "value") VALUES ('e541efae-141a-5e2f-9e43-a358497f926c', 'c874b9d4-72c6-4177-ac37-9c7474022afe', 'KANJI', '椿大神社');
INSERT INTO "vocabulary"."linkages" ("vocabulary_id", "preferred_definition_id", "preferred_spelling_id", "phonetic_spelling_id", "alt_phonetic_spelling_id", "kanji_spelling_id", "conjugation_set_id") VALUES ('c874b9d4-72c6-4177-ac37-9c7474022afe', '98b9e21f-f58a-5e48-b913-12e60bc4cff2', '73a56583-5c43-5eaa-8e29-03fb79ea9595', '0f44bf88-ba94-5c11-bcf2-a18898429d05', NULL, 'e541efae-141a-5e2f-9e43-a358497f926c', NULL);
-- 天照大神 | Goddess of the Sun --;
INSERT INTO "vocabulary"."vocabulary" ("id", "word_class_code", "conjugation_kind_code", "jlpt_level", "row_num", "tags", "date_added") VALUES ('454b8cc5-3c87-40ff-b026-effc0042555b', 'NOUN', NULL, NULL, 692, '{shinto}', '2023-02-13');
INSERT INTO "vocabulary"."definition" ("id", "vocabulary_id", "sort_rank", "value") VALUES ('256e72e8-d5e0-57f4-b241-dfa6305afe81', '454b8cc5-3c87-40ff-b026-effc0042555b', 1, 'Goddess of the Sun');
INSERT INTO "vocabulary"."spelling" ("id", "vocabulary_id", "spelling_kind_code", "value") VALUES ('51ffd847-cd3a-5df1-99b8-58cd74ce0dd0', '454b8cc5-3c87-40ff-b026-effc0042555b', 'KANJI', '天照大神');
INSERT INTO "vocabulary"."spelling" ("id", "vocabulary_id", "spelling_kind_code", "value") VALUES ('0b265793-9d01-545a-8680-6393bbcd7938', '454b8cc5-3c87-40ff-b026-effc0042555b', 'HIRAGANA', 'あまてらすおおみかみ');
INSERT INTO "vocabulary"."spelling" ("id", "vocabulary_id", "spelling_kind_code", "value") VALUES ('a8a4e6df-55a4-552e-bc91-3d6572d5fb4b', '454b8cc5-3c87-40ff-b026-effc0042555b', 'KANJI', '天照大御神');
INSERT INTO "vocabulary"."linkages" ("vocabulary_id", "preferred_definition_id", "preferred_spelling_id", "phonetic_spelling_id", "alt_phonetic_spelling_id", "kanji_spelling_id", "conjugation_set_id") VALUES ('454b8cc5-3c87-40ff-b026-effc0042555b', '256e72e8-d5e0-57f4-b241-dfa6305afe81', '51ffd847-cd3a-5df1-99b8-58cd74ce0dd0', '0b265793-9d01-545a-8680-6393bbcd7938', NULL, 'a8a4e6df-55a4-552e-bc91-3d6572d5fb4b', NULL);
-- 猿田彦大神 | Leader of Earthly Kami --;
INSERT INTO "vocabulary"."vocabulary" ("id", "word_class_code", "conjugation_kind_code", "jlpt_level", "row_num", "tags", "date_added") VALUES ('6fe16c3d-4c06-4281-9129-377ec4d05e48', 'NOUN', NULL, NULL, 693, '{shinto}', '2023-02-13');
INSERT INTO "vocabulary"."definition" ("id", "vocabulary_id", "sort_rank", "value") VALUES ('db5d9a97-4951-5701-879b-9b0ea7964e06', '6fe16c3d-4c06-4281-9129-377ec4d05e48', 1, 'Leader of Earthly Kami');
INSERT INTO "vocabulary"."spelling" ("id", "vocabulary_id", "spelling_kind_code", "value") VALUES ('1a51dae4-1b01-5113-a79a-b184c40c2cca', '6fe16c3d-4c06-4281-9129-377ec4d05e48', 'KANJI', '猿田彦大神');
INSERT INTO "vocabulary"."spelling" ("id", "vocabulary_id", "spelling_kind_code", "value") VALUES ('4cc2f43e-a443-5a8a-a587-a27746a0d282', '6fe16c3d-4c06-4281-9129-377ec4d05e48', 'HIRAGANA', 'さるたひこおおかみ');
INSERT INTO "vocabulary"."spelling" ("id", "vocabulary_id", "spelling_kind_code", "value") VALUES ('fce0ecdc-20c7-5e44-aa6f-db691770ff60', '6fe16c3d-4c06-4281-9129-377ec4d05e48', 'KANJI', '猿田毘古大神');
INSERT INTO "vocabulary"."linkages" ("vocabulary_id", "preferred_definition_id", "preferred_spelling_id", "phonetic_spelling_id", "alt_phonetic_spelling_id", "kanji_spelling_id", "conjugation_set_id") VALUES ('6fe16c3d-4c06-4281-9129-377ec4d05e48', 'db5d9a97-4951-5701-879b-9b0ea7964e06', '1a51dae4-1b01-5113-a79a-b184c40c2cca', '4cc2f43e-a443-5a8a-a587-a27746a0d282', NULL, 'fce0ecdc-20c7-5e44-aa6f-db691770ff60', NULL);
-- 天鈿女命 | Goddess of Dawn --;
INSERT INTO "vocabulary"."vocabulary" ("id", "word_class_code", "conjugation_kind_code", "jlpt_level", "row_num", "tags", "date_added") VALUES ('73d6d9ef-8e00-4762-9049-e75b23e7c6f3', 'NOUN', NULL, NULL, 694, '{shinto}', '2023-02-13');
INSERT INTO "vocabulary"."definition" ("id", "vocabulary_id", "sort_rank", "value") VALUES ('19ce6fe7-a853-517f-92d2-8064d7494c7d', '73d6d9ef-8e00-4762-9049-e75b23e7c6f3', 1, 'Goddess of Dawn');
INSERT INTO "vocabulary"."spelling" ("id", "vocabulary_id", "spelling_kind_code", "value") VALUES ('3ee1a2a6-de63-5ec0-8a8e-516154aad524', '73d6d9ef-8e00-4762-9049-e75b23e7c6f3', 'KANJI', '天鈿女命');
INSERT INTO "vocabulary"."spelling" ("id", "vocabulary_id", "spelling_kind_code", "value") VALUES ('744e9272-52fc-53a5-a0ba-395ce4d3f3e6', '73d6d9ef-8e00-4762-9049-e75b23e7c6f3', 'HIRAGANA', 'あめのうずめのみこと');
INSERT INTO "vocabulary"."spelling" ("id", "vocabulary_id", "spelling_kind_code", "value") VALUES ('65ea0558-dcfe-5c00-afb8-4db8f963458c', '73d6d9ef-8e00-4762-9049-e75b23e7c6f3', 'KANJI', '天宇受売命');
INSERT INTO "vocabulary"."linkages" ("vocabulary_id", "preferred_definition_id", "preferred_spelling_id", "phonetic_spelling_id", "alt_phonetic_spelling_id", "kanji_spelling_id", "conjugation_set_id") VALUES ('73d6d9ef-8e00-4762-9049-e75b23e7c6f3', '19ce6fe7-a853-517f-92d2-8064d7494c7d', '3ee1a2a6-de63-5ec0-8a8e-516154aad524', '744e9272-52fc-53a5-a0ba-395ce4d3f3e6', NULL, '65ea0558-dcfe-5c00-afb8-4db8f963458c', NULL);
-- 天気予報 | weather forecast --;
INSERT INTO "vocabulary"."vocabulary" ("id", "word_class_code", "conjugation_kind_code", "jlpt_level", "row_num", "tags", "date_added") VALUES ('dce83318-5555-4ea3-b358-04c1081206f9', 'NOUN', NULL, 4, 695, '{}', '2023-01-28');
INSERT INTO "vocabulary"."definition" ("id", "vocabulary_id", "sort_rank", "value") VALUES ('74d7d3c8-bb50-53c6-a295-5846bb431379', 'dce83318-5555-4ea3-b358-04c1081206f9', 1, 'weather forecast');
INSERT INTO "vocabulary"."spelling" ("id", "vocabulary_id", "spelling_kind_code", "value") VALUES ('1c10d3d9-c686-594c-b88b-96f7a6c5dbaf', 'dce83318-5555-4ea3-b358-04c1081206f9', 'KANJI', '天気予報');
INSERT INTO "vocabulary"."spelling" ("id", "vocabulary_id", "spelling_kind_code", "value") VALUES ('a2f9eca0-f8a5-585c-bf74-0d2687c34bdc', 'dce83318-5555-4ea3-b358-04c1081206f9', 'HIRAGANA', 'てんきよほう');
INSERT INTO "vocabulary"."spelling" ("id", "vocabulary_id", "spelling_kind_code", "value") VALUES ('b945b8c2-355f-501f-b248-77c4de3b7ca0', 'dce83318-5555-4ea3-b358-04c1081206f9', 'KANJI', '天気予報');
INSERT INTO "vocabulary"."linkages" ("vocabulary_id", "preferred_definition_id", "preferred_spelling_id", "phonetic_spelling_id", "alt_phonetic_spelling_id", "kanji_spelling_id", "conjugation_set_id") VALUES ('dce83318-5555-4ea3-b358-04c1081206f9', '74d7d3c8-bb50-53c6-a295-5846bb431379', '1c10d3d9-c686-594c-b88b-96f7a6c5dbaf', 'a2f9eca0-f8a5-585c-bf74-0d2687c34bdc', NULL, 'b945b8c2-355f-501f-b248-77c4de3b7ca0', NULL);
INSERT INTO "vocabulary"."reference" ("vocabulary_id", "lesson_code") VALUES ('dce83318-5555-4ea3-b358-04c1081206f9', 'GENKI3_L08');
-- 気温 | temperature (weather) --;
INSERT INTO "vocabulary"."vocabulary" ("id", "word_class_code", "conjugation_kind_code", "jlpt_level", "row_num", "tags", "date_added") VALUES ('5da770a7-203d-433f-ad98-977cf6ed691e', 'NOUN', NULL, 3, 696, '{}', '2023-01-28');
INSERT INTO "vocabulary"."definition" ("id", "vocabulary_id", "sort_rank", "value") VALUES ('79fc1598-55fc-5616-9f58-56653ee281c2', '5da770a7-203d-433f-ad98-977cf6ed691e', 1, 'temperature (weather)');
INSERT INTO "vocabulary"."spelling" ("id", "vocabulary_id", "spelling_kind_code", "value") VALUES ('42be35d7-401c-5810-af14-5731905b92b1', '5da770a7-203d-433f-ad98-977cf6ed691e', 'KANJI', '気温');
INSERT INTO "vocabulary"."spelling" ("id", "vocabulary_id", "spelling_kind_code", "value") VALUES ('1223efb6-8ba3-5e51-a808-0f003a817c23', '5da770a7-203d-433f-ad98-977cf6ed691e', 'HIRAGANA', 'きおん');
INSERT INTO "vocabulary"."spelling" ("id", "vocabulary_id", "spelling_kind_code", "value") VALUES ('28d840ee-5fd0-5dea-bc16-29828fedb42f', '5da770a7-203d-433f-ad98-977cf6ed691e', 'KANJI', '気温');
INSERT INTO "vocabulary"."linkages" ("vocabulary_id", "preferred_definition_id", "preferred_spelling_id", "phonetic_spelling_id", "alt_phonetic_spelling_id", "kanji_spelling_id", "conjugation_set_id") VALUES ('5da770a7-203d-433f-ad98-977cf6ed691e', '79fc1598-55fc-5616-9f58-56653ee281c2', '42be35d7-401c-5810-af14-5731905b92b1', '1223efb6-8ba3-5e51-a808-0f003a817c23', NULL, '28d840ee-5fd0-5dea-bc16-29828fedb42f', NULL);
INSERT INTO "vocabulary"."reference" ("vocabulary_id", "lesson_code") VALUES ('5da770a7-203d-433f-ad98-977cf6ed691e', 'GENKI3_L08');
-- 明後日 | day after tomorrow --;
INSERT INTO "vocabulary"."vocabulary" ("id", "word_class_code", "conjugation_kind_code", "jlpt_level", "row_num", "tags", "date_added") VALUES ('ba1341eb-aaf5-4174-b971-67eb85a9150d', 'NOUN', NULL, 5, 697, '{}', '2023-01-28');
INSERT INTO "vocabulary"."definition" ("id", "vocabulary_id", "sort_rank", "value") VALUES ('5d99c397-11a7-53ff-8a1a-08832e830599', 'ba1341eb-aaf5-4174-b971-67eb85a9150d', 1, 'day after tomorrow');
INSERT INTO "vocabulary"."spelling" ("id", "vocabulary_id", "spelling_kind_code", "value") VALUES ('5466fb95-5e2b-5e0f-b920-9ac6e5cbc7f2', 'ba1341eb-aaf5-4174-b971-67eb85a9150d', 'KANJI', '明後日');
INSERT INTO "vocabulary"."spelling" ("id", "vocabulary_id", "spelling_kind_code", "value") VALUES ('7ea90628-c6ab-5202-b2a7-d8568e337822', 'ba1341eb-aaf5-4174-b971-67eb85a9150d', 'HIRAGANA', 'あさって');
INSERT INTO "vocabulary"."spelling" ("id", "vocabulary_id", "spelling_kind_code", "value") VALUES ('9c965ce6-9dee-5711-b43b-3e1b6f008f1d', 'ba1341eb-aaf5-4174-b971-67eb85a9150d', 'KANJI', '明後日');
INSERT INTO "vocabulary"."linkages" ("vocabulary_id", "preferred_definition_id", "preferred_spelling_id", "phonetic_spelling_id", "alt_phonetic_spelling_id", "kanji_spelling_id", "conjugation_set_id") VALUES ('ba1341eb-aaf5-4174-b971-67eb85a9150d', '5d99c397-11a7-53ff-8a1a-08832e830599', '5466fb95-5e2b-5e0f-b920-9ac6e5cbc7f2', '7ea90628-c6ab-5202-b2a7-d8568e337822', NULL, '9c965ce6-9dee-5711-b43b-3e1b6f008f1d', NULL);
INSERT INTO "vocabulary"."reference" ("vocabulary_id", "lesson_code") VALUES ('ba1341eb-aaf5-4174-b971-67eb85a9150d', 'GENKI3_L08');
-- 毎週 | every week --;
INSERT INTO "vocabulary"."vocabulary" ("id", "word_class_code", "conjugation_kind_code", "jlpt_level", "row_num", "tags", "date_added") VALUES ('cb740381-d3bf-4965-b1f7-b669c6e2c640', 'NOUN', NULL, 5, 698, '{}', '2023-01-28');
INSERT INTO "vocabulary"."definition" ("id", "vocabulary_id", "sort_rank", "value") VALUES ('66035553-4825-5476-bd83-89b4551f29f7', 'cb740381-d3bf-4965-b1f7-b669c6e2c640', 1, 'every week');
INSERT INTO "vocabulary"."spelling" ("id", "vocabulary_id", "spelling_kind_code", "value") VALUES ('666d49ac-7d0c-5e90-80a2-270bba491057', 'cb740381-d3bf-4965-b1f7-b669c6e2c640', 'KANJI', '毎週');
INSERT INTO "vocabulary"."spelling" ("id", "vocabulary_id", "spelling_kind_code", "value") VALUES ('eb961513-8e3d-5200-b1d2-ba22c0ca881d', 'cb740381-d3bf-4965-b1f7-b669c6e2c640', 'HIRAGANA', 'まいしゅう');
INSERT INTO "vocabulary"."spelling" ("id", "vocabulary_id", "spelling_kind_code", "value") VALUES ('78be7459-977d-5cf2-82d6-7a6774915e10', 'cb740381-d3bf-4965-b1f7-b669c6e2c640', 'KANJI', '毎週');
INSERT INTO "vocabulary"."linkages" ("vocabulary_id", "preferred_definition_id", "preferred_spelling_id", "phonetic_spelling_id", "alt_phonetic_spelling_id", "kanji_spelling_id", "conjugation_set_id") VALUES ('cb740381-d3bf-4965-b1f7-b669c6e2c640', '66035553-4825-5476-bd83-89b4551f29f7', '666d49ac-7d0c-5e90-80a2-270bba491057', 'eb961513-8e3d-5200-b1d2-ba22c0ca881d', NULL, '78be7459-977d-5cf2-82d6-7a6774915e10', NULL);
INSERT INTO "vocabulary"."reference" ("vocabulary_id", "lesson_code") VALUES ('cb740381-d3bf-4965-b1f7-b669c6e2c640', 'GENKI3_L08');
-- 今月 | this month --;
INSERT INTO "vocabulary"."vocabulary" ("id", "word_class_code", "conjugation_kind_code", "jlpt_level", "row_num", "tags", "date_added") VALUES ('0d0e341b-086a-46bc-aae1-430f620e3529', 'NOUN', NULL, 5, 699, '{}', '2023-01-28');
INSERT INTO "vocabulary"."definition" ("id", "vocabulary_id", "sort_rank", "value") VALUES ('783469c6-e9d0-541c-85ba-a9de45b4c395', '0d0e341b-086a-46bc-aae1-430f620e3529', 1, 'this month');
INSERT INTO "vocabulary"."spelling" ("id", "vocabulary_id", "spelling_kind_code", "value") VALUES ('905d40b0-1ba8-56d8-892b-685ebcc0d4b4', '0d0e341b-086a-46bc-aae1-430f620e3529', 'KANJI', '今月');
INSERT INTO "vocabulary"."spelling" ("id", "vocabulary_id", "spelling_kind_code", "value") VALUES ('537d9ff1-448b-5933-867f-d9146dc2da23', '0d0e341b-086a-46bc-aae1-430f620e3529', 'HIRAGANA', 'こんげつ');
INSERT INTO "vocabulary"."spelling" ("id", "vocabulary_id", "spelling_kind_code", "value") VALUES ('57b4428d-55e0-5b45-8cf7-d0a433d7468d', '0d0e341b-086a-46bc-aae1-430f620e3529', 'KANJI', '今月');
INSERT INTO "vocabulary"."linkages" ("vocabulary_id", "preferred_definition_id", "preferred_spelling_id", "phonetic_spelling_id", "alt_phonetic_spelling_id", "kanji_spelling_id", "conjugation_set_id") VALUES ('0d0e341b-086a-46bc-aae1-430f620e3529', '783469c6-e9d0-541c-85ba-a9de45b4c395', '905d40b0-1ba8-56d8-892b-685ebcc0d4b4', '537d9ff1-448b-5933-867f-d9146dc2da23', NULL, '57b4428d-55e0-5b45-8cf7-d0a433d7468d', NULL);
INSERT INTO "vocabulary"."reference" ("vocabulary_id", "lesson_code") VALUES ('0d0e341b-086a-46bc-aae1-430f620e3529', 'GENKI3_L08');
-- 来月 | next month --;
INSERT INTO "vocabulary"."vocabulary" ("id", "word_class_code", "conjugation_kind_code", "jlpt_level", "row_num", "tags", "date_added") VALUES ('282d2013-738f-4203-8978-a94672f013fd', 'NOUN', NULL, 5, 700, '{}', '2023-01-28');
INSERT INTO "vocabulary"."definition" ("id", "vocabulary_id", "sort_rank", "value") VALUES ('b7d45271-4cff-5f34-8321-dcf97a36604e', '282d2013-738f-4203-8978-a94672f013fd', 1, 'next month');
INSERT INTO "vocabulary"."spelling" ("id", "vocabulary_id", "spelling_kind_code", "value") VALUES ('54649056-93e0-572c-824c-22b5c93d4c2d', '282d2013-738f-4203-8978-a94672f013fd', 'KANJI', '来月');
INSERT INTO "vocabulary"."spelling" ("id", "vocabulary_id", "spelling_kind_code", "value") VALUES ('0cd6d7c6-8920-54c1-931a-03de14a42d6c', '282d2013-738f-4203-8978-a94672f013fd', 'HIRAGANA', 'らいげつ');
INSERT INTO "vocabulary"."spelling" ("id", "vocabulary_id", "spelling_kind_code", "value") VALUES ('8af90621-8e9e-55e8-a705-c7c84abee78a', '282d2013-738f-4203-8978-a94672f013fd', 'KANJI', '来月');
INSERT INTO "vocabulary"."linkages" ("vocabulary_id", "preferred_definition_id", "preferred_spelling_id", "phonetic_spelling_id", "alt_phonetic_spelling_id", "kanji_spelling_id", "conjugation_set_id") VALUES ('282d2013-738f-4203-8978-a94672f013fd', 'b7d45271-4cff-5f34-8321-dcf97a36604e', '54649056-93e0-572c-824c-22b5c93d4c2d', '0cd6d7c6-8920-54c1-931a-03de14a42d6c', NULL, '8af90621-8e9e-55e8-a705-c7c84abee78a', NULL);
INSERT INTO "vocabulary"."reference" ("vocabulary_id", "lesson_code") VALUES ('282d2013-738f-4203-8978-a94672f013fd', 'GENKI3_L08');
-- 仕事 | job; work; occupation --;
INSERT INTO "vocabulary"."vocabulary" ("id", "word_class_code", "conjugation_kind_code", "jlpt_level", "row_num", "tags", "date_added") VALUES ('37e210d1-608e-48ca-9224-3aa3bd222557', 'NOUN', NULL, 5, 701, '{}', '2023-01-28');
INSERT INTO "vocabulary"."definition" ("id", "vocabulary_id", "sort_rank", "value") VALUES ('0713d66f-598f-58bc-9cd4-4cc02e75f924', '37e210d1-608e-48ca-9224-3aa3bd222557', 1, 'job; work; occupation');
INSERT INTO "vocabulary"."spelling" ("id", "vocabulary_id", "spelling_kind_code", "value") VALUES ('d3c27bf0-9c8c-5a25-a892-54acef3467a2', '37e210d1-608e-48ca-9224-3aa3bd222557', 'KANJI', '仕事');
INSERT INTO "vocabulary"."spelling" ("id", "vocabulary_id", "spelling_kind_code", "value") VALUES ('898f99aa-0181-5980-883c-4d660f4a504b', '37e210d1-608e-48ca-9224-3aa3bd222557', 'HIRAGANA', 'しごと');
INSERT INTO "vocabulary"."spelling" ("id", "vocabulary_id", "spelling_kind_code", "value") VALUES ('259b8292-743b-570d-b249-58c65cadafef', '37e210d1-608e-48ca-9224-3aa3bd222557', 'KANJI', '仕事');
INSERT INTO "vocabulary"."linkages" ("vocabulary_id", "preferred_definition_id", "preferred_spelling_id", "phonetic_spelling_id", "alt_phonetic_spelling_id", "kanji_spelling_id", "conjugation_set_id") VALUES ('37e210d1-608e-48ca-9224-3aa3bd222557', '0713d66f-598f-58bc-9cd4-4cc02e75f924', 'd3c27bf0-9c8c-5a25-a892-54acef3467a2', '898f99aa-0181-5980-883c-4d660f4a504b', NULL, '259b8292-743b-570d-b249-58c65cadafef', NULL);
INSERT INTO "vocabulary"."reference" ("vocabulary_id", "lesson_code") VALUES ('37e210d1-608e-48ca-9224-3aa3bd222557', 'GENKI3_L08');
-- カメラ | camera --;
INSERT INTO "vocabulary"."vocabulary" ("id", "word_class_code", "conjugation_kind_code", "jlpt_level", "row_num", "tags", "date_added") VALUES ('6c8b18b7-9f25-42ff-9688-355ca9cf148f', 'NOUN', NULL, 5, 702, '{}', '2023-01-28');
INSERT INTO "vocabulary"."definition" ("id", "vocabulary_id", "sort_rank", "value") VALUES ('a63c6f48-c5ca-540a-bb95-90ff0f379c1e', '6c8b18b7-9f25-42ff-9688-355ca9cf148f', 1, 'camera');
INSERT INTO "vocabulary"."spelling" ("id", "vocabulary_id", "spelling_kind_code", "value") VALUES ('4004a215-f6eb-5ecb-91ce-98557d17564a', '6c8b18b7-9f25-42ff-9688-355ca9cf148f', 'KATAKANA', 'カメラ');
INSERT INTO "vocabulary"."spelling" ("id", "vocabulary_id", "spelling_kind_code", "value") VALUES ('1b5026f2-3434-5ac7-82ae-eb30e53d0f8e', '6c8b18b7-9f25-42ff-9688-355ca9cf148f', 'HIRAGANA', 'かめら');
INSERT INTO "vocabulary"."linkages" ("vocabulary_id", "preferred_definition_id", "preferred_spelling_id", "phonetic_spelling_id", "alt_phonetic_spelling_id", "kanji_spelling_id", "conjugation_set_id") VALUES ('6c8b18b7-9f25-42ff-9688-355ca9cf148f', 'a63c6f48-c5ca-540a-bb95-90ff0f379c1e', '4004a215-f6eb-5ecb-91ce-98557d17564a', '1b5026f2-3434-5ac7-82ae-eb30e53d0f8e', NULL, NULL, NULL);
INSERT INTO "vocabulary"."reference" ("vocabulary_id", "lesson_code") VALUES ('6c8b18b7-9f25-42ff-9688-355ca9cf148f', 'GENKI3_L08');
-- カラオケ | karaoke --;
INSERT INTO "vocabulary"."vocabulary" ("id", "word_class_code", "conjugation_kind_code", "jlpt_level", "row_num", "tags", "date_added") VALUES ('a8444c30-e2ab-4cd6-8060-30a8b40b9c16', 'NOUN', NULL, NULL, 703, '{}', '2023-01-28');
INSERT INTO "vocabulary"."definition" ("id", "vocabulary_id", "sort_rank", "value") VALUES ('8c8d40cd-1538-5c63-a264-071005782a4a', 'a8444c30-e2ab-4cd6-8060-30a8b40b9c16', 1, 'karaoke');
INSERT INTO "vocabulary"."spelling" ("id", "vocabulary_id", "spelling_kind_code", "value") VALUES ('b6424609-8f40-5e82-9842-dc69fbadac9b', 'a8444c30-e2ab-4cd6-8060-30a8b40b9c16', 'KATAKANA', 'カラオケ');
INSERT INTO "vocabulary"."spelling" ("id", "vocabulary_id", "spelling_kind_code", "value") VALUES ('b4e2b317-fa9d-58ec-a4f2-d16b5d0ab6fd', 'a8444c30-e2ab-4cd6-8060-30a8b40b9c16', 'HIRAGANA', 'からおけ');
INSERT INTO "vocabulary"."linkages" ("vocabulary_id", "preferred_definition_id", "preferred_spelling_id", "phonetic_spelling_id", "alt_phonetic_spelling_id", "kanji_spelling_id", "conjugation_set_id") VALUES ('a8444c30-e2ab-4cd6-8060-30a8b40b9c16', '8c8d40cd-1538-5c63-a264-071005782a4a', 'b6424609-8f40-5e82-9842-dc69fbadac9b', 'b4e2b317-fa9d-58ec-a4f2-d16b5d0ab6fd', NULL, NULL, NULL);
INSERT INTO "vocabulary"."reference" ("vocabulary_id", "lesson_code") VALUES ('a8444c30-e2ab-4cd6-8060-30a8b40b9c16', 'GENKI3_L08');
-- 所 | place --;
INSERT INTO "vocabulary"."vocabulary" ("id", "word_class_code", "conjugation_kind_code", "jlpt_level", "row_num", "tags", "date_added") VALUES ('2933c37f-6c77-4586-a17e-f0d0960b1082', 'NOUN', NULL, 5, 704, '{}', '2023-01-28');
INSERT INTO "vocabulary"."definition" ("id", "vocabulary_id", "sort_rank", "value") VALUES ('17070808-c48e-5d72-89f2-7d64b7ca97f1', '2933c37f-6c77-4586-a17e-f0d0960b1082', 1, 'place');
INSERT INTO "vocabulary"."spelling" ("id", "vocabulary_id", "spelling_kind_code", "value") VALUES ('13fa8bcc-30cc-5960-8230-bf0c6ed8c611', '2933c37f-6c77-4586-a17e-f0d0960b1082', 'KANJI', '所');
INSERT INTO "vocabulary"."spelling" ("id", "vocabulary_id", "spelling_kind_code", "value") VALUES ('dd7fb23b-2344-58bb-beeb-7a875389a830', '2933c37f-6c77-4586-a17e-f0d0960b1082', 'HIRAGANA', 'どころ');
INSERT INTO "vocabulary"."spelling" ("id", "vocabulary_id", "spelling_kind_code", "value") VALUES ('335dd7cd-5e1e-5f76-bc2c-f312fd9ef11d', '2933c37f-6c77-4586-a17e-f0d0960b1082', 'KANJI', '所');
INSERT INTO "vocabulary"."linkages" ("vocabulary_id", "preferred_definition_id", "preferred_spelling_id", "phonetic_spelling_id", "alt_phonetic_spelling_id", "kanji_spelling_id", "conjugation_set_id") VALUES ('2933c37f-6c77-4586-a17e-f0d0960b1082', '17070808-c48e-5d72-89f2-7d64b7ca97f1', '13fa8bcc-30cc-5960-8230-bf0c6ed8c611', 'dd7fb23b-2344-58bb-beeb-7a875389a830', NULL, '335dd7cd-5e1e-5f76-bc2c-f312fd9ef11d', NULL);
INSERT INTO "vocabulary"."reference" ("vocabulary_id", "lesson_code") VALUES ('2933c37f-6c77-4586-a17e-f0d0960b1082', 'GENKI3_L08');
-- トマト | tomato --;
INSERT INTO "vocabulary"."vocabulary" ("id", "word_class_code", "conjugation_kind_code", "jlpt_level", "row_num", "tags", "date_added") VALUES ('95b69cbf-4c84-48cc-b954-2e46541f390a', 'NOUN', NULL, 5, 705, '{}', '2023-01-28');
INSERT INTO "vocabulary"."definition" ("id", "vocabulary_id", "sort_rank", "value") VALUES ('b12b44b1-8a6a-550c-84f9-489b41a7c897', '95b69cbf-4c84-48cc-b954-2e46541f390a', 1, 'tomato');
INSERT INTO "vocabulary"."spelling" ("id", "vocabulary_id", "spelling_kind_code", "value") VALUES ('2d1e10e3-9630-5f56-b500-29dbbcfdc1e1', '95b69cbf-4c84-48cc-b954-2e46541f390a', 'KATAKANA', 'トマト');
INSERT INTO "vocabulary"."spelling" ("id", "vocabulary_id", "spelling_kind_code", "value") VALUES ('8103d649-a0bc-5eec-a919-86abda7e375e', '95b69cbf-4c84-48cc-b954-2e46541f390a', 'HIRAGANA', 'とまと');
INSERT INTO "vocabulary"."linkages" ("vocabulary_id", "preferred_definition_id", "preferred_spelling_id", "phonetic_spelling_id", "alt_phonetic_spelling_id", "kanji_spelling_id", "conjugation_set_id") VALUES ('95b69cbf-4c84-48cc-b954-2e46541f390a', 'b12b44b1-8a6a-550c-84f9-489b41a7c897', '2d1e10e3-9630-5f56-b500-29dbbcfdc1e1', '8103d649-a0bc-5eec-a919-86abda7e375e', NULL, NULL, NULL);
INSERT INTO "vocabulary"."reference" ("vocabulary_id", "lesson_code") VALUES ('95b69cbf-4c84-48cc-b954-2e46541f390a', 'GENKI3_L08');
-- バーベキュー | barbecue --;
INSERT INTO "vocabulary"."vocabulary" ("id", "word_class_code", "conjugation_kind_code", "jlpt_level", "row_num", "tags", "date_added") VALUES ('d801eaaf-ad48-4869-98cf-036ff6586b09', 'NOUN', NULL, NULL, 706, '{}', '2023-01-28');
INSERT INTO "vocabulary"."definition" ("id", "vocabulary_id", "sort_rank", "value") VALUES ('5c929100-d8aa-5468-8bb0-324c421befae', 'd801eaaf-ad48-4869-98cf-036ff6586b09', 1, 'barbecue');
INSERT INTO "vocabulary"."spelling" ("id", "vocabulary_id", "spelling_kind_code", "value") VALUES ('a86de3b8-976d-51f2-bc82-ec66ab328699', 'd801eaaf-ad48-4869-98cf-036ff6586b09', 'KATAKANA', 'バーベキュー');
INSERT INTO "vocabulary"."spelling" ("id", "vocabulary_id", "spelling_kind_code", "value") VALUES ('5b86cfe1-45d1-5a73-9b89-25d1f01f2177', 'd801eaaf-ad48-4869-98cf-036ff6586b09', 'HIRAGANA', 'ばあべきゅう');
INSERT INTO "vocabulary"."linkages" ("vocabulary_id", "preferred_definition_id", "preferred_spelling_id", "phonetic_spelling_id", "alt_phonetic_spelling_id", "kanji_spelling_id", "conjugation_set_id") VALUES ('d801eaaf-ad48-4869-98cf-036ff6586b09', '5c929100-d8aa-5468-8bb0-324c421befae', 'a86de3b8-976d-51f2-bc82-ec66ab328699', '5b86cfe1-45d1-5a73-9b89-25d1f01f2177', NULL, NULL, NULL);
INSERT INTO "vocabulary"."reference" ("vocabulary_id", "lesson_code") VALUES ('d801eaaf-ad48-4869-98cf-036ff6586b09', 'GENKI3_L08');
-- ホームステイ | homestay; living with local family --;
INSERT INTO "vocabulary"."vocabulary" ("id", "word_class_code", "conjugation_kind_code", "jlpt_level", "row_num", "tags", "date_added") VALUES ('eb11e32d-299a-414d-907e-bc427df1485f', 'NOUN', NULL, NULL, 707, '{}', '2023-01-28');
INSERT INTO "vocabulary"."definition" ("id", "vocabulary_id", "sort_rank", "value") VALUES ('f835d907-346f-5a0c-8d0b-bccbce5963ac', 'eb11e32d-299a-414d-907e-bc427df1485f', 1, 'homestay; living with local family');
INSERT INTO "vocabulary"."spelling" ("id", "vocabulary_id", "spelling_kind_code", "value") VALUES ('c0a7d1ae-3601-5889-8c68-b6ba14f63ed1', 'eb11e32d-299a-414d-907e-bc427df1485f', 'KATAKANA', 'ホームステイ');
INSERT INTO "vocabulary"."spelling" ("id", "vocabulary_id", "spelling_kind_code", "value") VALUES ('0c088607-55b6-583f-9c54-6128752af450', 'eb11e32d-299a-414d-907e-bc427df1485f', 'HIRAGANA', 'ほおむすてい');
INSERT INTO "vocabulary"."linkages" ("vocabulary_id", "preferred_definition_id", "preferred_spelling_id", "phonetic_spelling_id", "alt_phonetic_spelling_id", "kanji_spelling_id", "conjugation_set_id") VALUES ('eb11e32d-299a-414d-907e-bc427df1485f', 'f835d907-346f-5a0c-8d0b-bccbce5963ac', 'c0a7d1ae-3601-5889-8c68-b6ba14f63ed1', '0c088607-55b6-583f-9c54-6128752af450', NULL, NULL, NULL);
INSERT INTO "vocabulary"."reference" ("vocabulary_id", "lesson_code") VALUES ('eb11e32d-299a-414d-907e-bc427df1485f', 'GENKI3_L08');
-- スペイン | Spain --;
INSERT INTO "vocabulary"."vocabulary" ("id", "word_class_code", "conjugation_kind_code", "jlpt_level", "row_num", "tags", "date_added") VALUES ('8b86041d-869a-45d2-9b57-b9932b33ab51', 'NOUN', NULL, NULL, 708, '{}', '2023-01-28');
INSERT INTO "vocabulary"."definition" ("id", "vocabulary_id", "sort_rank", "value") VALUES ('99762225-e1a7-549e-b697-7f014983185b', '8b86041d-869a-45d2-9b57-b9932b33ab51', 1, 'Spain');
INSERT INTO "vocabulary"."spelling" ("id", "vocabulary_id", "spelling_kind_code", "value") VALUES ('60ecea79-e56b-5107-84ec-26cc15366daa', '8b86041d-869a-45d2-9b57-b9932b33ab51', 'KATAKANA', 'スペイン');
INSERT INTO "vocabulary"."spelling" ("id", "vocabulary_id", "spelling_kind_code", "value") VALUES ('971ec976-99e5-52fa-b42f-0d8a081cd4a8', '8b86041d-869a-45d2-9b57-b9932b33ab51', 'HIRAGANA', 'すぺいん');
INSERT INTO "vocabulary"."spelling" ("id", "vocabulary_id", "spelling_kind_code", "value") VALUES ('ace934b4-a621-5e62-80c4-af43d373f0b4', '8b86041d-869a-45d2-9b57-b9932b33ab51', 'KANJI', '西班牙');
INSERT INTO "vocabulary"."linkages" ("vocabulary_id", "preferred_definition_id", "preferred_spelling_id", "phonetic_spelling_id", "alt_phonetic_spelling_id", "kanji_spelling_id", "conjugation_set_id") VALUES ('8b86041d-869a-45d2-9b57-b9932b33ab51', '99762225-e1a7-549e-b697-7f014983185b', '60ecea79-e56b-5107-84ec-26cc15366daa', '971ec976-99e5-52fa-b42f-0d8a081cd4a8', NULL, 'ace934b4-a621-5e62-80c4-af43d373f0b4', NULL);
INSERT INTO "vocabulary"."reference" ("vocabulary_id", "lesson_code") VALUES ('8b86041d-869a-45d2-9b57-b9932b33ab51', 'GENKI3_L08');
-- 何か | something --;
INSERT INTO "vocabulary"."vocabulary" ("id", "word_class_code", "conjugation_kind_code", "jlpt_level", "row_num", "tags", "date_added") VALUES ('e22a35df-233d-4fac-95b4-bc365e227126', 'NOUN', NULL, 3, 709, '{}', '2023-01-28');
INSERT INTO "vocabulary"."definition" ("id", "vocabulary_id", "sort_rank", "value") VALUES ('3a2782d7-8bae-5240-b725-99b622d871e1', 'e22a35df-233d-4fac-95b4-bc365e227126', 1, 'something');
INSERT INTO "vocabulary"."spelling" ("id", "vocabulary_id", "spelling_kind_code", "value") VALUES ('fbf47307-742f-5242-9e0f-cd1c6c95a647', 'e22a35df-233d-4fac-95b4-bc365e227126', 'KANJI', '何か');
INSERT INTO "vocabulary"."spelling" ("id", "vocabulary_id", "spelling_kind_code", "value") VALUES ('22803d11-c33b-5463-97c7-f882bee56a85', 'e22a35df-233d-4fac-95b4-bc365e227126', 'HIRAGANA', 'なにか');
INSERT INTO "vocabulary"."spelling" ("id", "vocabulary_id", "spelling_kind_code", "value") VALUES ('c4697016-c2d2-569d-bfe5-00ee196bdd92', 'e22a35df-233d-4fac-95b4-bc365e227126', 'KANJI', '何か');
INSERT INTO "vocabulary"."linkages" ("vocabulary_id", "preferred_definition_id", "preferred_spelling_id", "phonetic_spelling_id", "alt_phonetic_spelling_id", "kanji_spelling_id", "conjugation_set_id") VALUES ('e22a35df-233d-4fac-95b4-bc365e227126', '3a2782d7-8bae-5240-b725-99b622d871e1', 'fbf47307-742f-5242-9e0f-cd1c6c95a647', '22803d11-c33b-5463-97c7-f882bee56a85', NULL, 'c4697016-c2d2-569d-bfe5-00ee196bdd92', NULL);
INSERT INTO "vocabulary"."reference" ("vocabulary_id", "lesson_code") VALUES ('e22a35df-233d-4fac-95b4-bc365e227126', 'GENKI3_L08');
-- 有名 | famous --;
INSERT INTO "vocabulary"."vocabulary" ("id", "word_class_code", "conjugation_kind_code", "jlpt_level", "row_num", "tags", "date_added") VALUES ('4ed1fe25-c2cc-4b91-b353-44e4e2cad761', 'ADJECTIVE', 'NA_ADJECTIVE', 5, 710, '{}', '2023-02-05');
INSERT INTO "vocabulary"."definition" ("id", "vocabulary_id", "sort_rank", "value") VALUES ('6498de7a-25a1-5e63-a752-5c37e4fc33fc', '4ed1fe25-c2cc-4b91-b353-44e4e2cad761', 1, 'famous');
INSERT INTO "vocabulary"."spelling" ("id", "vocabulary_id", "spelling_kind_code", "value") VALUES ('e1768d00-b70f-56f4-8da0-beb0a66ed0d9', '4ed1fe25-c2cc-4b91-b353-44e4e2cad761', 'KANJI', '有名');
INSERT INTO "vocabulary"."spelling" ("id", "vocabulary_id", "spelling_kind_code", "value") VALUES ('3da7547a-4a05-507f-bf23-cea59bb42c84', '4ed1fe25-c2cc-4b91-b353-44e4e2cad761', 'HIRAGANA', 'ゆうめい');
INSERT INTO "vocabulary"."spelling" ("id", "vocabulary_id", "spelling_kind_code", "value") VALUES ('7780f354-a3e1-5176-beff-e66250896150', '4ed1fe25-c2cc-4b91-b353-44e4e2cad761', 'KANJI', '有名');
INSERT INTO "vocabulary"."conjugation_set" ("id", "vocabulary_id") VALUES ('ec1542af-9732-5908-a749-523214ede1fb', '4ed1fe25-c2cc-4b91-b353-44e4e2cad761');
INSERT INTO "vocabulary"."linkages" ("vocabulary_id", "preferred_definition_id", "preferred_spelling_id", "phonetic_spelling_id", "alt_phonetic_spelling_id", "kanji_spelling_id", "conjugation_set_id") VALUES ('4ed1fe25-c2cc-4b91-b353-44e4e2cad761', '6498de7a-25a1-5e63-a752-5c37e4fc33fc', 'e1768d00-b70f-56f4-8da0-beb0a66ed0d9', '3da7547a-4a05-507f-bf23-cea59bb42c84', NULL, '7780f354-a3e1-5176-beff-e66250896150', 'ec1542af-9732-5908-a749-523214ede1fb');
INSERT INTO "vocabulary"."reference" ("vocabulary_id", "lesson_code") VALUES ('4ed1fe25-c2cc-4b91-b353-44e4e2cad761', 'GENKI3_L08');
INSERT INTO "vocabulary"."conjugation" ("id", "conjugation_set_id", "politeness_code", "charge_code", "form_code", "sort_rank", "value") VALUES ('87cec9b9-35e6-546c-a14b-89f587579cf2', 'ec1542af-9732-5908-a749-523214ede1fb', 'PLAIN', 'POSITIVE', 'PRESENT', 1, '有名だ');
INSERT INTO "vocabulary"."conjugation" ("id", "conjugation_set_id", "politeness_code", "charge_code", "form_code", "sort_rank", "value") VALUES ('4cda9282-db13-5f89-881a-5e927478a7ef', 'ec1542af-9732-5908-a749-523214ede1fb', 'PLAIN', 'POSITIVE', 'PAST', 1, '有名だった');
INSERT INTO "vocabulary"."conjugation" ("id", "conjugation_set_id", "politeness_code", "charge_code", "form_code", "sort_rank", "value") VALUES ('e5e39696-add5-5540-969f-f74a35839800', 'ec1542af-9732-5908-a749-523214ede1fb', 'PLAIN', 'NEGATIVE', 'PRESENT', 1, '有名じゃない');
INSERT INTO "vocabulary"."conjugation" ("id", "conjugation_set_id", "politeness_code", "charge_code", "form_code", "sort_rank", "value") VALUES ('cc8cd3fa-18d4-55dd-8889-edc1e8eb17c9', 'ec1542af-9732-5908-a749-523214ede1fb', 'PLAIN', 'NEGATIVE', 'PAST', 1, '有名じゃなかった');
-- 洗う | to wash --;
INSERT INTO "vocabulary"."vocabulary" ("id", "word_class_code", "conjugation_kind_code", "jlpt_level", "row_num", "tags", "date_added") VALUES ('dbe2efeb-e5d8-4c1b-a882-d283af00d09c', 'VERB', 'GODAN_VERB', 5, 711, '{}', '2023-02-13');
INSERT INTO "vocabulary"."definition" ("id", "vocabulary_id", "sort_rank", "value") VALUES ('dd6dc9c8-f106-5b36-ad9e-e434a42ac0a3', 'dbe2efeb-e5d8-4c1b-a882-d283af00d09c', 1, 'to wash');
INSERT INTO "vocabulary"."spelling" ("id", "vocabulary_id", "spelling_kind_code", "value") VALUES ('7aaddad3-a87b-5cac-83f5-eec3f40e6350', 'dbe2efeb-e5d8-4c1b-a882-d283af00d09c', 'KANJI', '洗う');
INSERT INTO "vocabulary"."spelling" ("id", "vocabulary_id", "spelling_kind_code", "value") VALUES ('7f73dbbf-61d1-57a3-915e-2efa03ad9c2d', 'dbe2efeb-e5d8-4c1b-a882-d283af00d09c', 'HIRAGANA', 'あらう');
INSERT INTO "vocabulary"."spelling" ("id", "vocabulary_id", "spelling_kind_code", "value") VALUES ('1fc8eb00-4394-5736-a35d-849d5014e8b6', 'dbe2efeb-e5d8-4c1b-a882-d283af00d09c', 'KANJI', '洗う');
INSERT INTO "vocabulary"."conjugation_set" ("id", "vocabulary_id") VALUES ('1fbfdfc6-9736-5460-8709-22e6c5eb4211', 'dbe2efeb-e5d8-4c1b-a882-d283af00d09c');
INSERT INTO "vocabulary"."linkages" ("vocabulary_id", "preferred_definition_id", "preferred_spelling_id", "phonetic_spelling_id", "alt_phonetic_spelling_id", "kanji_spelling_id", "conjugation_set_id") VALUES ('dbe2efeb-e5d8-4c1b-a882-d283af00d09c', 'dd6dc9c8-f106-5b36-ad9e-e434a42ac0a3', '7aaddad3-a87b-5cac-83f5-eec3f40e6350', '7f73dbbf-61d1-57a3-915e-2efa03ad9c2d', NULL, '1fc8eb00-4394-5736-a35d-849d5014e8b6', '1fbfdfc6-9736-5460-8709-22e6c5eb4211');
INSERT INTO "vocabulary"."reference" ("vocabulary_id", "lesson_code") VALUES ('dbe2efeb-e5d8-4c1b-a882-d283af00d09c', 'GENKI3_L08');
INSERT INTO "vocabulary"."conjugation" ("id", "conjugation_set_id", "politeness_code", "charge_code", "form_code", "sort_rank", "value") VALUES ('ede665b7-d606-59ed-a6af-29d1c7b6cab9', '1fbfdfc6-9736-5460-8709-22e6c5eb4211', 'PLAIN', 'POSITIVE', 'PRESENT', 1, '洗う');
INSERT INTO "vocabulary"."conjugation" ("id", "conjugation_set_id", "politeness_code", "charge_code", "form_code", "sort_rank", "value") VALUES ('78fb9543-ad9d-5666-9fb4-1e5f2f76daa6', '1fbfdfc6-9736-5460-8709-22e6c5eb4211', 'PLAIN', 'POSITIVE', 'PAST', 1, '洗った');
INSERT INTO "vocabulary"."conjugation" ("id", "conjugation_set_id", "politeness_code", "charge_code", "form_code", "sort_rank", "value") VALUES ('69e19c6e-eb2a-5288-b3fc-280c136e9680', '1fbfdfc6-9736-5460-8709-22e6c5eb4211', 'PLAIN', 'NEGATIVE', 'PRESENT', 1, '洗わない');
INSERT INTO "vocabulary"."conjugation" ("id", "conjugation_set_id", "politeness_code", "charge_code", "form_code", "sort_rank", "value") VALUES ('5fb2cac7-89e9-5e8b-bcd6-de687311ff8e', '1fbfdfc6-9736-5460-8709-22e6c5eb4211', 'PLAIN', 'NEGATIVE', 'PAST', 1, '洗わなかった');
INSERT INTO "vocabulary"."conjugation" ("id", "conjugation_set_id", "politeness_code", "charge_code", "form_code", "sort_rank", "value") VALUES ('2adc0e81-700b-5fd1-9ad0-a288d400c89e', '1fbfdfc6-9736-5460-8709-22e6c5eb4211', 'POLITE', 'POSITIVE', 'PRESENT', 1, '洗います');
INSERT INTO "vocabulary"."conjugation" ("id", "conjugation_set_id", "politeness_code", "charge_code", "form_code", "sort_rank", "value") VALUES ('9d5cc2f9-fecc-56b9-9c90-04c8be6eafd2', '1fbfdfc6-9736-5460-8709-22e6c5eb4211', 'POLITE', 'POSITIVE', 'PAST', 1, '洗いました');
INSERT INTO "vocabulary"."conjugation" ("id", "conjugation_set_id", "politeness_code", "charge_code", "form_code", "sort_rank", "value") VALUES ('e066a6f2-bf4b-5f3f-896a-93b971c0f0be', '1fbfdfc6-9736-5460-8709-22e6c5eb4211', 'POLITE', 'NEGATIVE', 'PRESENT', 1, '洗いません');
INSERT INTO "vocabulary"."conjugation" ("id", "conjugation_set_id", "politeness_code", "charge_code", "form_code", "sort_rank", "value") VALUES ('e799e542-ee5f-5eba-bbd3-ad5a380c3cec', '1fbfdfc6-9736-5460-8709-22e6c5eb4211', 'POLITE', 'NEGATIVE', 'PAST', 1, '洗いませんでした');
-- いる | to need --;
INSERT INTO "vocabulary"."vocabulary" ("id", "word_class_code", "conjugation_kind_code", "jlpt_level", "row_num", "tags", "date_added") VALUES ('e79d58a2-5b9f-44c7-9be4-770d5a542b21', 'VERB', 'GODAN_VERB', 5, 712, '{}', '2023-02-13');
INSERT INTO "vocabulary"."definition" ("id", "vocabulary_id", "sort_rank", "value") VALUES ('d54895fc-7410-5dd6-9040-1a651560e769', 'e79d58a2-5b9f-44c7-9be4-770d5a542b21', 1, 'to need');
INSERT INTO "vocabulary"."spelling" ("id", "vocabulary_id", "spelling_kind_code", "value") VALUES ('f8368963-eaa4-5a7c-9706-fbdf51e9747d', 'e79d58a2-5b9f-44c7-9be4-770d5a542b21', 'HIRAGANA', 'いる');
INSERT INTO "vocabulary"."spelling" ("id", "vocabulary_id", "spelling_kind_code", "value") VALUES ('31b3314c-1cb7-5512-aff5-700bd884d8b0', 'e79d58a2-5b9f-44c7-9be4-770d5a542b21', 'HIRAGANA', 'いる');
INSERT INTO "vocabulary"."spelling" ("id", "vocabulary_id", "spelling_kind_code", "value") VALUES ('5c2e0b84-fed3-5a78-b45a-7e2f067994f2', 'e79d58a2-5b9f-44c7-9be4-770d5a542b21', 'KANJI', '要る');
INSERT INTO "vocabulary"."conjugation_set" ("id", "vocabulary_id") VALUES ('a6f53e0d-dfa9-558d-a749-7130be4a0e73', 'e79d58a2-5b9f-44c7-9be4-770d5a542b21');
INSERT INTO "vocabulary"."linkages" ("vocabulary_id", "preferred_definition_id", "preferred_spelling_id", "phonetic_spelling_id", "alt_phonetic_spelling_id", "kanji_spelling_id", "conjugation_set_id") VALUES ('e79d58a2-5b9f-44c7-9be4-770d5a542b21', 'd54895fc-7410-5dd6-9040-1a651560e769', 'f8368963-eaa4-5a7c-9706-fbdf51e9747d', '31b3314c-1cb7-5512-aff5-700bd884d8b0', NULL, '5c2e0b84-fed3-5a78-b45a-7e2f067994f2', 'a6f53e0d-dfa9-558d-a749-7130be4a0e73');
INSERT INTO "vocabulary"."reference" ("vocabulary_id", "lesson_code") VALUES ('e79d58a2-5b9f-44c7-9be4-770d5a542b21', 'GENKI3_L08');
INSERT INTO "vocabulary"."conjugation" ("id", "conjugation_set_id", "politeness_code", "charge_code", "form_code", "sort_rank", "value") VALUES ('1ee6b014-ce7a-5652-b372-331d96c2ad1f', 'a6f53e0d-dfa9-558d-a749-7130be4a0e73', 'PLAIN', 'POSITIVE', 'PRESENT', 1, 'いる');
INSERT INTO "vocabulary"."conjugation" ("id", "conjugation_set_id", "politeness_code", "charge_code", "form_code", "sort_rank", "value") VALUES ('96fc7f8d-0fd5-5b1d-9263-6dad365fd375', 'a6f53e0d-dfa9-558d-a749-7130be4a0e73', 'PLAIN', 'POSITIVE', 'PAST', 1, 'いった');
INSERT INTO "vocabulary"."conjugation" ("id", "conjugation_set_id", "politeness_code", "charge_code", "form_code", "sort_rank", "value") VALUES ('85869fd3-a51e-5137-89e8-2f435c3a8f14', 'a6f53e0d-dfa9-558d-a749-7130be4a0e73', 'PLAIN', 'NEGATIVE', 'PRESENT', 1, 'いらない');
INSERT INTO "vocabulary"."conjugation" ("id", "conjugation_set_id", "politeness_code", "charge_code", "form_code", "sort_rank", "value") VALUES ('2b5b94a1-4b45-5470-a7f2-77866c980c5a', 'a6f53e0d-dfa9-558d-a749-7130be4a0e73', 'PLAIN', 'NEGATIVE', 'PAST', 1, 'いらなかった');
INSERT INTO "vocabulary"."conjugation" ("id", "conjugation_set_id", "politeness_code", "charge_code", "form_code", "sort_rank", "value") VALUES ('962f748d-4ecc-5cd6-8b3e-ec2085b5b186', 'a6f53e0d-dfa9-558d-a749-7130be4a0e73', 'POLITE', 'POSITIVE', 'PRESENT', 1, 'いります');
INSERT INTO "vocabulary"."conjugation" ("id", "conjugation_set_id", "politeness_code", "charge_code", "form_code", "sort_rank", "value") VALUES ('37b15081-0932-5f99-bf18-159ed6d695dd', 'a6f53e0d-dfa9-558d-a749-7130be4a0e73', 'POLITE', 'POSITIVE', 'PAST', 1, 'いりました');
INSERT INTO "vocabulary"."conjugation" ("id", "conjugation_set_id", "politeness_code", "charge_code", "form_code", "sort_rank", "value") VALUES ('e7a9bcaa-73da-5f48-939b-4df390f2d0e8', 'a6f53e0d-dfa9-558d-a749-7130be4a0e73', 'POLITE', 'NEGATIVE', 'PRESENT', 1, 'いりません');
INSERT INTO "vocabulary"."conjugation" ("id", "conjugation_set_id", "politeness_code", "charge_code", "form_code", "sort_rank", "value") VALUES ('a5f10c9c-c3cb-53bd-bf71-34e864fdf116', 'a6f53e0d-dfa9-558d-a749-7130be4a0e73', 'POLITE', 'NEGATIVE', 'PAST', 1, 'いりませんでした');
-- 遅く | late --;
INSERT INTO "vocabulary"."vocabulary" ("id", "word_class_code", "conjugation_kind_code", "jlpt_level", "row_num", "tags", "date_added") VALUES ('57b262a8-7dd2-424a-95ab-d477a9255d36', 'ADVERB', NULL, NULL, 713, '{}', '2023-02-13');
INSERT INTO "vocabulary"."definition" ("id", "vocabulary_id", "sort_rank", "value") VALUES ('3e12a49c-4fac-5775-ac09-380b22aec59d', '57b262a8-7dd2-424a-95ab-d477a9255d36', 1, 'late');
INSERT INTO "vocabulary"."spelling" ("id", "vocabulary_id", "spelling_kind_code", "value") VALUES ('a5daf556-8017-5794-9c9a-13f9afff9d28', '57b262a8-7dd2-424a-95ab-d477a9255d36', 'KANJI', '遅く');
INSERT INTO "vocabulary"."spelling" ("id", "vocabulary_id", "spelling_kind_code", "value") VALUES ('750ceb5d-abf1-598f-9612-bcd16be5b3be', '57b262a8-7dd2-424a-95ab-d477a9255d36', 'HIRAGANA', 'おそく');
INSERT INTO "vocabulary"."spelling" ("id", "vocabulary_id", "spelling_kind_code", "value") VALUES ('b9a67695-b515-5984-8373-6f6c272fd34a', '57b262a8-7dd2-424a-95ab-d477a9255d36', 'KANJI', '遅く');
INSERT INTO "vocabulary"."linkages" ("vocabulary_id", "preferred_definition_id", "preferred_spelling_id", "phonetic_spelling_id", "alt_phonetic_spelling_id", "kanji_spelling_id", "conjugation_set_id") VALUES ('57b262a8-7dd2-424a-95ab-d477a9255d36', '3e12a49c-4fac-5775-ac09-380b22aec59d', 'a5daf556-8017-5794-9c9a-13f9afff9d28', '750ceb5d-abf1-598f-9612-bcd16be5b3be', NULL, 'b9a67695-b515-5984-8373-6f6c272fd34a', NULL);
-- なる | to result in; to become --;
INSERT INTO "vocabulary"."vocabulary" ("id", "word_class_code", "conjugation_kind_code", "jlpt_level", "row_num", "tags", "date_added") VALUES ('59e112f2-caab-4eba-b510-0a299237932b', 'VERB', 'GODAN_VERB', 5, 714, '{}', '2023-02-13');
INSERT INTO "vocabulary"."definition" ("id", "vocabulary_id", "sort_rank", "value") VALUES ('4226e3a1-6dc6-592e-a445-61be88d35be7', '59e112f2-caab-4eba-b510-0a299237932b', 1, 'to result in; to become');
INSERT INTO "vocabulary"."spelling" ("id", "vocabulary_id", "spelling_kind_code", "value") VALUES ('1dc648b1-60fc-5827-bfa2-156b886207d7', '59e112f2-caab-4eba-b510-0a299237932b', 'HIRAGANA', 'なる');
INSERT INTO "vocabulary"."spelling" ("id", "vocabulary_id", "spelling_kind_code", "value") VALUES ('d7d2c4ea-c194-56c2-a468-2d591e00ff2e', '59e112f2-caab-4eba-b510-0a299237932b', 'HIRAGANA', 'なる');
INSERT INTO "vocabulary"."spelling" ("id", "vocabulary_id", "spelling_kind_code", "value") VALUES ('28f410ac-4d37-5330-a9be-2230382abfd4', '59e112f2-caab-4eba-b510-0a299237932b', 'KANJI', '成る');
INSERT INTO "vocabulary"."conjugation_set" ("id", "vocabulary_id") VALUES ('afd0ddea-e060-5af6-808e-8a76525540a1', '59e112f2-caab-4eba-b510-0a299237932b');
INSERT INTO "vocabulary"."linkages" ("vocabulary_id", "preferred_definition_id", "preferred_spelling_id", "phonetic_spelling_id", "alt_phonetic_spelling_id", "kanji_spelling_id", "conjugation_set_id") VALUES ('59e112f2-caab-4eba-b510-0a299237932b', '4226e3a1-6dc6-592e-a445-61be88d35be7', '1dc648b1-60fc-5827-bfa2-156b886207d7', 'd7d2c4ea-c194-56c2-a468-2d591e00ff2e', NULL, '28f410ac-4d37-5330-a9be-2230382abfd4', 'afd0ddea-e060-5af6-808e-8a76525540a1');
INSERT INTO "vocabulary"."conjugation" ("id", "conjugation_set_id", "politeness_code", "charge_code", "form_code", "sort_rank", "value") VALUES ('8f0dc1b8-b4a1-5412-a2d4-886bee859a69', 'afd0ddea-e060-5af6-808e-8a76525540a1', 'PLAIN', 'POSITIVE', 'PRESENT', 1, 'なる');
INSERT INTO "vocabulary"."conjugation" ("id", "conjugation_set_id", "politeness_code", "charge_code", "form_code", "sort_rank", "value") VALUES ('a35c0e30-424a-50e7-bb75-24bfdf5c40d7', 'afd0ddea-e060-5af6-808e-8a76525540a1', 'PLAIN', 'POSITIVE', 'PAST', 1, 'なった');
INSERT INTO "vocabulary"."conjugation" ("id", "conjugation_set_id", "politeness_code", "charge_code", "form_code", "sort_rank", "value") VALUES ('73a7ef63-99b5-5d02-9a29-fce5c4912aa7', 'afd0ddea-e060-5af6-808e-8a76525540a1', 'PLAIN', 'NEGATIVE', 'PRESENT', 1, 'ならない');
INSERT INTO "vocabulary"."conjugation" ("id", "conjugation_set_id", "politeness_code", "charge_code", "form_code", "sort_rank", "value") VALUES ('f6af6d37-a002-5b8a-8483-fad515ee26b1', 'afd0ddea-e060-5af6-808e-8a76525540a1', 'PLAIN', 'NEGATIVE', 'PAST', 1, 'ならなかった');
INSERT INTO "vocabulary"."conjugation" ("id", "conjugation_set_id", "politeness_code", "charge_code", "form_code", "sort_rank", "value") VALUES ('5933a20f-ab8d-5485-a374-c41c6173d1ed', 'afd0ddea-e060-5af6-808e-8a76525540a1', 'POLITE', 'POSITIVE', 'PRESENT', 1, 'なります');
INSERT INTO "vocabulary"."conjugation" ("id", "conjugation_set_id", "politeness_code", "charge_code", "form_code", "sort_rank", "value") VALUES ('e7ea24c0-a43f-507b-b3f3-a914fb44df84', 'afd0ddea-e060-5af6-808e-8a76525540a1', 'POLITE', 'POSITIVE', 'PAST', 1, 'なりました');
INSERT INTO "vocabulary"."conjugation" ("id", "conjugation_set_id", "politeness_code", "charge_code", "form_code", "sort_rank", "value") VALUES ('df14e0f8-8436-5c2f-bcbb-1712c6f1431a', 'afd0ddea-e060-5af6-808e-8a76525540a1', 'POLITE', 'NEGATIVE', 'PRESENT', 1, 'なりません');
INSERT INTO "vocabulary"."conjugation" ("id", "conjugation_set_id", "politeness_code", "charge_code", "form_code", "sort_rank", "value") VALUES ('13aa13df-63a1-5dae-870e-4e04879a425c', 'afd0ddea-e060-5af6-808e-8a76525540a1', 'POLITE', 'NEGATIVE', 'PAST', 1, 'なりませんでした');
-- 遅くなる | to be late --;
INSERT INTO "vocabulary"."vocabulary" ("id", "word_class_code", "conjugation_kind_code", "jlpt_level", "row_num", "tags", "date_added") VALUES ('863a0940-64c2-4e74-be89-4920f2caa450', 'VERB', 'GODAN_VERB', NULL, 715, '{}', '2023-02-13');
INSERT INTO "vocabulary"."definition" ("id", "vocabulary_id", "sort_rank", "value") VALUES ('6b078073-9f12-53ce-9e48-1b96d99fb78b', '863a0940-64c2-4e74-be89-4920f2caa450', 1, 'to be late');
INSERT INTO "vocabulary"."spelling" ("id", "vocabulary_id", "spelling_kind_code", "value") VALUES ('7fce8d9d-6640-5f6d-89ed-ae1465701fe2', '863a0940-64c2-4e74-be89-4920f2caa450', 'KANJI', '遅くなる');
INSERT INTO "vocabulary"."spelling" ("id", "vocabulary_id", "spelling_kind_code", "value") VALUES ('4cfa76e9-b60c-53cc-9974-3534d6ce27d0', '863a0940-64c2-4e74-be89-4920f2caa450', 'HIRAGANA', 'おそくなる');
INSERT INTO "vocabulary"."spelling" ("id", "vocabulary_id", "spelling_kind_code", "value") VALUES ('13eb04ef-005a-5fdd-b002-fed70a8161df', '863a0940-64c2-4e74-be89-4920f2caa450', 'KANJI', '遅くなる');
INSERT INTO "vocabulary"."linkages" ("vocabulary_id", "preferred_definition_id", "preferred_spelling_id", "phonetic_spelling_id", "alt_phonetic_spelling_id", "kanji_spelling_id", "conjugation_set_id") VALUES ('863a0940-64c2-4e74-be89-4920f2caa450', '6b078073-9f12-53ce-9e48-1b96d99fb78b', '7fce8d9d-6640-5f6d-89ed-ae1465701fe2', '4cfa76e9-b60c-53cc-9974-3534d6ce27d0', NULL, '13eb04ef-005a-5fdd-b002-fed70a8161df', NULL);
INSERT INTO "vocabulary"."reference" ("vocabulary_id", "lesson_code") VALUES ('863a0940-64c2-4e74-be89-4920f2caa450', 'GENKI3_L08');
-- お風呂に入る | to take a bath --;
INSERT INTO "vocabulary"."vocabulary" ("id", "word_class_code", "conjugation_kind_code", "jlpt_level", "row_num", "tags", "date_added") VALUES ('a4d7a4f5-85a8-470d-bf13-0ab13f937452', 'VERB', 'GODAN_VERB', NULL, 716, '{}', '2023-02-13');
INSERT INTO "vocabulary"."definition" ("id", "vocabulary_id", "sort_rank", "value") VALUES ('a1652ce7-c59f-5cb1-8c92-0c823de7d85e', 'a4d7a4f5-85a8-470d-bf13-0ab13f937452', 1, 'to take a bath');
INSERT INTO "vocabulary"."spelling" ("id", "vocabulary_id", "spelling_kind_code", "value") VALUES ('27937a43-2cba-5799-99ce-1418584f5005', 'a4d7a4f5-85a8-470d-bf13-0ab13f937452', 'KANJI', 'お風呂に入る');
INSERT INTO "vocabulary"."spelling" ("id", "vocabulary_id", "spelling_kind_code", "value") VALUES ('bbf7cdfa-df7b-5cf3-b45d-d26faf73f665', 'a4d7a4f5-85a8-470d-bf13-0ab13f937452', 'HIRAGANA', 'おふろにはいる');
INSERT INTO "vocabulary"."spelling" ("id", "vocabulary_id", "spelling_kind_code", "value") VALUES ('7fa66cc4-38a7-5ace-bbaf-68d6c92047c0', 'a4d7a4f5-85a8-470d-bf13-0ab13f937452', 'KANJI', 'お風呂に入る');
INSERT INTO "vocabulary"."linkages" ("vocabulary_id", "preferred_definition_id", "preferred_spelling_id", "phonetic_spelling_id", "alt_phonetic_spelling_id", "kanji_spelling_id", "conjugation_set_id") VALUES ('a4d7a4f5-85a8-470d-bf13-0ab13f937452', 'a1652ce7-c59f-5cb1-8c92-0c823de7d85e', '27937a43-2cba-5799-99ce-1418584f5005', 'bbf7cdfa-df7b-5cf3-b45d-d26faf73f665', NULL, '7fa66cc4-38a7-5ace-bbaf-68d6c92047c0', NULL);
INSERT INTO "vocabulary"."reference" ("vocabulary_id", "lesson_code") VALUES ('a4d7a4f5-85a8-470d-bf13-0ab13f937452', 'GENKI3_L08');
-- 思う | to think, to consider --;
INSERT INTO "vocabulary"."vocabulary" ("id", "word_class_code", "conjugation_kind_code", "jlpt_level", "row_num", "tags", "date_added") VALUES ('6f706c69-bf41-4ce3-a125-2c661c83e3f9', 'VERB', 'GODAN_VERB', 4, 717, '{}', '2023-02-13');
INSERT INTO "vocabulary"."definition" ("id", "vocabulary_id", "sort_rank", "value") VALUES ('9d52df09-08c3-5471-9bb1-bf60f7266bdf', '6f706c69-bf41-4ce3-a125-2c661c83e3f9', 1, 'to think, to consider');
INSERT INTO "vocabulary"."spelling" ("id", "vocabulary_id", "spelling_kind_code", "value") VALUES ('9eef8aa8-833a-522f-a02f-8e48ede1f110', '6f706c69-bf41-4ce3-a125-2c661c83e3f9', 'KANJI', '思う');
INSERT INTO "vocabulary"."spelling" ("id", "vocabulary_id", "spelling_kind_code", "value") VALUES ('102caed3-97e5-5e4b-9ecb-4ba55efdd28c', '6f706c69-bf41-4ce3-a125-2c661c83e3f9', 'HIRAGANA', 'おもう');
INSERT INTO "vocabulary"."spelling" ("id", "vocabulary_id", "spelling_kind_code", "value") VALUES ('88d588f7-9d3e-5ce6-8ac2-e9f1ea2fc8c0', '6f706c69-bf41-4ce3-a125-2c661c83e3f9', 'KANJI', '思う');
INSERT INTO "vocabulary"."conjugation_set" ("id", "vocabulary_id") VALUES ('f13a0a03-938e-54e4-82fe-71e7fa72ea38', '6f706c69-bf41-4ce3-a125-2c661c83e3f9');
INSERT INTO "vocabulary"."linkages" ("vocabulary_id", "preferred_definition_id", "preferred_spelling_id", "phonetic_spelling_id", "alt_phonetic_spelling_id", "kanji_spelling_id", "conjugation_set_id") VALUES ('6f706c69-bf41-4ce3-a125-2c661c83e3f9', '9d52df09-08c3-5471-9bb1-bf60f7266bdf', '9eef8aa8-833a-522f-a02f-8e48ede1f110', '102caed3-97e5-5e4b-9ecb-4ba55efdd28c', NULL, '88d588f7-9d3e-5ce6-8ac2-e9f1ea2fc8c0', 'f13a0a03-938e-54e4-82fe-71e7fa72ea38');
INSERT INTO "vocabulary"."reference" ("vocabulary_id", "lesson_code") VALUES ('6f706c69-bf41-4ce3-a125-2c661c83e3f9', 'GENKI3_L08');
INSERT INTO "vocabulary"."conjugation" ("id", "conjugation_set_id", "politeness_code", "charge_code", "form_code", "sort_rank", "value") VALUES ('5f0e1895-b108-53ee-98ca-86da87c23c46', 'f13a0a03-938e-54e4-82fe-71e7fa72ea38', 'PLAIN', 'POSITIVE', 'PRESENT', 1, '思う');
INSERT INTO "vocabulary"."conjugation" ("id", "conjugation_set_id", "politeness_code", "charge_code", "form_code", "sort_rank", "value") VALUES ('ff47544a-b3d3-5432-8ae1-fcf95d8c11f6', 'f13a0a03-938e-54e4-82fe-71e7fa72ea38', 'PLAIN', 'POSITIVE', 'PAST', 1, '思った');
INSERT INTO "vocabulary"."conjugation" ("id", "conjugation_set_id", "politeness_code", "charge_code", "form_code", "sort_rank", "value") VALUES ('14f602ec-f105-563c-950e-2f12be53a860', 'f13a0a03-938e-54e4-82fe-71e7fa72ea38', 'PLAIN', 'NEGATIVE', 'PRESENT', 1, '思わない');
INSERT INTO "vocabulary"."conjugation" ("id", "conjugation_set_id", "politeness_code", "charge_code", "form_code", "sort_rank", "value") VALUES ('c15df148-d220-569a-b61e-cd750fa722e3', 'f13a0a03-938e-54e4-82fe-71e7fa72ea38', 'PLAIN', 'NEGATIVE', 'PAST', 1, '思わなかった');
INSERT INTO "vocabulary"."conjugation" ("id", "conjugation_set_id", "politeness_code", "charge_code", "form_code", "sort_rank", "value") VALUES ('7d753af6-515a-56d0-b27d-722533af689a', 'f13a0a03-938e-54e4-82fe-71e7fa72ea38', 'POLITE', 'POSITIVE', 'PRESENT', 1, '思います');
INSERT INTO "vocabulary"."conjugation" ("id", "conjugation_set_id", "politeness_code", "charge_code", "form_code", "sort_rank", "value") VALUES ('563ee077-b786-514d-b24e-4af04c349816', 'f13a0a03-938e-54e4-82fe-71e7fa72ea38', 'POLITE', 'POSITIVE', 'PAST', 1, '思いました');
INSERT INTO "vocabulary"."conjugation" ("id", "conjugation_set_id", "politeness_code", "charge_code", "form_code", "sort_rank", "value") VALUES ('69d291f2-b3df-52dd-9354-581a4927842b', 'f13a0a03-938e-54e4-82fe-71e7fa72ea38', 'POLITE', 'NEGATIVE', 'PRESENT', 1, '思いません');
INSERT INTO "vocabulary"."conjugation" ("id", "conjugation_set_id", "politeness_code", "charge_code", "form_code", "sort_rank", "value") VALUES ('bb35690c-1810-544c-a572-f7faae52bf43', 'f13a0a03-938e-54e4-82fe-71e7fa72ea38', 'POLITE', 'NEGATIVE', 'PAST', 1, '思いませんでした');
-- 切る | to cut --;
INSERT INTO "vocabulary"."vocabulary" ("id", "word_class_code", "conjugation_kind_code", "jlpt_level", "row_num", "tags", "date_added") VALUES ('5465dcfd-3caa-4347-9ced-ba2accdc25ff', 'VERB', 'GODAN_VERB', 5, 718, '{}', '2023-02-13');
INSERT INTO "vocabulary"."definition" ("id", "vocabulary_id", "sort_rank", "value") VALUES ('254d9ffa-437e-55fb-b9ab-fcc738fb0249', '5465dcfd-3caa-4347-9ced-ba2accdc25ff', 1, 'to cut');
INSERT INTO "vocabulary"."spelling" ("id", "vocabulary_id", "spelling_kind_code", "value") VALUES ('a31f55e5-83a0-5cd2-8d11-aa0c64d288e9', '5465dcfd-3caa-4347-9ced-ba2accdc25ff', 'KANJI', '切る');
INSERT INTO "vocabulary"."spelling" ("id", "vocabulary_id", "spelling_kind_code", "value") VALUES ('90d66c29-ae4e-5142-a9ba-94fe885bca62', '5465dcfd-3caa-4347-9ced-ba2accdc25ff', 'HIRAGANA', 'きる');
INSERT INTO "vocabulary"."spelling" ("id", "vocabulary_id", "spelling_kind_code", "value") VALUES ('96fc7165-f01a-5e78-9c95-92bbed656e3f', '5465dcfd-3caa-4347-9ced-ba2accdc25ff', 'KANJI', '切る');
INSERT INTO "vocabulary"."conjugation_set" ("id", "vocabulary_id") VALUES ('e227f371-b0de-5d7d-a194-9df2814bad7d', '5465dcfd-3caa-4347-9ced-ba2accdc25ff');
INSERT INTO "vocabulary"."linkages" ("vocabulary_id", "preferred_definition_id", "preferred_spelling_id", "phonetic_spelling_id", "alt_phonetic_spelling_id", "kanji_spelling_id", "conjugation_set_id") VALUES ('5465dcfd-3caa-4347-9ced-ba2accdc25ff', '254d9ffa-437e-55fb-b9ab-fcc738fb0249', 'a31f55e5-83a0-5cd2-8d11-aa0c64d288e9', '90d66c29-ae4e-5142-a9ba-94fe885bca62', NULL, '96fc7165-f01a-5e78-9c95-92bbed656e3f', 'e227f371-b0de-5d7d-a194-9df2814bad7d');
INSERT INTO "vocabulary"."reference" ("vocabulary_id", "lesson_code") VALUES ('5465dcfd-3caa-4347-9ced-ba2accdc25ff', 'GENKI3_L08');
INSERT INTO "vocabulary"."conjugation" ("id", "conjugation_set_id", "politeness_code", "charge_code", "form_code", "sort_rank", "value") VALUES ('31f25127-89a3-544f-82c6-886799e46358', 'e227f371-b0de-5d7d-a194-9df2814bad7d', 'PLAIN', 'POSITIVE', 'PRESENT', 1, '切る');
INSERT INTO "vocabulary"."conjugation" ("id", "conjugation_set_id", "politeness_code", "charge_code", "form_code", "sort_rank", "value") VALUES ('fe23c8da-3d6b-59d6-b0c6-8cd03b983972', 'e227f371-b0de-5d7d-a194-9df2814bad7d', 'PLAIN', 'POSITIVE', 'PAST', 1, '切った');
INSERT INTO "vocabulary"."conjugation" ("id", "conjugation_set_id", "politeness_code", "charge_code", "form_code", "sort_rank", "value") VALUES ('be859a3a-3722-5154-8198-a47b811dd274', 'e227f371-b0de-5d7d-a194-9df2814bad7d', 'PLAIN', 'NEGATIVE', 'PRESENT', 1, '切らない');
INSERT INTO "vocabulary"."conjugation" ("id", "conjugation_set_id", "politeness_code", "charge_code", "form_code", "sort_rank", "value") VALUES ('20a138a7-9e01-5111-a9f9-d9a5f3bd24e9', 'e227f371-b0de-5d7d-a194-9df2814bad7d', 'PLAIN', 'NEGATIVE', 'PAST', 1, '切らなかった');
INSERT INTO "vocabulary"."conjugation" ("id", "conjugation_set_id", "politeness_code", "charge_code", "form_code", "sort_rank", "value") VALUES ('1e3b6a03-8c1e-5691-93e0-1c014e3c9cc1', 'e227f371-b0de-5d7d-a194-9df2814bad7d', 'POLITE', 'POSITIVE', 'PRESENT', 1, '切ります');
INSERT INTO "vocabulary"."conjugation" ("id", "conjugation_set_id", "politeness_code", "charge_code", "form_code", "sort_rank", "value") VALUES ('acf48d22-0243-5098-8d92-a8013b0c5ed6', 'e227f371-b0de-5d7d-a194-9df2814bad7d', 'POLITE', 'POSITIVE', 'PAST', 1, '切りました');
INSERT INTO "vocabulary"."conjugation" ("id", "conjugation_set_id", "politeness_code", "charge_code", "form_code", "sort_rank", "value") VALUES ('042ef3c1-ffa2-5d36-b6b6-9ca07e9c5eb4', 'e227f371-b0de-5d7d-a194-9df2814bad7d', 'POLITE', 'NEGATIVE', 'PRESENT', 1, '切りません');
INSERT INTO "vocabulary"."conjugation" ("id", "conjugation_set_id", "politeness_code", "charge_code", "form_code", "sort_rank", "value") VALUES ('97469320-3551-52da-9785-a4d1de2f79a4', 'e227f371-b0de-5d7d-a194-9df2814bad7d', 'POLITE', 'NEGATIVE', 'PAST', 1, '切りませんでした');
-- 作る | to make --;
INSERT INTO "vocabulary"."vocabulary" ("id", "word_class_code", "conjugation_kind_code", "jlpt_level", "row_num", "tags", "date_added") VALUES ('99118f6a-e499-4089-a0af-8733667b391d', 'VERB', 'GODAN_VERB', 5, 719, '{}', '2023-02-13');
INSERT INTO "vocabulary"."definition" ("id", "vocabulary_id", "sort_rank", "value") VALUES ('0f325068-e42d-54a4-bd76-bc68b84748cc', '99118f6a-e499-4089-a0af-8733667b391d', 1, 'to make');
INSERT INTO "vocabulary"."spelling" ("id", "vocabulary_id", "spelling_kind_code", "value") VALUES ('80eff2e3-ddb5-57b3-8a4a-c8f18a41aa44', '99118f6a-e499-4089-a0af-8733667b391d', 'KANJI', '作る');
INSERT INTO "vocabulary"."spelling" ("id", "vocabulary_id", "spelling_kind_code", "value") VALUES ('d6f19426-17a2-5f6d-862f-0d4e2d0d5e9c', '99118f6a-e499-4089-a0af-8733667b391d', 'HIRAGANA', 'つくる');
INSERT INTO "vocabulary"."spelling" ("id", "vocabulary_id", "spelling_kind_code", "value") VALUES ('484ba488-61a9-5d33-ad1d-2336636874d5', '99118f6a-e499-4089-a0af-8733667b391d', 'KANJI', '作る');
INSERT INTO "vocabulary"."conjugation_set" ("id", "vocabulary_id") VALUES ('e48fcba4-7a80-51b2-a77b-2399a9406b3a', '99118f6a-e499-4089-a0af-8733667b391d');
INSERT INTO "vocabulary"."linkages" ("vocabulary_id", "preferred_definition_id", "preferred_spelling_id", "phonetic_spelling_id", "alt_phonetic_spelling_id", "kanji_spelling_id", "conjugation_set_id") VALUES ('99118f6a-e499-4089-a0af-8733667b391d', '0f325068-e42d-54a4-bd76-bc68b84748cc', '80eff2e3-ddb5-57b3-8a4a-c8f18a41aa44', 'd6f19426-17a2-5f6d-862f-0d4e2d0d5e9c', NULL, '484ba488-61a9-5d33-ad1d-2336636874d5', 'e48fcba4-7a80-51b2-a77b-2399a9406b3a');
INSERT INTO "vocabulary"."reference" ("vocabulary_id", "lesson_code") VALUES ('99118f6a-e499-4089-a0af-8733667b391d', 'GENKI3_L08');
INSERT INTO "vocabulary"."conjugation" ("id", "conjugation_set_id", "politeness_code", "charge_code", "form_code", "sort_rank", "value") VALUES ('0bc0610f-eb6f-5e7b-acc1-5b75f552e505', 'e48fcba4-7a80-51b2-a77b-2399a9406b3a', 'PLAIN', 'POSITIVE', 'PRESENT', 1, '作る');
INSERT INTO "vocabulary"."conjugation" ("id", "conjugation_set_id", "politeness_code", "charge_code", "form_code", "sort_rank", "value") VALUES ('b39a688b-751d-5c92-9285-d9b7d91324c5', 'e48fcba4-7a80-51b2-a77b-2399a9406b3a', 'PLAIN', 'POSITIVE', 'PAST', 1, '作った');
INSERT INTO "vocabulary"."conjugation" ("id", "conjugation_set_id", "politeness_code", "charge_code", "form_code", "sort_rank", "value") VALUES ('9b72f843-1f69-5d1c-a285-bd0cf3a6bd69', 'e48fcba4-7a80-51b2-a77b-2399a9406b3a', 'PLAIN', 'NEGATIVE', 'PRESENT', 1, '作らない');
INSERT INTO "vocabulary"."conjugation" ("id", "conjugation_set_id", "politeness_code", "charge_code", "form_code", "sort_rank", "value") VALUES ('79da4ace-9e70-5d81-b028-bbc7de8ae394', 'e48fcba4-7a80-51b2-a77b-2399a9406b3a', 'PLAIN', 'NEGATIVE', 'PAST', 1, '作らなかった');
INSERT INTO "vocabulary"."conjugation" ("id", "conjugation_set_id", "politeness_code", "charge_code", "form_code", "sort_rank", "value") VALUES ('6ecfd701-17af-5be1-991b-def25eee456b', 'e48fcba4-7a80-51b2-a77b-2399a9406b3a', 'POLITE', 'POSITIVE', 'PRESENT', 1, '作ります');
INSERT INTO "vocabulary"."conjugation" ("id", "conjugation_set_id", "politeness_code", "charge_code", "form_code", "sort_rank", "value") VALUES ('a3a157ad-8d12-5aa3-a6db-e4bd082f2bf5', 'e48fcba4-7a80-51b2-a77b-2399a9406b3a', 'POLITE', 'POSITIVE', 'PAST', 1, '作りました');
INSERT INTO "vocabulary"."conjugation" ("id", "conjugation_set_id", "politeness_code", "charge_code", "form_code", "sort_rank", "value") VALUES ('86027c76-fa16-5c03-b24d-4dd3d327bee1', 'e48fcba4-7a80-51b2-a77b-2399a9406b3a', 'POLITE', 'NEGATIVE', 'PRESENT', 1, '作りません');
INSERT INTO "vocabulary"."conjugation" ("id", "conjugation_set_id", "politeness_code", "charge_code", "form_code", "sort_rank", "value") VALUES ('1a48132e-cb14-57b0-8a86-f5479320995a', 'e48fcba4-7a80-51b2-a77b-2399a9406b3a', 'POLITE', 'NEGATIVE', 'PAST', 1, '作りませんでした');
-- 持っていく | to take (a thing) --;
INSERT INTO "vocabulary"."vocabulary" ("id", "word_class_code", "conjugation_kind_code", "jlpt_level", "row_num", "tags", "date_added") VALUES ('7e4fb04c-2eb7-49b2-b968-fac6277b7a24', 'VERB', 'IKU_VERB', NULL, 720, '{}', '2023-02-13');
INSERT INTO "vocabulary"."definition" ("id", "vocabulary_id", "sort_rank", "value") VALUES ('464a4fb8-e703-5404-a5b6-7be396161cfd', '7e4fb04c-2eb7-49b2-b968-fac6277b7a24', 1, 'to take (a thing)');
INSERT INTO "vocabulary"."spelling" ("id", "vocabulary_id", "spelling_kind_code", "value") VALUES ('7228b5fc-cfed-59a3-a90e-2383ae8da76c', '7e4fb04c-2eb7-49b2-b968-fac6277b7a24', 'KANJI', '持っていく');
INSERT INTO "vocabulary"."spelling" ("id", "vocabulary_id", "spelling_kind_code", "value") VALUES ('c7e98f95-9b08-5d00-abb5-b53da146f06a', '7e4fb04c-2eb7-49b2-b968-fac6277b7a24', 'HIRAGANA', 'もっていく');
INSERT INTO "vocabulary"."spelling" ("id", "vocabulary_id", "spelling_kind_code", "value") VALUES ('1a8eca4c-f614-5e3b-9547-86301f25d6f5', '7e4fb04c-2eb7-49b2-b968-fac6277b7a24', 'KANJI', '持って行く');
INSERT INTO "vocabulary"."conjugation_set" ("id", "vocabulary_id") VALUES ('c7a4f663-59ba-56ab-846f-9d52d6efcd63', '7e4fb04c-2eb7-49b2-b968-fac6277b7a24');
INSERT INTO "vocabulary"."linkages" ("vocabulary_id", "preferred_definition_id", "preferred_spelling_id", "phonetic_spelling_id", "alt_phonetic_spelling_id", "kanji_spelling_id", "conjugation_set_id") VALUES ('7e4fb04c-2eb7-49b2-b968-fac6277b7a24', '464a4fb8-e703-5404-a5b6-7be396161cfd', '7228b5fc-cfed-59a3-a90e-2383ae8da76c', 'c7e98f95-9b08-5d00-abb5-b53da146f06a', NULL, '1a8eca4c-f614-5e3b-9547-86301f25d6f5', 'c7a4f663-59ba-56ab-846f-9d52d6efcd63');
INSERT INTO "vocabulary"."reference" ("vocabulary_id", "lesson_code") VALUES ('7e4fb04c-2eb7-49b2-b968-fac6277b7a24', 'GENKI3_L08');
INSERT INTO "vocabulary"."conjugation" ("id", "conjugation_set_id", "politeness_code", "charge_code", "form_code", "sort_rank", "value") VALUES ('033d8081-db18-524d-b739-d415516dda43', 'c7a4f663-59ba-56ab-846f-9d52d6efcd63', 'PLAIN', 'POSITIVE', 'PRESENT', 1, '持っていく');
INSERT INTO "vocabulary"."conjugation" ("id", "conjugation_set_id", "politeness_code", "charge_code", "form_code", "sort_rank", "value") VALUES ('431f2325-2987-5ae1-a101-35a2868dadd6', 'c7a4f663-59ba-56ab-846f-9d52d6efcd63', 'PLAIN', 'POSITIVE', 'PAST', 1, '持っていった');
INSERT INTO "vocabulary"."conjugation" ("id", "conjugation_set_id", "politeness_code", "charge_code", "form_code", "sort_rank", "value") VALUES ('cbac6ca8-e0bc-5b68-9fe8-9248c6cf5ad1', 'c7a4f663-59ba-56ab-846f-9d52d6efcd63', 'PLAIN', 'NEGATIVE', 'PRESENT', 1, '持っていかない');
INSERT INTO "vocabulary"."conjugation" ("id", "conjugation_set_id", "politeness_code", "charge_code", "form_code", "sort_rank", "value") VALUES ('99eaa052-3237-5b33-ad66-b2ad4b95b8a7', 'c7a4f663-59ba-56ab-846f-9d52d6efcd63', 'PLAIN', 'NEGATIVE', 'PAST', 1, '持っていかなかった');
INSERT INTO "vocabulary"."conjugation" ("id", "conjugation_set_id", "politeness_code", "charge_code", "form_code", "sort_rank", "value") VALUES ('19c4da34-04cc-5343-9ab4-63132cbea5fd', 'c7a4f663-59ba-56ab-846f-9d52d6efcd63', 'POLITE', 'POSITIVE', 'PRESENT', 1, '持っていきます');
INSERT INTO "vocabulary"."conjugation" ("id", "conjugation_set_id", "politeness_code", "charge_code", "form_code", "sort_rank", "value") VALUES ('1c4f8698-af7b-5e1d-ae62-be461fe07dec', 'c7a4f663-59ba-56ab-846f-9d52d6efcd63', 'POLITE', 'POSITIVE', 'PAST', 1, '持っていきました');
INSERT INTO "vocabulary"."conjugation" ("id", "conjugation_set_id", "politeness_code", "charge_code", "form_code", "sort_rank", "value") VALUES ('d456d4a7-a4b6-59c5-9505-40686bd880b4', 'c7a4f663-59ba-56ab-846f-9d52d6efcd63', 'POLITE', 'NEGATIVE', 'PRESENT', 1, '持っていきません');
INSERT INTO "vocabulary"."conjugation" ("id", "conjugation_set_id", "politeness_code", "charge_code", "form_code", "sort_rank", "value") VALUES ('fc80fd6d-4b8e-5515-a558-dd396400662c', 'c7a4f663-59ba-56ab-846f-9d52d6efcd63', 'POLITE', 'NEGATIVE', 'PAST', 1, '持っていきませんでした');
-- 捨てる | to throw away --;
INSERT INTO "vocabulary"."vocabulary" ("id", "word_class_code", "conjugation_kind_code", "jlpt_level", "row_num", "tags", "date_added") VALUES ('d4260f97-87d1-4fb5-919b-78c83b7e018e', 'VERB', 'ICHIDAN_VERB', 4, 721, '{}', '2023-02-13');
INSERT INTO "vocabulary"."definition" ("id", "vocabulary_id", "sort_rank", "value") VALUES ('872b424a-db81-5f66-afbd-417f14ecf2bb', 'd4260f97-87d1-4fb5-919b-78c83b7e018e', 1, 'to throw away');
INSERT INTO "vocabulary"."spelling" ("id", "vocabulary_id", "spelling_kind_code", "value") VALUES ('1004ed8e-8691-5fa2-ba51-7f09b29459ef', 'd4260f97-87d1-4fb5-919b-78c83b7e018e', 'KANJI', '捨てる');
INSERT INTO "vocabulary"."spelling" ("id", "vocabulary_id", "spelling_kind_code", "value") VALUES ('cf287c34-1838-5e6b-aa0d-694a1749f8cb', 'd4260f97-87d1-4fb5-919b-78c83b7e018e', 'HIRAGANA', 'すてる');
INSERT INTO "vocabulary"."spelling" ("id", "vocabulary_id", "spelling_kind_code", "value") VALUES ('18fdc4e3-3117-5ae1-9baa-49122e3bf6ae', 'd4260f97-87d1-4fb5-919b-78c83b7e018e', 'KANJI', '捨てる');
INSERT INTO "vocabulary"."conjugation_set" ("id", "vocabulary_id") VALUES ('76f7d079-b060-5743-9b0d-e500a2b8d459', 'd4260f97-87d1-4fb5-919b-78c83b7e018e');
INSERT INTO "vocabulary"."linkages" ("vocabulary_id", "preferred_definition_id", "preferred_spelling_id", "phonetic_spelling_id", "alt_phonetic_spelling_id", "kanji_spelling_id", "conjugation_set_id") VALUES ('d4260f97-87d1-4fb5-919b-78c83b7e018e', '872b424a-db81-5f66-afbd-417f14ecf2bb', '1004ed8e-8691-5fa2-ba51-7f09b29459ef', 'cf287c34-1838-5e6b-aa0d-694a1749f8cb', NULL, '18fdc4e3-3117-5ae1-9baa-49122e3bf6ae', '76f7d079-b060-5743-9b0d-e500a2b8d459');
INSERT INTO "vocabulary"."reference" ("vocabulary_id", "lesson_code") VALUES ('d4260f97-87d1-4fb5-919b-78c83b7e018e', 'GENKI3_L08');
INSERT INTO "vocabulary"."conjugation" ("id", "conjugation_set_id", "politeness_code", "charge_code", "form_code", "sort_rank", "value") VALUES ('7d2ec963-181a-5f13-b959-c29eb988e4b2', '76f7d079-b060-5743-9b0d-e500a2b8d459', 'PLAIN', 'POSITIVE', 'PRESENT', 1, '捨てる');
INSERT INTO "vocabulary"."conjugation" ("id", "conjugation_set_id", "politeness_code", "charge_code", "form_code", "sort_rank", "value") VALUES ('a6e414f2-3bb3-50ca-abf5-7a0e1e02bd59', '76f7d079-b060-5743-9b0d-e500a2b8d459', 'PLAIN', 'POSITIVE', 'PAST', 1, '捨てた');
INSERT INTO "vocabulary"."conjugation" ("id", "conjugation_set_id", "politeness_code", "charge_code", "form_code", "sort_rank", "value") VALUES ('3ec54336-2eb7-518b-8f4a-e3ce2915112c', '76f7d079-b060-5743-9b0d-e500a2b8d459', 'PLAIN', 'NEGATIVE', 'PRESENT', 1, '捨てない');
INSERT INTO "vocabulary"."conjugation" ("id", "conjugation_set_id", "politeness_code", "charge_code", "form_code", "sort_rank", "value") VALUES ('f4e056c3-44c7-546e-83f2-13085b377451', '76f7d079-b060-5743-9b0d-e500a2b8d459', 'PLAIN', 'NEGATIVE', 'PAST', 1, '捨てなかった');
INSERT INTO "vocabulary"."conjugation" ("id", "conjugation_set_id", "politeness_code", "charge_code", "form_code", "sort_rank", "value") VALUES ('9316f645-ca75-5768-8c7d-297c27b80473', '76f7d079-b060-5743-9b0d-e500a2b8d459', 'POLITE', 'POSITIVE', 'PRESENT', 1, '捨てます');
INSERT INTO "vocabulary"."conjugation" ("id", "conjugation_set_id", "politeness_code", "charge_code", "form_code", "sort_rank", "value") VALUES ('c4f364db-0cd5-528f-9755-947828018ac9', '76f7d079-b060-5743-9b0d-e500a2b8d459', 'POLITE', 'POSITIVE', 'PAST', 1, '捨てました');
INSERT INTO "vocabulary"."conjugation" ("id", "conjugation_set_id", "politeness_code", "charge_code", "form_code", "sort_rank", "value") VALUES ('2e48c578-7bbf-5782-9511-33deacc04a97', '76f7d079-b060-5743-9b0d-e500a2b8d459', 'POLITE', 'NEGATIVE', 'PRESENT', 1, '捨てません');
INSERT INTO "vocabulary"."conjugation" ("id", "conjugation_set_id", "politeness_code", "charge_code", "form_code", "sort_rank", "value") VALUES ('cd68a9f0-c457-59b5-924b-cd81f82a48ec', '76f7d079-b060-5743-9b0d-e500a2b8d459', 'POLITE', 'NEGATIVE', 'PAST', 1, '捨てませんでした');
-- 始める | to begin --;
INSERT INTO "vocabulary"."vocabulary" ("id", "word_class_code", "conjugation_kind_code", "jlpt_level", "row_num", "tags", "date_added") VALUES ('b7fcec73-d745-43b3-a936-af1fa2f92b87', 'VERB', 'ICHIDAN_VERB', 4, 722, '{}', '2023-02-13');
INSERT INTO "vocabulary"."definition" ("id", "vocabulary_id", "sort_rank", "value") VALUES ('6c9fcb1d-a449-5931-a45e-457efca30f4f', 'b7fcec73-d745-43b3-a936-af1fa2f92b87', 1, 'to begin');
INSERT INTO "vocabulary"."spelling" ("id", "vocabulary_id", "spelling_kind_code", "value") VALUES ('d99d98de-6c7e-5ec6-9c89-7b3640b340fc', 'b7fcec73-d745-43b3-a936-af1fa2f92b87', 'KANJI', '始める');
INSERT INTO "vocabulary"."spelling" ("id", "vocabulary_id", "spelling_kind_code", "value") VALUES ('07e46b43-68e1-54f8-904c-f0590fe52d10', 'b7fcec73-d745-43b3-a936-af1fa2f92b87', 'HIRAGANA', 'はじめる');
INSERT INTO "vocabulary"."spelling" ("id", "vocabulary_id", "spelling_kind_code", "value") VALUES ('cf1c68dc-c094-5f32-9cb5-6333165d4b9c', 'b7fcec73-d745-43b3-a936-af1fa2f92b87', 'KANJI', '始める');
INSERT INTO "vocabulary"."conjugation_set" ("id", "vocabulary_id") VALUES ('4948ea68-cfca-550a-96ae-579029a38ebd', 'b7fcec73-d745-43b3-a936-af1fa2f92b87');
INSERT INTO "vocabulary"."linkages" ("vocabulary_id", "preferred_definition_id", "preferred_spelling_id", "phonetic_spelling_id", "alt_phonetic_spelling_id", "kanji_spelling_id", "conjugation_set_id") VALUES ('b7fcec73-d745-43b3-a936-af1fa2f92b87', '6c9fcb1d-a449-5931-a45e-457efca30f4f', 'd99d98de-6c7e-5ec6-9c89-7b3640b340fc', '07e46b43-68e1-54f8-904c-f0590fe52d10', NULL, 'cf1c68dc-c094-5f32-9cb5-6333165d4b9c', '4948ea68-cfca-550a-96ae-579029a38ebd');
INSERT INTO "vocabulary"."reference" ("vocabulary_id", "lesson_code") VALUES ('b7fcec73-d745-43b3-a936-af1fa2f92b87', 'GENKI3_L08');
INSERT INTO "vocabulary"."conjugation" ("id", "conjugation_set_id", "politeness_code", "charge_code", "form_code", "sort_rank", "value") VALUES ('889cb230-8931-5af4-82c8-cf5205fd1b29', '4948ea68-cfca-550a-96ae-579029a38ebd', 'PLAIN', 'POSITIVE', 'PRESENT', 1, '始める');
INSERT INTO "vocabulary"."conjugation" ("id", "conjugation_set_id", "politeness_code", "charge_code", "form_code", "sort_rank", "value") VALUES ('7d8ac6a8-26e5-553c-b7a8-9968b5ee90c1', '4948ea68-cfca-550a-96ae-579029a38ebd', 'PLAIN', 'POSITIVE', 'PAST', 1, '始めた');
INSERT INTO "vocabulary"."conjugation" ("id", "conjugation_set_id", "politeness_code", "charge_code", "form_code", "sort_rank", "value") VALUES ('3466294e-b285-5e38-be3e-49dedf2bd3e2', '4948ea68-cfca-550a-96ae-579029a38ebd', 'PLAIN', 'NEGATIVE', 'PRESENT', 1, '始めない');
INSERT INTO "vocabulary"."conjugation" ("id", "conjugation_set_id", "politeness_code", "charge_code", "form_code", "sort_rank", "value") VALUES ('a634a174-155d-5a41-bf8c-1d930282fa44', '4948ea68-cfca-550a-96ae-579029a38ebd', 'PLAIN', 'NEGATIVE', 'PAST', 1, '始めなかった');
INSERT INTO "vocabulary"."conjugation" ("id", "conjugation_set_id", "politeness_code", "charge_code", "form_code", "sort_rank", "value") VALUES ('1a462031-5d65-59b2-b22d-51ac38c7755f', '4948ea68-cfca-550a-96ae-579029a38ebd', 'POLITE', 'POSITIVE', 'PRESENT', 1, '始めます');
INSERT INTO "vocabulary"."conjugation" ("id", "conjugation_set_id", "politeness_code", "charge_code", "form_code", "sort_rank", "value") VALUES ('8f848373-c0c2-503e-b20e-f4499e83c521', '4948ea68-cfca-550a-96ae-579029a38ebd', 'POLITE', 'POSITIVE', 'PAST', 1, '始めました');
INSERT INTO "vocabulary"."conjugation" ("id", "conjugation_set_id", "politeness_code", "charge_code", "form_code", "sort_rank", "value") VALUES ('65f9ac9c-9924-58c7-b93a-325ac0c0804c', '4948ea68-cfca-550a-96ae-579029a38ebd', 'POLITE', 'NEGATIVE', 'PRESENT', 1, '始めません');
INSERT INTO "vocabulary"."conjugation" ("id", "conjugation_set_id", "politeness_code", "charge_code", "form_code", "sort_rank", "value") VALUES ('a26979e7-84df-5eb3-90aa-9b836b6f553c', '4948ea68-cfca-550a-96ae-579029a38ebd', 'POLITE', 'NEGATIVE', 'PAST', 1, '始めませんでした');
-- 運転する | to operate machine; to drive --;
INSERT INTO "vocabulary"."vocabulary" ("id", "word_class_code", "conjugation_kind_code", "jlpt_level", "row_num", "tags", "date_added") VALUES ('8632038c-1185-43be-ba47-9c89cbf22491', 'VERB', 'SURU_VERB', 3, 723, '{}', '2023-02-13');
INSERT INTO "vocabulary"."definition" ("id", "vocabulary_id", "sort_rank", "value") VALUES ('ead40d54-a746-5db2-82a2-7c167e18310b', '8632038c-1185-43be-ba47-9c89cbf22491', 1, 'to operate machine; to drive');
INSERT INTO "vocabulary"."spelling" ("id", "vocabulary_id", "spelling_kind_code", "value") VALUES ('fa30ae4e-a882-514f-93b8-b78eb23465ff', '8632038c-1185-43be-ba47-9c89cbf22491', 'KANJI', '運転する');
INSERT INTO "vocabulary"."spelling" ("id", "vocabulary_id", "spelling_kind_code", "value") VALUES ('8ef67d4c-dd97-5d1a-afcb-fcddf8cc9ac1', '8632038c-1185-43be-ba47-9c89cbf22491', 'HIRAGANA', 'うんてんする');
INSERT INTO "vocabulary"."spelling" ("id", "vocabulary_id", "spelling_kind_code", "value") VALUES ('f223cb2b-49be-53ed-99dd-c0998a6f4e60', '8632038c-1185-43be-ba47-9c89cbf22491', 'KANJI', '運転する');
INSERT INTO "vocabulary"."linkages" ("vocabulary_id", "preferred_definition_id", "preferred_spelling_id", "phonetic_spelling_id", "alt_phonetic_spelling_id", "kanji_spelling_id", "conjugation_set_id") VALUES ('8632038c-1185-43be-ba47-9c89cbf22491', 'ead40d54-a746-5db2-82a2-7c167e18310b', 'fa30ae4e-a882-514f-93b8-b78eb23465ff', '8ef67d4c-dd97-5d1a-afcb-fcddf8cc9ac1', NULL, 'f223cb2b-49be-53ed-99dd-c0998a6f4e60', NULL);
INSERT INTO "vocabulary"."reference" ("vocabulary_id", "lesson_code") VALUES ('8632038c-1185-43be-ba47-9c89cbf22491', 'GENKI3_L08');
-- 洗濯する | to do laundry --;
INSERT INTO "vocabulary"."vocabulary" ("id", "word_class_code", "conjugation_kind_code", "jlpt_level", "row_num", "tags", "date_added") VALUES ('98fd7ee4-f94c-44d8-8bc4-c8ce98cdc295', 'VERB', 'SURU_VERB', 5, 724, '{}', '2023-02-13');
INSERT INTO "vocabulary"."definition" ("id", "vocabulary_id", "sort_rank", "value") VALUES ('cdcaca52-3ba1-57a5-9f8f-c6b2f8321e2f', '98fd7ee4-f94c-44d8-8bc4-c8ce98cdc295', 1, 'to do laundry');
INSERT INTO "vocabulary"."spelling" ("id", "vocabulary_id", "spelling_kind_code", "value") VALUES ('ae18b97b-7978-53cf-a46c-51fb5fd34c60', '98fd7ee4-f94c-44d8-8bc4-c8ce98cdc295', 'KANJI', '洗濯する');
INSERT INTO "vocabulary"."spelling" ("id", "vocabulary_id", "spelling_kind_code", "value") VALUES ('6d69c083-2074-5d8c-a3da-22330bd580be', '98fd7ee4-f94c-44d8-8bc4-c8ce98cdc295', 'HIRAGANA', 'せんたくする');
INSERT INTO "vocabulary"."spelling" ("id", "vocabulary_id", "spelling_kind_code", "value") VALUES ('ce382635-6180-53c4-bd26-332337fac42d', '98fd7ee4-f94c-44d8-8bc4-c8ce98cdc295', 'KANJI', '洗濯する');
INSERT INTO "vocabulary"."linkages" ("vocabulary_id", "preferred_definition_id", "preferred_spelling_id", "phonetic_spelling_id", "alt_phonetic_spelling_id", "kanji_spelling_id", "conjugation_set_id") VALUES ('98fd7ee4-f94c-44d8-8bc4-c8ce98cdc295', 'cdcaca52-3ba1-57a5-9f8f-c6b2f8321e2f', 'ae18b97b-7978-53cf-a46c-51fb5fd34c60', '6d69c083-2074-5d8c-a3da-22330bd580be', NULL, 'ce382635-6180-53c4-bd26-332337fac42d', NULL);
INSERT INTO "vocabulary"."reference" ("vocabulary_id", "lesson_code") VALUES ('98fd7ee4-f94c-44d8-8bc4-c8ce98cdc295', 'GENKI3_L08');
-- 掃除する | to clean --;
INSERT INTO "vocabulary"."vocabulary" ("id", "word_class_code", "conjugation_kind_code", "jlpt_level", "row_num", "tags", "date_added") VALUES ('ad65a5b9-f5c8-4031-b1ae-79b73ffbc605', 'VERB', 'SURU_VERB', 5, 725, '{}', '2023-02-13');
INSERT INTO "vocabulary"."definition" ("id", "vocabulary_id", "sort_rank", "value") VALUES ('346e8bb4-9530-5275-8435-db54485ff65d', 'ad65a5b9-f5c8-4031-b1ae-79b73ffbc605', 1, 'to clean');
INSERT INTO "vocabulary"."spelling" ("id", "vocabulary_id", "spelling_kind_code", "value") VALUES ('9c568e55-77d8-5ed6-9687-ad723bd9593a', 'ad65a5b9-f5c8-4031-b1ae-79b73ffbc605', 'KANJI', '掃除する');
INSERT INTO "vocabulary"."spelling" ("id", "vocabulary_id", "spelling_kind_code", "value") VALUES ('12a3539a-ec37-58fe-8823-d980bdafa88a', 'ad65a5b9-f5c8-4031-b1ae-79b73ffbc605', 'HIRAGANA', 'そうじする');
INSERT INTO "vocabulary"."spelling" ("id", "vocabulary_id", "spelling_kind_code", "value") VALUES ('6134a13c-4f2d-555c-a44b-7d6085de03d7', 'ad65a5b9-f5c8-4031-b1ae-79b73ffbc605', 'KANJI', '掃除する');
INSERT INTO "vocabulary"."linkages" ("vocabulary_id", "preferred_definition_id", "preferred_spelling_id", "phonetic_spelling_id", "alt_phonetic_spelling_id", "kanji_spelling_id", "conjugation_set_id") VALUES ('ad65a5b9-f5c8-4031-b1ae-79b73ffbc605', '346e8bb4-9530-5275-8435-db54485ff65d', '9c568e55-77d8-5ed6-9687-ad723bd9593a', '12a3539a-ec37-58fe-8823-d980bdafa88a', NULL, '6134a13c-4f2d-555c-a44b-7d6085de03d7', NULL);
INSERT INTO "vocabulary"."reference" ("vocabulary_id", "lesson_code") VALUES ('ad65a5b9-f5c8-4031-b1ae-79b73ffbc605', 'GENKI3_L08');
-- 料理する | to cook --;
INSERT INTO "vocabulary"."vocabulary" ("id", "word_class_code", "conjugation_kind_code", "jlpt_level", "row_num", "tags", "date_added") VALUES ('83670490-efbb-4edf-b831-bf8b63eade84', 'VERB', 'SURU_VERB', 5, 726, '{}', '2023-02-13');
INSERT INTO "vocabulary"."definition" ("id", "vocabulary_id", "sort_rank", "value") VALUES ('2103efc3-d281-547e-bf8b-feb45006984e', '83670490-efbb-4edf-b831-bf8b63eade84', 1, 'to cook');
INSERT INTO "vocabulary"."spelling" ("id", "vocabulary_id", "spelling_kind_code", "value") VALUES ('a8ddd5b0-a221-5dc8-9bc7-3ac9d0532833', '83670490-efbb-4edf-b831-bf8b63eade84', 'KANJI', '料理する');
INSERT INTO "vocabulary"."spelling" ("id", "vocabulary_id", "spelling_kind_code", "value") VALUES ('98f69e73-5661-53a4-9457-36e97319605e', '83670490-efbb-4edf-b831-bf8b63eade84', 'HIRAGANA', 'りょうりする');
INSERT INTO "vocabulary"."spelling" ("id", "vocabulary_id", "spelling_kind_code", "value") VALUES ('8a0c238f-d4a7-569b-bdec-3d5def462dff', '83670490-efbb-4edf-b831-bf8b63eade84', 'KANJI', '料理する');
INSERT INTO "vocabulary"."linkages" ("vocabulary_id", "preferred_definition_id", "preferred_spelling_id", "phonetic_spelling_id", "alt_phonetic_spelling_id", "kanji_spelling_id", "conjugation_set_id") VALUES ('83670490-efbb-4edf-b831-bf8b63eade84', '2103efc3-d281-547e-bf8b-feb45006984e', 'a8ddd5b0-a221-5dc8-9bc7-3ac9d0532833', '98f69e73-5661-53a4-9457-36e97319605e', NULL, '8a0c238f-d4a7-569b-bdec-3d5def462dff', NULL);
INSERT INTO "vocabulary"."reference" ("vocabulary_id", "lesson_code") VALUES ('83670490-efbb-4edf-b831-bf8b63eade84', 'GENKI3_L08');
-- いつも | always; all the time --;
INSERT INTO "vocabulary"."vocabulary" ("id", "word_class_code", "conjugation_kind_code", "jlpt_level", "row_num", "tags", "date_added") VALUES ('1c110c93-26bf-48b3-810e-c87f3139a5d8', 'ADVERB', NULL, 5, 727, '{}', '2023-02-19');
INSERT INTO "vocabulary"."definition" ("id", "vocabulary_id", "sort_rank", "value") VALUES ('63d47605-67a2-5d35-94cc-1dbfe840dd3b', '1c110c93-26bf-48b3-810e-c87f3139a5d8', 1, 'always; all the time');
INSERT INTO "vocabulary"."spelling" ("id", "vocabulary_id", "spelling_kind_code", "value") VALUES ('1252ac51-a826-5672-a594-79a926fbdbe3', '1c110c93-26bf-48b3-810e-c87f3139a5d8', 'HIRAGANA', 'いつも');
INSERT INTO "vocabulary"."spelling" ("id", "vocabulary_id", "spelling_kind_code", "value") VALUES ('48cb7c79-42c7-5923-b93a-fb07e8a2ad77', '1c110c93-26bf-48b3-810e-c87f3139a5d8', 'HIRAGANA', 'いつも');
INSERT INTO "vocabulary"."linkages" ("vocabulary_id", "preferred_definition_id", "preferred_spelling_id", "phonetic_spelling_id", "alt_phonetic_spelling_id", "kanji_spelling_id", "conjugation_set_id") VALUES ('1c110c93-26bf-48b3-810e-c87f3139a5d8', '63d47605-67a2-5d35-94cc-1dbfe840dd3b', '1252ac51-a826-5672-a594-79a926fbdbe3', '48cb7c79-42c7-5923-b93a-fb07e8a2ad77', NULL, NULL, NULL);
INSERT INTO "vocabulary"."reference" ("vocabulary_id", "lesson_code") VALUES ('1c110c93-26bf-48b3-810e-c87f3139a5d8', 'GENKI3_L08');
-- みんなで | everyone together --;
INSERT INTO "vocabulary"."vocabulary" ("id", "word_class_code", "conjugation_kind_code", "jlpt_level", "row_num", "tags", "date_added") VALUES ('b27a1f3a-eca5-420c-89fa-5e00469a4bcb', 'EXPRESSION', NULL, NULL, 728, '{}', '2023-02-19');
INSERT INTO "vocabulary"."definition" ("id", "vocabulary_id", "sort_rank", "value") VALUES ('25730b6a-aa55-5327-a40b-2cefb07304e7', 'b27a1f3a-eca5-420c-89fa-5e00469a4bcb', 1, 'everyone together');
INSERT INTO "vocabulary"."spelling" ("id", "vocabulary_id", "spelling_kind_code", "value") VALUES ('16447644-41ec-50cd-8e4c-e993a09c4eac', 'b27a1f3a-eca5-420c-89fa-5e00469a4bcb', 'HIRAGANA', 'みんなで');
INSERT INTO "vocabulary"."spelling" ("id", "vocabulary_id", "spelling_kind_code", "value") VALUES ('19de4d53-d7e2-59a4-9b84-180dd784e9f2', 'b27a1f3a-eca5-420c-89fa-5e00469a4bcb', 'HIRAGANA', 'みんなで');
INSERT INTO "vocabulary"."linkages" ("vocabulary_id", "preferred_definition_id", "preferred_spelling_id", "phonetic_spelling_id", "alt_phonetic_spelling_id", "kanji_spelling_id", "conjugation_set_id") VALUES ('b27a1f3a-eca5-420c-89fa-5e00469a4bcb', '25730b6a-aa55-5327-a40b-2cefb07304e7', '16447644-41ec-50cd-8e4c-e993a09c4eac', '19de4d53-d7e2-59a4-9b84-180dd784e9f2', NULL, NULL, NULL);
INSERT INTO "vocabulary"."reference" ("vocabulary_id", "lesson_code") VALUES ('b27a1f3a-eca5-420c-89fa-5e00469a4bcb', 'GENKI3_L08');
-- 残念 | regrettable; unfortunate; disappointing --;
INSERT INTO "vocabulary"."vocabulary" ("id", "word_class_code", "conjugation_kind_code", "jlpt_level", "row_num", "tags", "date_added") VALUES ('5c792e43-8635-48d7-a0a4-3b5af1c3bf96', 'ADJECTIVE', 'NA_ADJECTIVE', 4, 729, '{}', '2023-02-19');
INSERT INTO "vocabulary"."definition" ("id", "vocabulary_id", "sort_rank", "value") VALUES ('e0ce10fa-ee07-5860-9ac3-7539ab4361f9', '5c792e43-8635-48d7-a0a4-3b5af1c3bf96', 1, 'regrettable; unfortunate; disappointing');
INSERT INTO "vocabulary"."spelling" ("id", "vocabulary_id", "spelling_kind_code", "value") VALUES ('ef21dd10-cb13-5dc0-a6e7-b2d3e6f4d7ac', '5c792e43-8635-48d7-a0a4-3b5af1c3bf96', 'KANJI', '残念');
INSERT INTO "vocabulary"."spelling" ("id", "vocabulary_id", "spelling_kind_code", "value") VALUES ('e8455c31-0a6b-5a53-af37-673941767044', '5c792e43-8635-48d7-a0a4-3b5af1c3bf96', 'HIRAGANA', 'ざんねん');
INSERT INTO "vocabulary"."spelling" ("id", "vocabulary_id", "spelling_kind_code", "value") VALUES ('b396d744-2d83-5b3a-971f-660931ae57f0', '5c792e43-8635-48d7-a0a4-3b5af1c3bf96', 'KANJI', '残念');
INSERT INTO "vocabulary"."conjugation_set" ("id", "vocabulary_id") VALUES ('b37ec45f-5d55-590f-91e4-38b56253d22a', '5c792e43-8635-48d7-a0a4-3b5af1c3bf96');
INSERT INTO "vocabulary"."linkages" ("vocabulary_id", "preferred_definition_id", "preferred_spelling_id", "phonetic_spelling_id", "alt_phonetic_spelling_id", "kanji_spelling_id", "conjugation_set_id") VALUES ('5c792e43-8635-48d7-a0a4-3b5af1c3bf96', 'e0ce10fa-ee07-5860-9ac3-7539ab4361f9', 'ef21dd10-cb13-5dc0-a6e7-b2d3e6f4d7ac', 'e8455c31-0a6b-5a53-af37-673941767044', NULL, 'b396d744-2d83-5b3a-971f-660931ae57f0', 'b37ec45f-5d55-590f-91e4-38b56253d22a');
INSERT INTO "vocabulary"."conjugation" ("id", "conjugation_set_id", "politeness_code", "charge_code", "form_code", "sort_rank", "value") VALUES ('0e05b07a-e0cd-554b-b6e6-aae363fd9f9b', 'b37ec45f-5d55-590f-91e4-38b56253d22a', 'PLAIN', 'POSITIVE', 'PRESENT', 1, '残念だ');
INSERT INTO "vocabulary"."conjugation" ("id", "conjugation_set_id", "politeness_code", "charge_code", "form_code", "sort_rank", "value") VALUES ('c97390d6-846a-5d0f-8591-a5e951bbe74e', 'b37ec45f-5d55-590f-91e4-38b56253d22a', 'PLAIN', 'POSITIVE', 'PAST', 1, '残念だった');
INSERT INTO "vocabulary"."conjugation" ("id", "conjugation_set_id", "politeness_code", "charge_code", "form_code", "sort_rank", "value") VALUES ('01611611-4e32-5239-94d0-b6c31d806cdd', 'b37ec45f-5d55-590f-91e4-38b56253d22a', 'PLAIN', 'NEGATIVE', 'PRESENT', 1, '残念じゃない');
INSERT INTO "vocabulary"."conjugation" ("id", "conjugation_set_id", "politeness_code", "charge_code", "form_code", "sort_rank", "value") VALUES ('f3e31709-c44d-5c42-a565-a531adeb2be6', 'b37ec45f-5d55-590f-91e4-38b56253d22a', 'PLAIN', 'NEGATIVE', 'PAST', 1, '残念じゃなかった');
-- 残念ですね | that's too bad --;
INSERT INTO "vocabulary"."vocabulary" ("id", "word_class_code", "conjugation_kind_code", "jlpt_level", "row_num", "tags", "date_added") VALUES ('6aa50375-3e4d-46ce-9a88-09501febd9b8', 'EXPRESSION', NULL, NULL, 730, '{}', '2023-02-19');
INSERT INTO "vocabulary"."definition" ("id", "vocabulary_id", "sort_rank", "value") VALUES ('36767819-cc80-5d9c-a2dd-dcbad7789966', '6aa50375-3e4d-46ce-9a88-09501febd9b8', 1, 'that''s too bad');
INSERT INTO "vocabulary"."spelling" ("id", "vocabulary_id", "spelling_kind_code", "value") VALUES ('32df957b-2574-56b6-a24e-e686133d187b', '6aa50375-3e4d-46ce-9a88-09501febd9b8', 'KANJI', '残念ですね');
INSERT INTO "vocabulary"."spelling" ("id", "vocabulary_id", "spelling_kind_code", "value") VALUES ('205fe575-2462-5dba-acbf-6a27121dd72c', '6aa50375-3e4d-46ce-9a88-09501febd9b8', 'HIRAGANA', 'ざんねんですね');
INSERT INTO "vocabulary"."spelling" ("id", "vocabulary_id", "spelling_kind_code", "value") VALUES ('d7c42647-ef5d-5c8e-b4bd-ba59cc23e291', '6aa50375-3e4d-46ce-9a88-09501febd9b8', 'KANJI', '残念ですね');
INSERT INTO "vocabulary"."linkages" ("vocabulary_id", "preferred_definition_id", "preferred_spelling_id", "phonetic_spelling_id", "alt_phonetic_spelling_id", "kanji_spelling_id", "conjugation_set_id") VALUES ('6aa50375-3e4d-46ce-9a88-09501febd9b8', '36767819-cc80-5d9c-a2dd-dcbad7789966', '32df957b-2574-56b6-a24e-e686133d187b', '205fe575-2462-5dba-acbf-6a27121dd72c', NULL, 'd7c42647-ef5d-5c8e-b4bd-ba59cc23e291', NULL);
INSERT INTO "vocabulary"."reference" ("vocabulary_id", "lesson_code") VALUES ('6aa50375-3e4d-46ce-9a88-09501febd9b8', 'GENKI3_L08');
-- まだ | not ... yet (+ negative) --;
INSERT INTO "vocabulary"."vocabulary" ("id", "word_class_code", "conjugation_kind_code", "jlpt_level", "row_num", "tags", "date_added") VALUES ('dbedc438-5674-47f4-a171-ef277fae0184', 'ADVERB', NULL, 5, 731, '{}', '2023-02-19');
INSERT INTO "vocabulary"."definition" ("id", "vocabulary_id", "sort_rank", "value") VALUES ('d09bf041-bc51-5d4d-a5cd-122ee04836e5', 'dbedc438-5674-47f4-a171-ef277fae0184', 1, 'not ... yet (+ negative)');
INSERT INTO "vocabulary"."spelling" ("id", "vocabulary_id", "spelling_kind_code", "value") VALUES ('0513e315-3a01-5a62-830e-0fc809f81d87', 'dbedc438-5674-47f4-a171-ef277fae0184', 'HIRAGANA', 'まだ');
INSERT INTO "vocabulary"."spelling" ("id", "vocabulary_id", "spelling_kind_code", "value") VALUES ('e9cb0d00-485e-534f-a26e-385d7b55f3c8', 'dbedc438-5674-47f4-a171-ef277fae0184', 'HIRAGANA', 'まだ');
INSERT INTO "vocabulary"."linkages" ("vocabulary_id", "preferred_definition_id", "preferred_spelling_id", "phonetic_spelling_id", "alt_phonetic_spelling_id", "kanji_spelling_id", "conjugation_set_id") VALUES ('dbedc438-5674-47f4-a171-ef277fae0184', 'd09bf041-bc51-5d4d-a5cd-122ee04836e5', '0513e315-3a01-5a62-830e-0fc809f81d87', 'e9cb0d00-485e-534f-a26e-385d7b55f3c8', NULL, NULL, NULL);
INSERT INTO "vocabulary"."reference" ("vocabulary_id", "lesson_code") VALUES ('dbedc438-5674-47f4-a171-ef277fae0184', 'GENKI3_L08');
-- 度 | ...degrees (temperature) --;
INSERT INTO "vocabulary"."vocabulary" ("id", "word_class_code", "conjugation_kind_code", "jlpt_level", "row_num", "tags", "date_added") VALUES ('ea6d72df-50ce-4316-807c-5858cc6dc65a', 'SUFFIX', NULL, NULL, 732, '{}', '2023-02-19');
INSERT INTO "vocabulary"."definition" ("id", "vocabulary_id", "sort_rank", "value") VALUES ('ffe0096a-823e-5702-8dd9-bc756fe18967', 'ea6d72df-50ce-4316-807c-5858cc6dc65a', 1, '...degrees (temperature)');
INSERT INTO "vocabulary"."spelling" ("id", "vocabulary_id", "spelling_kind_code", "value") VALUES ('3f2fb131-06d7-5594-a9b3-5dc047fab651', 'ea6d72df-50ce-4316-807c-5858cc6dc65a', 'KANJI', '度');
INSERT INTO "vocabulary"."spelling" ("id", "vocabulary_id", "spelling_kind_code", "value") VALUES ('39b73f05-0386-538e-a8c3-362c111dd7df', 'ea6d72df-50ce-4316-807c-5858cc6dc65a', 'HIRAGANA', 'ど');
INSERT INTO "vocabulary"."spelling" ("id", "vocabulary_id", "spelling_kind_code", "value") VALUES ('1a8061fe-2f11-557b-9a78-ad5e1a047402', 'ea6d72df-50ce-4316-807c-5858cc6dc65a', 'KANJI', '度');
INSERT INTO "vocabulary"."linkages" ("vocabulary_id", "preferred_definition_id", "preferred_spelling_id", "phonetic_spelling_id", "alt_phonetic_spelling_id", "kanji_spelling_id", "conjugation_set_id") VALUES ('ea6d72df-50ce-4316-807c-5858cc6dc65a', 'ffe0096a-823e-5702-8dd9-bc756fe18967', '3f2fb131-06d7-5594-a9b3-5dc047fab651', '39b73f05-0386-538e-a8c3-362c111dd7df', NULL, '1a8061fe-2f11-557b-9a78-ad5e1a047402', NULL);
INSERT INTO "vocabulary"."reference" ("vocabulary_id", "lesson_code") VALUES ('ea6d72df-50ce-4316-807c-5858cc6dc65a', 'GENKI3_L08');
-- どう | how --;
INSERT INTO "vocabulary"."vocabulary" ("id", "word_class_code", "conjugation_kind_code", "jlpt_level", "row_num", "tags", "date_added") VALUES ('447a857a-0361-4b99-9432-0373a77ca6bb', 'ADVERB', NULL, 5, 733, '{}', '2023-02-19');
INSERT INTO "vocabulary"."definition" ("id", "vocabulary_id", "sort_rank", "value") VALUES ('087e1d42-5b85-56ca-a32f-a8e36950ab50', '447a857a-0361-4b99-9432-0373a77ca6bb', 1, 'how');
INSERT INTO "vocabulary"."spelling" ("id", "vocabulary_id", "spelling_kind_code", "value") VALUES ('dbadefc0-77a2-5e13-be6c-91e1e463fe16', '447a857a-0361-4b99-9432-0373a77ca6bb', 'HIRAGANA', 'どう');
INSERT INTO "vocabulary"."spelling" ("id", "vocabulary_id", "spelling_kind_code", "value") VALUES ('7cbf17bf-ad98-55e4-93ec-e626cfcd1a2c', '447a857a-0361-4b99-9432-0373a77ca6bb', 'HIRAGANA', 'どう');
INSERT INTO "vocabulary"."linkages" ("vocabulary_id", "preferred_definition_id", "preferred_spelling_id", "phonetic_spelling_id", "alt_phonetic_spelling_id", "kanji_spelling_id", "conjugation_set_id") VALUES ('447a857a-0361-4b99-9432-0373a77ca6bb', '087e1d42-5b85-56ca-a32f-a8e36950ab50', 'dbadefc0-77a2-5e13-be6c-91e1e463fe16', '7cbf17bf-ad98-55e4-93ec-e626cfcd1a2c', NULL, NULL, NULL);
INSERT INTO "vocabulary"."reference" ("vocabulary_id", "lesson_code") VALUES ('447a857a-0361-4b99-9432-0373a77ca6bb', 'GENKI3_L08');
-- 日和 | perfect day (weather) --;
INSERT INTO "vocabulary"."vocabulary" ("id", "word_class_code", "conjugation_kind_code", "jlpt_level", "row_num", "tags", "date_added") VALUES ('f40b78a6-8934-455e-9e9c-307709705c6e', 'NOUN', NULL, NULL, 734, '{}', '2023-02-22');
INSERT INTO "vocabulary"."definition" ("id", "vocabulary_id", "sort_rank", "value") VALUES ('39823fcb-68ae-57ef-9b12-f563c4729fa4', 'f40b78a6-8934-455e-9e9c-307709705c6e', 1, 'perfect day (weather)');
INSERT INTO "vocabulary"."spelling" ("id", "vocabulary_id", "spelling_kind_code", "value") VALUES ('e3158319-880f-5e99-9e0d-2e78da464cf9', 'f40b78a6-8934-455e-9e9c-307709705c6e', 'KANJI', '日和');
INSERT INTO "vocabulary"."spelling" ("id", "vocabulary_id", "spelling_kind_code", "value") VALUES ('d22c3f6a-9bfd-5da0-8e7a-570ddca0e088', 'f40b78a6-8934-455e-9e9c-307709705c6e', 'HIRAGANA', 'びより');
INSERT INTO "vocabulary"."spelling" ("id", "vocabulary_id", "spelling_kind_code", "value") VALUES ('3f00fe27-6595-5711-91e3-d7c88f258022', 'f40b78a6-8934-455e-9e9c-307709705c6e', 'KANJI', '日和');
INSERT INTO "vocabulary"."linkages" ("vocabulary_id", "preferred_definition_id", "preferred_spelling_id", "phonetic_spelling_id", "alt_phonetic_spelling_id", "kanji_spelling_id", "conjugation_set_id") VALUES ('f40b78a6-8934-455e-9e9c-307709705c6e', '39823fcb-68ae-57ef-9b12-f563c4729fa4', 'e3158319-880f-5e99-9e0d-2e78da464cf9', 'd22c3f6a-9bfd-5da0-8e7a-570ddca0e088', NULL, '3f00fe27-6595-5711-91e3-d7c88f258022', NULL);
-- ちょっと待って | wait a minute --;
INSERT INTO "vocabulary"."vocabulary" ("id", "word_class_code", "conjugation_kind_code", "jlpt_level", "row_num", "tags", "date_added") VALUES ('334d18b8-d7f1-4df5-aac7-69a34f0ae165', 'EXPRESSION', NULL, NULL, 735, '{}', '2023-02-22');
INSERT INTO "vocabulary"."definition" ("id", "vocabulary_id", "sort_rank", "value") VALUES ('293e2f47-0dcf-54a8-8467-2e9871071859', '334d18b8-d7f1-4df5-aac7-69a34f0ae165', 1, 'wait a minute');
INSERT INTO "vocabulary"."spelling" ("id", "vocabulary_id", "spelling_kind_code", "value") VALUES ('4ec1fde5-f216-500f-b2be-e486d3248652', '334d18b8-d7f1-4df5-aac7-69a34f0ae165', 'KANJI', 'ちょっと待って');
INSERT INTO "vocabulary"."spelling" ("id", "vocabulary_id", "spelling_kind_code", "value") VALUES ('63a405bf-681f-549f-bb7d-d2fa6ef3c898', '334d18b8-d7f1-4df5-aac7-69a34f0ae165', 'HIRAGANA', 'ちょっとまって');
INSERT INTO "vocabulary"."spelling" ("id", "vocabulary_id", "spelling_kind_code", "value") VALUES ('d7c92a80-9f59-56e4-ae22-68697fa1d1f3', '334d18b8-d7f1-4df5-aac7-69a34f0ae165', 'KANJI', 'ちょっと待って');
INSERT INTO "vocabulary"."linkages" ("vocabulary_id", "preferred_definition_id", "preferred_spelling_id", "phonetic_spelling_id", "alt_phonetic_spelling_id", "kanji_spelling_id", "conjugation_set_id") VALUES ('334d18b8-d7f1-4df5-aac7-69a34f0ae165', '293e2f47-0dcf-54a8-8467-2e9871071859', '4ec1fde5-f216-500f-b2be-e486d3248652', '63a405bf-681f-549f-bb7d-d2fa6ef3c898', NULL, 'd7c92a80-9f59-56e4-ae22-68697fa1d1f3', NULL);
-- なんでもない | nothing; of no concern --;
INSERT INTO "vocabulary"."vocabulary" ("id", "word_class_code", "conjugation_kind_code", "jlpt_level", "row_num", "tags", "date_added") VALUES ('3a33ac74-90b7-49db-b9a0-24edda83b4ab', 'EXPRESSION', NULL, NULL, 736, '{}', '2023-02-22');
INSERT INTO "vocabulary"."definition" ("id", "vocabulary_id", "sort_rank", "value") VALUES ('c3acab67-870a-5137-ada1-db11b8945f59', '3a33ac74-90b7-49db-b9a0-24edda83b4ab', 1, 'nothing; of no concern');
INSERT INTO "vocabulary"."spelling" ("id", "vocabulary_id", "spelling_kind_code", "value") VALUES ('a3bef7fe-8044-59b6-85e0-1aab09b565fa', '3a33ac74-90b7-49db-b9a0-24edda83b4ab', 'HIRAGANA', 'なんでもない');
INSERT INTO "vocabulary"."spelling" ("id", "vocabulary_id", "spelling_kind_code", "value") VALUES ('09c497d7-7683-5f98-8e2b-ce28c297df7b', '3a33ac74-90b7-49db-b9a0-24edda83b4ab', 'HIRAGANA', 'なんでもない');
INSERT INTO "vocabulary"."spelling" ("id", "vocabulary_id", "spelling_kind_code", "value") VALUES ('86fec2f2-9267-5733-a364-c10479cdd0db', '3a33ac74-90b7-49db-b9a0-24edda83b4ab', 'KANJI', '何でもない');
INSERT INTO "vocabulary"."linkages" ("vocabulary_id", "preferred_definition_id", "preferred_spelling_id", "phonetic_spelling_id", "alt_phonetic_spelling_id", "kanji_spelling_id", "conjugation_set_id") VALUES ('3a33ac74-90b7-49db-b9a0-24edda83b4ab', 'c3acab67-870a-5137-ada1-db11b8945f59', 'a3bef7fe-8044-59b6-85e0-1aab09b565fa', '09c497d7-7683-5f98-8e2b-ce28c297df7b', NULL, '86fec2f2-9267-5733-a364-c10479cdd0db', NULL);
-- 神様お願い | please god --;
INSERT INTO "vocabulary"."vocabulary" ("id", "word_class_code", "conjugation_kind_code", "jlpt_level", "row_num", "tags", "date_added") VALUES ('447e4156-378f-4aa0-a295-dc355244c069', 'EXPRESSION', NULL, NULL, 737, '{}', '2023-02-22');
INSERT INTO "vocabulary"."definition" ("id", "vocabulary_id", "sort_rank", "value") VALUES ('110d644c-08ba-5992-9c19-9599ac39135b', '447e4156-378f-4aa0-a295-dc355244c069', 1, 'please god');
INSERT INTO "vocabulary"."spelling" ("id", "vocabulary_id", "spelling_kind_code", "value") VALUES ('39c4c83f-1b22-5119-847d-944e5ff692c2', '447e4156-378f-4aa0-a295-dc355244c069', 'KANJI', '神様お願い');
INSERT INTO "vocabulary"."spelling" ("id", "vocabulary_id", "spelling_kind_code", "value") VALUES ('abf9c76d-d44b-5926-b638-b6e54776e9a1', '447e4156-378f-4aa0-a295-dc355244c069', 'HIRAGANA', 'かみさまおねがい');
INSERT INTO "vocabulary"."spelling" ("id", "vocabulary_id", "spelling_kind_code", "value") VALUES ('84e400c8-6aa4-55f5-ab30-309f941b02cd', '447e4156-378f-4aa0-a295-dc355244c069', 'KANJI', '神様お願い');
INSERT INTO "vocabulary"."linkages" ("vocabulary_id", "preferred_definition_id", "preferred_spelling_id", "phonetic_spelling_id", "alt_phonetic_spelling_id", "kanji_spelling_id", "conjugation_set_id") VALUES ('447e4156-378f-4aa0-a295-dc355244c069', '110d644c-08ba-5992-9c19-9599ac39135b', '39c4c83f-1b22-5119-847d-944e5ff692c2', 'abf9c76d-d44b-5926-b638-b6e54776e9a1', NULL, '84e400c8-6aa4-55f5-ab30-309f941b02cd', NULL);
-- 暗記 | memorization --;
INSERT INTO "vocabulary"."vocabulary" ("id", "word_class_code", "conjugation_kind_code", "jlpt_level", "row_num", "tags", "date_added") VALUES ('2e158218-7876-4dbb-9bb0-29a1ce3e72b7', 'NOUN', NULL, 3, 738, '{}', '2023-02-22');
INSERT INTO "vocabulary"."definition" ("id", "vocabulary_id", "sort_rank", "value") VALUES ('29e5b46a-eb36-5136-a74c-fd3fe564fce4', '2e158218-7876-4dbb-9bb0-29a1ce3e72b7', 1, 'memorization');
INSERT INTO "vocabulary"."spelling" ("id", "vocabulary_id", "spelling_kind_code", "value") VALUES ('368b45c2-6dec-559e-9130-2873be43a119', '2e158218-7876-4dbb-9bb0-29a1ce3e72b7', 'KANJI', '暗記');
INSERT INTO "vocabulary"."spelling" ("id", "vocabulary_id", "spelling_kind_code", "value") VALUES ('bccdf28e-bd1c-51ce-979e-b452c4812ade', '2e158218-7876-4dbb-9bb0-29a1ce3e72b7', 'HIRAGANA', 'あんき');
INSERT INTO "vocabulary"."spelling" ("id", "vocabulary_id", "spelling_kind_code", "value") VALUES ('6fe9240c-5602-5e1a-9224-325d4077826f', '2e158218-7876-4dbb-9bb0-29a1ce3e72b7', 'KANJI', '暗記');
INSERT INTO "vocabulary"."linkages" ("vocabulary_id", "preferred_definition_id", "preferred_spelling_id", "phonetic_spelling_id", "alt_phonetic_spelling_id", "kanji_spelling_id", "conjugation_set_id") VALUES ('2e158218-7876-4dbb-9bb0-29a1ce3e72b7', '29e5b46a-eb36-5136-a74c-fd3fe564fce4', '368b45c2-6dec-559e-9130-2873be43a119', 'bccdf28e-bd1c-51ce-979e-b452c4812ade', NULL, '6fe9240c-5602-5e1a-9224-325d4077826f', NULL);
-- これは日本語で何ですか | What is this in Japanese? --;
INSERT INTO "vocabulary"."vocabulary" ("id", "word_class_code", "conjugation_kind_code", "jlpt_level", "row_num", "tags", "date_added") VALUES ('769fe95d-2271-4548-b9c8-11eb43fb36a6', 'EXPRESSION', NULL, NULL, 739, '{}', '2023-02-25');
INSERT INTO "vocabulary"."definition" ("id", "vocabulary_id", "sort_rank", "value") VALUES ('f39301e3-2167-5c9d-a43d-66b7dea2d3f2', '769fe95d-2271-4548-b9c8-11eb43fb36a6', 1, 'What is this in Japanese?');
INSERT INTO "vocabulary"."spelling" ("id", "vocabulary_id", "spelling_kind_code", "value") VALUES ('c9c4dd99-cd2a-5e3a-9645-d49ea5721519', '769fe95d-2271-4548-b9c8-11eb43fb36a6', 'KANJI', 'これは日本語で何ですか');
INSERT INTO "vocabulary"."spelling" ("id", "vocabulary_id", "spelling_kind_code", "value") VALUES ('a6c8e2a7-b262-569b-aca0-52f019917a40', '769fe95d-2271-4548-b9c8-11eb43fb36a6', 'HIRAGANA', 'これはにほんごでなんですか');
INSERT INTO "vocabulary"."spelling" ("id", "vocabulary_id", "spelling_kind_code", "value") VALUES ('fa26eee4-e772-5bfa-889f-4cef8a605ed4', '769fe95d-2271-4548-b9c8-11eb43fb36a6', 'KANJI', 'これは日本語が何ですか');
INSERT INTO "vocabulary"."linkages" ("vocabulary_id", "preferred_definition_id", "preferred_spelling_id", "phonetic_spelling_id", "alt_phonetic_spelling_id", "kanji_spelling_id", "conjugation_set_id") VALUES ('769fe95d-2271-4548-b9c8-11eb43fb36a6', 'f39301e3-2167-5c9d-a43d-66b7dea2d3f2', 'c9c4dd99-cd2a-5e3a-9645-d49ea5721519', 'a6c8e2a7-b262-569b-aca0-52f019917a40', NULL, 'fa26eee4-e772-5bfa-889f-4cef8a605ed4', NULL);
-- 日本語で〇〇は何ですか | What is __ in Japanese? --;
INSERT INTO "vocabulary"."vocabulary" ("id", "word_class_code", "conjugation_kind_code", "jlpt_level", "row_num", "tags", "date_added") VALUES ('1686392c-b1ca-47e5-9e95-58eda23bcd32', 'EXPRESSION', NULL, NULL, 740, '{}', '2023-02-25');
INSERT INTO "vocabulary"."definition" ("id", "vocabulary_id", "sort_rank", "value") VALUES ('20ece6aa-9458-5d6f-900d-a9aa6fed9255', '1686392c-b1ca-47e5-9e95-58eda23bcd32', 1, 'What is __ in Japanese?');
INSERT INTO "vocabulary"."spelling" ("id", "vocabulary_id", "spelling_kind_code", "value") VALUES ('cf244f6b-b27e-57d4-8f32-7d4086312d74', '1686392c-b1ca-47e5-9e95-58eda23bcd32', 'KANJI', '日本語で〇〇は何ですか');
INSERT INTO "vocabulary"."spelling" ("id", "vocabulary_id", "spelling_kind_code", "value") VALUES ('c3cee3a0-76b6-5d3e-9792-8b924b048bcf', '1686392c-b1ca-47e5-9e95-58eda23bcd32', 'HIRAGANA', 'にほんごで〇〇はなんですか');
INSERT INTO "vocabulary"."spelling" ("id", "vocabulary_id", "spelling_kind_code", "value") VALUES ('7050b053-a509-5053-a7d9-a05ea7fac485', '1686392c-b1ca-47e5-9e95-58eda23bcd32', 'KANJI', '日本語で〇〇は何ですか');
INSERT INTO "vocabulary"."linkages" ("vocabulary_id", "preferred_definition_id", "preferred_spelling_id", "phonetic_spelling_id", "alt_phonetic_spelling_id", "kanji_spelling_id", "conjugation_set_id") VALUES ('1686392c-b1ca-47e5-9e95-58eda23bcd32', '20ece6aa-9458-5d6f-900d-a9aa6fed9255', 'cf244f6b-b27e-57d4-8f32-7d4086312d74', 'c3cee3a0-76b6-5d3e-9792-8b924b048bcf', NULL, '7050b053-a509-5053-a7d9-a05ea7fac485', NULL);
-- 祓え給え、清め給え | I ask that you purify and cleanse me --;
INSERT INTO "vocabulary"."vocabulary" ("id", "word_class_code", "conjugation_kind_code", "jlpt_level", "row_num", "tags", "date_added") VALUES ('bb7a3612-2498-40bd-a340-a4106d2010b8', 'EXPRESSION', NULL, NULL, 741, '{shinto}', '2023-02-25');
INSERT INTO "vocabulary"."definition" ("id", "vocabulary_id", "sort_rank", "value") VALUES ('15902eaa-a2e6-594a-9277-ee43c91a38bd', 'bb7a3612-2498-40bd-a340-a4106d2010b8', 1, 'I ask that you purify and cleanse me');
INSERT INTO "vocabulary"."spelling" ("id", "vocabulary_id", "spelling_kind_code", "value") VALUES ('382bf3a0-7618-5dcd-b3bc-e0f230fa1c14', 'bb7a3612-2498-40bd-a340-a4106d2010b8', 'KANJI', '祓え給え、清め給え');
INSERT INTO "vocabulary"."spelling" ("id", "vocabulary_id", "spelling_kind_code", "value") VALUES ('f564a00c-0655-5bdc-8dab-028c82adb386', 'bb7a3612-2498-40bd-a340-a4106d2010b8', 'HIRAGANA', 'はらいたまえ、きよめたまえ');
INSERT INTO "vocabulary"."spelling" ("id", "vocabulary_id", "spelling_kind_code", "value") VALUES ('d8b3b26c-567a-584d-9491-3ed2be214401', 'bb7a3612-2498-40bd-a340-a4106d2010b8', 'KANJI', '祓え給え、清め給え');
INSERT INTO "vocabulary"."linkages" ("vocabulary_id", "preferred_definition_id", "preferred_spelling_id", "phonetic_spelling_id", "alt_phonetic_spelling_id", "kanji_spelling_id", "conjugation_set_id") VALUES ('bb7a3612-2498-40bd-a340-a4106d2010b8', '15902eaa-a2e6-594a-9277-ee43c91a38bd', '382bf3a0-7618-5dcd-b3bc-e0f230fa1c14', 'f564a00c-0655-5bdc-8dab-028c82adb386', NULL, 'd8b3b26c-567a-584d-9491-3ed2be214401', NULL);
