-- おはよう | Good morning --;
INSERT INTO "vocabulary"."vocabulary" ("id", "word_class_code", "conjugation_kind_code", "jlpt_level", "row_num", "tags", "date_added") VALUES ('f552ea3a-8b7f-5433-aa20-4c93a6868fb3', 'EXPRESSION', NULL, 2, 1, '{greeting}', '2022-04-24');
INSERT INTO "vocabulary"."definition" ("id", "vocabulary_id", "sort_rank", "value") VALUES ('0c30b7bb-ee6a-50a7-89ba-26093be26f59', 'f552ea3a-8b7f-5433-aa20-4c93a6868fb3', 1, 'Good morning');
INSERT INTO "vocabulary"."spelling" ("id", "vocabulary_id", "spelling_kind_code", "value") VALUES ('f5fc7480-3a86-576c-8d6d-eb492cb64bcc', 'f552ea3a-8b7f-5433-aa20-4c93a6868fb3', 'HIRAGANA', 'おはよう');
INSERT INTO "vocabulary"."spelling" ("id", "vocabulary_id", "spelling_kind_code", "value") VALUES ('290954f1-0099-56e7-a963-127a38f102cc', 'f552ea3a-8b7f-5433-aa20-4c93a6868fb3', 'HIRAGANA', 'おはよう');
INSERT INTO "vocabulary"."linkages" ("vocabulary_id", "preferred_definition_id", "preferred_spelling_id", "phonetic_spelling_id", "alt_phonetic_spelling_id", "kanji_spelling_id", "conjugation_set_id") VALUES ('f552ea3a-8b7f-5433-aa20-4c93a6868fb3', '0c30b7bb-ee6a-50a7-89ba-26093be26f59', 'f5fc7480-3a86-576c-8d6d-eb492cb64bcc', '290954f1-0099-56e7-a963-127a38f102cc', NULL, NULL, NULL);
INSERT INTO "vocabulary"."reference" ("vocabulary_id", "lesson_code") VALUES ('f552ea3a-8b7f-5433-aa20-4c93a6868fb3', 'GENKI3_L00');
-- おはようございます | Good morning (polite) --;
INSERT INTO "vocabulary"."vocabulary" ("id", "word_class_code", "conjugation_kind_code", "jlpt_level", "row_num", "tags", "date_added") VALUES ('8359d7d1-d6d6-5995-962e-3f6566232911', 'EXPRESSION', NULL, NULL, 2, '{greeting}', '2022-04-24');
INSERT INTO "vocabulary"."definition" ("id", "vocabulary_id", "sort_rank", "value") VALUES ('6abad41f-a910-5b39-ba47-b9ade701482d', '8359d7d1-d6d6-5995-962e-3f6566232911', 1, 'Good morning (polite)');
INSERT INTO "vocabulary"."spelling" ("id", "vocabulary_id", "spelling_kind_code", "value") VALUES ('e371d625-dd61-5fe6-b43e-f2b6c5542bc0', '8359d7d1-d6d6-5995-962e-3f6566232911', 'HIRAGANA', 'おはようございます');
INSERT INTO "vocabulary"."spelling" ("id", "vocabulary_id", "spelling_kind_code", "value") VALUES ('11ed0fa7-5a75-5536-b4ad-539b1bd8ccbd', '8359d7d1-d6d6-5995-962e-3f6566232911', 'HIRAGANA', 'おはようございます');
INSERT INTO "vocabulary"."linkages" ("vocabulary_id", "preferred_definition_id", "preferred_spelling_id", "phonetic_spelling_id", "alt_phonetic_spelling_id", "kanji_spelling_id", "conjugation_set_id") VALUES ('8359d7d1-d6d6-5995-962e-3f6566232911', '6abad41f-a910-5b39-ba47-b9ade701482d', 'e371d625-dd61-5fe6-b43e-f2b6c5542bc0', '11ed0fa7-5a75-5536-b4ad-539b1bd8ccbd', NULL, NULL, NULL);
INSERT INTO "vocabulary"."reference" ("vocabulary_id", "lesson_code") VALUES ('8359d7d1-d6d6-5995-962e-3f6566232911', 'GENKI3_L00');
-- こんにちは | Good afternoon --;
INSERT INTO "vocabulary"."vocabulary" ("id", "word_class_code", "conjugation_kind_code", "jlpt_level", "row_num", "tags", "date_added") VALUES ('4c55fd59-1160-52d2-8383-00f292668c1f', 'EXPRESSION', NULL, 3, 3, '{greeting}', '2022-04-24');
INSERT INTO "vocabulary"."definition" ("id", "vocabulary_id", "sort_rank", "value") VALUES ('70ec6aaa-36a9-5e1b-9807-c3bdfe9f433f', '4c55fd59-1160-52d2-8383-00f292668c1f', 1, 'Good afternoon');
INSERT INTO "vocabulary"."spelling" ("id", "vocabulary_id", "spelling_kind_code", "value") VALUES ('604ea9ca-2a13-5b91-a382-499b4ca0e032', '4c55fd59-1160-52d2-8383-00f292668c1f', 'HIRAGANA', 'こんにちは');
INSERT INTO "vocabulary"."spelling" ("id", "vocabulary_id", "spelling_kind_code", "value") VALUES ('384f8a23-fb9e-577d-908b-765a83a5aab4', '4c55fd59-1160-52d2-8383-00f292668c1f', 'HIRAGANA', 'こんにちは');
INSERT INTO "vocabulary"."linkages" ("vocabulary_id", "preferred_definition_id", "preferred_spelling_id", "phonetic_spelling_id", "alt_phonetic_spelling_id", "kanji_spelling_id", "conjugation_set_id") VALUES ('4c55fd59-1160-52d2-8383-00f292668c1f', '70ec6aaa-36a9-5e1b-9807-c3bdfe9f433f', '604ea9ca-2a13-5b91-a382-499b4ca0e032', '384f8a23-fb9e-577d-908b-765a83a5aab4', NULL, NULL, NULL);
INSERT INTO "vocabulary"."reference" ("vocabulary_id", "lesson_code") VALUES ('4c55fd59-1160-52d2-8383-00f292668c1f', 'DUO_01_02');
INSERT INTO "vocabulary"."reference" ("vocabulary_id", "lesson_code") VALUES ('4c55fd59-1160-52d2-8383-00f292668c1f', 'DUO_U01');
INSERT INTO "vocabulary"."reference" ("vocabulary_id", "lesson_code") VALUES ('4c55fd59-1160-52d2-8383-00f292668c1f', 'GENKI3_L00');
-- こんばんは | Good evening --;
INSERT INTO "vocabulary"."vocabulary" ("id", "word_class_code", "conjugation_kind_code", "jlpt_level", "row_num", "tags", "date_added") VALUES ('8d46e404-38ff-518c-a25d-cb95d6f2c511', 'EXPRESSION', NULL, 2, 4, '{greeting}', '2022-04-24');
INSERT INTO "vocabulary"."definition" ("id", "vocabulary_id", "sort_rank", "value") VALUES ('00cc802b-6141-53c6-be8b-9992f360ae8b', '8d46e404-38ff-518c-a25d-cb95d6f2c511', 1, 'Good evening');
INSERT INTO "vocabulary"."spelling" ("id", "vocabulary_id", "spelling_kind_code", "value") VALUES ('db5529b4-650f-5ebf-bad4-674ca139a14f', '8d46e404-38ff-518c-a25d-cb95d6f2c511', 'HIRAGANA', 'こんばんは');
INSERT INTO "vocabulary"."spelling" ("id", "vocabulary_id", "spelling_kind_code", "value") VALUES ('6dce7fc7-d935-5a78-b543-4b7afe663d5f', '8d46e404-38ff-518c-a25d-cb95d6f2c511', 'HIRAGANA', 'こんばんは');
INSERT INTO "vocabulary"."linkages" ("vocabulary_id", "preferred_definition_id", "preferred_spelling_id", "phonetic_spelling_id", "alt_phonetic_spelling_id", "kanji_spelling_id", "conjugation_set_id") VALUES ('8d46e404-38ff-518c-a25d-cb95d6f2c511', '00cc802b-6141-53c6-be8b-9992f360ae8b', 'db5529b4-650f-5ebf-bad4-674ca139a14f', '6dce7fc7-d935-5a78-b543-4b7afe663d5f', NULL, NULL, NULL);
INSERT INTO "vocabulary"."reference" ("vocabulary_id", "lesson_code") VALUES ('8d46e404-38ff-518c-a25d-cb95d6f2c511', 'GENKI3_L00');
-- さようなら | Goodbye --;
INSERT INTO "vocabulary"."vocabulary" ("id", "word_class_code", "conjugation_kind_code", "jlpt_level", "row_num", "tags", "date_added") VALUES ('1184380a-27db-5f8e-841d-7b105c2a7366', 'EXPRESSION', NULL, 2, 5, '{greeting}', '2022-04-24');
INSERT INTO "vocabulary"."definition" ("id", "vocabulary_id", "sort_rank", "value") VALUES ('e9fad67a-69c8-56d7-acc9-a1452986fa56', '1184380a-27db-5f8e-841d-7b105c2a7366', 1, 'Goodbye');
INSERT INTO "vocabulary"."spelling" ("id", "vocabulary_id", "spelling_kind_code", "value") VALUES ('4c463b7b-b4c4-529c-9c6f-66be293f5072', '1184380a-27db-5f8e-841d-7b105c2a7366', 'HIRAGANA', 'さようなら');
INSERT INTO "vocabulary"."spelling" ("id", "vocabulary_id", "spelling_kind_code", "value") VALUES ('119c5309-1e88-5096-a4c7-a9cfca2afc89', '1184380a-27db-5f8e-841d-7b105c2a7366', 'HIRAGANA', 'さようなら');
INSERT INTO "vocabulary"."linkages" ("vocabulary_id", "preferred_definition_id", "preferred_spelling_id", "phonetic_spelling_id", "alt_phonetic_spelling_id", "kanji_spelling_id", "conjugation_set_id") VALUES ('1184380a-27db-5f8e-841d-7b105c2a7366', 'e9fad67a-69c8-56d7-acc9-a1452986fa56', '4c463b7b-b4c4-529c-9c6f-66be293f5072', '119c5309-1e88-5096-a4c7-a9cfca2afc89', NULL, NULL, NULL);
INSERT INTO "vocabulary"."reference" ("vocabulary_id", "lesson_code") VALUES ('1184380a-27db-5f8e-841d-7b105c2a7366', 'DUO_01_02');
INSERT INTO "vocabulary"."reference" ("vocabulary_id", "lesson_code") VALUES ('1184380a-27db-5f8e-841d-7b105c2a7366', 'DUO_U01');
INSERT INTO "vocabulary"."reference" ("vocabulary_id", "lesson_code") VALUES ('1184380a-27db-5f8e-841d-7b105c2a7366', 'GENKI3_L00');
-- おやすみ | Goodnight --;
INSERT INTO "vocabulary"."vocabulary" ("id", "word_class_code", "conjugation_kind_code", "jlpt_level", "row_num", "tags", "date_added") VALUES ('3ecfb07b-0a66-555c-97c4-5af7cb806507', 'EXPRESSION', NULL, 2, 6, '{greeting}', '2022-04-24');
INSERT INTO "vocabulary"."definition" ("id", "vocabulary_id", "sort_rank", "value") VALUES ('3f8a5aef-4518-587a-b645-9efe56c97c72', '3ecfb07b-0a66-555c-97c4-5af7cb806507', 1, 'Goodnight');
INSERT INTO "vocabulary"."spelling" ("id", "vocabulary_id", "spelling_kind_code", "value") VALUES ('4216dcbf-e450-5776-9841-28b0c3d966b2', '3ecfb07b-0a66-555c-97c4-5af7cb806507', 'HIRAGANA', 'おやすみ');
INSERT INTO "vocabulary"."spelling" ("id", "vocabulary_id", "spelling_kind_code", "value") VALUES ('19ef60e7-abaa-56a1-af80-0f3e59c7275b', '3ecfb07b-0a66-555c-97c4-5af7cb806507', 'HIRAGANA', 'おやすみ');
INSERT INTO "vocabulary"."linkages" ("vocabulary_id", "preferred_definition_id", "preferred_spelling_id", "phonetic_spelling_id", "alt_phonetic_spelling_id", "kanji_spelling_id", "conjugation_set_id") VALUES ('3ecfb07b-0a66-555c-97c4-5af7cb806507', '3f8a5aef-4518-587a-b645-9efe56c97c72', '4216dcbf-e450-5776-9841-28b0c3d966b2', '19ef60e7-abaa-56a1-af80-0f3e59c7275b', NULL, NULL, NULL);
INSERT INTO "vocabulary"."reference" ("vocabulary_id", "lesson_code") VALUES ('3ecfb07b-0a66-555c-97c4-5af7cb806507', 'GENKI3_L00');
-- おやすみなさい | Goodnight (polite) --;
INSERT INTO "vocabulary"."vocabulary" ("id", "word_class_code", "conjugation_kind_code", "jlpt_level", "row_num", "tags", "date_added") VALUES ('a419bb62-f061-5ac6-856b-6f85002642c6', 'EXPRESSION', NULL, NULL, 7, '{greeting}', '2022-04-24');
INSERT INTO "vocabulary"."definition" ("id", "vocabulary_id", "sort_rank", "value") VALUES ('1ef208a6-2b55-5214-9159-b189ac254e79', 'a419bb62-f061-5ac6-856b-6f85002642c6', 1, 'Goodnight (polite)');
INSERT INTO "vocabulary"."spelling" ("id", "vocabulary_id", "spelling_kind_code", "value") VALUES ('5abff3ed-080a-577e-8b4f-685ba2e360e7', 'a419bb62-f061-5ac6-856b-6f85002642c6', 'HIRAGANA', 'おやすみなさい');
INSERT INTO "vocabulary"."spelling" ("id", "vocabulary_id", "spelling_kind_code", "value") VALUES ('5dbe3f46-5354-5b8f-9027-ca3695327d62', 'a419bb62-f061-5ac6-856b-6f85002642c6', 'HIRAGANA', 'おやすみなさい');
INSERT INTO "vocabulary"."linkages" ("vocabulary_id", "preferred_definition_id", "preferred_spelling_id", "phonetic_spelling_id", "alt_phonetic_spelling_id", "kanji_spelling_id", "conjugation_set_id") VALUES ('a419bb62-f061-5ac6-856b-6f85002642c6', '1ef208a6-2b55-5214-9159-b189ac254e79', '5abff3ed-080a-577e-8b4f-685ba2e360e7', '5dbe3f46-5354-5b8f-9027-ca3695327d62', NULL, NULL, NULL);
INSERT INTO "vocabulary"."reference" ("vocabulary_id", "lesson_code") VALUES ('a419bb62-f061-5ac6-856b-6f85002642c6', 'GENKI3_L00');
-- ありがとう | Thank you --;
INSERT INTO "vocabulary"."vocabulary" ("id", "word_class_code", "conjugation_kind_code", "jlpt_level", "row_num", "tags", "date_added") VALUES ('c7a645f7-256a-536a-a5ee-5f85e8ce1137', 'EXPRESSION', NULL, 3, 8, '{greeting}', '2022-04-24');
INSERT INTO "vocabulary"."definition" ("id", "vocabulary_id", "sort_rank", "value") VALUES ('ab23273f-b379-5e9e-9ead-b451928bb628', 'c7a645f7-256a-536a-a5ee-5f85e8ce1137', 1, 'Thank you');
INSERT INTO "vocabulary"."spelling" ("id", "vocabulary_id", "spelling_kind_code", "value") VALUES ('af07a03b-0eb2-5d76-acc0-cfa43cd925e8', 'c7a645f7-256a-536a-a5ee-5f85e8ce1137', 'HIRAGANA', 'ありがとう');
INSERT INTO "vocabulary"."spelling" ("id", "vocabulary_id", "spelling_kind_code", "value") VALUES ('c5e7594d-a0ac-58b3-830a-c6a871ac2aac', 'c7a645f7-256a-536a-a5ee-5f85e8ce1137', 'HIRAGANA', 'ありがとう');
INSERT INTO "vocabulary"."spelling" ("id", "vocabulary_id", "spelling_kind_code", "value") VALUES ('bef993d7-7718-5489-b079-4c15b3533275', 'c7a645f7-256a-536a-a5ee-5f85e8ce1137', 'KANJI', '有り難う');
INSERT INTO "vocabulary"."linkages" ("vocabulary_id", "preferred_definition_id", "preferred_spelling_id", "phonetic_spelling_id", "alt_phonetic_spelling_id", "kanji_spelling_id", "conjugation_set_id") VALUES ('c7a645f7-256a-536a-a5ee-5f85e8ce1137', 'ab23273f-b379-5e9e-9ead-b451928bb628', 'af07a03b-0eb2-5d76-acc0-cfa43cd925e8', 'c5e7594d-a0ac-58b3-830a-c6a871ac2aac', NULL, 'bef993d7-7718-5489-b079-4c15b3533275', NULL);
INSERT INTO "vocabulary"."reference" ("vocabulary_id", "lesson_code") VALUES ('c7a645f7-256a-536a-a5ee-5f85e8ce1137', 'GENKI3_L00');
-- ありがとうございます | Thank you (polite) --;
INSERT INTO "vocabulary"."vocabulary" ("id", "word_class_code", "conjugation_kind_code", "jlpt_level", "row_num", "tags", "date_added") VALUES ('b626308d-6418-5a2c-9151-7a8a368f27a3', 'EXPRESSION', NULL, NULL, 9, '{greeting}', '2022-04-24');
INSERT INTO "vocabulary"."definition" ("id", "vocabulary_id", "sort_rank", "value") VALUES ('e5c38ea7-cfce-5a33-a4cc-6d4b4f3ce678', 'b626308d-6418-5a2c-9151-7a8a368f27a3', 1, 'Thank you (polite)');
INSERT INTO "vocabulary"."spelling" ("id", "vocabulary_id", "spelling_kind_code", "value") VALUES ('20c1e5dc-9e9a-5da7-9f2a-c7d718b38445', 'b626308d-6418-5a2c-9151-7a8a368f27a3', 'HIRAGANA', 'ありがとうございます');
INSERT INTO "vocabulary"."spelling" ("id", "vocabulary_id", "spelling_kind_code", "value") VALUES ('3ca5ac2a-6baf-5026-aed5-5abb065310b6', 'b626308d-6418-5a2c-9151-7a8a368f27a3', 'HIRAGANA', 'ありがとうございます');
INSERT INTO "vocabulary"."spelling" ("id", "vocabulary_id", "spelling_kind_code", "value") VALUES ('fb3791fd-3ef6-5ab8-8b79-1efa2ce5144a', 'b626308d-6418-5a2c-9151-7a8a368f27a3', 'KANJI', '有難うございます');
INSERT INTO "vocabulary"."linkages" ("vocabulary_id", "preferred_definition_id", "preferred_spelling_id", "phonetic_spelling_id", "alt_phonetic_spelling_id", "kanji_spelling_id", "conjugation_set_id") VALUES ('b626308d-6418-5a2c-9151-7a8a368f27a3', 'e5c38ea7-cfce-5a33-a4cc-6d4b4f3ce678', '20c1e5dc-9e9a-5da7-9f2a-c7d718b38445', '3ca5ac2a-6baf-5026-aed5-5abb065310b6', NULL, 'fb3791fd-3ef6-5ab8-8b79-1efa2ce5144a', NULL);
INSERT INTO "vocabulary"."reference" ("vocabulary_id", "lesson_code") VALUES ('b626308d-6418-5a2c-9151-7a8a368f27a3', 'GENKI3_L00');
-- 行ってきます | I'll go and come back --;
INSERT INTO "vocabulary"."vocabulary" ("id", "word_class_code", "conjugation_kind_code", "jlpt_level", "row_num", "tags", "date_added") VALUES ('1913dbc6-4712-549a-9274-dc3511cecbfe', 'EXPRESSION', NULL, NULL, 10, '{greeting}', '2022-04-24');
INSERT INTO "vocabulary"."definition" ("id", "vocabulary_id", "sort_rank", "value") VALUES ('6648ace8-403c-5de2-b346-f65331b6fdde', '1913dbc6-4712-549a-9274-dc3511cecbfe', 1, 'I''ll go and come back');
INSERT INTO "vocabulary"."spelling" ("id", "vocabulary_id", "spelling_kind_code", "value") VALUES ('91adfe87-343c-55f8-8bdd-0a16f7e7a6cb', '1913dbc6-4712-549a-9274-dc3511cecbfe', 'KANJI', '行ってきます');
INSERT INTO "vocabulary"."spelling" ("id", "vocabulary_id", "spelling_kind_code", "value") VALUES ('8ecb31aa-3650-5232-8c2b-a0f1ffa6c640', '1913dbc6-4712-549a-9274-dc3511cecbfe', 'HIRAGANA', 'いってきます');
INSERT INTO "vocabulary"."spelling" ("id", "vocabulary_id", "spelling_kind_code", "value") VALUES ('cc8a33ef-577f-5dfa-b388-9aa936e42dc6', '1913dbc6-4712-549a-9274-dc3511cecbfe', 'KANJI', '行ってきます');
INSERT INTO "vocabulary"."linkages" ("vocabulary_id", "preferred_definition_id", "preferred_spelling_id", "phonetic_spelling_id", "alt_phonetic_spelling_id", "kanji_spelling_id", "conjugation_set_id") VALUES ('1913dbc6-4712-549a-9274-dc3511cecbfe', '6648ace8-403c-5de2-b346-f65331b6fdde', '91adfe87-343c-55f8-8bdd-0a16f7e7a6cb', '8ecb31aa-3650-5232-8c2b-a0f1ffa6c640', NULL, 'cc8a33ef-577f-5dfa-b388-9aa936e42dc6', NULL);
INSERT INTO "vocabulary"."reference" ("vocabulary_id", "lesson_code") VALUES ('1913dbc6-4712-549a-9274-dc3511cecbfe', 'GENKI3_L00');
-- いってらっしゃい | Please go and come back --;
INSERT INTO "vocabulary"."vocabulary" ("id", "word_class_code", "conjugation_kind_code", "jlpt_level", "row_num", "tags", "date_added") VALUES ('e7161fcf-fbaf-5971-8adb-70745ae24103', 'EXPRESSION', NULL, 2, 11, '{greeting}', '2022-04-24');
INSERT INTO "vocabulary"."definition" ("id", "vocabulary_id", "sort_rank", "value") VALUES ('ce50f5f1-04e6-5df4-86d2-b17b6eb7cb45', 'e7161fcf-fbaf-5971-8adb-70745ae24103', 1, 'Please go and come back');
INSERT INTO "vocabulary"."spelling" ("id", "vocabulary_id", "spelling_kind_code", "value") VALUES ('ca834af2-1fdb-5e08-b313-1cce81a88421', 'e7161fcf-fbaf-5971-8adb-70745ae24103', 'HIRAGANA', 'いってらっしゃい');
INSERT INTO "vocabulary"."spelling" ("id", "vocabulary_id", "spelling_kind_code", "value") VALUES ('903391a4-0e21-5937-a89f-78afe5da8811', 'e7161fcf-fbaf-5971-8adb-70745ae24103', 'HIRAGANA', 'いってらっしゃい');
INSERT INTO "vocabulary"."linkages" ("vocabulary_id", "preferred_definition_id", "preferred_spelling_id", "phonetic_spelling_id", "alt_phonetic_spelling_id", "kanji_spelling_id", "conjugation_set_id") VALUES ('e7161fcf-fbaf-5971-8adb-70745ae24103', 'ce50f5f1-04e6-5df4-86d2-b17b6eb7cb45', 'ca834af2-1fdb-5e08-b313-1cce81a88421', '903391a4-0e21-5937-a89f-78afe5da8811', NULL, NULL, NULL);
INSERT INTO "vocabulary"."reference" ("vocabulary_id", "lesson_code") VALUES ('e7161fcf-fbaf-5971-8adb-70745ae24103', 'GENKI3_L00');
-- ただいま | I'm home --;
INSERT INTO "vocabulary"."vocabulary" ("id", "word_class_code", "conjugation_kind_code", "jlpt_level", "row_num", "tags", "date_added") VALUES ('c2a4dbcf-dba1-5e27-964f-5e2f7b358725', 'EXPRESSION', NULL, NULL, 12, '{greeting}', '2022-04-24');
INSERT INTO "vocabulary"."definition" ("id", "vocabulary_id", "sort_rank", "value") VALUES ('b2258fd8-2b05-57aa-9bcd-e77421f36eec', 'c2a4dbcf-dba1-5e27-964f-5e2f7b358725', 1, 'I''m home');
INSERT INTO "vocabulary"."spelling" ("id", "vocabulary_id", "spelling_kind_code", "value") VALUES ('efdbb88d-07df-52e2-8862-d72cfc9cb2e8', 'c2a4dbcf-dba1-5e27-964f-5e2f7b358725', 'HIRAGANA', 'ただいま');
INSERT INTO "vocabulary"."spelling" ("id", "vocabulary_id", "spelling_kind_code", "value") VALUES ('5c68c223-2e63-55ac-9b92-5c9dcd8ff833', 'c2a4dbcf-dba1-5e27-964f-5e2f7b358725', 'HIRAGANA', 'ただいま');
INSERT INTO "vocabulary"."linkages" ("vocabulary_id", "preferred_definition_id", "preferred_spelling_id", "phonetic_spelling_id", "alt_phonetic_spelling_id", "kanji_spelling_id", "conjugation_set_id") VALUES ('c2a4dbcf-dba1-5e27-964f-5e2f7b358725', 'b2258fd8-2b05-57aa-9bcd-e77421f36eec', 'efdbb88d-07df-52e2-8862-d72cfc9cb2e8', '5c68c223-2e63-55ac-9b92-5c9dcd8ff833', NULL, NULL, NULL);
INSERT INTO "vocabulary"."reference" ("vocabulary_id", "lesson_code") VALUES ('c2a4dbcf-dba1-5e27-964f-5e2f7b358725', 'GENKI3_L00');
-- お帰り | Welcome home --;
INSERT INTO "vocabulary"."vocabulary" ("id", "word_class_code", "conjugation_kind_code", "jlpt_level", "row_num", "tags", "date_added") VALUES ('b06abb09-c9bd-5beb-a7b7-d184bedf72ca', 'EXPRESSION', NULL, 2, 13, '{greeting}', '2022-04-24');
INSERT INTO "vocabulary"."definition" ("id", "vocabulary_id", "sort_rank", "value") VALUES ('9d7f69ac-2396-5453-a104-e3e18b44fba6', 'b06abb09-c9bd-5beb-a7b7-d184bedf72ca', 1, 'Welcome home');
INSERT INTO "vocabulary"."spelling" ("id", "vocabulary_id", "spelling_kind_code", "value") VALUES ('1e7117d3-2abe-5a1e-b26e-04d143cd4d4d', 'b06abb09-c9bd-5beb-a7b7-d184bedf72ca', 'KANJI', 'お帰り');
INSERT INTO "vocabulary"."spelling" ("id", "vocabulary_id", "spelling_kind_code", "value") VALUES ('3ea06def-86a5-5901-ab6d-a72fd01efb60', 'b06abb09-c9bd-5beb-a7b7-d184bedf72ca', 'HIRAGANA', 'おかえり');
INSERT INTO "vocabulary"."spelling" ("id", "vocabulary_id", "spelling_kind_code", "value") VALUES ('f3c38c78-0c7c-5d6b-82fe-c994d0faccad', 'b06abb09-c9bd-5beb-a7b7-d184bedf72ca', 'KANJI', 'お帰り');
INSERT INTO "vocabulary"."linkages" ("vocabulary_id", "preferred_definition_id", "preferred_spelling_id", "phonetic_spelling_id", "alt_phonetic_spelling_id", "kanji_spelling_id", "conjugation_set_id") VALUES ('b06abb09-c9bd-5beb-a7b7-d184bedf72ca', '9d7f69ac-2396-5453-a104-e3e18b44fba6', '1e7117d3-2abe-5a1e-b26e-04d143cd4d4d', '3ea06def-86a5-5901-ab6d-a72fd01efb60', NULL, 'f3c38c78-0c7c-5d6b-82fe-c994d0faccad', NULL);
INSERT INTO "vocabulary"."reference" ("vocabulary_id", "lesson_code") VALUES ('b06abb09-c9bd-5beb-a7b7-d184bedf72ca', 'GENKI3_L00');
-- お帰りなさい | Welcome home (polite) --;
INSERT INTO "vocabulary"."vocabulary" ("id", "word_class_code", "conjugation_kind_code", "jlpt_level", "row_num", "tags", "date_added") VALUES ('47b08527-885b-50bb-b538-180dc308199a', 'EXPRESSION', NULL, NULL, 14, '{greeting}', '2022-04-24');
INSERT INTO "vocabulary"."definition" ("id", "vocabulary_id", "sort_rank", "value") VALUES ('fe2a0102-4c79-5261-b46a-5d34f0c2faa6', '47b08527-885b-50bb-b538-180dc308199a', 1, 'Welcome home (polite)');
INSERT INTO "vocabulary"."spelling" ("id", "vocabulary_id", "spelling_kind_code", "value") VALUES ('bd8340ae-5486-554e-b8e0-d743cd3d2ca5', '47b08527-885b-50bb-b538-180dc308199a', 'KANJI', 'お帰りなさい');
INSERT INTO "vocabulary"."spelling" ("id", "vocabulary_id", "spelling_kind_code", "value") VALUES ('b8fa717b-1272-5beb-b251-358d829bf7f1', '47b08527-885b-50bb-b538-180dc308199a', 'HIRAGANA', 'おかえりなさい');
INSERT INTO "vocabulary"."spelling" ("id", "vocabulary_id", "spelling_kind_code", "value") VALUES ('426413f3-1398-5a28-9214-1bfc3b2f01ae', '47b08527-885b-50bb-b538-180dc308199a', 'KANJI', 'お帰りなさい');
INSERT INTO "vocabulary"."linkages" ("vocabulary_id", "preferred_definition_id", "preferred_spelling_id", "phonetic_spelling_id", "alt_phonetic_spelling_id", "kanji_spelling_id", "conjugation_set_id") VALUES ('47b08527-885b-50bb-b538-180dc308199a', 'fe2a0102-4c79-5261-b46a-5d34f0c2faa6', 'bd8340ae-5486-554e-b8e0-d743cd3d2ca5', 'b8fa717b-1272-5beb-b251-358d829bf7f1', NULL, '426413f3-1398-5a28-9214-1bfc3b2f01ae', NULL);
INSERT INTO "vocabulary"."reference" ("vocabulary_id", "lesson_code") VALUES ('47b08527-885b-50bb-b538-180dc308199a', 'GENKI3_L00');
-- いただきます | Thank you for the meal (before) --;
INSERT INTO "vocabulary"."vocabulary" ("id", "word_class_code", "conjugation_kind_code", "jlpt_level", "row_num", "tags", "date_added") VALUES ('797b03e3-1495-52c0-baf4-ffb9cb324089', 'EXPRESSION', NULL, 3, 15, '{greeting}', '2022-04-24');
INSERT INTO "vocabulary"."definition" ("id", "vocabulary_id", "sort_rank", "value") VALUES ('89f757af-5950-52ca-bf5f-74eed857f0a6', '797b03e3-1495-52c0-baf4-ffb9cb324089', 1, 'Thank you for the meal (before)');
INSERT INTO "vocabulary"."spelling" ("id", "vocabulary_id", "spelling_kind_code", "value") VALUES ('4357718a-3d83-547d-938b-8b622f70f0a5', '797b03e3-1495-52c0-baf4-ffb9cb324089', 'HIRAGANA', 'いただきます');
INSERT INTO "vocabulary"."spelling" ("id", "vocabulary_id", "spelling_kind_code", "value") VALUES ('bf9bd497-7acb-5297-a5c7-43907ffec75a', '797b03e3-1495-52c0-baf4-ffb9cb324089', 'HIRAGANA', 'いただきます');
INSERT INTO "vocabulary"."linkages" ("vocabulary_id", "preferred_definition_id", "preferred_spelling_id", "phonetic_spelling_id", "alt_phonetic_spelling_id", "kanji_spelling_id", "conjugation_set_id") VALUES ('797b03e3-1495-52c0-baf4-ffb9cb324089', '89f757af-5950-52ca-bf5f-74eed857f0a6', '4357718a-3d83-547d-938b-8b622f70f0a5', 'bf9bd497-7acb-5297-a5c7-43907ffec75a', NULL, NULL, NULL);
INSERT INTO "vocabulary"."reference" ("vocabulary_id", "lesson_code") VALUES ('797b03e3-1495-52c0-baf4-ffb9cb324089', 'GENKI3_L00');
-- ごちそうさま | Thank you for the meal (after) --;
INSERT INTO "vocabulary"."vocabulary" ("id", "word_class_code", "conjugation_kind_code", "jlpt_level", "row_num", "tags", "date_added") VALUES ('59bad243-8b31-54f3-9d7b-6de0961bc059', 'EXPRESSION', NULL, 2, 16, '{greeting}', '2022-04-24');
INSERT INTO "vocabulary"."definition" ("id", "vocabulary_id", "sort_rank", "value") VALUES ('a142b920-5a2b-5c83-ac9c-151296952336', '59bad243-8b31-54f3-9d7b-6de0961bc059', 1, 'Thank you for the meal (after)');
INSERT INTO "vocabulary"."spelling" ("id", "vocabulary_id", "spelling_kind_code", "value") VALUES ('9e5a2026-3eef-58f0-8162-b1129ac77c5e', '59bad243-8b31-54f3-9d7b-6de0961bc059', 'HIRAGANA', 'ごちそうさま');
INSERT INTO "vocabulary"."spelling" ("id", "vocabulary_id", "spelling_kind_code", "value") VALUES ('a11d2a9a-7b54-5664-b632-5cf4ec90575e', '59bad243-8b31-54f3-9d7b-6de0961bc059', 'HIRAGANA', 'ごちそうさま');
INSERT INTO "vocabulary"."linkages" ("vocabulary_id", "preferred_definition_id", "preferred_spelling_id", "phonetic_spelling_id", "alt_phonetic_spelling_id", "kanji_spelling_id", "conjugation_set_id") VALUES ('59bad243-8b31-54f3-9d7b-6de0961bc059', 'a142b920-5a2b-5c83-ac9c-151296952336', '9e5a2026-3eef-58f0-8162-b1129ac77c5e', 'a11d2a9a-7b54-5664-b632-5cf4ec90575e', NULL, NULL, NULL);
INSERT INTO "vocabulary"."reference" ("vocabulary_id", "lesson_code") VALUES ('59bad243-8b31-54f3-9d7b-6de0961bc059', 'GENKI3_L00');
-- ごちそうさまでした | Thank you for the meal (after, polite) --;
INSERT INTO "vocabulary"."vocabulary" ("id", "word_class_code", "conjugation_kind_code", "jlpt_level", "row_num", "tags", "date_added") VALUES ('05436324-1858-5a2f-a2a1-a41d00f862cc', 'EXPRESSION', NULL, NULL, 17, '{greeting}', '2022-04-24');
INSERT INTO "vocabulary"."definition" ("id", "vocabulary_id", "sort_rank", "value") VALUES ('943dadce-c1a8-5830-a419-8b998a94181c', '05436324-1858-5a2f-a2a1-a41d00f862cc', 1, 'Thank you for the meal (after, polite)');
INSERT INTO "vocabulary"."spelling" ("id", "vocabulary_id", "spelling_kind_code", "value") VALUES ('7ce3a75b-b88e-52d7-832d-a7a97e19689a', '05436324-1858-5a2f-a2a1-a41d00f862cc', 'HIRAGANA', 'ごちそうさまでした');
INSERT INTO "vocabulary"."spelling" ("id", "vocabulary_id", "spelling_kind_code", "value") VALUES ('0f8516b4-ccbf-5523-804c-4bd83acdd8c5', '05436324-1858-5a2f-a2a1-a41d00f862cc', 'HIRAGANA', 'ごちそうさまでした');
INSERT INTO "vocabulary"."linkages" ("vocabulary_id", "preferred_definition_id", "preferred_spelling_id", "phonetic_spelling_id", "alt_phonetic_spelling_id", "kanji_spelling_id", "conjugation_set_id") VALUES ('05436324-1858-5a2f-a2a1-a41d00f862cc', '943dadce-c1a8-5830-a419-8b998a94181c', '7ce3a75b-b88e-52d7-832d-a7a97e19689a', '0f8516b4-ccbf-5523-804c-4bd83acdd8c5', NULL, NULL, NULL);
INSERT INTO "vocabulary"."reference" ("vocabulary_id", "lesson_code") VALUES ('05436324-1858-5a2f-a2a1-a41d00f862cc', 'GENKI3_L00');
-- はじめまして | How do you do?; I am glad to meet you --;
INSERT INTO "vocabulary"."vocabulary" ("id", "word_class_code", "conjugation_kind_code", "jlpt_level", "row_num", "tags", "date_added") VALUES ('136d6d6d-0487-5709-ac27-2c376bfebd43', 'EXPRESSION', NULL, 2, 18, '{greeting}', '2022-04-24');
INSERT INTO "vocabulary"."definition" ("id", "vocabulary_id", "sort_rank", "value") VALUES ('c7b7cce0-557c-5548-881e-df6b2492a2f1', '136d6d6d-0487-5709-ac27-2c376bfebd43', 1, 'How do you do?; I am glad to meet you');
INSERT INTO "vocabulary"."spelling" ("id", "vocabulary_id", "spelling_kind_code", "value") VALUES ('668e94d7-86e5-53e2-8c11-a18271e158d5', '136d6d6d-0487-5709-ac27-2c376bfebd43', 'HIRAGANA', 'はじめまして');
INSERT INTO "vocabulary"."spelling" ("id", "vocabulary_id", "spelling_kind_code", "value") VALUES ('0c8d3999-99c8-5935-a9f2-d9738961553d', '136d6d6d-0487-5709-ac27-2c376bfebd43', 'HIRAGANA', 'はじめまして');
INSERT INTO "vocabulary"."linkages" ("vocabulary_id", "preferred_definition_id", "preferred_spelling_id", "phonetic_spelling_id", "alt_phonetic_spelling_id", "kanji_spelling_id", "conjugation_set_id") VALUES ('136d6d6d-0487-5709-ac27-2c376bfebd43', 'c7b7cce0-557c-5548-881e-df6b2492a2f1', '668e94d7-86e5-53e2-8c11-a18271e158d5', '0c8d3999-99c8-5935-a9f2-d9738961553d', NULL, NULL, NULL);
INSERT INTO "vocabulary"."reference" ("vocabulary_id", "lesson_code") VALUES ('136d6d6d-0487-5709-ac27-2c376bfebd43', 'GENKI3_L00');
-- よろしくお願いします | Nice to meet you; i'm counting on you --;
INSERT INTO "vocabulary"."vocabulary" ("id", "word_class_code", "conjugation_kind_code", "jlpt_level", "row_num", "tags", "date_added") VALUES ('ddd5fd1f-f041-576c-a479-d8d9a3221370', 'EXPRESSION', NULL, NULL, 19, '{greeting}', '2022-04-24');
INSERT INTO "vocabulary"."definition" ("id", "vocabulary_id", "sort_rank", "value") VALUES ('fbea741e-2b2f-55c4-a1d8-7ca9f83bb4e9', 'ddd5fd1f-f041-576c-a479-d8d9a3221370', 1, 'Nice to meet you; i''m counting on you');
INSERT INTO "vocabulary"."spelling" ("id", "vocabulary_id", "spelling_kind_code", "value") VALUES ('54a968bc-afcc-5e43-b6b6-b3d2bd46eeba', 'ddd5fd1f-f041-576c-a479-d8d9a3221370', 'KANJI', 'よろしくお願いします');
INSERT INTO "vocabulary"."spelling" ("id", "vocabulary_id", "spelling_kind_code", "value") VALUES ('055f52ac-d788-5eb7-bc2b-7845353e85f5', 'ddd5fd1f-f041-576c-a479-d8d9a3221370', 'HIRAGANA', 'よろしくおねがいします');
INSERT INTO "vocabulary"."spelling" ("id", "vocabulary_id", "spelling_kind_code", "value") VALUES ('9113cfe5-2b13-5f85-ac06-8a5f82ac16fa', 'ddd5fd1f-f041-576c-a479-d8d9a3221370', 'KANJI', 'よろしくお願いします');
INSERT INTO "vocabulary"."linkages" ("vocabulary_id", "preferred_definition_id", "preferred_spelling_id", "phonetic_spelling_id", "alt_phonetic_spelling_id", "kanji_spelling_id", "conjugation_set_id") VALUES ('ddd5fd1f-f041-576c-a479-d8d9a3221370', 'fbea741e-2b2f-55c4-a1d8-7ca9f83bb4e9', '54a968bc-afcc-5e43-b6b6-b3d2bd46eeba', '055f52ac-d788-5eb7-bc2b-7845353e85f5', NULL, '9113cfe5-2b13-5f85-ac06-8a5f82ac16fa', NULL);
INSERT INTO "vocabulary"."reference" ("vocabulary_id", "lesson_code") VALUES ('ddd5fd1f-f041-576c-a479-d8d9a3221370', 'GENKI3_L00');
-- 大学 | college; university --;
INSERT INTO "vocabulary"."vocabulary" ("id", "word_class_code", "conjugation_kind_code", "jlpt_level", "row_num", "tags", "date_added") VALUES ('d43cc787-37af-5dd1-92b5-fc756f18298a', 'NOUN', NULL, 5, 20, '{place,school}', '2022-04-24');
INSERT INTO "vocabulary"."definition" ("id", "vocabulary_id", "sort_rank", "value") VALUES ('675778cc-ee97-5655-a9f2-b59e573c7c80', 'd43cc787-37af-5dd1-92b5-fc756f18298a', 1, 'college; university');
INSERT INTO "vocabulary"."spelling" ("id", "vocabulary_id", "spelling_kind_code", "value") VALUES ('84318d00-af9c-5558-9f64-59264f347a24', 'd43cc787-37af-5dd1-92b5-fc756f18298a', 'KANJI', '大学');
INSERT INTO "vocabulary"."spelling" ("id", "vocabulary_id", "spelling_kind_code", "value") VALUES ('dcbd9b62-71be-53e8-be5b-290789559267', 'd43cc787-37af-5dd1-92b5-fc756f18298a', 'HIRAGANA', 'だいがく');
INSERT INTO "vocabulary"."spelling" ("id", "vocabulary_id", "spelling_kind_code", "value") VALUES ('24acf78c-13ad-514c-845f-44742996453b', 'd43cc787-37af-5dd1-92b5-fc756f18298a', 'KANJI', '大学');
INSERT INTO "vocabulary"."linkages" ("vocabulary_id", "preferred_definition_id", "preferred_spelling_id", "phonetic_spelling_id", "alt_phonetic_spelling_id", "kanji_spelling_id", "conjugation_set_id") VALUES ('d43cc787-37af-5dd1-92b5-fc756f18298a', '675778cc-ee97-5655-a9f2-b59e573c7c80', '84318d00-af9c-5558-9f64-59264f347a24', 'dcbd9b62-71be-53e8-be5b-290789559267', NULL, '24acf78c-13ad-514c-845f-44742996453b', NULL);
INSERT INTO "vocabulary"."reference" ("vocabulary_id", "lesson_code") VALUES ('d43cc787-37af-5dd1-92b5-fc756f18298a', 'DUO_02_05');
INSERT INTO "vocabulary"."reference" ("vocabulary_id", "lesson_code") VALUES ('d43cc787-37af-5dd1-92b5-fc756f18298a', 'DUO_U08');
INSERT INTO "vocabulary"."reference" ("vocabulary_id", "lesson_code") VALUES ('d43cc787-37af-5dd1-92b5-fc756f18298a', 'GENKI3_L01');
-- 高校 | high school --;
INSERT INTO "vocabulary"."vocabulary" ("id", "word_class_code", "conjugation_kind_code", "jlpt_level", "row_num", "tags", "date_added") VALUES ('3c890a54-15f9-56e1-9bd5-3c91274b6246', 'NOUN', NULL, 4, 21, '{place,school}', '2022-04-24');
INSERT INTO "vocabulary"."definition" ("id", "vocabulary_id", "sort_rank", "value") VALUES ('087dba10-cab8-5bac-8648-62625261a1a2', '3c890a54-15f9-56e1-9bd5-3c91274b6246', 1, 'high school');
INSERT INTO "vocabulary"."spelling" ("id", "vocabulary_id", "spelling_kind_code", "value") VALUES ('12ab0194-8009-5072-a6f5-971bf3ada176', '3c890a54-15f9-56e1-9bd5-3c91274b6246', 'KANJI', '高校');
INSERT INTO "vocabulary"."spelling" ("id", "vocabulary_id", "spelling_kind_code", "value") VALUES ('3ad75bcc-08ea-5879-85e8-f37672bb1ecc', '3c890a54-15f9-56e1-9bd5-3c91274b6246', 'HIRAGANA', 'こうこう');
INSERT INTO "vocabulary"."spelling" ("id", "vocabulary_id", "spelling_kind_code", "value") VALUES ('a4483db0-e567-5cd1-88b0-f9a47d273aa5', '3c890a54-15f9-56e1-9bd5-3c91274b6246', 'KANJI', '高校');
INSERT INTO "vocabulary"."linkages" ("vocabulary_id", "preferred_definition_id", "preferred_spelling_id", "phonetic_spelling_id", "alt_phonetic_spelling_id", "kanji_spelling_id", "conjugation_set_id") VALUES ('3c890a54-15f9-56e1-9bd5-3c91274b6246', '087dba10-cab8-5bac-8648-62625261a1a2', '12ab0194-8009-5072-a6f5-971bf3ada176', '3ad75bcc-08ea-5879-85e8-f37672bb1ecc', NULL, 'a4483db0-e567-5cd1-88b0-f9a47d273aa5', NULL);
INSERT INTO "vocabulary"."reference" ("vocabulary_id", "lesson_code") VALUES ('3c890a54-15f9-56e1-9bd5-3c91274b6246', 'DUO_02_05');
INSERT INTO "vocabulary"."reference" ("vocabulary_id", "lesson_code") VALUES ('3c890a54-15f9-56e1-9bd5-3c91274b6246', 'DUO_U08');
INSERT INTO "vocabulary"."reference" ("vocabulary_id", "lesson_code") VALUES ('3c890a54-15f9-56e1-9bd5-3c91274b6246', 'GENKI3_L01');
-- 学生 | student --;
INSERT INTO "vocabulary"."vocabulary" ("id", "word_class_code", "conjugation_kind_code", "jlpt_level", "row_num", "tags", "date_added") VALUES ('6de86986-05ed-58da-a055-9d49c89f7a06', 'NOUN', NULL, 5, 22, '{school}', '2022-04-24');
INSERT INTO "vocabulary"."definition" ("id", "vocabulary_id", "sort_rank", "value") VALUES ('4d9dcd57-7352-54a1-9b21-412bfe04fc6a', '6de86986-05ed-58da-a055-9d49c89f7a06', 1, 'student');
INSERT INTO "vocabulary"."spelling" ("id", "vocabulary_id", "spelling_kind_code", "value") VALUES ('2b7934e1-b891-5a6c-960a-e709b469badf', '6de86986-05ed-58da-a055-9d49c89f7a06', 'KANJI', '学生');
INSERT INTO "vocabulary"."spelling" ("id", "vocabulary_id", "spelling_kind_code", "value") VALUES ('26222038-0ad6-5148-b113-a73129c12976', '6de86986-05ed-58da-a055-9d49c89f7a06', 'HIRAGANA', 'がくせい');
INSERT INTO "vocabulary"."spelling" ("id", "vocabulary_id", "spelling_kind_code", "value") VALUES ('bc105037-03eb-5976-9732-7fe7fb524d77', '6de86986-05ed-58da-a055-9d49c89f7a06', 'KANJI', '学生');
INSERT INTO "vocabulary"."linkages" ("vocabulary_id", "preferred_definition_id", "preferred_spelling_id", "phonetic_spelling_id", "alt_phonetic_spelling_id", "kanji_spelling_id", "conjugation_set_id") VALUES ('6de86986-05ed-58da-a055-9d49c89f7a06', '4d9dcd57-7352-54a1-9b21-412bfe04fc6a', '2b7934e1-b891-5a6c-960a-e709b469badf', '26222038-0ad6-5148-b113-a73129c12976', NULL, 'bc105037-03eb-5976-9732-7fe7fb524d77', NULL);
INSERT INTO "vocabulary"."reference" ("vocabulary_id", "lesson_code") VALUES ('6de86986-05ed-58da-a055-9d49c89f7a06', 'GENKI3_L01');
-- 大学生 | college student; university student --;
INSERT INTO "vocabulary"."vocabulary" ("id", "word_class_code", "conjugation_kind_code", "jlpt_level", "row_num", "tags", "date_added") VALUES ('d1cb9e5b-6cc5-5339-b33d-4e948229156e', 'NOUN', NULL, 4, 23, '{school}', '2022-04-24');
INSERT INTO "vocabulary"."definition" ("id", "vocabulary_id", "sort_rank", "value") VALUES ('b56535be-d189-5dfa-b940-7e213aec4397', 'd1cb9e5b-6cc5-5339-b33d-4e948229156e', 1, 'college student; university student');
INSERT INTO "vocabulary"."spelling" ("id", "vocabulary_id", "spelling_kind_code", "value") VALUES ('c9a38e56-4e89-5053-b874-b62c7f1bc4f3', 'd1cb9e5b-6cc5-5339-b33d-4e948229156e', 'KANJI', '大学生');
INSERT INTO "vocabulary"."spelling" ("id", "vocabulary_id", "spelling_kind_code", "value") VALUES ('41767f12-968d-515d-8127-7afedd99e0fd', 'd1cb9e5b-6cc5-5339-b33d-4e948229156e', 'HIRAGANA', 'だいがくせい');
INSERT INTO "vocabulary"."spelling" ("id", "vocabulary_id", "spelling_kind_code", "value") VALUES ('199a5eb4-55ed-5805-97f8-5cee8f61e232', 'd1cb9e5b-6cc5-5339-b33d-4e948229156e', 'KANJI', '大学生');
INSERT INTO "vocabulary"."linkages" ("vocabulary_id", "preferred_definition_id", "preferred_spelling_id", "phonetic_spelling_id", "alt_phonetic_spelling_id", "kanji_spelling_id", "conjugation_set_id") VALUES ('d1cb9e5b-6cc5-5339-b33d-4e948229156e', 'b56535be-d189-5dfa-b940-7e213aec4397', 'c9a38e56-4e89-5053-b874-b62c7f1bc4f3', '41767f12-968d-515d-8127-7afedd99e0fd', NULL, '199a5eb4-55ed-5805-97f8-5cee8f61e232', NULL);
INSERT INTO "vocabulary"."reference" ("vocabulary_id", "lesson_code") VALUES ('d1cb9e5b-6cc5-5339-b33d-4e948229156e', 'DUO_02_05');
INSERT INTO "vocabulary"."reference" ("vocabulary_id", "lesson_code") VALUES ('d1cb9e5b-6cc5-5339-b33d-4e948229156e', 'DUO_U08');
INSERT INTO "vocabulary"."reference" ("vocabulary_id", "lesson_code") VALUES ('d1cb9e5b-6cc5-5339-b33d-4e948229156e', 'GENKI3_L01');
-- 留学生 | international student; foreign exchange student --;
INSERT INTO "vocabulary"."vocabulary" ("id", "word_class_code", "conjugation_kind_code", "jlpt_level", "row_num", "tags", "date_added") VALUES ('efe5fea4-0476-5328-bd18-2a469a8b6c3e', 'NOUN', NULL, 5, 24, '{school}', '2022-04-24');
INSERT INTO "vocabulary"."definition" ("id", "vocabulary_id", "sort_rank", "value") VALUES ('a61a02da-0fac-5a7b-be79-fdc870361426', 'efe5fea4-0476-5328-bd18-2a469a8b6c3e', 1, 'international student; foreign exchange student');
INSERT INTO "vocabulary"."spelling" ("id", "vocabulary_id", "spelling_kind_code", "value") VALUES ('43835f7a-0c7c-5451-a45a-976b27b0414d', 'efe5fea4-0476-5328-bd18-2a469a8b6c3e', 'KANJI', '留学生');
INSERT INTO "vocabulary"."spelling" ("id", "vocabulary_id", "spelling_kind_code", "value") VALUES ('80335d91-b032-5a73-aabc-5932e1b1e8d5', 'efe5fea4-0476-5328-bd18-2a469a8b6c3e', 'HIRAGANA', 'りゅうがくせい');
INSERT INTO "vocabulary"."spelling" ("id", "vocabulary_id", "spelling_kind_code", "value") VALUES ('3b66f913-98df-51f4-b2c2-46a4cb254725', 'efe5fea4-0476-5328-bd18-2a469a8b6c3e', 'KANJI', '留学生');
INSERT INTO "vocabulary"."linkages" ("vocabulary_id", "preferred_definition_id", "preferred_spelling_id", "phonetic_spelling_id", "alt_phonetic_spelling_id", "kanji_spelling_id", "conjugation_set_id") VALUES ('efe5fea4-0476-5328-bd18-2a469a8b6c3e', 'a61a02da-0fac-5a7b-be79-fdc870361426', '43835f7a-0c7c-5451-a45a-976b27b0414d', '80335d91-b032-5a73-aabc-5932e1b1e8d5', NULL, '3b66f913-98df-51f4-b2c2-46a4cb254725', NULL);
INSERT INTO "vocabulary"."reference" ("vocabulary_id", "lesson_code") VALUES ('efe5fea4-0476-5328-bd18-2a469a8b6c3e', 'DUO_02_05');
INSERT INTO "vocabulary"."reference" ("vocabulary_id", "lesson_code") VALUES ('efe5fea4-0476-5328-bd18-2a469a8b6c3e', 'DUO_U08');
INSERT INTO "vocabulary"."reference" ("vocabulary_id", "lesson_code") VALUES ('efe5fea4-0476-5328-bd18-2a469a8b6c3e', 'GENKI3_L01');
-- 先生 | teacher; professor --;
INSERT INTO "vocabulary"."vocabulary" ("id", "word_class_code", "conjugation_kind_code", "jlpt_level", "row_num", "tags", "date_added") VALUES ('c21b42a5-1ef1-51cf-9402-199d2b562a47', 'NOUN', NULL, 5, 25, '{school}', '2022-04-24');
INSERT INTO "vocabulary"."definition" ("id", "vocabulary_id", "sort_rank", "value") VALUES ('69d5dba2-14e1-59fe-8267-61c3b1702d59', 'c21b42a5-1ef1-51cf-9402-199d2b562a47', 1, 'teacher; professor');
INSERT INTO "vocabulary"."spelling" ("id", "vocabulary_id", "spelling_kind_code", "value") VALUES ('34b590ec-9f79-5628-a718-1281ae00bad6', 'c21b42a5-1ef1-51cf-9402-199d2b562a47', 'KANJI', '先生');
INSERT INTO "vocabulary"."spelling" ("id", "vocabulary_id", "spelling_kind_code", "value") VALUES ('e9999ab3-e20b-55bb-8913-daaf1cb5d4b0', 'c21b42a5-1ef1-51cf-9402-199d2b562a47', 'HIRAGANA', 'せんせい');
INSERT INTO "vocabulary"."spelling" ("id", "vocabulary_id", "spelling_kind_code", "value") VALUES ('ded4530d-34ab-5dc6-ab08-3995cb3e64c4', 'c21b42a5-1ef1-51cf-9402-199d2b562a47', 'KANJI', '先生');
INSERT INTO "vocabulary"."linkages" ("vocabulary_id", "preferred_definition_id", "preferred_spelling_id", "phonetic_spelling_id", "alt_phonetic_spelling_id", "kanji_spelling_id", "conjugation_set_id") VALUES ('c21b42a5-1ef1-51cf-9402-199d2b562a47', '69d5dba2-14e1-59fe-8267-61c3b1702d59', '34b590ec-9f79-5628-a718-1281ae00bad6', 'e9999ab3-e20b-55bb-8913-daaf1cb5d4b0', NULL, 'ded4530d-34ab-5dc6-ab08-3995cb3e64c4', NULL);
INSERT INTO "vocabulary"."reference" ("vocabulary_id", "lesson_code") VALUES ('c21b42a5-1ef1-51cf-9402-199d2b562a47', 'GENKI3_L01');
-- 〜年生 | ...year student --;
INSERT INTO "vocabulary"."vocabulary" ("id", "word_class_code", "conjugation_kind_code", "jlpt_level", "row_num", "tags", "date_added") VALUES ('057a7cd1-f1a6-50e2-8449-3b6f04c67305', 'NOUN', NULL, 1, 26, '{school}', '2022-04-24');
INSERT INTO "vocabulary"."definition" ("id", "vocabulary_id", "sort_rank", "value") VALUES ('af05748d-e186-5a5f-8dab-e2c217d7e6f5', '057a7cd1-f1a6-50e2-8449-3b6f04c67305', 1, '...year student');
INSERT INTO "vocabulary"."spelling" ("id", "vocabulary_id", "spelling_kind_code", "value") VALUES ('d62c305c-34a9-5945-bf4d-cafae51a2dd6', '057a7cd1-f1a6-50e2-8449-3b6f04c67305', 'KANJI', '〜年生');
INSERT INTO "vocabulary"."spelling" ("id", "vocabulary_id", "spelling_kind_code", "value") VALUES ('f5335306-2599-5286-bf75-cd3c6d03262e', '057a7cd1-f1a6-50e2-8449-3b6f04c67305', 'HIRAGANA', '〜ねんせい');
INSERT INTO "vocabulary"."spelling" ("id", "vocabulary_id", "spelling_kind_code", "value") VALUES ('dc42a680-aba7-5ae7-9e8f-88061ed4466f', '057a7cd1-f1a6-50e2-8449-3b6f04c67305', 'KANJI', '〜年生');
INSERT INTO "vocabulary"."linkages" ("vocabulary_id", "preferred_definition_id", "preferred_spelling_id", "phonetic_spelling_id", "alt_phonetic_spelling_id", "kanji_spelling_id", "conjugation_set_id") VALUES ('057a7cd1-f1a6-50e2-8449-3b6f04c67305', 'af05748d-e186-5a5f-8dab-e2c217d7e6f5', 'd62c305c-34a9-5945-bf4d-cafae51a2dd6', 'f5335306-2599-5286-bf75-cd3c6d03262e', NULL, 'dc42a680-aba7-5ae7-9e8f-88061ed4466f', NULL);
INSERT INTO "vocabulary"."reference" ("vocabulary_id", "lesson_code") VALUES ('057a7cd1-f1a6-50e2-8449-3b6f04c67305', 'DUO_02_05');
INSERT INTO "vocabulary"."reference" ("vocabulary_id", "lesson_code") VALUES ('057a7cd1-f1a6-50e2-8449-3b6f04c67305', 'DUO_U08');
INSERT INTO "vocabulary"."reference" ("vocabulary_id", "lesson_code") VALUES ('057a7cd1-f1a6-50e2-8449-3b6f04c67305', 'GENKI3_L01');
-- 専攻 | major --;
INSERT INTO "vocabulary"."vocabulary" ("id", "word_class_code", "conjugation_kind_code", "jlpt_level", "row_num", "tags", "date_added") VALUES ('e71aac30-c949-5b47-b118-d02a5d703701', 'NOUN', NULL, 3, 27, '{school}', '2022-04-24');
INSERT INTO "vocabulary"."definition" ("id", "vocabulary_id", "sort_rank", "value") VALUES ('bb6b435a-c0fd-574b-b010-25307c8ca66c', 'e71aac30-c949-5b47-b118-d02a5d703701', 1, 'major');
INSERT INTO "vocabulary"."spelling" ("id", "vocabulary_id", "spelling_kind_code", "value") VALUES ('6cefd15e-be20-5fed-bbc9-e0808a472487', 'e71aac30-c949-5b47-b118-d02a5d703701', 'KANJI', '専攻');
INSERT INTO "vocabulary"."spelling" ("id", "vocabulary_id", "spelling_kind_code", "value") VALUES ('58251802-ccde-5d96-9088-1dfea512a748', 'e71aac30-c949-5b47-b118-d02a5d703701', 'HIRAGANA', 'せんこう');
INSERT INTO "vocabulary"."spelling" ("id", "vocabulary_id", "spelling_kind_code", "value") VALUES ('4b4013ff-6c49-5db6-ac68-72c021f15c5c', 'e71aac30-c949-5b47-b118-d02a5d703701', 'KANJI', '専攻');
INSERT INTO "vocabulary"."linkages" ("vocabulary_id", "preferred_definition_id", "preferred_spelling_id", "phonetic_spelling_id", "alt_phonetic_spelling_id", "kanji_spelling_id", "conjugation_set_id") VALUES ('e71aac30-c949-5b47-b118-d02a5d703701', 'bb6b435a-c0fd-574b-b010-25307c8ca66c', '6cefd15e-be20-5fed-bbc9-e0808a472487', '58251802-ccde-5d96-9088-1dfea512a748', NULL, '4b4013ff-6c49-5db6-ac68-72c021f15c5c', NULL);
INSERT INTO "vocabulary"."reference" ("vocabulary_id", "lesson_code") VALUES ('e71aac30-c949-5b47-b118-d02a5d703701', 'GENKI3_L01');
-- 私 | I --;
INSERT INTO "vocabulary"."vocabulary" ("id", "word_class_code", "conjugation_kind_code", "jlpt_level", "row_num", "tags", "date_added") VALUES ('4b1d8b7f-6477-5881-9439-1a7f30b26c9d', 'NOUN', NULL, 5, 28, '{person}', '2022-04-24');
INSERT INTO "vocabulary"."definition" ("id", "vocabulary_id", "sort_rank", "value") VALUES ('7272203b-4682-5a21-a2ae-184df9aaf700', '4b1d8b7f-6477-5881-9439-1a7f30b26c9d', 1, 'I');
INSERT INTO "vocabulary"."spelling" ("id", "vocabulary_id", "spelling_kind_code", "value") VALUES ('7dfb31b4-ea80-5f87-927e-8c7f65b9fc4d', '4b1d8b7f-6477-5881-9439-1a7f30b26c9d', 'KANJI', '私');
INSERT INTO "vocabulary"."spelling" ("id", "vocabulary_id", "spelling_kind_code", "value") VALUES ('71cb9bf5-8b66-5fe9-b0ed-046a6287a9dc', '4b1d8b7f-6477-5881-9439-1a7f30b26c9d', 'HIRAGANA', 'わたし');
INSERT INTO "vocabulary"."spelling" ("id", "vocabulary_id", "spelling_kind_code", "value") VALUES ('c9cab72b-2b19-5729-ace9-484ab1f4f7a1', '4b1d8b7f-6477-5881-9439-1a7f30b26c9d', 'KANJI', '私');
INSERT INTO "vocabulary"."linkages" ("vocabulary_id", "preferred_definition_id", "preferred_spelling_id", "phonetic_spelling_id", "alt_phonetic_spelling_id", "kanji_spelling_id", "conjugation_set_id") VALUES ('4b1d8b7f-6477-5881-9439-1a7f30b26c9d', '7272203b-4682-5a21-a2ae-184df9aaf700', '7dfb31b4-ea80-5f87-927e-8c7f65b9fc4d', '71cb9bf5-8b66-5fe9-b0ed-046a6287a9dc', NULL, 'c9cab72b-2b19-5729-ace9-484ab1f4f7a1', NULL);
INSERT INTO "vocabulary"."reference" ("vocabulary_id", "lesson_code") VALUES ('4b1d8b7f-6477-5881-9439-1a7f30b26c9d', 'DUO_01_02');
INSERT INTO "vocabulary"."reference" ("vocabulary_id", "lesson_code") VALUES ('4b1d8b7f-6477-5881-9439-1a7f30b26c9d', 'DUO_U01');
INSERT INTO "vocabulary"."reference" ("vocabulary_id", "lesson_code") VALUES ('4b1d8b7f-6477-5881-9439-1a7f30b26c9d', 'GENKI3_L01');
-- 友達 | friend --;
INSERT INTO "vocabulary"."vocabulary" ("id", "word_class_code", "conjugation_kind_code", "jlpt_level", "row_num", "tags", "date_added") VALUES ('f65b93fb-1086-5405-8163-394db3e83014', 'NOUN', NULL, 5, 29, '{person}', '2022-04-24');
INSERT INTO "vocabulary"."definition" ("id", "vocabulary_id", "sort_rank", "value") VALUES ('48b3a0db-2a53-57df-9473-5f1f581a7f5a', 'f65b93fb-1086-5405-8163-394db3e83014', 1, 'friend');
INSERT INTO "vocabulary"."spelling" ("id", "vocabulary_id", "spelling_kind_code", "value") VALUES ('88fa4095-b27f-524d-af6d-a0fa9b7ef178', 'f65b93fb-1086-5405-8163-394db3e83014', 'KANJI', '友達');
INSERT INTO "vocabulary"."spelling" ("id", "vocabulary_id", "spelling_kind_code", "value") VALUES ('33fad588-6082-59fe-8438-8ace8bb52bb4', 'f65b93fb-1086-5405-8163-394db3e83014', 'HIRAGANA', 'ともだち');
INSERT INTO "vocabulary"."spelling" ("id", "vocabulary_id", "spelling_kind_code", "value") VALUES ('e107dde2-5688-5c38-8a29-c6ac3b10a1c3', 'f65b93fb-1086-5405-8163-394db3e83014', 'KANJI', '友達');
INSERT INTO "vocabulary"."linkages" ("vocabulary_id", "preferred_definition_id", "preferred_spelling_id", "phonetic_spelling_id", "alt_phonetic_spelling_id", "kanji_spelling_id", "conjugation_set_id") VALUES ('f65b93fb-1086-5405-8163-394db3e83014', '48b3a0db-2a53-57df-9473-5f1f581a7f5a', '88fa4095-b27f-524d-af6d-a0fa9b7ef178', '33fad588-6082-59fe-8438-8ace8bb52bb4', NULL, 'e107dde2-5688-5c38-8a29-c6ac3b10a1c3', NULL);
INSERT INTO "vocabulary"."reference" ("vocabulary_id", "lesson_code") VALUES ('f65b93fb-1086-5405-8163-394db3e83014', 'GENKI3_L01');
-- 〜さん | Mr./Ms. --;
INSERT INTO "vocabulary"."vocabulary" ("id", "word_class_code", "conjugation_kind_code", "jlpt_level", "row_num", "tags", "date_added") VALUES ('c26e8356-f73a-5ddf-b045-432580c37468', 'SUFFIX', NULL, 1, 30, '{person}', '2022-04-24');
INSERT INTO "vocabulary"."definition" ("id", "vocabulary_id", "sort_rank", "value") VALUES ('b6b56a37-985e-5308-8de7-c3b69fca1db7', 'c26e8356-f73a-5ddf-b045-432580c37468', 1, 'Mr./Ms.');
INSERT INTO "vocabulary"."spelling" ("id", "vocabulary_id", "spelling_kind_code", "value") VALUES ('0d135557-26dd-523b-a1c5-d137d79aca32', 'c26e8356-f73a-5ddf-b045-432580c37468', 'HIRAGANA', '〜さん');
INSERT INTO "vocabulary"."spelling" ("id", "vocabulary_id", "spelling_kind_code", "value") VALUES ('7d68ee96-e445-5b4d-b28b-bec866acdf4c', 'c26e8356-f73a-5ddf-b045-432580c37468', 'HIRAGANA', '〜さん');
INSERT INTO "vocabulary"."linkages" ("vocabulary_id", "preferred_definition_id", "preferred_spelling_id", "phonetic_spelling_id", "alt_phonetic_spelling_id", "kanji_spelling_id", "conjugation_set_id") VALUES ('c26e8356-f73a-5ddf-b045-432580c37468', 'b6b56a37-985e-5308-8de7-c3b69fca1db7', '0d135557-26dd-523b-a1c5-d137d79aca32', '7d68ee96-e445-5b4d-b28b-bec866acdf4c', NULL, NULL, NULL);
INSERT INTO "vocabulary"."reference" ("vocabulary_id", "lesson_code") VALUES ('c26e8356-f73a-5ddf-b045-432580c37468', 'GENKI3_L01');
-- 〜人 | ...people --;
INSERT INTO "vocabulary"."vocabulary" ("id", "word_class_code", "conjugation_kind_code", "jlpt_level", "row_num", "tags", "date_added") VALUES ('0ef6972f-5e7d-5b51-be7f-8f39a5fd5e0e', 'SUFFIX', NULL, 1, 31, '{person}', '2022-04-24');
INSERT INTO "vocabulary"."definition" ("id", "vocabulary_id", "sort_rank", "value") VALUES ('f6fd367d-bb72-5403-a55e-c317e2d3945b', '0ef6972f-5e7d-5b51-be7f-8f39a5fd5e0e', 1, '...people');
INSERT INTO "vocabulary"."spelling" ("id", "vocabulary_id", "spelling_kind_code", "value") VALUES ('e2f17556-9b4a-5565-b8c3-4f6e0bd94355', '0ef6972f-5e7d-5b51-be7f-8f39a5fd5e0e', 'KANJI', '〜人');
INSERT INTO "vocabulary"."spelling" ("id", "vocabulary_id", "spelling_kind_code", "value") VALUES ('79c41c02-977e-589a-84b1-271b5f99d899', '0ef6972f-5e7d-5b51-be7f-8f39a5fd5e0e', 'HIRAGANA', '〜じん');
INSERT INTO "vocabulary"."spelling" ("id", "vocabulary_id", "spelling_kind_code", "value") VALUES ('74940083-6bad-5076-be4a-919a89ef7d34', '0ef6972f-5e7d-5b51-be7f-8f39a5fd5e0e', 'KANJI', '〜人');
INSERT INTO "vocabulary"."linkages" ("vocabulary_id", "preferred_definition_id", "preferred_spelling_id", "phonetic_spelling_id", "alt_phonetic_spelling_id", "kanji_spelling_id", "conjugation_set_id") VALUES ('0ef6972f-5e7d-5b51-be7f-8f39a5fd5e0e', 'f6fd367d-bb72-5403-a55e-c317e2d3945b', 'e2f17556-9b4a-5565-b8c3-4f6e0bd94355', '79c41c02-977e-589a-84b1-271b5f99d899', NULL, '74940083-6bad-5076-be4a-919a89ef7d34', NULL);
INSERT INTO "vocabulary"."reference" ("vocabulary_id", "lesson_code") VALUES ('0ef6972f-5e7d-5b51-be7f-8f39a5fd5e0e', 'GENKI3_L01');
-- もちろん | of course --;
INSERT INTO "vocabulary"."vocabulary" ("id", "word_class_code", "conjugation_kind_code", "jlpt_level", "row_num", "tags", "date_added") VALUES ('146b7705-d9cd-511f-988c-5b2cc7661b75', 'ADVERB', NULL, 3, 32, '{}', '2022-04-24');
INSERT INTO "vocabulary"."definition" ("id", "vocabulary_id", "sort_rank", "value") VALUES ('f38e45fd-deb3-58bb-98a7-ded4749a33af', '146b7705-d9cd-511f-988c-5b2cc7661b75', 1, 'of course');
INSERT INTO "vocabulary"."spelling" ("id", "vocabulary_id", "spelling_kind_code", "value") VALUES ('bcf591d5-c9a8-5068-a41d-705df7f88ec8', '146b7705-d9cd-511f-988c-5b2cc7661b75', 'HIRAGANA', 'もちろん');
INSERT INTO "vocabulary"."spelling" ("id", "vocabulary_id", "spelling_kind_code", "value") VALUES ('07e74719-21ed-5867-9be5-1035707cb0d3', '146b7705-d9cd-511f-988c-5b2cc7661b75', 'HIRAGANA', 'もちろん');
INSERT INTO "vocabulary"."spelling" ("id", "vocabulary_id", "spelling_kind_code", "value") VALUES ('fa499118-32ec-5452-848b-9407382b9d7b', '146b7705-d9cd-511f-988c-5b2cc7661b75', 'KANJI', '勿論');
INSERT INTO "vocabulary"."linkages" ("vocabulary_id", "preferred_definition_id", "preferred_spelling_id", "phonetic_spelling_id", "alt_phonetic_spelling_id", "kanji_spelling_id", "conjugation_set_id") VALUES ('146b7705-d9cd-511f-988c-5b2cc7661b75', 'f38e45fd-deb3-58bb-98a7-ded4749a33af', 'bcf591d5-c9a8-5068-a41d-705df7f88ec8', '07e74719-21ed-5867-9be5-1035707cb0d3', NULL, 'fa499118-32ec-5452-848b-9407382b9d7b', NULL);
INSERT INTO "vocabulary"."reference" ("vocabulary_id", "lesson_code") VALUES ('146b7705-d9cd-511f-988c-5b2cc7661b75', 'DUO_02_03');
INSERT INTO "vocabulary"."reference" ("vocabulary_id", "lesson_code") VALUES ('146b7705-d9cd-511f-988c-5b2cc7661b75', 'DUO_U07');
-- 会社 | office --;
INSERT INTO "vocabulary"."vocabulary" ("id", "word_class_code", "conjugation_kind_code", "jlpt_level", "row_num", "tags", "date_added") VALUES ('8bedfb60-1599-58b0-9568-5e72b8cf6b7e', 'NOUN', NULL, 5, 33, '{place}', '2022-04-24');
INSERT INTO "vocabulary"."definition" ("id", "vocabulary_id", "sort_rank", "value") VALUES ('2f1c2bfe-00ae-5e85-8066-7594b35a3a3f', '8bedfb60-1599-58b0-9568-5e72b8cf6b7e', 1, 'office');
INSERT INTO "vocabulary"."spelling" ("id", "vocabulary_id", "spelling_kind_code", "value") VALUES ('0d59ad82-f6e4-58f1-9da1-e2413ad77adc', '8bedfb60-1599-58b0-9568-5e72b8cf6b7e', 'KANJI', '会社');
INSERT INTO "vocabulary"."spelling" ("id", "vocabulary_id", "spelling_kind_code", "value") VALUES ('bf11daff-0feb-5439-ad72-fface8f07495', '8bedfb60-1599-58b0-9568-5e72b8cf6b7e', 'HIRAGANA', 'かいしゃ');
INSERT INTO "vocabulary"."spelling" ("id", "vocabulary_id", "spelling_kind_code", "value") VALUES ('6640bacc-739f-56db-b841-e774ee1112ea', '8bedfb60-1599-58b0-9568-5e72b8cf6b7e', 'KANJI', '会社');
INSERT INTO "vocabulary"."linkages" ("vocabulary_id", "preferred_definition_id", "preferred_spelling_id", "phonetic_spelling_id", "alt_phonetic_spelling_id", "kanji_spelling_id", "conjugation_set_id") VALUES ('8bedfb60-1599-58b0-9568-5e72b8cf6b7e', '2f1c2bfe-00ae-5e85-8066-7594b35a3a3f', '0d59ad82-f6e4-58f1-9da1-e2413ad77adc', 'bf11daff-0feb-5439-ad72-fface8f07495', NULL, '6640bacc-739f-56db-b841-e774ee1112ea', NULL);
INSERT INTO "vocabulary"."reference" ("vocabulary_id", "lesson_code") VALUES ('8bedfb60-1599-58b0-9568-5e72b8cf6b7e', 'DUO_02_03');
INSERT INTO "vocabulary"."reference" ("vocabulary_id", "lesson_code") VALUES ('8bedfb60-1599-58b0-9568-5e72b8cf6b7e', 'DUO_U07');
-- 学校 | school --;
INSERT INTO "vocabulary"."vocabulary" ("id", "word_class_code", "conjugation_kind_code", "jlpt_level", "row_num", "tags", "date_added") VALUES ('25f93b07-dc04-553a-8794-329cc907dbe5', 'NOUN', NULL, 5, 34, '{place,school}', '2022-04-24');
INSERT INTO "vocabulary"."definition" ("id", "vocabulary_id", "sort_rank", "value") VALUES ('5ac409a2-6d7e-5427-9ce4-11e8b46e49cd', '25f93b07-dc04-553a-8794-329cc907dbe5', 1, 'school');
INSERT INTO "vocabulary"."spelling" ("id", "vocabulary_id", "spelling_kind_code", "value") VALUES ('e4928e97-24e2-59a3-877f-124e0f5debfd', '25f93b07-dc04-553a-8794-329cc907dbe5', 'KANJI', '学校');
INSERT INTO "vocabulary"."spelling" ("id", "vocabulary_id", "spelling_kind_code", "value") VALUES ('e5fe8a48-9a94-5c5d-a7fb-3b907b0ba6df', '25f93b07-dc04-553a-8794-329cc907dbe5', 'HIRAGANA', 'がっこう');
INSERT INTO "vocabulary"."spelling" ("id", "vocabulary_id", "spelling_kind_code", "value") VALUES ('a36b5da5-f21a-56ec-9fec-64a501ee212b', '25f93b07-dc04-553a-8794-329cc907dbe5', 'KANJI', '学校');
INSERT INTO "vocabulary"."linkages" ("vocabulary_id", "preferred_definition_id", "preferred_spelling_id", "phonetic_spelling_id", "alt_phonetic_spelling_id", "kanji_spelling_id", "conjugation_set_id") VALUES ('25f93b07-dc04-553a-8794-329cc907dbe5', '5ac409a2-6d7e-5427-9ce4-11e8b46e49cd', 'e4928e97-24e2-59a3-877f-124e0f5debfd', 'e5fe8a48-9a94-5c5d-a7fb-3b907b0ba6df', NULL, 'a36b5da5-f21a-56ec-9fec-64a501ee212b', NULL);
INSERT INTO "vocabulary"."reference" ("vocabulary_id", "lesson_code") VALUES ('25f93b07-dc04-553a-8794-329cc907dbe5', 'DUO_02_03');
INSERT INTO "vocabulary"."reference" ("vocabulary_id", "lesson_code") VALUES ('25f93b07-dc04-553a-8794-329cc907dbe5', 'DUO_U07');
-- 小学 | elementary school --;
INSERT INTO "vocabulary"."vocabulary" ("id", "word_class_code", "conjugation_kind_code", "jlpt_level", "row_num", "tags", "date_added") VALUES ('37eba762-70cf-5c5c-b689-621f26c1ee5f', 'NOUN', NULL, NULL, 35, '{place,school}', '2022-04-24');
INSERT INTO "vocabulary"."definition" ("id", "vocabulary_id", "sort_rank", "value") VALUES ('e7af570c-e9da-5e71-992e-a47e2db24d85', '37eba762-70cf-5c5c-b689-621f26c1ee5f', 1, 'elementary school');
INSERT INTO "vocabulary"."spelling" ("id", "vocabulary_id", "spelling_kind_code", "value") VALUES ('1345829c-c4d2-5252-9a6b-4e27da187408', '37eba762-70cf-5c5c-b689-621f26c1ee5f', 'KANJI', '小学');
INSERT INTO "vocabulary"."spelling" ("id", "vocabulary_id", "spelling_kind_code", "value") VALUES ('a75963f9-58cb-56b4-bfee-a051eeeae612', '37eba762-70cf-5c5c-b689-621f26c1ee5f', 'HIRAGANA', 'しょうがく');
INSERT INTO "vocabulary"."spelling" ("id", "vocabulary_id", "spelling_kind_code", "value") VALUES ('dda927ba-87e1-51cf-a97c-c4ead82cfca2', '37eba762-70cf-5c5c-b689-621f26c1ee5f', 'KANJI', '小学');
INSERT INTO "vocabulary"."linkages" ("vocabulary_id", "preferred_definition_id", "preferred_spelling_id", "phonetic_spelling_id", "alt_phonetic_spelling_id", "kanji_spelling_id", "conjugation_set_id") VALUES ('37eba762-70cf-5c5c-b689-621f26c1ee5f', 'e7af570c-e9da-5e71-992e-a47e2db24d85', '1345829c-c4d2-5252-9a6b-4e27da187408', 'a75963f9-58cb-56b4-bfee-a051eeeae612', NULL, 'dda927ba-87e1-51cf-a97c-c4ead82cfca2', NULL);
INSERT INTO "vocabulary"."reference" ("vocabulary_id", "lesson_code") VALUES ('37eba762-70cf-5c5c-b689-621f26c1ee5f', 'DUO_02_05');
INSERT INTO "vocabulary"."reference" ("vocabulary_id", "lesson_code") VALUES ('37eba762-70cf-5c5c-b689-621f26c1ee5f', 'DUO_U08');
-- 中学 | middle school --;
INSERT INTO "vocabulary"."vocabulary" ("id", "word_class_code", "conjugation_kind_code", "jlpt_level", "row_num", "tags", "date_added") VALUES ('99cdf9f9-df8c-5d7a-9ea1-a7c003c9f289', 'NOUN', NULL, 3, 36, '{place,school}', '2022-04-24');
INSERT INTO "vocabulary"."definition" ("id", "vocabulary_id", "sort_rank", "value") VALUES ('8bc5bca4-cc36-56a2-8682-ef6a791babff', '99cdf9f9-df8c-5d7a-9ea1-a7c003c9f289', 1, 'middle school');
INSERT INTO "vocabulary"."spelling" ("id", "vocabulary_id", "spelling_kind_code", "value") VALUES ('634704fb-2f52-5493-9b3a-3c1697818d5c', '99cdf9f9-df8c-5d7a-9ea1-a7c003c9f289', 'KANJI', '中学');
INSERT INTO "vocabulary"."spelling" ("id", "vocabulary_id", "spelling_kind_code", "value") VALUES ('d403ffde-dcf5-5734-ac79-e8d4fe7bc330', '99cdf9f9-df8c-5d7a-9ea1-a7c003c9f289', 'HIRAGANA', 'ちゅうがく');
INSERT INTO "vocabulary"."spelling" ("id", "vocabulary_id", "spelling_kind_code", "value") VALUES ('5f87a9f8-891e-5733-8066-e178d13d6662', '99cdf9f9-df8c-5d7a-9ea1-a7c003c9f289', 'KANJI', '中学');
INSERT INTO "vocabulary"."linkages" ("vocabulary_id", "preferred_definition_id", "preferred_spelling_id", "phonetic_spelling_id", "alt_phonetic_spelling_id", "kanji_spelling_id", "conjugation_set_id") VALUES ('99cdf9f9-df8c-5d7a-9ea1-a7c003c9f289', '8bc5bca4-cc36-56a2-8682-ef6a791babff', '634704fb-2f52-5493-9b3a-3c1697818d5c', 'd403ffde-dcf5-5734-ac79-e8d4fe7bc330', NULL, '5f87a9f8-891e-5733-8066-e178d13d6662', NULL);
INSERT INTO "vocabulary"."reference" ("vocabulary_id", "lesson_code") VALUES ('99cdf9f9-df8c-5d7a-9ea1-a7c003c9f289', 'DUO_02_05');
INSERT INTO "vocabulary"."reference" ("vocabulary_id", "lesson_code") VALUES ('99cdf9f9-df8c-5d7a-9ea1-a7c003c9f289', 'DUO_U08');
-- 外国人 | foreigner --;
INSERT INTO "vocabulary"."vocabulary" ("id", "word_class_code", "conjugation_kind_code", "jlpt_level", "row_num", "tags", "date_added") VALUES ('947e6f87-e4fe-5b27-9bd3-215e8b1fc71a', 'NOUN', NULL, 5, 37, '{person}', '2022-04-24');
INSERT INTO "vocabulary"."definition" ("id", "vocabulary_id", "sort_rank", "value") VALUES ('179182a2-bb92-5adb-8d90-0c40ba2b7a0a', '947e6f87-e4fe-5b27-9bd3-215e8b1fc71a', 1, 'foreigner');
INSERT INTO "vocabulary"."spelling" ("id", "vocabulary_id", "spelling_kind_code", "value") VALUES ('b08af4aa-bcb9-5aa5-ae08-3f09e1c0735c', '947e6f87-e4fe-5b27-9bd3-215e8b1fc71a', 'KANJI', '外国人');
INSERT INTO "vocabulary"."spelling" ("id", "vocabulary_id", "spelling_kind_code", "value") VALUES ('fb37f79e-a0af-5650-ace6-c6be543b2235', '947e6f87-e4fe-5b27-9bd3-215e8b1fc71a', 'HIRAGANA', 'がいこくじん');
INSERT INTO "vocabulary"."spelling" ("id", "vocabulary_id", "spelling_kind_code", "value") VALUES ('e4e4037b-f5a8-53b6-8268-29aa31232769', '947e6f87-e4fe-5b27-9bd3-215e8b1fc71a', 'KANJI', '外国人');
INSERT INTO "vocabulary"."linkages" ("vocabulary_id", "preferred_definition_id", "preferred_spelling_id", "phonetic_spelling_id", "alt_phonetic_spelling_id", "kanji_spelling_id", "conjugation_set_id") VALUES ('947e6f87-e4fe-5b27-9bd3-215e8b1fc71a', '179182a2-bb92-5adb-8d90-0c40ba2b7a0a', 'b08af4aa-bcb9-5aa5-ae08-3f09e1c0735c', 'fb37f79e-a0af-5650-ace6-c6be543b2235', NULL, 'e4e4037b-f5a8-53b6-8268-29aa31232769', NULL);
INSERT INTO "vocabulary"."reference" ("vocabulary_id", "lesson_code") VALUES ('947e6f87-e4fe-5b27-9bd3-215e8b1fc71a', 'DUO_02_05');
INSERT INTO "vocabulary"."reference" ("vocabulary_id", "lesson_code") VALUES ('947e6f87-e4fe-5b27-9bd3-215e8b1fc71a', 'DUO_U08');
-- 住む | to live; to reside; to inhabit --;
INSERT INTO "vocabulary"."vocabulary" ("id", "word_class_code", "conjugation_kind_code", "jlpt_level", "row_num", "tags", "date_added") VALUES ('dd191fac-e29b-5262-b2a6-f9f2875a4a3f', 'VERB', 'GODAN_VERB', 5, 38, '{}', '2022-04-24');
INSERT INTO "vocabulary"."definition" ("id", "vocabulary_id", "sort_rank", "value") VALUES ('d97da3d2-a109-55ce-93d6-9964bd269d86', 'dd191fac-e29b-5262-b2a6-f9f2875a4a3f', 1, 'to live; to reside; to inhabit');
INSERT INTO "vocabulary"."spelling" ("id", "vocabulary_id", "spelling_kind_code", "value") VALUES ('cbab8b4b-1ea7-5b14-9a6a-2e36ba711d45', 'dd191fac-e29b-5262-b2a6-f9f2875a4a3f', 'KANJI', '住む');
INSERT INTO "vocabulary"."spelling" ("id", "vocabulary_id", "spelling_kind_code", "value") VALUES ('29424b09-2905-5b05-bc36-27ac2e9a595e', 'dd191fac-e29b-5262-b2a6-f9f2875a4a3f', 'HIRAGANA', 'すむ');
INSERT INTO "vocabulary"."spelling" ("id", "vocabulary_id", "spelling_kind_code", "value") VALUES ('3a9827c6-6946-59d0-8907-9054f3ec9ac1', 'dd191fac-e29b-5262-b2a6-f9f2875a4a3f', 'KANJI', '住む');
INSERT INTO "vocabulary"."conjugation_set" ("id", "vocabulary_id") VALUES ('b6a9976c-337d-5ea7-93a3-0cdd8a734f60', 'dd191fac-e29b-5262-b2a6-f9f2875a4a3f');
INSERT INTO "vocabulary"."linkages" ("vocabulary_id", "preferred_definition_id", "preferred_spelling_id", "phonetic_spelling_id", "alt_phonetic_spelling_id", "kanji_spelling_id", "conjugation_set_id") VALUES ('dd191fac-e29b-5262-b2a6-f9f2875a4a3f', 'd97da3d2-a109-55ce-93d6-9964bd269d86', 'cbab8b4b-1ea7-5b14-9a6a-2e36ba711d45', '29424b09-2905-5b05-bc36-27ac2e9a595e', NULL, '3a9827c6-6946-59d0-8907-9054f3ec9ac1', 'b6a9976c-337d-5ea7-93a3-0cdd8a734f60');
INSERT INTO "vocabulary"."reference" ("vocabulary_id", "lesson_code") VALUES ('dd191fac-e29b-5262-b2a6-f9f2875a4a3f', 'DUO_02_05');
INSERT INTO "vocabulary"."reference" ("vocabulary_id", "lesson_code") VALUES ('dd191fac-e29b-5262-b2a6-f9f2875a4a3f', 'DUO_U08');
INSERT INTO "vocabulary"."conjugation" ("id", "conjugation_set_id", "politeness_code", "charge_code", "form_code", "sort_rank", "value") VALUES ('f069ee1e-4c62-5fc4-a3f4-215a0517731c', 'b6a9976c-337d-5ea7-93a3-0cdd8a734f60', 'PLAIN', 'POSITIVE', 'PRESENT', 1, '住む');
INSERT INTO "vocabulary"."conjugation" ("id", "conjugation_set_id", "politeness_code", "charge_code", "form_code", "sort_rank", "value") VALUES ('37d42a1a-3aa6-5fc6-bef1-916c19250763', 'b6a9976c-337d-5ea7-93a3-0cdd8a734f60', 'PLAIN', 'POSITIVE', 'PAST', 1, '住んだ');
INSERT INTO "vocabulary"."conjugation" ("id", "conjugation_set_id", "politeness_code", "charge_code", "form_code", "sort_rank", "value") VALUES ('91a37a37-dbf2-5f4c-ac9d-3a5ddb35a20a', 'b6a9976c-337d-5ea7-93a3-0cdd8a734f60', 'PLAIN', 'POSITIVE', 'TE', 1, '住んで');
INSERT INTO "vocabulary"."conjugation" ("id", "conjugation_set_id", "politeness_code", "charge_code", "form_code", "sort_rank", "value") VALUES ('175e55bd-2294-5574-b27c-25c59977bb24', 'b6a9976c-337d-5ea7-93a3-0cdd8a734f60', 'PLAIN', 'NEGATIVE', 'PRESENT', 1, '住まない');
INSERT INTO "vocabulary"."conjugation" ("id", "conjugation_set_id", "politeness_code", "charge_code", "form_code", "sort_rank", "value") VALUES ('2129877a-02c7-55d9-b5aa-01d689564e4d', 'b6a9976c-337d-5ea7-93a3-0cdd8a734f60', 'PLAIN', 'NEGATIVE', 'PAST', 1, '住まなかった');
INSERT INTO "vocabulary"."conjugation" ("id", "conjugation_set_id", "politeness_code", "charge_code", "form_code", "sort_rank", "value") VALUES ('6904c342-0dc9-5e1d-b6e3-8b7ed718250e', 'b6a9976c-337d-5ea7-93a3-0cdd8a734f60', 'PLAIN', 'NEGATIVE', 'TE', 1, '住まなくて');
INSERT INTO "vocabulary"."conjugation" ("id", "conjugation_set_id", "politeness_code", "charge_code", "form_code", "sort_rank", "value") VALUES ('8ac7db30-0c68-50de-b50d-da7b5a5a49ed', 'b6a9976c-337d-5ea7-93a3-0cdd8a734f60', 'POLITE', 'POSITIVE', 'PRESENT', 1, '済みます');
INSERT INTO "vocabulary"."conjugation" ("id", "conjugation_set_id", "politeness_code", "charge_code", "form_code", "sort_rank", "value") VALUES ('5bb0f3e8-59cd-54d1-858e-d5910a8a4522', 'b6a9976c-337d-5ea7-93a3-0cdd8a734f60', 'POLITE', 'POSITIVE', 'PAST', 1, '済みました');
INSERT INTO "vocabulary"."conjugation" ("id", "conjugation_set_id", "politeness_code", "charge_code", "form_code", "sort_rank", "value") VALUES ('4ab7cd50-9870-58f9-8dc6-06148c75b71e', 'b6a9976c-337d-5ea7-93a3-0cdd8a734f60', 'POLITE', 'NEGATIVE', 'PRESENT', 1, '済みません');
INSERT INTO "vocabulary"."conjugation" ("id", "conjugation_set_id", "politeness_code", "charge_code", "form_code", "sort_rank", "value") VALUES ('4da93835-9ba8-5225-9084-4aa301860694', 'b6a9976c-337d-5ea7-93a3-0cdd8a734f60', 'POLITE', 'NEGATIVE', 'PAST', 1, '済みませんでした');
-- 京都 | Kyoto --;
INSERT INTO "vocabulary"."vocabulary" ("id", "word_class_code", "conjugation_kind_code", "jlpt_level", "row_num", "tags", "date_added") VALUES ('fc82f2ac-3b17-582f-9259-7200e1430824', 'PROPER_NOUN', NULL, NULL, 39, '{city,place}', '2022-04-24');
INSERT INTO "vocabulary"."definition" ("id", "vocabulary_id", "sort_rank", "value") VALUES ('22879ac5-9111-51a8-98d1-a9a1a6f7b1b6', 'fc82f2ac-3b17-582f-9259-7200e1430824', 1, 'Kyoto');
INSERT INTO "vocabulary"."spelling" ("id", "vocabulary_id", "spelling_kind_code", "value") VALUES ('72bdb2c9-db1d-57b4-8f83-a493e12eff43', 'fc82f2ac-3b17-582f-9259-7200e1430824', 'KANJI', '京都');
INSERT INTO "vocabulary"."spelling" ("id", "vocabulary_id", "spelling_kind_code", "value") VALUES ('58fb3871-e7d4-50f1-a9bb-706cdba7c0dc', 'fc82f2ac-3b17-582f-9259-7200e1430824', 'HIRAGANA', 'きょうと');
INSERT INTO "vocabulary"."spelling" ("id", "vocabulary_id", "spelling_kind_code", "value") VALUES ('f495b870-9f97-5dc4-806d-c39dae605e4b', 'fc82f2ac-3b17-582f-9259-7200e1430824', 'KANJI', '京都');
INSERT INTO "vocabulary"."linkages" ("vocabulary_id", "preferred_definition_id", "preferred_spelling_id", "phonetic_spelling_id", "alt_phonetic_spelling_id", "kanji_spelling_id", "conjugation_set_id") VALUES ('fc82f2ac-3b17-582f-9259-7200e1430824', '22879ac5-9111-51a8-98d1-a9a1a6f7b1b6', '72bdb2c9-db1d-57b4-8f83-a493e12eff43', '58fb3871-e7d4-50f1-a9bb-706cdba7c0dc', NULL, 'f495b870-9f97-5dc4-806d-c39dae605e4b', NULL);
INSERT INTO "vocabulary"."reference" ("vocabulary_id", "lesson_code") VALUES ('fc82f2ac-3b17-582f-9259-7200e1430824', 'DUO_02_05');
INSERT INTO "vocabulary"."reference" ("vocabulary_id", "lesson_code") VALUES ('fc82f2ac-3b17-582f-9259-7200e1430824', 'DUO_U08');
INSERT INTO "vocabulary"."reference" ("vocabulary_id", "lesson_code") VALUES ('fc82f2ac-3b17-582f-9259-7200e1430824', 'GENKI3_L03');
-- 大阪 | Osaka --;
INSERT INTO "vocabulary"."vocabulary" ("id", "word_class_code", "conjugation_kind_code", "jlpt_level", "row_num", "tags", "date_added") VALUES ('15c5fee6-dda7-5d40-b7fd-382d97a28b9c', 'PROPER_NOUN', NULL, NULL, 40, '{city,place}', '2022-04-24');
INSERT INTO "vocabulary"."definition" ("id", "vocabulary_id", "sort_rank", "value") VALUES ('2b7975f2-316a-5940-b731-2ad6ef17d87b', '15c5fee6-dda7-5d40-b7fd-382d97a28b9c', 1, 'Osaka');
INSERT INTO "vocabulary"."spelling" ("id", "vocabulary_id", "spelling_kind_code", "value") VALUES ('7a98604b-6149-5cc8-89cd-e160022182db', '15c5fee6-dda7-5d40-b7fd-382d97a28b9c', 'KANJI', '大阪');
INSERT INTO "vocabulary"."spelling" ("id", "vocabulary_id", "spelling_kind_code", "value") VALUES ('ea3f379f-285e-5755-a454-8dce105af33c', '15c5fee6-dda7-5d40-b7fd-382d97a28b9c', 'HIRAGANA', 'おおさか');
INSERT INTO "vocabulary"."spelling" ("id", "vocabulary_id", "spelling_kind_code", "value") VALUES ('334db642-aafe-590d-af62-2c58e4d660a2', '15c5fee6-dda7-5d40-b7fd-382d97a28b9c', 'KANJI', '大阪');
INSERT INTO "vocabulary"."linkages" ("vocabulary_id", "preferred_definition_id", "preferred_spelling_id", "phonetic_spelling_id", "alt_phonetic_spelling_id", "kanji_spelling_id", "conjugation_set_id") VALUES ('15c5fee6-dda7-5d40-b7fd-382d97a28b9c', '2b7975f2-316a-5940-b731-2ad6ef17d87b', '7a98604b-6149-5cc8-89cd-e160022182db', 'ea3f379f-285e-5755-a454-8dce105af33c', NULL, '334db642-aafe-590d-af62-2c58e4d660a2', NULL);
INSERT INTO "vocabulary"."reference" ("vocabulary_id", "lesson_code") VALUES ('15c5fee6-dda7-5d40-b7fd-382d97a28b9c', 'DUO_02_05');
INSERT INTO "vocabulary"."reference" ("vocabulary_id", "lesson_code") VALUES ('15c5fee6-dda7-5d40-b7fd-382d97a28b9c', 'DUO_U08');
-- 東京 | Tokyo --;
INSERT INTO "vocabulary"."vocabulary" ("id", "word_class_code", "conjugation_kind_code", "jlpt_level", "row_num", "tags", "date_added") VALUES ('39458010-a5eb-5b13-b054-4cc458702c56', 'PROPER_NOUN', NULL, NULL, 41, '{city,place}', '2022-04-24');
INSERT INTO "vocabulary"."definition" ("id", "vocabulary_id", "sort_rank", "value") VALUES ('9cb5a01e-e62c-547e-857a-3684e0dc1f9e', '39458010-a5eb-5b13-b054-4cc458702c56', 1, 'Tokyo');
INSERT INTO "vocabulary"."spelling" ("id", "vocabulary_id", "spelling_kind_code", "value") VALUES ('4218953c-665b-5614-a876-c5f58932d3fa', '39458010-a5eb-5b13-b054-4cc458702c56', 'KANJI', '東京');
INSERT INTO "vocabulary"."spelling" ("id", "vocabulary_id", "spelling_kind_code", "value") VALUES ('dbf2195a-113d-5ac9-9006-bd5246bc6e38', '39458010-a5eb-5b13-b054-4cc458702c56', 'HIRAGANA', 'とおきょう');
INSERT INTO "vocabulary"."spelling" ("id", "vocabulary_id", "spelling_kind_code", "value") VALUES ('fda9564c-dc64-55d3-93d7-8c3116c6a4eb', '39458010-a5eb-5b13-b054-4cc458702c56', 'KANJI', '東京');
INSERT INTO "vocabulary"."linkages" ("vocabulary_id", "preferred_definition_id", "preferred_spelling_id", "phonetic_spelling_id", "alt_phonetic_spelling_id", "kanji_spelling_id", "conjugation_set_id") VALUES ('39458010-a5eb-5b13-b054-4cc458702c56', '9cb5a01e-e62c-547e-857a-3684e0dc1f9e', '4218953c-665b-5614-a876-c5f58932d3fa', 'dbf2195a-113d-5ac9-9006-bd5246bc6e38', NULL, 'fda9564c-dc64-55d3-93d7-8c3116c6a4eb', NULL);
INSERT INTO "vocabulary"."reference" ("vocabulary_id", "lesson_code") VALUES ('39458010-a5eb-5b13-b054-4cc458702c56', 'DUO_02_05');
INSERT INTO "vocabulary"."reference" ("vocabulary_id", "lesson_code") VALUES ('39458010-a5eb-5b13-b054-4cc458702c56', 'DUO_U08');
-- 申す | to say; to be called; name --;
INSERT INTO "vocabulary"."vocabulary" ("id", "word_class_code", "conjugation_kind_code", "jlpt_level", "row_num", "tags", "date_added") VALUES ('091d6d9c-5d19-51f5-bc28-3b5281042464', 'VERB', 'GODAN_VERB', 4, 42, '{}', '2022-04-24');
INSERT INTO "vocabulary"."definition" ("id", "vocabulary_id", "sort_rank", "value") VALUES ('f450b73b-b1ea-5424-a37d-c31a7abd34f9', '091d6d9c-5d19-51f5-bc28-3b5281042464', 1, 'to say; to be called; name');
INSERT INTO "vocabulary"."spelling" ("id", "vocabulary_id", "spelling_kind_code", "value") VALUES ('a1e63cf9-a452-5306-9351-c5a08786d525', '091d6d9c-5d19-51f5-bc28-3b5281042464', 'KANJI', '申す');
INSERT INTO "vocabulary"."spelling" ("id", "vocabulary_id", "spelling_kind_code", "value") VALUES ('62be684a-2cf3-5ba6-8cc9-e8732d43a325', '091d6d9c-5d19-51f5-bc28-3b5281042464', 'HIRAGANA', 'もうす');
INSERT INTO "vocabulary"."spelling" ("id", "vocabulary_id", "spelling_kind_code", "value") VALUES ('23e16be7-3b0d-5bbf-aa2f-22ef37e23630', '091d6d9c-5d19-51f5-bc28-3b5281042464', 'KANJI', '申す');
INSERT INTO "vocabulary"."linkages" ("vocabulary_id", "preferred_definition_id", "preferred_spelling_id", "phonetic_spelling_id", "alt_phonetic_spelling_id", "kanji_spelling_id", "conjugation_set_id") VALUES ('091d6d9c-5d19-51f5-bc28-3b5281042464', 'f450b73b-b1ea-5424-a37d-c31a7abd34f9', 'a1e63cf9-a452-5306-9351-c5a08786d525', '62be684a-2cf3-5ba6-8cc9-e8732d43a325', NULL, '23e16be7-3b0d-5bbf-aa2f-22ef37e23630', NULL);
INSERT INTO "vocabulary"."reference" ("vocabulary_id", "lesson_code") VALUES ('091d6d9c-5d19-51f5-bc28-3b5281042464', 'DUO_02_05');
INSERT INTO "vocabulary"."reference" ("vocabulary_id", "lesson_code") VALUES ('091d6d9c-5d19-51f5-bc28-3b5281042464', 'DUO_U08');
-- 違う | to differ, to disagree; to be wrong --;
INSERT INTO "vocabulary"."vocabulary" ("id", "word_class_code", "conjugation_kind_code", "jlpt_level", "row_num", "tags", "date_added") VALUES ('b7d078d1-235f-4462-b052-453aa5f6dfcf', 'VERB', 'GODAN_VERB', 5, 43, '{}', '2022-08-10');
INSERT INTO "vocabulary"."definition" ("id", "vocabulary_id", "sort_rank", "value") VALUES ('0abfb734-68cb-55cd-9e56-6e222bf9d4f7', 'b7d078d1-235f-4462-b052-453aa5f6dfcf', 1, 'to differ, to disagree; to be wrong');
INSERT INTO "vocabulary"."spelling" ("id", "vocabulary_id", "spelling_kind_code", "value") VALUES ('8f9bf302-d8b2-5c46-a3ac-db30f8524977', 'b7d078d1-235f-4462-b052-453aa5f6dfcf', 'KANJI', '違う');
INSERT INTO "vocabulary"."spelling" ("id", "vocabulary_id", "spelling_kind_code", "value") VALUES ('ad367637-b6ca-5439-82af-73dd300220a3', 'b7d078d1-235f-4462-b052-453aa5f6dfcf', 'HIRAGANA', 'ちがう');
INSERT INTO "vocabulary"."spelling" ("id", "vocabulary_id", "spelling_kind_code", "value") VALUES ('aae803ed-4f78-5e0c-aca1-aa4c13b73d60', 'b7d078d1-235f-4462-b052-453aa5f6dfcf', 'KANJI', '違う');
INSERT INTO "vocabulary"."linkages" ("vocabulary_id", "preferred_definition_id", "preferred_spelling_id", "phonetic_spelling_id", "alt_phonetic_spelling_id", "kanji_spelling_id", "conjugation_set_id") VALUES ('b7d078d1-235f-4462-b052-453aa5f6dfcf', '0abfb734-68cb-55cd-9e56-6e222bf9d4f7', '8f9bf302-d8b2-5c46-a3ac-db30f8524977', 'ad367637-b6ca-5439-82af-73dd300220a3', NULL, 'aae803ed-4f78-5e0c-aca1-aa4c13b73d60', NULL);
-- 違います | That is not right (this is wrong) --;
INSERT INTO "vocabulary"."vocabulary" ("id", "word_class_code", "conjugation_kind_code", "jlpt_level", "row_num", "tags", "date_added") VALUES ('6e44df4a-4366-5c1a-86af-87a4e5f61fc6', 'EXPRESSION', NULL, NULL, 44, '{}', '2022-04-24');
INSERT INTO "vocabulary"."definition" ("id", "vocabulary_id", "sort_rank", "value") VALUES ('bcbeadc9-18d4-5cc4-a6df-1f189e75077e', '6e44df4a-4366-5c1a-86af-87a4e5f61fc6', 1, 'That is not right (this is wrong)');
INSERT INTO "vocabulary"."spelling" ("id", "vocabulary_id", "spelling_kind_code", "value") VALUES ('ee161c1e-ffc9-5ad7-8e11-d8992a2c37a9', '6e44df4a-4366-5c1a-86af-87a4e5f61fc6', 'KANJI', '違います');
INSERT INTO "vocabulary"."spelling" ("id", "vocabulary_id", "spelling_kind_code", "value") VALUES ('ed8a8306-08d3-5dc1-8cdf-6d119bee1db6', '6e44df4a-4366-5c1a-86af-87a4e5f61fc6', 'HIRAGANA', 'ちがいます');
INSERT INTO "vocabulary"."spelling" ("id", "vocabulary_id", "spelling_kind_code", "value") VALUES ('eac79d53-8e30-5d62-88f8-cbe7bcf955f9', '6e44df4a-4366-5c1a-86af-87a4e5f61fc6', 'KANJI', '違います');
INSERT INTO "vocabulary"."linkages" ("vocabulary_id", "preferred_definition_id", "preferred_spelling_id", "phonetic_spelling_id", "alt_phonetic_spelling_id", "kanji_spelling_id", "conjugation_set_id") VALUES ('6e44df4a-4366-5c1a-86af-87a4e5f61fc6', 'bcbeadc9-18d4-5cc4-a6df-1f189e75077e', 'ee161c1e-ffc9-5ad7-8e11-d8992a2c37a9', 'ed8a8306-08d3-5dc1-8cdf-6d119bee1db6', NULL, 'eac79d53-8e30-5d62-88f8-cbe7bcf955f9', NULL);
INSERT INTO "vocabulary"."reference" ("vocabulary_id", "lesson_code") VALUES ('6e44df4a-4366-5c1a-86af-87a4e5f61fc6', 'DUO_02_05');
INSERT INTO "vocabulary"."reference" ("vocabulary_id", "lesson_code") VALUES ('6e44df4a-4366-5c1a-86af-87a4e5f61fc6', 'DUO_U08');
-- 違いは何ですか | What is the difference? --;
INSERT INTO "vocabulary"."vocabulary" ("id", "word_class_code", "conjugation_kind_code", "jlpt_level", "row_num", "tags", "date_added") VALUES ('7748dd60-2126-5e30-a5b6-39596a0e25e4', 'EXPRESSION', NULL, NULL, 45, '{}', '2022-04-24');
INSERT INTO "vocabulary"."definition" ("id", "vocabulary_id", "sort_rank", "value") VALUES ('224783bc-4284-5d6e-a5a4-64fc24780f77', '7748dd60-2126-5e30-a5b6-39596a0e25e4', 1, 'What is the difference?');
INSERT INTO "vocabulary"."spelling" ("id", "vocabulary_id", "spelling_kind_code", "value") VALUES ('ef3245e7-cb38-5010-8a7e-8abe854b55d2', '7748dd60-2126-5e30-a5b6-39596a0e25e4', 'KANJI', '違いは何ですか');
INSERT INTO "vocabulary"."spelling" ("id", "vocabulary_id", "spelling_kind_code", "value") VALUES ('4c6029af-f588-5cce-b586-0f1545d5e63d', '7748dd60-2126-5e30-a5b6-39596a0e25e4', 'HIRAGANA', 'ちがいはなんですか');
INSERT INTO "vocabulary"."spelling" ("id", "vocabulary_id", "spelling_kind_code", "value") VALUES ('751af121-5a1d-52e0-b68a-9f6decce21e8', '7748dd60-2126-5e30-a5b6-39596a0e25e4', 'KANJI', '違いは何ですか');
INSERT INTO "vocabulary"."linkages" ("vocabulary_id", "preferred_definition_id", "preferred_spelling_id", "phonetic_spelling_id", "alt_phonetic_spelling_id", "kanji_spelling_id", "conjugation_set_id") VALUES ('7748dd60-2126-5e30-a5b6-39596a0e25e4', '224783bc-4284-5d6e-a5a4-64fc24780f77', 'ef3245e7-cb38-5010-8a7e-8abe854b55d2', '4c6029af-f588-5cce-b586-0f1545d5e63d', NULL, '751af121-5a1d-52e0-b68a-9f6decce21e8', NULL);
INSERT INTO "vocabulary"."reference" ("vocabulary_id", "lesson_code") VALUES ('7748dd60-2126-5e30-a5b6-39596a0e25e4', 'DUO_02_05');
INSERT INTO "vocabulary"."reference" ("vocabulary_id", "lesson_code") VALUES ('7748dd60-2126-5e30-a5b6-39596a0e25e4', 'DUO_U08');
-- 今 | Now --;
INSERT INTO "vocabulary"."vocabulary" ("id", "word_class_code", "conjugation_kind_code", "jlpt_level", "row_num", "tags", "date_added") VALUES ('dce3fe6a-497c-54b2-a121-df6767084258', 'NOUN', NULL, 5, 46, '{time}', '2022-04-24');
INSERT INTO "vocabulary"."definition" ("id", "vocabulary_id", "sort_rank", "value") VALUES ('e245f70f-ea23-59c5-9070-2419deec3104', 'dce3fe6a-497c-54b2-a121-df6767084258', 1, 'Now');
INSERT INTO "vocabulary"."spelling" ("id", "vocabulary_id", "spelling_kind_code", "value") VALUES ('d75ed4c1-f752-5bb1-9502-cd2247464bb9', 'dce3fe6a-497c-54b2-a121-df6767084258', 'KANJI', '今');
INSERT INTO "vocabulary"."spelling" ("id", "vocabulary_id", "spelling_kind_code", "value") VALUES ('b755f3aa-72e8-5cf1-bfb5-1be674ef6cb1', 'dce3fe6a-497c-54b2-a121-df6767084258', 'HIRAGANA', 'いま');
INSERT INTO "vocabulary"."spelling" ("id", "vocabulary_id", "spelling_kind_code", "value") VALUES ('d6a34dbd-5665-59d8-8a36-e54b02c994e7', 'dce3fe6a-497c-54b2-a121-df6767084258', 'KANJI', '今');
INSERT INTO "vocabulary"."linkages" ("vocabulary_id", "preferred_definition_id", "preferred_spelling_id", "phonetic_spelling_id", "alt_phonetic_spelling_id", "kanji_spelling_id", "conjugation_set_id") VALUES ('dce3fe6a-497c-54b2-a121-df6767084258', 'e245f70f-ea23-59c5-9070-2419deec3104', 'd75ed4c1-f752-5bb1-9502-cd2247464bb9', 'b755f3aa-72e8-5cf1-bfb5-1be674ef6cb1', NULL, 'd6a34dbd-5665-59d8-8a36-e54b02c994e7', NULL);
INSERT INTO "vocabulary"."reference" ("vocabulary_id", "lesson_code") VALUES ('dce3fe6a-497c-54b2-a121-df6767084258', 'DUO_02_02');
INSERT INTO "vocabulary"."reference" ("vocabulary_id", "lesson_code") VALUES ('dce3fe6a-497c-54b2-a121-df6767084258', 'DUO_U06');
INSERT INTO "vocabulary"."reference" ("vocabulary_id", "lesson_code") VALUES ('dce3fe6a-497c-54b2-a121-df6767084258', 'GENKI3_L01');
-- 午前 | A.M. --;
INSERT INTO "vocabulary"."vocabulary" ("id", "word_class_code", "conjugation_kind_code", "jlpt_level", "row_num", "tags", "date_added") VALUES ('42ffdbae-c27d-53a4-b113-95583953e16c', 'NOUN', NULL, 5, 47, '{time}', '2022-04-24');
INSERT INTO "vocabulary"."definition" ("id", "vocabulary_id", "sort_rank", "value") VALUES ('34e25082-30e4-5bcc-b102-e06a55c72b2e', '42ffdbae-c27d-53a4-b113-95583953e16c', 1, 'A.M.');
INSERT INTO "vocabulary"."spelling" ("id", "vocabulary_id", "spelling_kind_code", "value") VALUES ('0c620dfa-251d-5ca8-b702-c61cbae6ca2f', '42ffdbae-c27d-53a4-b113-95583953e16c', 'KANJI', '午前');
INSERT INTO "vocabulary"."spelling" ("id", "vocabulary_id", "spelling_kind_code", "value") VALUES ('7a7c00a4-e50d-5d0c-9ad2-7c92f85dc4c7', '42ffdbae-c27d-53a4-b113-95583953e16c', 'HIRAGANA', 'ごぜん');
INSERT INTO "vocabulary"."spelling" ("id", "vocabulary_id", "spelling_kind_code", "value") VALUES ('70d9d1cc-4810-5fef-acfb-015b8ea06e1d', '42ffdbae-c27d-53a4-b113-95583953e16c', 'KANJI', '午前');
INSERT INTO "vocabulary"."linkages" ("vocabulary_id", "preferred_definition_id", "preferred_spelling_id", "phonetic_spelling_id", "alt_phonetic_spelling_id", "kanji_spelling_id", "conjugation_set_id") VALUES ('42ffdbae-c27d-53a4-b113-95583953e16c', '34e25082-30e4-5bcc-b102-e06a55c72b2e', '0c620dfa-251d-5ca8-b702-c61cbae6ca2f', '7a7c00a4-e50d-5d0c-9ad2-7c92f85dc4c7', NULL, '70d9d1cc-4810-5fef-acfb-015b8ea06e1d', NULL);
INSERT INTO "vocabulary"."reference" ("vocabulary_id", "lesson_code") VALUES ('42ffdbae-c27d-53a4-b113-95583953e16c', 'DUO_02_03');
INSERT INTO "vocabulary"."reference" ("vocabulary_id", "lesson_code") VALUES ('42ffdbae-c27d-53a4-b113-95583953e16c', 'DUO_U07');
INSERT INTO "vocabulary"."reference" ("vocabulary_id", "lesson_code") VALUES ('42ffdbae-c27d-53a4-b113-95583953e16c', 'GENKI3_L01');
-- 午後 | P.M. --;
INSERT INTO "vocabulary"."vocabulary" ("id", "word_class_code", "conjugation_kind_code", "jlpt_level", "row_num", "tags", "date_added") VALUES ('94611381-0488-58aa-8cf2-12ad9ff4e2dd', 'NOUN', NULL, 5, 48, '{time}', '2022-04-24');
INSERT INTO "vocabulary"."definition" ("id", "vocabulary_id", "sort_rank", "value") VALUES ('58ed18c5-e537-5ec8-a4f3-60e26c8f3ad2', '94611381-0488-58aa-8cf2-12ad9ff4e2dd', 1, 'P.M.');
INSERT INTO "vocabulary"."spelling" ("id", "vocabulary_id", "spelling_kind_code", "value") VALUES ('26e758fa-c6eb-5e1b-ae8d-08bf84503fbe', '94611381-0488-58aa-8cf2-12ad9ff4e2dd', 'KANJI', '午後');
INSERT INTO "vocabulary"."spelling" ("id", "vocabulary_id", "spelling_kind_code", "value") VALUES ('f11fd478-13c8-5a41-afad-849c63bf211d', '94611381-0488-58aa-8cf2-12ad9ff4e2dd', 'HIRAGANA', 'ごご');
INSERT INTO "vocabulary"."spelling" ("id", "vocabulary_id", "spelling_kind_code", "value") VALUES ('7021f41f-4fda-5183-a7c1-d7135e7a7d90', '94611381-0488-58aa-8cf2-12ad9ff4e2dd', 'KANJI', '午後');
INSERT INTO "vocabulary"."linkages" ("vocabulary_id", "preferred_definition_id", "preferred_spelling_id", "phonetic_spelling_id", "alt_phonetic_spelling_id", "kanji_spelling_id", "conjugation_set_id") VALUES ('94611381-0488-58aa-8cf2-12ad9ff4e2dd', '58ed18c5-e537-5ec8-a4f3-60e26c8f3ad2', '26e758fa-c6eb-5e1b-ae8d-08bf84503fbe', 'f11fd478-13c8-5a41-afad-849c63bf211d', NULL, '7021f41f-4fda-5183-a7c1-d7135e7a7d90', NULL);
INSERT INTO "vocabulary"."reference" ("vocabulary_id", "lesson_code") VALUES ('94611381-0488-58aa-8cf2-12ad9ff4e2dd', 'DUO_02_03');
INSERT INTO "vocabulary"."reference" ("vocabulary_id", "lesson_code") VALUES ('94611381-0488-58aa-8cf2-12ad9ff4e2dd', 'DUO_U07');
INSERT INTO "vocabulary"."reference" ("vocabulary_id", "lesson_code") VALUES ('94611381-0488-58aa-8cf2-12ad9ff4e2dd', 'GENKI3_L01');
-- 〜時 | ...o'clock --;
INSERT INTO "vocabulary"."vocabulary" ("id", "word_class_code", "conjugation_kind_code", "jlpt_level", "row_num", "tags", "date_added") VALUES ('40502e18-b4ba-50b4-89b7-23fd3b4d4a21', 'SUFFIX', NULL, NULL, 49, '{time}', '2022-04-24');
INSERT INTO "vocabulary"."definition" ("id", "vocabulary_id", "sort_rank", "value") VALUES ('91620f9e-a77a-5b08-9178-3aefc9330c68', '40502e18-b4ba-50b4-89b7-23fd3b4d4a21', 1, '...o''clock');
INSERT INTO "vocabulary"."spelling" ("id", "vocabulary_id", "spelling_kind_code", "value") VALUES ('102eaf6a-41aa-59bf-85b0-4fc96dfe7b02', '40502e18-b4ba-50b4-89b7-23fd3b4d4a21', 'KANJI', '〜時');
INSERT INTO "vocabulary"."spelling" ("id", "vocabulary_id", "spelling_kind_code", "value") VALUES ('0b1250d9-3605-51a2-9b61-6a1b523956c9', '40502e18-b4ba-50b4-89b7-23fd3b4d4a21', 'HIRAGANA', '〜じ');
INSERT INTO "vocabulary"."spelling" ("id", "vocabulary_id", "spelling_kind_code", "value") VALUES ('fcefca7c-8ba0-562a-8670-40196c80c912', '40502e18-b4ba-50b4-89b7-23fd3b4d4a21', 'KANJI', '〜時');
INSERT INTO "vocabulary"."linkages" ("vocabulary_id", "preferred_definition_id", "preferred_spelling_id", "phonetic_spelling_id", "alt_phonetic_spelling_id", "kanji_spelling_id", "conjugation_set_id") VALUES ('40502e18-b4ba-50b4-89b7-23fd3b4d4a21', '91620f9e-a77a-5b08-9178-3aefc9330c68', '102eaf6a-41aa-59bf-85b0-4fc96dfe7b02', '0b1250d9-3605-51a2-9b61-6a1b523956c9', NULL, 'fcefca7c-8ba0-562a-8670-40196c80c912', NULL);
INSERT INTO "vocabulary"."reference" ("vocabulary_id", "lesson_code") VALUES ('40502e18-b4ba-50b4-89b7-23fd3b4d4a21', 'DUO_02_02');
INSERT INTO "vocabulary"."reference" ("vocabulary_id", "lesson_code") VALUES ('40502e18-b4ba-50b4-89b7-23fd3b4d4a21', 'DUO_U06');
INSERT INTO "vocabulary"."reference" ("vocabulary_id", "lesson_code") VALUES ('40502e18-b4ba-50b4-89b7-23fd3b4d4a21', 'GENKI3_L01');
-- 半 | half; half-past --;
INSERT INTO "vocabulary"."vocabulary" ("id", "word_class_code", "conjugation_kind_code", "jlpt_level", "row_num", "tags", "date_added") VALUES ('5372b023-b803-551c-9a7f-f404804f63f1', 'NOUN', NULL, 5, 50, '{time}', '2022-04-24');
INSERT INTO "vocabulary"."definition" ("id", "vocabulary_id", "sort_rank", "value") VALUES ('90481c8a-5b9b-5482-bca1-5c1ba6ade244', '5372b023-b803-551c-9a7f-f404804f63f1', 1, 'half; half-past');
INSERT INTO "vocabulary"."spelling" ("id", "vocabulary_id", "spelling_kind_code", "value") VALUES ('37bd4f3b-5c55-5250-96a8-eadc56df5b93', '5372b023-b803-551c-9a7f-f404804f63f1', 'KANJI', '半');
INSERT INTO "vocabulary"."spelling" ("id", "vocabulary_id", "spelling_kind_code", "value") VALUES ('1a9ef59c-1876-53a3-a358-e038b47d3955', '5372b023-b803-551c-9a7f-f404804f63f1', 'HIRAGANA', 'はん');
INSERT INTO "vocabulary"."spelling" ("id", "vocabulary_id", "spelling_kind_code", "value") VALUES ('a32348c2-e293-5005-8ab6-1fc41e744e6a', '5372b023-b803-551c-9a7f-f404804f63f1', 'KANJI', '半');
INSERT INTO "vocabulary"."linkages" ("vocabulary_id", "preferred_definition_id", "preferred_spelling_id", "phonetic_spelling_id", "alt_phonetic_spelling_id", "kanji_spelling_id", "conjugation_set_id") VALUES ('5372b023-b803-551c-9a7f-f404804f63f1', '90481c8a-5b9b-5482-bca1-5c1ba6ade244', '37bd4f3b-5c55-5250-96a8-eadc56df5b93', '1a9ef59c-1876-53a3-a358-e038b47d3955', NULL, 'a32348c2-e293-5005-8ab6-1fc41e744e6a', NULL);
INSERT INTO "vocabulary"."reference" ("vocabulary_id", "lesson_code") VALUES ('5372b023-b803-551c-9a7f-f404804f63f1', 'DUO_02_02');
INSERT INTO "vocabulary"."reference" ("vocabulary_id", "lesson_code") VALUES ('5372b023-b803-551c-9a7f-f404804f63f1', 'DUO_U06');
INSERT INTO "vocabulary"."reference" ("vocabulary_id", "lesson_code") VALUES ('5372b023-b803-551c-9a7f-f404804f63f1', 'GENKI3_L01');
-- 〜分 | minute, arcminutes --;
INSERT INTO "vocabulary"."vocabulary" ("id", "word_class_code", "conjugation_kind_code", "jlpt_level", "row_num", "tags", "date_added") VALUES ('2cf1d32f-b261-5ba6-829c-a9f1237a88d6', 'NOUN', NULL, 1, 51, '{time}', '2022-04-24');
INSERT INTO "vocabulary"."definition" ("id", "vocabulary_id", "sort_rank", "value") VALUES ('fc8e30ae-1ef2-5b2f-b799-b128aa9d6b8e', '2cf1d32f-b261-5ba6-829c-a9f1237a88d6', 1, 'minute, arcminutes');
INSERT INTO "vocabulary"."spelling" ("id", "vocabulary_id", "spelling_kind_code", "value") VALUES ('daa84374-4c99-53dd-bb22-2201b09b2529', '2cf1d32f-b261-5ba6-829c-a9f1237a88d6', 'KANJI', '〜分');
INSERT INTO "vocabulary"."spelling" ("id", "vocabulary_id", "spelling_kind_code", "value") VALUES ('decf2be8-640b-54aa-8b74-516a49e8e740', '2cf1d32f-b261-5ba6-829c-a9f1237a88d6', 'HIRAGANA', '〜ふん');
INSERT INTO "vocabulary"."spelling" ("id", "vocabulary_id", "spelling_kind_code", "value") VALUES ('c6dd7210-a7bc-59cf-a570-55c191db5c83', '2cf1d32f-b261-5ba6-829c-a9f1237a88d6', 'HIRAGANA', '〜ぷん');
INSERT INTO "vocabulary"."spelling" ("id", "vocabulary_id", "spelling_kind_code", "value") VALUES ('968b1468-e28a-5df4-8f6f-92f4908852e1', '2cf1d32f-b261-5ba6-829c-a9f1237a88d6', 'KANJI', '〜分');
INSERT INTO "vocabulary"."linkages" ("vocabulary_id", "preferred_definition_id", "preferred_spelling_id", "phonetic_spelling_id", "alt_phonetic_spelling_id", "kanji_spelling_id", "conjugation_set_id") VALUES ('2cf1d32f-b261-5ba6-829c-a9f1237a88d6', 'fc8e30ae-1ef2-5b2f-b799-b128aa9d6b8e', 'daa84374-4c99-53dd-bb22-2201b09b2529', 'decf2be8-640b-54aa-8b74-516a49e8e740', 'c6dd7210-a7bc-59cf-a570-55c191db5c83', '968b1468-e28a-5df4-8f6f-92f4908852e1', NULL);
INSERT INTO "vocabulary"."reference" ("vocabulary_id", "lesson_code") VALUES ('2cf1d32f-b261-5ba6-829c-a9f1237a88d6', 'DUO_02_02');
INSERT INTO "vocabulary"."reference" ("vocabulary_id", "lesson_code") VALUES ('2cf1d32f-b261-5ba6-829c-a9f1237a88d6', 'DUO_U06');
-- 分 | part, portion, share --;
INSERT INTO "vocabulary"."vocabulary" ("id", "word_class_code", "conjugation_kind_code", "jlpt_level", "row_num", "tags", "date_added") VALUES ('db9793c1-8b7c-481c-bc77-6d36eb4afb30', 'NOUN', NULL, 3, 52, '{}', '2022-08-09');
INSERT INTO "vocabulary"."definition" ("id", "vocabulary_id", "sort_rank", "value") VALUES ('0ead0488-83b8-571f-89e6-a64f932f845a', 'db9793c1-8b7c-481c-bc77-6d36eb4afb30', 1, 'part, portion, share');
INSERT INTO "vocabulary"."spelling" ("id", "vocabulary_id", "spelling_kind_code", "value") VALUES ('2acca732-66b5-5135-a31d-d507a7c3ae35', 'db9793c1-8b7c-481c-bc77-6d36eb4afb30', 'KANJI', '分');
INSERT INTO "vocabulary"."spelling" ("id", "vocabulary_id", "spelling_kind_code", "value") VALUES ('4eb09455-be5f-53b8-82aa-a721a0d83c85', 'db9793c1-8b7c-481c-bc77-6d36eb4afb30', 'HIRAGANA', 'ぶん');
INSERT INTO "vocabulary"."spelling" ("id", "vocabulary_id", "spelling_kind_code", "value") VALUES ('3e56e2b4-77b8-5b5b-9df3-1bf1f8934e45', 'db9793c1-8b7c-481c-bc77-6d36eb4afb30', 'KANJI', '分');
INSERT INTO "vocabulary"."linkages" ("vocabulary_id", "preferred_definition_id", "preferred_spelling_id", "phonetic_spelling_id", "alt_phonetic_spelling_id", "kanji_spelling_id", "conjugation_set_id") VALUES ('db9793c1-8b7c-481c-bc77-6d36eb4afb30', '0ead0488-83b8-571f-89e6-a64f932f845a', '2acca732-66b5-5135-a31d-d507a7c3ae35', '4eb09455-be5f-53b8-82aa-a721a0d83c85', NULL, '3e56e2b4-77b8-5b5b-9df3-1bf1f8934e45', NULL);
-- 〜ごろ | approximately --;
INSERT INTO "vocabulary"."vocabulary" ("id", "word_class_code", "conjugation_kind_code", "jlpt_level", "row_num", "tags", "date_added") VALUES ('a39e794c-9682-5cd5-9c5e-dd961aa92bc5', 'NOUN', NULL, 3, 53, '{time}', '2022-04-24');
INSERT INTO "vocabulary"."definition" ("id", "vocabulary_id", "sort_rank", "value") VALUES ('314a1e72-ae6b-51cf-b8cb-9ace3e575f02', 'a39e794c-9682-5cd5-9c5e-dd961aa92bc5', 1, 'approximately');
INSERT INTO "vocabulary"."spelling" ("id", "vocabulary_id", "spelling_kind_code", "value") VALUES ('a16048d0-d2e9-57aa-a3f0-b15adae3bd95', 'a39e794c-9682-5cd5-9c5e-dd961aa92bc5', 'HIRAGANA', '〜ごろ');
INSERT INTO "vocabulary"."spelling" ("id", "vocabulary_id", "spelling_kind_code", "value") VALUES ('73f2fd59-8226-52ef-9485-62cf1b84274f', 'a39e794c-9682-5cd5-9c5e-dd961aa92bc5', 'HIRAGANA', '〜ごろ');
INSERT INTO "vocabulary"."spelling" ("id", "vocabulary_id", "spelling_kind_code", "value") VALUES ('ead618a5-4a3c-5f13-be94-59a08fa65ab5', 'a39e794c-9682-5cd5-9c5e-dd961aa92bc5', 'KANJI', '〜頃');
INSERT INTO "vocabulary"."linkages" ("vocabulary_id", "preferred_definition_id", "preferred_spelling_id", "phonetic_spelling_id", "alt_phonetic_spelling_id", "kanji_spelling_id", "conjugation_set_id") VALUES ('a39e794c-9682-5cd5-9c5e-dd961aa92bc5', '314a1e72-ae6b-51cf-b8cb-9ace3e575f02', 'a16048d0-d2e9-57aa-a3f0-b15adae3bd95', '73f2fd59-8226-52ef-9485-62cf1b84274f', NULL, 'ead618a5-4a3c-5f13-be94-59a08fa65ab5', NULL);
INSERT INTO "vocabulary"."reference" ("vocabulary_id", "lesson_code") VALUES ('a39e794c-9682-5cd5-9c5e-dd961aa92bc5', 'DUO_02_03');
INSERT INTO "vocabulary"."reference" ("vocabulary_id", "lesson_code") VALUES ('a39e794c-9682-5cd5-9c5e-dd961aa92bc5', 'DUO_U07');
-- ちょうど | exactly --;
INSERT INTO "vocabulary"."vocabulary" ("id", "word_class_code", "conjugation_kind_code", "jlpt_level", "row_num", "tags", "date_added") VALUES ('9e67a677-9058-536e-85d6-389ea5138c86', 'NOUN', NULL, 5, 54, '{time}', '2022-04-24');
INSERT INTO "vocabulary"."definition" ("id", "vocabulary_id", "sort_rank", "value") VALUES ('757b166c-0216-5b01-910c-b53632eb27c4', '9e67a677-9058-536e-85d6-389ea5138c86', 1, 'exactly');
INSERT INTO "vocabulary"."spelling" ("id", "vocabulary_id", "spelling_kind_code", "value") VALUES ('012b4629-9da1-58d6-a554-39232e243ec3', '9e67a677-9058-536e-85d6-389ea5138c86', 'HIRAGANA', 'ちょうど');
INSERT INTO "vocabulary"."spelling" ("id", "vocabulary_id", "spelling_kind_code", "value") VALUES ('c36c78cc-daf3-57f8-9e90-c5261fe34a5b', '9e67a677-9058-536e-85d6-389ea5138c86', 'HIRAGANA', 'ちょうど');
INSERT INTO "vocabulary"."spelling" ("id", "vocabulary_id", "spelling_kind_code", "value") VALUES ('c56b4146-307d-591d-b061-2fd6c3870bfd', '9e67a677-9058-536e-85d6-389ea5138c86', 'KANJI', '丁度');
INSERT INTO "vocabulary"."linkages" ("vocabulary_id", "preferred_definition_id", "preferred_spelling_id", "phonetic_spelling_id", "alt_phonetic_spelling_id", "kanji_spelling_id", "conjugation_set_id") VALUES ('9e67a677-9058-536e-85d6-389ea5138c86', '757b166c-0216-5b01-910c-b53632eb27c4', '012b4629-9da1-58d6-a554-39232e243ec3', 'c36c78cc-daf3-57f8-9e90-c5261fe34a5b', NULL, 'c56b4146-307d-591d-b061-2fd6c3870bfd', NULL);
INSERT INTO "vocabulary"."reference" ("vocabulary_id", "lesson_code") VALUES ('9e67a677-9058-536e-85d6-389ea5138c86', 'DUO_02_02');
INSERT INTO "vocabulary"."reference" ("vocabulary_id", "lesson_code") VALUES ('9e67a677-9058-536e-85d6-389ea5138c86', 'DUO_U06');
-- 零 | zero --;
INSERT INTO "vocabulary"."vocabulary" ("id", "word_class_code", "conjugation_kind_code", "jlpt_level", "row_num", "tags", "date_added") VALUES ('252852aa-aefd-504b-b671-668a33020492', 'NOUN', NULL, 5, 55, '{number,time}', '2022-04-24');
INSERT INTO "vocabulary"."definition" ("id", "vocabulary_id", "sort_rank", "value") VALUES ('c960851c-dc10-51ae-bd83-8f1578b39686', '252852aa-aefd-504b-b671-668a33020492', 1, 'zero');
INSERT INTO "vocabulary"."spelling" ("id", "vocabulary_id", "spelling_kind_code", "value") VALUES ('a757666c-9857-5976-b5e4-cc900d9fe321', '252852aa-aefd-504b-b671-668a33020492', 'KANJI', '零');
INSERT INTO "vocabulary"."spelling" ("id", "vocabulary_id", "spelling_kind_code", "value") VALUES ('eb30e610-1f96-5454-8e6c-fe7d422f8a81', '252852aa-aefd-504b-b671-668a33020492', 'HIRAGANA', 'れい');
INSERT INTO "vocabulary"."spelling" ("id", "vocabulary_id", "spelling_kind_code", "value") VALUES ('2c1e4740-dd0f-5628-aecd-a4b5224e5f11', '252852aa-aefd-504b-b671-668a33020492', 'KANJI', '零');
INSERT INTO "vocabulary"."linkages" ("vocabulary_id", "preferred_definition_id", "preferred_spelling_id", "phonetic_spelling_id", "alt_phonetic_spelling_id", "kanji_spelling_id", "conjugation_set_id") VALUES ('252852aa-aefd-504b-b671-668a33020492', 'c960851c-dc10-51ae-bd83-8f1578b39686', 'a757666c-9857-5976-b5e4-cc900d9fe321', 'eb30e610-1f96-5454-8e6c-fe7d422f8a81', NULL, '2c1e4740-dd0f-5628-aecd-a4b5224e5f11', NULL);
INSERT INTO "vocabulary"."reference" ("vocabulary_id", "lesson_code") VALUES ('252852aa-aefd-504b-b671-668a33020492', 'DUO_02_03');
INSERT INTO "vocabulary"."reference" ("vocabulary_id", "lesson_code") VALUES ('252852aa-aefd-504b-b671-668a33020492', 'DUO_U07');
-- 日本 | Japan --;
INSERT INTO "vocabulary"."vocabulary" ("id", "word_class_code", "conjugation_kind_code", "jlpt_level", "row_num", "tags", "date_added") VALUES ('cc6a4913-6f39-521b-a0cf-9631f640800e', 'PROPER_NOUN', NULL, 3, 56, '{country,place}', '2022-04-24');
INSERT INTO "vocabulary"."definition" ("id", "vocabulary_id", "sort_rank", "value") VALUES ('c85faeda-d991-5afd-bf9c-d27c4a946dc3', 'cc6a4913-6f39-521b-a0cf-9631f640800e', 1, 'Japan');
INSERT INTO "vocabulary"."spelling" ("id", "vocabulary_id", "spelling_kind_code", "value") VALUES ('54117b1d-27b2-52fc-8e90-5059833e1338', 'cc6a4913-6f39-521b-a0cf-9631f640800e', 'KANJI', '日本');
INSERT INTO "vocabulary"."spelling" ("id", "vocabulary_id", "spelling_kind_code", "value") VALUES ('b93caac7-6efe-55a8-9253-2476c90453d5', 'cc6a4913-6f39-521b-a0cf-9631f640800e', 'HIRAGANA', 'にほん');
INSERT INTO "vocabulary"."spelling" ("id", "vocabulary_id", "spelling_kind_code", "value") VALUES ('2de9cb9c-5b60-5452-b189-b16a2cf8e26b', 'cc6a4913-6f39-521b-a0cf-9631f640800e', 'KANJI', '日本');
INSERT INTO "vocabulary"."linkages" ("vocabulary_id", "preferred_definition_id", "preferred_spelling_id", "phonetic_spelling_id", "alt_phonetic_spelling_id", "kanji_spelling_id", "conjugation_set_id") VALUES ('cc6a4913-6f39-521b-a0cf-9631f640800e', 'c85faeda-d991-5afd-bf9c-d27c4a946dc3', '54117b1d-27b2-52fc-8e90-5059833e1338', 'b93caac7-6efe-55a8-9253-2476c90453d5', NULL, '2de9cb9c-5b60-5452-b189-b16a2cf8e26b', NULL);
INSERT INTO "vocabulary"."reference" ("vocabulary_id", "lesson_code") VALUES ('cc6a4913-6f39-521b-a0cf-9631f640800e', 'GENKI3_L01');
-- アメリカ | America --;
INSERT INTO "vocabulary"."vocabulary" ("id", "word_class_code", "conjugation_kind_code", "jlpt_level", "row_num", "tags", "date_added") VALUES ('522e0796-297d-5bf2-be85-e93596baa6bf', 'PROPER_NOUN', NULL, 4, 57, '{country,place}', '2022-04-24');
INSERT INTO "vocabulary"."definition" ("id", "vocabulary_id", "sort_rank", "value") VALUES ('149a6cc5-42eb-5f45-8476-5f8492afc341', '522e0796-297d-5bf2-be85-e93596baa6bf', 1, 'America');
INSERT INTO "vocabulary"."spelling" ("id", "vocabulary_id", "spelling_kind_code", "value") VALUES ('f891814e-6dac-545a-b7c2-1c46e48d8696', '522e0796-297d-5bf2-be85-e93596baa6bf', 'KATAKANA', 'アメリカ');
INSERT INTO "vocabulary"."spelling" ("id", "vocabulary_id", "spelling_kind_code", "value") VALUES ('5c3e1aa1-26f8-598e-b4e3-9dbb9938a84e', '522e0796-297d-5bf2-be85-e93596baa6bf', 'HIRAGANA', 'あめりか');
INSERT INTO "vocabulary"."linkages" ("vocabulary_id", "preferred_definition_id", "preferred_spelling_id", "phonetic_spelling_id", "alt_phonetic_spelling_id", "kanji_spelling_id", "conjugation_set_id") VALUES ('522e0796-297d-5bf2-be85-e93596baa6bf', '149a6cc5-42eb-5f45-8476-5f8492afc341', 'f891814e-6dac-545a-b7c2-1c46e48d8696', '5c3e1aa1-26f8-598e-b4e3-9dbb9938a84e', NULL, NULL, NULL);
INSERT INTO "vocabulary"."reference" ("vocabulary_id", "lesson_code") VALUES ('522e0796-297d-5bf2-be85-e93596baa6bf', 'GENKI3_L01');
-- 〜語 | ...language --;
INSERT INTO "vocabulary"."vocabulary" ("id", "word_class_code", "conjugation_kind_code", "jlpt_level", "row_num", "tags", "date_added") VALUES ('a420a37b-593e-572e-aae7-d724eca6803d', 'NOUN', NULL, 3, 58, '{}', '2022-04-24');
INSERT INTO "vocabulary"."definition" ("id", "vocabulary_id", "sort_rank", "value") VALUES ('5ef0651b-575c-565a-a139-0aea90091172', 'a420a37b-593e-572e-aae7-d724eca6803d', 1, '...language');
INSERT INTO "vocabulary"."spelling" ("id", "vocabulary_id", "spelling_kind_code", "value") VALUES ('974f11b0-99a3-5cce-9391-7ed06bb1a6aa', 'a420a37b-593e-572e-aae7-d724eca6803d', 'KANJI', '〜語');
INSERT INTO "vocabulary"."spelling" ("id", "vocabulary_id", "spelling_kind_code", "value") VALUES ('a9decf66-fe8f-544b-bc84-62b0db0a1747', 'a420a37b-593e-572e-aae7-d724eca6803d', 'HIRAGANA', '〜ご');
INSERT INTO "vocabulary"."spelling" ("id", "vocabulary_id", "spelling_kind_code", "value") VALUES ('d1df585c-d44d-532e-8ffe-d5e32eb430f5', 'a420a37b-593e-572e-aae7-d724eca6803d', 'KANJI', '〜語');
INSERT INTO "vocabulary"."linkages" ("vocabulary_id", "preferred_definition_id", "preferred_spelling_id", "phonetic_spelling_id", "alt_phonetic_spelling_id", "kanji_spelling_id", "conjugation_set_id") VALUES ('a420a37b-593e-572e-aae7-d724eca6803d', '5ef0651b-575c-565a-a139-0aea90091172', '974f11b0-99a3-5cce-9391-7ed06bb1a6aa', 'a9decf66-fe8f-544b-bc84-62b0db0a1747', NULL, 'd1df585c-d44d-532e-8ffe-d5e32eb430f5', NULL);
INSERT INTO "vocabulary"."reference" ("vocabulary_id", "lesson_code") VALUES ('a420a37b-593e-572e-aae7-d724eca6803d', 'GENKI3_L01');
-- 〜歳 | ...years old --;
INSERT INTO "vocabulary"."vocabulary" ("id", "word_class_code", "conjugation_kind_code", "jlpt_level", "row_num", "tags", "date_added") VALUES ('c59169cb-e5ad-5311-a9ce-43764a5ddda6', 'SUFFIX', NULL, NULL, 59, '{}', '2022-04-24');
INSERT INTO "vocabulary"."definition" ("id", "vocabulary_id", "sort_rank", "value") VALUES ('3d5d0c1a-90a6-53cc-8a7d-05285a99bc7a', 'c59169cb-e5ad-5311-a9ce-43764a5ddda6', 1, '...years old');
INSERT INTO "vocabulary"."spelling" ("id", "vocabulary_id", "spelling_kind_code", "value") VALUES ('d26fc8f7-f1f5-5297-8283-494f044f7b4a', 'c59169cb-e5ad-5311-a9ce-43764a5ddda6', 'KANJI', '〜歳');
INSERT INTO "vocabulary"."spelling" ("id", "vocabulary_id", "spelling_kind_code", "value") VALUES ('4d4cc18a-83c6-5431-a2e9-85e054a09075', 'c59169cb-e5ad-5311-a9ce-43764a5ddda6', 'HIRAGANA', '〜さい');
INSERT INTO "vocabulary"."spelling" ("id", "vocabulary_id", "spelling_kind_code", "value") VALUES ('074fddbf-75a1-57d4-bd22-cfb53dff5434', 'c59169cb-e5ad-5311-a9ce-43764a5ddda6', 'KANJI', '〜歳');
INSERT INTO "vocabulary"."linkages" ("vocabulary_id", "preferred_definition_id", "preferred_spelling_id", "phonetic_spelling_id", "alt_phonetic_spelling_id", "kanji_spelling_id", "conjugation_set_id") VALUES ('c59169cb-e5ad-5311-a9ce-43764a5ddda6', '3d5d0c1a-90a6-53cc-8a7d-05285a99bc7a', 'd26fc8f7-f1f5-5297-8283-494f044f7b4a', '4d4cc18a-83c6-5431-a2e9-85e054a09075', NULL, '074fddbf-75a1-57d4-bd22-cfb53dff5434', NULL);
INSERT INTO "vocabulary"."reference" ("vocabulary_id", "lesson_code") VALUES ('c59169cb-e5ad-5311-a9ce-43764a5ddda6', 'GENKI3_L01');
-- 電話 | telephone --;
INSERT INTO "vocabulary"."vocabulary" ("id", "word_class_code", "conjugation_kind_code", "jlpt_level", "row_num", "tags", "date_added") VALUES ('1731f988-dcfb-5b31-bda9-c8988a5711bf', 'NOUN', NULL, 5, 60, '{}', '2022-04-24');
INSERT INTO "vocabulary"."definition" ("id", "vocabulary_id", "sort_rank", "value") VALUES ('cd715817-45dc-5d6b-9f20-39f9fadb9e54', '1731f988-dcfb-5b31-bda9-c8988a5711bf', 1, 'telephone');
INSERT INTO "vocabulary"."spelling" ("id", "vocabulary_id", "spelling_kind_code", "value") VALUES ('d6538c52-0d3a-5c30-a5b3-483040ecb63b', '1731f988-dcfb-5b31-bda9-c8988a5711bf', 'KANJI', '電話');
INSERT INTO "vocabulary"."spelling" ("id", "vocabulary_id", "spelling_kind_code", "value") VALUES ('31e67484-420b-518f-93b6-db4e772e079c', '1731f988-dcfb-5b31-bda9-c8988a5711bf', 'HIRAGANA', 'でんわ');
INSERT INTO "vocabulary"."spelling" ("id", "vocabulary_id", "spelling_kind_code", "value") VALUES ('19861d2e-8761-53be-bb53-98a3e165a930', '1731f988-dcfb-5b31-bda9-c8988a5711bf', 'KANJI', '電話');
INSERT INTO "vocabulary"."linkages" ("vocabulary_id", "preferred_definition_id", "preferred_spelling_id", "phonetic_spelling_id", "alt_phonetic_spelling_id", "kanji_spelling_id", "conjugation_set_id") VALUES ('1731f988-dcfb-5b31-bda9-c8988a5711bf', 'cd715817-45dc-5d6b-9f20-39f9fadb9e54', 'd6538c52-0d3a-5c30-a5b3-483040ecb63b', '31e67484-420b-518f-93b6-db4e772e079c', NULL, '19861d2e-8761-53be-bb53-98a3e165a930', NULL);
INSERT INTO "vocabulary"."reference" ("vocabulary_id", "lesson_code") VALUES ('1731f988-dcfb-5b31-bda9-c8988a5711bf', 'DUO_01_04');
INSERT INTO "vocabulary"."reference" ("vocabulary_id", "lesson_code") VALUES ('1731f988-dcfb-5b31-bda9-c8988a5711bf', 'DUO_U02');
INSERT INTO "vocabulary"."reference" ("vocabulary_id", "lesson_code") VALUES ('1731f988-dcfb-5b31-bda9-c8988a5711bf', 'GENKI3_L01');
-- 〜番 | number (in a series) --;
INSERT INTO "vocabulary"."vocabulary" ("id", "word_class_code", "conjugation_kind_code", "jlpt_level", "row_num", "tags", "date_added") VALUES ('f6524cfb-fa66-56ae-ae4c-0e38a8b6e54c', 'NOUN', NULL, 3, 61, '{}', '2022-04-24');
INSERT INTO "vocabulary"."definition" ("id", "vocabulary_id", "sort_rank", "value") VALUES ('bee0793b-7db6-57c9-badd-8303793e42f6', 'f6524cfb-fa66-56ae-ae4c-0e38a8b6e54c', 1, 'number (in a series)');
INSERT INTO "vocabulary"."spelling" ("id", "vocabulary_id", "spelling_kind_code", "value") VALUES ('47e6e09a-2939-5548-9313-e62f55837936', 'f6524cfb-fa66-56ae-ae4c-0e38a8b6e54c', 'KANJI', '〜番');
INSERT INTO "vocabulary"."spelling" ("id", "vocabulary_id", "spelling_kind_code", "value") VALUES ('2d6b6ff2-bc19-55d3-a309-d0319bfa5b5c', 'f6524cfb-fa66-56ae-ae4c-0e38a8b6e54c', 'HIRAGANA', '〜ばん');
INSERT INTO "vocabulary"."spelling" ("id", "vocabulary_id", "spelling_kind_code", "value") VALUES ('0e85eaf8-0a33-5072-8b39-8d4d30a30e47', 'f6524cfb-fa66-56ae-ae4c-0e38a8b6e54c', 'KANJI', '〜番');
INSERT INTO "vocabulary"."linkages" ("vocabulary_id", "preferred_definition_id", "preferred_spelling_id", "phonetic_spelling_id", "alt_phonetic_spelling_id", "kanji_spelling_id", "conjugation_set_id") VALUES ('f6524cfb-fa66-56ae-ae4c-0e38a8b6e54c', 'bee0793b-7db6-57c9-badd-8303793e42f6', '47e6e09a-2939-5548-9313-e62f55837936', '2d6b6ff2-bc19-55d3-a309-d0319bfa5b5c', NULL, '0e85eaf8-0a33-5072-8b39-8d4d30a30e47', NULL);
INSERT INTO "vocabulary"."reference" ("vocabulary_id", "lesson_code") VALUES ('f6524cfb-fa66-56ae-ae4c-0e38a8b6e54c', 'GENKI3_L01');
-- 番号 | number; series of digits --;
INSERT INTO "vocabulary"."vocabulary" ("id", "word_class_code", "conjugation_kind_code", "jlpt_level", "row_num", "tags", "date_added") VALUES ('d8f98686-282e-5c5f-88b2-4e046e707e54', 'NOUN', NULL, 5, 62, '{}', '2022-04-24');
INSERT INTO "vocabulary"."definition" ("id", "vocabulary_id", "sort_rank", "value") VALUES ('6dab218a-ce20-5255-9937-b4d90b8af4a9', 'd8f98686-282e-5c5f-88b2-4e046e707e54', 1, 'number; series of digits');
INSERT INTO "vocabulary"."spelling" ("id", "vocabulary_id", "spelling_kind_code", "value") VALUES ('aead9a27-1791-5cb5-8507-e801c2c9183e', 'd8f98686-282e-5c5f-88b2-4e046e707e54', 'KANJI', '番号');
INSERT INTO "vocabulary"."spelling" ("id", "vocabulary_id", "spelling_kind_code", "value") VALUES ('9f1829ad-0394-521c-92f9-203cb4e50d1d', 'd8f98686-282e-5c5f-88b2-4e046e707e54', 'HIRAGANA', 'ばんごう');
INSERT INTO "vocabulary"."spelling" ("id", "vocabulary_id", "spelling_kind_code", "value") VALUES ('4169e8ee-34aa-5fc8-8f0b-1637a25fbb39', 'd8f98686-282e-5c5f-88b2-4e046e707e54', 'KANJI', '番号');
INSERT INTO "vocabulary"."linkages" ("vocabulary_id", "preferred_definition_id", "preferred_spelling_id", "phonetic_spelling_id", "alt_phonetic_spelling_id", "kanji_spelling_id", "conjugation_set_id") VALUES ('d8f98686-282e-5c5f-88b2-4e046e707e54', '6dab218a-ce20-5255-9937-b4d90b8af4a9', 'aead9a27-1791-5cb5-8507-e801c2c9183e', '9f1829ad-0394-521c-92f9-203cb4e50d1d', NULL, '4169e8ee-34aa-5fc8-8f0b-1637a25fbb39', NULL);
INSERT INTO "vocabulary"."reference" ("vocabulary_id", "lesson_code") VALUES ('d8f98686-282e-5c5f-88b2-4e046e707e54', 'GENKI3_L01');
-- 名前 | name --;
INSERT INTO "vocabulary"."vocabulary" ("id", "word_class_code", "conjugation_kind_code", "jlpt_level", "row_num", "tags", "date_added") VALUES ('728f5a87-3848-5450-a941-f9cd0f898067', 'NOUN', NULL, 5, 63, '{}', '2022-04-24');
INSERT INTO "vocabulary"."definition" ("id", "vocabulary_id", "sort_rank", "value") VALUES ('ac8be3bc-0d6c-5a26-91bf-2f1469b8cbab', '728f5a87-3848-5450-a941-f9cd0f898067', 1, 'name');
INSERT INTO "vocabulary"."spelling" ("id", "vocabulary_id", "spelling_kind_code", "value") VALUES ('0ba2fb79-dc7e-5b1c-840c-887c15f6fa2c', '728f5a87-3848-5450-a941-f9cd0f898067', 'KANJI', '名前');
INSERT INTO "vocabulary"."spelling" ("id", "vocabulary_id", "spelling_kind_code", "value") VALUES ('46ef4882-abf7-5c39-ab39-ea655db75cd0', '728f5a87-3848-5450-a941-f9cd0f898067', 'HIRAGANA', 'なまえ');
INSERT INTO "vocabulary"."spelling" ("id", "vocabulary_id", "spelling_kind_code", "value") VALUES ('959e4884-d3a3-5d17-83a9-26d57e053ff2', '728f5a87-3848-5450-a941-f9cd0f898067', 'KANJI', '名前');
INSERT INTO "vocabulary"."linkages" ("vocabulary_id", "preferred_definition_id", "preferred_spelling_id", "phonetic_spelling_id", "alt_phonetic_spelling_id", "kanji_spelling_id", "conjugation_set_id") VALUES ('728f5a87-3848-5450-a941-f9cd0f898067', 'ac8be3bc-0d6c-5a26-91bf-2f1469b8cbab', '0ba2fb79-dc7e-5b1c-840c-887c15f6fa2c', '46ef4882-abf7-5c39-ab39-ea655db75cd0', NULL, '959e4884-d3a3-5d17-83a9-26d57e053ff2', NULL);
INSERT INTO "vocabulary"."reference" ("vocabulary_id", "lesson_code") VALUES ('728f5a87-3848-5450-a941-f9cd0f898067', 'GENKI3_L01');
-- 何 | what --;
INSERT INTO "vocabulary"."vocabulary" ("id", "word_class_code", "conjugation_kind_code", "jlpt_level", "row_num", "tags", "date_added") VALUES ('507092ff-6dc3-5749-a9c3-79ba8d2bc360', 'PRONOUN', NULL, 5, 64, '{}', '2022-04-24');
INSERT INTO "vocabulary"."definition" ("id", "vocabulary_id", "sort_rank", "value") VALUES ('54a39872-8f7b-5f2c-aa21-c43e5d64ad17', '507092ff-6dc3-5749-a9c3-79ba8d2bc360', 1, 'what');
INSERT INTO "vocabulary"."spelling" ("id", "vocabulary_id", "spelling_kind_code", "value") VALUES ('9cc27352-c54d-5ab0-a777-bac3cd6522f3', '507092ff-6dc3-5749-a9c3-79ba8d2bc360', 'KANJI', '何');
INSERT INTO "vocabulary"."spelling" ("id", "vocabulary_id", "spelling_kind_code", "value") VALUES ('db5f330d-315c-5fc0-853d-da872e527155', '507092ff-6dc3-5749-a9c3-79ba8d2bc360', 'HIRAGANA', 'なに');
INSERT INTO "vocabulary"."spelling" ("id", "vocabulary_id", "spelling_kind_code", "value") VALUES ('2f0fd17f-ad68-5b75-a265-c0715f151b5d', '507092ff-6dc3-5749-a9c3-79ba8d2bc360', 'HIRAGANA', 'なん');
INSERT INTO "vocabulary"."spelling" ("id", "vocabulary_id", "spelling_kind_code", "value") VALUES ('e56e551a-ae26-5a89-9504-4032dbd2de79', '507092ff-6dc3-5749-a9c3-79ba8d2bc360', 'KANJI', '何');
INSERT INTO "vocabulary"."linkages" ("vocabulary_id", "preferred_definition_id", "preferred_spelling_id", "phonetic_spelling_id", "alt_phonetic_spelling_id", "kanji_spelling_id", "conjugation_set_id") VALUES ('507092ff-6dc3-5749-a9c3-79ba8d2bc360', '54a39872-8f7b-5f2c-aa21-c43e5d64ad17', '9cc27352-c54d-5ab0-a777-bac3cd6522f3', 'db5f330d-315c-5fc0-853d-da872e527155', '2f0fd17f-ad68-5b75-a265-c0715f151b5d', 'e56e551a-ae26-5a89-9504-4032dbd2de79', NULL);
INSERT INTO "vocabulary"."reference" ("vocabulary_id", "lesson_code") VALUES ('507092ff-6dc3-5749-a9c3-79ba8d2bc360', 'GENKI3_L01');
-- あのう | um --;
INSERT INTO "vocabulary"."vocabulary" ("id", "word_class_code", "conjugation_kind_code", "jlpt_level", "row_num", "tags", "date_added") VALUES ('84e857b9-5605-51fb-bfb3-8cc08eb579d3', 'EXPRESSION', NULL, 5, 65, '{}', '2022-04-24');
INSERT INTO "vocabulary"."definition" ("id", "vocabulary_id", "sort_rank", "value") VALUES ('950bac62-c8bb-5e9e-b255-38106d4f257a', '84e857b9-5605-51fb-bfb3-8cc08eb579d3', 1, 'um');
INSERT INTO "vocabulary"."spelling" ("id", "vocabulary_id", "spelling_kind_code", "value") VALUES ('75603bd5-e239-536f-9057-93e3a983473b', '84e857b9-5605-51fb-bfb3-8cc08eb579d3', 'HIRAGANA', 'あのう');
INSERT INTO "vocabulary"."spelling" ("id", "vocabulary_id", "spelling_kind_code", "value") VALUES ('8eb32dc6-3ef2-5f70-8513-b70c886b0a0b', '84e857b9-5605-51fb-bfb3-8cc08eb579d3', 'HIRAGANA', 'あのう');
INSERT INTO "vocabulary"."linkages" ("vocabulary_id", "preferred_definition_id", "preferred_spelling_id", "phonetic_spelling_id", "alt_phonetic_spelling_id", "kanji_spelling_id", "conjugation_set_id") VALUES ('84e857b9-5605-51fb-bfb3-8cc08eb579d3', '950bac62-c8bb-5e9e-b255-38106d4f257a', '75603bd5-e239-536f-9057-93e3a983473b', '8eb32dc6-3ef2-5f70-8513-b70c886b0a0b', NULL, NULL, NULL);
INSERT INTO "vocabulary"."reference" ("vocabulary_id", "lesson_code") VALUES ('84e857b9-5605-51fb-bfb3-8cc08eb579d3', 'GENKI3_L01');
-- はい | yes --;
INSERT INTO "vocabulary"."vocabulary" ("id", "word_class_code", "conjugation_kind_code", "jlpt_level", "row_num", "tags", "date_added") VALUES ('dde2be42-c934-53fc-9dc6-3ce12b727924', 'INTERJECTION', NULL, 5, 66, '{}', '2022-04-24');
INSERT INTO "vocabulary"."definition" ("id", "vocabulary_id", "sort_rank", "value") VALUES ('295addc7-c68d-555e-9377-27b6eafd7129', 'dde2be42-c934-53fc-9dc6-3ce12b727924', 1, 'yes');
INSERT INTO "vocabulary"."spelling" ("id", "vocabulary_id", "spelling_kind_code", "value") VALUES ('47c46da2-8df0-516a-980a-5047552faeff', 'dde2be42-c934-53fc-9dc6-3ce12b727924', 'HIRAGANA', 'はい');
INSERT INTO "vocabulary"."spelling" ("id", "vocabulary_id", "spelling_kind_code", "value") VALUES ('011863f2-ddc7-52c6-9550-2a920447c59d', 'dde2be42-c934-53fc-9dc6-3ce12b727924', 'HIRAGANA', 'はい');
INSERT INTO "vocabulary"."linkages" ("vocabulary_id", "preferred_definition_id", "preferred_spelling_id", "phonetic_spelling_id", "alt_phonetic_spelling_id", "kanji_spelling_id", "conjugation_set_id") VALUES ('dde2be42-c934-53fc-9dc6-3ce12b727924', '295addc7-c68d-555e-9377-27b6eafd7129', '47c46da2-8df0-516a-980a-5047552faeff', '011863f2-ddc7-52c6-9550-2a920447c59d', NULL, NULL, NULL);
INSERT INTO "vocabulary"."reference" ("vocabulary_id", "lesson_code") VALUES ('dde2be42-c934-53fc-9dc6-3ce12b727924', 'GENKI3_L01');
-- いいえ | no --;
INSERT INTO "vocabulary"."vocabulary" ("id", "word_class_code", "conjugation_kind_code", "jlpt_level", "row_num", "tags", "date_added") VALUES ('0428342a-6b57-5e6f-b1c6-4aa6ccfdb267', 'INTERJECTION', NULL, 5, 67, '{}', '2022-04-24');
INSERT INTO "vocabulary"."definition" ("id", "vocabulary_id", "sort_rank", "value") VALUES ('c7e79a47-4757-562f-ac27-bbec5c052b16', '0428342a-6b57-5e6f-b1c6-4aa6ccfdb267', 1, 'no');
INSERT INTO "vocabulary"."spelling" ("id", "vocabulary_id", "spelling_kind_code", "value") VALUES ('2bacff3a-72c9-55c8-8af9-e885a4c350ff', '0428342a-6b57-5e6f-b1c6-4aa6ccfdb267', 'HIRAGANA', 'いいえ');
INSERT INTO "vocabulary"."spelling" ("id", "vocabulary_id", "spelling_kind_code", "value") VALUES ('73e82014-f7ee-5ca9-9ba7-48c8d9a53162', '0428342a-6b57-5e6f-b1c6-4aa6ccfdb267', 'HIRAGANA', 'いいえ');
INSERT INTO "vocabulary"."linkages" ("vocabulary_id", "preferred_definition_id", "preferred_spelling_id", "phonetic_spelling_id", "alt_phonetic_spelling_id", "kanji_spelling_id", "conjugation_set_id") VALUES ('0428342a-6b57-5e6f-b1c6-4aa6ccfdb267', 'c7e79a47-4757-562f-ac27-bbec5c052b16', '2bacff3a-72c9-55c8-8af9-e885a4c350ff', '73e82014-f7ee-5ca9-9ba7-48c8d9a53162', NULL, NULL, NULL);
INSERT INTO "vocabulary"."reference" ("vocabulary_id", "lesson_code") VALUES ('0428342a-6b57-5e6f-b1c6-4aa6ccfdb267', 'GENKI3_L01');
-- そうです | that is so;  that is right --;
INSERT INTO "vocabulary"."vocabulary" ("id", "word_class_code", "conjugation_kind_code", "jlpt_level", "row_num", "tags", "date_added") VALUES ('a48cfff2-551b-5525-bf29-f706571e7e15', 'EXPRESSION', NULL, NULL, 68, '{}', '2022-04-24');
INSERT INTO "vocabulary"."definition" ("id", "vocabulary_id", "sort_rank", "value") VALUES ('6a388f8c-1f45-5c6a-8a1b-de76c75ff525', 'a48cfff2-551b-5525-bf29-f706571e7e15', 1, 'that is so;  that is right');
INSERT INTO "vocabulary"."spelling" ("id", "vocabulary_id", "spelling_kind_code", "value") VALUES ('4ffe6f85-1348-5fd7-a531-056164f5f978', 'a48cfff2-551b-5525-bf29-f706571e7e15', 'HIRAGANA', 'そうです');
INSERT INTO "vocabulary"."spelling" ("id", "vocabulary_id", "spelling_kind_code", "value") VALUES ('00f1b374-70d7-5948-9f89-f5d7f6a35b02', 'a48cfff2-551b-5525-bf29-f706571e7e15', 'HIRAGANA', 'そうです');
INSERT INTO "vocabulary"."linkages" ("vocabulary_id", "preferred_definition_id", "preferred_spelling_id", "phonetic_spelling_id", "alt_phonetic_spelling_id", "kanji_spelling_id", "conjugation_set_id") VALUES ('a48cfff2-551b-5525-bf29-f706571e7e15', '6a388f8c-1f45-5c6a-8a1b-de76c75ff525', '4ffe6f85-1348-5fd7-a531-056164f5f978', '00f1b374-70d7-5948-9f89-f5d7f6a35b02', NULL, NULL, NULL);
INSERT INTO "vocabulary"."reference" ("vocabulary_id", "lesson_code") VALUES ('a48cfff2-551b-5525-bf29-f706571e7e15', 'GENKI3_L01');
-- そうですか | i see; is that so? --;
INSERT INTO "vocabulary"."vocabulary" ("id", "word_class_code", "conjugation_kind_code", "jlpt_level", "row_num", "tags", "date_added") VALUES ('311cf3c0-5798-551b-a933-eb33c4ce7843', 'EXPRESSION', NULL, NULL, 69, '{}', '2022-04-24');
INSERT INTO "vocabulary"."definition" ("id", "vocabulary_id", "sort_rank", "value") VALUES ('a76fda11-4a20-5f2d-979f-6fdf4fb122a5', '311cf3c0-5798-551b-a933-eb33c4ce7843', 1, 'i see; is that so?');
INSERT INTO "vocabulary"."spelling" ("id", "vocabulary_id", "spelling_kind_code", "value") VALUES ('523c1c1e-8589-50f9-9cbe-6252ea640bec', '311cf3c0-5798-551b-a933-eb33c4ce7843', 'HIRAGANA', 'そうですか');
INSERT INTO "vocabulary"."spelling" ("id", "vocabulary_id", "spelling_kind_code", "value") VALUES ('4171058e-6be8-5468-ab39-4ac0aa1d66b4', '311cf3c0-5798-551b-a933-eb33c4ce7843', 'HIRAGANA', 'そうですか');
INSERT INTO "vocabulary"."linkages" ("vocabulary_id", "preferred_definition_id", "preferred_spelling_id", "phonetic_spelling_id", "alt_phonetic_spelling_id", "kanji_spelling_id", "conjugation_set_id") VALUES ('311cf3c0-5798-551b-a933-eb33c4ce7843', 'a76fda11-4a20-5f2d-979f-6fdf4fb122a5', '523c1c1e-8589-50f9-9cbe-6252ea640bec', '4171058e-6be8-5468-ab39-4ac0aa1d66b4', NULL, NULL, NULL);
INSERT INTO "vocabulary"."reference" ("vocabulary_id", "lesson_code") VALUES ('311cf3c0-5798-551b-a933-eb33c4ce7843', 'GENKI3_L01');
-- イギリス | England --;
INSERT INTO "vocabulary"."vocabulary" ("id", "word_class_code", "conjugation_kind_code", "jlpt_level", "row_num", "tags", "date_added") VALUES ('40483fe8-7fda-56b7-b28b-eedb9da50a52', 'PROPER_NOUN', NULL, NULL, 70, '{country,place}', '2022-04-24');
INSERT INTO "vocabulary"."definition" ("id", "vocabulary_id", "sort_rank", "value") VALUES ('9753f68b-39af-540a-8349-4f07d6af100f', '40483fe8-7fda-56b7-b28b-eedb9da50a52', 1, 'England');
INSERT INTO "vocabulary"."spelling" ("id", "vocabulary_id", "spelling_kind_code", "value") VALUES ('25499d5d-a5e7-5169-92a9-97de3b3c5497', '40483fe8-7fda-56b7-b28b-eedb9da50a52', 'KATAKANA', 'イギリス');
INSERT INTO "vocabulary"."spelling" ("id", "vocabulary_id", "spelling_kind_code", "value") VALUES ('8ec8aa3a-4672-5db1-8c2f-da9d4ede0e06', '40483fe8-7fda-56b7-b28b-eedb9da50a52', 'HIRAGANA', 'いぎりす');
INSERT INTO "vocabulary"."linkages" ("vocabulary_id", "preferred_definition_id", "preferred_spelling_id", "phonetic_spelling_id", "alt_phonetic_spelling_id", "kanji_spelling_id", "conjugation_set_id") VALUES ('40483fe8-7fda-56b7-b28b-eedb9da50a52', '9753f68b-39af-540a-8349-4f07d6af100f', '25499d5d-a5e7-5169-92a9-97de3b3c5497', '8ec8aa3a-4672-5db1-8c2f-da9d4ede0e06', NULL, NULL, NULL);
INSERT INTO "vocabulary"."reference" ("vocabulary_id", "lesson_code") VALUES ('40483fe8-7fda-56b7-b28b-eedb9da50a52', 'GENKI3_L01');
-- オーストラリア | Australia --;
INSERT INTO "vocabulary"."vocabulary" ("id", "word_class_code", "conjugation_kind_code", "jlpt_level", "row_num", "tags", "date_added") VALUES ('2a0ff39c-471b-56d1-a2b2-39f20596f70c', 'PROPER_NOUN', NULL, NULL, 71, '{country,place}', '2022-04-24');
INSERT INTO "vocabulary"."definition" ("id", "vocabulary_id", "sort_rank", "value") VALUES ('1874e0ce-5b59-5614-9902-5a8fb5f1b21f', '2a0ff39c-471b-56d1-a2b2-39f20596f70c', 1, 'Australia');
INSERT INTO "vocabulary"."spelling" ("id", "vocabulary_id", "spelling_kind_code", "value") VALUES ('3cbe3a8c-061b-5830-9205-5252b909d606', '2a0ff39c-471b-56d1-a2b2-39f20596f70c', 'KATAKANA', 'オーストラリア');
INSERT INTO "vocabulary"."spelling" ("id", "vocabulary_id", "spelling_kind_code", "value") VALUES ('f5c0dde9-4a3c-5aa5-b80b-df6fc3e12bd7', '2a0ff39c-471b-56d1-a2b2-39f20596f70c', 'HIRAGANA', 'おおすとらりあ');
INSERT INTO "vocabulary"."linkages" ("vocabulary_id", "preferred_definition_id", "preferred_spelling_id", "phonetic_spelling_id", "alt_phonetic_spelling_id", "kanji_spelling_id", "conjugation_set_id") VALUES ('2a0ff39c-471b-56d1-a2b2-39f20596f70c', '1874e0ce-5b59-5614-9902-5a8fb5f1b21f', '3cbe3a8c-061b-5830-9205-5252b909d606', 'f5c0dde9-4a3c-5aa5-b80b-df6fc3e12bd7', NULL, NULL, NULL);
INSERT INTO "vocabulary"."reference" ("vocabulary_id", "lesson_code") VALUES ('2a0ff39c-471b-56d1-a2b2-39f20596f70c', 'GENKI3_L01');
-- 韓国 | Korea --;
INSERT INTO "vocabulary"."vocabulary" ("id", "word_class_code", "conjugation_kind_code", "jlpt_level", "row_num", "tags", "date_added") VALUES ('5cb08712-5c04-56f0-aaf6-a8e76a1e0ef4', 'PROPER_NOUN', NULL, NULL, 72, '{country,place}', '2022-04-24');
INSERT INTO "vocabulary"."definition" ("id", "vocabulary_id", "sort_rank", "value") VALUES ('aba91b69-8529-5743-b927-7b70cfffed1d', '5cb08712-5c04-56f0-aaf6-a8e76a1e0ef4', 1, 'Korea');
INSERT INTO "vocabulary"."spelling" ("id", "vocabulary_id", "spelling_kind_code", "value") VALUES ('0d209186-687a-53f4-b680-7e94f49d0c14', '5cb08712-5c04-56f0-aaf6-a8e76a1e0ef4', 'KANJI', '韓国');
INSERT INTO "vocabulary"."spelling" ("id", "vocabulary_id", "spelling_kind_code", "value") VALUES ('68781a84-ebcd-5b64-9e61-de17df09a581', '5cb08712-5c04-56f0-aaf6-a8e76a1e0ef4', 'HIRAGANA', 'かんこく');
INSERT INTO "vocabulary"."spelling" ("id", "vocabulary_id", "spelling_kind_code", "value") VALUES ('74e9426e-0d2f-5f8e-a23a-b193ddd8d3b8', '5cb08712-5c04-56f0-aaf6-a8e76a1e0ef4', 'KANJI', '韓国');
INSERT INTO "vocabulary"."linkages" ("vocabulary_id", "preferred_definition_id", "preferred_spelling_id", "phonetic_spelling_id", "alt_phonetic_spelling_id", "kanji_spelling_id", "conjugation_set_id") VALUES ('5cb08712-5c04-56f0-aaf6-a8e76a1e0ef4', 'aba91b69-8529-5743-b927-7b70cfffed1d', '0d209186-687a-53f4-b680-7e94f49d0c14', '68781a84-ebcd-5b64-9e61-de17df09a581', NULL, '74e9426e-0d2f-5f8e-a23a-b193ddd8d3b8', NULL);
INSERT INTO "vocabulary"."reference" ("vocabulary_id", "lesson_code") VALUES ('5cb08712-5c04-56f0-aaf6-a8e76a1e0ef4', 'GENKI3_L01');
-- カナダ | Canada --;
INSERT INTO "vocabulary"."vocabulary" ("id", "word_class_code", "conjugation_kind_code", "jlpt_level", "row_num", "tags", "date_added") VALUES ('b4a146e5-f483-50d5-8b18-ca71fdb3f570', 'PROPER_NOUN', NULL, NULL, 73, '{country,place}', '2022-04-24');
INSERT INTO "vocabulary"."definition" ("id", "vocabulary_id", "sort_rank", "value") VALUES ('af20be0e-b7a5-5349-b6be-aaa087cbad8c', 'b4a146e5-f483-50d5-8b18-ca71fdb3f570', 1, 'Canada');
INSERT INTO "vocabulary"."spelling" ("id", "vocabulary_id", "spelling_kind_code", "value") VALUES ('994abb37-c317-5cb3-84f3-b787f9f1298d', 'b4a146e5-f483-50d5-8b18-ca71fdb3f570', 'KATAKANA', 'カナダ');
INSERT INTO "vocabulary"."spelling" ("id", "vocabulary_id", "spelling_kind_code", "value") VALUES ('841ecbbf-b990-5117-a268-8a73d58fe8b8', 'b4a146e5-f483-50d5-8b18-ca71fdb3f570', 'HIRAGANA', 'かなだ');
INSERT INTO "vocabulary"."linkages" ("vocabulary_id", "preferred_definition_id", "preferred_spelling_id", "phonetic_spelling_id", "alt_phonetic_spelling_id", "kanji_spelling_id", "conjugation_set_id") VALUES ('b4a146e5-f483-50d5-8b18-ca71fdb3f570', 'af20be0e-b7a5-5349-b6be-aaa087cbad8c', '994abb37-c317-5cb3-84f3-b787f9f1298d', '841ecbbf-b990-5117-a268-8a73d58fe8b8', NULL, NULL, NULL);
INSERT INTO "vocabulary"."reference" ("vocabulary_id", "lesson_code") VALUES ('b4a146e5-f483-50d5-8b18-ca71fdb3f570', 'GENKI3_L01');
-- 中国 | China --;
INSERT INTO "vocabulary"."vocabulary" ("id", "word_class_code", "conjugation_kind_code", "jlpt_level", "row_num", "tags", "date_added") VALUES ('54ca6cf2-c9f0-5a77-b53c-8e4a2fbe76ac', 'PROPER_NOUN', NULL, NULL, 74, '{country,place}', '2022-04-24');
INSERT INTO "vocabulary"."definition" ("id", "vocabulary_id", "sort_rank", "value") VALUES ('94a1c2bc-98b2-5303-b1f0-36b67a35753a', '54ca6cf2-c9f0-5a77-b53c-8e4a2fbe76ac', 1, 'China');
INSERT INTO "vocabulary"."spelling" ("id", "vocabulary_id", "spelling_kind_code", "value") VALUES ('ba00ed73-31ad-56cc-bbf0-780a378e6b19', '54ca6cf2-c9f0-5a77-b53c-8e4a2fbe76ac', 'KANJI', '中国');
INSERT INTO "vocabulary"."spelling" ("id", "vocabulary_id", "spelling_kind_code", "value") VALUES ('d90e3bac-b74d-507c-b895-aca83e1109f4', '54ca6cf2-c9f0-5a77-b53c-8e4a2fbe76ac', 'HIRAGANA', 'ちゅうごく');
INSERT INTO "vocabulary"."spelling" ("id", "vocabulary_id", "spelling_kind_code", "value") VALUES ('fa956f59-e0c9-522b-b300-22bfb5c30422', '54ca6cf2-c9f0-5a77-b53c-8e4a2fbe76ac', 'KANJI', '中国');
INSERT INTO "vocabulary"."linkages" ("vocabulary_id", "preferred_definition_id", "preferred_spelling_id", "phonetic_spelling_id", "alt_phonetic_spelling_id", "kanji_spelling_id", "conjugation_set_id") VALUES ('54ca6cf2-c9f0-5a77-b53c-8e4a2fbe76ac', '94a1c2bc-98b2-5303-b1f0-36b67a35753a', 'ba00ed73-31ad-56cc-bbf0-780a378e6b19', 'd90e3bac-b74d-507c-b895-aca83e1109f4', NULL, 'fa956f59-e0c9-522b-b300-22bfb5c30422', NULL);
INSERT INTO "vocabulary"."reference" ("vocabulary_id", "lesson_code") VALUES ('54ca6cf2-c9f0-5a77-b53c-8e4a2fbe76ac', 'GENKI3_L01');
-- インド | India --;
INSERT INTO "vocabulary"."vocabulary" ("id", "word_class_code", "conjugation_kind_code", "jlpt_level", "row_num", "tags", "date_added") VALUES ('f3f3ba33-de3b-5fa1-9b99-eee62ae2e024', 'PROPER_NOUN', NULL, NULL, 75, '{country,place}', '2022-04-24');
INSERT INTO "vocabulary"."definition" ("id", "vocabulary_id", "sort_rank", "value") VALUES ('428c46fc-9f6f-5a0c-a503-d45c9ad6e920', 'f3f3ba33-de3b-5fa1-9b99-eee62ae2e024', 1, 'India');
INSERT INTO "vocabulary"."spelling" ("id", "vocabulary_id", "spelling_kind_code", "value") VALUES ('3739a530-d89b-52c3-869f-6fe5bfe077b6', 'f3f3ba33-de3b-5fa1-9b99-eee62ae2e024', 'KATAKANA', 'インド');
INSERT INTO "vocabulary"."spelling" ("id", "vocabulary_id", "spelling_kind_code", "value") VALUES ('cf70aaff-3c10-5207-9f4a-1af1791c8ceb', 'f3f3ba33-de3b-5fa1-9b99-eee62ae2e024', 'HIRAGANA', 'いんど');
INSERT INTO "vocabulary"."linkages" ("vocabulary_id", "preferred_definition_id", "preferred_spelling_id", "phonetic_spelling_id", "alt_phonetic_spelling_id", "kanji_spelling_id", "conjugation_set_id") VALUES ('f3f3ba33-de3b-5fa1-9b99-eee62ae2e024', '428c46fc-9f6f-5a0c-a503-d45c9ad6e920', '3739a530-d89b-52c3-869f-6fe5bfe077b6', 'cf70aaff-3c10-5207-9f4a-1af1791c8ceb', NULL, NULL, NULL);
INSERT INTO "vocabulary"."reference" ("vocabulary_id", "lesson_code") VALUES ('f3f3ba33-de3b-5fa1-9b99-eee62ae2e024', 'GENKI3_L01');
-- エジプト | Egypt --;
INSERT INTO "vocabulary"."vocabulary" ("id", "word_class_code", "conjugation_kind_code", "jlpt_level", "row_num", "tags", "date_added") VALUES ('eb20360e-5c1a-58b8-9bf8-040795c5bf0a', 'PROPER_NOUN', NULL, NULL, 76, '{country,place}', '2022-04-24');
INSERT INTO "vocabulary"."definition" ("id", "vocabulary_id", "sort_rank", "value") VALUES ('a39bde07-4fbf-5347-ac00-7f7375c46ada', 'eb20360e-5c1a-58b8-9bf8-040795c5bf0a', 1, 'Egypt');
INSERT INTO "vocabulary"."spelling" ("id", "vocabulary_id", "spelling_kind_code", "value") VALUES ('adeb661d-4980-5d5e-8aaa-4ec4ba02f175', 'eb20360e-5c1a-58b8-9bf8-040795c5bf0a', 'KATAKANA', 'エジプト');
INSERT INTO "vocabulary"."spelling" ("id", "vocabulary_id", "spelling_kind_code", "value") VALUES ('1c9376e4-091f-5bc5-8b92-eb594b97d7f6', 'eb20360e-5c1a-58b8-9bf8-040795c5bf0a', 'HIRAGANA', 'いじぷと');
INSERT INTO "vocabulary"."linkages" ("vocabulary_id", "preferred_definition_id", "preferred_spelling_id", "phonetic_spelling_id", "alt_phonetic_spelling_id", "kanji_spelling_id", "conjugation_set_id") VALUES ('eb20360e-5c1a-58b8-9bf8-040795c5bf0a', 'a39bde07-4fbf-5347-ac00-7f7375c46ada', 'adeb661d-4980-5d5e-8aaa-4ec4ba02f175', '1c9376e4-091f-5bc5-8b92-eb594b97d7f6', NULL, NULL, NULL);
INSERT INTO "vocabulary"."reference" ("vocabulary_id", "lesson_code") VALUES ('eb20360e-5c1a-58b8-9bf8-040795c5bf0a', 'GENKI3_L01');
-- フィリビン | Philipines --;
INSERT INTO "vocabulary"."vocabulary" ("id", "word_class_code", "conjugation_kind_code", "jlpt_level", "row_num", "tags", "date_added") VALUES ('ae144a7c-293f-5f24-81ee-37d5594d6aed', 'PROPER_NOUN', NULL, NULL, 77, '{country,place}', '2022-04-24');
INSERT INTO "vocabulary"."definition" ("id", "vocabulary_id", "sort_rank", "value") VALUES ('cb4f98ff-d415-54de-9362-68569dcf51bf', 'ae144a7c-293f-5f24-81ee-37d5594d6aed', 1, 'Philipines');
INSERT INTO "vocabulary"."spelling" ("id", "vocabulary_id", "spelling_kind_code", "value") VALUES ('b27800b0-0839-5869-bfed-de5297a5aa5b', 'ae144a7c-293f-5f24-81ee-37d5594d6aed', 'KATAKANA', 'フィリビン');
INSERT INTO "vocabulary"."spelling" ("id", "vocabulary_id", "spelling_kind_code", "value") VALUES ('098b1a75-76d5-5f23-94ab-4846f875e2ec', 'ae144a7c-293f-5f24-81ee-37d5594d6aed', 'HIRAGANA', 'ふぃりぴん');
INSERT INTO "vocabulary"."linkages" ("vocabulary_id", "preferred_definition_id", "preferred_spelling_id", "phonetic_spelling_id", "alt_phonetic_spelling_id", "kanji_spelling_id", "conjugation_set_id") VALUES ('ae144a7c-293f-5f24-81ee-37d5594d6aed', 'cb4f98ff-d415-54de-9362-68569dcf51bf', 'b27800b0-0839-5869-bfed-de5297a5aa5b', '098b1a75-76d5-5f23-94ab-4846f875e2ec', NULL, NULL, NULL);
INSERT INTO "vocabulary"."reference" ("vocabulary_id", "lesson_code") VALUES ('ae144a7c-293f-5f24-81ee-37d5594d6aed', 'GENKI3_L01');
-- アジア研究 | Asian Studies --;
INSERT INTO "vocabulary"."vocabulary" ("id", "word_class_code", "conjugation_kind_code", "jlpt_level", "row_num", "tags", "date_added") VALUES ('abd1e50d-f284-5a21-831f-344cb338414e', 'NOUN', NULL, NULL, 78, '{school_major}', '2022-04-24');
INSERT INTO "vocabulary"."definition" ("id", "vocabulary_id", "sort_rank", "value") VALUES ('b5150a99-74c6-5b40-b7d1-66d7047ca489', 'abd1e50d-f284-5a21-831f-344cb338414e', 1, 'Asian Studies');
INSERT INTO "vocabulary"."spelling" ("id", "vocabulary_id", "spelling_kind_code", "value") VALUES ('8f608b15-c20c-5192-aca5-0be6386a7c1d', 'abd1e50d-f284-5a21-831f-344cb338414e', 'KANJI', 'アジア研究');
INSERT INTO "vocabulary"."spelling" ("id", "vocabulary_id", "spelling_kind_code", "value") VALUES ('2c675fce-b709-5dbb-ae30-c2e108098cd4', 'abd1e50d-f284-5a21-831f-344cb338414e', 'HIRAGANA', 'あじあけんきゅう');
INSERT INTO "vocabulary"."spelling" ("id", "vocabulary_id", "spelling_kind_code", "value") VALUES ('3df3c41a-4fff-5f15-ae6f-101d9ae9344d', 'abd1e50d-f284-5a21-831f-344cb338414e', 'KANJI', 'アジア研究');
INSERT INTO "vocabulary"."linkages" ("vocabulary_id", "preferred_definition_id", "preferred_spelling_id", "phonetic_spelling_id", "alt_phonetic_spelling_id", "kanji_spelling_id", "conjugation_set_id") VALUES ('abd1e50d-f284-5a21-831f-344cb338414e', 'b5150a99-74c6-5b40-b7d1-66d7047ca489', '8f608b15-c20c-5192-aca5-0be6386a7c1d', '2c675fce-b709-5dbb-ae30-c2e108098cd4', NULL, '3df3c41a-4fff-5f15-ae6f-101d9ae9344d', NULL);
INSERT INTO "vocabulary"."reference" ("vocabulary_id", "lesson_code") VALUES ('abd1e50d-f284-5a21-831f-344cb338414e', 'GENKI3_L01');
-- 経済 | economics --;
INSERT INTO "vocabulary"."vocabulary" ("id", "word_class_code", "conjugation_kind_code", "jlpt_level", "row_num", "tags", "date_added") VALUES ('13912d04-d947-5c72-a192-740c19a28c86', 'NOUN', NULL, 4, 79, '{school_major}', '2022-04-24');
INSERT INTO "vocabulary"."definition" ("id", "vocabulary_id", "sort_rank", "value") VALUES ('859c4da1-1949-5c28-86a5-c32b6e0dc279', '13912d04-d947-5c72-a192-740c19a28c86', 1, 'economics');
INSERT INTO "vocabulary"."spelling" ("id", "vocabulary_id", "spelling_kind_code", "value") VALUES ('a2495f76-fd62-5bd3-8e90-97611206f2cb', '13912d04-d947-5c72-a192-740c19a28c86', 'KANJI', '経済');
INSERT INTO "vocabulary"."spelling" ("id", "vocabulary_id", "spelling_kind_code", "value") VALUES ('2b28ace1-e773-57fb-a16c-0df53eb6afa3', '13912d04-d947-5c72-a192-740c19a28c86', 'HIRAGANA', 'けいざい');
INSERT INTO "vocabulary"."spelling" ("id", "vocabulary_id", "spelling_kind_code", "value") VALUES ('e40d4dd1-aae5-55bf-aff2-d4eaec4b1424', '13912d04-d947-5c72-a192-740c19a28c86', 'KANJI', '経済');
INSERT INTO "vocabulary"."linkages" ("vocabulary_id", "preferred_definition_id", "preferred_spelling_id", "phonetic_spelling_id", "alt_phonetic_spelling_id", "kanji_spelling_id", "conjugation_set_id") VALUES ('13912d04-d947-5c72-a192-740c19a28c86', '859c4da1-1949-5c28-86a5-c32b6e0dc279', 'a2495f76-fd62-5bd3-8e90-97611206f2cb', '2b28ace1-e773-57fb-a16c-0df53eb6afa3', NULL, 'e40d4dd1-aae5-55bf-aff2-d4eaec4b1424', NULL);
INSERT INTO "vocabulary"."reference" ("vocabulary_id", "lesson_code") VALUES ('13912d04-d947-5c72-a192-740c19a28c86', 'GENKI3_L01');
-- 工学 | engineering --;
INSERT INTO "vocabulary"."vocabulary" ("id", "word_class_code", "conjugation_kind_code", "jlpt_level", "row_num", "tags", "date_added") VALUES ('7672ef18-d91f-548f-a938-970d6a741586', 'NOUN', NULL, 1, 80, '{school_major}', '2022-04-24');
INSERT INTO "vocabulary"."definition" ("id", "vocabulary_id", "sort_rank", "value") VALUES ('b1289cbb-5026-5bec-9e42-db37ab44b8d4', '7672ef18-d91f-548f-a938-970d6a741586', 1, 'engineering');
INSERT INTO "vocabulary"."spelling" ("id", "vocabulary_id", "spelling_kind_code", "value") VALUES ('1d953ad2-c436-5804-aa10-3e474d2efff5', '7672ef18-d91f-548f-a938-970d6a741586', 'KANJI', '工学');
INSERT INTO "vocabulary"."spelling" ("id", "vocabulary_id", "spelling_kind_code", "value") VALUES ('01d840f0-5c2c-5e9b-b75d-8c6955945497', '7672ef18-d91f-548f-a938-970d6a741586', 'HIRAGANA', 'こうがく');
INSERT INTO "vocabulary"."spelling" ("id", "vocabulary_id", "spelling_kind_code", "value") VALUES ('89af579e-9072-53df-bf71-8261ace07fd8', '7672ef18-d91f-548f-a938-970d6a741586', 'KANJI', '工学');
INSERT INTO "vocabulary"."linkages" ("vocabulary_id", "preferred_definition_id", "preferred_spelling_id", "phonetic_spelling_id", "alt_phonetic_spelling_id", "kanji_spelling_id", "conjugation_set_id") VALUES ('7672ef18-d91f-548f-a938-970d6a741586', 'b1289cbb-5026-5bec-9e42-db37ab44b8d4', '1d953ad2-c436-5804-aa10-3e474d2efff5', '01d840f0-5c2c-5e9b-b75d-8c6955945497', NULL, '89af579e-9072-53df-bf71-8261ace07fd8', NULL);
INSERT INTO "vocabulary"."reference" ("vocabulary_id", "lesson_code") VALUES ('7672ef18-d91f-548f-a938-970d6a741586', 'GENKI3_L01');
-- 国際関係 | international relations --;
INSERT INTO "vocabulary"."vocabulary" ("id", "word_class_code", "conjugation_kind_code", "jlpt_level", "row_num", "tags", "date_added") VALUES ('471eeab4-7852-53f9-ba6c-342f13746958', 'NOUN', NULL, NULL, 81, '{school_major}', '2022-04-24');
INSERT INTO "vocabulary"."definition" ("id", "vocabulary_id", "sort_rank", "value") VALUES ('89bfdaf6-0680-5608-aa56-4eaba12adf9f', '471eeab4-7852-53f9-ba6c-342f13746958', 1, 'international relations');
INSERT INTO "vocabulary"."spelling" ("id", "vocabulary_id", "spelling_kind_code", "value") VALUES ('b334841e-11ae-5203-803c-ccede3a019bf', '471eeab4-7852-53f9-ba6c-342f13746958', 'KANJI', '国際関係');
INSERT INTO "vocabulary"."spelling" ("id", "vocabulary_id", "spelling_kind_code", "value") VALUES ('5bd5c0f8-3aa6-5eda-b1da-f0f9b3b85c55', '471eeab4-7852-53f9-ba6c-342f13746958', 'HIRAGANA', 'こくさいかんけい');
INSERT INTO "vocabulary"."spelling" ("id", "vocabulary_id", "spelling_kind_code", "value") VALUES ('a41c9667-1e79-53f9-a038-7234bed267b3', '471eeab4-7852-53f9-ba6c-342f13746958', 'KANJI', '国際関係');
INSERT INTO "vocabulary"."linkages" ("vocabulary_id", "preferred_definition_id", "preferred_spelling_id", "phonetic_spelling_id", "alt_phonetic_spelling_id", "kanji_spelling_id", "conjugation_set_id") VALUES ('471eeab4-7852-53f9-ba6c-342f13746958', '89bfdaf6-0680-5608-aa56-4eaba12adf9f', 'b334841e-11ae-5203-803c-ccede3a019bf', '5bd5c0f8-3aa6-5eda-b1da-f0f9b3b85c55', NULL, 'a41c9667-1e79-53f9-a038-7234bed267b3', NULL);
INSERT INTO "vocabulary"."reference" ("vocabulary_id", "lesson_code") VALUES ('471eeab4-7852-53f9-ba6c-342f13746958', 'GENKI3_L01');
-- コンピューター | computer; computer science --;
INSERT INTO "vocabulary"."vocabulary" ("id", "word_class_code", "conjugation_kind_code", "jlpt_level", "row_num", "tags", "date_added") VALUES ('9e62feab-62dc-5faf-92d9-8cd423af7dab', 'NOUN', NULL, 4, 82, '{school_major}', '2022-04-24');
INSERT INTO "vocabulary"."definition" ("id", "vocabulary_id", "sort_rank", "value") VALUES ('a3dabec7-b1a4-5a1a-b54d-19245d9fc30e', '9e62feab-62dc-5faf-92d9-8cd423af7dab', 1, 'computer; computer science');
INSERT INTO "vocabulary"."spelling" ("id", "vocabulary_id", "spelling_kind_code", "value") VALUES ('91163131-4505-585b-9987-e49a5193146c', '9e62feab-62dc-5faf-92d9-8cd423af7dab', 'KATAKANA', 'コンピューター');
INSERT INTO "vocabulary"."spelling" ("id", "vocabulary_id", "spelling_kind_code", "value") VALUES ('a27e1a41-1f3d-54ea-af59-98802f42fab6', '9e62feab-62dc-5faf-92d9-8cd423af7dab', 'HIRAGANA', 'こんぴゅうたあ');
INSERT INTO "vocabulary"."linkages" ("vocabulary_id", "preferred_definition_id", "preferred_spelling_id", "phonetic_spelling_id", "alt_phonetic_spelling_id", "kanji_spelling_id", "conjugation_set_id") VALUES ('9e62feab-62dc-5faf-92d9-8cd423af7dab', 'a3dabec7-b1a4-5a1a-b54d-19245d9fc30e', '91163131-4505-585b-9987-e49a5193146c', 'a27e1a41-1f3d-54ea-af59-98802f42fab6', NULL, NULL, NULL);
INSERT INTO "vocabulary"."reference" ("vocabulary_id", "lesson_code") VALUES ('9e62feab-62dc-5faf-92d9-8cd423af7dab', 'GENKI3_L01');
-- 政治 | politics; government --;
INSERT INTO "vocabulary"."vocabulary" ("id", "word_class_code", "conjugation_kind_code", "jlpt_level", "row_num", "tags", "date_added") VALUES ('15b8fb86-6025-524c-a968-0d8e442c0d8e', 'NOUN', NULL, 4, 83, '{school_major}', '2022-04-24');
INSERT INTO "vocabulary"."definition" ("id", "vocabulary_id", "sort_rank", "value") VALUES ('dc0f5690-c3be-51ba-baf9-65bcccac8192', '15b8fb86-6025-524c-a968-0d8e442c0d8e', 1, 'politics; government');
INSERT INTO "vocabulary"."spelling" ("id", "vocabulary_id", "spelling_kind_code", "value") VALUES ('41f9d094-065d-557f-8968-465cd0875f33', '15b8fb86-6025-524c-a968-0d8e442c0d8e', 'KANJI', '政治');
INSERT INTO "vocabulary"."spelling" ("id", "vocabulary_id", "spelling_kind_code", "value") VALUES ('52b8d1ac-2ea7-53e6-92e1-6f4be19e74a8', '15b8fb86-6025-524c-a968-0d8e442c0d8e', 'HIRAGANA', 'せいじ');
INSERT INTO "vocabulary"."spelling" ("id", "vocabulary_id", "spelling_kind_code", "value") VALUES ('1a6ae921-66fb-5ebe-94f8-66dddc8715c9', '15b8fb86-6025-524c-a968-0d8e442c0d8e', 'KANJI', '政治');
INSERT INTO "vocabulary"."linkages" ("vocabulary_id", "preferred_definition_id", "preferred_spelling_id", "phonetic_spelling_id", "alt_phonetic_spelling_id", "kanji_spelling_id", "conjugation_set_id") VALUES ('15b8fb86-6025-524c-a968-0d8e442c0d8e', 'dc0f5690-c3be-51ba-baf9-65bcccac8192', '41f9d094-065d-557f-8968-465cd0875f33', '52b8d1ac-2ea7-53e6-92e1-6f4be19e74a8', NULL, '1a6ae921-66fb-5ebe-94f8-66dddc8715c9', NULL);
INSERT INTO "vocabulary"."reference" ("vocabulary_id", "lesson_code") VALUES ('15b8fb86-6025-524c-a968-0d8e442c0d8e', 'GENKI3_L01');
-- 生物学 | biology --;
INSERT INTO "vocabulary"."vocabulary" ("id", "word_class_code", "conjugation_kind_code", "jlpt_level", "row_num", "tags", "date_added") VALUES ('ee82d23f-991e-59ba-9646-d407d35b46ae', 'NOUN', NULL, NULL, 84, '{school_major}', '2022-04-24');
INSERT INTO "vocabulary"."definition" ("id", "vocabulary_id", "sort_rank", "value") VALUES ('17dceeb3-bad9-51e4-aab5-f06a99ef289e', 'ee82d23f-991e-59ba-9646-d407d35b46ae', 1, 'biology');
INSERT INTO "vocabulary"."spelling" ("id", "vocabulary_id", "spelling_kind_code", "value") VALUES ('b6d0b06d-4ca7-52d9-8a60-7d25d7e981ef', 'ee82d23f-991e-59ba-9646-d407d35b46ae', 'KANJI', '生物学');
INSERT INTO "vocabulary"."spelling" ("id", "vocabulary_id", "spelling_kind_code", "value") VALUES ('fa863424-3ba5-5fa0-8e02-7fbed092aa3c', 'ee82d23f-991e-59ba-9646-d407d35b46ae', 'HIRAGANA', 'せいぶつがく');
INSERT INTO "vocabulary"."spelling" ("id", "vocabulary_id", "spelling_kind_code", "value") VALUES ('57aef0e6-9bbd-517b-bede-d9674e838f3a', 'ee82d23f-991e-59ba-9646-d407d35b46ae', 'KANJI', '生物学');
INSERT INTO "vocabulary"."linkages" ("vocabulary_id", "preferred_definition_id", "preferred_spelling_id", "phonetic_spelling_id", "alt_phonetic_spelling_id", "kanji_spelling_id", "conjugation_set_id") VALUES ('ee82d23f-991e-59ba-9646-d407d35b46ae', '17dceeb3-bad9-51e4-aab5-f06a99ef289e', 'b6d0b06d-4ca7-52d9-8a60-7d25d7e981ef', 'fa863424-3ba5-5fa0-8e02-7fbed092aa3c', NULL, '57aef0e6-9bbd-517b-bede-d9674e838f3a', NULL);
INSERT INTO "vocabulary"."reference" ("vocabulary_id", "lesson_code") VALUES ('ee82d23f-991e-59ba-9646-d407d35b46ae', 'GENKI3_L01');
-- ビジネス | business --;
INSERT INTO "vocabulary"."vocabulary" ("id", "word_class_code", "conjugation_kind_code", "jlpt_level", "row_num", "tags", "date_added") VALUES ('a74f0164-da3d-59dc-bbd0-39cf065ee813', 'NOUN', NULL, 1, 85, '{school_major}', '2022-04-24');
INSERT INTO "vocabulary"."definition" ("id", "vocabulary_id", "sort_rank", "value") VALUES ('c707563f-7fe2-5851-ab17-e7345a10056d', 'a74f0164-da3d-59dc-bbd0-39cf065ee813', 1, 'business');
INSERT INTO "vocabulary"."spelling" ("id", "vocabulary_id", "spelling_kind_code", "value") VALUES ('1fd4040b-2ddd-5921-a0bb-1862ea360550', 'a74f0164-da3d-59dc-bbd0-39cf065ee813', 'KATAKANA', 'ビジネス');
INSERT INTO "vocabulary"."spelling" ("id", "vocabulary_id", "spelling_kind_code", "value") VALUES ('7008d786-7587-5fb4-b283-786935e83115', 'a74f0164-da3d-59dc-bbd0-39cf065ee813', 'HIRAGANA', 'びじねす');
INSERT INTO "vocabulary"."linkages" ("vocabulary_id", "preferred_definition_id", "preferred_spelling_id", "phonetic_spelling_id", "alt_phonetic_spelling_id", "kanji_spelling_id", "conjugation_set_id") VALUES ('a74f0164-da3d-59dc-bbd0-39cf065ee813', 'c707563f-7fe2-5851-ab17-e7345a10056d', '1fd4040b-2ddd-5921-a0bb-1862ea360550', '7008d786-7587-5fb4-b283-786935e83115', NULL, NULL, NULL);
INSERT INTO "vocabulary"."reference" ("vocabulary_id", "lesson_code") VALUES ('a74f0164-da3d-59dc-bbd0-39cf065ee813', 'GENKI3_L01');
-- 文学 | literature --;
INSERT INTO "vocabulary"."vocabulary" ("id", "word_class_code", "conjugation_kind_code", "jlpt_level", "row_num", "tags", "date_added") VALUES ('f41b3958-7c0c-5c05-9ea8-d0099b014f0c', 'NOUN', NULL, 4, 86, '{school_major}', '2022-04-24');
INSERT INTO "vocabulary"."definition" ("id", "vocabulary_id", "sort_rank", "value") VALUES ('f875151e-7b26-57bb-bdb3-f951b3728ac5', 'f41b3958-7c0c-5c05-9ea8-d0099b014f0c', 1, 'literature');
INSERT INTO "vocabulary"."spelling" ("id", "vocabulary_id", "spelling_kind_code", "value") VALUES ('0db0a39c-a2d3-54ad-b61c-47677c2c3db6', 'f41b3958-7c0c-5c05-9ea8-d0099b014f0c', 'KANJI', '文学');
INSERT INTO "vocabulary"."spelling" ("id", "vocabulary_id", "spelling_kind_code", "value") VALUES ('1702769a-2750-5c98-a9db-c8c57037a5c5', 'f41b3958-7c0c-5c05-9ea8-d0099b014f0c', 'HIRAGANA', 'ぶんがく');
INSERT INTO "vocabulary"."spelling" ("id", "vocabulary_id", "spelling_kind_code", "value") VALUES ('19cee9aa-30b1-51ae-9d67-c6a1c03b0682', 'f41b3958-7c0c-5c05-9ea8-d0099b014f0c', 'KANJI', '文学');
INSERT INTO "vocabulary"."linkages" ("vocabulary_id", "preferred_definition_id", "preferred_spelling_id", "phonetic_spelling_id", "alt_phonetic_spelling_id", "kanji_spelling_id", "conjugation_set_id") VALUES ('f41b3958-7c0c-5c05-9ea8-d0099b014f0c', 'f875151e-7b26-57bb-bdb3-f951b3728ac5', '0db0a39c-a2d3-54ad-b61c-47677c2c3db6', '1702769a-2750-5c98-a9db-c8c57037a5c5', NULL, '19cee9aa-30b1-51ae-9d67-c6a1c03b0682', NULL);
INSERT INTO "vocabulary"."reference" ("vocabulary_id", "lesson_code") VALUES ('f41b3958-7c0c-5c05-9ea8-d0099b014f0c', 'GENKI3_L01');
-- 歴史 | history --;
INSERT INTO "vocabulary"."vocabulary" ("id", "word_class_code", "conjugation_kind_code", "jlpt_level", "row_num", "tags", "date_added") VALUES ('0d91d253-e394-572c-a6c4-37e20ed0f603', 'NOUN', NULL, 4, 87, '{school_major}', '2022-04-24');
INSERT INTO "vocabulary"."definition" ("id", "vocabulary_id", "sort_rank", "value") VALUES ('d25f4c44-9131-5c8c-a2f2-ffda0286de0d', '0d91d253-e394-572c-a6c4-37e20ed0f603', 1, 'history');
INSERT INTO "vocabulary"."spelling" ("id", "vocabulary_id", "spelling_kind_code", "value") VALUES ('648c859c-bd9d-5482-82a7-c9b1ee35e416', '0d91d253-e394-572c-a6c4-37e20ed0f603', 'KANJI', '歴史');
INSERT INTO "vocabulary"."spelling" ("id", "vocabulary_id", "spelling_kind_code", "value") VALUES ('54d998ae-2404-548a-bac0-edd45f46a505', '0d91d253-e394-572c-a6c4-37e20ed0f603', 'HIRAGANA', 'れきし');
INSERT INTO "vocabulary"."spelling" ("id", "vocabulary_id", "spelling_kind_code", "value") VALUES ('5bcbffb1-ed16-5094-84f0-af8285895524', '0d91d253-e394-572c-a6c4-37e20ed0f603', 'KANJI', '歴史');
INSERT INTO "vocabulary"."linkages" ("vocabulary_id", "preferred_definition_id", "preferred_spelling_id", "phonetic_spelling_id", "alt_phonetic_spelling_id", "kanji_spelling_id", "conjugation_set_id") VALUES ('0d91d253-e394-572c-a6c4-37e20ed0f603', 'd25f4c44-9131-5c8c-a2f2-ffda0286de0d', '648c859c-bd9d-5482-82a7-c9b1ee35e416', '54d998ae-2404-548a-bac0-edd45f46a505', NULL, '5bcbffb1-ed16-5094-84f0-af8285895524', NULL);
INSERT INTO "vocabulary"."reference" ("vocabulary_id", "lesson_code") VALUES ('0d91d253-e394-572c-a6c4-37e20ed0f603', 'GENKI3_L01');
-- 物理 | physics --;
INSERT INTO "vocabulary"."vocabulary" ("id", "word_class_code", "conjugation_kind_code", "jlpt_level", "row_num", "tags", "date_added") VALUES ('a9d318d5-97e8-5990-916c-fd300d951e2c', 'NOUN', NULL, 3, 88, '{school_major}', '2022-04-24');
INSERT INTO "vocabulary"."definition" ("id", "vocabulary_id", "sort_rank", "value") VALUES ('f894f7ce-d3fb-5ae2-8916-a80c1868ed3f', 'a9d318d5-97e8-5990-916c-fd300d951e2c', 1, 'physics');
INSERT INTO "vocabulary"."spelling" ("id", "vocabulary_id", "spelling_kind_code", "value") VALUES ('d01a82af-d8a5-5e63-8147-6c9a0f44e543', 'a9d318d5-97e8-5990-916c-fd300d951e2c', 'KANJI', '物理');
INSERT INTO "vocabulary"."spelling" ("id", "vocabulary_id", "spelling_kind_code", "value") VALUES ('f287a9ff-32e4-5c99-bc13-078ffab5e0b9', 'a9d318d5-97e8-5990-916c-fd300d951e2c', 'HIRAGANA', 'ぶつり');
INSERT INTO "vocabulary"."spelling" ("id", "vocabulary_id", "spelling_kind_code", "value") VALUES ('8dac71d1-9926-5dd1-95cc-fcccbb512ae8', 'a9d318d5-97e8-5990-916c-fd300d951e2c', 'KANJI', '物理');
INSERT INTO "vocabulary"."linkages" ("vocabulary_id", "preferred_definition_id", "preferred_spelling_id", "phonetic_spelling_id", "alt_phonetic_spelling_id", "kanji_spelling_id", "conjugation_set_id") VALUES ('a9d318d5-97e8-5990-916c-fd300d951e2c', 'f894f7ce-d3fb-5ae2-8916-a80c1868ed3f', 'd01a82af-d8a5-5e63-8147-6c9a0f44e543', 'f287a9ff-32e4-5c99-bc13-078ffab5e0b9', NULL, '8dac71d1-9926-5dd1-95cc-fcccbb512ae8', NULL);
INSERT INTO "vocabulary"."reference" ("vocabulary_id", "lesson_code") VALUES ('a9d318d5-97e8-5990-916c-fd300d951e2c', 'GENKI3_L01');
-- 医者 | doctor --;
INSERT INTO "vocabulary"."vocabulary" ("id", "word_class_code", "conjugation_kind_code", "jlpt_level", "row_num", "tags", "date_added") VALUES ('45983eaf-745d-5a47-bd34-aa09444736a4', 'NOUN', NULL, 5, 89, '{occupation}', '2022-04-24');
INSERT INTO "vocabulary"."definition" ("id", "vocabulary_id", "sort_rank", "value") VALUES ('373405a0-b225-5c77-968f-e57e96436a02', '45983eaf-745d-5a47-bd34-aa09444736a4', 1, 'doctor');
INSERT INTO "vocabulary"."spelling" ("id", "vocabulary_id", "spelling_kind_code", "value") VALUES ('b8bf9764-5cfc-59dc-a6da-adf29a9b0424', '45983eaf-745d-5a47-bd34-aa09444736a4', 'KANJI', '医者');
INSERT INTO "vocabulary"."spelling" ("id", "vocabulary_id", "spelling_kind_code", "value") VALUES ('39f4dcb2-884b-5dc8-903d-fc353a8693c5', '45983eaf-745d-5a47-bd34-aa09444736a4', 'HIRAGANA', 'いしゃ');
INSERT INTO "vocabulary"."spelling" ("id", "vocabulary_id", "spelling_kind_code", "value") VALUES ('495fed26-b99b-577e-a263-0dacefbb0806', '45983eaf-745d-5a47-bd34-aa09444736a4', 'KANJI', '医者');
INSERT INTO "vocabulary"."linkages" ("vocabulary_id", "preferred_definition_id", "preferred_spelling_id", "phonetic_spelling_id", "alt_phonetic_spelling_id", "kanji_spelling_id", "conjugation_set_id") VALUES ('45983eaf-745d-5a47-bd34-aa09444736a4', '373405a0-b225-5c77-968f-e57e96436a02', 'b8bf9764-5cfc-59dc-a6da-adf29a9b0424', '39f4dcb2-884b-5dc8-903d-fc353a8693c5', NULL, '495fed26-b99b-577e-a263-0dacefbb0806', NULL);
INSERT INTO "vocabulary"."reference" ("vocabulary_id", "lesson_code") VALUES ('45983eaf-745d-5a47-bd34-aa09444736a4', 'GENKI3_L01');
-- 会社員 | office worker --;
INSERT INTO "vocabulary"."vocabulary" ("id", "word_class_code", "conjugation_kind_code", "jlpt_level", "row_num", "tags", "date_added") VALUES ('b01b2de0-f80a-587a-99bb-8e7e2157feec', 'NOUN', NULL, NULL, 90, '{occupation}', '2022-04-24');
INSERT INTO "vocabulary"."definition" ("id", "vocabulary_id", "sort_rank", "value") VALUES ('aa17c998-1cad-5695-99dd-0a1257cc8128', 'b01b2de0-f80a-587a-99bb-8e7e2157feec', 1, 'office worker');
INSERT INTO "vocabulary"."spelling" ("id", "vocabulary_id", "spelling_kind_code", "value") VALUES ('12ae9707-a3f3-537a-a083-98b063babd86', 'b01b2de0-f80a-587a-99bb-8e7e2157feec', 'KANJI', '会社員');
INSERT INTO "vocabulary"."spelling" ("id", "vocabulary_id", "spelling_kind_code", "value") VALUES ('65979b45-d58d-513a-a6df-31929700ce54', 'b01b2de0-f80a-587a-99bb-8e7e2157feec', 'HIRAGANA', 'かいしゃいん');
INSERT INTO "vocabulary"."spelling" ("id", "vocabulary_id", "spelling_kind_code", "value") VALUES ('9867d030-e3d5-532c-bf6f-85383f9f57c0', 'b01b2de0-f80a-587a-99bb-8e7e2157feec', 'KANJI', '会社員');
INSERT INTO "vocabulary"."linkages" ("vocabulary_id", "preferred_definition_id", "preferred_spelling_id", "phonetic_spelling_id", "alt_phonetic_spelling_id", "kanji_spelling_id", "conjugation_set_id") VALUES ('b01b2de0-f80a-587a-99bb-8e7e2157feec', 'aa17c998-1cad-5695-99dd-0a1257cc8128', '12ae9707-a3f3-537a-a083-98b063babd86', '65979b45-d58d-513a-a6df-31929700ce54', NULL, '9867d030-e3d5-532c-bf6f-85383f9f57c0', NULL);
INSERT INTO "vocabulary"."reference" ("vocabulary_id", "lesson_code") VALUES ('b01b2de0-f80a-587a-99bb-8e7e2157feec', 'GENKI3_L01');
-- 看護師 | nurse --;
INSERT INTO "vocabulary"."vocabulary" ("id", "word_class_code", "conjugation_kind_code", "jlpt_level", "row_num", "tags", "date_added") VALUES ('a2bb0866-9ce3-5b9a-bc60-49b48a40e40f', 'NOUN', NULL, 4, 91, '{occupation}', '2022-04-24');
INSERT INTO "vocabulary"."definition" ("id", "vocabulary_id", "sort_rank", "value") VALUES ('0e8abcc0-a9f9-5143-9bbd-fc25ea10c956', 'a2bb0866-9ce3-5b9a-bc60-49b48a40e40f', 1, 'nurse');
INSERT INTO "vocabulary"."spelling" ("id", "vocabulary_id", "spelling_kind_code", "value") VALUES ('f2b8ed28-0ba7-5c08-8af1-fc9d0b8df30f', 'a2bb0866-9ce3-5b9a-bc60-49b48a40e40f', 'KANJI', '看護師');
INSERT INTO "vocabulary"."spelling" ("id", "vocabulary_id", "spelling_kind_code", "value") VALUES ('b87a6bf8-62d2-5c37-aa18-3180fee27d3e', 'a2bb0866-9ce3-5b9a-bc60-49b48a40e40f', 'HIRAGANA', 'かんごし');
INSERT INTO "vocabulary"."spelling" ("id", "vocabulary_id", "spelling_kind_code", "value") VALUES ('e284ddfc-3847-5242-8910-b201f09ffdb9', 'a2bb0866-9ce3-5b9a-bc60-49b48a40e40f', 'KANJI', '看護師');
INSERT INTO "vocabulary"."linkages" ("vocabulary_id", "preferred_definition_id", "preferred_spelling_id", "phonetic_spelling_id", "alt_phonetic_spelling_id", "kanji_spelling_id", "conjugation_set_id") VALUES ('a2bb0866-9ce3-5b9a-bc60-49b48a40e40f', '0e8abcc0-a9f9-5143-9bbd-fc25ea10c956', 'f2b8ed28-0ba7-5c08-8af1-fc9d0b8df30f', 'b87a6bf8-62d2-5c37-aa18-3180fee27d3e', NULL, 'e284ddfc-3847-5242-8910-b201f09ffdb9', NULL);
INSERT INTO "vocabulary"."reference" ("vocabulary_id", "lesson_code") VALUES ('a2bb0866-9ce3-5b9a-bc60-49b48a40e40f', 'GENKI3_L01');
-- 高校生 | high school student --;
INSERT INTO "vocabulary"."vocabulary" ("id", "word_class_code", "conjugation_kind_code", "jlpt_level", "row_num", "tags", "date_added") VALUES ('c511ec54-4f00-5426-89ef-ee1558ccfb60', 'NOUN', NULL, 4, 92, '{occupation,school}', '2022-04-24');
INSERT INTO "vocabulary"."definition" ("id", "vocabulary_id", "sort_rank", "value") VALUES ('2a46ef9c-f38e-5e90-9bf9-d23dc035a22a', 'c511ec54-4f00-5426-89ef-ee1558ccfb60', 1, 'high school student');
INSERT INTO "vocabulary"."spelling" ("id", "vocabulary_id", "spelling_kind_code", "value") VALUES ('d0d00453-6216-52ca-b238-3004c1039794', 'c511ec54-4f00-5426-89ef-ee1558ccfb60', 'KANJI', '高校生');
INSERT INTO "vocabulary"."spelling" ("id", "vocabulary_id", "spelling_kind_code", "value") VALUES ('02ba3652-a3ea-54cb-adb6-b3479dc485ec', 'c511ec54-4f00-5426-89ef-ee1558ccfb60', 'HIRAGANA', 'こうこうせい');
INSERT INTO "vocabulary"."spelling" ("id", "vocabulary_id", "spelling_kind_code", "value") VALUES ('8179809c-e2dc-5121-89c9-542f1825c1bc', 'c511ec54-4f00-5426-89ef-ee1558ccfb60', 'KANJI', '高校生');
INSERT INTO "vocabulary"."linkages" ("vocabulary_id", "preferred_definition_id", "preferred_spelling_id", "phonetic_spelling_id", "alt_phonetic_spelling_id", "kanji_spelling_id", "conjugation_set_id") VALUES ('c511ec54-4f00-5426-89ef-ee1558ccfb60', '2a46ef9c-f38e-5e90-9bf9-d23dc035a22a', 'd0d00453-6216-52ca-b238-3004c1039794', '02ba3652-a3ea-54cb-adb6-b3479dc485ec', NULL, '8179809c-e2dc-5121-89c9-542f1825c1bc', NULL);
INSERT INTO "vocabulary"."reference" ("vocabulary_id", "lesson_code") VALUES ('c511ec54-4f00-5426-89ef-ee1558ccfb60', 'GENKI3_L01');
-- 主婦 | housewife --;
INSERT INTO "vocabulary"."vocabulary" ("id", "word_class_code", "conjugation_kind_code", "jlpt_level", "row_num", "tags", "date_added") VALUES ('7d3f6d4b-fd98-5a19-ba56-b7c707092305', 'NOUN', NULL, 3, 93, '{occupation}', '2022-04-24');
INSERT INTO "vocabulary"."definition" ("id", "vocabulary_id", "sort_rank", "value") VALUES ('4b8bbc3c-2187-5dde-a6a6-f27ee10d781e', '7d3f6d4b-fd98-5a19-ba56-b7c707092305', 1, 'housewife');
INSERT INTO "vocabulary"."spelling" ("id", "vocabulary_id", "spelling_kind_code", "value") VALUES ('7450130b-011a-516d-bb0b-a45d5d06ca69', '7d3f6d4b-fd98-5a19-ba56-b7c707092305', 'KANJI', '主婦');
INSERT INTO "vocabulary"."spelling" ("id", "vocabulary_id", "spelling_kind_code", "value") VALUES ('76857980-9a16-567e-9aa6-720de6a0cf63', '7d3f6d4b-fd98-5a19-ba56-b7c707092305', 'HIRAGANA', 'しゅふ');
INSERT INTO "vocabulary"."spelling" ("id", "vocabulary_id", "spelling_kind_code", "value") VALUES ('be2f7c6e-68bb-5191-9157-3186cc3c3f48', '7d3f6d4b-fd98-5a19-ba56-b7c707092305', 'KANJI', '主婦');
INSERT INTO "vocabulary"."linkages" ("vocabulary_id", "preferred_definition_id", "preferred_spelling_id", "phonetic_spelling_id", "alt_phonetic_spelling_id", "kanji_spelling_id", "conjugation_set_id") VALUES ('7d3f6d4b-fd98-5a19-ba56-b7c707092305', '4b8bbc3c-2187-5dde-a6a6-f27ee10d781e', '7450130b-011a-516d-bb0b-a45d5d06ca69', '76857980-9a16-567e-9aa6-720de6a0cf63', NULL, 'be2f7c6e-68bb-5191-9157-3186cc3c3f48', NULL);
INSERT INTO "vocabulary"."reference" ("vocabulary_id", "lesson_code") VALUES ('7d3f6d4b-fd98-5a19-ba56-b7c707092305', 'GENKI3_L01');
-- 大学院生 | graduate student --;
INSERT INTO "vocabulary"."vocabulary" ("id", "word_class_code", "conjugation_kind_code", "jlpt_level", "row_num", "tags", "date_added") VALUES ('98e48ea2-8566-55a1-bfb8-d5aaf1a060d0', 'NOUN', NULL, NULL, 94, '{occupation,school}', '2022-04-24');
INSERT INTO "vocabulary"."definition" ("id", "vocabulary_id", "sort_rank", "value") VALUES ('9d8feb18-e17d-5b9b-88ac-03d638cdc579', '98e48ea2-8566-55a1-bfb8-d5aaf1a060d0', 1, 'graduate student');
INSERT INTO "vocabulary"."spelling" ("id", "vocabulary_id", "spelling_kind_code", "value") VALUES ('87a14ed2-88c1-52fe-a701-ea5974f602f9', '98e48ea2-8566-55a1-bfb8-d5aaf1a060d0', 'KANJI', '大学院生');
INSERT INTO "vocabulary"."spelling" ("id", "vocabulary_id", "spelling_kind_code", "value") VALUES ('fac8eabc-c7c2-59b1-b5a5-6b7afe202947', '98e48ea2-8566-55a1-bfb8-d5aaf1a060d0', 'HIRAGANA', 'だいがくいんせい');
INSERT INTO "vocabulary"."spelling" ("id", "vocabulary_id", "spelling_kind_code", "value") VALUES ('9d93e56b-0290-5df8-9556-c3609b17beb5', '98e48ea2-8566-55a1-bfb8-d5aaf1a060d0', 'KANJI', '大学院生');
INSERT INTO "vocabulary"."linkages" ("vocabulary_id", "preferred_definition_id", "preferred_spelling_id", "phonetic_spelling_id", "alt_phonetic_spelling_id", "kanji_spelling_id", "conjugation_set_id") VALUES ('98e48ea2-8566-55a1-bfb8-d5aaf1a060d0', '9d8feb18-e17d-5b9b-88ac-03d638cdc579', '87a14ed2-88c1-52fe-a701-ea5974f602f9', 'fac8eabc-c7c2-59b1-b5a5-6b7afe202947', NULL, '9d93e56b-0290-5df8-9556-c3609b17beb5', NULL);
INSERT INTO "vocabulary"."reference" ("vocabulary_id", "lesson_code") VALUES ('98e48ea2-8566-55a1-bfb8-d5aaf1a060d0', 'GENKI3_L01');
-- 弁護士 | lawyer --;
INSERT INTO "vocabulary"."vocabulary" ("id", "word_class_code", "conjugation_kind_code", "jlpt_level", "row_num", "tags", "date_added") VALUES ('902b7ccb-091c-502b-a413-5a3a38c655a4', 'NOUN', NULL, NULL, 95, '{occupation}', '2022-04-24');
INSERT INTO "vocabulary"."definition" ("id", "vocabulary_id", "sort_rank", "value") VALUES ('898f6e90-633d-50ac-9683-4e9f17676516', '902b7ccb-091c-502b-a413-5a3a38c655a4', 1, 'lawyer');
INSERT INTO "vocabulary"."spelling" ("id", "vocabulary_id", "spelling_kind_code", "value") VALUES ('d05158c8-7c9d-51fb-b988-6607779ac888', '902b7ccb-091c-502b-a413-5a3a38c655a4', 'KANJI', '弁護士');
INSERT INTO "vocabulary"."spelling" ("id", "vocabulary_id", "spelling_kind_code", "value") VALUES ('90f78353-1351-51dd-bcc4-d40f106353a8', '902b7ccb-091c-502b-a413-5a3a38c655a4', 'HIRAGANA', 'べんごし');
INSERT INTO "vocabulary"."spelling" ("id", "vocabulary_id", "spelling_kind_code", "value") VALUES ('581c9d55-9f4a-519d-aff8-0a0cddb296aa', '902b7ccb-091c-502b-a413-5a3a38c655a4', 'KANJI', '弁護士');
INSERT INTO "vocabulary"."linkages" ("vocabulary_id", "preferred_definition_id", "preferred_spelling_id", "phonetic_spelling_id", "alt_phonetic_spelling_id", "kanji_spelling_id", "conjugation_set_id") VALUES ('902b7ccb-091c-502b-a413-5a3a38c655a4', '898f6e90-633d-50ac-9683-4e9f17676516', 'd05158c8-7c9d-51fb-b988-6607779ac888', '90f78353-1351-51dd-bcc4-d40f106353a8', NULL, '581c9d55-9f4a-519d-aff8-0a0cddb296aa', NULL);
INSERT INTO "vocabulary"."reference" ("vocabulary_id", "lesson_code") VALUES ('902b7ccb-091c-502b-a413-5a3a38c655a4', 'GENKI3_L01');
-- お母さん | mother --;
INSERT INTO "vocabulary"."vocabulary" ("id", "word_class_code", "conjugation_kind_code", "jlpt_level", "row_num", "tags", "date_added") VALUES ('f8d03abe-255a-5717-811a-91f511c39759', 'NOUN', NULL, 5, 96, '{family}', '2022-04-24');
INSERT INTO "vocabulary"."definition" ("id", "vocabulary_id", "sort_rank", "value") VALUES ('601d2ae5-bfb6-54a7-aef1-37c77f71445b', 'f8d03abe-255a-5717-811a-91f511c39759', 1, 'mother');
INSERT INTO "vocabulary"."spelling" ("id", "vocabulary_id", "spelling_kind_code", "value") VALUES ('ff3060d8-dc8f-542e-a144-c8876311a8ec', 'f8d03abe-255a-5717-811a-91f511c39759', 'KANJI', 'お母さん');
INSERT INTO "vocabulary"."spelling" ("id", "vocabulary_id", "spelling_kind_code", "value") VALUES ('2e491e0e-d9f0-5eb4-819b-a0221b25557b', 'f8d03abe-255a-5717-811a-91f511c39759', 'HIRAGANA', 'おかあさん');
INSERT INTO "vocabulary"."spelling" ("id", "vocabulary_id", "spelling_kind_code", "value") VALUES ('6a206bcf-2c70-5915-b4dc-dc113ac11e35', 'f8d03abe-255a-5717-811a-91f511c39759', 'KANJI', 'お母さん');
INSERT INTO "vocabulary"."linkages" ("vocabulary_id", "preferred_definition_id", "preferred_spelling_id", "phonetic_spelling_id", "alt_phonetic_spelling_id", "kanji_spelling_id", "conjugation_set_id") VALUES ('f8d03abe-255a-5717-811a-91f511c39759', '601d2ae5-bfb6-54a7-aef1-37c77f71445b', 'ff3060d8-dc8f-542e-a144-c8876311a8ec', '2e491e0e-d9f0-5eb4-819b-a0221b25557b', NULL, '6a206bcf-2c70-5915-b4dc-dc113ac11e35', NULL);
INSERT INTO "vocabulary"."reference" ("vocabulary_id", "lesson_code") VALUES ('f8d03abe-255a-5717-811a-91f511c39759', 'GENKI3_L01');
-- お父さん | father --;
INSERT INTO "vocabulary"."vocabulary" ("id", "word_class_code", "conjugation_kind_code", "jlpt_level", "row_num", "tags", "date_added") VALUES ('d7a063c8-998c-50a3-825c-86f896a5a0c7', 'NOUN', NULL, 5, 97, '{family}', '2022-04-24');
INSERT INTO "vocabulary"."definition" ("id", "vocabulary_id", "sort_rank", "value") VALUES ('a3c2375c-5fb8-5e78-865f-dda2e326489d', 'd7a063c8-998c-50a3-825c-86f896a5a0c7', 1, 'father');
INSERT INTO "vocabulary"."spelling" ("id", "vocabulary_id", "spelling_kind_code", "value") VALUES ('67046ec7-b773-5b58-a65d-a23b65757262', 'd7a063c8-998c-50a3-825c-86f896a5a0c7', 'KANJI', 'お父さん');
INSERT INTO "vocabulary"."spelling" ("id", "vocabulary_id", "spelling_kind_code", "value") VALUES ('a89f5c6d-b85e-5d7d-8703-bd8db3df145c', 'd7a063c8-998c-50a3-825c-86f896a5a0c7', 'HIRAGANA', 'おとうさん');
INSERT INTO "vocabulary"."spelling" ("id", "vocabulary_id", "spelling_kind_code", "value") VALUES ('8529ffb1-ff62-5937-815e-efcdc09a9697', 'd7a063c8-998c-50a3-825c-86f896a5a0c7', 'KANJI', 'お父さん');
INSERT INTO "vocabulary"."linkages" ("vocabulary_id", "preferred_definition_id", "preferred_spelling_id", "phonetic_spelling_id", "alt_phonetic_spelling_id", "kanji_spelling_id", "conjugation_set_id") VALUES ('d7a063c8-998c-50a3-825c-86f896a5a0c7', 'a3c2375c-5fb8-5e78-865f-dda2e326489d', '67046ec7-b773-5b58-a65d-a23b65757262', 'a89f5c6d-b85e-5d7d-8703-bd8db3df145c', NULL, '8529ffb1-ff62-5937-815e-efcdc09a9697', NULL);
INSERT INTO "vocabulary"."reference" ("vocabulary_id", "lesson_code") VALUES ('d7a063c8-998c-50a3-825c-86f896a5a0c7', 'DUO_02_07');
INSERT INTO "vocabulary"."reference" ("vocabulary_id", "lesson_code") VALUES ('d7a063c8-998c-50a3-825c-86f896a5a0c7', 'DUO_U09');
INSERT INTO "vocabulary"."reference" ("vocabulary_id", "lesson_code") VALUES ('d7a063c8-998c-50a3-825c-86f896a5a0c7', 'GENKI3_L01');
-- お姉さん | older sister --;
INSERT INTO "vocabulary"."vocabulary" ("id", "word_class_code", "conjugation_kind_code", "jlpt_level", "row_num", "tags", "date_added") VALUES ('e09e6607-0754-53e7-ac90-7d5eec6a3442', 'NOUN', NULL, 5, 98, '{family}', '2022-04-24');
INSERT INTO "vocabulary"."definition" ("id", "vocabulary_id", "sort_rank", "value") VALUES ('a56171a6-d08c-53b6-ab4d-6eff83c8640f', 'e09e6607-0754-53e7-ac90-7d5eec6a3442', 1, 'older sister');
INSERT INTO "vocabulary"."spelling" ("id", "vocabulary_id", "spelling_kind_code", "value") VALUES ('fc9e1f35-d910-5d4c-b19b-e6e54eff0075', 'e09e6607-0754-53e7-ac90-7d5eec6a3442', 'KANJI', 'お姉さん');
INSERT INTO "vocabulary"."spelling" ("id", "vocabulary_id", "spelling_kind_code", "value") VALUES ('a601f2e1-a32c-5bce-9c42-258f01403fcd', 'e09e6607-0754-53e7-ac90-7d5eec6a3442', 'HIRAGANA', 'おねえさん');
INSERT INTO "vocabulary"."spelling" ("id", "vocabulary_id", "spelling_kind_code", "value") VALUES ('7ffa880d-c36a-5695-8fe3-b02c35a718a0', 'e09e6607-0754-53e7-ac90-7d5eec6a3442', 'KANJI', 'お姉さん');
INSERT INTO "vocabulary"."linkages" ("vocabulary_id", "preferred_definition_id", "preferred_spelling_id", "phonetic_spelling_id", "alt_phonetic_spelling_id", "kanji_spelling_id", "conjugation_set_id") VALUES ('e09e6607-0754-53e7-ac90-7d5eec6a3442', 'a56171a6-d08c-53b6-ab4d-6eff83c8640f', 'fc9e1f35-d910-5d4c-b19b-e6e54eff0075', 'a601f2e1-a32c-5bce-9c42-258f01403fcd', NULL, '7ffa880d-c36a-5695-8fe3-b02c35a718a0', NULL);
INSERT INTO "vocabulary"."reference" ("vocabulary_id", "lesson_code") VALUES ('e09e6607-0754-53e7-ac90-7d5eec6a3442', 'DUO_02_07');
INSERT INTO "vocabulary"."reference" ("vocabulary_id", "lesson_code") VALUES ('e09e6607-0754-53e7-ac90-7d5eec6a3442', 'DUO_U09');
INSERT INTO "vocabulary"."reference" ("vocabulary_id", "lesson_code") VALUES ('e09e6607-0754-53e7-ac90-7d5eec6a3442', 'GENKI3_L01');
-- お兄さん | older brother --;
INSERT INTO "vocabulary"."vocabulary" ("id", "word_class_code", "conjugation_kind_code", "jlpt_level", "row_num", "tags", "date_added") VALUES ('942ce296-4fdd-5a7d-9c2c-53d4c2ae2de7', 'NOUN', NULL, 5, 99, '{family}', '2022-04-24');
INSERT INTO "vocabulary"."definition" ("id", "vocabulary_id", "sort_rank", "value") VALUES ('8c80fdad-7f7e-580d-a9bf-0e21c8bc6532', '942ce296-4fdd-5a7d-9c2c-53d4c2ae2de7', 1, 'older brother');
INSERT INTO "vocabulary"."spelling" ("id", "vocabulary_id", "spelling_kind_code", "value") VALUES ('eb6eb73a-df5a-5d45-9d15-f54d55acd205', '942ce296-4fdd-5a7d-9c2c-53d4c2ae2de7', 'KANJI', 'お兄さん');
INSERT INTO "vocabulary"."spelling" ("id", "vocabulary_id", "spelling_kind_code", "value") VALUES ('0805cc5b-ba34-5149-8399-2dfd0262e316', '942ce296-4fdd-5a7d-9c2c-53d4c2ae2de7', 'HIRAGANA', 'おにいさん');
INSERT INTO "vocabulary"."spelling" ("id", "vocabulary_id", "spelling_kind_code", "value") VALUES ('271c83b2-fc7e-56c5-bc4b-bfb3090ad7ca', '942ce296-4fdd-5a7d-9c2c-53d4c2ae2de7', 'KANJI', 'お兄さん');
INSERT INTO "vocabulary"."linkages" ("vocabulary_id", "preferred_definition_id", "preferred_spelling_id", "phonetic_spelling_id", "alt_phonetic_spelling_id", "kanji_spelling_id", "conjugation_set_id") VALUES ('942ce296-4fdd-5a7d-9c2c-53d4c2ae2de7', '8c80fdad-7f7e-580d-a9bf-0e21c8bc6532', 'eb6eb73a-df5a-5d45-9d15-f54d55acd205', '0805cc5b-ba34-5149-8399-2dfd0262e316', NULL, '271c83b2-fc7e-56c5-bc4b-bfb3090ad7ca', NULL);
INSERT INTO "vocabulary"."reference" ("vocabulary_id", "lesson_code") VALUES ('942ce296-4fdd-5a7d-9c2c-53d4c2ae2de7', 'DUO_02_07');
INSERT INTO "vocabulary"."reference" ("vocabulary_id", "lesson_code") VALUES ('942ce296-4fdd-5a7d-9c2c-53d4c2ae2de7', 'DUO_U09');
INSERT INTO "vocabulary"."reference" ("vocabulary_id", "lesson_code") VALUES ('942ce296-4fdd-5a7d-9c2c-53d4c2ae2de7', 'GENKI3_L01');
-- 妹 | younger sister --;
INSERT INTO "vocabulary"."vocabulary" ("id", "word_class_code", "conjugation_kind_code", "jlpt_level", "row_num", "tags", "date_added") VALUES ('d4387364-3f1c-51be-9762-ddf41f844fb7', 'NOUN', NULL, 5, 100, '{family}', '2022-04-24');
INSERT INTO "vocabulary"."definition" ("id", "vocabulary_id", "sort_rank", "value") VALUES ('8d4312b2-9816-5e25-8a95-11328473c1c0', 'd4387364-3f1c-51be-9762-ddf41f844fb7', 1, 'younger sister');
INSERT INTO "vocabulary"."spelling" ("id", "vocabulary_id", "spelling_kind_code", "value") VALUES ('ae689b19-e482-5a39-98e9-f858d9bf1db7', 'd4387364-3f1c-51be-9762-ddf41f844fb7', 'KANJI', '妹');
INSERT INTO "vocabulary"."spelling" ("id", "vocabulary_id", "spelling_kind_code", "value") VALUES ('68c29c9b-ef7b-56f3-b567-83b17dad782b', 'd4387364-3f1c-51be-9762-ddf41f844fb7', 'HIRAGANA', 'いもうと');
INSERT INTO "vocabulary"."spelling" ("id", "vocabulary_id", "spelling_kind_code", "value") VALUES ('9f947229-d878-5f11-a54a-4b4b6fe924ec', 'd4387364-3f1c-51be-9762-ddf41f844fb7', 'KANJI', '妹');
INSERT INTO "vocabulary"."linkages" ("vocabulary_id", "preferred_definition_id", "preferred_spelling_id", "phonetic_spelling_id", "alt_phonetic_spelling_id", "kanji_spelling_id", "conjugation_set_id") VALUES ('d4387364-3f1c-51be-9762-ddf41f844fb7', '8d4312b2-9816-5e25-8a95-11328473c1c0', 'ae689b19-e482-5a39-98e9-f858d9bf1db7', '68c29c9b-ef7b-56f3-b567-83b17dad782b', NULL, '9f947229-d878-5f11-a54a-4b4b6fe924ec', NULL);
INSERT INTO "vocabulary"."reference" ("vocabulary_id", "lesson_code") VALUES ('d4387364-3f1c-51be-9762-ddf41f844fb7', 'DUO_02_07');
INSERT INTO "vocabulary"."reference" ("vocabulary_id", "lesson_code") VALUES ('d4387364-3f1c-51be-9762-ddf41f844fb7', 'DUO_U09');
INSERT INTO "vocabulary"."reference" ("vocabulary_id", "lesson_code") VALUES ('d4387364-3f1c-51be-9762-ddf41f844fb7', 'GENKI3_L01');
-- 弟 | younger brother --;
INSERT INTO "vocabulary"."vocabulary" ("id", "word_class_code", "conjugation_kind_code", "jlpt_level", "row_num", "tags", "date_added") VALUES ('acc5e753-294b-571f-9ee7-a7cd6eeea235', 'NOUN', NULL, 5, 101, '{family}', '2022-04-24');
INSERT INTO "vocabulary"."definition" ("id", "vocabulary_id", "sort_rank", "value") VALUES ('c5eaf449-845b-53cf-84b2-126091bbd86c', 'acc5e753-294b-571f-9ee7-a7cd6eeea235', 1, 'younger brother');
INSERT INTO "vocabulary"."spelling" ("id", "vocabulary_id", "spelling_kind_code", "value") VALUES ('bdb99ac0-3de9-5dd2-90a2-a8b80d5bd723', 'acc5e753-294b-571f-9ee7-a7cd6eeea235', 'KANJI', '弟');
INSERT INTO "vocabulary"."spelling" ("id", "vocabulary_id", "spelling_kind_code", "value") VALUES ('61044b2e-c8bf-577f-aad3-7b6a1de8a2e4', 'acc5e753-294b-571f-9ee7-a7cd6eeea235', 'HIRAGANA', 'おとうと');
INSERT INTO "vocabulary"."spelling" ("id", "vocabulary_id", "spelling_kind_code", "value") VALUES ('ec4e6541-bb87-509a-9fd4-8ac6def52823', 'acc5e753-294b-571f-9ee7-a7cd6eeea235', 'KANJI', '弟');
INSERT INTO "vocabulary"."linkages" ("vocabulary_id", "preferred_definition_id", "preferred_spelling_id", "phonetic_spelling_id", "alt_phonetic_spelling_id", "kanji_spelling_id", "conjugation_set_id") VALUES ('acc5e753-294b-571f-9ee7-a7cd6eeea235', 'c5eaf449-845b-53cf-84b2-126091bbd86c', 'bdb99ac0-3de9-5dd2-90a2-a8b80d5bd723', '61044b2e-c8bf-577f-aad3-7b6a1de8a2e4', NULL, 'ec4e6541-bb87-509a-9fd4-8ac6def52823', NULL);
INSERT INTO "vocabulary"."reference" ("vocabulary_id", "lesson_code") VALUES ('acc5e753-294b-571f-9ee7-a7cd6eeea235', 'DUO_02_07');
INSERT INTO "vocabulary"."reference" ("vocabulary_id", "lesson_code") VALUES ('acc5e753-294b-571f-9ee7-a7cd6eeea235', 'DUO_U09');
INSERT INTO "vocabulary"."reference" ("vocabulary_id", "lesson_code") VALUES ('acc5e753-294b-571f-9ee7-a7cd6eeea235', 'GENKI3_L01');
-- 姉妹 | sisters --;
INSERT INTO "vocabulary"."vocabulary" ("id", "word_class_code", "conjugation_kind_code", "jlpt_level", "row_num", "tags", "date_added") VALUES ('dc17e988-29c0-4adf-8ae2-b9c763a53811', 'NOUN', NULL, 3, 102, '{family}', '2022-08-08');
INSERT INTO "vocabulary"."definition" ("id", "vocabulary_id", "sort_rank", "value") VALUES ('82d7d2ed-ae78-5034-b1b9-a4e4a4c1552a', 'dc17e988-29c0-4adf-8ae2-b9c763a53811', 1, 'sisters');
INSERT INTO "vocabulary"."spelling" ("id", "vocabulary_id", "spelling_kind_code", "value") VALUES ('04f77857-1024-5757-a0f0-331bc385f649', 'dc17e988-29c0-4adf-8ae2-b9c763a53811', 'KANJI', '姉妹');
INSERT INTO "vocabulary"."spelling" ("id", "vocabulary_id", "spelling_kind_code", "value") VALUES ('1ec544fa-2628-5210-983f-d704e68fe578', 'dc17e988-29c0-4adf-8ae2-b9c763a53811', 'HIRAGANA', 'しまい');
INSERT INTO "vocabulary"."spelling" ("id", "vocabulary_id", "spelling_kind_code", "value") VALUES ('08d813fa-03c6-5441-8312-811231855b80', 'dc17e988-29c0-4adf-8ae2-b9c763a53811', 'KANJI', '姉妹');
INSERT INTO "vocabulary"."linkages" ("vocabulary_id", "preferred_definition_id", "preferred_spelling_id", "phonetic_spelling_id", "alt_phonetic_spelling_id", "kanji_spelling_id", "conjugation_set_id") VALUES ('dc17e988-29c0-4adf-8ae2-b9c763a53811', '82d7d2ed-ae78-5034-b1b9-a4e4a4c1552a', '04f77857-1024-5757-a0f0-331bc385f649', '1ec544fa-2628-5210-983f-d704e68fe578', NULL, '08d813fa-03c6-5441-8312-811231855b80', NULL);
INSERT INTO "vocabulary"."reference" ("vocabulary_id", "lesson_code") VALUES ('dc17e988-29c0-4adf-8ae2-b9c763a53811', 'DUO_02_07');
INSERT INTO "vocabulary"."reference" ("vocabulary_id", "lesson_code") VALUES ('dc17e988-29c0-4adf-8ae2-b9c763a53811', 'DUO_U09');
-- 兄弟 | brothers; siblings --;
INSERT INTO "vocabulary"."vocabulary" ("id", "word_class_code", "conjugation_kind_code", "jlpt_level", "row_num", "tags", "date_added") VALUES ('39d87517-fc60-4158-83ee-97a62168dfb3', 'NOUN', NULL, 5, 103, '{family}', '2022-08-08');
INSERT INTO "vocabulary"."definition" ("id", "vocabulary_id", "sort_rank", "value") VALUES ('7d304270-9809-5ebb-9d88-ad90ef7a3810', '39d87517-fc60-4158-83ee-97a62168dfb3', 1, 'brothers; siblings');
INSERT INTO "vocabulary"."spelling" ("id", "vocabulary_id", "spelling_kind_code", "value") VALUES ('62671bc2-ef7c-5272-9f48-37d8ded11433', '39d87517-fc60-4158-83ee-97a62168dfb3', 'KANJI', '兄弟');
INSERT INTO "vocabulary"."spelling" ("id", "vocabulary_id", "spelling_kind_code", "value") VALUES ('24278101-a5bd-5465-a080-5b0f0ab874aa', '39d87517-fc60-4158-83ee-97a62168dfb3', 'HIRAGANA', 'きょうだい');
INSERT INTO "vocabulary"."spelling" ("id", "vocabulary_id", "spelling_kind_code", "value") VALUES ('63e98539-9fc0-53d4-b9ac-deb41857d5f2', '39d87517-fc60-4158-83ee-97a62168dfb3', 'KANJI', '兄弟');
INSERT INTO "vocabulary"."linkages" ("vocabulary_id", "preferred_definition_id", "preferred_spelling_id", "phonetic_spelling_id", "alt_phonetic_spelling_id", "kanji_spelling_id", "conjugation_set_id") VALUES ('39d87517-fc60-4158-83ee-97a62168dfb3', '7d304270-9809-5ebb-9d88-ad90ef7a3810', '62671bc2-ef7c-5272-9f48-37d8ded11433', '24278101-a5bd-5465-a080-5b0f0ab874aa', NULL, '63e98539-9fc0-53d4-b9ac-deb41857d5f2', NULL);
INSERT INTO "vocabulary"."reference" ("vocabulary_id", "lesson_code") VALUES ('39d87517-fc60-4158-83ee-97a62168dfb3', 'DUO_02_07');
INSERT INTO "vocabulary"."reference" ("vocabulary_id", "lesson_code") VALUES ('39d87517-fc60-4158-83ee-97a62168dfb3', 'DUO_U09');
-- これ | this one --;
INSERT INTO "vocabulary"."vocabulary" ("id", "word_class_code", "conjugation_kind_code", "jlpt_level", "row_num", "tags", "date_added") VALUES ('58ecba76-692b-5baf-a096-62bf3e752da2', 'PRONOUN', NULL, 5, 104, '{pointing_word}', '2022-05-30');
INSERT INTO "vocabulary"."definition" ("id", "vocabulary_id", "sort_rank", "value") VALUES ('ed424cc9-2370-5e7e-b861-5025b27f47ad', '58ecba76-692b-5baf-a096-62bf3e752da2', 1, 'this one');
INSERT INTO "vocabulary"."spelling" ("id", "vocabulary_id", "spelling_kind_code", "value") VALUES ('9ce21ff0-13ef-5a8c-baf4-0bf7bd11cf18', '58ecba76-692b-5baf-a096-62bf3e752da2', 'HIRAGANA', 'これ');
INSERT INTO "vocabulary"."spelling" ("id", "vocabulary_id", "spelling_kind_code", "value") VALUES ('8f84c212-743d-548e-a6b8-1d3beef4c43f', '58ecba76-692b-5baf-a096-62bf3e752da2', 'HIRAGANA', 'これ');
INSERT INTO "vocabulary"."linkages" ("vocabulary_id", "preferred_definition_id", "preferred_spelling_id", "phonetic_spelling_id", "alt_phonetic_spelling_id", "kanji_spelling_id", "conjugation_set_id") VALUES ('58ecba76-692b-5baf-a096-62bf3e752da2', 'ed424cc9-2370-5e7e-b861-5025b27f47ad', '9ce21ff0-13ef-5a8c-baf4-0bf7bd11cf18', '8f84c212-743d-548e-a6b8-1d3beef4c43f', NULL, NULL, NULL);
INSERT INTO "vocabulary"."reference" ("vocabulary_id", "lesson_code") VALUES ('58ecba76-692b-5baf-a096-62bf3e752da2', 'DUO_02_01');
INSERT INTO "vocabulary"."reference" ("vocabulary_id", "lesson_code") VALUES ('58ecba76-692b-5baf-a096-62bf3e752da2', 'DUO_U06');
INSERT INTO "vocabulary"."reference" ("vocabulary_id", "lesson_code") VALUES ('58ecba76-692b-5baf-a096-62bf3e752da2', 'GENKI3_L02');
-- それ | that one --;
INSERT INTO "vocabulary"."vocabulary" ("id", "word_class_code", "conjugation_kind_code", "jlpt_level", "row_num", "tags", "date_added") VALUES ('8373ee97-fb02-5fa4-9f3a-e6d0bfe42042', 'PRONOUN', NULL, 5, 105, '{pointing_word}', '2022-05-30');
INSERT INTO "vocabulary"."definition" ("id", "vocabulary_id", "sort_rank", "value") VALUES ('08ede234-fd48-50ba-b534-3eb549d4b0e2', '8373ee97-fb02-5fa4-9f3a-e6d0bfe42042', 1, 'that one');
INSERT INTO "vocabulary"."spelling" ("id", "vocabulary_id", "spelling_kind_code", "value") VALUES ('bc99f576-61e4-5670-8092-01a956d90c1f', '8373ee97-fb02-5fa4-9f3a-e6d0bfe42042', 'HIRAGANA', 'それ');
INSERT INTO "vocabulary"."spelling" ("id", "vocabulary_id", "spelling_kind_code", "value") VALUES ('b8ef949d-2436-5abd-9209-173ec7b10a08', '8373ee97-fb02-5fa4-9f3a-e6d0bfe42042', 'HIRAGANA', 'それ');
INSERT INTO "vocabulary"."linkages" ("vocabulary_id", "preferred_definition_id", "preferred_spelling_id", "phonetic_spelling_id", "alt_phonetic_spelling_id", "kanji_spelling_id", "conjugation_set_id") VALUES ('8373ee97-fb02-5fa4-9f3a-e6d0bfe42042', '08ede234-fd48-50ba-b534-3eb549d4b0e2', 'bc99f576-61e4-5670-8092-01a956d90c1f', 'b8ef949d-2436-5abd-9209-173ec7b10a08', NULL, NULL, NULL);
INSERT INTO "vocabulary"."reference" ("vocabulary_id", "lesson_code") VALUES ('8373ee97-fb02-5fa4-9f3a-e6d0bfe42042', 'DUO_02_01');
INSERT INTO "vocabulary"."reference" ("vocabulary_id", "lesson_code") VALUES ('8373ee97-fb02-5fa4-9f3a-e6d0bfe42042', 'DUO_U06');
INSERT INTO "vocabulary"."reference" ("vocabulary_id", "lesson_code") VALUES ('8373ee97-fb02-5fa4-9f3a-e6d0bfe42042', 'GENKI3_L02');
-- あれ | that one over there --;
INSERT INTO "vocabulary"."vocabulary" ("id", "word_class_code", "conjugation_kind_code", "jlpt_level", "row_num", "tags", "date_added") VALUES ('e3286acb-a31b-5fb6-9c16-28ac16fcc269', 'PRONOUN', NULL, 5, 106, '{pointing_word}', '2022-05-30');
INSERT INTO "vocabulary"."definition" ("id", "vocabulary_id", "sort_rank", "value") VALUES ('0fd531aa-0133-5358-a50b-ec5c15fe0f67', 'e3286acb-a31b-5fb6-9c16-28ac16fcc269', 1, 'that one over there');
INSERT INTO "vocabulary"."spelling" ("id", "vocabulary_id", "spelling_kind_code", "value") VALUES ('4c6e3cf6-649a-5445-b4d5-57f03477fbda', 'e3286acb-a31b-5fb6-9c16-28ac16fcc269', 'HIRAGANA', 'あれ');
INSERT INTO "vocabulary"."spelling" ("id", "vocabulary_id", "spelling_kind_code", "value") VALUES ('4b59bdd2-228d-5fad-b60e-0b352cc5c1d6', 'e3286acb-a31b-5fb6-9c16-28ac16fcc269', 'HIRAGANA', 'あれ');
INSERT INTO "vocabulary"."linkages" ("vocabulary_id", "preferred_definition_id", "preferred_spelling_id", "phonetic_spelling_id", "alt_phonetic_spelling_id", "kanji_spelling_id", "conjugation_set_id") VALUES ('e3286acb-a31b-5fb6-9c16-28ac16fcc269', '0fd531aa-0133-5358-a50b-ec5c15fe0f67', '4c6e3cf6-649a-5445-b4d5-57f03477fbda', '4b59bdd2-228d-5fad-b60e-0b352cc5c1d6', NULL, NULL, NULL);
INSERT INTO "vocabulary"."reference" ("vocabulary_id", "lesson_code") VALUES ('e3286acb-a31b-5fb6-9c16-28ac16fcc269', 'DUO_02_01');
INSERT INTO "vocabulary"."reference" ("vocabulary_id", "lesson_code") VALUES ('e3286acb-a31b-5fb6-9c16-28ac16fcc269', 'DUO_U06');
INSERT INTO "vocabulary"."reference" ("vocabulary_id", "lesson_code") VALUES ('e3286acb-a31b-5fb6-9c16-28ac16fcc269', 'GENKI3_L02');
-- どれ | which one --;
INSERT INTO "vocabulary"."vocabulary" ("id", "word_class_code", "conjugation_kind_code", "jlpt_level", "row_num", "tags", "date_added") VALUES ('9ef8e062-db86-5059-82be-ccc85580d5e7', 'PRONOUN', NULL, 5, 107, '{pointing_word}', '2022-05-30');
INSERT INTO "vocabulary"."definition" ("id", "vocabulary_id", "sort_rank", "value") VALUES ('2809bb8c-a578-52c8-944f-e67dc2a71fa3', '9ef8e062-db86-5059-82be-ccc85580d5e7', 1, 'which one');
INSERT INTO "vocabulary"."spelling" ("id", "vocabulary_id", "spelling_kind_code", "value") VALUES ('c6cb21f4-a3cc-5157-8741-b2f6d0e4a82b', '9ef8e062-db86-5059-82be-ccc85580d5e7', 'HIRAGANA', 'どれ');
INSERT INTO "vocabulary"."spelling" ("id", "vocabulary_id", "spelling_kind_code", "value") VALUES ('506d6916-8213-5457-bb9e-7bda244e92dc', '9ef8e062-db86-5059-82be-ccc85580d5e7', 'HIRAGANA', 'どれ');
INSERT INTO "vocabulary"."linkages" ("vocabulary_id", "preferred_definition_id", "preferred_spelling_id", "phonetic_spelling_id", "alt_phonetic_spelling_id", "kanji_spelling_id", "conjugation_set_id") VALUES ('9ef8e062-db86-5059-82be-ccc85580d5e7', '2809bb8c-a578-52c8-944f-e67dc2a71fa3', 'c6cb21f4-a3cc-5157-8741-b2f6d0e4a82b', '506d6916-8213-5457-bb9e-7bda244e92dc', NULL, NULL, NULL);
INSERT INTO "vocabulary"."reference" ("vocabulary_id", "lesson_code") VALUES ('9ef8e062-db86-5059-82be-ccc85580d5e7', 'DUO_02_01');
INSERT INTO "vocabulary"."reference" ("vocabulary_id", "lesson_code") VALUES ('9ef8e062-db86-5059-82be-ccc85580d5e7', 'DUO_U06');
INSERT INTO "vocabulary"."reference" ("vocabulary_id", "lesson_code") VALUES ('9ef8e062-db86-5059-82be-ccc85580d5e7', 'GENKI3_L02');
-- この〜 | this... --;
INSERT INTO "vocabulary"."vocabulary" ("id", "word_class_code", "conjugation_kind_code", "jlpt_level", "row_num", "tags", "date_added") VALUES ('430b4ea9-6092-52c7-b2bf-4300de6196c7', 'PRONOUN', NULL, 5, 108, '{pointing_word}', '2022-05-30');
INSERT INTO "vocabulary"."definition" ("id", "vocabulary_id", "sort_rank", "value") VALUES ('e7db2bce-df1e-5edc-bf3d-e6c73a47737c', '430b4ea9-6092-52c7-b2bf-4300de6196c7', 1, 'this...');
INSERT INTO "vocabulary"."spelling" ("id", "vocabulary_id", "spelling_kind_code", "value") VALUES ('912c326a-0a7a-5558-8bbd-974ccf5e7338', '430b4ea9-6092-52c7-b2bf-4300de6196c7', 'HIRAGANA', 'この〜');
INSERT INTO "vocabulary"."spelling" ("id", "vocabulary_id", "spelling_kind_code", "value") VALUES ('3d6aab7c-3208-57de-8781-720c7e8013a8', '430b4ea9-6092-52c7-b2bf-4300de6196c7', 'HIRAGANA', 'この');
INSERT INTO "vocabulary"."linkages" ("vocabulary_id", "preferred_definition_id", "preferred_spelling_id", "phonetic_spelling_id", "alt_phonetic_spelling_id", "kanji_spelling_id", "conjugation_set_id") VALUES ('430b4ea9-6092-52c7-b2bf-4300de6196c7', 'e7db2bce-df1e-5edc-bf3d-e6c73a47737c', '912c326a-0a7a-5558-8bbd-974ccf5e7338', '3d6aab7c-3208-57de-8781-720c7e8013a8', NULL, NULL, NULL);
INSERT INTO "vocabulary"."reference" ("vocabulary_id", "lesson_code") VALUES ('430b4ea9-6092-52c7-b2bf-4300de6196c7', 'GENKI3_L02');
-- その〜 | that... --;
INSERT INTO "vocabulary"."vocabulary" ("id", "word_class_code", "conjugation_kind_code", "jlpt_level", "row_num", "tags", "date_added") VALUES ('9d9f54be-2a19-5147-8935-e7c3c887fa03', 'PRONOUN', NULL, 5, 109, '{pointing_word}', '2022-05-30');
INSERT INTO "vocabulary"."definition" ("id", "vocabulary_id", "sort_rank", "value") VALUES ('fc9e4edf-052d-5978-83b9-194f6a0a88ee', '9d9f54be-2a19-5147-8935-e7c3c887fa03', 1, 'that...');
INSERT INTO "vocabulary"."spelling" ("id", "vocabulary_id", "spelling_kind_code", "value") VALUES ('1ec1e0ef-7799-5dfa-9f03-68e519125802', '9d9f54be-2a19-5147-8935-e7c3c887fa03', 'HIRAGANA', 'その〜');
INSERT INTO "vocabulary"."spelling" ("id", "vocabulary_id", "spelling_kind_code", "value") VALUES ('825c9e04-c7c5-5aa5-9fa7-159c4a25e903', '9d9f54be-2a19-5147-8935-e7c3c887fa03', 'HIRAGANA', 'その');
INSERT INTO "vocabulary"."linkages" ("vocabulary_id", "preferred_definition_id", "preferred_spelling_id", "phonetic_spelling_id", "alt_phonetic_spelling_id", "kanji_spelling_id", "conjugation_set_id") VALUES ('9d9f54be-2a19-5147-8935-e7c3c887fa03', 'fc9e4edf-052d-5978-83b9-194f6a0a88ee', '1ec1e0ef-7799-5dfa-9f03-68e519125802', '825c9e04-c7c5-5aa5-9fa7-159c4a25e903', NULL, NULL, NULL);
INSERT INTO "vocabulary"."reference" ("vocabulary_id", "lesson_code") VALUES ('9d9f54be-2a19-5147-8935-e7c3c887fa03', 'GENKI3_L02');
-- あの〜 | that... over there --;
INSERT INTO "vocabulary"."vocabulary" ("id", "word_class_code", "conjugation_kind_code", "jlpt_level", "row_num", "tags", "date_added") VALUES ('908efe1a-b6e9-55d5-b550-461cea175af4', 'PRONOUN', NULL, 5, 110, '{pointing_word}', '2022-05-30');
INSERT INTO "vocabulary"."definition" ("id", "vocabulary_id", "sort_rank", "value") VALUES ('9135318b-8521-5cbc-bfa1-80313d877c07', '908efe1a-b6e9-55d5-b550-461cea175af4', 1, 'that... over there');
INSERT INTO "vocabulary"."spelling" ("id", "vocabulary_id", "spelling_kind_code", "value") VALUES ('c0175ef2-ebc7-5b4e-be20-ada862fc6353', '908efe1a-b6e9-55d5-b550-461cea175af4', 'HIRAGANA', 'あの〜');
INSERT INTO "vocabulary"."spelling" ("id", "vocabulary_id", "spelling_kind_code", "value") VALUES ('dc5f7c7d-c25e-5680-b5d8-bae005da375a', '908efe1a-b6e9-55d5-b550-461cea175af4', 'HIRAGANA', 'あの');
INSERT INTO "vocabulary"."linkages" ("vocabulary_id", "preferred_definition_id", "preferred_spelling_id", "phonetic_spelling_id", "alt_phonetic_spelling_id", "kanji_spelling_id", "conjugation_set_id") VALUES ('908efe1a-b6e9-55d5-b550-461cea175af4', '9135318b-8521-5cbc-bfa1-80313d877c07', 'c0175ef2-ebc7-5b4e-be20-ada862fc6353', 'dc5f7c7d-c25e-5680-b5d8-bae005da375a', NULL, NULL, NULL);
INSERT INTO "vocabulary"."reference" ("vocabulary_id", "lesson_code") VALUES ('908efe1a-b6e9-55d5-b550-461cea175af4', 'GENKI3_L02');
-- どの〜 | which.... --;
INSERT INTO "vocabulary"."vocabulary" ("id", "word_class_code", "conjugation_kind_code", "jlpt_level", "row_num", "tags", "date_added") VALUES ('a9b7cffc-2d14-58ae-818b-3ac3b6e6e4d0', 'PRONOUN', NULL, 5, 111, '{pointing_word}', '2022-05-30');
INSERT INTO "vocabulary"."definition" ("id", "vocabulary_id", "sort_rank", "value") VALUES ('2cff90de-c3a7-5029-a9c9-7f7ee37b3eac', 'a9b7cffc-2d14-58ae-818b-3ac3b6e6e4d0', 1, 'which....');
INSERT INTO "vocabulary"."spelling" ("id", "vocabulary_id", "spelling_kind_code", "value") VALUES ('0c6f235f-da33-5cbc-b69c-ab51b15fe332', 'a9b7cffc-2d14-58ae-818b-3ac3b6e6e4d0', 'HIRAGANA', 'どの〜');
INSERT INTO "vocabulary"."spelling" ("id", "vocabulary_id", "spelling_kind_code", "value") VALUES ('d2bdebfe-e023-5b7e-b332-402230465755', 'a9b7cffc-2d14-58ae-818b-3ac3b6e6e4d0', 'HIRAGANA', 'どの');
INSERT INTO "vocabulary"."linkages" ("vocabulary_id", "preferred_definition_id", "preferred_spelling_id", "phonetic_spelling_id", "alt_phonetic_spelling_id", "kanji_spelling_id", "conjugation_set_id") VALUES ('a9b7cffc-2d14-58ae-818b-3ac3b6e6e4d0', '2cff90de-c3a7-5029-a9c9-7f7ee37b3eac', '0c6f235f-da33-5cbc-b69c-ab51b15fe332', 'd2bdebfe-e023-5b7e-b332-402230465755', NULL, NULL, NULL);
INSERT INTO "vocabulary"."reference" ("vocabulary_id", "lesson_code") VALUES ('a9b7cffc-2d14-58ae-818b-3ac3b6e6e4d0', 'GENKI3_L02');
-- ここ | here --;
INSERT INTO "vocabulary"."vocabulary" ("id", "word_class_code", "conjugation_kind_code", "jlpt_level", "row_num", "tags", "date_added") VALUES ('9c591bfa-c4a7-5263-b2b1-7c8d14e10c34', 'PRONOUN', NULL, 5, 112, '{pointing_word}', '2022-05-30');
INSERT INTO "vocabulary"."definition" ("id", "vocabulary_id", "sort_rank", "value") VALUES ('ba4bace5-1ffe-5eaf-aaf4-a949b4b66b09', '9c591bfa-c4a7-5263-b2b1-7c8d14e10c34', 1, 'here');
INSERT INTO "vocabulary"."spelling" ("id", "vocabulary_id", "spelling_kind_code", "value") VALUES ('333fa2b7-675c-5da5-9ad5-bf0731289dc1', '9c591bfa-c4a7-5263-b2b1-7c8d14e10c34', 'HIRAGANA', 'ここ');
INSERT INTO "vocabulary"."spelling" ("id", "vocabulary_id", "spelling_kind_code", "value") VALUES ('e9307239-10f6-56ae-8fbb-c8c486da744f', '9c591bfa-c4a7-5263-b2b1-7c8d14e10c34', 'HIRAGANA', 'ここ');
INSERT INTO "vocabulary"."linkages" ("vocabulary_id", "preferred_definition_id", "preferred_spelling_id", "phonetic_spelling_id", "alt_phonetic_spelling_id", "kanji_spelling_id", "conjugation_set_id") VALUES ('9c591bfa-c4a7-5263-b2b1-7c8d14e10c34', 'ba4bace5-1ffe-5eaf-aaf4-a949b4b66b09', '333fa2b7-675c-5da5-9ad5-bf0731289dc1', 'e9307239-10f6-56ae-8fbb-c8c486da744f', NULL, NULL, NULL);
INSERT INTO "vocabulary"."reference" ("vocabulary_id", "lesson_code") VALUES ('9c591bfa-c4a7-5263-b2b1-7c8d14e10c34', 'GENKI3_L02');
-- そこ | there --;
INSERT INTO "vocabulary"."vocabulary" ("id", "word_class_code", "conjugation_kind_code", "jlpt_level", "row_num", "tags", "date_added") VALUES ('0279527b-c398-5856-aad3-11b834907f56', 'PRONOUN', NULL, 5, 113, '{pointing_word}', '2022-05-30');
INSERT INTO "vocabulary"."definition" ("id", "vocabulary_id", "sort_rank", "value") VALUES ('70c2785e-931b-52a4-a627-b450554241ad', '0279527b-c398-5856-aad3-11b834907f56', 1, 'there');
INSERT INTO "vocabulary"."spelling" ("id", "vocabulary_id", "spelling_kind_code", "value") VALUES ('0603aa52-cc49-55a8-af60-f31684779b3d', '0279527b-c398-5856-aad3-11b834907f56', 'HIRAGANA', 'そこ');
INSERT INTO "vocabulary"."spelling" ("id", "vocabulary_id", "spelling_kind_code", "value") VALUES ('88ea0a4c-fc5a-593b-b468-5b6d7e36bb75', '0279527b-c398-5856-aad3-11b834907f56', 'HIRAGANA', 'そこ');
INSERT INTO "vocabulary"."linkages" ("vocabulary_id", "preferred_definition_id", "preferred_spelling_id", "phonetic_spelling_id", "alt_phonetic_spelling_id", "kanji_spelling_id", "conjugation_set_id") VALUES ('0279527b-c398-5856-aad3-11b834907f56', '70c2785e-931b-52a4-a627-b450554241ad', '0603aa52-cc49-55a8-af60-f31684779b3d', '88ea0a4c-fc5a-593b-b468-5b6d7e36bb75', NULL, NULL, NULL);
INSERT INTO "vocabulary"."reference" ("vocabulary_id", "lesson_code") VALUES ('0279527b-c398-5856-aad3-11b834907f56', 'GENKI3_L02');
-- あそこ | over there --;
INSERT INTO "vocabulary"."vocabulary" ("id", "word_class_code", "conjugation_kind_code", "jlpt_level", "row_num", "tags", "date_added") VALUES ('5587745e-e524-5159-8fe6-1e8637b90455', 'PRONOUN', NULL, 5, 114, '{pointing_word}', '2022-05-30');
INSERT INTO "vocabulary"."definition" ("id", "vocabulary_id", "sort_rank", "value") VALUES ('678757fb-a77b-52fa-a850-48092303ae83', '5587745e-e524-5159-8fe6-1e8637b90455', 1, 'over there');
INSERT INTO "vocabulary"."spelling" ("id", "vocabulary_id", "spelling_kind_code", "value") VALUES ('52665a21-4359-5c7d-ac54-59cd11112eb5', '5587745e-e524-5159-8fe6-1e8637b90455', 'HIRAGANA', 'あそこ');
INSERT INTO "vocabulary"."spelling" ("id", "vocabulary_id", "spelling_kind_code", "value") VALUES ('fadec52b-e747-5657-bf0a-3e43ac0f19e2', '5587745e-e524-5159-8fe6-1e8637b90455', 'HIRAGANA', 'あそこ');
INSERT INTO "vocabulary"."linkages" ("vocabulary_id", "preferred_definition_id", "preferred_spelling_id", "phonetic_spelling_id", "alt_phonetic_spelling_id", "kanji_spelling_id", "conjugation_set_id") VALUES ('5587745e-e524-5159-8fe6-1e8637b90455', '678757fb-a77b-52fa-a850-48092303ae83', '52665a21-4359-5c7d-ac54-59cd11112eb5', 'fadec52b-e747-5657-bf0a-3e43ac0f19e2', NULL, NULL, NULL);
INSERT INTO "vocabulary"."reference" ("vocabulary_id", "lesson_code") VALUES ('5587745e-e524-5159-8fe6-1e8637b90455', 'GENKI3_L02');
-- どこ | where --;
INSERT INTO "vocabulary"."vocabulary" ("id", "word_class_code", "conjugation_kind_code", "jlpt_level", "row_num", "tags", "date_added") VALUES ('1502a2cb-059c-5a9f-baab-af68a0d09ac8', 'PRONOUN', NULL, 5, 115, '{pointing_word}', '2022-05-30');
INSERT INTO "vocabulary"."definition" ("id", "vocabulary_id", "sort_rank", "value") VALUES ('9d82b99e-c82b-5908-a9f5-10afbfae112e', '1502a2cb-059c-5a9f-baab-af68a0d09ac8', 1, 'where');
INSERT INTO "vocabulary"."spelling" ("id", "vocabulary_id", "spelling_kind_code", "value") VALUES ('2e424c81-176e-570a-8f58-1736b3f111a5', '1502a2cb-059c-5a9f-baab-af68a0d09ac8', 'HIRAGANA', 'どこ');
INSERT INTO "vocabulary"."spelling" ("id", "vocabulary_id", "spelling_kind_code", "value") VALUES ('e3002ce1-acfc-58d7-b744-69827cf7aca3', '1502a2cb-059c-5a9f-baab-af68a0d09ac8', 'HIRAGANA', 'どこ');
INSERT INTO "vocabulary"."linkages" ("vocabulary_id", "preferred_definition_id", "preferred_spelling_id", "phonetic_spelling_id", "alt_phonetic_spelling_id", "kanji_spelling_id", "conjugation_set_id") VALUES ('1502a2cb-059c-5a9f-baab-af68a0d09ac8', '9d82b99e-c82b-5908-a9f5-10afbfae112e', '2e424c81-176e-570a-8f58-1736b3f111a5', 'e3002ce1-acfc-58d7-b744-69827cf7aca3', NULL, NULL, NULL);
INSERT INTO "vocabulary"."reference" ("vocabulary_id", "lesson_code") VALUES ('1502a2cb-059c-5a9f-baab-af68a0d09ac8', 'GENKI3_L02');
-- 誰 | who --;
INSERT INTO "vocabulary"."vocabulary" ("id", "word_class_code", "conjugation_kind_code", "jlpt_level", "row_num", "tags", "date_added") VALUES ('93eaf294-a292-5980-b17e-de43755335c9', 'PRONOUN', NULL, 5, 116, '{pointing_word}', '2022-05-30');
INSERT INTO "vocabulary"."definition" ("id", "vocabulary_id", "sort_rank", "value") VALUES ('9bf2efe4-328f-59c9-9d1f-c7c95d509246', '93eaf294-a292-5980-b17e-de43755335c9', 1, 'who');
INSERT INTO "vocabulary"."spelling" ("id", "vocabulary_id", "spelling_kind_code", "value") VALUES ('1d61c80a-9eed-5659-9a65-346d263ad0ea', '93eaf294-a292-5980-b17e-de43755335c9', 'KANJI', '誰');
INSERT INTO "vocabulary"."spelling" ("id", "vocabulary_id", "spelling_kind_code", "value") VALUES ('6c1bdfcc-b6fd-5443-8596-a4d7fa60bb3c', '93eaf294-a292-5980-b17e-de43755335c9', 'HIRAGANA', 'だれ');
INSERT INTO "vocabulary"."spelling" ("id", "vocabulary_id", "spelling_kind_code", "value") VALUES ('c2628308-c4b2-5443-a778-b3f4c897d318', '93eaf294-a292-5980-b17e-de43755335c9', 'KANJI', '誰');
INSERT INTO "vocabulary"."linkages" ("vocabulary_id", "preferred_definition_id", "preferred_spelling_id", "phonetic_spelling_id", "alt_phonetic_spelling_id", "kanji_spelling_id", "conjugation_set_id") VALUES ('93eaf294-a292-5980-b17e-de43755335c9', '9bf2efe4-328f-59c9-9d1f-c7c95d509246', '1d61c80a-9eed-5659-9a65-346d263ad0ea', '6c1bdfcc-b6fd-5443-8596-a4d7fa60bb3c', NULL, 'c2628308-c4b2-5443-a778-b3f4c897d318', NULL);
INSERT INTO "vocabulary"."reference" ("vocabulary_id", "lesson_code") VALUES ('93eaf294-a292-5980-b17e-de43755335c9', 'DUO_02_07');
INSERT INTO "vocabulary"."reference" ("vocabulary_id", "lesson_code") VALUES ('93eaf294-a292-5980-b17e-de43755335c9', 'DUO_U09');
INSERT INTO "vocabulary"."reference" ("vocabulary_id", "lesson_code") VALUES ('93eaf294-a292-5980-b17e-de43755335c9', 'GENKI3_L02');
-- おいし | delicious --;
INSERT INTO "vocabulary"."vocabulary" ("id", "word_class_code", "conjugation_kind_code", "jlpt_level", "row_num", "tags", "date_added") VALUES ('f5fce96d-2982-5d7a-b7ce-9dc8914c6ab3', 'ADJECTIVE', 'I_ADJECTIVE', 5, 117, '{food}', '2022-05-30');
INSERT INTO "vocabulary"."definition" ("id", "vocabulary_id", "sort_rank", "value") VALUES ('2bcb03ad-2d1d-5ea4-b656-f5257150dcca', 'f5fce96d-2982-5d7a-b7ce-9dc8914c6ab3', 1, 'delicious');
INSERT INTO "vocabulary"."spelling" ("id", "vocabulary_id", "spelling_kind_code", "value") VALUES ('19184959-63c9-59be-9ae4-ed49eaebc1b9', 'f5fce96d-2982-5d7a-b7ce-9dc8914c6ab3', 'HIRAGANA', 'おいし');
INSERT INTO "vocabulary"."spelling" ("id", "vocabulary_id", "spelling_kind_code", "value") VALUES ('02a8a831-b1ff-55a7-bb79-091cadec4716', 'f5fce96d-2982-5d7a-b7ce-9dc8914c6ab3', 'HIRAGANA', 'おいし');
INSERT INTO "vocabulary"."spelling" ("id", "vocabulary_id", "spelling_kind_code", "value") VALUES ('7d51e920-23a5-5bd6-8e53-c598cc31af8d', 'f5fce96d-2982-5d7a-b7ce-9dc8914c6ab3', 'KANJI', '美味しい');
INSERT INTO "vocabulary"."linkages" ("vocabulary_id", "preferred_definition_id", "preferred_spelling_id", "phonetic_spelling_id", "alt_phonetic_spelling_id", "kanji_spelling_id", "conjugation_set_id") VALUES ('f5fce96d-2982-5d7a-b7ce-9dc8914c6ab3', '2bcb03ad-2d1d-5ea4-b656-f5257150dcca', '19184959-63c9-59be-9ae4-ed49eaebc1b9', '02a8a831-b1ff-55a7-bb79-091cadec4716', NULL, '7d51e920-23a5-5bd6-8e53-c598cc31af8d', NULL);
INSERT INTO "vocabulary"."reference" ("vocabulary_id", "lesson_code") VALUES ('f5fce96d-2982-5d7a-b7ce-9dc8914c6ab3', 'GENKI3_L02');
-- うまい | skillful; delicious! (slang) --;
INSERT INTO "vocabulary"."vocabulary" ("id", "word_class_code", "conjugation_kind_code", "jlpt_level", "row_num", "tags", "date_added") VALUES ('10a5183d-9b5d-58c7-885f-0210e56c1dca', 'ADJECTIVE', 'I_ADJECTIVE', NULL, 118, '{food,slang}', '2022-05-30');
INSERT INTO "vocabulary"."definition" ("id", "vocabulary_id", "sort_rank", "value") VALUES ('8391e60e-b6a7-5f74-bc0d-bd9e8d2e837a', '10a5183d-9b5d-58c7-885f-0210e56c1dca', 1, 'skillful; delicious! (slang)');
INSERT INTO "vocabulary"."spelling" ("id", "vocabulary_id", "spelling_kind_code", "value") VALUES ('1792caa0-a6cd-592a-993d-36ce2cc6fbab', '10a5183d-9b5d-58c7-885f-0210e56c1dca', 'HIRAGANA', 'うまい');
INSERT INTO "vocabulary"."spelling" ("id", "vocabulary_id", "spelling_kind_code", "value") VALUES ('a5b23dbd-088c-541a-b26f-195298f65ef4', '10a5183d-9b5d-58c7-885f-0210e56c1dca', 'HIRAGANA', 'うまい');
INSERT INTO "vocabulary"."spelling" ("id", "vocabulary_id", "spelling_kind_code", "value") VALUES ('5ed8fc8f-7e23-541f-bd5a-bcb50af11dad', '10a5183d-9b5d-58c7-885f-0210e56c1dca', 'KANJI', '上手い');
INSERT INTO "vocabulary"."linkages" ("vocabulary_id", "preferred_definition_id", "preferred_spelling_id", "phonetic_spelling_id", "alt_phonetic_spelling_id", "kanji_spelling_id", "conjugation_set_id") VALUES ('10a5183d-9b5d-58c7-885f-0210e56c1dca', '8391e60e-b6a7-5f74-bc0d-bd9e8d2e837a', '1792caa0-a6cd-592a-993d-36ce2cc6fbab', 'a5b23dbd-088c-541a-b26f-195298f65ef4', NULL, '5ed8fc8f-7e23-541f-bd5a-bcb50af11dad', NULL);
-- 上手 | skillful; proficient; adept --;
INSERT INTO "vocabulary"."vocabulary" ("id", "word_class_code", "conjugation_kind_code", "jlpt_level", "row_num", "tags", "date_added") VALUES ('432e16e3-a00f-5af7-a67a-e75a5451933e', 'ADJECTIVE', 'NA_ADJECTIVE', 5, 119, '{}', '2022-09-06');
INSERT INTO "vocabulary"."definition" ("id", "vocabulary_id", "sort_rank", "value") VALUES ('c5ea1b3b-7566-594c-a9f4-6d36c88c52f4', '432e16e3-a00f-5af7-a67a-e75a5451933e', 1, 'skillful; proficient; adept');
INSERT INTO "vocabulary"."spelling" ("id", "vocabulary_id", "spelling_kind_code", "value") VALUES ('8d817b99-0bf4-5375-853c-61f7e40ab1a7', '432e16e3-a00f-5af7-a67a-e75a5451933e', 'KANJI', '上手');
INSERT INTO "vocabulary"."spelling" ("id", "vocabulary_id", "spelling_kind_code", "value") VALUES ('1de46c1e-0ace-507d-9c35-3b36b50f8ed9', '432e16e3-a00f-5af7-a67a-e75a5451933e', 'HIRAGANA', 'じょうず');
INSERT INTO "vocabulary"."spelling" ("id", "vocabulary_id", "spelling_kind_code", "value") VALUES ('9b426ccd-83af-57a6-b771-65eeec8c7c40', '432e16e3-a00f-5af7-a67a-e75a5451933e', 'KANJI', '上手');
INSERT INTO "vocabulary"."linkages" ("vocabulary_id", "preferred_definition_id", "preferred_spelling_id", "phonetic_spelling_id", "alt_phonetic_spelling_id", "kanji_spelling_id", "conjugation_set_id") VALUES ('432e16e3-a00f-5af7-a67a-e75a5451933e', 'c5ea1b3b-7566-594c-a9f4-6d36c88c52f4', '8d817b99-0bf4-5375-853c-61f7e40ab1a7', '1de46c1e-0ace-507d-9c35-3b36b50f8ed9', NULL, '9b426ccd-83af-57a6-b771-65eeec8c7c40', NULL);
INSERT INTO "vocabulary"."reference" ("vocabulary_id", "lesson_code") VALUES ('432e16e3-a00f-5af7-a67a-e75a5451933e', 'LULI_KANJI_L01');
-- 下手 | unskillful; awkward --;
INSERT INTO "vocabulary"."vocabulary" ("id", "word_class_code", "conjugation_kind_code", "jlpt_level", "row_num", "tags", "date_added") VALUES ('70003bab-5f71-537a-a19f-10a36b67cbdc', 'ADJECTIVE', 'NA_ADJECTIVE', 5, 120, '{}', '2022-09-07');
INSERT INTO "vocabulary"."definition" ("id", "vocabulary_id", "sort_rank", "value") VALUES ('abf23f92-17f0-5882-b69a-5d260e2d6b82', '70003bab-5f71-537a-a19f-10a36b67cbdc', 1, 'unskillful; awkward');
INSERT INTO "vocabulary"."spelling" ("id", "vocabulary_id", "spelling_kind_code", "value") VALUES ('054db57f-d5cf-5d3d-860f-915fe784eeba', '70003bab-5f71-537a-a19f-10a36b67cbdc', 'KANJI', '下手');
INSERT INTO "vocabulary"."spelling" ("id", "vocabulary_id", "spelling_kind_code", "value") VALUES ('1d73dc1f-7724-5a46-ace7-54a66a983a49', '70003bab-5f71-537a-a19f-10a36b67cbdc', 'HIRAGANA', 'へた');
INSERT INTO "vocabulary"."spelling" ("id", "vocabulary_id", "spelling_kind_code", "value") VALUES ('55d69665-634e-5fea-aa7a-bb48ef92b7dd', '70003bab-5f71-537a-a19f-10a36b67cbdc', 'KANJI', '下手');
INSERT INTO "vocabulary"."linkages" ("vocabulary_id", "preferred_definition_id", "preferred_spelling_id", "phonetic_spelling_id", "alt_phonetic_spelling_id", "kanji_spelling_id", "conjugation_set_id") VALUES ('70003bab-5f71-537a-a19f-10a36b67cbdc', 'abf23f92-17f0-5882-b69a-5d260e2d6b82', '054db57f-d5cf-5d3d-860f-915fe784eeba', '1d73dc1f-7724-5a46-ace7-54a66a983a49', NULL, '55d69665-634e-5fea-aa7a-bb48ef92b7dd', NULL);
INSERT INTO "vocabulary"."reference" ("vocabulary_id", "lesson_code") VALUES ('70003bab-5f71-537a-a19f-10a36b67cbdc', 'LULI_KANJI_L01');
-- 魚 | fish --;
INSERT INTO "vocabulary"."vocabulary" ("id", "word_class_code", "conjugation_kind_code", "jlpt_level", "row_num", "tags", "date_added") VALUES ('f7aa023d-a413-562b-bf45-75367462a4b2', 'NOUN', NULL, 5, 121, '{food}', '2022-05-30');
INSERT INTO "vocabulary"."definition" ("id", "vocabulary_id", "sort_rank", "value") VALUES ('20f1e1c3-d081-5dd1-a77f-1a9c6f40c3c8', 'f7aa023d-a413-562b-bf45-75367462a4b2', 1, 'fish');
INSERT INTO "vocabulary"."spelling" ("id", "vocabulary_id", "spelling_kind_code", "value") VALUES ('7c5fbffb-f3c7-594e-b997-88a30dc59b79', 'f7aa023d-a413-562b-bf45-75367462a4b2', 'KANJI', '魚');
INSERT INTO "vocabulary"."spelling" ("id", "vocabulary_id", "spelling_kind_code", "value") VALUES ('4ee001cb-adc6-5f42-bdd0-8391a17f215c', 'f7aa023d-a413-562b-bf45-75367462a4b2', 'HIRAGANA', 'さかな');
INSERT INTO "vocabulary"."spelling" ("id", "vocabulary_id", "spelling_kind_code", "value") VALUES ('a00436b2-beb8-5337-908e-4bf5527e40ab', 'f7aa023d-a413-562b-bf45-75367462a4b2', 'KANJI', '魚');
INSERT INTO "vocabulary"."linkages" ("vocabulary_id", "preferred_definition_id", "preferred_spelling_id", "phonetic_spelling_id", "alt_phonetic_spelling_id", "kanji_spelling_id", "conjugation_set_id") VALUES ('f7aa023d-a413-562b-bf45-75367462a4b2', '20f1e1c3-d081-5dd1-a77f-1a9c6f40c3c8', '7c5fbffb-f3c7-594e-b997-88a30dc59b79', '4ee001cb-adc6-5f42-bdd0-8391a17f215c', NULL, 'a00436b2-beb8-5337-908e-4bf5527e40ab', NULL);
INSERT INTO "vocabulary"."reference" ("vocabulary_id", "lesson_code") VALUES ('f7aa023d-a413-562b-bf45-75367462a4b2', 'DUO_02_01');
INSERT INTO "vocabulary"."reference" ("vocabulary_id", "lesson_code") VALUES ('f7aa023d-a413-562b-bf45-75367462a4b2', 'DUO_U06');
-- とんかつ | pork cutlet --;
INSERT INTO "vocabulary"."vocabulary" ("id", "word_class_code", "conjugation_kind_code", "jlpt_level", "row_num", "tags", "date_added") VALUES ('81b8f353-cd1c-53e4-a0f4-1630c490c959', 'NOUN', NULL, NULL, 122, '{food}', '2022-05-30');
INSERT INTO "vocabulary"."definition" ("id", "vocabulary_id", "sort_rank", "value") VALUES ('f591f588-6a7c-5348-82b5-e890ed787b54', '81b8f353-cd1c-53e4-a0f4-1630c490c959', 1, 'pork cutlet');
INSERT INTO "vocabulary"."spelling" ("id", "vocabulary_id", "spelling_kind_code", "value") VALUES ('544af4a4-8176-5cb2-8726-b8068a7a536a', '81b8f353-cd1c-53e4-a0f4-1630c490c959', 'HIRAGANA', 'とんかつ');
INSERT INTO "vocabulary"."spelling" ("id", "vocabulary_id", "spelling_kind_code", "value") VALUES ('a4d18da3-cb50-50f8-af3c-9b424accaadf', '81b8f353-cd1c-53e4-a0f4-1630c490c959', 'HIRAGANA', 'とんかつ');
INSERT INTO "vocabulary"."spelling" ("id", "vocabulary_id", "spelling_kind_code", "value") VALUES ('1bc232b8-e862-54c8-b688-39799cf2dff4', '81b8f353-cd1c-53e4-a0f4-1630c490c959', 'KANJI', '豚カツ');
INSERT INTO "vocabulary"."linkages" ("vocabulary_id", "preferred_definition_id", "preferred_spelling_id", "phonetic_spelling_id", "alt_phonetic_spelling_id", "kanji_spelling_id", "conjugation_set_id") VALUES ('81b8f353-cd1c-53e4-a0f4-1630c490c959', 'f591f588-6a7c-5348-82b5-e890ed787b54', '544af4a4-8176-5cb2-8726-b8068a7a536a', 'a4d18da3-cb50-50f8-af3c-9b424accaadf', NULL, '1bc232b8-e862-54c8-b688-39799cf2dff4', NULL);
INSERT INTO "vocabulary"."reference" ("vocabulary_id", "lesson_code") VALUES ('81b8f353-cd1c-53e4-a0f4-1630c490c959', 'GENKI3_L02');
-- 豚骨 | pork bone (e.g. ramen broth) --;
INSERT INTO "vocabulary"."vocabulary" ("id", "word_class_code", "conjugation_kind_code", "jlpt_level", "row_num", "tags", "date_added") VALUES ('e2c0e2f3-891a-55e3-ad28-285669d27287', 'NOUN', NULL, NULL, 123, '{food}', '2022-05-30');
INSERT INTO "vocabulary"."definition" ("id", "vocabulary_id", "sort_rank", "value") VALUES ('4bf39732-92c9-5fb0-a719-0875cdefaf81', 'e2c0e2f3-891a-55e3-ad28-285669d27287', 1, 'pork bone (e.g. ramen broth)');
INSERT INTO "vocabulary"."spelling" ("id", "vocabulary_id", "spelling_kind_code", "value") VALUES ('f8334a13-fc88-5606-8e8f-4b33b8832b48', 'e2c0e2f3-891a-55e3-ad28-285669d27287', 'KANJI', '豚骨');
INSERT INTO "vocabulary"."spelling" ("id", "vocabulary_id", "spelling_kind_code", "value") VALUES ('b7bab3cf-4ec1-5122-9eeb-ec3d46383a3c', 'e2c0e2f3-891a-55e3-ad28-285669d27287', 'HIRAGANA', 'とんこつ');
INSERT INTO "vocabulary"."spelling" ("id", "vocabulary_id", "spelling_kind_code", "value") VALUES ('5f9e3393-2f37-5559-8a0e-c1c0f7d4ddd4', 'e2c0e2f3-891a-55e3-ad28-285669d27287', 'KANJI', '豚骨');
INSERT INTO "vocabulary"."linkages" ("vocabulary_id", "preferred_definition_id", "preferred_spelling_id", "phonetic_spelling_id", "alt_phonetic_spelling_id", "kanji_spelling_id", "conjugation_set_id") VALUES ('e2c0e2f3-891a-55e3-ad28-285669d27287', '4bf39732-92c9-5fb0-a719-0875cdefaf81', 'f8334a13-fc88-5606-8e8f-4b33b8832b48', 'b7bab3cf-4ec1-5122-9eeb-ec3d46383a3c', NULL, '5f9e3393-2f37-5559-8a0e-c1c0f7d4ddd4', NULL);
INSERT INTO "vocabulary"."reference" ("vocabulary_id", "lesson_code") VALUES ('e2c0e2f3-891a-55e3-ad28-285669d27287', 'GENKI3_L02');
-- 肉 | meat --;
INSERT INTO "vocabulary"."vocabulary" ("id", "word_class_code", "conjugation_kind_code", "jlpt_level", "row_num", "tags", "date_added") VALUES ('2dd4acb2-11ca-50c5-b365-c22616ea316d', 'NOUN', NULL, 5, 124, '{food}', '2022-05-30');
INSERT INTO "vocabulary"."definition" ("id", "vocabulary_id", "sort_rank", "value") VALUES ('8d582b84-fdee-5200-a0ea-180645b087b6', '2dd4acb2-11ca-50c5-b365-c22616ea316d', 1, 'meat');
INSERT INTO "vocabulary"."spelling" ("id", "vocabulary_id", "spelling_kind_code", "value") VALUES ('d5975c6d-1f89-5681-ab27-3dcd7a7ffe8d', '2dd4acb2-11ca-50c5-b365-c22616ea316d', 'KANJI', '肉');
INSERT INTO "vocabulary"."spelling" ("id", "vocabulary_id", "spelling_kind_code", "value") VALUES ('d63e6e35-c8dc-56b7-9aff-8de09c1cf006', '2dd4acb2-11ca-50c5-b365-c22616ea316d', 'KANJI', '肉');
INSERT INTO "vocabulary"."spelling" ("id", "vocabulary_id", "spelling_kind_code", "value") VALUES ('b6de8641-fa84-58a8-bfc6-bca971953992', '2dd4acb2-11ca-50c5-b365-c22616ea316d', 'KANJI', '肉');
INSERT INTO "vocabulary"."linkages" ("vocabulary_id", "preferred_definition_id", "preferred_spelling_id", "phonetic_spelling_id", "alt_phonetic_spelling_id", "kanji_spelling_id", "conjugation_set_id") VALUES ('2dd4acb2-11ca-50c5-b365-c22616ea316d', '8d582b84-fdee-5200-a0ea-180645b087b6', 'd5975c6d-1f89-5681-ab27-3dcd7a7ffe8d', 'd63e6e35-c8dc-56b7-9aff-8de09c1cf006', NULL, 'b6de8641-fa84-58a8-bfc6-bca971953992', NULL);
INSERT INTO "vocabulary"."reference" ("vocabulary_id", "lesson_code") VALUES ('2dd4acb2-11ca-50c5-b365-c22616ea316d', 'DUO_02_01');
INSERT INTO "vocabulary"."reference" ("vocabulary_id", "lesson_code") VALUES ('2dd4acb2-11ca-50c5-b365-c22616ea316d', 'DUO_U06');
INSERT INTO "vocabulary"."reference" ("vocabulary_id", "lesson_code") VALUES ('2dd4acb2-11ca-50c5-b365-c22616ea316d', 'GENKI3_L02');
-- メニュー | menu --;
INSERT INTO "vocabulary"."vocabulary" ("id", "word_class_code", "conjugation_kind_code", "jlpt_level", "row_num", "tags", "date_added") VALUES ('3ab19c55-4c6a-53e0-afce-41968363d92a', 'NOUN', NULL, 2, 125, '{food}', '2022-05-30');
INSERT INTO "vocabulary"."definition" ("id", "vocabulary_id", "sort_rank", "value") VALUES ('e96675e5-17aa-5ff2-90ad-6e9f455c2c83', '3ab19c55-4c6a-53e0-afce-41968363d92a', 1, 'menu');
INSERT INTO "vocabulary"."spelling" ("id", "vocabulary_id", "spelling_kind_code", "value") VALUES ('9be568a3-30d6-56db-a54f-3da5b342e7b4', '3ab19c55-4c6a-53e0-afce-41968363d92a', 'KATAKANA', 'メニュー');
INSERT INTO "vocabulary"."spelling" ("id", "vocabulary_id", "spelling_kind_code", "value") VALUES ('4a6631bc-3764-54a5-8a53-40b09c2a590d', '3ab19c55-4c6a-53e0-afce-41968363d92a', 'HIRAGANA', 'めにゅう');
INSERT INTO "vocabulary"."linkages" ("vocabulary_id", "preferred_definition_id", "preferred_spelling_id", "phonetic_spelling_id", "alt_phonetic_spelling_id", "kanji_spelling_id", "conjugation_set_id") VALUES ('3ab19c55-4c6a-53e0-afce-41968363d92a', 'e96675e5-17aa-5ff2-90ad-6e9f455c2c83', '9be568a3-30d6-56db-a54f-3da5b342e7b4', '4a6631bc-3764-54a5-8a53-40b09c2a590d', NULL, NULL, NULL);
INSERT INTO "vocabulary"."reference" ("vocabulary_id", "lesson_code") VALUES ('3ab19c55-4c6a-53e0-afce-41968363d92a', 'GENKI3_L02');
-- 野菜 | vegetables --;
INSERT INTO "vocabulary"."vocabulary" ("id", "word_class_code", "conjugation_kind_code", "jlpt_level", "row_num", "tags", "date_added") VALUES ('496222cc-1cb3-50c8-9e7e-bbc7d327b78c', 'NOUN', NULL, 5, 126, '{food}', '2022-05-30');
INSERT INTO "vocabulary"."definition" ("id", "vocabulary_id", "sort_rank", "value") VALUES ('58218644-0390-5bfa-8ff2-856ab924b51a', '496222cc-1cb3-50c8-9e7e-bbc7d327b78c', 1, 'vegetables');
INSERT INTO "vocabulary"."spelling" ("id", "vocabulary_id", "spelling_kind_code", "value") VALUES ('bd1904a5-6b5e-5500-9579-aaf74f159fdf', '496222cc-1cb3-50c8-9e7e-bbc7d327b78c', 'KANJI', '野菜');
INSERT INTO "vocabulary"."spelling" ("id", "vocabulary_id", "spelling_kind_code", "value") VALUES ('47a1eb40-08c1-5f76-ab3d-03f6fc8ba2a3', '496222cc-1cb3-50c8-9e7e-bbc7d327b78c', 'HIRAGANA', 'やさい');
INSERT INTO "vocabulary"."spelling" ("id", "vocabulary_id", "spelling_kind_code", "value") VALUES ('ab74af61-8699-576e-9874-a82defbc1779', '496222cc-1cb3-50c8-9e7e-bbc7d327b78c', 'KANJI', '野菜');
INSERT INTO "vocabulary"."linkages" ("vocabulary_id", "preferred_definition_id", "preferred_spelling_id", "phonetic_spelling_id", "alt_phonetic_spelling_id", "kanji_spelling_id", "conjugation_set_id") VALUES ('496222cc-1cb3-50c8-9e7e-bbc7d327b78c', '58218644-0390-5bfa-8ff2-856ab924b51a', 'bd1904a5-6b5e-5500-9579-aaf74f159fdf', '47a1eb40-08c1-5f76-ab3d-03f6fc8ba2a3', NULL, 'ab74af61-8699-576e-9874-a82defbc1779', NULL);
INSERT INTO "vocabulary"."reference" ("vocabulary_id", "lesson_code") VALUES ('496222cc-1cb3-50c8-9e7e-bbc7d327b78c', 'DUO_02_01');
INSERT INTO "vocabulary"."reference" ("vocabulary_id", "lesson_code") VALUES ('496222cc-1cb3-50c8-9e7e-bbc7d327b78c', 'DUO_U06');
INSERT INTO "vocabulary"."reference" ("vocabulary_id", "lesson_code") VALUES ('496222cc-1cb3-50c8-9e7e-bbc7d327b78c', 'GENKI3_L02');
-- ご飯 | rice; meal --;
INSERT INTO "vocabulary"."vocabulary" ("id", "word_class_code", "conjugation_kind_code", "jlpt_level", "row_num", "tags", "date_added") VALUES ('4fbc0a01-e32a-5449-8efe-3ae37aee4f2f', 'NOUN', NULL, 5, 127, '{food}', '2022-05-30');
INSERT INTO "vocabulary"."definition" ("id", "vocabulary_id", "sort_rank", "value") VALUES ('eb8d1ae1-c928-588b-a208-eb5938b5238b', '4fbc0a01-e32a-5449-8efe-3ae37aee4f2f', 1, 'rice; meal');
INSERT INTO "vocabulary"."spelling" ("id", "vocabulary_id", "spelling_kind_code", "value") VALUES ('0375c370-6e31-53cf-867d-3d448a4d8afb', '4fbc0a01-e32a-5449-8efe-3ae37aee4f2f', 'KANJI', 'ご飯');
INSERT INTO "vocabulary"."spelling" ("id", "vocabulary_id", "spelling_kind_code", "value") VALUES ('6240e106-54ef-51b7-b53f-00e9e4da4922', '4fbc0a01-e32a-5449-8efe-3ae37aee4f2f', 'HIRAGANA', 'ごはん');
INSERT INTO "vocabulary"."spelling" ("id", "vocabulary_id", "spelling_kind_code", "value") VALUES ('96145b64-f5fa-5abf-9118-9c3c66ac274e', '4fbc0a01-e32a-5449-8efe-3ae37aee4f2f', 'KANJI', 'ご飯');
INSERT INTO "vocabulary"."linkages" ("vocabulary_id", "preferred_definition_id", "preferred_spelling_id", "phonetic_spelling_id", "alt_phonetic_spelling_id", "kanji_spelling_id", "conjugation_set_id") VALUES ('4fbc0a01-e32a-5449-8efe-3ae37aee4f2f', 'eb8d1ae1-c928-588b-a208-eb5938b5238b', '0375c370-6e31-53cf-867d-3d448a4d8afb', '6240e106-54ef-51b7-b53f-00e9e4da4922', NULL, '96145b64-f5fa-5abf-9118-9c3c66ac274e', NULL);
INSERT INTO "vocabulary"."reference" ("vocabulary_id", "lesson_code") VALUES ('4fbc0a01-e32a-5449-8efe-3ae37aee4f2f', 'DUO_02_01');
INSERT INTO "vocabulary"."reference" ("vocabulary_id", "lesson_code") VALUES ('4fbc0a01-e32a-5449-8efe-3ae37aee4f2f', 'DUO_U06');
INSERT INTO "vocabulary"."reference" ("vocabulary_id", "lesson_code") VALUES ('4fbc0a01-e32a-5449-8efe-3ae37aee4f2f', 'GENKI3_L04');
-- パン | bread --;
INSERT INTO "vocabulary"."vocabulary" ("id", "word_class_code", "conjugation_kind_code", "jlpt_level", "row_num", "tags", "date_added") VALUES ('b74ca7fa-4622-5a52-b9df-5260878e687b', 'NOUN', NULL, 5, 128, '{food}', '2022-05-30');
INSERT INTO "vocabulary"."definition" ("id", "vocabulary_id", "sort_rank", "value") VALUES ('67e9ac43-a576-50dd-8d7a-033fe9e3a7ac', 'b74ca7fa-4622-5a52-b9df-5260878e687b', 1, 'bread');
INSERT INTO "vocabulary"."spelling" ("id", "vocabulary_id", "spelling_kind_code", "value") VALUES ('6586f88c-12d0-5bac-a10e-92786e30ad01', 'b74ca7fa-4622-5a52-b9df-5260878e687b', 'KATAKANA', 'パン');
INSERT INTO "vocabulary"."spelling" ("id", "vocabulary_id", "spelling_kind_code", "value") VALUES ('ca9a1be1-2474-588e-8a1d-fb44c2fbaab7', 'b74ca7fa-4622-5a52-b9df-5260878e687b', 'HIRAGANA', 'ぱん');
INSERT INTO "vocabulary"."linkages" ("vocabulary_id", "preferred_definition_id", "preferred_spelling_id", "phonetic_spelling_id", "alt_phonetic_spelling_id", "kanji_spelling_id", "conjugation_set_id") VALUES ('b74ca7fa-4622-5a52-b9df-5260878e687b', '67e9ac43-a576-50dd-8d7a-033fe9e3a7ac', '6586f88c-12d0-5bac-a10e-92786e30ad01', 'ca9a1be1-2474-588e-8a1d-fb44c2fbaab7', NULL, NULL, NULL);
INSERT INTO "vocabulary"."reference" ("vocabulary_id", "lesson_code") VALUES ('b74ca7fa-4622-5a52-b9df-5260878e687b', 'DUO_02_01');
INSERT INTO "vocabulary"."reference" ("vocabulary_id", "lesson_code") VALUES ('b74ca7fa-4622-5a52-b9df-5260878e687b', 'DUO_U06');
INSERT INTO "vocabulary"."reference" ("vocabulary_id", "lesson_code") VALUES ('b74ca7fa-4622-5a52-b9df-5260878e687b', 'GENKI3_L04');
-- 卵 | egg --;
INSERT INTO "vocabulary"."vocabulary" ("id", "word_class_code", "conjugation_kind_code", "jlpt_level", "row_num", "tags", "date_added") VALUES ('5e2b2d0d-7461-56e2-a151-9a10375d5615', 'NOUN', NULL, 5, 129, '{food}', '2022-05-30');
INSERT INTO "vocabulary"."definition" ("id", "vocabulary_id", "sort_rank", "value") VALUES ('6f5da332-3084-511c-9668-055cf9daa7d8', '5e2b2d0d-7461-56e2-a151-9a10375d5615', 1, 'egg');
INSERT INTO "vocabulary"."spelling" ("id", "vocabulary_id", "spelling_kind_code", "value") VALUES ('d95b6d55-7045-5be2-a032-b3408c31e3a4', '5e2b2d0d-7461-56e2-a151-9a10375d5615', 'KANJI', '卵');
INSERT INTO "vocabulary"."spelling" ("id", "vocabulary_id", "spelling_kind_code", "value") VALUES ('2dc0cc5b-fcb5-515b-a568-68c1c0b1254d', '5e2b2d0d-7461-56e2-a151-9a10375d5615', 'HIRAGANA', 'たまご');
INSERT INTO "vocabulary"."spelling" ("id", "vocabulary_id", "spelling_kind_code", "value") VALUES ('3ac8ab8a-21a6-5d8d-95f8-6ac94bf81e92', '5e2b2d0d-7461-56e2-a151-9a10375d5615', 'KANJI', '卵');
INSERT INTO "vocabulary"."linkages" ("vocabulary_id", "preferred_definition_id", "preferred_spelling_id", "phonetic_spelling_id", "alt_phonetic_spelling_id", "kanji_spelling_id", "conjugation_set_id") VALUES ('5e2b2d0d-7461-56e2-a151-9a10375d5615', '6f5da332-3084-511c-9668-055cf9daa7d8', 'd95b6d55-7045-5be2-a032-b3408c31e3a4', '2dc0cc5b-fcb5-515b-a568-68c1c0b1254d', NULL, '3ac8ab8a-21a6-5d8d-95f8-6ac94bf81e92', NULL);
INSERT INTO "vocabulary"."reference" ("vocabulary_id", "lesson_code") VALUES ('5e2b2d0d-7461-56e2-a151-9a10375d5615', 'DUO_02_06');
INSERT INTO "vocabulary"."reference" ("vocabulary_id", "lesson_code") VALUES ('5e2b2d0d-7461-56e2-a151-9a10375d5615', 'DUO_U08');
-- りんご | apple --;
INSERT INTO "vocabulary"."vocabulary" ("id", "word_class_code", "conjugation_kind_code", "jlpt_level", "row_num", "tags", "date_added") VALUES ('12c11165-7996-5b13-bf19-c3afc419afb2', 'NOUN', NULL, NULL, 130, '{food}', '2022-05-30');
INSERT INTO "vocabulary"."definition" ("id", "vocabulary_id", "sort_rank", "value") VALUES ('1e25848a-875b-5aad-88bb-9edbb686f297', '12c11165-7996-5b13-bf19-c3afc419afb2', 1, 'apple');
INSERT INTO "vocabulary"."spelling" ("id", "vocabulary_id", "spelling_kind_code", "value") VALUES ('111d0fd8-790b-569c-a95c-f443ca683eae', '12c11165-7996-5b13-bf19-c3afc419afb2', 'HIRAGANA', 'りんご');
INSERT INTO "vocabulary"."spelling" ("id", "vocabulary_id", "spelling_kind_code", "value") VALUES ('5d553c7a-18f4-5e49-ada5-16ee5ee2b1ec', '12c11165-7996-5b13-bf19-c3afc419afb2', 'HIRAGANA', 'りんご');
INSERT INTO "vocabulary"."spelling" ("id", "vocabulary_id", "spelling_kind_code", "value") VALUES ('adaa739c-ac69-59b7-98ca-4b4ca99e4d1b', '12c11165-7996-5b13-bf19-c3afc419afb2', 'KANJI', '林檎');
INSERT INTO "vocabulary"."linkages" ("vocabulary_id", "preferred_definition_id", "preferred_spelling_id", "phonetic_spelling_id", "alt_phonetic_spelling_id", "kanji_spelling_id", "conjugation_set_id") VALUES ('12c11165-7996-5b13-bf19-c3afc419afb2', '1e25848a-875b-5aad-88bb-9edbb686f297', '111d0fd8-790b-569c-a95c-f443ca683eae', '5d553c7a-18f4-5e49-ada5-16ee5ee2b1ec', NULL, 'adaa739c-ac69-59b7-98ca-4b4ca99e4d1b', NULL);
INSERT INTO "vocabulary"."reference" ("vocabulary_id", "lesson_code") VALUES ('12c11165-7996-5b13-bf19-c3afc419afb2', 'DUO_02_06');
INSERT INTO "vocabulary"."reference" ("vocabulary_id", "lesson_code") VALUES ('12c11165-7996-5b13-bf19-c3afc419afb2', 'DUO_U08');
-- なし | pear --;
INSERT INTO "vocabulary"."vocabulary" ("id", "word_class_code", "conjugation_kind_code", "jlpt_level", "row_num", "tags", "date_added") VALUES ('7b7d934a-cfd6-4286-9175-dfe7676b4355', 'NOUN', NULL, NULL, 131, '{food}', '2022-08-09');
INSERT INTO "vocabulary"."definition" ("id", "vocabulary_id", "sort_rank", "value") VALUES ('e0473451-aca6-579d-9bec-703a4cfe009f', '7b7d934a-cfd6-4286-9175-dfe7676b4355', 1, 'pear');
INSERT INTO "vocabulary"."spelling" ("id", "vocabulary_id", "spelling_kind_code", "value") VALUES ('658c0882-52fd-53af-9eda-1fe10979b9f2', '7b7d934a-cfd6-4286-9175-dfe7676b4355', 'HIRAGANA', 'なし');
INSERT INTO "vocabulary"."spelling" ("id", "vocabulary_id", "spelling_kind_code", "value") VALUES ('57625e6f-8669-51a4-84c0-0792f7ab0673', '7b7d934a-cfd6-4286-9175-dfe7676b4355', 'HIRAGANA', 'なし');
INSERT INTO "vocabulary"."spelling" ("id", "vocabulary_id", "spelling_kind_code", "value") VALUES ('d3302309-f13d-5305-adfc-d082db0f4598', '7b7d934a-cfd6-4286-9175-dfe7676b4355', 'KANJI', '梨');
INSERT INTO "vocabulary"."linkages" ("vocabulary_id", "preferred_definition_id", "preferred_spelling_id", "phonetic_spelling_id", "alt_phonetic_spelling_id", "kanji_spelling_id", "conjugation_set_id") VALUES ('7b7d934a-cfd6-4286-9175-dfe7676b4355', 'e0473451-aca6-579d-9bec-703a4cfe009f', '658c0882-52fd-53af-9eda-1fe10979b9f2', '57625e6f-8669-51a4-84c0-0792f7ab0673', NULL, 'd3302309-f13d-5305-adfc-d082db0f4598', NULL);
-- 桃 | peach --;
INSERT INTO "vocabulary"."vocabulary" ("id", "word_class_code", "conjugation_kind_code", "jlpt_level", "row_num", "tags", "date_added") VALUES ('6c124141-b31a-5d91-afcb-6a4bb127f31f', 'NOUN', NULL, NULL, 132, '{food}', '2022-08-29');
INSERT INTO "vocabulary"."definition" ("id", "vocabulary_id", "sort_rank", "value") VALUES ('151c821b-e8d2-5128-a3c2-32c4576ce607', '6c124141-b31a-5d91-afcb-6a4bb127f31f', 1, 'peach');
INSERT INTO "vocabulary"."spelling" ("id", "vocabulary_id", "spelling_kind_code", "value") VALUES ('c98fedc2-a305-56b9-b665-e2ca40753cca', '6c124141-b31a-5d91-afcb-6a4bb127f31f', 'KANJI', '桃');
INSERT INTO "vocabulary"."spelling" ("id", "vocabulary_id", "spelling_kind_code", "value") VALUES ('8be15960-1354-51c4-8afa-fbf93b66e3df', '6c124141-b31a-5d91-afcb-6a4bb127f31f', 'HIRAGANA', 'もも');
INSERT INTO "vocabulary"."spelling" ("id", "vocabulary_id", "spelling_kind_code", "value") VALUES ('4bf7e008-38f4-53c3-aea5-017b22af25f0', '6c124141-b31a-5d91-afcb-6a4bb127f31f', 'KANJI', '桃');
INSERT INTO "vocabulary"."linkages" ("vocabulary_id", "preferred_definition_id", "preferred_spelling_id", "phonetic_spelling_id", "alt_phonetic_spelling_id", "kanji_spelling_id", "conjugation_set_id") VALUES ('6c124141-b31a-5d91-afcb-6a4bb127f31f', '151c821b-e8d2-5128-a3c2-32c4576ce607', 'c98fedc2-a305-56b9-b665-e2ca40753cca', '8be15960-1354-51c4-8afa-fbf93b66e3df', NULL, '4bf7e008-38f4-53c3-aea5-017b22af25f0', NULL);
-- 〜つ | counter for hito-futa-mi system --;
INSERT INTO "vocabulary"."vocabulary" ("id", "word_class_code", "conjugation_kind_code", "jlpt_level", "row_num", "tags", "date_added") VALUES ('1cf2249c-7785-424d-9a67-1c3ff6253938', 'COUNTER', NULL, NULL, 133, '{}', '2022-05-30');
INSERT INTO "vocabulary"."definition" ("id", "vocabulary_id", "sort_rank", "value") VALUES ('c1f29785-ec1f-5d7c-8798-7f99119ea65e', '1cf2249c-7785-424d-9a67-1c3ff6253938', 1, 'counter for hito-futa-mi system');
INSERT INTO "vocabulary"."spelling" ("id", "vocabulary_id", "spelling_kind_code", "value") VALUES ('a0c42970-6729-5609-8bea-66b82519ef7b', '1cf2249c-7785-424d-9a67-1c3ff6253938', 'HIRAGANA', '〜つ');
INSERT INTO "vocabulary"."spelling" ("id", "vocabulary_id", "spelling_kind_code", "value") VALUES ('dbb15792-4ec7-5622-8aa2-45b217ec0144', '1cf2249c-7785-424d-9a67-1c3ff6253938', 'HIRAGANA', '〜つ');
INSERT INTO "vocabulary"."spelling" ("id", "vocabulary_id", "spelling_kind_code", "value") VALUES ('bf6579d1-04cd-58f6-b840-900465ec0a35', '1cf2249c-7785-424d-9a67-1c3ff6253938', 'KANJI', '〜箇');
INSERT INTO "vocabulary"."linkages" ("vocabulary_id", "preferred_definition_id", "preferred_spelling_id", "phonetic_spelling_id", "alt_phonetic_spelling_id", "kanji_spelling_id", "conjugation_set_id") VALUES ('1cf2249c-7785-424d-9a67-1c3ff6253938', 'c1f29785-ec1f-5d7c-8798-7f99119ea65e', 'a0c42970-6729-5609-8bea-66b82519ef7b', 'dbb15792-4ec7-5622-8aa2-45b217ec0144', NULL, 'bf6579d1-04cd-58f6-b840-900465ec0a35', NULL);
INSERT INTO "vocabulary"."reference" ("vocabulary_id", "lesson_code") VALUES ('1cf2249c-7785-424d-9a67-1c3ff6253938', 'DUO_02_06');
INSERT INTO "vocabulary"."reference" ("vocabulary_id", "lesson_code") VALUES ('1cf2249c-7785-424d-9a67-1c3ff6253938', 'DUO_U08');
-- 〜個 | counter for round and clustered items --;
INSERT INTO "vocabulary"."vocabulary" ("id", "word_class_code", "conjugation_kind_code", "jlpt_level", "row_num", "tags", "date_added") VALUES ('cab23f18-7b88-4262-956c-d31a0e829cbf', 'COUNTER', NULL, NULL, 134, '{}', '2022-05-30');
INSERT INTO "vocabulary"."definition" ("id", "vocabulary_id", "sort_rank", "value") VALUES ('79b53f6e-b54e-516d-92fe-a39440fa598f', 'cab23f18-7b88-4262-956c-d31a0e829cbf', 1, 'counter for round and clustered items');
INSERT INTO "vocabulary"."spelling" ("id", "vocabulary_id", "spelling_kind_code", "value") VALUES ('101e2fff-6d85-5d27-a623-a59a41a4711c', 'cab23f18-7b88-4262-956c-d31a0e829cbf', 'KANJI', '〜個');
INSERT INTO "vocabulary"."spelling" ("id", "vocabulary_id", "spelling_kind_code", "value") VALUES ('a664556e-5667-52e3-8a4f-10aa066d8473', 'cab23f18-7b88-4262-956c-d31a0e829cbf', 'HIRAGANA', '〜こ');
INSERT INTO "vocabulary"."spelling" ("id", "vocabulary_id", "spelling_kind_code", "value") VALUES ('ba02355f-af30-5f93-ab6e-6825d17fb5e6', 'cab23f18-7b88-4262-956c-d31a0e829cbf', 'KANJI', '〜個');
INSERT INTO "vocabulary"."linkages" ("vocabulary_id", "preferred_definition_id", "preferred_spelling_id", "phonetic_spelling_id", "alt_phonetic_spelling_id", "kanji_spelling_id", "conjugation_set_id") VALUES ('cab23f18-7b88-4262-956c-d31a0e829cbf', '79b53f6e-b54e-516d-92fe-a39440fa598f', '101e2fff-6d85-5d27-a623-a59a41a4711c', 'a664556e-5667-52e3-8a4f-10aa066d8473', NULL, 'ba02355f-af30-5f93-ab6e-6825d17fb5e6', NULL);
INSERT INTO "vocabulary"."reference" ("vocabulary_id", "lesson_code") VALUES ('cab23f18-7b88-4262-956c-d31a0e829cbf', 'DUO_02_06');
INSERT INTO "vocabulary"."reference" ("vocabulary_id", "lesson_code") VALUES ('cab23f18-7b88-4262-956c-d31a0e829cbf', 'DUO_U08');
-- 傘 | umbrella --;
INSERT INTO "vocabulary"."vocabulary" ("id", "word_class_code", "conjugation_kind_code", "jlpt_level", "row_num", "tags", "date_added") VALUES ('b1852be8-7a0e-5541-b94d-29be625cb423', 'NOUN', NULL, 5, 135, '{things}', '2022-05-30');
INSERT INTO "vocabulary"."definition" ("id", "vocabulary_id", "sort_rank", "value") VALUES ('066e8d90-e273-5cd5-82f7-598909c9ddc4', 'b1852be8-7a0e-5541-b94d-29be625cb423', 1, 'umbrella');
INSERT INTO "vocabulary"."spelling" ("id", "vocabulary_id", "spelling_kind_code", "value") VALUES ('7419d187-732d-5ad2-a0bc-233f1fb9ad52', 'b1852be8-7a0e-5541-b94d-29be625cb423', 'KANJI', '傘');
INSERT INTO "vocabulary"."spelling" ("id", "vocabulary_id", "spelling_kind_code", "value") VALUES ('b4ecbe77-d8a1-5136-834e-7e455b1aa114', 'b1852be8-7a0e-5541-b94d-29be625cb423', 'HIRAGANA', 'かさ');
INSERT INTO "vocabulary"."spelling" ("id", "vocabulary_id", "spelling_kind_code", "value") VALUES ('82d7c4a7-d97b-536f-a4b9-504f4fed7cb0', 'b1852be8-7a0e-5541-b94d-29be625cb423', 'KANJI', '傘');
INSERT INTO "vocabulary"."linkages" ("vocabulary_id", "preferred_definition_id", "preferred_spelling_id", "phonetic_spelling_id", "alt_phonetic_spelling_id", "kanji_spelling_id", "conjugation_set_id") VALUES ('b1852be8-7a0e-5541-b94d-29be625cb423', '066e8d90-e273-5cd5-82f7-598909c9ddc4', '7419d187-732d-5ad2-a0bc-233f1fb9ad52', 'b4ecbe77-d8a1-5136-834e-7e455b1aa114', NULL, '82d7c4a7-d97b-536f-a4b9-504f4fed7cb0', NULL);
INSERT INTO "vocabulary"."reference" ("vocabulary_id", "lesson_code") VALUES ('b1852be8-7a0e-5541-b94d-29be625cb423', 'GENKI3_L02');
-- かばん | bag --;
INSERT INTO "vocabulary"."vocabulary" ("id", "word_class_code", "conjugation_kind_code", "jlpt_level", "row_num", "tags", "date_added") VALUES ('b5d661b7-f275-5647-a86b-cf4bd963f512', 'NOUN', NULL, 5, 136, '{things}', '2022-05-30');
INSERT INTO "vocabulary"."definition" ("id", "vocabulary_id", "sort_rank", "value") VALUES ('d33086df-a502-5528-a1da-40dd55406a27', 'b5d661b7-f275-5647-a86b-cf4bd963f512', 1, 'bag');
INSERT INTO "vocabulary"."spelling" ("id", "vocabulary_id", "spelling_kind_code", "value") VALUES ('7311b499-24ad-533a-a844-e3a22a5754bc', 'b5d661b7-f275-5647-a86b-cf4bd963f512', 'HIRAGANA', 'かばん');
INSERT INTO "vocabulary"."spelling" ("id", "vocabulary_id", "spelling_kind_code", "value") VALUES ('a60e681d-0b5c-5f71-bef5-fb40aac18fda', 'b5d661b7-f275-5647-a86b-cf4bd963f512', 'HIRAGANA', 'かばん');
INSERT INTO "vocabulary"."spelling" ("id", "vocabulary_id", "spelling_kind_code", "value") VALUES ('f55b6215-28f9-5fce-924a-172d8355680b', 'b5d661b7-f275-5647-a86b-cf4bd963f512', 'KANJI', '鞄');
INSERT INTO "vocabulary"."linkages" ("vocabulary_id", "preferred_definition_id", "preferred_spelling_id", "phonetic_spelling_id", "alt_phonetic_spelling_id", "kanji_spelling_id", "conjugation_set_id") VALUES ('b5d661b7-f275-5647-a86b-cf4bd963f512', 'd33086df-a502-5528-a1da-40dd55406a27', '7311b499-24ad-533a-a844-e3a22a5754bc', 'a60e681d-0b5c-5f71-bef5-fb40aac18fda', NULL, 'f55b6215-28f9-5fce-924a-172d8355680b', NULL);
INSERT INTO "vocabulary"."reference" ("vocabulary_id", "lesson_code") VALUES ('b5d661b7-f275-5647-a86b-cf4bd963f512', 'GENKI3_L02');
-- 靴 | shoes --;
INSERT INTO "vocabulary"."vocabulary" ("id", "word_class_code", "conjugation_kind_code", "jlpt_level", "row_num", "tags", "date_added") VALUES ('96fb26f0-20df-51e0-b1c4-793ab736c2d9', 'NOUN', NULL, 5, 137, '{things}', '2022-05-30');
INSERT INTO "vocabulary"."definition" ("id", "vocabulary_id", "sort_rank", "value") VALUES ('c30380d8-0c4b-516e-b3b6-2d7e103c6ffb', '96fb26f0-20df-51e0-b1c4-793ab736c2d9', 1, 'shoes');
INSERT INTO "vocabulary"."spelling" ("id", "vocabulary_id", "spelling_kind_code", "value") VALUES ('bd619174-1290-55b0-8dec-40082364669f', '96fb26f0-20df-51e0-b1c4-793ab736c2d9', 'KANJI', '靴');
INSERT INTO "vocabulary"."spelling" ("id", "vocabulary_id", "spelling_kind_code", "value") VALUES ('9933b3a1-2d53-5e78-b46f-8caae82b61ac', '96fb26f0-20df-51e0-b1c4-793ab736c2d9', 'HIRAGANA', 'くつ');
INSERT INTO "vocabulary"."spelling" ("id", "vocabulary_id", "spelling_kind_code", "value") VALUES ('a88fab6b-b0a0-517b-9d49-3242c6293654', '96fb26f0-20df-51e0-b1c4-793ab736c2d9', 'KANJI', '靴');
INSERT INTO "vocabulary"."linkages" ("vocabulary_id", "preferred_definition_id", "preferred_spelling_id", "phonetic_spelling_id", "alt_phonetic_spelling_id", "kanji_spelling_id", "conjugation_set_id") VALUES ('96fb26f0-20df-51e0-b1c4-793ab736c2d9', 'c30380d8-0c4b-516e-b3b6-2d7e103c6ffb', 'bd619174-1290-55b0-8dec-40082364669f', '9933b3a1-2d53-5e78-b46f-8caae82b61ac', NULL, 'a88fab6b-b0a0-517b-9d49-3242c6293654', NULL);
INSERT INTO "vocabulary"."reference" ("vocabulary_id", "lesson_code") VALUES ('96fb26f0-20df-51e0-b1c4-793ab736c2d9', 'GENKI3_L02');
-- 財布 | wallet --;
INSERT INTO "vocabulary"."vocabulary" ("id", "word_class_code", "conjugation_kind_code", "jlpt_level", "row_num", "tags", "date_added") VALUES ('b802b5a4-5804-5f5a-a193-e475bceaf5dd', 'NOUN', NULL, 5, 138, '{things}', '2022-05-30');
INSERT INTO "vocabulary"."definition" ("id", "vocabulary_id", "sort_rank", "value") VALUES ('d444969e-e09d-592c-be68-d5943424ffc7', 'b802b5a4-5804-5f5a-a193-e475bceaf5dd', 1, 'wallet');
INSERT INTO "vocabulary"."spelling" ("id", "vocabulary_id", "spelling_kind_code", "value") VALUES ('f80d77d3-6203-5303-aaa3-5317527a8463', 'b802b5a4-5804-5f5a-a193-e475bceaf5dd', 'KANJI', '財布');
INSERT INTO "vocabulary"."spelling" ("id", "vocabulary_id", "spelling_kind_code", "value") VALUES ('04e60b4b-3ba0-5665-8203-f1f6ae11ed50', 'b802b5a4-5804-5f5a-a193-e475bceaf5dd', 'HIRAGANA', 'さいふ');
INSERT INTO "vocabulary"."spelling" ("id", "vocabulary_id", "spelling_kind_code", "value") VALUES ('81e16a09-eafa-5b1c-b2c1-ba184eea941d', 'b802b5a4-5804-5f5a-a193-e475bceaf5dd', 'KANJI', '財布');
INSERT INTO "vocabulary"."linkages" ("vocabulary_id", "preferred_definition_id", "preferred_spelling_id", "phonetic_spelling_id", "alt_phonetic_spelling_id", "kanji_spelling_id", "conjugation_set_id") VALUES ('b802b5a4-5804-5f5a-a193-e475bceaf5dd', 'd444969e-e09d-592c-be68-d5943424ffc7', 'f80d77d3-6203-5303-aaa3-5317527a8463', '04e60b4b-3ba0-5665-8203-f1f6ae11ed50', NULL, '81e16a09-eafa-5b1c-b2c1-ba184eea941d', NULL);
INSERT INTO "vocabulary"."reference" ("vocabulary_id", "lesson_code") VALUES ('b802b5a4-5804-5f5a-a193-e475bceaf5dd', 'GENKI3_L02');
-- ジーンズ | jeans --;
INSERT INTO "vocabulary"."vocabulary" ("id", "word_class_code", "conjugation_kind_code", "jlpt_level", "row_num", "tags", "date_added") VALUES ('bf5e0762-effe-5d38-8786-503cde98e504', 'NOUN', NULL, 3, 139, '{things}', '2022-05-30');
INSERT INTO "vocabulary"."definition" ("id", "vocabulary_id", "sort_rank", "value") VALUES ('43e190eb-00aa-5f28-86be-94233b9dd6c5', 'bf5e0762-effe-5d38-8786-503cde98e504', 1, 'jeans');
INSERT INTO "vocabulary"."spelling" ("id", "vocabulary_id", "spelling_kind_code", "value") VALUES ('4df5bba9-dae9-5f23-9a35-a41c05a299ae', 'bf5e0762-effe-5d38-8786-503cde98e504', 'KATAKANA', 'ジーンズ');
INSERT INTO "vocabulary"."spelling" ("id", "vocabulary_id", "spelling_kind_code", "value") VALUES ('baf92c75-6928-50a9-9900-18378898429a', 'bf5e0762-effe-5d38-8786-503cde98e504', 'HIRAGANA', 'ジいんず');
INSERT INTO "vocabulary"."linkages" ("vocabulary_id", "preferred_definition_id", "preferred_spelling_id", "phonetic_spelling_id", "alt_phonetic_spelling_id", "kanji_spelling_id", "conjugation_set_id") VALUES ('bf5e0762-effe-5d38-8786-503cde98e504', '43e190eb-00aa-5f28-86be-94233b9dd6c5', '4df5bba9-dae9-5f23-9a35-a41c05a299ae', 'baf92c75-6928-50a9-9900-18378898429a', NULL, NULL, NULL);
INSERT INTO "vocabulary"."reference" ("vocabulary_id", "lesson_code") VALUES ('bf5e0762-effe-5d38-8786-503cde98e504', 'GENKI3_L02');
-- 自転車 | bicycle --;
INSERT INTO "vocabulary"."vocabulary" ("id", "word_class_code", "conjugation_kind_code", "jlpt_level", "row_num", "tags", "date_added") VALUES ('04bddd51-0749-5efe-9946-6d326f61bcb6', 'NOUN', NULL, 5, 140, '{things}', '2022-05-30');
INSERT INTO "vocabulary"."definition" ("id", "vocabulary_id", "sort_rank", "value") VALUES ('fda2d873-a7f2-57ae-8c12-e17fcbb1ef60', '04bddd51-0749-5efe-9946-6d326f61bcb6', 1, 'bicycle');
INSERT INTO "vocabulary"."spelling" ("id", "vocabulary_id", "spelling_kind_code", "value") VALUES ('dcfc3bbc-bbff-5624-a587-b18d63979068', '04bddd51-0749-5efe-9946-6d326f61bcb6', 'KANJI', '自転車');
INSERT INTO "vocabulary"."spelling" ("id", "vocabulary_id", "spelling_kind_code", "value") VALUES ('265712d8-408a-59f9-8755-bab7c091eb66', '04bddd51-0749-5efe-9946-6d326f61bcb6', 'HIRAGANA', 'じてんしゃ');
INSERT INTO "vocabulary"."spelling" ("id", "vocabulary_id", "spelling_kind_code", "value") VALUES ('aae48e1f-a800-5d3d-af5b-ad23080c64a2', '04bddd51-0749-5efe-9946-6d326f61bcb6', 'KANJI', '自転車');
INSERT INTO "vocabulary"."linkages" ("vocabulary_id", "preferred_definition_id", "preferred_spelling_id", "phonetic_spelling_id", "alt_phonetic_spelling_id", "kanji_spelling_id", "conjugation_set_id") VALUES ('04bddd51-0749-5efe-9946-6d326f61bcb6', 'fda2d873-a7f2-57ae-8c12-e17fcbb1ef60', 'dcfc3bbc-bbff-5624-a587-b18d63979068', '265712d8-408a-59f9-8755-bab7c091eb66', NULL, 'aae48e1f-a800-5d3d-af5b-ad23080c64a2', NULL);
INSERT INTO "vocabulary"."reference" ("vocabulary_id", "lesson_code") VALUES ('04bddd51-0749-5efe-9946-6d326f61bcb6', 'GENKI3_L02');
-- 新聞 | newspaper --;
INSERT INTO "vocabulary"."vocabulary" ("id", "word_class_code", "conjugation_kind_code", "jlpt_level", "row_num", "tags", "date_added") VALUES ('f8a3e40d-f42e-5ba2-995d-3abc33e63a41', 'NOUN', NULL, 5, 141, '{things}', '2022-05-30');
INSERT INTO "vocabulary"."definition" ("id", "vocabulary_id", "sort_rank", "value") VALUES ('2891e88e-1ea6-5702-809b-e211c5510cdd', 'f8a3e40d-f42e-5ba2-995d-3abc33e63a41', 1, 'newspaper');
INSERT INTO "vocabulary"."spelling" ("id", "vocabulary_id", "spelling_kind_code", "value") VALUES ('83f5b7e4-a870-5469-aad2-229280a5a456', 'f8a3e40d-f42e-5ba2-995d-3abc33e63a41', 'KANJI', '新聞');
INSERT INTO "vocabulary"."spelling" ("id", "vocabulary_id", "spelling_kind_code", "value") VALUES ('12f1bc62-4b8c-5d9f-87c5-70842ee75f3d', 'f8a3e40d-f42e-5ba2-995d-3abc33e63a41', 'HIRAGANA', 'しんぶん');
INSERT INTO "vocabulary"."spelling" ("id", "vocabulary_id", "spelling_kind_code", "value") VALUES ('ec868b5c-c5d5-5ec1-bf1c-82e06bf37276', 'f8a3e40d-f42e-5ba2-995d-3abc33e63a41', 'KANJI', '新聞');
INSERT INTO "vocabulary"."linkages" ("vocabulary_id", "preferred_definition_id", "preferred_spelling_id", "phonetic_spelling_id", "alt_phonetic_spelling_id", "kanji_spelling_id", "conjugation_set_id") VALUES ('f8a3e40d-f42e-5ba2-995d-3abc33e63a41', '2891e88e-1ea6-5702-809b-e211c5510cdd', '83f5b7e4-a870-5469-aad2-229280a5a456', '12f1bc62-4b8c-5d9f-87c5-70842ee75f3d', NULL, 'ec868b5c-c5d5-5ec1-bf1c-82e06bf37276', NULL);
INSERT INTO "vocabulary"."reference" ("vocabulary_id", "lesson_code") VALUES ('f8a3e40d-f42e-5ba2-995d-3abc33e63a41', 'GENKI3_L02');
-- スマホ | smart phone --;
INSERT INTO "vocabulary"."vocabulary" ("id", "word_class_code", "conjugation_kind_code", "jlpt_level", "row_num", "tags", "date_added") VALUES ('e7323b54-9fa5-5cb7-8d68-d2ebe9b379ea', 'NOUN', NULL, NULL, 142, '{things}', '2022-05-30');
INSERT INTO "vocabulary"."definition" ("id", "vocabulary_id", "sort_rank", "value") VALUES ('e73e7b71-20a1-5ebe-9a88-dc8638a47d8e', 'e7323b54-9fa5-5cb7-8d68-d2ebe9b379ea', 1, 'smart phone');
INSERT INTO "vocabulary"."spelling" ("id", "vocabulary_id", "spelling_kind_code", "value") VALUES ('79dbb83d-1408-5196-a9b8-1806b11ed4b5', 'e7323b54-9fa5-5cb7-8d68-d2ebe9b379ea', 'KATAKANA', 'スマホ');
INSERT INTO "vocabulary"."spelling" ("id", "vocabulary_id", "spelling_kind_code", "value") VALUES ('51a9ab11-f80a-5fd8-a774-b16a71b5ab3b', 'e7323b54-9fa5-5cb7-8d68-d2ebe9b379ea', 'KATAKANA', 'スマホ');
INSERT INTO "vocabulary"."linkages" ("vocabulary_id", "preferred_definition_id", "preferred_spelling_id", "phonetic_spelling_id", "alt_phonetic_spelling_id", "kanji_spelling_id", "conjugation_set_id") VALUES ('e7323b54-9fa5-5cb7-8d68-d2ebe9b379ea', 'e73e7b71-20a1-5ebe-9a88-dc8638a47d8e', '79dbb83d-1408-5196-a9b8-1806b11ed4b5', '51a9ab11-f80a-5fd8-a774-b16a71b5ab3b', NULL, NULL, NULL);
INSERT INTO "vocabulary"."reference" ("vocabulary_id", "lesson_code") VALUES ('e7323b54-9fa5-5cb7-8d68-d2ebe9b379ea', 'GENKI3_L02');
-- Ｔシャツ | t-shirt --;
INSERT INTO "vocabulary"."vocabulary" ("id", "word_class_code", "conjugation_kind_code", "jlpt_level", "row_num", "tags", "date_added") VALUES ('1a0585e5-3bd0-5903-90cc-d3381778da68', 'NOUN', NULL, NULL, 143, '{things}', '2022-05-30');
INSERT INTO "vocabulary"."definition" ("id", "vocabulary_id", "sort_rank", "value") VALUES ('f90bbfe2-e71e-531e-9b64-3bd1069f8082', '1a0585e5-3bd0-5903-90cc-d3381778da68', 1, 't-shirt');
INSERT INTO "vocabulary"."spelling" ("id", "vocabulary_id", "spelling_kind_code", "value") VALUES ('f1d26f3b-54c0-5b00-98e4-37ac33f8afea', '1a0585e5-3bd0-5903-90cc-d3381778da68', 'KATAKANA', 'Ｔシャツ');
INSERT INTO "vocabulary"."spelling" ("id", "vocabulary_id", "spelling_kind_code", "value") VALUES ('25d3ba1f-69e5-5414-a4c6-da7ebe2eee42', '1a0585e5-3bd0-5903-90cc-d3381778da68', 'HIRAGANA', 'ていいしゃつ');
INSERT INTO "vocabulary"."linkages" ("vocabulary_id", "preferred_definition_id", "preferred_spelling_id", "phonetic_spelling_id", "alt_phonetic_spelling_id", "kanji_spelling_id", "conjugation_set_id") VALUES ('1a0585e5-3bd0-5903-90cc-d3381778da68', 'f90bbfe2-e71e-531e-9b64-3bd1069f8082', 'f1d26f3b-54c0-5b00-98e4-37ac33f8afea', '25d3ba1f-69e5-5414-a4c6-da7ebe2eee42', NULL, NULL, NULL);
INSERT INTO "vocabulary"."reference" ("vocabulary_id", "lesson_code") VALUES ('1a0585e5-3bd0-5903-90cc-d3381778da68', 'GENKI3_L02');
-- 時計 | clock --;
INSERT INTO "vocabulary"."vocabulary" ("id", "word_class_code", "conjugation_kind_code", "jlpt_level", "row_num", "tags", "date_added") VALUES ('1c5e45ac-cc4a-5d53-b566-d6d832828ba0', 'NOUN', NULL, 5, 144, '{things}', '2022-05-30');
INSERT INTO "vocabulary"."definition" ("id", "vocabulary_id", "sort_rank", "value") VALUES ('45c762b4-f2c3-531f-a103-82f36c4fca82', '1c5e45ac-cc4a-5d53-b566-d6d832828ba0', 1, 'clock');
INSERT INTO "vocabulary"."spelling" ("id", "vocabulary_id", "spelling_kind_code", "value") VALUES ('333c4df8-79d5-5424-a692-05469108ab2d', '1c5e45ac-cc4a-5d53-b566-d6d832828ba0', 'KANJI', '時計');
INSERT INTO "vocabulary"."spelling" ("id", "vocabulary_id", "spelling_kind_code", "value") VALUES ('c3724e78-f114-5f78-8a7b-feb083f7b28e', '1c5e45ac-cc4a-5d53-b566-d6d832828ba0', 'HIRAGANA', 'とけい');
INSERT INTO "vocabulary"."spelling" ("id", "vocabulary_id", "spelling_kind_code", "value") VALUES ('27d7da05-bd21-5c1f-b2d8-45f78e8b5174', '1c5e45ac-cc4a-5d53-b566-d6d832828ba0', 'KANJI', '時計');
INSERT INTO "vocabulary"."linkages" ("vocabulary_id", "preferred_definition_id", "preferred_spelling_id", "phonetic_spelling_id", "alt_phonetic_spelling_id", "kanji_spelling_id", "conjugation_set_id") VALUES ('1c5e45ac-cc4a-5d53-b566-d6d832828ba0', '45c762b4-f2c3-531f-a103-82f36c4fca82', '333c4df8-79d5-5424-a692-05469108ab2d', 'c3724e78-f114-5f78-8a7b-feb083f7b28e', NULL, '27d7da05-bd21-5c1f-b2d8-45f78e8b5174', NULL);
INSERT INTO "vocabulary"."reference" ("vocabulary_id", "lesson_code") VALUES ('1c5e45ac-cc4a-5d53-b566-d6d832828ba0', 'GENKI3_L02');
-- ノート | notebook --;
INSERT INTO "vocabulary"."vocabulary" ("id", "word_class_code", "conjugation_kind_code", "jlpt_level", "row_num", "tags", "date_added") VALUES ('612eac67-3ec3-535e-94a3-249d60f51046', 'NOUN', NULL, 5, 145, '{things}', '2022-05-30');
INSERT INTO "vocabulary"."definition" ("id", "vocabulary_id", "sort_rank", "value") VALUES ('9ac0bf5b-32ec-516c-8357-88dd43e6f769', '612eac67-3ec3-535e-94a3-249d60f51046', 1, 'notebook');
INSERT INTO "vocabulary"."spelling" ("id", "vocabulary_id", "spelling_kind_code", "value") VALUES ('2ab88e9d-43d5-52f6-9850-39fc7e0176f4', '612eac67-3ec3-535e-94a3-249d60f51046', 'KATAKANA', 'ノート');
INSERT INTO "vocabulary"."spelling" ("id", "vocabulary_id", "spelling_kind_code", "value") VALUES ('1fe95b6e-33a9-5a67-a3ce-d2aae90a00e3', '612eac67-3ec3-535e-94a3-249d60f51046', 'HIRAGANA', 'のおと');
INSERT INTO "vocabulary"."linkages" ("vocabulary_id", "preferred_definition_id", "preferred_spelling_id", "phonetic_spelling_id", "alt_phonetic_spelling_id", "kanji_spelling_id", "conjugation_set_id") VALUES ('612eac67-3ec3-535e-94a3-249d60f51046', '9ac0bf5b-32ec-516c-8357-88dd43e6f769', '2ab88e9d-43d5-52f6-9850-39fc7e0176f4', '1fe95b6e-33a9-5a67-a3ce-d2aae90a00e3', NULL, NULL, NULL);
INSERT INTO "vocabulary"."reference" ("vocabulary_id", "lesson_code") VALUES ('612eac67-3ec3-535e-94a3-249d60f51046', 'GENKI3_L02');
-- ペン | pen --;
INSERT INTO "vocabulary"."vocabulary" ("id", "word_class_code", "conjugation_kind_code", "jlpt_level", "row_num", "tags", "date_added") VALUES ('442d1c8e-a848-5fa4-8fc9-d398441b4b65', 'NOUN', NULL, 5, 146, '{things}', '2022-05-30');
INSERT INTO "vocabulary"."definition" ("id", "vocabulary_id", "sort_rank", "value") VALUES ('40c13b4d-220a-5e44-92ea-5b39a4cde327', '442d1c8e-a848-5fa4-8fc9-d398441b4b65', 1, 'pen');
INSERT INTO "vocabulary"."spelling" ("id", "vocabulary_id", "spelling_kind_code", "value") VALUES ('00233e4c-3317-567d-81a3-4c20f6adee9e', '442d1c8e-a848-5fa4-8fc9-d398441b4b65', 'KATAKANA', 'ペン');
INSERT INTO "vocabulary"."spelling" ("id", "vocabulary_id", "spelling_kind_code", "value") VALUES ('ce71b63a-1c1d-536b-b162-e72d1b7d3d35', '442d1c8e-a848-5fa4-8fc9-d398441b4b65', 'HIRAGANA', 'ぺん');
INSERT INTO "vocabulary"."linkages" ("vocabulary_id", "preferred_definition_id", "preferred_spelling_id", "phonetic_spelling_id", "alt_phonetic_spelling_id", "kanji_spelling_id", "conjugation_set_id") VALUES ('442d1c8e-a848-5fa4-8fc9-d398441b4b65', '40c13b4d-220a-5e44-92ea-5b39a4cde327', '00233e4c-3317-567d-81a3-4c20f6adee9e', 'ce71b63a-1c1d-536b-b162-e72d1b7d3d35', NULL, NULL, NULL);
INSERT INTO "vocabulary"."reference" ("vocabulary_id", "lesson_code") VALUES ('442d1c8e-a848-5fa4-8fc9-d398441b4b65', 'GENKI3_L02');
-- 帽子 | hat; cap --;
INSERT INTO "vocabulary"."vocabulary" ("id", "word_class_code", "conjugation_kind_code", "jlpt_level", "row_num", "tags", "date_added") VALUES ('5f6cc5c3-6625-5caa-9277-f43493360fc2', 'NOUN', NULL, 5, 147, '{things}', '2022-05-30');
INSERT INTO "vocabulary"."definition" ("id", "vocabulary_id", "sort_rank", "value") VALUES ('e4ce439f-a7a5-5f2b-859f-4a00e45147a5', '5f6cc5c3-6625-5caa-9277-f43493360fc2', 1, 'hat; cap');
INSERT INTO "vocabulary"."spelling" ("id", "vocabulary_id", "spelling_kind_code", "value") VALUES ('6d4757bd-ac6f-546f-9ba8-82cb6540e15b', '5f6cc5c3-6625-5caa-9277-f43493360fc2', 'KANJI', '帽子');
INSERT INTO "vocabulary"."spelling" ("id", "vocabulary_id", "spelling_kind_code", "value") VALUES ('b809e148-efda-5c72-9f1b-e259a8f3d88b', '5f6cc5c3-6625-5caa-9277-f43493360fc2', 'HIRAGANA', 'ぼうし');
INSERT INTO "vocabulary"."spelling" ("id", "vocabulary_id", "spelling_kind_code", "value") VALUES ('7f6cae90-45b9-5aaf-96d7-d26ba4a1b4be', '5f6cc5c3-6625-5caa-9277-f43493360fc2', 'KANJI', '帽子');
INSERT INTO "vocabulary"."linkages" ("vocabulary_id", "preferred_definition_id", "preferred_spelling_id", "phonetic_spelling_id", "alt_phonetic_spelling_id", "kanji_spelling_id", "conjugation_set_id") VALUES ('5f6cc5c3-6625-5caa-9277-f43493360fc2', 'e4ce439f-a7a5-5f2b-859f-4a00e45147a5', '6d4757bd-ac6f-546f-9ba8-82cb6540e15b', 'b809e148-efda-5c72-9f1b-e259a8f3d88b', NULL, '7f6cae90-45b9-5aaf-96d7-d26ba4a1b4be', NULL);
INSERT INTO "vocabulary"."reference" ("vocabulary_id", "lesson_code") VALUES ('5f6cc5c3-6625-5caa-9277-f43493360fc2', 'GENKI3_L02');
-- 本 | book --;
INSERT INTO "vocabulary"."vocabulary" ("id", "word_class_code", "conjugation_kind_code", "jlpt_level", "row_num", "tags", "date_added") VALUES ('6d055f49-622a-5d8a-a7d2-11de3279b9ce', 'NOUN', NULL, 5, 148, '{things}', '2022-05-30');
INSERT INTO "vocabulary"."definition" ("id", "vocabulary_id", "sort_rank", "value") VALUES ('6d449408-4cc5-5ce6-a23a-620d46ec772c', '6d055f49-622a-5d8a-a7d2-11de3279b9ce', 1, 'book');
INSERT INTO "vocabulary"."spelling" ("id", "vocabulary_id", "spelling_kind_code", "value") VALUES ('18fd2601-7d24-5c48-9702-69c3d7c39058', '6d055f49-622a-5d8a-a7d2-11de3279b9ce', 'KANJI', '本');
INSERT INTO "vocabulary"."spelling" ("id", "vocabulary_id", "spelling_kind_code", "value") VALUES ('77b9071f-32b8-54b8-982a-900932eda42c', '6d055f49-622a-5d8a-a7d2-11de3279b9ce', 'HIRAGANA', 'ほん');
INSERT INTO "vocabulary"."spelling" ("id", "vocabulary_id", "spelling_kind_code", "value") VALUES ('e4e0ab5a-42f7-54e7-9a33-504d8d50224c', '6d055f49-622a-5d8a-a7d2-11de3279b9ce', 'KANJI', '本');
INSERT INTO "vocabulary"."linkages" ("vocabulary_id", "preferred_definition_id", "preferred_spelling_id", "phonetic_spelling_id", "alt_phonetic_spelling_id", "kanji_spelling_id", "conjugation_set_id") VALUES ('6d055f49-622a-5d8a-a7d2-11de3279b9ce', '6d449408-4cc5-5ce6-a23a-620d46ec772c', '18fd2601-7d24-5c48-9702-69c3d7c39058', '77b9071f-32b8-54b8-982a-900932eda42c', NULL, 'e4e0ab5a-42f7-54e7-9a33-504d8d50224c', NULL);
INSERT INTO "vocabulary"."reference" ("vocabulary_id", "lesson_code") VALUES ('6d055f49-622a-5d8a-a7d2-11de3279b9ce', 'GENKI3_L02');
-- 銀行 | bank --;
INSERT INTO "vocabulary"."vocabulary" ("id", "word_class_code", "conjugation_kind_code", "jlpt_level", "row_num", "tags", "date_added") VALUES ('3a52dad1-de68-523b-b6ad-3148496bcf8e', 'NOUN', NULL, 5, 149, '{place}', '2022-05-30');
INSERT INTO "vocabulary"."definition" ("id", "vocabulary_id", "sort_rank", "value") VALUES ('08f85415-eb18-52c0-aa78-285419232907', '3a52dad1-de68-523b-b6ad-3148496bcf8e', 1, 'bank');
INSERT INTO "vocabulary"."spelling" ("id", "vocabulary_id", "spelling_kind_code", "value") VALUES ('6c2ab6fa-5130-5d89-bc99-09c2a7d3102a', '3a52dad1-de68-523b-b6ad-3148496bcf8e', 'KANJI', '銀行');
INSERT INTO "vocabulary"."spelling" ("id", "vocabulary_id", "spelling_kind_code", "value") VALUES ('c6012a3e-2d80-544d-bf9e-3a7e746a515b', '3a52dad1-de68-523b-b6ad-3148496bcf8e', 'HIRAGANA', 'ぎんこう');
INSERT INTO "vocabulary"."spelling" ("id", "vocabulary_id", "spelling_kind_code", "value") VALUES ('c4cceedd-6a68-598d-af9d-13eba1823635', '3a52dad1-de68-523b-b6ad-3148496bcf8e', 'KANJI', '銀行');
INSERT INTO "vocabulary"."linkages" ("vocabulary_id", "preferred_definition_id", "preferred_spelling_id", "phonetic_spelling_id", "alt_phonetic_spelling_id", "kanji_spelling_id", "conjugation_set_id") VALUES ('3a52dad1-de68-523b-b6ad-3148496bcf8e', '08f85415-eb18-52c0-aa78-285419232907', '6c2ab6fa-5130-5d89-bc99-09c2a7d3102a', 'c6012a3e-2d80-544d-bf9e-3a7e746a515b', NULL, 'c4cceedd-6a68-598d-af9d-13eba1823635', NULL);
INSERT INTO "vocabulary"."reference" ("vocabulary_id", "lesson_code") VALUES ('3a52dad1-de68-523b-b6ad-3148496bcf8e', 'DUO_01_04');
INSERT INTO "vocabulary"."reference" ("vocabulary_id", "lesson_code") VALUES ('3a52dad1-de68-523b-b6ad-3148496bcf8e', 'DUO_U02');
INSERT INTO "vocabulary"."reference" ("vocabulary_id", "lesson_code") VALUES ('3a52dad1-de68-523b-b6ad-3148496bcf8e', 'GENKI3_L02');
-- コンビニ | convenience store --;
INSERT INTO "vocabulary"."vocabulary" ("id", "word_class_code", "conjugation_kind_code", "jlpt_level", "row_num", "tags", "date_added") VALUES ('6c108fe0-b52d-56de-96f2-f8e0bf450367', 'NOUN', NULL, NULL, 150, '{place}', '2022-05-30');
INSERT INTO "vocabulary"."definition" ("id", "vocabulary_id", "sort_rank", "value") VALUES ('7b962872-728a-59c4-8c3f-b24b2aa58654', '6c108fe0-b52d-56de-96f2-f8e0bf450367', 1, 'convenience store');
INSERT INTO "vocabulary"."spelling" ("id", "vocabulary_id", "spelling_kind_code", "value") VALUES ('90ca7d60-bb6c-5c00-bdc4-e1bcd8179574', '6c108fe0-b52d-56de-96f2-f8e0bf450367', 'KATAKANA', 'コンビニ');
INSERT INTO "vocabulary"."spelling" ("id", "vocabulary_id", "spelling_kind_code", "value") VALUES ('be1b0f80-0147-594f-9942-b55243868a6f', '6c108fe0-b52d-56de-96f2-f8e0bf450367', 'HIRAGANA', 'こんびに');
INSERT INTO "vocabulary"."linkages" ("vocabulary_id", "preferred_definition_id", "preferred_spelling_id", "phonetic_spelling_id", "alt_phonetic_spelling_id", "kanji_spelling_id", "conjugation_set_id") VALUES ('6c108fe0-b52d-56de-96f2-f8e0bf450367', '7b962872-728a-59c4-8c3f-b24b2aa58654', '90ca7d60-bb6c-5c00-bdc4-e1bcd8179574', 'be1b0f80-0147-594f-9942-b55243868a6f', NULL, NULL, NULL);
INSERT INTO "vocabulary"."reference" ("vocabulary_id", "lesson_code") VALUES ('6c108fe0-b52d-56de-96f2-f8e0bf450367', 'GENKI3_L02');
-- トイレ | toilet; restroom --;
INSERT INTO "vocabulary"."vocabulary" ("id", "word_class_code", "conjugation_kind_code", "jlpt_level", "row_num", "tags", "date_added") VALUES ('14edc8de-8ed3-58f5-a083-13a34db6f490', 'NOUN', NULL, 5, 151, '{place}', '2022-05-30');
INSERT INTO "vocabulary"."definition" ("id", "vocabulary_id", "sort_rank", "value") VALUES ('f90966a0-584f-5ec3-8e48-dfdc88dcdf9e', '14edc8de-8ed3-58f5-a083-13a34db6f490', 1, 'toilet; restroom');
INSERT INTO "vocabulary"."spelling" ("id", "vocabulary_id", "spelling_kind_code", "value") VALUES ('19224027-5c23-5ef7-b4a3-c7f7265e5475', '14edc8de-8ed3-58f5-a083-13a34db6f490', 'KATAKANA', 'トイレ');
INSERT INTO "vocabulary"."spelling" ("id", "vocabulary_id", "spelling_kind_code", "value") VALUES ('2d887961-fc03-5948-946c-dec678dd0e19', '14edc8de-8ed3-58f5-a083-13a34db6f490', 'KATAKANA', 'トイレ');
INSERT INTO "vocabulary"."linkages" ("vocabulary_id", "preferred_definition_id", "preferred_spelling_id", "phonetic_spelling_id", "alt_phonetic_spelling_id", "kanji_spelling_id", "conjugation_set_id") VALUES ('14edc8de-8ed3-58f5-a083-13a34db6f490', 'f90966a0-584f-5ec3-8e48-dfdc88dcdf9e', '19224027-5c23-5ef7-b4a3-c7f7265e5475', '2d887961-fc03-5948-946c-dec678dd0e19', NULL, NULL, NULL);
INSERT INTO "vocabulary"."reference" ("vocabulary_id", "lesson_code") VALUES ('14edc8de-8ed3-58f5-a083-13a34db6f490', 'GENKI3_L02');
-- 図書館 | library --;
INSERT INTO "vocabulary"."vocabulary" ("id", "word_class_code", "conjugation_kind_code", "jlpt_level", "row_num", "tags", "date_added") VALUES ('dd52de46-6d78-5bc3-96ab-b25e9be9e291', 'NOUN', NULL, 5, 152, '{place}', '2022-05-30');
INSERT INTO "vocabulary"."definition" ("id", "vocabulary_id", "sort_rank", "value") VALUES ('32f71760-45e2-525a-9bc9-685e4293ce8f', 'dd52de46-6d78-5bc3-96ab-b25e9be9e291', 1, 'library');
INSERT INTO "vocabulary"."spelling" ("id", "vocabulary_id", "spelling_kind_code", "value") VALUES ('6d7540e0-9f86-5948-9cda-eef004806531', 'dd52de46-6d78-5bc3-96ab-b25e9be9e291', 'KANJI', '図書館');
INSERT INTO "vocabulary"."spelling" ("id", "vocabulary_id", "spelling_kind_code", "value") VALUES ('479ade12-0c1b-5bc2-bb33-15f71a548262', 'dd52de46-6d78-5bc3-96ab-b25e9be9e291', 'HIRAGANA', 'としょかん');
INSERT INTO "vocabulary"."spelling" ("id", "vocabulary_id", "spelling_kind_code", "value") VALUES ('44e3135c-03b5-529a-a8d7-9843ade096cb', 'dd52de46-6d78-5bc3-96ab-b25e9be9e291', 'KANJI', '図書館');
INSERT INTO "vocabulary"."linkages" ("vocabulary_id", "preferred_definition_id", "preferred_spelling_id", "phonetic_spelling_id", "alt_phonetic_spelling_id", "kanji_spelling_id", "conjugation_set_id") VALUES ('dd52de46-6d78-5bc3-96ab-b25e9be9e291', '32f71760-45e2-525a-9bc9-685e4293ce8f', '6d7540e0-9f86-5948-9cda-eef004806531', '479ade12-0c1b-5bc2-bb33-15f71a548262', NULL, '44e3135c-03b5-529a-a8d7-9843ade096cb', NULL);
INSERT INTO "vocabulary"."reference" ("vocabulary_id", "lesson_code") VALUES ('dd52de46-6d78-5bc3-96ab-b25e9be9e291', 'GENKI3_L02');
-- 郵便局 | post office --;
INSERT INTO "vocabulary"."vocabulary" ("id", "word_class_code", "conjugation_kind_code", "jlpt_level", "row_num", "tags", "date_added") VALUES ('89b553be-905d-57aa-946c-86dc9f366aa2', 'NOUN', NULL, 5, 153, '{place}', '2022-05-30');
INSERT INTO "vocabulary"."definition" ("id", "vocabulary_id", "sort_rank", "value") VALUES ('6d426af3-e1ee-5207-b450-f4bd1bafd6cc', '89b553be-905d-57aa-946c-86dc9f366aa2', 1, 'post office');
INSERT INTO "vocabulary"."spelling" ("id", "vocabulary_id", "spelling_kind_code", "value") VALUES ('ff6757f4-bb70-5c41-a9db-fad2d4c2dc49', '89b553be-905d-57aa-946c-86dc9f366aa2', 'KANJI', '郵便局');
INSERT INTO "vocabulary"."spelling" ("id", "vocabulary_id", "spelling_kind_code", "value") VALUES ('d99ad263-df26-5612-b2a9-e5fde15af637', '89b553be-905d-57aa-946c-86dc9f366aa2', 'HIRAGANA', 'ゆうびんきょく');
INSERT INTO "vocabulary"."spelling" ("id", "vocabulary_id", "spelling_kind_code", "value") VALUES ('1d03b4c8-3088-53ed-8a1e-292ea5500fd5', '89b553be-905d-57aa-946c-86dc9f366aa2', 'KANJI', '郵便局');
INSERT INTO "vocabulary"."linkages" ("vocabulary_id", "preferred_definition_id", "preferred_spelling_id", "phonetic_spelling_id", "alt_phonetic_spelling_id", "kanji_spelling_id", "conjugation_set_id") VALUES ('89b553be-905d-57aa-946c-86dc9f366aa2', '6d426af3-e1ee-5207-b450-f4bd1bafd6cc', 'ff6757f4-bb70-5c41-a9db-fad2d4c2dc49', 'd99ad263-df26-5612-b2a9-e5fde15af637', NULL, '1d03b4c8-3088-53ed-8a1e-292ea5500fd5', NULL);
INSERT INTO "vocabulary"."reference" ("vocabulary_id", "lesson_code") VALUES ('89b553be-905d-57aa-946c-86dc9f366aa2', 'GENKI3_L02');
-- いくら | how much --;
INSERT INTO "vocabulary"."vocabulary" ("id", "word_class_code", "conjugation_kind_code", "jlpt_level", "row_num", "tags", "date_added") VALUES ('f7d4fade-03e1-53e3-94c0-24034e6a9e08', 'ADVERB', NULL, 5, 154, '{money}', '2022-05-30');
INSERT INTO "vocabulary"."definition" ("id", "vocabulary_id", "sort_rank", "value") VALUES ('5530c823-73d7-5426-a40e-6323791a1e59', 'f7d4fade-03e1-53e3-94c0-24034e6a9e08', 1, 'how much');
INSERT INTO "vocabulary"."spelling" ("id", "vocabulary_id", "spelling_kind_code", "value") VALUES ('17d114c8-7248-5b0b-99b4-875b614396b7', 'f7d4fade-03e1-53e3-94c0-24034e6a9e08', 'HIRAGANA', 'いくら');
INSERT INTO "vocabulary"."spelling" ("id", "vocabulary_id", "spelling_kind_code", "value") VALUES ('20a5cc16-38ba-5328-ab66-911185b9336a', 'f7d4fade-03e1-53e3-94c0-24034e6a9e08', 'HIRAGANA', 'いくら');
INSERT INTO "vocabulary"."spelling" ("id", "vocabulary_id", "spelling_kind_code", "value") VALUES ('045ad24a-b6bc-51d2-a956-a01e499a5fcf', 'f7d4fade-03e1-53e3-94c0-24034e6a9e08', 'KANJI', '幾ら');
INSERT INTO "vocabulary"."linkages" ("vocabulary_id", "preferred_definition_id", "preferred_spelling_id", "phonetic_spelling_id", "alt_phonetic_spelling_id", "kanji_spelling_id", "conjugation_set_id") VALUES ('f7d4fade-03e1-53e3-94c0-24034e6a9e08', '5530c823-73d7-5426-a40e-6323791a1e59', '17d114c8-7248-5b0b-99b4-875b614396b7', '20a5cc16-38ba-5328-ab66-911185b9336a', NULL, '045ad24a-b6bc-51d2-a956-a01e499a5fcf', NULL);
INSERT INTO "vocabulary"."reference" ("vocabulary_id", "lesson_code") VALUES ('f7d4fade-03e1-53e3-94c0-24034e6a9e08', 'GENKI3_L02');
-- 〜円 | ...yen --;
INSERT INTO "vocabulary"."vocabulary" ("id", "word_class_code", "conjugation_kind_code", "jlpt_level", "row_num", "tags", "date_added") VALUES ('fbae6594-96c7-53f0-a80b-bd325d5a22ff', 'NOUN', NULL, 3, 155, '{money}', '2022-05-30');
INSERT INTO "vocabulary"."definition" ("id", "vocabulary_id", "sort_rank", "value") VALUES ('d5b2e1c2-fdb3-5fd3-aed7-94b2dad3a1d7', 'fbae6594-96c7-53f0-a80b-bd325d5a22ff', 1, '...yen');
INSERT INTO "vocabulary"."spelling" ("id", "vocabulary_id", "spelling_kind_code", "value") VALUES ('96d4d21e-ce30-5ea4-a996-26a05ed14374', 'fbae6594-96c7-53f0-a80b-bd325d5a22ff', 'KANJI', '〜円');
INSERT INTO "vocabulary"."spelling" ("id", "vocabulary_id", "spelling_kind_code", "value") VALUES ('4e2a1640-aa5c-5843-9442-12c367b9652b', 'fbae6594-96c7-53f0-a80b-bd325d5a22ff', 'HIRAGANA', '〜えん');
INSERT INTO "vocabulary"."spelling" ("id", "vocabulary_id", "spelling_kind_code", "value") VALUES ('fca3d400-96a9-5503-808e-fa9c5efb5f60', 'fbae6594-96c7-53f0-a80b-bd325d5a22ff', 'KANJI', '〜円');
INSERT INTO "vocabulary"."linkages" ("vocabulary_id", "preferred_definition_id", "preferred_spelling_id", "phonetic_spelling_id", "alt_phonetic_spelling_id", "kanji_spelling_id", "conjugation_set_id") VALUES ('fbae6594-96c7-53f0-a80b-bd325d5a22ff', 'd5b2e1c2-fdb3-5fd3-aed7-94b2dad3a1d7', '96d4d21e-ce30-5ea4-a996-26a05ed14374', '4e2a1640-aa5c-5843-9442-12c367b9652b', NULL, 'fca3d400-96a9-5503-808e-fa9c5efb5f60', NULL);
INSERT INTO "vocabulary"."reference" ("vocabulary_id", "lesson_code") VALUES ('fbae6594-96c7-53f0-a80b-bd325d5a22ff', 'GENKI3_L02');
-- 高い | expensive; high --;
INSERT INTO "vocabulary"."vocabulary" ("id", "word_class_code", "conjugation_kind_code", "jlpt_level", "row_num", "tags", "date_added") VALUES ('dcb08e4f-eb7c-5536-bd57-ee51127a14be', 'ADJECTIVE', 'I_ADJECTIVE', 5, 156, '{money}', '2022-05-30');
INSERT INTO "vocabulary"."definition" ("id", "vocabulary_id", "sort_rank", "value") VALUES ('809ff8d5-d695-50c0-9d38-3a431843e2c3', 'dcb08e4f-eb7c-5536-bd57-ee51127a14be', 1, 'expensive; high');
INSERT INTO "vocabulary"."spelling" ("id", "vocabulary_id", "spelling_kind_code", "value") VALUES ('1edadfbc-49ce-5b83-93f4-4e96451a795a', 'dcb08e4f-eb7c-5536-bd57-ee51127a14be', 'KANJI', '高い');
INSERT INTO "vocabulary"."spelling" ("id", "vocabulary_id", "spelling_kind_code", "value") VALUES ('2cb3a475-9a04-542e-9394-06405c3b93c4', 'dcb08e4f-eb7c-5536-bd57-ee51127a14be', 'HIRAGANA', 'たかい');
INSERT INTO "vocabulary"."spelling" ("id", "vocabulary_id", "spelling_kind_code", "value") VALUES ('a257cdb1-5ba3-506a-91b5-fa7ee5829bc5', 'dcb08e4f-eb7c-5536-bd57-ee51127a14be', 'KANJI', '高い');
INSERT INTO "vocabulary"."linkages" ("vocabulary_id", "preferred_definition_id", "preferred_spelling_id", "phonetic_spelling_id", "alt_phonetic_spelling_id", "kanji_spelling_id", "conjugation_set_id") VALUES ('dcb08e4f-eb7c-5536-bd57-ee51127a14be', '809ff8d5-d695-50c0-9d38-3a431843e2c3', '1edadfbc-49ce-5b83-93f4-4e96451a795a', '2cb3a475-9a04-542e-9394-06405c3b93c4', NULL, 'a257cdb1-5ba3-506a-91b5-fa7ee5829bc5', NULL);
INSERT INTO "vocabulary"."reference" ("vocabulary_id", "lesson_code") VALUES ('dcb08e4f-eb7c-5536-bd57-ee51127a14be', 'GENKI3_L02');
-- いらっしゃいませ | welcome --;
INSERT INTO "vocabulary"."vocabulary" ("id", "word_class_code", "conjugation_kind_code", "jlpt_level", "row_num", "tags", "date_added") VALUES ('1cee44df-fc33-5279-8d09-5051e714782f', 'EXPRESSION', NULL, NULL, 157, '{}', '2022-05-30');
INSERT INTO "vocabulary"."definition" ("id", "vocabulary_id", "sort_rank", "value") VALUES ('a2cdd732-54ab-54bf-bc36-5ba7a1d1e2e9', '1cee44df-fc33-5279-8d09-5051e714782f', 1, 'welcome');
INSERT INTO "vocabulary"."spelling" ("id", "vocabulary_id", "spelling_kind_code", "value") VALUES ('228995ec-df59-5435-b133-421d8f3a8b8f', '1cee44df-fc33-5279-8d09-5051e714782f', 'HIRAGANA', 'いらっしゃいませ');
INSERT INTO "vocabulary"."spelling" ("id", "vocabulary_id", "spelling_kind_code", "value") VALUES ('35d5c274-d12e-554d-8ff3-afaca97a7dc4', '1cee44df-fc33-5279-8d09-5051e714782f', 'HIRAGANA', 'いらっしゃいませ');
INSERT INTO "vocabulary"."linkages" ("vocabulary_id", "preferred_definition_id", "preferred_spelling_id", "phonetic_spelling_id", "alt_phonetic_spelling_id", "kanji_spelling_id", "conjugation_set_id") VALUES ('1cee44df-fc33-5279-8d09-5051e714782f', 'a2cdd732-54ab-54bf-bc36-5ba7a1d1e2e9', '228995ec-df59-5435-b133-421d8f3a8b8f', '35d5c274-d12e-554d-8ff3-afaca97a7dc4', NULL, NULL, NULL);
INSERT INTO "vocabulary"."reference" ("vocabulary_id", "lesson_code") VALUES ('1cee44df-fc33-5279-8d09-5051e714782f', 'GENKI3_L02');
-- 〜お願いします | ...please --;
INSERT INTO "vocabulary"."vocabulary" ("id", "word_class_code", "conjugation_kind_code", "jlpt_level", "row_num", "tags", "date_added") VALUES ('845d24c6-6c7c-50f4-8dd7-450485839fa5', 'EXPRESSION', NULL, 2, 158, '{}', '2022-05-30');
INSERT INTO "vocabulary"."definition" ("id", "vocabulary_id", "sort_rank", "value") VALUES ('ee57c9ab-5ba1-5770-94b8-ce5a08d656fb', '845d24c6-6c7c-50f4-8dd7-450485839fa5', 1, '...please');
INSERT INTO "vocabulary"."spelling" ("id", "vocabulary_id", "spelling_kind_code", "value") VALUES ('4f94f0d0-f34f-5a33-9ea6-d3798b61ddbd', '845d24c6-6c7c-50f4-8dd7-450485839fa5', 'KANJI', '〜お願いします');
INSERT INTO "vocabulary"."spelling" ("id", "vocabulary_id", "spelling_kind_code", "value") VALUES ('12c096ba-4704-5645-9319-9de37a7b8711', '845d24c6-6c7c-50f4-8dd7-450485839fa5', 'HIRAGANA', '〜おねがいします');
INSERT INTO "vocabulary"."spelling" ("id", "vocabulary_id", "spelling_kind_code", "value") VALUES ('2c4c713d-f54b-5568-8448-c6fed1616fe5', '845d24c6-6c7c-50f4-8dd7-450485839fa5', 'KANJI', '〜お願いします');
INSERT INTO "vocabulary"."linkages" ("vocabulary_id", "preferred_definition_id", "preferred_spelling_id", "phonetic_spelling_id", "alt_phonetic_spelling_id", "kanji_spelling_id", "conjugation_set_id") VALUES ('845d24c6-6c7c-50f4-8dd7-450485839fa5', 'ee57c9ab-5ba1-5770-94b8-ce5a08d656fb', '4f94f0d0-f34f-5a33-9ea6-d3798b61ddbd', '12c096ba-4704-5645-9319-9de37a7b8711', NULL, '2c4c713d-f54b-5568-8448-c6fed1616fe5', NULL);
INSERT INTO "vocabulary"."reference" ("vocabulary_id", "lesson_code") VALUES ('845d24c6-6c7c-50f4-8dd7-450485839fa5', 'GENKI3_L02');
-- 〜ください | please give me... --;
INSERT INTO "vocabulary"."vocabulary" ("id", "word_class_code", "conjugation_kind_code", "jlpt_level", "row_num", "tags", "date_added") VALUES ('fc6be215-8cf3-55b8-8a6b-0dd345852963', 'EXPRESSION', NULL, 5, 159, '{}', '2022-05-30');
INSERT INTO "vocabulary"."definition" ("id", "vocabulary_id", "sort_rank", "value") VALUES ('ff88c278-bf8a-587c-97a1-070b6b246101', 'fc6be215-8cf3-55b8-8a6b-0dd345852963', 1, 'please give me...');
INSERT INTO "vocabulary"."spelling" ("id", "vocabulary_id", "spelling_kind_code", "value") VALUES ('3e84fd00-e1db-5505-acb3-9f82496bfe29', 'fc6be215-8cf3-55b8-8a6b-0dd345852963', 'HIRAGANA', '〜ください');
INSERT INTO "vocabulary"."spelling" ("id", "vocabulary_id", "spelling_kind_code", "value") VALUES ('3447ab7a-ceef-59b7-afac-487fec8d5a13', 'fc6be215-8cf3-55b8-8a6b-0dd345852963', 'HIRAGANA', '〜ください');
INSERT INTO "vocabulary"."spelling" ("id", "vocabulary_id", "spelling_kind_code", "value") VALUES ('77ce6f34-8d7d-5454-989f-dffd74c7fe56', 'fc6be215-8cf3-55b8-8a6b-0dd345852963', 'KANJI', '〜下さい');
INSERT INTO "vocabulary"."linkages" ("vocabulary_id", "preferred_definition_id", "preferred_spelling_id", "phonetic_spelling_id", "alt_phonetic_spelling_id", "kanji_spelling_id", "conjugation_set_id") VALUES ('fc6be215-8cf3-55b8-8a6b-0dd345852963', 'ff88c278-bf8a-587c-97a1-070b6b246101', '3e84fd00-e1db-5505-acb3-9f82496bfe29', '3447ab7a-ceef-59b7-afac-487fec8d5a13', NULL, '77ce6f34-8d7d-5454-989f-dffd74c7fe56', NULL);
INSERT INTO "vocabulary"."reference" ("vocabulary_id", "lesson_code") VALUES ('fc6be215-8cf3-55b8-8a6b-0dd345852963', 'DUO_02_01');
INSERT INTO "vocabulary"."reference" ("vocabulary_id", "lesson_code") VALUES ('fc6be215-8cf3-55b8-8a6b-0dd345852963', 'DUO_U06');
INSERT INTO "vocabulary"."reference" ("vocabulary_id", "lesson_code") VALUES ('fc6be215-8cf3-55b8-8a6b-0dd345852963', 'GENKI3_L02');
-- じゃあ | then...; if that is the case... --;
INSERT INTO "vocabulary"."vocabulary" ("id", "word_class_code", "conjugation_kind_code", "jlpt_level", "row_num", "tags", "date_added") VALUES ('3bb29baa-6e40-5c58-93cd-2000ea1120eb', 'EXPRESSION', NULL, 5, 160, '{}', '2022-05-30');
INSERT INTO "vocabulary"."definition" ("id", "vocabulary_id", "sort_rank", "value") VALUES ('3cf68c65-458f-5f1a-aec6-ff1df61fc648', '3bb29baa-6e40-5c58-93cd-2000ea1120eb', 1, 'then...; if that is the case...');
INSERT INTO "vocabulary"."spelling" ("id", "vocabulary_id", "spelling_kind_code", "value") VALUES ('1546c5ab-f3b9-5aaa-9a95-a44735e45e5c', '3bb29baa-6e40-5c58-93cd-2000ea1120eb', 'HIRAGANA', 'じゃあ');
INSERT INTO "vocabulary"."spelling" ("id", "vocabulary_id", "spelling_kind_code", "value") VALUES ('8bbbf733-e286-57ee-91c9-95ddb887801a', '3bb29baa-6e40-5c58-93cd-2000ea1120eb', 'HIRAGANA', 'じゃあ');
INSERT INTO "vocabulary"."linkages" ("vocabulary_id", "preferred_definition_id", "preferred_spelling_id", "phonetic_spelling_id", "alt_phonetic_spelling_id", "kanji_spelling_id", "conjugation_set_id") VALUES ('3bb29baa-6e40-5c58-93cd-2000ea1120eb', '3cf68c65-458f-5f1a-aec6-ff1df61fc648', '1546c5ab-f3b9-5aaa-9a95-a44735e45e5c', '8bbbf733-e286-57ee-91c9-95ddb887801a', NULL, NULL, NULL);
INSERT INTO "vocabulary"."reference" ("vocabulary_id", "lesson_code") VALUES ('3bb29baa-6e40-5c58-93cd-2000ea1120eb', 'GENKI3_L02');
-- どうぞ | here it is; please go ahead; i beg of you --;
INSERT INTO "vocabulary"."vocabulary" ("id", "word_class_code", "conjugation_kind_code", "jlpt_level", "row_num", "tags", "date_added") VALUES ('8dc54b41-91cb-5289-bb0b-5f4a5854fea7', 'EXPRESSION', NULL, 5, 161, '{}', '2022-05-30');
INSERT INTO "vocabulary"."definition" ("id", "vocabulary_id", "sort_rank", "value") VALUES ('690e2672-08c9-5d0f-952b-43b79d5da7f6', '8dc54b41-91cb-5289-bb0b-5f4a5854fea7', 1, 'here it is; please go ahead; i beg of you');
INSERT INTO "vocabulary"."spelling" ("id", "vocabulary_id", "spelling_kind_code", "value") VALUES ('8b091e79-a8c1-57ab-9663-34c245a349d1', '8dc54b41-91cb-5289-bb0b-5f4a5854fea7', 'HIRAGANA', 'どうぞ');
INSERT INTO "vocabulary"."spelling" ("id", "vocabulary_id", "spelling_kind_code", "value") VALUES ('289d77ed-0d6a-56e7-a3b2-269e71210e0e', '8dc54b41-91cb-5289-bb0b-5f4a5854fea7', 'HIRAGANA', 'どうぞ');
INSERT INTO "vocabulary"."linkages" ("vocabulary_id", "preferred_definition_id", "preferred_spelling_id", "phonetic_spelling_id", "alt_phonetic_spelling_id", "kanji_spelling_id", "conjugation_set_id") VALUES ('8dc54b41-91cb-5289-bb0b-5f4a5854fea7', '690e2672-08c9-5d0f-952b-43b79d5da7f6', '8b091e79-a8c1-57ab-9663-34c245a349d1', '289d77ed-0d6a-56e7-a3b2-269e71210e0e', NULL, NULL, NULL);
INSERT INTO "vocabulary"."reference" ("vocabulary_id", "lesson_code") VALUES ('8dc54b41-91cb-5289-bb0b-5f4a5854fea7', 'GENKI3_L02');
-- どうも | thanks (casual) --;
INSERT INTO "vocabulary"."vocabulary" ("id", "word_class_code", "conjugation_kind_code", "jlpt_level", "row_num", "tags", "date_added") VALUES ('5891a34d-ba0a-5458-b42e-f82c60d27f9f', 'EXPRESSION', NULL, 5, 162, '{}', '2022-05-30');
INSERT INTO "vocabulary"."definition" ("id", "vocabulary_id", "sort_rank", "value") VALUES ('d9c10b38-e08f-5d7e-89ac-368ae533923e', '5891a34d-ba0a-5458-b42e-f82c60d27f9f', 1, 'thanks (casual)');
INSERT INTO "vocabulary"."spelling" ("id", "vocabulary_id", "spelling_kind_code", "value") VALUES ('5487da6f-58e0-5b99-a5f9-a7a8d23225ac', '5891a34d-ba0a-5458-b42e-f82c60d27f9f', 'HIRAGANA', 'どうも');
INSERT INTO "vocabulary"."spelling" ("id", "vocabulary_id", "spelling_kind_code", "value") VALUES ('7a5b0987-0729-55b8-afdd-9942ad24ef81', '5891a34d-ba0a-5458-b42e-f82c60d27f9f', 'HIRAGANA', 'どうも');
INSERT INTO "vocabulary"."linkages" ("vocabulary_id", "preferred_definition_id", "preferred_spelling_id", "phonetic_spelling_id", "alt_phonetic_spelling_id", "kanji_spelling_id", "conjugation_set_id") VALUES ('5891a34d-ba0a-5458-b42e-f82c60d27f9f', 'd9c10b38-e08f-5d7e-89ac-368ae533923e', '5487da6f-58e0-5b99-a5f9-a7a8d23225ac', '7a5b0987-0729-55b8-afdd-9942ad24ef81', NULL, NULL, NULL);
INSERT INTO "vocabulary"."reference" ("vocabulary_id", "lesson_code") VALUES ('5891a34d-ba0a-5458-b42e-f82c60d27f9f', 'GENKI3_L02');
-- ゼロ | zero; 0 --;
INSERT INTO "vocabulary"."vocabulary" ("id", "word_class_code", "conjugation_kind_code", "jlpt_level", "row_num", "tags", "date_added") VALUES ('48b8587c-d363-5b54-94d9-c9e5dfff2412', 'NOUN', NULL, NULL, 163, '{number}', '2022-05-30');
INSERT INTO "vocabulary"."definition" ("id", "vocabulary_id", "sort_rank", "value") VALUES ('494af2ab-28a2-5901-8f5e-810b7cb67717', '48b8587c-d363-5b54-94d9-c9e5dfff2412', 1, 'zero; 0');
INSERT INTO "vocabulary"."spelling" ("id", "vocabulary_id", "spelling_kind_code", "value") VALUES ('f27d5218-e98d-5a33-b455-7fd16d886578', '48b8587c-d363-5b54-94d9-c9e5dfff2412', 'KATAKANA', 'ゼロ');
INSERT INTO "vocabulary"."spelling" ("id", "vocabulary_id", "spelling_kind_code", "value") VALUES ('4ece7a18-2a3d-5698-89e5-f80fc07620ec', '48b8587c-d363-5b54-94d9-c9e5dfff2412', 'KATAKANA', 'ゼロ');
INSERT INTO "vocabulary"."linkages" ("vocabulary_id", "preferred_definition_id", "preferred_spelling_id", "phonetic_spelling_id", "alt_phonetic_spelling_id", "kanji_spelling_id", "conjugation_set_id") VALUES ('48b8587c-d363-5b54-94d9-c9e5dfff2412', '494af2ab-28a2-5901-8f5e-810b7cb67717', 'f27d5218-e98d-5a33-b455-7fd16d886578', '4ece7a18-2a3d-5698-89e5-f80fc07620ec', NULL, NULL, NULL);
INSERT INTO "vocabulary"."reference" ("vocabulary_id", "lesson_code") VALUES ('48b8587c-d363-5b54-94d9-c9e5dfff2412', 'GENKI3_L02');
-- 一 | one --;
INSERT INTO "vocabulary"."vocabulary" ("id", "word_class_code", "conjugation_kind_code", "jlpt_level", "row_num", "tags", "date_added") VALUES ('c007b505-323f-5517-8353-ed093d1571de', 'NOUN', NULL, 5, 164, '{number}', '2022-05-30');
INSERT INTO "vocabulary"."definition" ("id", "vocabulary_id", "sort_rank", "value") VALUES ('4cf410dd-6256-57cd-ae9c-0bf2aaec49bb', 'c007b505-323f-5517-8353-ed093d1571de', 1, 'one');
INSERT INTO "vocabulary"."spelling" ("id", "vocabulary_id", "spelling_kind_code", "value") VALUES ('247304c3-1a40-566c-9c08-88502aadbc1b', 'c007b505-323f-5517-8353-ed093d1571de', 'KANJI', '一');
INSERT INTO "vocabulary"."spelling" ("id", "vocabulary_id", "spelling_kind_code", "value") VALUES ('96551937-d15c-5e2d-a7d0-76f009718f99', 'c007b505-323f-5517-8353-ed093d1571de', 'HIRAGANA', 'いち');
INSERT INTO "vocabulary"."spelling" ("id", "vocabulary_id", "spelling_kind_code", "value") VALUES ('15d907c7-5ce8-5e45-b828-b9f4b02b71a8', 'c007b505-323f-5517-8353-ed093d1571de', 'KANJI', '一');
INSERT INTO "vocabulary"."linkages" ("vocabulary_id", "preferred_definition_id", "preferred_spelling_id", "phonetic_spelling_id", "alt_phonetic_spelling_id", "kanji_spelling_id", "conjugation_set_id") VALUES ('c007b505-323f-5517-8353-ed093d1571de', '4cf410dd-6256-57cd-ae9c-0bf2aaec49bb', '247304c3-1a40-566c-9c08-88502aadbc1b', '96551937-d15c-5e2d-a7d0-76f009718f99', NULL, '15d907c7-5ce8-5e45-b828-b9f4b02b71a8', NULL);
INSERT INTO "vocabulary"."reference" ("vocabulary_id", "lesson_code") VALUES ('c007b505-323f-5517-8353-ed093d1571de', 'GENKI3_L02');
-- 二 | two --;
INSERT INTO "vocabulary"."vocabulary" ("id", "word_class_code", "conjugation_kind_code", "jlpt_level", "row_num", "tags", "date_added") VALUES ('8873834d-7358-505d-a93b-7782dbd00024', 'NOUN', NULL, 5, 165, '{number}', '2022-05-30');
INSERT INTO "vocabulary"."definition" ("id", "vocabulary_id", "sort_rank", "value") VALUES ('f869af3b-fa51-5951-963e-8004470905de', '8873834d-7358-505d-a93b-7782dbd00024', 1, 'two');
INSERT INTO "vocabulary"."spelling" ("id", "vocabulary_id", "spelling_kind_code", "value") VALUES ('d81143b8-1aa4-5d51-8f2d-1f08104c171f', '8873834d-7358-505d-a93b-7782dbd00024', 'KANJI', '二');
INSERT INTO "vocabulary"."spelling" ("id", "vocabulary_id", "spelling_kind_code", "value") VALUES ('78769f6f-79aa-5f3c-993c-0c00fb177c76', '8873834d-7358-505d-a93b-7782dbd00024', 'HIRAGANA', 'に');
INSERT INTO "vocabulary"."spelling" ("id", "vocabulary_id", "spelling_kind_code", "value") VALUES ('136bfaa9-da25-54d8-95c3-ae3b9c6939a3', '8873834d-7358-505d-a93b-7782dbd00024', 'KANJI', '二');
INSERT INTO "vocabulary"."linkages" ("vocabulary_id", "preferred_definition_id", "preferred_spelling_id", "phonetic_spelling_id", "alt_phonetic_spelling_id", "kanji_spelling_id", "conjugation_set_id") VALUES ('8873834d-7358-505d-a93b-7782dbd00024', 'f869af3b-fa51-5951-963e-8004470905de', 'd81143b8-1aa4-5d51-8f2d-1f08104c171f', '78769f6f-79aa-5f3c-993c-0c00fb177c76', NULL, '136bfaa9-da25-54d8-95c3-ae3b9c6939a3', NULL);
INSERT INTO "vocabulary"."reference" ("vocabulary_id", "lesson_code") VALUES ('8873834d-7358-505d-a93b-7782dbd00024', 'GENKI3_L02');
-- 三 | three --;
INSERT INTO "vocabulary"."vocabulary" ("id", "word_class_code", "conjugation_kind_code", "jlpt_level", "row_num", "tags", "date_added") VALUES ('0f9e7c25-4cfa-5186-a893-0f59b7e34745', 'NOUN', NULL, 5, 166, '{number}', '2022-05-30');
INSERT INTO "vocabulary"."definition" ("id", "vocabulary_id", "sort_rank", "value") VALUES ('bed82900-e419-56b0-8496-b73876c0e979', '0f9e7c25-4cfa-5186-a893-0f59b7e34745', 1, 'three');
INSERT INTO "vocabulary"."spelling" ("id", "vocabulary_id", "spelling_kind_code", "value") VALUES ('b3173651-c05a-5869-8e69-d90fa7577056', '0f9e7c25-4cfa-5186-a893-0f59b7e34745', 'KANJI', '三');
INSERT INTO "vocabulary"."spelling" ("id", "vocabulary_id", "spelling_kind_code", "value") VALUES ('a050fcf1-6c9a-5a92-b5e5-a69bf40072e4', '0f9e7c25-4cfa-5186-a893-0f59b7e34745', 'HIRAGANA', 'さん');
INSERT INTO "vocabulary"."spelling" ("id", "vocabulary_id", "spelling_kind_code", "value") VALUES ('254423b8-15cb-52ad-8b49-930cd7f4401c', '0f9e7c25-4cfa-5186-a893-0f59b7e34745', 'KANJI', '三');
INSERT INTO "vocabulary"."linkages" ("vocabulary_id", "preferred_definition_id", "preferred_spelling_id", "phonetic_spelling_id", "alt_phonetic_spelling_id", "kanji_spelling_id", "conjugation_set_id") VALUES ('0f9e7c25-4cfa-5186-a893-0f59b7e34745', 'bed82900-e419-56b0-8496-b73876c0e979', 'b3173651-c05a-5869-8e69-d90fa7577056', 'a050fcf1-6c9a-5a92-b5e5-a69bf40072e4', NULL, '254423b8-15cb-52ad-8b49-930cd7f4401c', NULL);
INSERT INTO "vocabulary"."reference" ("vocabulary_id", "lesson_code") VALUES ('0f9e7c25-4cfa-5186-a893-0f59b7e34745', 'GENKI3_L02');
-- 四 | four --;
INSERT INTO "vocabulary"."vocabulary" ("id", "word_class_code", "conjugation_kind_code", "jlpt_level", "row_num", "tags", "date_added") VALUES ('59d58d35-f0f2-5535-8404-8cb786e2c830', 'NOUN', NULL, 5, 167, '{number}', '2022-05-30');
INSERT INTO "vocabulary"."definition" ("id", "vocabulary_id", "sort_rank", "value") VALUES ('a4ef25c2-43ce-56d9-a9ca-883698a474a8', '59d58d35-f0f2-5535-8404-8cb786e2c830', 1, 'four');
INSERT INTO "vocabulary"."spelling" ("id", "vocabulary_id", "spelling_kind_code", "value") VALUES ('fbcd3f08-294a-5349-a109-b85e3c0b248a', '59d58d35-f0f2-5535-8404-8cb786e2c830', 'KANJI', '四');
INSERT INTO "vocabulary"."spelling" ("id", "vocabulary_id", "spelling_kind_code", "value") VALUES ('e76e238c-485a-519c-bfd5-b81b3c727a37', '59d58d35-f0f2-5535-8404-8cb786e2c830', 'HIRAGANA', 'よん');
INSERT INTO "vocabulary"."spelling" ("id", "vocabulary_id", "spelling_kind_code", "value") VALUES ('29abe41e-f629-50e0-bf14-043ce7f02448', '59d58d35-f0f2-5535-8404-8cb786e2c830', 'HIRAGANA', 'し');
INSERT INTO "vocabulary"."spelling" ("id", "vocabulary_id", "spelling_kind_code", "value") VALUES ('cf12912b-2514-52fd-a61f-5b3797dbcc5a', '59d58d35-f0f2-5535-8404-8cb786e2c830', 'KANJI', '四');
INSERT INTO "vocabulary"."linkages" ("vocabulary_id", "preferred_definition_id", "preferred_spelling_id", "phonetic_spelling_id", "alt_phonetic_spelling_id", "kanji_spelling_id", "conjugation_set_id") VALUES ('59d58d35-f0f2-5535-8404-8cb786e2c830', 'a4ef25c2-43ce-56d9-a9ca-883698a474a8', 'fbcd3f08-294a-5349-a109-b85e3c0b248a', 'e76e238c-485a-519c-bfd5-b81b3c727a37', '29abe41e-f629-50e0-bf14-043ce7f02448', 'cf12912b-2514-52fd-a61f-5b3797dbcc5a', NULL);
INSERT INTO "vocabulary"."reference" ("vocabulary_id", "lesson_code") VALUES ('59d58d35-f0f2-5535-8404-8cb786e2c830', 'GENKI3_L02');
-- 五 | five --;
INSERT INTO "vocabulary"."vocabulary" ("id", "word_class_code", "conjugation_kind_code", "jlpt_level", "row_num", "tags", "date_added") VALUES ('82339058-2123-58a8-93dc-b1c0b05cdae8', 'NOUN', NULL, 5, 168, '{number}', '2022-05-30');
INSERT INTO "vocabulary"."definition" ("id", "vocabulary_id", "sort_rank", "value") VALUES ('80bc9dcc-d8de-5d58-bb15-b1315adbaede', '82339058-2123-58a8-93dc-b1c0b05cdae8', 1, 'five');
INSERT INTO "vocabulary"."spelling" ("id", "vocabulary_id", "spelling_kind_code", "value") VALUES ('847d3be8-8c86-5b15-8d3d-f67ff1565b86', '82339058-2123-58a8-93dc-b1c0b05cdae8', 'KANJI', '五');
INSERT INTO "vocabulary"."spelling" ("id", "vocabulary_id", "spelling_kind_code", "value") VALUES ('2bfc5267-f716-5b53-95bd-cff3d98e57e5', '82339058-2123-58a8-93dc-b1c0b05cdae8', 'HIRAGANA', 'ご');
INSERT INTO "vocabulary"."spelling" ("id", "vocabulary_id", "spelling_kind_code", "value") VALUES ('5baf1cdd-ebb4-5f9c-aa5a-ed024f1bcc2c', '82339058-2123-58a8-93dc-b1c0b05cdae8', 'KANJI', '五');
INSERT INTO "vocabulary"."linkages" ("vocabulary_id", "preferred_definition_id", "preferred_spelling_id", "phonetic_spelling_id", "alt_phonetic_spelling_id", "kanji_spelling_id", "conjugation_set_id") VALUES ('82339058-2123-58a8-93dc-b1c0b05cdae8', '80bc9dcc-d8de-5d58-bb15-b1315adbaede', '847d3be8-8c86-5b15-8d3d-f67ff1565b86', '2bfc5267-f716-5b53-95bd-cff3d98e57e5', NULL, '5baf1cdd-ebb4-5f9c-aa5a-ed024f1bcc2c', NULL);
INSERT INTO "vocabulary"."reference" ("vocabulary_id", "lesson_code") VALUES ('82339058-2123-58a8-93dc-b1c0b05cdae8', 'GENKI3_L02');
-- 六 | six --;
INSERT INTO "vocabulary"."vocabulary" ("id", "word_class_code", "conjugation_kind_code", "jlpt_level", "row_num", "tags", "date_added") VALUES ('e469a7d8-cfad-5a85-ba5c-cb1d0c8ca1b0', 'NOUN', NULL, 5, 169, '{number}', '2022-05-30');
INSERT INTO "vocabulary"."definition" ("id", "vocabulary_id", "sort_rank", "value") VALUES ('ac84df04-b232-5750-a91d-b260c83412bd', 'e469a7d8-cfad-5a85-ba5c-cb1d0c8ca1b0', 1, 'six');
INSERT INTO "vocabulary"."spelling" ("id", "vocabulary_id", "spelling_kind_code", "value") VALUES ('d72639c1-6283-5710-af1b-7b63d524ebff', 'e469a7d8-cfad-5a85-ba5c-cb1d0c8ca1b0', 'KANJI', '六');
INSERT INTO "vocabulary"."spelling" ("id", "vocabulary_id", "spelling_kind_code", "value") VALUES ('4edaab34-4b2c-5626-8254-a9508912882f', 'e469a7d8-cfad-5a85-ba5c-cb1d0c8ca1b0', 'KANJI', '六');
INSERT INTO "vocabulary"."spelling" ("id", "vocabulary_id", "spelling_kind_code", "value") VALUES ('eb9f7cb0-2d08-50d5-adca-1bccb4c10d9f', 'e469a7d8-cfad-5a85-ba5c-cb1d0c8ca1b0', 'KANJI', '六');
INSERT INTO "vocabulary"."linkages" ("vocabulary_id", "preferred_definition_id", "preferred_spelling_id", "phonetic_spelling_id", "alt_phonetic_spelling_id", "kanji_spelling_id", "conjugation_set_id") VALUES ('e469a7d8-cfad-5a85-ba5c-cb1d0c8ca1b0', 'ac84df04-b232-5750-a91d-b260c83412bd', 'd72639c1-6283-5710-af1b-7b63d524ebff', '4edaab34-4b2c-5626-8254-a9508912882f', NULL, 'eb9f7cb0-2d08-50d5-adca-1bccb4c10d9f', NULL);
INSERT INTO "vocabulary"."reference" ("vocabulary_id", "lesson_code") VALUES ('e469a7d8-cfad-5a85-ba5c-cb1d0c8ca1b0', 'GENKI3_L02');
-- 七 | seven --;
INSERT INTO "vocabulary"."vocabulary" ("id", "word_class_code", "conjugation_kind_code", "jlpt_level", "row_num", "tags", "date_added") VALUES ('49ab0509-4a86-552d-975b-fc49e74790d4', 'NOUN', NULL, 5, 170, '{number}', '2022-05-30');
INSERT INTO "vocabulary"."definition" ("id", "vocabulary_id", "sort_rank", "value") VALUES ('4bfcc7c1-5be2-5c0f-b46a-8aac9e903627', '49ab0509-4a86-552d-975b-fc49e74790d4', 1, 'seven');
INSERT INTO "vocabulary"."spelling" ("id", "vocabulary_id", "spelling_kind_code", "value") VALUES ('991f0fef-0b09-53c4-a665-707bd5c65d7f', '49ab0509-4a86-552d-975b-fc49e74790d4', 'KANJI', '七');
INSERT INTO "vocabulary"."spelling" ("id", "vocabulary_id", "spelling_kind_code", "value") VALUES ('92a15e3d-a66b-5200-8fe2-13f5a21cb53c', '49ab0509-4a86-552d-975b-fc49e74790d4', 'HIRAGANA', 'なな');
INSERT INTO "vocabulary"."spelling" ("id", "vocabulary_id", "spelling_kind_code", "value") VALUES ('fd253cb8-9349-556d-8d94-a87d116ec6af', '49ab0509-4a86-552d-975b-fc49e74790d4', 'HIRAGANA', 'しち');
INSERT INTO "vocabulary"."spelling" ("id", "vocabulary_id", "spelling_kind_code", "value") VALUES ('0f35d1b5-f3dc-516b-803a-9f10ca3e1b5c', '49ab0509-4a86-552d-975b-fc49e74790d4', 'KANJI', '七');
INSERT INTO "vocabulary"."linkages" ("vocabulary_id", "preferred_definition_id", "preferred_spelling_id", "phonetic_spelling_id", "alt_phonetic_spelling_id", "kanji_spelling_id", "conjugation_set_id") VALUES ('49ab0509-4a86-552d-975b-fc49e74790d4', '4bfcc7c1-5be2-5c0f-b46a-8aac9e903627', '991f0fef-0b09-53c4-a665-707bd5c65d7f', '92a15e3d-a66b-5200-8fe2-13f5a21cb53c', 'fd253cb8-9349-556d-8d94-a87d116ec6af', '0f35d1b5-f3dc-516b-803a-9f10ca3e1b5c', NULL);
INSERT INTO "vocabulary"."reference" ("vocabulary_id", "lesson_code") VALUES ('49ab0509-4a86-552d-975b-fc49e74790d4', 'GENKI3_L02');
-- 八 | eight --;
INSERT INTO "vocabulary"."vocabulary" ("id", "word_class_code", "conjugation_kind_code", "jlpt_level", "row_num", "tags", "date_added") VALUES ('6d9b3812-644e-5890-94cc-09a2fd01a30a', 'NOUN', NULL, 5, 171, '{number}', '2022-05-30');
INSERT INTO "vocabulary"."definition" ("id", "vocabulary_id", "sort_rank", "value") VALUES ('5f0568c9-7659-50e1-bcb3-a5d3f402822a', '6d9b3812-644e-5890-94cc-09a2fd01a30a', 1, 'eight');
INSERT INTO "vocabulary"."spelling" ("id", "vocabulary_id", "spelling_kind_code", "value") VALUES ('5510277f-a2fd-5a4c-969f-f4133e104ae7', '6d9b3812-644e-5890-94cc-09a2fd01a30a', 'KANJI', '八');
INSERT INTO "vocabulary"."spelling" ("id", "vocabulary_id", "spelling_kind_code", "value") VALUES ('5d46488d-38e0-5a67-a6f0-fd3a4e61164c', '6d9b3812-644e-5890-94cc-09a2fd01a30a', 'HIRAGANA', 'はち');
INSERT INTO "vocabulary"."spelling" ("id", "vocabulary_id", "spelling_kind_code", "value") VALUES ('fcd12872-c567-537b-aac5-87fca4d5f681', '6d9b3812-644e-5890-94cc-09a2fd01a30a', 'KANJI', '八');
INSERT INTO "vocabulary"."linkages" ("vocabulary_id", "preferred_definition_id", "preferred_spelling_id", "phonetic_spelling_id", "alt_phonetic_spelling_id", "kanji_spelling_id", "conjugation_set_id") VALUES ('6d9b3812-644e-5890-94cc-09a2fd01a30a', '5f0568c9-7659-50e1-bcb3-a5d3f402822a', '5510277f-a2fd-5a4c-969f-f4133e104ae7', '5d46488d-38e0-5a67-a6f0-fd3a4e61164c', NULL, 'fcd12872-c567-537b-aac5-87fca4d5f681', NULL);
INSERT INTO "vocabulary"."reference" ("vocabulary_id", "lesson_code") VALUES ('6d9b3812-644e-5890-94cc-09a2fd01a30a', 'GENKI3_L02');
-- 九 | nine --;
INSERT INTO "vocabulary"."vocabulary" ("id", "word_class_code", "conjugation_kind_code", "jlpt_level", "row_num", "tags", "date_added") VALUES ('aaf16bcd-1ecc-5f72-97a6-497825719aba', 'NOUN', NULL, 5, 172, '{number}', '2022-05-30');
INSERT INTO "vocabulary"."definition" ("id", "vocabulary_id", "sort_rank", "value") VALUES ('baf66710-9514-5fd5-85d1-a41afa8ce5e0', 'aaf16bcd-1ecc-5f72-97a6-497825719aba', 1, 'nine');
INSERT INTO "vocabulary"."spelling" ("id", "vocabulary_id", "spelling_kind_code", "value") VALUES ('56681a38-c82c-5c6a-893e-ea0fe921850b', 'aaf16bcd-1ecc-5f72-97a6-497825719aba', 'KANJI', '九');
INSERT INTO "vocabulary"."spelling" ("id", "vocabulary_id", "spelling_kind_code", "value") VALUES ('c261af9d-92bb-50bb-9f8c-1c9fb255ccd3', 'aaf16bcd-1ecc-5f72-97a6-497825719aba', 'HIRAGANA', 'きゅう');
INSERT INTO "vocabulary"."spelling" ("id", "vocabulary_id", "spelling_kind_code", "value") VALUES ('743876f9-75c5-5901-b720-ea07ce6c71fd', 'aaf16bcd-1ecc-5f72-97a6-497825719aba', 'KANJI', '九');
INSERT INTO "vocabulary"."linkages" ("vocabulary_id", "preferred_definition_id", "preferred_spelling_id", "phonetic_spelling_id", "alt_phonetic_spelling_id", "kanji_spelling_id", "conjugation_set_id") VALUES ('aaf16bcd-1ecc-5f72-97a6-497825719aba', 'baf66710-9514-5fd5-85d1-a41afa8ce5e0', '56681a38-c82c-5c6a-893e-ea0fe921850b', 'c261af9d-92bb-50bb-9f8c-1c9fb255ccd3', NULL, '743876f9-75c5-5901-b720-ea07ce6c71fd', NULL);
INSERT INTO "vocabulary"."reference" ("vocabulary_id", "lesson_code") VALUES ('aaf16bcd-1ecc-5f72-97a6-497825719aba', 'GENKI3_L02');
-- 十 | ten --;
INSERT INTO "vocabulary"."vocabulary" ("id", "word_class_code", "conjugation_kind_code", "jlpt_level", "row_num", "tags", "date_added") VALUES ('e05ed6a4-edcb-5052-9760-1e10c70c2236', 'NOUN', NULL, 5, 173, '{number}', '2022-05-30');
INSERT INTO "vocabulary"."definition" ("id", "vocabulary_id", "sort_rank", "value") VALUES ('2ce22757-7b74-51ae-ad4a-3512aaf225d7', 'e05ed6a4-edcb-5052-9760-1e10c70c2236', 1, 'ten');
INSERT INTO "vocabulary"."spelling" ("id", "vocabulary_id", "spelling_kind_code", "value") VALUES ('79fe79ba-93e0-5357-ad6d-5c777422ed49', 'e05ed6a4-edcb-5052-9760-1e10c70c2236', 'KANJI', '十');
INSERT INTO "vocabulary"."spelling" ("id", "vocabulary_id", "spelling_kind_code", "value") VALUES ('cdc894d7-630a-596a-aba5-d6327264f06e', 'e05ed6a4-edcb-5052-9760-1e10c70c2236', 'HIRAGANA', 'じゅう');
INSERT INTO "vocabulary"."spelling" ("id", "vocabulary_id", "spelling_kind_code", "value") VALUES ('57a8eeee-c853-5ee3-aed4-4f06f349e0c4', 'e05ed6a4-edcb-5052-9760-1e10c70c2236', 'KANJI', '十');
INSERT INTO "vocabulary"."linkages" ("vocabulary_id", "preferred_definition_id", "preferred_spelling_id", "phonetic_spelling_id", "alt_phonetic_spelling_id", "kanji_spelling_id", "conjugation_set_id") VALUES ('e05ed6a4-edcb-5052-9760-1e10c70c2236', '2ce22757-7b74-51ae-ad4a-3512aaf225d7', '79fe79ba-93e0-5357-ad6d-5c777422ed49', 'cdc894d7-630a-596a-aba5-d6327264f06e', NULL, '57a8eeee-c853-5ee3-aed4-4f06f349e0c4', NULL);
INSERT INTO "vocabulary"."reference" ("vocabulary_id", "lesson_code") VALUES ('e05ed6a4-edcb-5052-9760-1e10c70c2236', 'GENKI3_L02');
-- 百 | hundred --;
INSERT INTO "vocabulary"."vocabulary" ("id", "word_class_code", "conjugation_kind_code", "jlpt_level", "row_num", "tags", "date_added") VALUES ('0f06fb63-c508-57a2-8983-2cb9f5dfd2e7', 'NOUN', NULL, 5, 174, '{number}', '2022-07-24');
INSERT INTO "vocabulary"."definition" ("id", "vocabulary_id", "sort_rank", "value") VALUES ('365a3bfe-3161-57f5-a9f4-78a9170ee66d', '0f06fb63-c508-57a2-8983-2cb9f5dfd2e7', 1, 'hundred');
INSERT INTO "vocabulary"."spelling" ("id", "vocabulary_id", "spelling_kind_code", "value") VALUES ('9ded41f8-21eb-58b8-b226-75818da71a02', '0f06fb63-c508-57a2-8983-2cb9f5dfd2e7', 'KANJI', '百');
INSERT INTO "vocabulary"."spelling" ("id", "vocabulary_id", "spelling_kind_code", "value") VALUES ('ec926db4-c395-534d-a2bb-90b3dede88c3', '0f06fb63-c508-57a2-8983-2cb9f5dfd2e7', 'HIRAGANA', 'ひゃく');
INSERT INTO "vocabulary"."spelling" ("id", "vocabulary_id", "spelling_kind_code", "value") VALUES ('eb987800-1e57-570e-9678-02ea831c5eeb', '0f06fb63-c508-57a2-8983-2cb9f5dfd2e7', 'KANJI', '百');
INSERT INTO "vocabulary"."linkages" ("vocabulary_id", "preferred_definition_id", "preferred_spelling_id", "phonetic_spelling_id", "alt_phonetic_spelling_id", "kanji_spelling_id", "conjugation_set_id") VALUES ('0f06fb63-c508-57a2-8983-2cb9f5dfd2e7', '365a3bfe-3161-57f5-a9f4-78a9170ee66d', '9ded41f8-21eb-58b8-b226-75818da71a02', 'ec926db4-c395-534d-a2bb-90b3dede88c3', NULL, 'eb987800-1e57-570e-9678-02ea831c5eeb', NULL);
INSERT INTO "vocabulary"."reference" ("vocabulary_id", "lesson_code") VALUES ('0f06fb63-c508-57a2-8983-2cb9f5dfd2e7', 'GENKI3_L03');
-- 千 | thousand --;
INSERT INTO "vocabulary"."vocabulary" ("id", "word_class_code", "conjugation_kind_code", "jlpt_level", "row_num", "tags", "date_added") VALUES ('662aaf34-2fd3-5ab7-ad40-ee6e4862fc2c', 'NOUN', NULL, 5, 175, '{number}', '2022-07-24');
INSERT INTO "vocabulary"."definition" ("id", "vocabulary_id", "sort_rank", "value") VALUES ('26a62189-5b10-5199-8b2d-c11a58f10646', '662aaf34-2fd3-5ab7-ad40-ee6e4862fc2c', 1, 'thousand');
INSERT INTO "vocabulary"."spelling" ("id", "vocabulary_id", "spelling_kind_code", "value") VALUES ('8d37e879-3388-5794-a8f2-de005a64f2aa', '662aaf34-2fd3-5ab7-ad40-ee6e4862fc2c', 'KANJI', '千');
INSERT INTO "vocabulary"."spelling" ("id", "vocabulary_id", "spelling_kind_code", "value") VALUES ('1017c87c-5993-5684-aa9f-2932e79c7dd3', '662aaf34-2fd3-5ab7-ad40-ee6e4862fc2c', 'HIRAGANA', 'せん');
INSERT INTO "vocabulary"."spelling" ("id", "vocabulary_id", "spelling_kind_code", "value") VALUES ('a2919b63-7372-5247-8a2f-72135d6d93aa', '662aaf34-2fd3-5ab7-ad40-ee6e4862fc2c', 'KANJI', '千');
INSERT INTO "vocabulary"."linkages" ("vocabulary_id", "preferred_definition_id", "preferred_spelling_id", "phonetic_spelling_id", "alt_phonetic_spelling_id", "kanji_spelling_id", "conjugation_set_id") VALUES ('662aaf34-2fd3-5ab7-ad40-ee6e4862fc2c', '26a62189-5b10-5199-8b2d-c11a58f10646', '8d37e879-3388-5794-a8f2-de005a64f2aa', '1017c87c-5993-5684-aa9f-2932e79c7dd3', NULL, 'a2919b63-7372-5247-8a2f-72135d6d93aa', NULL);
INSERT INTO "vocabulary"."reference" ("vocabulary_id", "lesson_code") VALUES ('662aaf34-2fd3-5ab7-ad40-ee6e4862fc2c', 'GENKI3_L03');
-- 万 | ten-thousand --;
INSERT INTO "vocabulary"."vocabulary" ("id", "word_class_code", "conjugation_kind_code", "jlpt_level", "row_num", "tags", "date_added") VALUES ('06eedaf7-2c40-54e4-a1ea-669b265fda8d', 'NOUN', NULL, 5, 176, '{number}', '2022-07-24');
INSERT INTO "vocabulary"."definition" ("id", "vocabulary_id", "sort_rank", "value") VALUES ('aec0bc53-16b5-5694-af9f-87a36d8f0432', '06eedaf7-2c40-54e4-a1ea-669b265fda8d', 1, 'ten-thousand');
INSERT INTO "vocabulary"."spelling" ("id", "vocabulary_id", "spelling_kind_code", "value") VALUES ('2938d163-d2c6-51fb-9738-47c06d353d6a', '06eedaf7-2c40-54e4-a1ea-669b265fda8d', 'KANJI', '万');
INSERT INTO "vocabulary"."spelling" ("id", "vocabulary_id", "spelling_kind_code", "value") VALUES ('64098756-e8c8-5a23-8815-84e3a32b008d', '06eedaf7-2c40-54e4-a1ea-669b265fda8d', 'HIRAGANA', 'まん');
INSERT INTO "vocabulary"."spelling" ("id", "vocabulary_id", "spelling_kind_code", "value") VALUES ('286e6b83-90cf-5a1b-88d5-02ff01551808', '06eedaf7-2c40-54e4-a1ea-669b265fda8d', 'KANJI', '万');
INSERT INTO "vocabulary"."linkages" ("vocabulary_id", "preferred_definition_id", "preferred_spelling_id", "phonetic_spelling_id", "alt_phonetic_spelling_id", "kanji_spelling_id", "conjugation_set_id") VALUES ('06eedaf7-2c40-54e4-a1ea-669b265fda8d', 'aec0bc53-16b5-5694-af9f-87a36d8f0432', '2938d163-d2c6-51fb-9738-47c06d353d6a', '64098756-e8c8-5a23-8815-84e3a32b008d', NULL, '286e6b83-90cf-5a1b-88d5-02ff01551808', NULL);
INSERT INTO "vocabulary"."reference" ("vocabulary_id", "lesson_code") VALUES ('06eedaf7-2c40-54e4-a1ea-669b265fda8d', 'GENKI3_L03');
-- 映画 | movie --;
INSERT INTO "vocabulary"."vocabulary" ("id", "word_class_code", "conjugation_kind_code", "jlpt_level", "row_num", "tags", "date_added") VALUES ('b82fa253-fbb7-559c-b127-77d2262df800', 'NOUN', NULL, 5, 177, '{entertainment}', '2022-07-24');
INSERT INTO "vocabulary"."definition" ("id", "vocabulary_id", "sort_rank", "value") VALUES ('afb1b212-1e3b-54b0-a1a3-d73e477154b3', 'b82fa253-fbb7-559c-b127-77d2262df800', 1, 'movie');
INSERT INTO "vocabulary"."spelling" ("id", "vocabulary_id", "spelling_kind_code", "value") VALUES ('4aae969c-f682-5d56-9eb8-7fc685883434', 'b82fa253-fbb7-559c-b127-77d2262df800', 'KANJI', '映画');
INSERT INTO "vocabulary"."spelling" ("id", "vocabulary_id", "spelling_kind_code", "value") VALUES ('b1a3fd17-f559-53e9-bdbc-79db57d0bf88', 'b82fa253-fbb7-559c-b127-77d2262df800', 'HIRAGANA', 'えいが');
INSERT INTO "vocabulary"."spelling" ("id", "vocabulary_id", "spelling_kind_code", "value") VALUES ('37d49906-abcc-5075-9e52-2bc076408535', 'b82fa253-fbb7-559c-b127-77d2262df800', 'KANJI', '映画');
INSERT INTO "vocabulary"."linkages" ("vocabulary_id", "preferred_definition_id", "preferred_spelling_id", "phonetic_spelling_id", "alt_phonetic_spelling_id", "kanji_spelling_id", "conjugation_set_id") VALUES ('b82fa253-fbb7-559c-b127-77d2262df800', 'afb1b212-1e3b-54b0-a1a3-d73e477154b3', '4aae969c-f682-5d56-9eb8-7fc685883434', 'b1a3fd17-f559-53e9-bdbc-79db57d0bf88', NULL, '37d49906-abcc-5075-9e52-2bc076408535', NULL);
INSERT INTO "vocabulary"."reference" ("vocabulary_id", "lesson_code") VALUES ('b82fa253-fbb7-559c-b127-77d2262df800', 'GENKI3_L03');
-- 音楽 | music --;
INSERT INTO "vocabulary"."vocabulary" ("id", "word_class_code", "conjugation_kind_code", "jlpt_level", "row_num", "tags", "date_added") VALUES ('aa05a718-c2a5-5083-9c3d-b0e4d1bd09a8', 'NOUN', NULL, 5, 178, '{entertainment}', '2022-07-24');
INSERT INTO "vocabulary"."definition" ("id", "vocabulary_id", "sort_rank", "value") VALUES ('a1c48256-c7be-54ee-a8cf-6ec7d35208af', 'aa05a718-c2a5-5083-9c3d-b0e4d1bd09a8', 1, 'music');
INSERT INTO "vocabulary"."spelling" ("id", "vocabulary_id", "spelling_kind_code", "value") VALUES ('39b8713b-49c9-5c3b-8d68-1d5ca4f4f69a', 'aa05a718-c2a5-5083-9c3d-b0e4d1bd09a8', 'KANJI', '音楽');
INSERT INTO "vocabulary"."spelling" ("id", "vocabulary_id", "spelling_kind_code", "value") VALUES ('72d55b79-b333-50e8-aaf5-27aad5689dd2', 'aa05a718-c2a5-5083-9c3d-b0e4d1bd09a8', 'HIRAGANA', 'おんがく');
INSERT INTO "vocabulary"."spelling" ("id", "vocabulary_id", "spelling_kind_code", "value") VALUES ('e611dbc0-cb65-5379-a167-2ef46e821d9d', 'aa05a718-c2a5-5083-9c3d-b0e4d1bd09a8', 'KANJI', '音楽');
INSERT INTO "vocabulary"."linkages" ("vocabulary_id", "preferred_definition_id", "preferred_spelling_id", "phonetic_spelling_id", "alt_phonetic_spelling_id", "kanji_spelling_id", "conjugation_set_id") VALUES ('aa05a718-c2a5-5083-9c3d-b0e4d1bd09a8', 'a1c48256-c7be-54ee-a8cf-6ec7d35208af', '39b8713b-49c9-5c3b-8d68-1d5ca4f4f69a', '72d55b79-b333-50e8-aaf5-27aad5689dd2', NULL, 'e611dbc0-cb65-5379-a167-2ef46e821d9d', NULL);
INSERT INTO "vocabulary"."reference" ("vocabulary_id", "lesson_code") VALUES ('aa05a718-c2a5-5083-9c3d-b0e4d1bd09a8', 'GENKI3_L03');
-- 雑誌 | magazine --;
INSERT INTO "vocabulary"."vocabulary" ("id", "word_class_code", "conjugation_kind_code", "jlpt_level", "row_num", "tags", "date_added") VALUES ('3bef2c81-886b-5bbd-9f1b-dfc94288bea2', 'NOUN', NULL, 5, 179, '{entertainment}', '2022-07-24');
INSERT INTO "vocabulary"."definition" ("id", "vocabulary_id", "sort_rank", "value") VALUES ('62af9b7f-5ea1-5645-8169-6cc0ca2d0615', '3bef2c81-886b-5bbd-9f1b-dfc94288bea2', 1, 'magazine');
INSERT INTO "vocabulary"."spelling" ("id", "vocabulary_id", "spelling_kind_code", "value") VALUES ('56537cab-17d4-5d3f-aa85-709c6c01e873', '3bef2c81-886b-5bbd-9f1b-dfc94288bea2', 'KANJI', '雑誌');
INSERT INTO "vocabulary"."spelling" ("id", "vocabulary_id", "spelling_kind_code", "value") VALUES ('9fa01974-1b5b-5580-911a-6736e46e08d6', '3bef2c81-886b-5bbd-9f1b-dfc94288bea2', 'HIRAGANA', 'ざっし');
INSERT INTO "vocabulary"."spelling" ("id", "vocabulary_id", "spelling_kind_code", "value") VALUES ('dfaa7547-8eb8-535a-9f87-384b8e61b2a9', '3bef2c81-886b-5bbd-9f1b-dfc94288bea2', 'KANJI', '雑誌');
INSERT INTO "vocabulary"."linkages" ("vocabulary_id", "preferred_definition_id", "preferred_spelling_id", "phonetic_spelling_id", "alt_phonetic_spelling_id", "kanji_spelling_id", "conjugation_set_id") VALUES ('3bef2c81-886b-5bbd-9f1b-dfc94288bea2', '62af9b7f-5ea1-5645-8169-6cc0ca2d0615', '56537cab-17d4-5d3f-aa85-709c6c01e873', '9fa01974-1b5b-5580-911a-6736e46e08d6', NULL, 'dfaa7547-8eb8-535a-9f87-384b8e61b2a9', NULL);
INSERT INTO "vocabulary"."reference" ("vocabulary_id", "lesson_code") VALUES ('3bef2c81-886b-5bbd-9f1b-dfc94288bea2', 'GENKI3_L03');
-- スポーツ | sports --;
INSERT INTO "vocabulary"."vocabulary" ("id", "word_class_code", "conjugation_kind_code", "jlpt_level", "row_num", "tags", "date_added") VALUES ('bbf5a302-a23c-5142-b721-2aa90ff1e8dc', 'NOUN', NULL, 5, 180, '{entertainment}', '2022-07-24');
INSERT INTO "vocabulary"."definition" ("id", "vocabulary_id", "sort_rank", "value") VALUES ('77fa23ca-1494-52b3-a47c-b16dfa2f484d', 'bbf5a302-a23c-5142-b721-2aa90ff1e8dc', 1, 'sports');
INSERT INTO "vocabulary"."spelling" ("id", "vocabulary_id", "spelling_kind_code", "value") VALUES ('af7e1e1b-76e1-54c0-9087-5bc91013aedc', 'bbf5a302-a23c-5142-b721-2aa90ff1e8dc', 'KATAKANA', 'スポーツ');
INSERT INTO "vocabulary"."spelling" ("id", "vocabulary_id", "spelling_kind_code", "value") VALUES ('856543ca-d41f-594b-abc2-b552cd903a62', 'bbf5a302-a23c-5142-b721-2aa90ff1e8dc', 'HIRAGANA', 'すぽおつ');
INSERT INTO "vocabulary"."linkages" ("vocabulary_id", "preferred_definition_id", "preferred_spelling_id", "phonetic_spelling_id", "alt_phonetic_spelling_id", "kanji_spelling_id", "conjugation_set_id") VALUES ('bbf5a302-a23c-5142-b721-2aa90ff1e8dc', '77fa23ca-1494-52b3-a47c-b16dfa2f484d', 'af7e1e1b-76e1-54c0-9087-5bc91013aedc', '856543ca-d41f-594b-abc2-b552cd903a62', NULL, NULL, NULL);
INSERT INTO "vocabulary"."reference" ("vocabulary_id", "lesson_code") VALUES ('bbf5a302-a23c-5142-b721-2aa90ff1e8dc', 'GENKI3_L03');
-- デート | date (romantic) --;
INSERT INTO "vocabulary"."vocabulary" ("id", "word_class_code", "conjugation_kind_code", "jlpt_level", "row_num", "tags", "date_added") VALUES ('738002f3-36da-5668-8a8b-46415de8cd52', 'NOUN', NULL, 3, 181, '{entertainment}', '2022-07-24');
INSERT INTO "vocabulary"."definition" ("id", "vocabulary_id", "sort_rank", "value") VALUES ('98cecc42-0734-59bd-9b78-528e565ab9ec', '738002f3-36da-5668-8a8b-46415de8cd52', 1, 'date (romantic)');
INSERT INTO "vocabulary"."spelling" ("id", "vocabulary_id", "spelling_kind_code", "value") VALUES ('8d735046-6a09-55cb-8841-8a53089f3e2d', '738002f3-36da-5668-8a8b-46415de8cd52', 'KATAKANA', 'デート');
INSERT INTO "vocabulary"."spelling" ("id", "vocabulary_id", "spelling_kind_code", "value") VALUES ('3cdc0668-26f0-569c-b29a-35ad448d5aaf', '738002f3-36da-5668-8a8b-46415de8cd52', 'HIRAGANA', 'でえと');
INSERT INTO "vocabulary"."linkages" ("vocabulary_id", "preferred_definition_id", "preferred_spelling_id", "phonetic_spelling_id", "alt_phonetic_spelling_id", "kanji_spelling_id", "conjugation_set_id") VALUES ('738002f3-36da-5668-8a8b-46415de8cd52', '98cecc42-0734-59bd-9b78-528e565ab9ec', '8d735046-6a09-55cb-8841-8a53089f3e2d', '3cdc0668-26f0-569c-b29a-35ad448d5aaf', NULL, NULL, NULL);
INSERT INTO "vocabulary"."reference" ("vocabulary_id", "lesson_code") VALUES ('738002f3-36da-5668-8a8b-46415de8cd52', 'GENKI3_L03');
-- テニス | tennis --;
INSERT INTO "vocabulary"."vocabulary" ("id", "word_class_code", "conjugation_kind_code", "jlpt_level", "row_num", "tags", "date_added") VALUES ('8f790b97-9843-5efe-b338-e1c37618c616', 'NOUN', NULL, 4, 182, '{entertainment}', '2022-07-24');
INSERT INTO "vocabulary"."definition" ("id", "vocabulary_id", "sort_rank", "value") VALUES ('fa9b0206-1dd9-5355-b50f-9fe65660827a', '8f790b97-9843-5efe-b338-e1c37618c616', 1, 'tennis');
INSERT INTO "vocabulary"."spelling" ("id", "vocabulary_id", "spelling_kind_code", "value") VALUES ('f6fc5ee6-11ee-5d5b-bab4-e14a0ed8fe5c', '8f790b97-9843-5efe-b338-e1c37618c616', 'KATAKANA', 'テニス');
INSERT INTO "vocabulary"."spelling" ("id", "vocabulary_id", "spelling_kind_code", "value") VALUES ('6cc10e52-417b-50c1-87f6-7bafca574f3d', '8f790b97-9843-5efe-b338-e1c37618c616', 'HIRAGANA', 'てにす');
INSERT INTO "vocabulary"."linkages" ("vocabulary_id", "preferred_definition_id", "preferred_spelling_id", "phonetic_spelling_id", "alt_phonetic_spelling_id", "kanji_spelling_id", "conjugation_set_id") VALUES ('8f790b97-9843-5efe-b338-e1c37618c616', 'fa9b0206-1dd9-5355-b50f-9fe65660827a', 'f6fc5ee6-11ee-5d5b-bab4-e14a0ed8fe5c', '6cc10e52-417b-50c1-87f6-7bafca574f3d', NULL, NULL, NULL);
INSERT INTO "vocabulary"."reference" ("vocabulary_id", "lesson_code") VALUES ('8f790b97-9843-5efe-b338-e1c37618c616', 'GENKI3_L03');
-- テレビ | TV --;
INSERT INTO "vocabulary"."vocabulary" ("id", "word_class_code", "conjugation_kind_code", "jlpt_level", "row_num", "tags", "date_added") VALUES ('5ca8a07b-ac34-5789-ab4a-8bd29d51929c', 'NOUN', NULL, 5, 183, '{entertainment}', '2022-07-24');
INSERT INTO "vocabulary"."definition" ("id", "vocabulary_id", "sort_rank", "value") VALUES ('056509e9-06b8-5185-a3c6-2f1f7ed3fc4e', '5ca8a07b-ac34-5789-ab4a-8bd29d51929c', 1, 'TV');
INSERT INTO "vocabulary"."spelling" ("id", "vocabulary_id", "spelling_kind_code", "value") VALUES ('b9e17750-fb09-5052-8504-90550a396367', '5ca8a07b-ac34-5789-ab4a-8bd29d51929c', 'KATAKANA', 'テレビ');
INSERT INTO "vocabulary"."spelling" ("id", "vocabulary_id", "spelling_kind_code", "value") VALUES ('6cbbf73e-ffd0-5318-a009-10707ece949a', '5ca8a07b-ac34-5789-ab4a-8bd29d51929c', 'HIRAGANA', 'てれび');
INSERT INTO "vocabulary"."linkages" ("vocabulary_id", "preferred_definition_id", "preferred_spelling_id", "phonetic_spelling_id", "alt_phonetic_spelling_id", "kanji_spelling_id", "conjugation_set_id") VALUES ('5ca8a07b-ac34-5789-ab4a-8bd29d51929c', '056509e9-06b8-5185-a3c6-2f1f7ed3fc4e', 'b9e17750-fb09-5052-8504-90550a396367', '6cbbf73e-ffd0-5318-a009-10707ece949a', NULL, NULL, NULL);
INSERT INTO "vocabulary"."reference" ("vocabulary_id", "lesson_code") VALUES ('5ca8a07b-ac34-5789-ab4a-8bd29d51929c', 'GENKI3_L03');
-- アイスクリーム | ice cream --;
INSERT INTO "vocabulary"."vocabulary" ("id", "word_class_code", "conjugation_kind_code", "jlpt_level", "row_num", "tags", "date_added") VALUES ('b3e732b3-61c4-574d-8901-b1c74076b5ea', 'NOUN', NULL, 3, 184, '{food}', '2022-07-24');
INSERT INTO "vocabulary"."definition" ("id", "vocabulary_id", "sort_rank", "value") VALUES ('77ecffe9-3fc5-5665-9cea-d821358a4d3b', 'b3e732b3-61c4-574d-8901-b1c74076b5ea', 1, 'ice cream');
INSERT INTO "vocabulary"."spelling" ("id", "vocabulary_id", "spelling_kind_code", "value") VALUES ('86c71494-24d4-552a-b3c8-24381654098b', 'b3e732b3-61c4-574d-8901-b1c74076b5ea', 'KATAKANA', 'アイスクリーム');
INSERT INTO "vocabulary"."spelling" ("id", "vocabulary_id", "spelling_kind_code", "value") VALUES ('9e5894c8-46dd-5b5f-ac6f-314ab3997c9d', 'b3e732b3-61c4-574d-8901-b1c74076b5ea', 'HIRAGANA', 'あいすくりいむ');
INSERT INTO "vocabulary"."linkages" ("vocabulary_id", "preferred_definition_id", "preferred_spelling_id", "phonetic_spelling_id", "alt_phonetic_spelling_id", "kanji_spelling_id", "conjugation_set_id") VALUES ('b3e732b3-61c4-574d-8901-b1c74076b5ea', '77ecffe9-3fc5-5665-9cea-d821358a4d3b', '86c71494-24d4-552a-b3c8-24381654098b', '9e5894c8-46dd-5b5f-ac6f-314ab3997c9d', NULL, NULL, NULL);
INSERT INTO "vocabulary"."reference" ("vocabulary_id", "lesson_code") VALUES ('b3e732b3-61c4-574d-8901-b1c74076b5ea', 'GENKI3_L03');
-- ハンバーガー | hamburger --;
INSERT INTO "vocabulary"."vocabulary" ("id", "word_class_code", "conjugation_kind_code", "jlpt_level", "row_num", "tags", "date_added") VALUES ('720a22a5-3132-56e6-8380-03a20e2a4af1', 'NOUN', NULL, NULL, 185, '{food}', '2022-07-24');
INSERT INTO "vocabulary"."definition" ("id", "vocabulary_id", "sort_rank", "value") VALUES ('011399ab-93c2-5ddf-9141-fcc1375ca093', '720a22a5-3132-56e6-8380-03a20e2a4af1', 1, 'hamburger');
INSERT INTO "vocabulary"."spelling" ("id", "vocabulary_id", "spelling_kind_code", "value") VALUES ('c9c8d3d2-2f66-5b55-a2c8-bfa8d5bd46df', '720a22a5-3132-56e6-8380-03a20e2a4af1', 'KATAKANA', 'ハンバーガー');
INSERT INTO "vocabulary"."spelling" ("id", "vocabulary_id", "spelling_kind_code", "value") VALUES ('0df076bb-c35b-5aab-8c10-f230ce7c2387', '720a22a5-3132-56e6-8380-03a20e2a4af1', 'HIRAGANA', 'はんばあがあ');
INSERT INTO "vocabulary"."linkages" ("vocabulary_id", "preferred_definition_id", "preferred_spelling_id", "phonetic_spelling_id", "alt_phonetic_spelling_id", "kanji_spelling_id", "conjugation_set_id") VALUES ('720a22a5-3132-56e6-8380-03a20e2a4af1', '011399ab-93c2-5ddf-9141-fcc1375ca093', 'c9c8d3d2-2f66-5b55-a2c8-bfa8d5bd46df', '0df076bb-c35b-5aab-8c10-f230ce7c2387', NULL, NULL, NULL);
INSERT INTO "vocabulary"."reference" ("vocabulary_id", "lesson_code") VALUES ('720a22a5-3132-56e6-8380-03a20e2a4af1', 'GENKI3_L03');
-- お酒 | sake; alcohol --;
INSERT INTO "vocabulary"."vocabulary" ("id", "word_class_code", "conjugation_kind_code", "jlpt_level", "row_num", "tags", "date_added") VALUES ('dbf81e7a-c846-5129-b017-a31ad90eb752', 'NOUN', NULL, 5, 186, '{food}', '2022-07-24');
INSERT INTO "vocabulary"."definition" ("id", "vocabulary_id", "sort_rank", "value") VALUES ('213da779-7424-5804-829b-2e835e85c3df', 'dbf81e7a-c846-5129-b017-a31ad90eb752', 1, 'sake; alcohol');
INSERT INTO "vocabulary"."spelling" ("id", "vocabulary_id", "spelling_kind_code", "value") VALUES ('45624a06-035a-51e5-b9f3-28e5f26618e1', 'dbf81e7a-c846-5129-b017-a31ad90eb752', 'KANJI', 'お酒');
INSERT INTO "vocabulary"."spelling" ("id", "vocabulary_id", "spelling_kind_code", "value") VALUES ('bc0acedf-2c8f-548b-93aa-0b8cb3ccda34', 'dbf81e7a-c846-5129-b017-a31ad90eb752', 'HIRAGANA', 'おさけ');
INSERT INTO "vocabulary"."spelling" ("id", "vocabulary_id", "spelling_kind_code", "value") VALUES ('8fe9d338-8197-595e-92f4-b67fa0e8b231', 'dbf81e7a-c846-5129-b017-a31ad90eb752', 'KANJI', 'お酒');
INSERT INTO "vocabulary"."linkages" ("vocabulary_id", "preferred_definition_id", "preferred_spelling_id", "phonetic_spelling_id", "alt_phonetic_spelling_id", "kanji_spelling_id", "conjugation_set_id") VALUES ('dbf81e7a-c846-5129-b017-a31ad90eb752', '213da779-7424-5804-829b-2e835e85c3df', '45624a06-035a-51e5-b9f3-28e5f26618e1', 'bc0acedf-2c8f-548b-93aa-0b8cb3ccda34', NULL, '8fe9d338-8197-595e-92f4-b67fa0e8b231', NULL);
INSERT INTO "vocabulary"."reference" ("vocabulary_id", "lesson_code") VALUES ('dbf81e7a-c846-5129-b017-a31ad90eb752', 'DUO_01_02');
INSERT INTO "vocabulary"."reference" ("vocabulary_id", "lesson_code") VALUES ('dbf81e7a-c846-5129-b017-a31ad90eb752', 'DUO_U01');
INSERT INTO "vocabulary"."reference" ("vocabulary_id", "lesson_code") VALUES ('dbf81e7a-c846-5129-b017-a31ad90eb752', 'GENKI3_L03');
-- お茶 | green tea --;
INSERT INTO "vocabulary"."vocabulary" ("id", "word_class_code", "conjugation_kind_code", "jlpt_level", "row_num", "tags", "date_added") VALUES ('4b6153f0-1c2e-5330-94dc-e71afa17d386', 'NOUN', NULL, 5, 187, '{food}', '2022-07-24');
INSERT INTO "vocabulary"."definition" ("id", "vocabulary_id", "sort_rank", "value") VALUES ('056c6a79-6f65-57a5-8481-694d4cd88f1b', '4b6153f0-1c2e-5330-94dc-e71afa17d386', 1, 'green tea');
INSERT INTO "vocabulary"."spelling" ("id", "vocabulary_id", "spelling_kind_code", "value") VALUES ('46844d8e-e657-5663-8e28-9b048a3d8d8e', '4b6153f0-1c2e-5330-94dc-e71afa17d386', 'KANJI', 'お茶');
INSERT INTO "vocabulary"."spelling" ("id", "vocabulary_id", "spelling_kind_code", "value") VALUES ('6e95db7c-175e-5a7f-bac9-b2fc24025c15', '4b6153f0-1c2e-5330-94dc-e71afa17d386', 'HIRAGANA', 'おちゃ');
INSERT INTO "vocabulary"."spelling" ("id", "vocabulary_id", "spelling_kind_code", "value") VALUES ('f5bd1c7c-149e-526f-8316-1e4243d1566f', '4b6153f0-1c2e-5330-94dc-e71afa17d386', 'KANJI', 'お茶');
INSERT INTO "vocabulary"."linkages" ("vocabulary_id", "preferred_definition_id", "preferred_spelling_id", "phonetic_spelling_id", "alt_phonetic_spelling_id", "kanji_spelling_id", "conjugation_set_id") VALUES ('4b6153f0-1c2e-5330-94dc-e71afa17d386', '056c6a79-6f65-57a5-8481-694d4cd88f1b', '46844d8e-e657-5663-8e28-9b048a3d8d8e', '6e95db7c-175e-5a7f-bac9-b2fc24025c15', NULL, 'f5bd1c7c-149e-526f-8316-1e4243d1566f', NULL);
INSERT INTO "vocabulary"."reference" ("vocabulary_id", "lesson_code") VALUES ('4b6153f0-1c2e-5330-94dc-e71afa17d386', 'DUO_01_04');
INSERT INTO "vocabulary"."reference" ("vocabulary_id", "lesson_code") VALUES ('4b6153f0-1c2e-5330-94dc-e71afa17d386', 'DUO_U02');
INSERT INTO "vocabulary"."reference" ("vocabulary_id", "lesson_code") VALUES ('4b6153f0-1c2e-5330-94dc-e71afa17d386', 'GENKI3_L03');
-- コーヒー | coffee --;
INSERT INTO "vocabulary"."vocabulary" ("id", "word_class_code", "conjugation_kind_code", "jlpt_level", "row_num", "tags", "date_added") VALUES ('c675acf7-4ab1-5a0a-beb3-e65aff83932a', 'NOUN', NULL, 5, 188, '{food}', '2022-07-24');
INSERT INTO "vocabulary"."definition" ("id", "vocabulary_id", "sort_rank", "value") VALUES ('6ec319f3-a284-588f-8f74-f23212f113f4', 'c675acf7-4ab1-5a0a-beb3-e65aff83932a', 1, 'coffee');
INSERT INTO "vocabulary"."spelling" ("id", "vocabulary_id", "spelling_kind_code", "value") VALUES ('42dc81c2-5757-5600-8db5-fb65df0cbfb7', 'c675acf7-4ab1-5a0a-beb3-e65aff83932a', 'KATAKANA', 'コーヒー');
INSERT INTO "vocabulary"."spelling" ("id", "vocabulary_id", "spelling_kind_code", "value") VALUES ('98788bea-a32a-503d-9ec3-0f0871fc66c4', 'c675acf7-4ab1-5a0a-beb3-e65aff83932a', 'HIRAGANA', 'こおひい');
INSERT INTO "vocabulary"."linkages" ("vocabulary_id", "preferred_definition_id", "preferred_spelling_id", "phonetic_spelling_id", "alt_phonetic_spelling_id", "kanji_spelling_id", "conjugation_set_id") VALUES ('c675acf7-4ab1-5a0a-beb3-e65aff83932a', '6ec319f3-a284-588f-8f74-f23212f113f4', '42dc81c2-5757-5600-8db5-fb65df0cbfb7', '98788bea-a32a-503d-9ec3-0f0871fc66c4', NULL, NULL, NULL);
INSERT INTO "vocabulary"."reference" ("vocabulary_id", "lesson_code") VALUES ('c675acf7-4ab1-5a0a-beb3-e65aff83932a', 'GENKI3_L03');
-- 水 | water --;
INSERT INTO "vocabulary"."vocabulary" ("id", "word_class_code", "conjugation_kind_code", "jlpt_level", "row_num", "tags", "date_added") VALUES ('ff69f94e-49fa-5015-a8e8-6bdab429f087', 'NOUN', NULL, 5, 189, '{food}', '2022-07-24');
INSERT INTO "vocabulary"."definition" ("id", "vocabulary_id", "sort_rank", "value") VALUES ('c1725f64-5e0a-56b2-8961-2433e969a4af', 'ff69f94e-49fa-5015-a8e8-6bdab429f087', 1, 'water');
INSERT INTO "vocabulary"."spelling" ("id", "vocabulary_id", "spelling_kind_code", "value") VALUES ('aa8b89bf-74ad-5990-9f92-825ea9d60f1c', 'ff69f94e-49fa-5015-a8e8-6bdab429f087', 'KANJI', '水');
INSERT INTO "vocabulary"."spelling" ("id", "vocabulary_id", "spelling_kind_code", "value") VALUES ('3cac88a1-b430-5475-8af9-f782af60ec3e', 'ff69f94e-49fa-5015-a8e8-6bdab429f087', 'HIRAGANA', 'みず');
INSERT INTO "vocabulary"."spelling" ("id", "vocabulary_id", "spelling_kind_code", "value") VALUES ('457d6c5b-f2e2-53ce-ac4e-2aa277fcb9f5', 'ff69f94e-49fa-5015-a8e8-6bdab429f087', 'KANJI', '水');
INSERT INTO "vocabulary"."linkages" ("vocabulary_id", "preferred_definition_id", "preferred_spelling_id", "phonetic_spelling_id", "alt_phonetic_spelling_id", "kanji_spelling_id", "conjugation_set_id") VALUES ('ff69f94e-49fa-5015-a8e8-6bdab429f087', 'c1725f64-5e0a-56b2-8961-2433e969a4af', 'aa8b89bf-74ad-5990-9f92-825ea9d60f1c', '3cac88a1-b430-5475-8af9-f782af60ec3e', NULL, '457d6c5b-f2e2-53ce-ac4e-2aa277fcb9f5', NULL);
INSERT INTO "vocabulary"."reference" ("vocabulary_id", "lesson_code") VALUES ('ff69f94e-49fa-5015-a8e8-6bdab429f087', 'GENKI3_L03');
-- 朝ご飯 | breakfast --;
INSERT INTO "vocabulary"."vocabulary" ("id", "word_class_code", "conjugation_kind_code", "jlpt_level", "row_num", "tags", "date_added") VALUES ('455c3d21-e4c5-5cae-a4b1-2f4a0b988e50', 'NOUN', NULL, 5, 190, '{food}', '2022-07-24');
INSERT INTO "vocabulary"."definition" ("id", "vocabulary_id", "sort_rank", "value") VALUES ('581e3e7a-72de-507c-b810-6174adb3f7f4', '455c3d21-e4c5-5cae-a4b1-2f4a0b988e50', 1, 'breakfast');
INSERT INTO "vocabulary"."spelling" ("id", "vocabulary_id", "spelling_kind_code", "value") VALUES ('7c3e5265-4e28-58ec-9fd6-d3b32889d7a4', '455c3d21-e4c5-5cae-a4b1-2f4a0b988e50', 'KANJI', '朝ご飯');
INSERT INTO "vocabulary"."spelling" ("id", "vocabulary_id", "spelling_kind_code", "value") VALUES ('c7e8c941-632a-5882-93ed-4f3de57fb319', '455c3d21-e4c5-5cae-a4b1-2f4a0b988e50', 'HIRAGANA', 'あさごはん');
INSERT INTO "vocabulary"."spelling" ("id", "vocabulary_id", "spelling_kind_code", "value") VALUES ('a834dd0e-ae8b-5531-ae8d-e0fc7ee7add2', '455c3d21-e4c5-5cae-a4b1-2f4a0b988e50', 'KANJI', '朝ご飯');
INSERT INTO "vocabulary"."linkages" ("vocabulary_id", "preferred_definition_id", "preferred_spelling_id", "phonetic_spelling_id", "alt_phonetic_spelling_id", "kanji_spelling_id", "conjugation_set_id") VALUES ('455c3d21-e4c5-5cae-a4b1-2f4a0b988e50', '581e3e7a-72de-507c-b810-6174adb3f7f4', '7c3e5265-4e28-58ec-9fd6-d3b32889d7a4', 'c7e8c941-632a-5882-93ed-4f3de57fb319', NULL, 'a834dd0e-ae8b-5531-ae8d-e0fc7ee7add2', NULL);
INSERT INTO "vocabulary"."reference" ("vocabulary_id", "lesson_code") VALUES ('455c3d21-e4c5-5cae-a4b1-2f4a0b988e50', 'GENKI3_L03');
-- 昼ご飯 | lunch --;
INSERT INTO "vocabulary"."vocabulary" ("id", "word_class_code", "conjugation_kind_code", "jlpt_level", "row_num", "tags", "date_added") VALUES ('43903683-a322-530c-88e1-a1c406296be6', 'NOUN', NULL, 5, 191, '{food}', '2022-07-24');
INSERT INTO "vocabulary"."definition" ("id", "vocabulary_id", "sort_rank", "value") VALUES ('c3b94bed-62b7-5a5e-aa43-cf34cd39c5d3', '43903683-a322-530c-88e1-a1c406296be6', 1, 'lunch');
INSERT INTO "vocabulary"."spelling" ("id", "vocabulary_id", "spelling_kind_code", "value") VALUES ('7fa0f793-b187-5b8c-b6d5-1695e03a8e38', '43903683-a322-530c-88e1-a1c406296be6', 'KANJI', '昼ご飯');
INSERT INTO "vocabulary"."spelling" ("id", "vocabulary_id", "spelling_kind_code", "value") VALUES ('8fec06ef-b002-523b-93fb-71f4299bd31e', '43903683-a322-530c-88e1-a1c406296be6', 'HIRAGANA', 'ひるごはん');
INSERT INTO "vocabulary"."spelling" ("id", "vocabulary_id", "spelling_kind_code", "value") VALUES ('e7a6e3f0-ddef-507f-b307-1897345fcc83', '43903683-a322-530c-88e1-a1c406296be6', 'KANJI', '昼ご飯');
INSERT INTO "vocabulary"."linkages" ("vocabulary_id", "preferred_definition_id", "preferred_spelling_id", "phonetic_spelling_id", "alt_phonetic_spelling_id", "kanji_spelling_id", "conjugation_set_id") VALUES ('43903683-a322-530c-88e1-a1c406296be6', 'c3b94bed-62b7-5a5e-aa43-cf34cd39c5d3', '7fa0f793-b187-5b8c-b6d5-1695e03a8e38', '8fec06ef-b002-523b-93fb-71f4299bd31e', NULL, 'e7a6e3f0-ddef-507f-b307-1897345fcc83', NULL);
INSERT INTO "vocabulary"."reference" ("vocabulary_id", "lesson_code") VALUES ('43903683-a322-530c-88e1-a1c406296be6', 'GENKI3_L03');
-- 晩御飯 | dinner --;
INSERT INTO "vocabulary"."vocabulary" ("id", "word_class_code", "conjugation_kind_code", "jlpt_level", "row_num", "tags", "date_added") VALUES ('4e1fc6f4-772d-5a1f-8391-5453bcbf4817', 'NOUN', NULL, 5, 192, '{food}', '2022-07-24');
INSERT INTO "vocabulary"."definition" ("id", "vocabulary_id", "sort_rank", "value") VALUES ('b68cdf5e-bc9c-549d-8b3a-3ec42f622692', '4e1fc6f4-772d-5a1f-8391-5453bcbf4817', 1, 'dinner');
INSERT INTO "vocabulary"."spelling" ("id", "vocabulary_id", "spelling_kind_code", "value") VALUES ('dfc887d1-c851-586f-9b75-bc832a01f1ce', '4e1fc6f4-772d-5a1f-8391-5453bcbf4817', 'KANJI', '晩御飯');
INSERT INTO "vocabulary"."spelling" ("id", "vocabulary_id", "spelling_kind_code", "value") VALUES ('c1e71edc-4aff-5e4d-bf94-559bfae34f0a', '4e1fc6f4-772d-5a1f-8391-5453bcbf4817', 'HIRAGANA', 'ばんごはん');
INSERT INTO "vocabulary"."spelling" ("id", "vocabulary_id", "spelling_kind_code", "value") VALUES ('1b5bc0e6-aae6-5996-95c6-8a9a46e32090', '4e1fc6f4-772d-5a1f-8391-5453bcbf4817', 'KANJI', '晩御飯');
INSERT INTO "vocabulary"."linkages" ("vocabulary_id", "preferred_definition_id", "preferred_spelling_id", "phonetic_spelling_id", "alt_phonetic_spelling_id", "kanji_spelling_id", "conjugation_set_id") VALUES ('4e1fc6f4-772d-5a1f-8391-5453bcbf4817', 'b68cdf5e-bc9c-549d-8b3a-3ec42f622692', 'dfc887d1-c851-586f-9b75-bc832a01f1ce', 'c1e71edc-4aff-5e4d-bf94-559bfae34f0a', NULL, '1b5bc0e6-aae6-5996-95c6-8a9a46e32090', NULL);
INSERT INTO "vocabulary"."reference" ("vocabulary_id", "lesson_code") VALUES ('4e1fc6f4-772d-5a1f-8391-5453bcbf4817', 'GENKI3_L03');
-- 家 | home; house --;
INSERT INTO "vocabulary"."vocabulary" ("id", "word_class_code", "conjugation_kind_code", "jlpt_level", "row_num", "tags", "date_added") VALUES ('e6aa13b6-6f6a-57db-8433-701ba55fa918', 'NOUN', NULL, 5, 193, '{place}', '2022-07-24');
INSERT INTO "vocabulary"."definition" ("id", "vocabulary_id", "sort_rank", "value") VALUES ('8fb320c1-499d-5e35-a637-cfca897c648c', 'e6aa13b6-6f6a-57db-8433-701ba55fa918', 1, 'home; house');
INSERT INTO "vocabulary"."spelling" ("id", "vocabulary_id", "spelling_kind_code", "value") VALUES ('ec6813d2-a7d2-5c3c-8180-f9c4491b3168', 'e6aa13b6-6f6a-57db-8433-701ba55fa918', 'KANJI', '家');
INSERT INTO "vocabulary"."spelling" ("id", "vocabulary_id", "spelling_kind_code", "value") VALUES ('af93520a-a3ee-5652-9998-7db2633da2c7', 'e6aa13b6-6f6a-57db-8433-701ba55fa918', 'HIRAGANA', 'いえ');
INSERT INTO "vocabulary"."spelling" ("id", "vocabulary_id", "spelling_kind_code", "value") VALUES ('3f6b6010-e217-5fbb-92fd-c7f4fed4c848', 'e6aa13b6-6f6a-57db-8433-701ba55fa918', 'KANJI', '家');
INSERT INTO "vocabulary"."linkages" ("vocabulary_id", "preferred_definition_id", "preferred_spelling_id", "phonetic_spelling_id", "alt_phonetic_spelling_id", "kanji_spelling_id", "conjugation_set_id") VALUES ('e6aa13b6-6f6a-57db-8433-701ba55fa918', '8fb320c1-499d-5e35-a637-cfca897c648c', 'ec6813d2-a7d2-5c3c-8180-f9c4491b3168', 'af93520a-a3ee-5652-9998-7db2633da2c7', NULL, '3f6b6010-e217-5fbb-92fd-c7f4fed4c848', NULL);
INSERT INTO "vocabulary"."reference" ("vocabulary_id", "lesson_code") VALUES ('e6aa13b6-6f6a-57db-8433-701ba55fa918', 'DUO_02_04');
INSERT INTO "vocabulary"."reference" ("vocabulary_id", "lesson_code") VALUES ('e6aa13b6-6f6a-57db-8433-701ba55fa918', 'DUO_U07');
INSERT INTO "vocabulary"."reference" ("vocabulary_id", "lesson_code") VALUES ('e6aa13b6-6f6a-57db-8433-701ba55fa918', 'GENKI3_L03');
-- うち | my place --;
INSERT INTO "vocabulary"."vocabulary" ("id", "word_class_code", "conjugation_kind_code", "jlpt_level", "row_num", "tags", "date_added") VALUES ('522046f3-2cfa-565e-a8d5-15f048b49776', 'NOUN', NULL, NULL, 194, '{place}', '2022-07-24');
INSERT INTO "vocabulary"."definition" ("id", "vocabulary_id", "sort_rank", "value") VALUES ('f6bcb167-86e0-5985-aeec-8f9db8e91087', '522046f3-2cfa-565e-a8d5-15f048b49776', 1, 'my place');
INSERT INTO "vocabulary"."spelling" ("id", "vocabulary_id", "spelling_kind_code", "value") VALUES ('e4228c33-04d8-5187-8697-77df874c9557', '522046f3-2cfa-565e-a8d5-15f048b49776', 'HIRAGANA', 'うち');
INSERT INTO "vocabulary"."spelling" ("id", "vocabulary_id", "spelling_kind_code", "value") VALUES ('91caa7de-49ca-55cb-83ec-320cc657cd44', '522046f3-2cfa-565e-a8d5-15f048b49776', 'HIRAGANA', 'うち');
INSERT INTO "vocabulary"."linkages" ("vocabulary_id", "preferred_definition_id", "preferred_spelling_id", "phonetic_spelling_id", "alt_phonetic_spelling_id", "kanji_spelling_id", "conjugation_set_id") VALUES ('522046f3-2cfa-565e-a8d5-15f048b49776', 'f6bcb167-86e0-5985-aeec-8f9db8e91087', 'e4228c33-04d8-5187-8697-77df874c9557', '91caa7de-49ca-55cb-83ec-320cc657cd44', NULL, NULL, NULL);
INSERT INTO "vocabulary"."reference" ("vocabulary_id", "lesson_code") VALUES ('522046f3-2cfa-565e-a8d5-15f048b49776', 'GENKI3_L03');
-- カフェ | cafe --;
INSERT INTO "vocabulary"."vocabulary" ("id", "word_class_code", "conjugation_kind_code", "jlpt_level", "row_num", "tags", "date_added") VALUES ('c5ebd7d9-06b2-596e-96f5-7366810ea78c', 'NOUN', NULL, NULL, 195, '{place}', '2022-07-24');
INSERT INTO "vocabulary"."definition" ("id", "vocabulary_id", "sort_rank", "value") VALUES ('b3fe18f2-6831-5a02-baeb-4d1dc5867944', 'c5ebd7d9-06b2-596e-96f5-7366810ea78c', 1, 'cafe');
INSERT INTO "vocabulary"."spelling" ("id", "vocabulary_id", "spelling_kind_code", "value") VALUES ('42b8ec37-7576-5d36-8309-3fa640046f14', 'c5ebd7d9-06b2-596e-96f5-7366810ea78c', 'KATAKANA', 'カフェ');
INSERT INTO "vocabulary"."spelling" ("id", "vocabulary_id", "spelling_kind_code", "value") VALUES ('9700b6d9-aa0a-5e15-851e-1319e473a746', 'c5ebd7d9-06b2-596e-96f5-7366810ea78c', 'HIRAGANA', 'かふぇ');
INSERT INTO "vocabulary"."linkages" ("vocabulary_id", "preferred_definition_id", "preferred_spelling_id", "phonetic_spelling_id", "alt_phonetic_spelling_id", "kanji_spelling_id", "conjugation_set_id") VALUES ('c5ebd7d9-06b2-596e-96f5-7366810ea78c', 'b3fe18f2-6831-5a02-baeb-4d1dc5867944', '42b8ec37-7576-5d36-8309-3fa640046f14', '9700b6d9-aa0a-5e15-851e-1319e473a746', NULL, NULL, NULL);
INSERT INTO "vocabulary"."reference" ("vocabulary_id", "lesson_code") VALUES ('c5ebd7d9-06b2-596e-96f5-7366810ea78c', 'GENKI3_L03');
-- 昼 | datyime; noon, middday --;
INSERT INTO "vocabulary"."vocabulary" ("id", "word_class_code", "conjugation_kind_code", "jlpt_level", "row_num", "tags", "date_added") VALUES ('31496757-bfb5-571a-af27-27f055912c92', 'NOUN', NULL, 5, 196, '{time}', '2022-08-12');
INSERT INTO "vocabulary"."definition" ("id", "vocabulary_id", "sort_rank", "value") VALUES ('e7e8559c-999f-504e-afb5-84c134ff3127', '31496757-bfb5-571a-af27-27f055912c92', 1, 'datyime; noon, middday');
INSERT INTO "vocabulary"."spelling" ("id", "vocabulary_id", "spelling_kind_code", "value") VALUES ('86fa0cd9-795d-5ea5-bfdd-21854a064b4f', '31496757-bfb5-571a-af27-27f055912c92', 'KANJI', '昼');
INSERT INTO "vocabulary"."spelling" ("id", "vocabulary_id", "spelling_kind_code", "value") VALUES ('95c10024-3244-5177-87df-861b682642b4', '31496757-bfb5-571a-af27-27f055912c92', 'HIRAGANA', 'ひる');
INSERT INTO "vocabulary"."spelling" ("id", "vocabulary_id", "spelling_kind_code", "value") VALUES ('437835c4-2c7c-5bde-bfde-7895d133c69b', '31496757-bfb5-571a-af27-27f055912c92', 'KANJI', '昼');
INSERT INTO "vocabulary"."linkages" ("vocabulary_id", "preferred_definition_id", "preferred_spelling_id", "phonetic_spelling_id", "alt_phonetic_spelling_id", "kanji_spelling_id", "conjugation_set_id") VALUES ('31496757-bfb5-571a-af27-27f055912c92', 'e7e8559c-999f-504e-afb5-84c134ff3127', '86fa0cd9-795d-5ea5-bfdd-21854a064b4f', '95c10024-3244-5177-87df-861b682642b4', NULL, '437835c4-2c7c-5bde-bfde-7895d133c69b', NULL);
INSERT INTO "vocabulary"."reference" ("vocabulary_id", "lesson_code") VALUES ('31496757-bfb5-571a-af27-27f055912c92', 'DUO_01_03');
INSERT INTO "vocabulary"."reference" ("vocabulary_id", "lesson_code") VALUES ('31496757-bfb5-571a-af27-27f055912c92', 'DUO_U02');
-- 晩 | evening --;
INSERT INTO "vocabulary"."vocabulary" ("id", "word_class_code", "conjugation_kind_code", "jlpt_level", "row_num", "tags", "date_added") VALUES ('fa96658e-3cc1-5c40-8c89-f68088f73e5d', 'NOUN', NULL, 5, 197, '{time}', '2022-08-28');
INSERT INTO "vocabulary"."definition" ("id", "vocabulary_id", "sort_rank", "value") VALUES ('39a536c2-25a1-5f26-975e-3fdf34d67838', 'fa96658e-3cc1-5c40-8c89-f68088f73e5d', 1, 'evening');
INSERT INTO "vocabulary"."spelling" ("id", "vocabulary_id", "spelling_kind_code", "value") VALUES ('88ed1402-8515-510f-9bc8-e08df1c8d3bb', 'fa96658e-3cc1-5c40-8c89-f68088f73e5d', 'KANJI', '晩');
INSERT INTO "vocabulary"."spelling" ("id", "vocabulary_id", "spelling_kind_code", "value") VALUES ('9e09d764-65f2-55e9-9094-bc9f42e5d1d6', 'fa96658e-3cc1-5c40-8c89-f68088f73e5d', 'HIRAGANA', 'ばん');
INSERT INTO "vocabulary"."spelling" ("id", "vocabulary_id", "spelling_kind_code", "value") VALUES ('6faaffc9-0001-5a54-9740-574e66b48d15', 'fa96658e-3cc1-5c40-8c89-f68088f73e5d', 'KANJI', '晩');
INSERT INTO "vocabulary"."linkages" ("vocabulary_id", "preferred_definition_id", "preferred_spelling_id", "phonetic_spelling_id", "alt_phonetic_spelling_id", "kanji_spelling_id", "conjugation_set_id") VALUES ('fa96658e-3cc1-5c40-8c89-f68088f73e5d', '39a536c2-25a1-5f26-975e-3fdf34d67838', '88ed1402-8515-510f-9bc8-e08df1c8d3bb', '9e09d764-65f2-55e9-9094-bc9f42e5d1d6', NULL, '6faaffc9-0001-5a54-9740-574e66b48d15', NULL);
-- 夜 | night --;
INSERT INTO "vocabulary"."vocabulary" ("id", "word_class_code", "conjugation_kind_code", "jlpt_level", "row_num", "tags", "date_added") VALUES ('c0e2e0ee-6d57-53c2-a654-7d23db9d1709', 'NOUN', NULL, 5, 198, '{time}', '2022-08-12');
INSERT INTO "vocabulary"."definition" ("id", "vocabulary_id", "sort_rank", "value") VALUES ('c89af05c-7cbc-5a88-a4c8-9ccb54a97b30', 'c0e2e0ee-6d57-53c2-a654-7d23db9d1709', 1, 'night');
INSERT INTO "vocabulary"."spelling" ("id", "vocabulary_id", "spelling_kind_code", "value") VALUES ('4197c31f-ee8a-57c9-a17a-a497b40f0862', 'c0e2e0ee-6d57-53c2-a654-7d23db9d1709', 'KANJI', '夜');
INSERT INTO "vocabulary"."spelling" ("id", "vocabulary_id", "spelling_kind_code", "value") VALUES ('8e1150e6-05e9-5d35-9922-3938757eb80f', 'c0e2e0ee-6d57-53c2-a654-7d23db9d1709', 'HIRAGANA', 'よる');
INSERT INTO "vocabulary"."spelling" ("id", "vocabulary_id", "spelling_kind_code", "value") VALUES ('30af6538-623a-5ab8-b020-5cabe4d12d07', 'c0e2e0ee-6d57-53c2-a654-7d23db9d1709', 'KANJI', '夜');
INSERT INTO "vocabulary"."linkages" ("vocabulary_id", "preferred_definition_id", "preferred_spelling_id", "phonetic_spelling_id", "alt_phonetic_spelling_id", "kanji_spelling_id", "conjugation_set_id") VALUES ('c0e2e0ee-6d57-53c2-a654-7d23db9d1709', 'c89af05c-7cbc-5a88-a4c8-9ccb54a97b30', '4197c31f-ee8a-57c9-a17a-a497b40f0862', '8e1150e6-05e9-5d35-9922-3938757eb80f', NULL, '30af6538-623a-5ab8-b020-5cabe4d12d07', NULL);
INSERT INTO "vocabulary"."reference" ("vocabulary_id", "lesson_code") VALUES ('c0e2e0ee-6d57-53c2-a654-7d23db9d1709', 'DUO_01_02');
INSERT INTO "vocabulary"."reference" ("vocabulary_id", "lesson_code") VALUES ('c0e2e0ee-6d57-53c2-a654-7d23db9d1709', 'DUO_U01');
-- 明日 | tomorrow --;
INSERT INTO "vocabulary"."vocabulary" ("id", "word_class_code", "conjugation_kind_code", "jlpt_level", "row_num", "tags", "date_added") VALUES ('3972d239-6e9a-5163-bf43-c4a2b81783db', 'NOUN', NULL, 5, 199, '{time}', '2022-07-24');
INSERT INTO "vocabulary"."definition" ("id", "vocabulary_id", "sort_rank", "value") VALUES ('4186453a-c983-5c81-8826-27634ff91069', '3972d239-6e9a-5163-bf43-c4a2b81783db', 1, 'tomorrow');
INSERT INTO "vocabulary"."spelling" ("id", "vocabulary_id", "spelling_kind_code", "value") VALUES ('814b705f-25ff-546b-bce9-f0875ee4b1f2', '3972d239-6e9a-5163-bf43-c4a2b81783db', 'KANJI', '明日');
INSERT INTO "vocabulary"."spelling" ("id", "vocabulary_id", "spelling_kind_code", "value") VALUES ('b7e7b41d-f01b-54d2-807c-cd0aabe7a3ce', '3972d239-6e9a-5163-bf43-c4a2b81783db', 'HIRAGANA', 'あした');
INSERT INTO "vocabulary"."spelling" ("id", "vocabulary_id", "spelling_kind_code", "value") VALUES ('9ac91714-b3ae-5e0d-9dde-18d4d1d61577', '3972d239-6e9a-5163-bf43-c4a2b81783db', 'KANJI', '明日');
INSERT INTO "vocabulary"."linkages" ("vocabulary_id", "preferred_definition_id", "preferred_spelling_id", "phonetic_spelling_id", "alt_phonetic_spelling_id", "kanji_spelling_id", "conjugation_set_id") VALUES ('3972d239-6e9a-5163-bf43-c4a2b81783db', '4186453a-c983-5c81-8826-27634ff91069', '814b705f-25ff-546b-bce9-f0875ee4b1f2', 'b7e7b41d-f01b-54d2-807c-cd0aabe7a3ce', NULL, '9ac91714-b3ae-5e0d-9dde-18d4d1d61577', NULL);
INSERT INTO "vocabulary"."reference" ("vocabulary_id", "lesson_code") VALUES ('3972d239-6e9a-5163-bf43-c4a2b81783db', 'GENKI3_L03');
-- 今日 | today --;
INSERT INTO "vocabulary"."vocabulary" ("id", "word_class_code", "conjugation_kind_code", "jlpt_level", "row_num", "tags", "date_added") VALUES ('a4dbf3ac-a372-58a7-b9ac-a7f018ba587c', 'NOUN', NULL, 5, 200, '{time}', '2022-07-24');
INSERT INTO "vocabulary"."definition" ("id", "vocabulary_id", "sort_rank", "value") VALUES ('08e0fd99-c81a-5e37-819f-e50bf7dae2bd', 'a4dbf3ac-a372-58a7-b9ac-a7f018ba587c', 1, 'today');
INSERT INTO "vocabulary"."spelling" ("id", "vocabulary_id", "spelling_kind_code", "value") VALUES ('72c6cb54-46bd-5604-a15f-8d8f452ec20d', 'a4dbf3ac-a372-58a7-b9ac-a7f018ba587c', 'KANJI', '今日');
INSERT INTO "vocabulary"."spelling" ("id", "vocabulary_id", "spelling_kind_code", "value") VALUES ('4f416a90-70fb-5f42-94b1-bdc258c34ed9', 'a4dbf3ac-a372-58a7-b9ac-a7f018ba587c', 'HIRAGANA', 'きょう');
INSERT INTO "vocabulary"."spelling" ("id", "vocabulary_id", "spelling_kind_code", "value") VALUES ('29b25ac8-521f-5134-90b2-2ea09ed45384', 'a4dbf3ac-a372-58a7-b9ac-a7f018ba587c', 'KANJI', '今日');
INSERT INTO "vocabulary"."linkages" ("vocabulary_id", "preferred_definition_id", "preferred_spelling_id", "phonetic_spelling_id", "alt_phonetic_spelling_id", "kanji_spelling_id", "conjugation_set_id") VALUES ('a4dbf3ac-a372-58a7-b9ac-a7f018ba587c', '08e0fd99-c81a-5e37-819f-e50bf7dae2bd', '72c6cb54-46bd-5604-a15f-8d8f452ec20d', '4f416a90-70fb-5f42-94b1-bdc258c34ed9', NULL, '29b25ac8-521f-5134-90b2-2ea09ed45384', NULL);
INSERT INTO "vocabulary"."reference" ("vocabulary_id", "lesson_code") VALUES ('a4dbf3ac-a372-58a7-b9ac-a7f018ba587c', 'GENKI3_L03');
-- 朝 | morning --;
INSERT INTO "vocabulary"."vocabulary" ("id", "word_class_code", "conjugation_kind_code", "jlpt_level", "row_num", "tags", "date_added") VALUES ('b415c8ff-d8fb-5e40-9a89-ed5fa1997831', 'NOUN', NULL, 5, 201, '{time}', '2022-07-24');
INSERT INTO "vocabulary"."definition" ("id", "vocabulary_id", "sort_rank", "value") VALUES ('bd361bd9-7fd4-5462-8d75-9f9c43e8fbcf', 'b415c8ff-d8fb-5e40-9a89-ed5fa1997831', 1, 'morning');
INSERT INTO "vocabulary"."spelling" ("id", "vocabulary_id", "spelling_kind_code", "value") VALUES ('5a11d427-28c3-517c-b635-d74f7e8865b2', 'b415c8ff-d8fb-5e40-9a89-ed5fa1997831', 'KANJI', '朝');
INSERT INTO "vocabulary"."spelling" ("id", "vocabulary_id", "spelling_kind_code", "value") VALUES ('2a8833d6-cbaa-5073-9244-7571e6fd34d8', 'b415c8ff-d8fb-5e40-9a89-ed5fa1997831', 'HIRAGANA', 'あさ');
INSERT INTO "vocabulary"."spelling" ("id", "vocabulary_id", "spelling_kind_code", "value") VALUES ('faf5724f-4637-5fe7-bcdb-1c5134f90f18', 'b415c8ff-d8fb-5e40-9a89-ed5fa1997831', 'KANJI', '朝');
INSERT INTO "vocabulary"."linkages" ("vocabulary_id", "preferred_definition_id", "preferred_spelling_id", "phonetic_spelling_id", "alt_phonetic_spelling_id", "kanji_spelling_id", "conjugation_set_id") VALUES ('b415c8ff-d8fb-5e40-9a89-ed5fa1997831', 'bd361bd9-7fd4-5462-8d75-9f9c43e8fbcf', '5a11d427-28c3-517c-b635-d74f7e8865b2', '2a8833d6-cbaa-5073-9244-7571e6fd34d8', NULL, 'faf5724f-4637-5fe7-bcdb-1c5134f90f18', NULL);
INSERT INTO "vocabulary"."reference" ("vocabulary_id", "lesson_code") VALUES ('b415c8ff-d8fb-5e40-9a89-ed5fa1997831', 'GENKI3_L03');
-- 今晩 | this evening; tonight --;
INSERT INTO "vocabulary"."vocabulary" ("id", "word_class_code", "conjugation_kind_code", "jlpt_level", "row_num", "tags", "date_added") VALUES ('e872c853-3159-56b7-834e-066e364a5782', 'NOUN', NULL, 5, 202, '{time}', '2022-07-24');
INSERT INTO "vocabulary"."definition" ("id", "vocabulary_id", "sort_rank", "value") VALUES ('a0c30a10-37a0-5a8b-bd97-cd3d71e95210', 'e872c853-3159-56b7-834e-066e364a5782', 1, 'this evening; tonight');
INSERT INTO "vocabulary"."spelling" ("id", "vocabulary_id", "spelling_kind_code", "value") VALUES ('1346c424-4c39-5f56-a0b9-b50c127403d9', 'e872c853-3159-56b7-834e-066e364a5782', 'KANJI', '今晩');
INSERT INTO "vocabulary"."spelling" ("id", "vocabulary_id", "spelling_kind_code", "value") VALUES ('50a9ec6f-50dc-5944-b816-59900b8b1280', 'e872c853-3159-56b7-834e-066e364a5782', 'HIRAGANA', 'こんばん');
INSERT INTO "vocabulary"."spelling" ("id", "vocabulary_id", "spelling_kind_code", "value") VALUES ('1801ef8e-cd8e-5f63-8914-5e26333f35f3', 'e872c853-3159-56b7-834e-066e364a5782', 'KANJI', '今晩');
INSERT INTO "vocabulary"."linkages" ("vocabulary_id", "preferred_definition_id", "preferred_spelling_id", "phonetic_spelling_id", "alt_phonetic_spelling_id", "kanji_spelling_id", "conjugation_set_id") VALUES ('e872c853-3159-56b7-834e-066e364a5782', 'a0c30a10-37a0-5a8b-bd97-cd3d71e95210', '1346c424-4c39-5f56-a0b9-b50c127403d9', '50a9ec6f-50dc-5944-b816-59900b8b1280', NULL, '1801ef8e-cd8e-5f63-8914-5e26333f35f3', NULL);
INSERT INTO "vocabulary"."reference" ("vocabulary_id", "lesson_code") VALUES ('e872c853-3159-56b7-834e-066e364a5782', 'GENKI3_L03');
-- 毎日 | every day --;
INSERT INTO "vocabulary"."vocabulary" ("id", "word_class_code", "conjugation_kind_code", "jlpt_level", "row_num", "tags", "date_added") VALUES ('7ec8469c-ee0f-5a33-9f9f-e025e6cffdd0', 'NOUN', NULL, 5, 203, '{time}', '2022-07-24');
INSERT INTO "vocabulary"."definition" ("id", "vocabulary_id", "sort_rank", "value") VALUES ('22b8a8d7-85ff-5dd8-b55c-ed1a146972c0', '7ec8469c-ee0f-5a33-9f9f-e025e6cffdd0', 1, 'every day');
INSERT INTO "vocabulary"."spelling" ("id", "vocabulary_id", "spelling_kind_code", "value") VALUES ('0a499987-2e28-5c59-a40f-a9d4353bc0e2', '7ec8469c-ee0f-5a33-9f9f-e025e6cffdd0', 'KANJI', '毎日');
INSERT INTO "vocabulary"."spelling" ("id", "vocabulary_id", "spelling_kind_code", "value") VALUES ('8e87fa8c-ca37-5286-b2a6-75521668189a', '7ec8469c-ee0f-5a33-9f9f-e025e6cffdd0', 'HIRAGANA', 'まいにち');
INSERT INTO "vocabulary"."spelling" ("id", "vocabulary_id", "spelling_kind_code", "value") VALUES ('5c865896-8860-5a90-b684-7f771f8e5f0f', '7ec8469c-ee0f-5a33-9f9f-e025e6cffdd0', 'KANJI', '毎日');
INSERT INTO "vocabulary"."linkages" ("vocabulary_id", "preferred_definition_id", "preferred_spelling_id", "phonetic_spelling_id", "alt_phonetic_spelling_id", "kanji_spelling_id", "conjugation_set_id") VALUES ('7ec8469c-ee0f-5a33-9f9f-e025e6cffdd0', '22b8a8d7-85ff-5dd8-b55c-ed1a146972c0', '0a499987-2e28-5c59-a40f-a9d4353bc0e2', '8e87fa8c-ca37-5286-b2a6-75521668189a', NULL, '5c865896-8860-5a90-b684-7f771f8e5f0f', NULL);
INSERT INTO "vocabulary"."reference" ("vocabulary_id", "lesson_code") VALUES ('7ec8469c-ee0f-5a33-9f9f-e025e6cffdd0', 'GENKI3_L03');
-- 毎朝 | every morning --;
INSERT INTO "vocabulary"."vocabulary" ("id", "word_class_code", "conjugation_kind_code", "jlpt_level", "row_num", "tags", "date_added") VALUES ('1efcd811-18f8-5b64-be29-9f46fbef3286', 'NOUN', NULL, 5, 204, '{time}', '2022-07-24');
INSERT INTO "vocabulary"."definition" ("id", "vocabulary_id", "sort_rank", "value") VALUES ('a7b02077-66a0-54f0-8b5e-fdd06eef7ffe', '1efcd811-18f8-5b64-be29-9f46fbef3286', 1, 'every morning');
INSERT INTO "vocabulary"."spelling" ("id", "vocabulary_id", "spelling_kind_code", "value") VALUES ('c89fd5d4-dee1-5803-b7b9-f3c6cd35a67b', '1efcd811-18f8-5b64-be29-9f46fbef3286', 'KANJI', '毎朝');
INSERT INTO "vocabulary"."spelling" ("id", "vocabulary_id", "spelling_kind_code", "value") VALUES ('d2136e1a-3b49-528d-802f-fc2b2e9d65e0', '1efcd811-18f8-5b64-be29-9f46fbef3286', 'HIRAGANA', 'まいあさ');
INSERT INTO "vocabulary"."spelling" ("id", "vocabulary_id", "spelling_kind_code", "value") VALUES ('85c67379-1253-528b-bd81-3cf46c2c8694', '1efcd811-18f8-5b64-be29-9f46fbef3286', 'KANJI', '毎朝');
INSERT INTO "vocabulary"."linkages" ("vocabulary_id", "preferred_definition_id", "preferred_spelling_id", "phonetic_spelling_id", "alt_phonetic_spelling_id", "kanji_spelling_id", "conjugation_set_id") VALUES ('1efcd811-18f8-5b64-be29-9f46fbef3286', 'a7b02077-66a0-54f0-8b5e-fdd06eef7ffe', 'c89fd5d4-dee1-5803-b7b9-f3c6cd35a67b', 'd2136e1a-3b49-528d-802f-fc2b2e9d65e0', NULL, '85c67379-1253-528b-bd81-3cf46c2c8694', NULL);
INSERT INTO "vocabulary"."reference" ("vocabulary_id", "lesson_code") VALUES ('1efcd811-18f8-5b64-be29-9f46fbef3286', 'DUO_02_03');
INSERT INTO "vocabulary"."reference" ("vocabulary_id", "lesson_code") VALUES ('1efcd811-18f8-5b64-be29-9f46fbef3286', 'DUO_U07');
-- 毎晩 | every night --;
INSERT INTO "vocabulary"."vocabulary" ("id", "word_class_code", "conjugation_kind_code", "jlpt_level", "row_num", "tags", "date_added") VALUES ('9e1ccd85-e76b-559b-9c13-ac2202a04849', 'NOUN', NULL, 5, 205, '{time}', '2022-07-24');
INSERT INTO "vocabulary"."definition" ("id", "vocabulary_id", "sort_rank", "value") VALUES ('99c7c96a-a0e6-5377-9875-d7cfed64d4f1', '9e1ccd85-e76b-559b-9c13-ac2202a04849', 1, 'every night');
INSERT INTO "vocabulary"."spelling" ("id", "vocabulary_id", "spelling_kind_code", "value") VALUES ('68de2223-3acd-53fa-96bf-64ab41e3d0f2', '9e1ccd85-e76b-559b-9c13-ac2202a04849', 'KANJI', '毎晩');
INSERT INTO "vocabulary"."spelling" ("id", "vocabulary_id", "spelling_kind_code", "value") VALUES ('99764c5d-a0c9-5062-9013-5992bb721992', '9e1ccd85-e76b-559b-9c13-ac2202a04849', 'HIRAGANA', 'まいばん');
INSERT INTO "vocabulary"."spelling" ("id", "vocabulary_id", "spelling_kind_code", "value") VALUES ('0ca13bfe-e09c-57a0-8829-f12e5128a3df', '9e1ccd85-e76b-559b-9c13-ac2202a04849', 'KANJI', '毎晩');
INSERT INTO "vocabulary"."linkages" ("vocabulary_id", "preferred_definition_id", "preferred_spelling_id", "phonetic_spelling_id", "alt_phonetic_spelling_id", "kanji_spelling_id", "conjugation_set_id") VALUES ('9e1ccd85-e76b-559b-9c13-ac2202a04849', '99c7c96a-a0e6-5377-9875-d7cfed64d4f1', '68de2223-3acd-53fa-96bf-64ab41e3d0f2', '99764c5d-a0c9-5062-9013-5992bb721992', NULL, '0ca13bfe-e09c-57a0-8829-f12e5128a3df', NULL);
INSERT INTO "vocabulary"."reference" ("vocabulary_id", "lesson_code") VALUES ('9e1ccd85-e76b-559b-9c13-ac2202a04849', 'GENKI3_L03');
-- 週末 | weekend --;
INSERT INTO "vocabulary"."vocabulary" ("id", "word_class_code", "conjugation_kind_code", "jlpt_level", "row_num", "tags", "date_added") VALUES ('788e64aa-46ee-574d-aad9-83c8b56bc40a', 'NOUN', NULL, NULL, 206, '{time}', '2022-07-24');
INSERT INTO "vocabulary"."definition" ("id", "vocabulary_id", "sort_rank", "value") VALUES ('861be550-1109-505b-be10-493243e4e393', '788e64aa-46ee-574d-aad9-83c8b56bc40a', 1, 'weekend');
INSERT INTO "vocabulary"."spelling" ("id", "vocabulary_id", "spelling_kind_code", "value") VALUES ('c559119c-a377-50a3-9310-a2cc6f33e172', '788e64aa-46ee-574d-aad9-83c8b56bc40a', 'KANJI', '週末');
INSERT INTO "vocabulary"."spelling" ("id", "vocabulary_id", "spelling_kind_code", "value") VALUES ('43654c19-359c-539f-a891-031bd2e17114', '788e64aa-46ee-574d-aad9-83c8b56bc40a', 'HIRAGANA', 'しゅうまつ');
INSERT INTO "vocabulary"."spelling" ("id", "vocabulary_id", "spelling_kind_code", "value") VALUES ('6d199fa4-2ac0-587d-bd68-4ee7e764c1f7', '788e64aa-46ee-574d-aad9-83c8b56bc40a', 'KANJI', '週末');
INSERT INTO "vocabulary"."linkages" ("vocabulary_id", "preferred_definition_id", "preferred_spelling_id", "phonetic_spelling_id", "alt_phonetic_spelling_id", "kanji_spelling_id", "conjugation_set_id") VALUES ('788e64aa-46ee-574d-aad9-83c8b56bc40a', '861be550-1109-505b-be10-493243e4e393', 'c559119c-a377-50a3-9310-a2cc6f33e172', '43654c19-359c-539f-a891-031bd2e17114', NULL, '6d199fa4-2ac0-587d-bd68-4ee7e764c1f7', NULL);
INSERT INTO "vocabulary"."reference" ("vocabulary_id", "lesson_code") VALUES ('788e64aa-46ee-574d-aad9-83c8b56bc40a', 'GENKI3_L03');
-- 土曜日 | Saturday --;
INSERT INTO "vocabulary"."vocabulary" ("id", "word_class_code", "conjugation_kind_code", "jlpt_level", "row_num", "tags", "date_added") VALUES ('f7d20fe3-57b3-5e6d-85f6-5b54b0ba7088', 'NOUN', NULL, 5, 207, '{time}', '2022-07-24');
INSERT INTO "vocabulary"."definition" ("id", "vocabulary_id", "sort_rank", "value") VALUES ('0fb2becd-23c1-5742-ba5d-860b61b1abe2', 'f7d20fe3-57b3-5e6d-85f6-5b54b0ba7088', 1, 'Saturday');
INSERT INTO "vocabulary"."spelling" ("id", "vocabulary_id", "spelling_kind_code", "value") VALUES ('d46ae7cb-dba4-5568-bc6d-73af4f50e789', 'f7d20fe3-57b3-5e6d-85f6-5b54b0ba7088', 'KANJI', '土曜日');
INSERT INTO "vocabulary"."spelling" ("id", "vocabulary_id", "spelling_kind_code", "value") VALUES ('c996ce26-1ece-5bf2-91b0-eb99c6378d3b', 'f7d20fe3-57b3-5e6d-85f6-5b54b0ba7088', 'HIRAGANA', 'どようび');
INSERT INTO "vocabulary"."spelling" ("id", "vocabulary_id", "spelling_kind_code", "value") VALUES ('8ecb15a2-84ec-5efe-9870-c2a9a3c56f0f', 'f7d20fe3-57b3-5e6d-85f6-5b54b0ba7088', 'KANJI', '土曜日');
INSERT INTO "vocabulary"."linkages" ("vocabulary_id", "preferred_definition_id", "preferred_spelling_id", "phonetic_spelling_id", "alt_phonetic_spelling_id", "kanji_spelling_id", "conjugation_set_id") VALUES ('f7d20fe3-57b3-5e6d-85f6-5b54b0ba7088', '0fb2becd-23c1-5742-ba5d-860b61b1abe2', 'd46ae7cb-dba4-5568-bc6d-73af4f50e789', 'c996ce26-1ece-5bf2-91b0-eb99c6378d3b', NULL, '8ecb15a2-84ec-5efe-9870-c2a9a3c56f0f', NULL);
INSERT INTO "vocabulary"."reference" ("vocabulary_id", "lesson_code") VALUES ('f7d20fe3-57b3-5e6d-85f6-5b54b0ba7088', 'GENKI3_L03');
-- 日曜日 | Sunday --;
INSERT INTO "vocabulary"."vocabulary" ("id", "word_class_code", "conjugation_kind_code", "jlpt_level", "row_num", "tags", "date_added") VALUES ('61637bb4-cc4a-52be-86fa-7fb678ab6e62', 'NOUN', NULL, 5, 208, '{time}', '2022-07-24');
INSERT INTO "vocabulary"."definition" ("id", "vocabulary_id", "sort_rank", "value") VALUES ('a0592aae-c0a4-589c-8637-9d4f489a172e', '61637bb4-cc4a-52be-86fa-7fb678ab6e62', 1, 'Sunday');
INSERT INTO "vocabulary"."spelling" ("id", "vocabulary_id", "spelling_kind_code", "value") VALUES ('fc919ef6-85d9-5552-a3db-e067e046bc3c', '61637bb4-cc4a-52be-86fa-7fb678ab6e62', 'KANJI', '日曜日');
INSERT INTO "vocabulary"."spelling" ("id", "vocabulary_id", "spelling_kind_code", "value") VALUES ('08b4aa36-b009-55f3-b2b9-5a50fb6162b0', '61637bb4-cc4a-52be-86fa-7fb678ab6e62', 'HIRAGANA', 'にちようび');
INSERT INTO "vocabulary"."spelling" ("id", "vocabulary_id", "spelling_kind_code", "value") VALUES ('de697c80-e23e-5f84-a410-cfe3380e134a', '61637bb4-cc4a-52be-86fa-7fb678ab6e62', 'KANJI', '日曜日');
INSERT INTO "vocabulary"."linkages" ("vocabulary_id", "preferred_definition_id", "preferred_spelling_id", "phonetic_spelling_id", "alt_phonetic_spelling_id", "kanji_spelling_id", "conjugation_set_id") VALUES ('61637bb4-cc4a-52be-86fa-7fb678ab6e62', 'a0592aae-c0a4-589c-8637-9d4f489a172e', 'fc919ef6-85d9-5552-a3db-e067e046bc3c', '08b4aa36-b009-55f3-b2b9-5a50fb6162b0', NULL, 'de697c80-e23e-5f84-a410-cfe3380e134a', NULL);
INSERT INTO "vocabulary"."reference" ("vocabulary_id", "lesson_code") VALUES ('61637bb4-cc4a-52be-86fa-7fb678ab6e62', 'GENKI3_L03');
-- いつ | when --;
INSERT INTO "vocabulary"."vocabulary" ("id", "word_class_code", "conjugation_kind_code", "jlpt_level", "row_num", "tags", "date_added") VALUES ('f05e2adf-83c4-5ccf-a74a-fbd5664dceb1', 'NOUN', NULL, 5, 209, '{time}', '2022-07-24');
INSERT INTO "vocabulary"."definition" ("id", "vocabulary_id", "sort_rank", "value") VALUES ('5e6ba7a6-d089-5325-b413-338e9081d658', 'f05e2adf-83c4-5ccf-a74a-fbd5664dceb1', 1, 'when');
INSERT INTO "vocabulary"."spelling" ("id", "vocabulary_id", "spelling_kind_code", "value") VALUES ('e124d8c7-641c-5c11-831b-0e400ecdaaf3', 'f05e2adf-83c4-5ccf-a74a-fbd5664dceb1', 'HIRAGANA', 'いつ');
INSERT INTO "vocabulary"."spelling" ("id", "vocabulary_id", "spelling_kind_code", "value") VALUES ('8e0f8d2f-5b43-5efa-a6c7-d42f391dbdd0', 'f05e2adf-83c4-5ccf-a74a-fbd5664dceb1', 'HIRAGANA', 'いつ');
INSERT INTO "vocabulary"."linkages" ("vocabulary_id", "preferred_definition_id", "preferred_spelling_id", "phonetic_spelling_id", "alt_phonetic_spelling_id", "kanji_spelling_id", "conjugation_set_id") VALUES ('f05e2adf-83c4-5ccf-a74a-fbd5664dceb1', '5e6ba7a6-d089-5325-b413-338e9081d658', 'e124d8c7-641c-5c11-831b-0e400ecdaaf3', '8e0f8d2f-5b43-5efa-a6c7-d42f391dbdd0', NULL, NULL, NULL);
INSERT INTO "vocabulary"."reference" ("vocabulary_id", "lesson_code") VALUES ('f05e2adf-83c4-5ccf-a74a-fbd5664dceb1', 'GENKI3_L03');
-- 行く | to go --;
INSERT INTO "vocabulary"."vocabulary" ("id", "word_class_code", "conjugation_kind_code", "jlpt_level", "row_num", "tags", "date_added") VALUES ('50cbf96a-57d3-5f45-b5fc-e415ff57717a', 'VERB', 'GODAN_VERB', 5, 210, '{}', '2022-07-24');
INSERT INTO "vocabulary"."definition" ("id", "vocabulary_id", "sort_rank", "value") VALUES ('55cbb623-1dde-57fc-9ed7-18d541e69a24', '50cbf96a-57d3-5f45-b5fc-e415ff57717a', 1, 'to go');
INSERT INTO "vocabulary"."spelling" ("id", "vocabulary_id", "spelling_kind_code", "value") VALUES ('3882f3fd-ec0b-513e-b731-00e6bf2864cf', '50cbf96a-57d3-5f45-b5fc-e415ff57717a', 'KANJI', '行く');
INSERT INTO "vocabulary"."spelling" ("id", "vocabulary_id", "spelling_kind_code", "value") VALUES ('04845431-fcd0-5bbb-9518-f1b95b4b2f6f', '50cbf96a-57d3-5f45-b5fc-e415ff57717a', 'HIRAGANA', 'いく');
INSERT INTO "vocabulary"."spelling" ("id", "vocabulary_id", "spelling_kind_code", "value") VALUES ('02aec5dc-1774-5ab5-865f-795548cf9836', '50cbf96a-57d3-5f45-b5fc-e415ff57717a', 'KANJI', '行く');
INSERT INTO "vocabulary"."linkages" ("vocabulary_id", "preferred_definition_id", "preferred_spelling_id", "phonetic_spelling_id", "alt_phonetic_spelling_id", "kanji_spelling_id", "conjugation_set_id") VALUES ('50cbf96a-57d3-5f45-b5fc-e415ff57717a', '55cbb623-1dde-57fc-9ed7-18d541e69a24', '3882f3fd-ec0b-513e-b731-00e6bf2864cf', '04845431-fcd0-5bbb-9518-f1b95b4b2f6f', NULL, '02aec5dc-1774-5ab5-865f-795548cf9836', NULL);
INSERT INTO "vocabulary"."reference" ("vocabulary_id", "lesson_code") VALUES ('50cbf96a-57d3-5f45-b5fc-e415ff57717a', 'DUO_02_03');
INSERT INTO "vocabulary"."reference" ("vocabulary_id", "lesson_code") VALUES ('50cbf96a-57d3-5f45-b5fc-e415ff57717a', 'DUO_U07');
INSERT INTO "vocabulary"."reference" ("vocabulary_id", "lesson_code") VALUES ('50cbf96a-57d3-5f45-b5fc-e415ff57717a', 'GENKI3_L03');
-- 帰る | to go back; to return --;
INSERT INTO "vocabulary"."vocabulary" ("id", "word_class_code", "conjugation_kind_code", "jlpt_level", "row_num", "tags", "date_added") VALUES ('243bdf44-b101-5d5d-bc51-a4f5c1c03bc3', 'VERB', 'GODAN_VERB', 5, 211, '{}', '2022-07-24');
INSERT INTO "vocabulary"."definition" ("id", "vocabulary_id", "sort_rank", "value") VALUES ('04e14149-9a2f-5b2c-8641-1410735e067b', '243bdf44-b101-5d5d-bc51-a4f5c1c03bc3', 1, 'to go back; to return');
INSERT INTO "vocabulary"."spelling" ("id", "vocabulary_id", "spelling_kind_code", "value") VALUES ('5d95430c-91d4-5dcd-9d90-8ea64a6435f2', '243bdf44-b101-5d5d-bc51-a4f5c1c03bc3', 'KANJI', '帰る');
INSERT INTO "vocabulary"."spelling" ("id", "vocabulary_id", "spelling_kind_code", "value") VALUES ('0008ad17-1237-5c01-a211-e27a63adf821', '243bdf44-b101-5d5d-bc51-a4f5c1c03bc3', 'HIRAGANA', 'かえる');
INSERT INTO "vocabulary"."spelling" ("id", "vocabulary_id", "spelling_kind_code", "value") VALUES ('afa85902-c093-5e8c-9461-d4ce2170a636', '243bdf44-b101-5d5d-bc51-a4f5c1c03bc3', 'KANJI', '帰る');
INSERT INTO "vocabulary"."linkages" ("vocabulary_id", "preferred_definition_id", "preferred_spelling_id", "phonetic_spelling_id", "alt_phonetic_spelling_id", "kanji_spelling_id", "conjugation_set_id") VALUES ('243bdf44-b101-5d5d-bc51-a4f5c1c03bc3', '04e14149-9a2f-5b2c-8641-1410735e067b', '5d95430c-91d4-5dcd-9d90-8ea64a6435f2', '0008ad17-1237-5c01-a211-e27a63adf821', NULL, 'afa85902-c093-5e8c-9461-d4ce2170a636', NULL);
INSERT INTO "vocabulary"."reference" ("vocabulary_id", "lesson_code") VALUES ('243bdf44-b101-5d5d-bc51-a4f5c1c03bc3', 'GENKI3_L03');
-- 聞く | to listen; to hear; to ask --;
INSERT INTO "vocabulary"."vocabulary" ("id", "word_class_code", "conjugation_kind_code", "jlpt_level", "row_num", "tags", "date_added") VALUES ('27c14160-d0d6-51f8-b7b1-9172cf8b84d2', 'VERB', 'GODAN_VERB', 5, 212, '{}', '2022-07-24');
INSERT INTO "vocabulary"."definition" ("id", "vocabulary_id", "sort_rank", "value") VALUES ('e5fb1c53-6da8-5de9-abdb-66f543af65f2', '27c14160-d0d6-51f8-b7b1-9172cf8b84d2', 1, 'to listen; to hear; to ask');
INSERT INTO "vocabulary"."spelling" ("id", "vocabulary_id", "spelling_kind_code", "value") VALUES ('345b1040-c300-5ce3-ae98-8ee89cc244f7', '27c14160-d0d6-51f8-b7b1-9172cf8b84d2', 'KANJI', '聞く');
INSERT INTO "vocabulary"."spelling" ("id", "vocabulary_id", "spelling_kind_code", "value") VALUES ('39c22edd-ad44-51f0-9dc7-116a662c494e', '27c14160-d0d6-51f8-b7b1-9172cf8b84d2', 'HIRAGANA', 'きく');
INSERT INTO "vocabulary"."spelling" ("id", "vocabulary_id", "spelling_kind_code", "value") VALUES ('326c6ae5-5413-58c0-836a-9ff8fa7ab841', '27c14160-d0d6-51f8-b7b1-9172cf8b84d2', 'KANJI', '聞く');
INSERT INTO "vocabulary"."linkages" ("vocabulary_id", "preferred_definition_id", "preferred_spelling_id", "phonetic_spelling_id", "alt_phonetic_spelling_id", "kanji_spelling_id", "conjugation_set_id") VALUES ('27c14160-d0d6-51f8-b7b1-9172cf8b84d2', 'e5fb1c53-6da8-5de9-abdb-66f543af65f2', '345b1040-c300-5ce3-ae98-8ee89cc244f7', '39c22edd-ad44-51f0-9dc7-116a662c494e', NULL, '326c6ae5-5413-58c0-836a-9ff8fa7ab841', NULL);
INSERT INTO "vocabulary"."reference" ("vocabulary_id", "lesson_code") VALUES ('27c14160-d0d6-51f8-b7b1-9172cf8b84d2', 'GENKI3_L03');
-- 飲む | to drink; to swallow --;
INSERT INTO "vocabulary"."vocabulary" ("id", "word_class_code", "conjugation_kind_code", "jlpt_level", "row_num", "tags", "date_added") VALUES ('b8a9c502-6f50-5d50-96f1-417feef69161', 'VERB', 'GODAN_VERB', 5, 213, '{}', '2022-07-24');
INSERT INTO "vocabulary"."definition" ("id", "vocabulary_id", "sort_rank", "value") VALUES ('22f90169-82f9-50de-862b-3f5e29a7e24c', 'b8a9c502-6f50-5d50-96f1-417feef69161', 1, 'to drink; to swallow');
INSERT INTO "vocabulary"."spelling" ("id", "vocabulary_id", "spelling_kind_code", "value") VALUES ('3cb821d2-fbaf-5b85-ac36-fcd90b1c8d21', 'b8a9c502-6f50-5d50-96f1-417feef69161', 'KANJI', '飲む');
INSERT INTO "vocabulary"."spelling" ("id", "vocabulary_id", "spelling_kind_code", "value") VALUES ('c1edbcc5-68e3-59fa-91c6-2b2539c293f1', 'b8a9c502-6f50-5d50-96f1-417feef69161', 'HIRAGANA', 'のむ');
INSERT INTO "vocabulary"."spelling" ("id", "vocabulary_id", "spelling_kind_code", "value") VALUES ('082f9ce2-0dbe-5f30-8632-b6a278f5af6b', 'b8a9c502-6f50-5d50-96f1-417feef69161', 'KANJI', '飲む');
INSERT INTO "vocabulary"."linkages" ("vocabulary_id", "preferred_definition_id", "preferred_spelling_id", "phonetic_spelling_id", "alt_phonetic_spelling_id", "kanji_spelling_id", "conjugation_set_id") VALUES ('b8a9c502-6f50-5d50-96f1-417feef69161', '22f90169-82f9-50de-862b-3f5e29a7e24c', '3cb821d2-fbaf-5b85-ac36-fcd90b1c8d21', 'c1edbcc5-68e3-59fa-91c6-2b2539c293f1', NULL, '082f9ce2-0dbe-5f30-8632-b6a278f5af6b', NULL);
INSERT INTO "vocabulary"."reference" ("vocabulary_id", "lesson_code") VALUES ('b8a9c502-6f50-5d50-96f1-417feef69161', 'DUO_02_03');
INSERT INTO "vocabulary"."reference" ("vocabulary_id", "lesson_code") VALUES ('b8a9c502-6f50-5d50-96f1-417feef69161', 'DUO_U07');
INSERT INTO "vocabulary"."reference" ("vocabulary_id", "lesson_code") VALUES ('b8a9c502-6f50-5d50-96f1-417feef69161', 'GENKI3_L03');
-- 話す | to speak; to talk --;
INSERT INTO "vocabulary"."vocabulary" ("id", "word_class_code", "conjugation_kind_code", "jlpt_level", "row_num", "tags", "date_added") VALUES ('87e72b5b-0332-5b61-b21c-ea8cc6a05c1f', 'VERB', 'GODAN_VERB', 5, 214, '{}', '2022-07-24');
INSERT INTO "vocabulary"."definition" ("id", "vocabulary_id", "sort_rank", "value") VALUES ('9bab6f77-4bba-5342-be2f-a68648f140da', '87e72b5b-0332-5b61-b21c-ea8cc6a05c1f', 1, 'to speak; to talk');
INSERT INTO "vocabulary"."spelling" ("id", "vocabulary_id", "spelling_kind_code", "value") VALUES ('73033639-6d42-55b4-9946-fa07700610a6', '87e72b5b-0332-5b61-b21c-ea8cc6a05c1f', 'KANJI', '話す');
INSERT INTO "vocabulary"."spelling" ("id", "vocabulary_id", "spelling_kind_code", "value") VALUES ('88947e11-ff75-5cba-b4b7-10d632f8cacf', '87e72b5b-0332-5b61-b21c-ea8cc6a05c1f', 'HIRAGANA', 'はなす');
INSERT INTO "vocabulary"."spelling" ("id", "vocabulary_id", "spelling_kind_code", "value") VALUES ('ef2f6494-7d03-573e-b623-5ac85df9b17a', '87e72b5b-0332-5b61-b21c-ea8cc6a05c1f', 'KANJI', '話す');
INSERT INTO "vocabulary"."linkages" ("vocabulary_id", "preferred_definition_id", "preferred_spelling_id", "phonetic_spelling_id", "alt_phonetic_spelling_id", "kanji_spelling_id", "conjugation_set_id") VALUES ('87e72b5b-0332-5b61-b21c-ea8cc6a05c1f', '9bab6f77-4bba-5342-be2f-a68648f140da', '73033639-6d42-55b4-9946-fa07700610a6', '88947e11-ff75-5cba-b4b7-10d632f8cacf', NULL, 'ef2f6494-7d03-573e-b623-5ac85df9b17a', NULL);
INSERT INTO "vocabulary"."reference" ("vocabulary_id", "lesson_code") VALUES ('87e72b5b-0332-5b61-b21c-ea8cc6a05c1f', 'GENKI3_L03');
-- 読む | to read --;
INSERT INTO "vocabulary"."vocabulary" ("id", "word_class_code", "conjugation_kind_code", "jlpt_level", "row_num", "tags", "date_added") VALUES ('615aadf7-6900-5c48-814a-d6cc0884ae86', 'VERB', 'GODAN_VERB', 5, 215, '{}', '2022-07-24');
INSERT INTO "vocabulary"."definition" ("id", "vocabulary_id", "sort_rank", "value") VALUES ('b04f08cb-c386-52ff-9087-fbd63dab8e93', '615aadf7-6900-5c48-814a-d6cc0884ae86', 1, 'to read');
INSERT INTO "vocabulary"."spelling" ("id", "vocabulary_id", "spelling_kind_code", "value") VALUES ('ab38e31a-b4c5-50f7-b66e-94e921cf3829', '615aadf7-6900-5c48-814a-d6cc0884ae86', 'KANJI', '読む');
INSERT INTO "vocabulary"."spelling" ("id", "vocabulary_id", "spelling_kind_code", "value") VALUES ('52eabef3-0283-5615-ade4-0a1a453b72e7', '615aadf7-6900-5c48-814a-d6cc0884ae86', 'HIRAGANA', 'よむ');
INSERT INTO "vocabulary"."spelling" ("id", "vocabulary_id", "spelling_kind_code", "value") VALUES ('0f2b3ee0-1f70-5912-942a-4c95bdc02791', '615aadf7-6900-5c48-814a-d6cc0884ae86', 'KANJI', '読む');
INSERT INTO "vocabulary"."linkages" ("vocabulary_id", "preferred_definition_id", "preferred_spelling_id", "phonetic_spelling_id", "alt_phonetic_spelling_id", "kanji_spelling_id", "conjugation_set_id") VALUES ('615aadf7-6900-5c48-814a-d6cc0884ae86', 'b04f08cb-c386-52ff-9087-fbd63dab8e93', 'ab38e31a-b4c5-50f7-b66e-94e921cf3829', '52eabef3-0283-5615-ade4-0a1a453b72e7', NULL, '0f2b3ee0-1f70-5912-942a-4c95bdc02791', NULL);
INSERT INTO "vocabulary"."reference" ("vocabulary_id", "lesson_code") VALUES ('615aadf7-6900-5c48-814a-d6cc0884ae86', 'DUO_01_02');
INSERT INTO "vocabulary"."reference" ("vocabulary_id", "lesson_code") VALUES ('615aadf7-6900-5c48-814a-d6cc0884ae86', 'DUO_U01');
INSERT INTO "vocabulary"."reference" ("vocabulary_id", "lesson_code") VALUES ('615aadf7-6900-5c48-814a-d6cc0884ae86', 'GENKI3_L03');
-- 着る | to wear --;
INSERT INTO "vocabulary"."vocabulary" ("id", "word_class_code", "conjugation_kind_code", "jlpt_level", "row_num", "tags", "date_added") VALUES ('184de362-74cc-5125-a9b9-8658bb577f7d', 'VERB', 'ICHIDAN_VERB', 5, 216, '{}', '2022-08-12');
INSERT INTO "vocabulary"."definition" ("id", "vocabulary_id", "sort_rank", "value") VALUES ('25965431-c5a3-586d-b404-8a318501bebf', '184de362-74cc-5125-a9b9-8658bb577f7d', 1, 'to wear');
INSERT INTO "vocabulary"."spelling" ("id", "vocabulary_id", "spelling_kind_code", "value") VALUES ('0b77a691-eae4-5200-977d-6f247eb91b6d', '184de362-74cc-5125-a9b9-8658bb577f7d', 'KANJI', '着る');
INSERT INTO "vocabulary"."spelling" ("id", "vocabulary_id", "spelling_kind_code", "value") VALUES ('59c0e114-153c-58c1-9490-8f47879b7c6d', '184de362-74cc-5125-a9b9-8658bb577f7d', 'HIRAGANA', 'きる');
INSERT INTO "vocabulary"."spelling" ("id", "vocabulary_id", "spelling_kind_code", "value") VALUES ('efea8a95-dc57-56d3-a607-b2eba1c6c6a3', '184de362-74cc-5125-a9b9-8658bb577f7d', 'KANJI', '着る');
INSERT INTO "vocabulary"."linkages" ("vocabulary_id", "preferred_definition_id", "preferred_spelling_id", "phonetic_spelling_id", "alt_phonetic_spelling_id", "kanji_spelling_id", "conjugation_set_id") VALUES ('184de362-74cc-5125-a9b9-8658bb577f7d', '25965431-c5a3-586d-b404-8a318501bebf', '0b77a691-eae4-5200-977d-6f247eb91b6d', '59c0e114-153c-58c1-9490-8f47879b7c6d', NULL, 'efea8a95-dc57-56d3-a607-b2eba1c6c6a3', NULL);
INSERT INTO "vocabulary"."reference" ("vocabulary_id", "lesson_code") VALUES ('184de362-74cc-5125-a9b9-8658bb577f7d', 'DUO_01_02');
INSERT INTO "vocabulary"."reference" ("vocabulary_id", "lesson_code") VALUES ('184de362-74cc-5125-a9b9-8658bb577f7d', 'DUO_U01');
-- 起きる | to get up --;
INSERT INTO "vocabulary"."vocabulary" ("id", "word_class_code", "conjugation_kind_code", "jlpt_level", "row_num", "tags", "date_added") VALUES ('bd0e8ffa-f7cd-5b27-8481-6ecb87512f6c', 'VERB', 'ICHIDAN_VERB', 5, 217, '{}', '2022-07-24');
INSERT INTO "vocabulary"."definition" ("id", "vocabulary_id", "sort_rank", "value") VALUES ('d03d7a0d-4b7c-56b3-a63d-d2cc70f21aa8', 'bd0e8ffa-f7cd-5b27-8481-6ecb87512f6c', 1, 'to get up');
INSERT INTO "vocabulary"."spelling" ("id", "vocabulary_id", "spelling_kind_code", "value") VALUES ('092d8faa-ac13-579d-9a42-96afe4d720a2', 'bd0e8ffa-f7cd-5b27-8481-6ecb87512f6c', 'KANJI', '起きる');
INSERT INTO "vocabulary"."spelling" ("id", "vocabulary_id", "spelling_kind_code", "value") VALUES ('9ead58db-63d9-571a-935e-25e8466fc9c2', 'bd0e8ffa-f7cd-5b27-8481-6ecb87512f6c', 'HIRAGANA', 'おきる');
INSERT INTO "vocabulary"."spelling" ("id", "vocabulary_id", "spelling_kind_code", "value") VALUES ('2856f7e2-561c-5a7f-a6f2-b402ffb7c0c5', 'bd0e8ffa-f7cd-5b27-8481-6ecb87512f6c', 'KANJI', '起きる');
INSERT INTO "vocabulary"."linkages" ("vocabulary_id", "preferred_definition_id", "preferred_spelling_id", "phonetic_spelling_id", "alt_phonetic_spelling_id", "kanji_spelling_id", "conjugation_set_id") VALUES ('bd0e8ffa-f7cd-5b27-8481-6ecb87512f6c', 'd03d7a0d-4b7c-56b3-a63d-d2cc70f21aa8', '092d8faa-ac13-579d-9a42-96afe4d720a2', '9ead58db-63d9-571a-935e-25e8466fc9c2', NULL, '2856f7e2-561c-5a7f-a6f2-b402ffb7c0c5', NULL);
INSERT INTO "vocabulary"."reference" ("vocabulary_id", "lesson_code") VALUES ('bd0e8ffa-f7cd-5b27-8481-6ecb87512f6c', 'DUO_02_03');
INSERT INTO "vocabulary"."reference" ("vocabulary_id", "lesson_code") VALUES ('bd0e8ffa-f7cd-5b27-8481-6ecb87512f6c', 'DUO_U07');
INSERT INTO "vocabulary"."reference" ("vocabulary_id", "lesson_code") VALUES ('bd0e8ffa-f7cd-5b27-8481-6ecb87512f6c', 'GENKI3_L03');
-- 食べる | to eat --;
INSERT INTO "vocabulary"."vocabulary" ("id", "word_class_code", "conjugation_kind_code", "jlpt_level", "row_num", "tags", "date_added") VALUES ('28166f6b-3aba-5230-9bd4-18e1a467bc3f', 'VERB', 'ICHIDAN_VERB', 5, 218, '{}', '2022-07-24');
INSERT INTO "vocabulary"."definition" ("id", "vocabulary_id", "sort_rank", "value") VALUES ('e9e36461-91cf-5d0c-9e10-ef26e36ba7ba', '28166f6b-3aba-5230-9bd4-18e1a467bc3f', 1, 'to eat');
INSERT INTO "vocabulary"."spelling" ("id", "vocabulary_id", "spelling_kind_code", "value") VALUES ('31a08c23-49ad-5975-ab55-4b41e159466f', '28166f6b-3aba-5230-9bd4-18e1a467bc3f', 'KANJI', '食べる');
INSERT INTO "vocabulary"."spelling" ("id", "vocabulary_id", "spelling_kind_code", "value") VALUES ('dc3b1021-6c5c-57cd-9c18-9e59e3486fbb', '28166f6b-3aba-5230-9bd4-18e1a467bc3f', 'HIRAGANA', 'たべる');
INSERT INTO "vocabulary"."spelling" ("id", "vocabulary_id", "spelling_kind_code", "value") VALUES ('d4eca37a-8680-584c-b6d3-bc2a101e03e4', '28166f6b-3aba-5230-9bd4-18e1a467bc3f', 'KANJI', '食べる');
INSERT INTO "vocabulary"."linkages" ("vocabulary_id", "preferred_definition_id", "preferred_spelling_id", "phonetic_spelling_id", "alt_phonetic_spelling_id", "kanji_spelling_id", "conjugation_set_id") VALUES ('28166f6b-3aba-5230-9bd4-18e1a467bc3f', 'e9e36461-91cf-5d0c-9e10-ef26e36ba7ba', '31a08c23-49ad-5975-ab55-4b41e159466f', 'dc3b1021-6c5c-57cd-9c18-9e59e3486fbb', NULL, 'd4eca37a-8680-584c-b6d3-bc2a101e03e4', NULL);
INSERT INTO "vocabulary"."reference" ("vocabulary_id", "lesson_code") VALUES ('28166f6b-3aba-5230-9bd4-18e1a467bc3f', 'DUO_02_03');
INSERT INTO "vocabulary"."reference" ("vocabulary_id", "lesson_code") VALUES ('28166f6b-3aba-5230-9bd4-18e1a467bc3f', 'DUO_U07');
INSERT INTO "vocabulary"."reference" ("vocabulary_id", "lesson_code") VALUES ('28166f6b-3aba-5230-9bd4-18e1a467bc3f', 'GENKI3_L03');
-- 寝る | to sleep; to go to sleep --;
INSERT INTO "vocabulary"."vocabulary" ("id", "word_class_code", "conjugation_kind_code", "jlpt_level", "row_num", "tags", "date_added") VALUES ('45b4593b-f7a0-516e-84c4-68c7a7099243', 'VERB', 'ICHIDAN_VERB', 5, 219, '{}', '2022-07-24');
INSERT INTO "vocabulary"."definition" ("id", "vocabulary_id", "sort_rank", "value") VALUES ('b549283c-e6b6-5fed-8cd1-5e9f4cc2eb40', '45b4593b-f7a0-516e-84c4-68c7a7099243', 1, 'to sleep; to go to sleep');
INSERT INTO "vocabulary"."spelling" ("id", "vocabulary_id", "spelling_kind_code", "value") VALUES ('e33889a1-c45a-5d71-ad39-e97f60b2f711', '45b4593b-f7a0-516e-84c4-68c7a7099243', 'KANJI', '寝る');
INSERT INTO "vocabulary"."spelling" ("id", "vocabulary_id", "spelling_kind_code", "value") VALUES ('42f3a150-be9b-5159-bb66-6cbc8b2a38ab', '45b4593b-f7a0-516e-84c4-68c7a7099243', 'HIRAGANA', 'ねる');
INSERT INTO "vocabulary"."spelling" ("id", "vocabulary_id", "spelling_kind_code", "value") VALUES ('fa6b8b18-cb5f-5771-b480-b6233905a801', '45b4593b-f7a0-516e-84c4-68c7a7099243', 'KANJI', '寝る');
INSERT INTO "vocabulary"."linkages" ("vocabulary_id", "preferred_definition_id", "preferred_spelling_id", "phonetic_spelling_id", "alt_phonetic_spelling_id", "kanji_spelling_id", "conjugation_set_id") VALUES ('45b4593b-f7a0-516e-84c4-68c7a7099243', 'b549283c-e6b6-5fed-8cd1-5e9f4cc2eb40', 'e33889a1-c45a-5d71-ad39-e97f60b2f711', '42f3a150-be9b-5159-bb66-6cbc8b2a38ab', NULL, 'fa6b8b18-cb5f-5771-b480-b6233905a801', NULL);
INSERT INTO "vocabulary"."reference" ("vocabulary_id", "lesson_code") VALUES ('45b4593b-f7a0-516e-84c4-68c7a7099243', 'DUO_02_03');
INSERT INTO "vocabulary"."reference" ("vocabulary_id", "lesson_code") VALUES ('45b4593b-f7a0-516e-84c4-68c7a7099243', 'DUO_U07');
INSERT INTO "vocabulary"."reference" ("vocabulary_id", "lesson_code") VALUES ('45b4593b-f7a0-516e-84c4-68c7a7099243', 'GENKI3_L03');
-- 見る | to see; to look at; to watch --;
INSERT INTO "vocabulary"."vocabulary" ("id", "word_class_code", "conjugation_kind_code", "jlpt_level", "row_num", "tags", "date_added") VALUES ('66e4cf05-72cd-512b-a462-05f4e69906b5', 'VERB', 'ICHIDAN_VERB', 5, 220, '{}', '2022-07-24');
INSERT INTO "vocabulary"."definition" ("id", "vocabulary_id", "sort_rank", "value") VALUES ('16e33444-ca16-522c-8520-b11e68cc9530', '66e4cf05-72cd-512b-a462-05f4e69906b5', 1, 'to see; to look at; to watch');
INSERT INTO "vocabulary"."spelling" ("id", "vocabulary_id", "spelling_kind_code", "value") VALUES ('4b7f5150-ff2e-51d8-bc66-b6d1211ce6dd', '66e4cf05-72cd-512b-a462-05f4e69906b5', 'KANJI', '見る');
INSERT INTO "vocabulary"."spelling" ("id", "vocabulary_id", "spelling_kind_code", "value") VALUES ('cbf5b76f-8e85-5f18-a8a8-a87f429f9443', '66e4cf05-72cd-512b-a462-05f4e69906b5', 'HIRAGANA', 'みる');
INSERT INTO "vocabulary"."spelling" ("id", "vocabulary_id", "spelling_kind_code", "value") VALUES ('dbd37ce0-9827-5fcd-8181-5391beb51c4d', '66e4cf05-72cd-512b-a462-05f4e69906b5', 'KANJI', '見る');
INSERT INTO "vocabulary"."linkages" ("vocabulary_id", "preferred_definition_id", "preferred_spelling_id", "phonetic_spelling_id", "alt_phonetic_spelling_id", "kanji_spelling_id", "conjugation_set_id") VALUES ('66e4cf05-72cd-512b-a462-05f4e69906b5', '16e33444-ca16-522c-8520-b11e68cc9530', '4b7f5150-ff2e-51d8-bc66-b6d1211ce6dd', 'cbf5b76f-8e85-5f18-a8a8-a87f429f9443', NULL, 'dbd37ce0-9827-5fcd-8181-5391beb51c4d', NULL);
INSERT INTO "vocabulary"."reference" ("vocabulary_id", "lesson_code") VALUES ('66e4cf05-72cd-512b-a462-05f4e69906b5', 'GENKI3_L03');
-- 来る | to come --;
INSERT INTO "vocabulary"."vocabulary" ("id", "word_class_code", "conjugation_kind_code", "jlpt_level", "row_num", "tags", "date_added") VALUES ('10567940-e3bb-5257-b33c-ae9976bfaddd', 'VERB', 'IRREGULAR_VERB', 5, 221, '{}', '2022-07-24');
INSERT INTO "vocabulary"."definition" ("id", "vocabulary_id", "sort_rank", "value") VALUES ('f2fdda32-f107-5e6a-98dc-943c1af6b5d4', '10567940-e3bb-5257-b33c-ae9976bfaddd', 1, 'to come');
INSERT INTO "vocabulary"."spelling" ("id", "vocabulary_id", "spelling_kind_code", "value") VALUES ('a60b31e1-2fd1-5b5b-8793-b7c1e4496bfd', '10567940-e3bb-5257-b33c-ae9976bfaddd', 'KANJI', '来る');
INSERT INTO "vocabulary"."spelling" ("id", "vocabulary_id", "spelling_kind_code", "value") VALUES ('56cc94c2-d95a-5851-9ccf-becc18d62261', '10567940-e3bb-5257-b33c-ae9976bfaddd', 'HIRAGANA', 'くる');
INSERT INTO "vocabulary"."spelling" ("id", "vocabulary_id", "spelling_kind_code", "value") VALUES ('8c528658-4aa8-50fe-a72e-06fc758b4b6f', '10567940-e3bb-5257-b33c-ae9976bfaddd', 'KANJI', '来る');
INSERT INTO "vocabulary"."linkages" ("vocabulary_id", "preferred_definition_id", "preferred_spelling_id", "phonetic_spelling_id", "alt_phonetic_spelling_id", "kanji_spelling_id", "conjugation_set_id") VALUES ('10567940-e3bb-5257-b33c-ae9976bfaddd', 'f2fdda32-f107-5e6a-98dc-943c1af6b5d4', 'a60b31e1-2fd1-5b5b-8793-b7c1e4496bfd', '56cc94c2-d95a-5851-9ccf-becc18d62261', NULL, '8c528658-4aa8-50fe-a72e-06fc758b4b6f', NULL);
INSERT INTO "vocabulary"."reference" ("vocabulary_id", "lesson_code") VALUES ('10567940-e3bb-5257-b33c-ae9976bfaddd', 'GENKI3_L03');
-- する | to do --;
INSERT INTO "vocabulary"."vocabulary" ("id", "word_class_code", "conjugation_kind_code", "jlpt_level", "row_num", "tags", "date_added") VALUES ('5800b221-4eb5-5331-8c6c-413e2d08c007', 'VERB', 'IRREGULAR_VERB', 5, 222, '{}', '2022-07-24');
INSERT INTO "vocabulary"."definition" ("id", "vocabulary_id", "sort_rank", "value") VALUES ('99ed4432-a12c-5d1c-b77f-930177871dac', '5800b221-4eb5-5331-8c6c-413e2d08c007', 1, 'to do');
INSERT INTO "vocabulary"."spelling" ("id", "vocabulary_id", "spelling_kind_code", "value") VALUES ('2d3ddb3c-f690-5029-86c3-99b96f3c092d', '5800b221-4eb5-5331-8c6c-413e2d08c007', 'HIRAGANA', 'する');
INSERT INTO "vocabulary"."spelling" ("id", "vocabulary_id", "spelling_kind_code", "value") VALUES ('8fc8513e-7650-5d97-8639-cbe68c2564ac', '5800b221-4eb5-5331-8c6c-413e2d08c007', 'HIRAGANA', 'する');
INSERT INTO "vocabulary"."linkages" ("vocabulary_id", "preferred_definition_id", "preferred_spelling_id", "phonetic_spelling_id", "alt_phonetic_spelling_id", "kanji_spelling_id", "conjugation_set_id") VALUES ('5800b221-4eb5-5331-8c6c-413e2d08c007', '99ed4432-a12c-5d1c-b77f-930177871dac', '2d3ddb3c-f690-5029-86c3-99b96f3c092d', '8fc8513e-7650-5d97-8639-cbe68c2564ac', NULL, NULL, NULL);
INSERT INTO "vocabulary"."reference" ("vocabulary_id", "lesson_code") VALUES ('5800b221-4eb5-5331-8c6c-413e2d08c007', 'GENKI3_L03');
-- 勉強する | to study --;
INSERT INTO "vocabulary"."vocabulary" ("id", "word_class_code", "conjugation_kind_code", "jlpt_level", "row_num", "tags", "date_added") VALUES ('9e9dc42e-df1e-5ace-948a-9dce72caaceb', 'VERB', 'IRREGULAR_VERB', 5, 223, '{}', '2022-07-24');
INSERT INTO "vocabulary"."definition" ("id", "vocabulary_id", "sort_rank", "value") VALUES ('539add23-8d2b-58c4-966b-70f53c33f317', '9e9dc42e-df1e-5ace-948a-9dce72caaceb', 1, 'to study');
INSERT INTO "vocabulary"."spelling" ("id", "vocabulary_id", "spelling_kind_code", "value") VALUES ('2589b9e1-407c-586c-880e-8e10a2b0da27', '9e9dc42e-df1e-5ace-948a-9dce72caaceb', 'KANJI', '勉強する');
INSERT INTO "vocabulary"."spelling" ("id", "vocabulary_id", "spelling_kind_code", "value") VALUES ('a9199945-0ff2-598a-bcf8-a7f8939bb295', '9e9dc42e-df1e-5ace-948a-9dce72caaceb', 'HIRAGANA', 'べんきょうする');
INSERT INTO "vocabulary"."spelling" ("id", "vocabulary_id", "spelling_kind_code", "value") VALUES ('914759a4-0bc0-51e6-91b7-ea23f47d4f28', '9e9dc42e-df1e-5ace-948a-9dce72caaceb', 'KANJI', '勉強する');
INSERT INTO "vocabulary"."linkages" ("vocabulary_id", "preferred_definition_id", "preferred_spelling_id", "phonetic_spelling_id", "alt_phonetic_spelling_id", "kanji_spelling_id", "conjugation_set_id") VALUES ('9e9dc42e-df1e-5ace-948a-9dce72caaceb', '539add23-8d2b-58c4-966b-70f53c33f317', '2589b9e1-407c-586c-880e-8e10a2b0da27', 'a9199945-0ff2-598a-bcf8-a7f8939bb295', NULL, '914759a4-0bc0-51e6-91b7-ea23f47d4f28', NULL);
INSERT INTO "vocabulary"."reference" ("vocabulary_id", "lesson_code") VALUES ('9e9dc42e-df1e-5ace-948a-9dce72caaceb', 'GENKI3_L03');
-- ええ | yes; umm --;
INSERT INTO "vocabulary"."vocabulary" ("id", "word_class_code", "conjugation_kind_code", "jlpt_level", "row_num", "tags", "date_added") VALUES ('6e231f76-5724-5b3c-acfc-cdee6e2eb3a6', 'EXPRESSION', NULL, 5, 224, '{}', '2022-07-24');
INSERT INTO "vocabulary"."definition" ("id", "vocabulary_id", "sort_rank", "value") VALUES ('d7077124-2fde-5c91-a9e1-c37f20352720', '6e231f76-5724-5b3c-acfc-cdee6e2eb3a6', 1, 'yes; umm');
INSERT INTO "vocabulary"."spelling" ("id", "vocabulary_id", "spelling_kind_code", "value") VALUES ('196938a8-fc0c-55c3-9233-c57dfb7cec5c', '6e231f76-5724-5b3c-acfc-cdee6e2eb3a6', 'HIRAGANA', 'ええ');
INSERT INTO "vocabulary"."spelling" ("id", "vocabulary_id", "spelling_kind_code", "value") VALUES ('90ff0f82-193e-559c-b5d4-b38e7877c576', '6e231f76-5724-5b3c-acfc-cdee6e2eb3a6', 'HIRAGANA', 'ええ');
INSERT INTO "vocabulary"."linkages" ("vocabulary_id", "preferred_definition_id", "preferred_spelling_id", "phonetic_spelling_id", "alt_phonetic_spelling_id", "kanji_spelling_id", "conjugation_set_id") VALUES ('6e231f76-5724-5b3c-acfc-cdee6e2eb3a6', 'd7077124-2fde-5c91-a9e1-c37f20352720', '196938a8-fc0c-55c3-9233-c57dfb7cec5c', '90ff0f82-193e-559c-b5d4-b38e7877c576', NULL, NULL, NULL);
INSERT INTO "vocabulary"."reference" ("vocabulary_id", "lesson_code") VALUES ('6e231f76-5724-5b3c-acfc-cdee6e2eb3a6', 'GENKI3_L03');
-- いい | good --;
INSERT INTO "vocabulary"."vocabulary" ("id", "word_class_code", "conjugation_kind_code", "jlpt_level", "row_num", "tags", "date_added") VALUES ('349836a3-2523-5f85-a7c1-f85e49c73f27', 'ADJECTIVE', 'I_ADJECTIVE', 5, 225, '{}', '2022-07-24');
INSERT INTO "vocabulary"."definition" ("id", "vocabulary_id", "sort_rank", "value") VALUES ('970b388a-e08a-58d9-a394-ca61746475bf', '349836a3-2523-5f85-a7c1-f85e49c73f27', 1, 'good');
INSERT INTO "vocabulary"."spelling" ("id", "vocabulary_id", "spelling_kind_code", "value") VALUES ('b2569dc0-9d49-5063-a635-9b570bebcfb0', '349836a3-2523-5f85-a7c1-f85e49c73f27', 'HIRAGANA', 'いい');
INSERT INTO "vocabulary"."spelling" ("id", "vocabulary_id", "spelling_kind_code", "value") VALUES ('3d18940c-ce00-57d6-88a8-4b04b1055aac', '349836a3-2523-5f85-a7c1-f85e49c73f27', 'HIRAGANA', 'いい');
INSERT INTO "vocabulary"."linkages" ("vocabulary_id", "preferred_definition_id", "preferred_spelling_id", "phonetic_spelling_id", "alt_phonetic_spelling_id", "kanji_spelling_id", "conjugation_set_id") VALUES ('349836a3-2523-5f85-a7c1-f85e49c73f27', '970b388a-e08a-58d9-a394-ca61746475bf', 'b2569dc0-9d49-5063-a635-9b570bebcfb0', '3d18940c-ce00-57d6-88a8-4b04b1055aac', NULL, NULL, NULL);
INSERT INTO "vocabulary"."reference" ("vocabulary_id", "lesson_code") VALUES ('349836a3-2523-5f85-a7c1-f85e49c73f27', 'GENKI3_L03');
-- 早い | early --;
INSERT INTO "vocabulary"."vocabulary" ("id", "word_class_code", "conjugation_kind_code", "jlpt_level", "row_num", "tags", "date_added") VALUES ('fc5427a3-a54b-5c04-8b36-a570b8e7a72b', 'ADJECTIVE', 'I_ADJECTIVE', 5, 226, '{}', '2022-07-24');
INSERT INTO "vocabulary"."definition" ("id", "vocabulary_id", "sort_rank", "value") VALUES ('8ea06d2f-8e2b-59e6-914a-ce22e2bc70c9', 'fc5427a3-a54b-5c04-8b36-a570b8e7a72b', 1, 'early');
INSERT INTO "vocabulary"."spelling" ("id", "vocabulary_id", "spelling_kind_code", "value") VALUES ('0941cd05-d8fa-5ad2-946e-7ad78a608370', 'fc5427a3-a54b-5c04-8b36-a570b8e7a72b', 'KANJI', '早い');
INSERT INTO "vocabulary"."spelling" ("id", "vocabulary_id", "spelling_kind_code", "value") VALUES ('ab30470d-1d15-5cbe-b0fd-66c6a0fe650b', 'fc5427a3-a54b-5c04-8b36-a570b8e7a72b', 'HIRAGANA', 'はやい');
INSERT INTO "vocabulary"."spelling" ("id", "vocabulary_id", "spelling_kind_code", "value") VALUES ('2eeb84b5-4480-51e1-a6d6-c4f6beddd056', 'fc5427a3-a54b-5c04-8b36-a570b8e7a72b', 'KANJI', '早い');
INSERT INTO "vocabulary"."linkages" ("vocabulary_id", "preferred_definition_id", "preferred_spelling_id", "phonetic_spelling_id", "alt_phonetic_spelling_id", "kanji_spelling_id", "conjugation_set_id") VALUES ('fc5427a3-a54b-5c04-8b36-a570b8e7a72b', '8ea06d2f-8e2b-59e6-914a-ce22e2bc70c9', '0941cd05-d8fa-5ad2-946e-7ad78a608370', 'ab30470d-1d15-5cbe-b0fd-66c6a0fe650b', NULL, '2eeb84b5-4480-51e1-a6d6-c4f6beddd056', NULL);
INSERT INTO "vocabulary"."reference" ("vocabulary_id", "lesson_code") VALUES ('fc5427a3-a54b-5c04-8b36-a570b8e7a72b', 'GENKI3_L03');
-- あまり | not much --;
INSERT INTO "vocabulary"."vocabulary" ("id", "word_class_code", "conjugation_kind_code", "jlpt_level", "row_num", "tags", "date_added") VALUES ('311f8bec-e54c-5317-8880-dfd3e39d23a7', 'ADVERB', NULL, 5, 227, '{}', '2022-07-24');
INSERT INTO "vocabulary"."definition" ("id", "vocabulary_id", "sort_rank", "value") VALUES ('7c8af345-d3b7-5cb6-849d-d1b135a810ad', '311f8bec-e54c-5317-8880-dfd3e39d23a7', 1, 'not much');
INSERT INTO "vocabulary"."spelling" ("id", "vocabulary_id", "spelling_kind_code", "value") VALUES ('582b9fc8-ae4e-512e-8591-28ffd8eae0ea', '311f8bec-e54c-5317-8880-dfd3e39d23a7', 'HIRAGANA', 'あまり');
INSERT INTO "vocabulary"."spelling" ("id", "vocabulary_id", "spelling_kind_code", "value") VALUES ('ebbdb963-4287-5542-b2b3-0fb1fcf03abc', '311f8bec-e54c-5317-8880-dfd3e39d23a7', 'HIRAGANA', 'あまり');
INSERT INTO "vocabulary"."linkages" ("vocabulary_id", "preferred_definition_id", "preferred_spelling_id", "phonetic_spelling_id", "alt_phonetic_spelling_id", "kanji_spelling_id", "conjugation_set_id") VALUES ('311f8bec-e54c-5317-8880-dfd3e39d23a7', '7c8af345-d3b7-5cb6-849d-d1b135a810ad', '582b9fc8-ae4e-512e-8591-28ffd8eae0ea', 'ebbdb963-4287-5542-b2b3-0fb1fcf03abc', NULL, NULL, NULL);
INSERT INTO "vocabulary"."reference" ("vocabulary_id", "lesson_code") VALUES ('311f8bec-e54c-5317-8880-dfd3e39d23a7', 'GENKI3_L03');
-- 全然 | not at all --;
INSERT INTO "vocabulary"."vocabulary" ("id", "word_class_code", "conjugation_kind_code", "jlpt_level", "row_num", "tags", "date_added") VALUES ('1e68ea18-9d69-5761-a463-510eab20d1d3', 'ADVERB', NULL, 3, 228, '{}', '2022-07-24');
INSERT INTO "vocabulary"."definition" ("id", "vocabulary_id", "sort_rank", "value") VALUES ('666d87f1-88ab-552e-9cab-82b16a1bd906', '1e68ea18-9d69-5761-a463-510eab20d1d3', 1, 'not at all');
INSERT INTO "vocabulary"."spelling" ("id", "vocabulary_id", "spelling_kind_code", "value") VALUES ('903705d3-d318-52e0-bccc-a09371ba3f44', '1e68ea18-9d69-5761-a463-510eab20d1d3', 'KANJI', '全然');
INSERT INTO "vocabulary"."spelling" ("id", "vocabulary_id", "spelling_kind_code", "value") VALUES ('c3d8b07f-d2d1-5933-a97f-dc6919f2f2eb', '1e68ea18-9d69-5761-a463-510eab20d1d3', 'HIRAGANA', 'ぜんぜん');
INSERT INTO "vocabulary"."spelling" ("id", "vocabulary_id", "spelling_kind_code", "value") VALUES ('8e5227ae-96af-5c5e-85da-b8c8287b97f2', '1e68ea18-9d69-5761-a463-510eab20d1d3', 'KANJI', '全然');
INSERT INTO "vocabulary"."linkages" ("vocabulary_id", "preferred_definition_id", "preferred_spelling_id", "phonetic_spelling_id", "alt_phonetic_spelling_id", "kanji_spelling_id", "conjugation_set_id") VALUES ('1e68ea18-9d69-5761-a463-510eab20d1d3', '666d87f1-88ab-552e-9cab-82b16a1bd906', '903705d3-d318-52e0-bccc-a09371ba3f44', 'c3d8b07f-d2d1-5933-a97f-dc6919f2f2eb', NULL, '8e5227ae-96af-5c5e-85da-b8c8287b97f2', NULL);
INSERT INTO "vocabulary"."reference" ("vocabulary_id", "lesson_code") VALUES ('1e68ea18-9d69-5761-a463-510eab20d1d3', 'GENKI3_L03');
-- たいてい | usually --;
INSERT INTO "vocabulary"."vocabulary" ("id", "word_class_code", "conjugation_kind_code", "jlpt_level", "row_num", "tags", "date_added") VALUES ('818210e0-641a-56f3-9241-7d24504480e2', 'ADVERB', NULL, 4, 229, '{}', '2022-07-24');
INSERT INTO "vocabulary"."definition" ("id", "vocabulary_id", "sort_rank", "value") VALUES ('279e032e-ff13-58a9-8ad5-454850d63938', '818210e0-641a-56f3-9241-7d24504480e2', 1, 'usually');
INSERT INTO "vocabulary"."spelling" ("id", "vocabulary_id", "spelling_kind_code", "value") VALUES ('e31eba8f-90de-5583-b0ac-9087de32516c', '818210e0-641a-56f3-9241-7d24504480e2', 'HIRAGANA', 'たいてい');
INSERT INTO "vocabulary"."spelling" ("id", "vocabulary_id", "spelling_kind_code", "value") VALUES ('7ee68e37-8bd6-5b1c-9650-5d51dd22bcf1', '818210e0-641a-56f3-9241-7d24504480e2', 'HIRAGANA', 'たいてい');
INSERT INTO "vocabulary"."spelling" ("id", "vocabulary_id", "spelling_kind_code", "value") VALUES ('3439850c-4298-57ed-b993-b061bcdd2aa3', '818210e0-641a-56f3-9241-7d24504480e2', 'KANJI', '大抵');
INSERT INTO "vocabulary"."linkages" ("vocabulary_id", "preferred_definition_id", "preferred_spelling_id", "phonetic_spelling_id", "alt_phonetic_spelling_id", "kanji_spelling_id", "conjugation_set_id") VALUES ('818210e0-641a-56f3-9241-7d24504480e2', '279e032e-ff13-58a9-8ad5-454850d63938', 'e31eba8f-90de-5583-b0ac-9087de32516c', '7ee68e37-8bd6-5b1c-9650-5d51dd22bcf1', NULL, '3439850c-4298-57ed-b993-b061bcdd2aa3', NULL);
INSERT INTO "vocabulary"."reference" ("vocabulary_id", "lesson_code") VALUES ('818210e0-641a-56f3-9241-7d24504480e2', 'GENKI3_L03');
-- ちょっと | a little --;
INSERT INTO "vocabulary"."vocabulary" ("id", "word_class_code", "conjugation_kind_code", "jlpt_level", "row_num", "tags", "date_added") VALUES ('b8b492d0-5612-5ac1-bb4d-15f03e959c89', 'ADVERB', NULL, 5, 230, '{}', '2022-07-24');
INSERT INTO "vocabulary"."definition" ("id", "vocabulary_id", "sort_rank", "value") VALUES ('6b6a6f1f-1013-5f90-8264-db7f08115d14', 'b8b492d0-5612-5ac1-bb4d-15f03e959c89', 1, 'a little');
INSERT INTO "vocabulary"."spelling" ("id", "vocabulary_id", "spelling_kind_code", "value") VALUES ('fa84b470-20a5-5429-a584-ff0733509b5b', 'b8b492d0-5612-5ac1-bb4d-15f03e959c89', 'HIRAGANA', 'ちょっと');
INSERT INTO "vocabulary"."spelling" ("id", "vocabulary_id", "spelling_kind_code", "value") VALUES ('2a5c1df6-3078-5ee4-ac49-a4c8ef1e1608', 'b8b492d0-5612-5ac1-bb4d-15f03e959c89', 'HIRAGANA', 'ちょっと');
INSERT INTO "vocabulary"."spelling" ("id", "vocabulary_id", "spelling_kind_code", "value") VALUES ('5fe65039-8571-5f26-8164-bc25b0759e23', 'b8b492d0-5612-5ac1-bb4d-15f03e959c89', 'KANJI', '一寸');
INSERT INTO "vocabulary"."linkages" ("vocabulary_id", "preferred_definition_id", "preferred_spelling_id", "phonetic_spelling_id", "alt_phonetic_spelling_id", "kanji_spelling_id", "conjugation_set_id") VALUES ('b8b492d0-5612-5ac1-bb4d-15f03e959c89', '6b6a6f1f-1013-5f90-8264-db7f08115d14', 'fa84b470-20a5-5429-a584-ff0733509b5b', '2a5c1df6-3078-5ee4-ac49-a4c8ef1e1608', NULL, '5fe65039-8571-5f26-8164-bc25b0759e23', NULL);
INSERT INTO "vocabulary"."reference" ("vocabulary_id", "lesson_code") VALUES ('b8b492d0-5612-5ac1-bb4d-15f03e959c89', 'GENKI3_L03');
-- 時々 | sometimes --;
INSERT INTO "vocabulary"."vocabulary" ("id", "word_class_code", "conjugation_kind_code", "jlpt_level", "row_num", "tags", "date_added") VALUES ('02115b33-cd19-587a-a3f2-446dea254e33', 'ADVERB', NULL, 5, 231, '{}', '2022-07-24');
INSERT INTO "vocabulary"."definition" ("id", "vocabulary_id", "sort_rank", "value") VALUES ('5092028b-5719-507b-aaa3-2345d1a795d6', '02115b33-cd19-587a-a3f2-446dea254e33', 1, 'sometimes');
INSERT INTO "vocabulary"."spelling" ("id", "vocabulary_id", "spelling_kind_code", "value") VALUES ('7b217010-ca6e-54e6-b4dc-1f4d97cf5359', '02115b33-cd19-587a-a3f2-446dea254e33', 'KANJI', '時々');
INSERT INTO "vocabulary"."spelling" ("id", "vocabulary_id", "spelling_kind_code", "value") VALUES ('ca99e8db-4a68-50f2-81ca-3282ae40580b', '02115b33-cd19-587a-a3f2-446dea254e33', 'HIRAGANA', 'ときどき');
INSERT INTO "vocabulary"."spelling" ("id", "vocabulary_id", "spelling_kind_code", "value") VALUES ('c174d7ba-6198-545c-9c76-27c81f8a1d7b', '02115b33-cd19-587a-a3f2-446dea254e33', 'KANJI', '時々');
INSERT INTO "vocabulary"."linkages" ("vocabulary_id", "preferred_definition_id", "preferred_spelling_id", "phonetic_spelling_id", "alt_phonetic_spelling_id", "kanji_spelling_id", "conjugation_set_id") VALUES ('02115b33-cd19-587a-a3f2-446dea254e33', '5092028b-5719-507b-aaa3-2345d1a795d6', '7b217010-ca6e-54e6-b4dc-1f4d97cf5359', 'ca99e8db-4a68-50f2-81ca-3282ae40580b', NULL, 'c174d7ba-6198-545c-9c76-27c81f8a1d7b', NULL);
INSERT INTO "vocabulary"."reference" ("vocabulary_id", "lesson_code") VALUES ('02115b33-cd19-587a-a3f2-446dea254e33', 'GENKI3_L03');
-- よく | often; much --;
INSERT INTO "vocabulary"."vocabulary" ("id", "word_class_code", "conjugation_kind_code", "jlpt_level", "row_num", "tags", "date_added") VALUES ('d7dc5e63-a1ca-58e6-9c31-047e23342953', 'ADVERB', NULL, NULL, 232, '{}', '2022-07-24');
INSERT INTO "vocabulary"."definition" ("id", "vocabulary_id", "sort_rank", "value") VALUES ('0b5c06ad-86b1-5c89-a9b4-22732c9845a3', 'd7dc5e63-a1ca-58e6-9c31-047e23342953', 1, 'often; much');
INSERT INTO "vocabulary"."spelling" ("id", "vocabulary_id", "spelling_kind_code", "value") VALUES ('edaa37b0-8ac6-5c2a-bb26-06fc358ecf30', 'd7dc5e63-a1ca-58e6-9c31-047e23342953', 'HIRAGANA', 'よく');
INSERT INTO "vocabulary"."spelling" ("id", "vocabulary_id", "spelling_kind_code", "value") VALUES ('0d01d42e-68c9-5430-93a4-4fc9de6af9b2', 'd7dc5e63-a1ca-58e6-9c31-047e23342953', 'HIRAGANA', 'よく');
INSERT INTO "vocabulary"."spelling" ("id", "vocabulary_id", "spelling_kind_code", "value") VALUES ('c748ab1f-58d3-5346-99d3-6b5baf09538b', 'd7dc5e63-a1ca-58e6-9c31-047e23342953', 'KANJI', '良く');
INSERT INTO "vocabulary"."linkages" ("vocabulary_id", "preferred_definition_id", "preferred_spelling_id", "phonetic_spelling_id", "alt_phonetic_spelling_id", "kanji_spelling_id", "conjugation_set_id") VALUES ('d7dc5e63-a1ca-58e6-9c31-047e23342953', '0b5c06ad-86b1-5c89-a9b4-22732c9845a3', 'edaa37b0-8ac6-5c2a-bb26-06fc358ecf30', '0d01d42e-68c9-5430-93a4-4fc9de6af9b2', NULL, 'c748ab1f-58d3-5346-99d3-6b5baf09538b', NULL);
INSERT INTO "vocabulary"."reference" ("vocabulary_id", "lesson_code") VALUES ('d7dc5e63-a1ca-58e6-9c31-047e23342953', 'GENKI3_L03');
-- そうですね | that's so; isn't it? --;
INSERT INTO "vocabulary"."vocabulary" ("id", "word_class_code", "conjugation_kind_code", "jlpt_level", "row_num", "tags", "date_added") VALUES ('31df08c1-4538-5a5f-aa61-af9e88805bd5', 'EXPRESSION', NULL, NULL, 233, '{}', '2022-07-24');
INSERT INTO "vocabulary"."definition" ("id", "vocabulary_id", "sort_rank", "value") VALUES ('a18d4d13-3e5a-590c-b51f-1e176231d8cf', '31df08c1-4538-5a5f-aa61-af9e88805bd5', 1, 'that''s so; isn''t it?');
INSERT INTO "vocabulary"."spelling" ("id", "vocabulary_id", "spelling_kind_code", "value") VALUES ('c1514f7a-a92a-55b1-9ea8-ba3355c3ea7c', '31df08c1-4538-5a5f-aa61-af9e88805bd5', 'HIRAGANA', 'そうですね');
INSERT INTO "vocabulary"."spelling" ("id", "vocabulary_id", "spelling_kind_code", "value") VALUES ('d124b5e7-8c88-5d9d-9232-af21e9926954', '31df08c1-4538-5a5f-aa61-af9e88805bd5', 'HIRAGANA', 'そうですね');
INSERT INTO "vocabulary"."linkages" ("vocabulary_id", "preferred_definition_id", "preferred_spelling_id", "phonetic_spelling_id", "alt_phonetic_spelling_id", "kanji_spelling_id", "conjugation_set_id") VALUES ('31df08c1-4538-5a5f-aa61-af9e88805bd5', 'a18d4d13-3e5a-590c-b51f-1e176231d8cf', 'c1514f7a-a92a-55b1-9ea8-ba3355c3ea7c', 'd124b5e7-8c88-5d9d-9232-af21e9926954', NULL, NULL, NULL);
INSERT INTO "vocabulary"."reference" ("vocabulary_id", "lesson_code") VALUES ('31df08c1-4538-5a5f-aa61-af9e88805bd5', 'GENKI3_L03');
-- でも | but --;
INSERT INTO "vocabulary"."vocabulary" ("id", "word_class_code", "conjugation_kind_code", "jlpt_level", "row_num", "tags", "date_added") VALUES ('7d85fe8c-2226-573f-a219-0f2def303b50', 'CONJUNCTION', NULL, 5, 234, '{}', '2022-07-24');
INSERT INTO "vocabulary"."definition" ("id", "vocabulary_id", "sort_rank", "value") VALUES ('59631eaa-af4c-5e9f-b344-1b1996c2280d', '7d85fe8c-2226-573f-a219-0f2def303b50', 1, 'but');
INSERT INTO "vocabulary"."spelling" ("id", "vocabulary_id", "spelling_kind_code", "value") VALUES ('d3e5f50d-3645-518a-87d0-a004f692cd1e', '7d85fe8c-2226-573f-a219-0f2def303b50', 'HIRAGANA', 'でも');
INSERT INTO "vocabulary"."spelling" ("id", "vocabulary_id", "spelling_kind_code", "value") VALUES ('1c7a9a4f-0d8e-50a7-8864-2a495195fbce', '7d85fe8c-2226-573f-a219-0f2def303b50', 'HIRAGANA', 'でも');
INSERT INTO "vocabulary"."linkages" ("vocabulary_id", "preferred_definition_id", "preferred_spelling_id", "phonetic_spelling_id", "alt_phonetic_spelling_id", "kanji_spelling_id", "conjugation_set_id") VALUES ('7d85fe8c-2226-573f-a219-0f2def303b50', '59631eaa-af4c-5e9f-b344-1b1996c2280d', 'd3e5f50d-3645-518a-87d0-a004f692cd1e', '1c7a9a4f-0d8e-50a7-8864-2a495195fbce', NULL, NULL, NULL);
INSERT INTO "vocabulary"."reference" ("vocabulary_id", "lesson_code") VALUES ('7d85fe8c-2226-573f-a219-0f2def303b50', 'GENKI3_L03');
-- どうですか | How about...?, How is...? --;
INSERT INTO "vocabulary"."vocabulary" ("id", "word_class_code", "conjugation_kind_code", "jlpt_level", "row_num", "tags", "date_added") VALUES ('4fe504e0-3bf5-5480-98e6-5e626dddc417', 'EXPRESSION', NULL, NULL, 235, '{}', '2022-07-24');
INSERT INTO "vocabulary"."definition" ("id", "vocabulary_id", "sort_rank", "value") VALUES ('a65b36e6-b2c6-5122-9084-65242bbb00e7', '4fe504e0-3bf5-5480-98e6-5e626dddc417', 1, 'How about...?, How is...?');
INSERT INTO "vocabulary"."spelling" ("id", "vocabulary_id", "spelling_kind_code", "value") VALUES ('f327a6ae-c1b0-50f9-9f50-bdbe521a31e9', '4fe504e0-3bf5-5480-98e6-5e626dddc417', 'HIRAGANA', 'どうですか');
INSERT INTO "vocabulary"."spelling" ("id", "vocabulary_id", "spelling_kind_code", "value") VALUES ('d76219da-2c11-54e6-a0cd-17876991e91a', '4fe504e0-3bf5-5480-98e6-5e626dddc417', 'HIRAGANA', 'どうですか');
INSERT INTO "vocabulary"."linkages" ("vocabulary_id", "preferred_definition_id", "preferred_spelling_id", "phonetic_spelling_id", "alt_phonetic_spelling_id", "kanji_spelling_id", "conjugation_set_id") VALUES ('4fe504e0-3bf5-5480-98e6-5e626dddc417', 'a65b36e6-b2c6-5122-9084-65242bbb00e7', 'f327a6ae-c1b0-50f9-9f50-bdbe521a31e9', 'd76219da-2c11-54e6-a0cd-17876991e91a', NULL, NULL, NULL);
INSERT INTO "vocabulary"."reference" ("vocabulary_id", "lesson_code") VALUES ('4fe504e0-3bf5-5480-98e6-5e626dddc417', 'GENKI3_L03');
-- みんな | everyone; everybody --;
INSERT INTO "vocabulary"."vocabulary" ("id", "word_class_code", "conjugation_kind_code", "jlpt_level", "row_num", "tags", "date_added") VALUES ('50ec881b-73e0-502b-8316-3d67e8dababb', 'NOUN', NULL, 5, 236, '{}', '2022-07-24');
INSERT INTO "vocabulary"."definition" ("id", "vocabulary_id", "sort_rank", "value") VALUES ('3d55cada-4ecb-5717-b042-6fbebecb8f0f', '50ec881b-73e0-502b-8316-3d67e8dababb', 1, 'everyone; everybody');
INSERT INTO "vocabulary"."spelling" ("id", "vocabulary_id", "spelling_kind_code", "value") VALUES ('09e239ca-0c97-57c7-a8d7-dae5d94d5520', '50ec881b-73e0-502b-8316-3d67e8dababb', 'HIRAGANA', 'みんな');
INSERT INTO "vocabulary"."spelling" ("id", "vocabulary_id", "spelling_kind_code", "value") VALUES ('714b1fb1-9667-5c48-8718-6b417c6c8bad', '50ec881b-73e0-502b-8316-3d67e8dababb', 'HIRAGANA', 'みんな');
INSERT INTO "vocabulary"."spelling" ("id", "vocabulary_id", "spelling_kind_code", "value") VALUES ('c77298de-87d4-5973-bf3c-f43e074e0752', '50ec881b-73e0-502b-8316-3d67e8dababb', 'KANJI', '皆');
INSERT INTO "vocabulary"."linkages" ("vocabulary_id", "preferred_definition_id", "preferred_spelling_id", "phonetic_spelling_id", "alt_phonetic_spelling_id", "kanji_spelling_id", "conjugation_set_id") VALUES ('50ec881b-73e0-502b-8316-3d67e8dababb', '3d55cada-4ecb-5717-b042-6fbebecb8f0f', '09e239ca-0c97-57c7-a8d7-dae5d94d5520', '714b1fb1-9667-5c48-8718-6b417c6c8bad', NULL, 'c77298de-87d4-5973-bf3c-f43e074e0752', NULL);
-- 大丈夫 | i'm okay; no problem --;
INSERT INTO "vocabulary"."vocabulary" ("id", "word_class_code", "conjugation_kind_code", "jlpt_level", "row_num", "tags", "date_added") VALUES ('f5f775ad-523f-5888-b269-fcb13c1c1051', 'EXPRESSION', NULL, 5, 237, '{}', '2022-07-24');
INSERT INTO "vocabulary"."definition" ("id", "vocabulary_id", "sort_rank", "value") VALUES ('90dff9d0-b534-5872-b738-39842ab33a63', 'f5f775ad-523f-5888-b269-fcb13c1c1051', 1, 'i''m okay; no problem');
INSERT INTO "vocabulary"."spelling" ("id", "vocabulary_id", "spelling_kind_code", "value") VALUES ('8b033b71-441f-5c07-bfaa-1873d6aa0744', 'f5f775ad-523f-5888-b269-fcb13c1c1051', 'KANJI', '大丈夫');
INSERT INTO "vocabulary"."spelling" ("id", "vocabulary_id", "spelling_kind_code", "value") VALUES ('d650a56b-a3af-59ae-831d-7c0d77ed9568', 'f5f775ad-523f-5888-b269-fcb13c1c1051', 'HIRAGANA', 'だいじょうぶ');
INSERT INTO "vocabulary"."spelling" ("id", "vocabulary_id", "spelling_kind_code", "value") VALUES ('d738adea-44c5-53d0-a150-8274bd2f51b6', 'f5f775ad-523f-5888-b269-fcb13c1c1051', 'KANJI', '大丈夫');
INSERT INTO "vocabulary"."linkages" ("vocabulary_id", "preferred_definition_id", "preferred_spelling_id", "phonetic_spelling_id", "alt_phonetic_spelling_id", "kanji_spelling_id", "conjugation_set_id") VALUES ('f5f775ad-523f-5888-b269-fcb13c1c1051', '90dff9d0-b534-5872-b738-39842ab33a63', '8b033b71-441f-5c07-bfaa-1873d6aa0744', 'd650a56b-a3af-59ae-831d-7c0d77ed9568', NULL, 'd738adea-44c5-53d0-a150-8274bd2f51b6', NULL);
INSERT INTO "vocabulary"."reference" ("vocabulary_id", "lesson_code") VALUES ('f5f775ad-523f-5888-b269-fcb13c1c1051', 'GENKI3_L05');
-- 大丈夫です | I'm okay; no thank you; it's all right --;
INSERT INTO "vocabulary"."vocabulary" ("id", "word_class_code", "conjugation_kind_code", "jlpt_level", "row_num", "tags", "date_added") VALUES ('6ae314ed-22ae-5a5f-8e43-c5165e6eb3a1', 'EXPRESSION', NULL, NULL, 238, '{}', '2022-07-24');
INSERT INTO "vocabulary"."definition" ("id", "vocabulary_id", "sort_rank", "value") VALUES ('76e4bac6-68ee-5b12-ba72-000bf0cbc25b', '6ae314ed-22ae-5a5f-8e43-c5165e6eb3a1', 1, 'I''m okay; no thank you; it''s all right');
INSERT INTO "vocabulary"."spelling" ("id", "vocabulary_id", "spelling_kind_code", "value") VALUES ('e96e872b-6773-5cee-907d-14e0fd22a95c', '6ae314ed-22ae-5a5f-8e43-c5165e6eb3a1', 'KANJI', '大丈夫です');
INSERT INTO "vocabulary"."spelling" ("id", "vocabulary_id", "spelling_kind_code", "value") VALUES ('0033c2c7-ea74-5456-81a2-d4072a0bcacd', '6ae314ed-22ae-5a5f-8e43-c5165e6eb3a1', 'HIRAGANA', 'だいじょうぶです');
INSERT INTO "vocabulary"."spelling" ("id", "vocabulary_id", "spelling_kind_code", "value") VALUES ('61cd96e2-d997-5c94-85a2-58fccbfd0ce6', '6ae314ed-22ae-5a5f-8e43-c5165e6eb3a1', 'KANJI', '大丈夫です');
INSERT INTO "vocabulary"."linkages" ("vocabulary_id", "preferred_definition_id", "preferred_spelling_id", "phonetic_spelling_id", "alt_phonetic_spelling_id", "kanji_spelling_id", "conjugation_set_id") VALUES ('6ae314ed-22ae-5a5f-8e43-c5165e6eb3a1', '76e4bac6-68ee-5b12-ba72-000bf0cbc25b', 'e96e872b-6773-5cee-907d-14e0fd22a95c', '0033c2c7-ea74-5456-81a2-d4072a0bcacd', NULL, '61cd96e2-d997-5c94-85a2-58fccbfd0ce6', NULL);
-- 少し | little quantity; few --;
INSERT INTO "vocabulary"."vocabulary" ("id", "word_class_code", "conjugation_kind_code", "jlpt_level", "row_num", "tags", "date_added") VALUES ('8640d0ab-1efc-5b18-a49c-564f8e53d65c', 'ADVERB', NULL, 5, 239, '{}', '2022-07-24');
INSERT INTO "vocabulary"."definition" ("id", "vocabulary_id", "sort_rank", "value") VALUES ('3141cb54-c49b-52c9-8489-a7bb8017e86d', '8640d0ab-1efc-5b18-a49c-564f8e53d65c', 1, 'little quantity; few');
INSERT INTO "vocabulary"."spelling" ("id", "vocabulary_id", "spelling_kind_code", "value") VALUES ('024b5310-dd7d-52af-b581-fab07ca3ea4c', '8640d0ab-1efc-5b18-a49c-564f8e53d65c', 'KANJI', '少し');
INSERT INTO "vocabulary"."spelling" ("id", "vocabulary_id", "spelling_kind_code", "value") VALUES ('c6189172-3752-527e-908b-ae3035d07115', '8640d0ab-1efc-5b18-a49c-564f8e53d65c', 'HIRAGANA', 'すこし');
INSERT INTO "vocabulary"."spelling" ("id", "vocabulary_id", "spelling_kind_code", "value") VALUES ('bb551800-d04c-5e36-a505-37c96f8c9e99', '8640d0ab-1efc-5b18-a49c-564f8e53d65c', 'KANJI', '少し');
INSERT INTO "vocabulary"."linkages" ("vocabulary_id", "preferred_definition_id", "preferred_spelling_id", "phonetic_spelling_id", "alt_phonetic_spelling_id", "kanji_spelling_id", "conjugation_set_id") VALUES ('8640d0ab-1efc-5b18-a49c-564f8e53d65c', '3141cb54-c49b-52c9-8489-a7bb8017e86d', '024b5310-dd7d-52af-b581-fab07ca3ea4c', 'c6189172-3752-527e-908b-ae3035d07115', NULL, 'bb551800-d04c-5e36-a505-37c96f8c9e99', NULL);
-- また | again, once more; also, too, as well --;
INSERT INTO "vocabulary"."vocabulary" ("id", "word_class_code", "conjugation_kind_code", "jlpt_level", "row_num", "tags", "date_added") VALUES ('ecb81156-ea05-44c8-bea0-9e5c199c1c4b', 'ADVERB', NULL, 5, 240, '{}', '2022-08-08');
INSERT INTO "vocabulary"."definition" ("id", "vocabulary_id", "sort_rank", "value") VALUES ('1862872e-f3ce-5be9-b851-a1bf0ef8c1f2', 'ecb81156-ea05-44c8-bea0-9e5c199c1c4b', 1, 'again, once more; also, too, as well');
INSERT INTO "vocabulary"."spelling" ("id", "vocabulary_id", "spelling_kind_code", "value") VALUES ('4ce0e249-9c1f-55a3-be7a-e12a8f8cd65d', 'ecb81156-ea05-44c8-bea0-9e5c199c1c4b', 'HIRAGANA', 'また');
INSERT INTO "vocabulary"."spelling" ("id", "vocabulary_id", "spelling_kind_code", "value") VALUES ('f36cb44e-4127-52c9-8256-59508aa2430e', 'ecb81156-ea05-44c8-bea0-9e5c199c1c4b', 'HIRAGANA', 'また');
INSERT INTO "vocabulary"."spelling" ("id", "vocabulary_id", "spelling_kind_code", "value") VALUES ('cb90b895-6922-5b37-8dfe-95bc58bcd6d9', 'ecb81156-ea05-44c8-bea0-9e5c199c1c4b', 'KANJI', '又');
INSERT INTO "vocabulary"."linkages" ("vocabulary_id", "preferred_definition_id", "preferred_spelling_id", "phonetic_spelling_id", "alt_phonetic_spelling_id", "kanji_spelling_id", "conjugation_set_id") VALUES ('ecb81156-ea05-44c8-bea0-9e5c199c1c4b', '1862872e-f3ce-5be9-b851-a1bf0ef8c1f2', '4ce0e249-9c1f-55a3-be7a-e12a8f8cd65d', 'f36cb44e-4127-52c9-8256-59508aa2430e', NULL, 'cb90b895-6922-5b37-8dfe-95bc58bcd6d9', NULL);
-- またね | bye; see you again later --;
INSERT INTO "vocabulary"."vocabulary" ("id", "word_class_code", "conjugation_kind_code", "jlpt_level", "row_num", "tags", "date_added") VALUES ('820e130a-a772-413e-a754-d1a0021bbcf5', 'INTERJECTION', NULL, NULL, 241, '{}', '2022-08-08');
INSERT INTO "vocabulary"."definition" ("id", "vocabulary_id", "sort_rank", "value") VALUES ('4e4bece0-689d-58e0-9227-29cb871953f3', '820e130a-a772-413e-a754-d1a0021bbcf5', 1, 'bye; see you again later');
INSERT INTO "vocabulary"."spelling" ("id", "vocabulary_id", "spelling_kind_code", "value") VALUES ('1920824f-f54d-5d14-8588-c20a36a83c62', '820e130a-a772-413e-a754-d1a0021bbcf5', 'HIRAGANA', 'またね');
INSERT INTO "vocabulary"."spelling" ("id", "vocabulary_id", "spelling_kind_code", "value") VALUES ('679d1132-92b1-57a6-af16-3102a4cbe017', '820e130a-a772-413e-a754-d1a0021bbcf5', 'HIRAGANA', 'またね');
INSERT INTO "vocabulary"."linkages" ("vocabulary_id", "preferred_definition_id", "preferred_spelling_id", "phonetic_spelling_id", "alt_phonetic_spelling_id", "kanji_spelling_id", "conjugation_set_id") VALUES ('820e130a-a772-413e-a754-d1a0021bbcf5', '4e4bece0-689d-58e0-9227-29cb871953f3', '1920824f-f54d-5d14-8588-c20a36a83c62', '679d1132-92b1-57a6-af16-3102a4cbe017', NULL, NULL, NULL);
-- じゃね | bye; see you --;
INSERT INTO "vocabulary"."vocabulary" ("id", "word_class_code", "conjugation_kind_code", "jlpt_level", "row_num", "tags", "date_added") VALUES ('82223749-3af6-4348-b0f0-a0addad0ddf2', 'INTERJECTION', NULL, NULL, 242, '{}', '2022-08-08');
INSERT INTO "vocabulary"."definition" ("id", "vocabulary_id", "sort_rank", "value") VALUES ('99677b2c-38c5-543a-aa64-f7a7620485ec', '82223749-3af6-4348-b0f0-a0addad0ddf2', 1, 'bye; see you');
INSERT INTO "vocabulary"."spelling" ("id", "vocabulary_id", "spelling_kind_code", "value") VALUES ('51d10a36-abda-5b85-9f79-0380365747fd', '82223749-3af6-4348-b0f0-a0addad0ddf2', 'HIRAGANA', 'じゃね');
INSERT INTO "vocabulary"."spelling" ("id", "vocabulary_id", "spelling_kind_code", "value") VALUES ('8cd2e002-a760-5aaa-89ac-ed109294b613', '82223749-3af6-4348-b0f0-a0addad0ddf2', 'HIRAGANA', 'じゃあね');
INSERT INTO "vocabulary"."spelling" ("id", "vocabulary_id", "spelling_kind_code", "value") VALUES ('c994ec55-d556-5877-9edd-ad2341651ae2', '82223749-3af6-4348-b0f0-a0addad0ddf2', 'HIRAGANA', 'じゃね');
INSERT INTO "vocabulary"."linkages" ("vocabulary_id", "preferred_definition_id", "preferred_spelling_id", "phonetic_spelling_id", "alt_phonetic_spelling_id", "kanji_spelling_id", "conjugation_set_id") VALUES ('82223749-3af6-4348-b0f0-a0addad0ddf2', '99677b2c-38c5-543a-aa64-f7a7620485ec', '51d10a36-abda-5b85-9f79-0380365747fd', '8cd2e002-a760-5aaa-89ac-ed109294b613', 'c994ec55-d556-5877-9edd-ad2341651ae2', NULL, NULL);
-- おめでとう | congratulations, well done, best wishes --;
INSERT INTO "vocabulary"."vocabulary" ("id", "word_class_code", "conjugation_kind_code", "jlpt_level", "row_num", "tags", "date_added") VALUES ('f64a8d64-a48c-5f1e-b7f0-e9e805646472', 'INTERJECTION', NULL, 3, 243, '{}', '2022-08-08');
INSERT INTO "vocabulary"."definition" ("id", "vocabulary_id", "sort_rank", "value") VALUES ('90c4b0f2-5c04-5be2-b1e5-964613d13d3a', 'f64a8d64-a48c-5f1e-b7f0-e9e805646472', 1, 'congratulations, well done, best wishes');
INSERT INTO "vocabulary"."spelling" ("id", "vocabulary_id", "spelling_kind_code", "value") VALUES ('bda480a9-b2a7-5085-ac48-1ce69ebc89de', 'f64a8d64-a48c-5f1e-b7f0-e9e805646472', 'HIRAGANA', 'おめでとう');
INSERT INTO "vocabulary"."spelling" ("id", "vocabulary_id", "spelling_kind_code", "value") VALUES ('321bb6e1-0687-560f-a1c4-b16dead2e497', 'f64a8d64-a48c-5f1e-b7f0-e9e805646472', 'HIRAGANA', 'おめでとう');
INSERT INTO "vocabulary"."linkages" ("vocabulary_id", "preferred_definition_id", "preferred_spelling_id", "phonetic_spelling_id", "alt_phonetic_spelling_id", "kanji_spelling_id", "conjugation_set_id") VALUES ('f64a8d64-a48c-5f1e-b7f0-e9e805646472', '90c4b0f2-5c04-5be2-b1e5-964613d13d3a', 'bda480a9-b2a7-5085-ac48-1ce69ebc89de', '321bb6e1-0687-560f-a1c4-b16dead2e497', NULL, NULL, NULL);
-- 頑張る | to persist; to do one's best; to keep at it --;
INSERT INTO "vocabulary"."vocabulary" ("id", "word_class_code", "conjugation_kind_code", "jlpt_level", "row_num", "tags", "date_added") VALUES ('a8f00f2e-c5dc-58d6-8225-376fbd35544f', 'VERB', 'GODAN_VERB', NULL, 244, '{}', '2022-08-12');
INSERT INTO "vocabulary"."definition" ("id", "vocabulary_id", "sort_rank", "value") VALUES ('9b4d9a00-01cc-524c-a2fd-0f38727b9e0a', 'a8f00f2e-c5dc-58d6-8225-376fbd35544f', 1, 'to persist; to do one''s best; to keep at it');
INSERT INTO "vocabulary"."spelling" ("id", "vocabulary_id", "spelling_kind_code", "value") VALUES ('8d4d9307-a8b7-50c8-b07d-ac6247e58997', 'a8f00f2e-c5dc-58d6-8225-376fbd35544f', 'KANJI', '頑張る');
INSERT INTO "vocabulary"."spelling" ("id", "vocabulary_id", "spelling_kind_code", "value") VALUES ('3a976d15-26a9-5d82-9de3-53abd088d601', 'a8f00f2e-c5dc-58d6-8225-376fbd35544f', 'HIRAGANA', 'がんばる');
INSERT INTO "vocabulary"."spelling" ("id", "vocabulary_id", "spelling_kind_code", "value") VALUES ('2f7069bf-a7f9-5978-aef1-f980506fb63d', 'a8f00f2e-c5dc-58d6-8225-376fbd35544f', 'KANJI', '頑張る');
INSERT INTO "vocabulary"."linkages" ("vocabulary_id", "preferred_definition_id", "preferred_spelling_id", "phonetic_spelling_id", "alt_phonetic_spelling_id", "kanji_spelling_id", "conjugation_set_id") VALUES ('a8f00f2e-c5dc-58d6-8225-376fbd35544f', '9b4d9a00-01cc-524c-a2fd-0f38727b9e0a', '8d4d9307-a8b7-50c8-b07d-ac6247e58997', '3a976d15-26a9-5d82-9de3-53abd088d601', NULL, '2f7069bf-a7f9-5978-aef1-f980506fb63d', NULL);
-- 好き | like --;
INSERT INTO "vocabulary"."vocabulary" ("id", "word_class_code", "conjugation_kind_code", "jlpt_level", "row_num", "tags", "date_added") VALUES ('dbecb5a9-82dd-5c17-ba84-c7887cf58ce8', 'ADJECTIVE', 'NA_ADJECTIVE', 5, 245, '{}', '2022-08-12');
INSERT INTO "vocabulary"."definition" ("id", "vocabulary_id", "sort_rank", "value") VALUES ('d21d22d8-d38d-5967-bfcd-d1792bfa2037', 'dbecb5a9-82dd-5c17-ba84-c7887cf58ce8', 1, 'like');
INSERT INTO "vocabulary"."spelling" ("id", "vocabulary_id", "spelling_kind_code", "value") VALUES ('663ab235-b8ac-5194-a73e-0d0234f5f3e0', 'dbecb5a9-82dd-5c17-ba84-c7887cf58ce8', 'KANJI', '好き');
INSERT INTO "vocabulary"."spelling" ("id", "vocabulary_id", "spelling_kind_code", "value") VALUES ('ea9f7eb8-b088-57ad-a7db-22fddb7b31d2', 'dbecb5a9-82dd-5c17-ba84-c7887cf58ce8', 'HIRAGANA', 'すき');
INSERT INTO "vocabulary"."spelling" ("id", "vocabulary_id", "spelling_kind_code", "value") VALUES ('ee58e755-62bb-51e9-8476-f81239b6dfac', 'dbecb5a9-82dd-5c17-ba84-c7887cf58ce8', 'KANJI', '好き');
INSERT INTO "vocabulary"."linkages" ("vocabulary_id", "preferred_definition_id", "preferred_spelling_id", "phonetic_spelling_id", "alt_phonetic_spelling_id", "kanji_spelling_id", "conjugation_set_id") VALUES ('dbecb5a9-82dd-5c17-ba84-c7887cf58ce8', 'd21d22d8-d38d-5967-bfcd-d1792bfa2037', '663ab235-b8ac-5194-a73e-0d0234f5f3e0', 'ea9f7eb8-b088-57ad-a7db-22fddb7b31d2', NULL, 'ee58e755-62bb-51e9-8476-f81239b6dfac', NULL);
INSERT INTO "vocabulary"."reference" ("vocabulary_id", "lesson_code") VALUES ('dbecb5a9-82dd-5c17-ba84-c7887cf58ce8', 'DUO_01_02');
INSERT INTO "vocabulary"."reference" ("vocabulary_id", "lesson_code") VALUES ('dbecb5a9-82dd-5c17-ba84-c7887cf58ce8', 'DUO_U01');
-- ドキドキ | thump-thump; to beat fast --;
INSERT INTO "vocabulary"."vocabulary" ("id", "word_class_code", "conjugation_kind_code", "jlpt_level", "row_num", "tags", "date_added") VALUES ('9723a3d5-9c7a-5674-a377-5d5c1220438d', 'ADVERB', NULL, 2, 246, '{}', '2022-08-12');
INSERT INTO "vocabulary"."definition" ("id", "vocabulary_id", "sort_rank", "value") VALUES ('4c7acea0-cac9-5961-96d5-1b1514e68127', '9723a3d5-9c7a-5674-a377-5d5c1220438d', 1, 'thump-thump; to beat fast');
INSERT INTO "vocabulary"."spelling" ("id", "vocabulary_id", "spelling_kind_code", "value") VALUES ('bdfe78da-c726-544a-8578-f523112b0046', '9723a3d5-9c7a-5674-a377-5d5c1220438d', 'KATAKANA', 'ドキドキ');
INSERT INTO "vocabulary"."spelling" ("id", "vocabulary_id", "spelling_kind_code", "value") VALUES ('5e6fa305-ab03-5c42-88ae-76da7de2b985', '9723a3d5-9c7a-5674-a377-5d5c1220438d', 'HIRAGANA', 'どきどき');
INSERT INTO "vocabulary"."linkages" ("vocabulary_id", "preferred_definition_id", "preferred_spelling_id", "phonetic_spelling_id", "alt_phonetic_spelling_id", "kanji_spelling_id", "conjugation_set_id") VALUES ('9723a3d5-9c7a-5674-a377-5d5c1220438d', '4c7acea0-cac9-5961-96d5-1b1514e68127', 'bdfe78da-c726-544a-8578-f523112b0046', '5e6fa305-ab03-5c42-88ae-76da7de2b985', NULL, NULL, NULL);
-- 春 | spring --;
INSERT INTO "vocabulary"."vocabulary" ("id", "word_class_code", "conjugation_kind_code", "jlpt_level", "row_num", "tags", "date_added") VALUES ('114b67a6-53f1-58a1-bacd-29661af2a808', 'NOUN', NULL, 5, 247, '{season}', '2022-08-12');
INSERT INTO "vocabulary"."definition" ("id", "vocabulary_id", "sort_rank", "value") VALUES ('cfb20a7a-a0be-5a99-ac73-da70dbecd0dd', '114b67a6-53f1-58a1-bacd-29661af2a808', 1, 'spring');
INSERT INTO "vocabulary"."spelling" ("id", "vocabulary_id", "spelling_kind_code", "value") VALUES ('4b3c0988-e8a7-5a9f-9910-ceac45409d48', '114b67a6-53f1-58a1-bacd-29661af2a808', 'KANJI', '春');
INSERT INTO "vocabulary"."spelling" ("id", "vocabulary_id", "spelling_kind_code", "value") VALUES ('e9d9af39-9543-5f52-b0b0-9a322115179d', '114b67a6-53f1-58a1-bacd-29661af2a808', 'HIRAGANA', 'はる');
INSERT INTO "vocabulary"."spelling" ("id", "vocabulary_id", "spelling_kind_code", "value") VALUES ('a184a0d0-ceac-5904-88fe-97943c478bed', '114b67a6-53f1-58a1-bacd-29661af2a808', 'KANJI', '春');
INSERT INTO "vocabulary"."linkages" ("vocabulary_id", "preferred_definition_id", "preferred_spelling_id", "phonetic_spelling_id", "alt_phonetic_spelling_id", "kanji_spelling_id", "conjugation_set_id") VALUES ('114b67a6-53f1-58a1-bacd-29661af2a808', 'cfb20a7a-a0be-5a99-ac73-da70dbecd0dd', '4b3c0988-e8a7-5a9f-9910-ceac45409d48', 'e9d9af39-9543-5f52-b0b0-9a322115179d', NULL, 'a184a0d0-ceac-5904-88fe-97943c478bed', NULL);
-- 夏 | summer --;
INSERT INTO "vocabulary"."vocabulary" ("id", "word_class_code", "conjugation_kind_code", "jlpt_level", "row_num", "tags", "date_added") VALUES ('cd1adf28-7497-5c5f-ab0f-ecfaedc6e345', 'NOUN', NULL, 5, 248, '{season}', '2022-08-12');
INSERT INTO "vocabulary"."definition" ("id", "vocabulary_id", "sort_rank", "value") VALUES ('023560a0-f136-5b33-8e58-9f7359a1bbf2', 'cd1adf28-7497-5c5f-ab0f-ecfaedc6e345', 1, 'summer');
INSERT INTO "vocabulary"."spelling" ("id", "vocabulary_id", "spelling_kind_code", "value") VALUES ('0a130ca5-0a38-5d5f-9f04-ba6f4f415197', 'cd1adf28-7497-5c5f-ab0f-ecfaedc6e345', 'KANJI', '夏');
INSERT INTO "vocabulary"."spelling" ("id", "vocabulary_id", "spelling_kind_code", "value") VALUES ('e64f44eb-411b-5021-8fa2-e3c6035f5965', 'cd1adf28-7497-5c5f-ab0f-ecfaedc6e345', 'HIRAGANA', 'なつ');
INSERT INTO "vocabulary"."spelling" ("id", "vocabulary_id", "spelling_kind_code", "value") VALUES ('6a140b03-bdad-522a-a05d-c7001d481a5a', 'cd1adf28-7497-5c5f-ab0f-ecfaedc6e345', 'KANJI', '夏');
INSERT INTO "vocabulary"."linkages" ("vocabulary_id", "preferred_definition_id", "preferred_spelling_id", "phonetic_spelling_id", "alt_phonetic_spelling_id", "kanji_spelling_id", "conjugation_set_id") VALUES ('cd1adf28-7497-5c5f-ab0f-ecfaedc6e345', '023560a0-f136-5b33-8e58-9f7359a1bbf2', '0a130ca5-0a38-5d5f-9f04-ba6f4f415197', 'e64f44eb-411b-5021-8fa2-e3c6035f5965', NULL, '6a140b03-bdad-522a-a05d-c7001d481a5a', NULL);
INSERT INTO "vocabulary"."reference" ("vocabulary_id", "lesson_code") VALUES ('cd1adf28-7497-5c5f-ab0f-ecfaedc6e345', 'DUO_01_02');
INSERT INTO "vocabulary"."reference" ("vocabulary_id", "lesson_code") VALUES ('cd1adf28-7497-5c5f-ab0f-ecfaedc6e345', 'DUO_U01');
-- 秋 | fall --;
INSERT INTO "vocabulary"."vocabulary" ("id", "word_class_code", "conjugation_kind_code", "jlpt_level", "row_num", "tags", "date_added") VALUES ('580fd4b9-e1ae-5e7b-a257-25f2fa55a899', 'NOUN', NULL, 5, 249, '{season}', '2022-08-12');
INSERT INTO "vocabulary"."definition" ("id", "vocabulary_id", "sort_rank", "value") VALUES ('3303107e-fd66-56df-a53a-617207d64918', '580fd4b9-e1ae-5e7b-a257-25f2fa55a899', 1, 'fall');
INSERT INTO "vocabulary"."spelling" ("id", "vocabulary_id", "spelling_kind_code", "value") VALUES ('3ecc6af9-c135-5ae5-abb2-0ac4dd6997f5', '580fd4b9-e1ae-5e7b-a257-25f2fa55a899', 'KANJI', '秋');
INSERT INTO "vocabulary"."spelling" ("id", "vocabulary_id", "spelling_kind_code", "value") VALUES ('aa51aa1d-4bc6-5730-9478-ecb8ea628b40', '580fd4b9-e1ae-5e7b-a257-25f2fa55a899', 'HIRAGANA', 'あき');
INSERT INTO "vocabulary"."spelling" ("id", "vocabulary_id", "spelling_kind_code", "value") VALUES ('477b26ca-e10d-5802-aee1-ec05a2c50b51', '580fd4b9-e1ae-5e7b-a257-25f2fa55a899', 'KANJI', '秋');
INSERT INTO "vocabulary"."linkages" ("vocabulary_id", "preferred_definition_id", "preferred_spelling_id", "phonetic_spelling_id", "alt_phonetic_spelling_id", "kanji_spelling_id", "conjugation_set_id") VALUES ('580fd4b9-e1ae-5e7b-a257-25f2fa55a899', '3303107e-fd66-56df-a53a-617207d64918', '3ecc6af9-c135-5ae5-abb2-0ac4dd6997f5', 'aa51aa1d-4bc6-5730-9478-ecb8ea628b40', NULL, '477b26ca-e10d-5802-aee1-ec05a2c50b51', NULL);
-- 冬 | winter --;
INSERT INTO "vocabulary"."vocabulary" ("id", "word_class_code", "conjugation_kind_code", "jlpt_level", "row_num", "tags", "date_added") VALUES ('f9e87b50-2575-5141-98c9-1d6f96fa0ade', 'NOUN', NULL, 5, 250, '{season}', '2022-08-12');
INSERT INTO "vocabulary"."definition" ("id", "vocabulary_id", "sort_rank", "value") VALUES ('b284a0d3-1b32-5daf-8daf-6ee0142f3f47', 'f9e87b50-2575-5141-98c9-1d6f96fa0ade', 1, 'winter');
INSERT INTO "vocabulary"."spelling" ("id", "vocabulary_id", "spelling_kind_code", "value") VALUES ('2c1d1a6f-b4de-5239-af7d-ec70bf1db958', 'f9e87b50-2575-5141-98c9-1d6f96fa0ade', 'KANJI', '冬');
INSERT INTO "vocabulary"."spelling" ("id", "vocabulary_id", "spelling_kind_code", "value") VALUES ('e08ec4fb-e071-5305-8487-fb6dbeac8a53', 'f9e87b50-2575-5141-98c9-1d6f96fa0ade', 'HIRAGANA', 'ふゆ');
INSERT INTO "vocabulary"."spelling" ("id", "vocabulary_id", "spelling_kind_code", "value") VALUES ('77da31c6-4134-5e7a-a305-e6bd02146131', 'f9e87b50-2575-5141-98c9-1d6f96fa0ade', 'KANJI', '冬');
INSERT INTO "vocabulary"."linkages" ("vocabulary_id", "preferred_definition_id", "preferred_spelling_id", "phonetic_spelling_id", "alt_phonetic_spelling_id", "kanji_spelling_id", "conjugation_set_id") VALUES ('f9e87b50-2575-5141-98c9-1d6f96fa0ade', 'b284a0d3-1b32-5daf-8daf-6ee0142f3f47', '2c1d1a6f-b4de-5239-af7d-ec70bf1db958', 'e08ec4fb-e071-5305-8487-fb6dbeac8a53', NULL, '77da31c6-4134-5e7a-a305-e6bd02146131', NULL);
INSERT INTO "vocabulary"."reference" ("vocabulary_id", "lesson_code") VALUES ('f9e87b50-2575-5141-98c9-1d6f96fa0ade', 'DUO_01_02');
INSERT INTO "vocabulary"."reference" ("vocabulary_id", "lesson_code") VALUES ('f9e87b50-2575-5141-98c9-1d6f96fa0ade', 'DUO_U01');
-- 白 | white --;
INSERT INTO "vocabulary"."vocabulary" ("id", "word_class_code", "conjugation_kind_code", "jlpt_level", "row_num", "tags", "date_added") VALUES ('300c2bc3-fa11-54b9-a12f-1f663986f8ce', 'NOUN', NULL, 5, 251, '{color}', '2022-08-12');
INSERT INTO "vocabulary"."definition" ("id", "vocabulary_id", "sort_rank", "value") VALUES ('7c88f42c-a1a0-5da0-9e43-ee210f0aca05', '300c2bc3-fa11-54b9-a12f-1f663986f8ce', 1, 'white');
INSERT INTO "vocabulary"."spelling" ("id", "vocabulary_id", "spelling_kind_code", "value") VALUES ('c318bcf2-80d2-50d9-8101-9e9dd5ca46be', '300c2bc3-fa11-54b9-a12f-1f663986f8ce', 'KANJI', '白');
INSERT INTO "vocabulary"."spelling" ("id", "vocabulary_id", "spelling_kind_code", "value") VALUES ('e84c217e-5d1f-5b68-9cae-6b3a2e36dbfa', '300c2bc3-fa11-54b9-a12f-1f663986f8ce', 'HIRAGANA', 'しろ');
INSERT INTO "vocabulary"."spelling" ("id", "vocabulary_id", "spelling_kind_code", "value") VALUES ('1f194326-59ad-54d2-a10d-d84a1e6d1a53', '300c2bc3-fa11-54b9-a12f-1f663986f8ce', 'KANJI', '白');
INSERT INTO "vocabulary"."linkages" ("vocabulary_id", "preferred_definition_id", "preferred_spelling_id", "phonetic_spelling_id", "alt_phonetic_spelling_id", "kanji_spelling_id", "conjugation_set_id") VALUES ('300c2bc3-fa11-54b9-a12f-1f663986f8ce', '7c88f42c-a1a0-5da0-9e43-ee210f0aca05', 'c318bcf2-80d2-50d9-8101-9e9dd5ca46be', 'e84c217e-5d1f-5b68-9cae-6b3a2e36dbfa', NULL, '1f194326-59ad-54d2-a10d-d84a1e6d1a53', NULL);
INSERT INTO "vocabulary"."reference" ("vocabulary_id", "lesson_code") VALUES ('300c2bc3-fa11-54b9-a12f-1f663986f8ce', 'DUO_01_01');
INSERT INTO "vocabulary"."reference" ("vocabulary_id", "lesson_code") VALUES ('300c2bc3-fa11-54b9-a12f-1f663986f8ce', 'DUO_U01');
-- 黒 | black --;
INSERT INTO "vocabulary"."vocabulary" ("id", "word_class_code", "conjugation_kind_code", "jlpt_level", "row_num", "tags", "date_added") VALUES ('48b7e73f-4a0c-56bb-8cd6-bf2ed57ed92c', 'NOUN', NULL, 5, 252, '{color}', '2022-08-12');
INSERT INTO "vocabulary"."definition" ("id", "vocabulary_id", "sort_rank", "value") VALUES ('369fdeed-8a0d-515d-bfa8-d0bee5469dcd', '48b7e73f-4a0c-56bb-8cd6-bf2ed57ed92c', 1, 'black');
INSERT INTO "vocabulary"."spelling" ("id", "vocabulary_id", "spelling_kind_code", "value") VALUES ('4f66a4c2-bdcd-5fed-91f8-493141e61933', '48b7e73f-4a0c-56bb-8cd6-bf2ed57ed92c', 'KANJI', '黒');
INSERT INTO "vocabulary"."spelling" ("id", "vocabulary_id", "spelling_kind_code", "value") VALUES ('cf7cc25c-9543-5a24-95e6-02e43cb20756', '48b7e73f-4a0c-56bb-8cd6-bf2ed57ed92c', 'HIRAGANA', 'くろ');
INSERT INTO "vocabulary"."spelling" ("id", "vocabulary_id", "spelling_kind_code", "value") VALUES ('cf7ca804-05ca-5b3f-9987-f817174c3d02', '48b7e73f-4a0c-56bb-8cd6-bf2ed57ed92c', 'KANJI', '黒');
INSERT INTO "vocabulary"."linkages" ("vocabulary_id", "preferred_definition_id", "preferred_spelling_id", "phonetic_spelling_id", "alt_phonetic_spelling_id", "kanji_spelling_id", "conjugation_set_id") VALUES ('48b7e73f-4a0c-56bb-8cd6-bf2ed57ed92c', '369fdeed-8a0d-515d-bfa8-d0bee5469dcd', '4f66a4c2-bdcd-5fed-91f8-493141e61933', 'cf7cc25c-9543-5a24-95e6-02e43cb20756', NULL, 'cf7ca804-05ca-5b3f-9987-f817174c3d02', NULL);
-- 赤 | red --;
INSERT INTO "vocabulary"."vocabulary" ("id", "word_class_code", "conjugation_kind_code", "jlpt_level", "row_num", "tags", "date_added") VALUES ('e65aae18-dc90-5f41-aa96-e40680a12452', 'NOUN', NULL, 5, 253, '{color}', '2022-08-12');
INSERT INTO "vocabulary"."definition" ("id", "vocabulary_id", "sort_rank", "value") VALUES ('77bef9fa-aa81-5bdb-98ab-350674d2eb0a', 'e65aae18-dc90-5f41-aa96-e40680a12452', 1, 'red');
INSERT INTO "vocabulary"."spelling" ("id", "vocabulary_id", "spelling_kind_code", "value") VALUES ('b453f3f2-5495-5569-b25e-a1cabd111ebe', 'e65aae18-dc90-5f41-aa96-e40680a12452', 'KANJI', '赤');
INSERT INTO "vocabulary"."spelling" ("id", "vocabulary_id", "spelling_kind_code", "value") VALUES ('643edf95-6083-56f2-9946-7112a78928d6', 'e65aae18-dc90-5f41-aa96-e40680a12452', 'HIRAGANA', 'あか');
INSERT INTO "vocabulary"."spelling" ("id", "vocabulary_id", "spelling_kind_code", "value") VALUES ('7df992f9-b58a-5e69-9a15-f23c42bdef17', 'e65aae18-dc90-5f41-aa96-e40680a12452', 'KANJI', '赤');
INSERT INTO "vocabulary"."linkages" ("vocabulary_id", "preferred_definition_id", "preferred_spelling_id", "phonetic_spelling_id", "alt_phonetic_spelling_id", "kanji_spelling_id", "conjugation_set_id") VALUES ('e65aae18-dc90-5f41-aa96-e40680a12452', '77bef9fa-aa81-5bdb-98ab-350674d2eb0a', 'b453f3f2-5495-5569-b25e-a1cabd111ebe', '643edf95-6083-56f2-9946-7112a78928d6', NULL, '7df992f9-b58a-5e69-9a15-f23c42bdef17', NULL);
INSERT INTO "vocabulary"."reference" ("vocabulary_id", "lesson_code") VALUES ('e65aae18-dc90-5f41-aa96-e40680a12452', 'DUO_01_01');
INSERT INTO "vocabulary"."reference" ("vocabulary_id", "lesson_code") VALUES ('e65aae18-dc90-5f41-aa96-e40680a12452', 'DUO_U01');
-- 青 | blue --;
INSERT INTO "vocabulary"."vocabulary" ("id", "word_class_code", "conjugation_kind_code", "jlpt_level", "row_num", "tags", "date_added") VALUES ('12290cb0-5c39-5b53-8353-e0404724200b', 'NOUN', NULL, 5, 254, '{color}', '2022-08-12');
INSERT INTO "vocabulary"."definition" ("id", "vocabulary_id", "sort_rank", "value") VALUES ('e9fd3a9f-7fc1-5bd4-b055-6cd7cb3336c0', '12290cb0-5c39-5b53-8353-e0404724200b', 1, 'blue');
INSERT INTO "vocabulary"."spelling" ("id", "vocabulary_id", "spelling_kind_code", "value") VALUES ('34d57885-4e87-5162-86f1-14572e844813', '12290cb0-5c39-5b53-8353-e0404724200b', 'KANJI', '青');
INSERT INTO "vocabulary"."spelling" ("id", "vocabulary_id", "spelling_kind_code", "value") VALUES ('906243fe-35ee-5d07-8d28-da3db9940744', '12290cb0-5c39-5b53-8353-e0404724200b', 'HIRAGANA', 'あお');
INSERT INTO "vocabulary"."spelling" ("id", "vocabulary_id", "spelling_kind_code", "value") VALUES ('1fd91256-0890-5479-9c19-85dbb3cb798b', '12290cb0-5c39-5b53-8353-e0404724200b', 'KANJI', '青');
INSERT INTO "vocabulary"."linkages" ("vocabulary_id", "preferred_definition_id", "preferred_spelling_id", "phonetic_spelling_id", "alt_phonetic_spelling_id", "kanji_spelling_id", "conjugation_set_id") VALUES ('12290cb0-5c39-5b53-8353-e0404724200b', 'e9fd3a9f-7fc1-5bd4-b055-6cd7cb3336c0', '34d57885-4e87-5162-86f1-14572e844813', '906243fe-35ee-5d07-8d28-da3db9940744', NULL, '1fd91256-0890-5479-9c19-85dbb3cb798b', NULL);
INSERT INTO "vocabulary"."reference" ("vocabulary_id", "lesson_code") VALUES ('12290cb0-5c39-5b53-8353-e0404724200b', 'DUO_01_01');
INSERT INTO "vocabulary"."reference" ("vocabulary_id", "lesson_code") VALUES ('12290cb0-5c39-5b53-8353-e0404724200b', 'DUO_U01');
-- 黄色 | yellow --;
INSERT INTO "vocabulary"."vocabulary" ("id", "word_class_code", "conjugation_kind_code", "jlpt_level", "row_num", "tags", "date_added") VALUES ('b5431148-e71a-55b1-a42f-cbf2f029c146', 'NOUN', NULL, 5, 255, '{color}', '2022-08-12');
INSERT INTO "vocabulary"."definition" ("id", "vocabulary_id", "sort_rank", "value") VALUES ('2ad29431-c332-539e-bf69-ef7995f98e9c', 'b5431148-e71a-55b1-a42f-cbf2f029c146', 1, 'yellow');
INSERT INTO "vocabulary"."spelling" ("id", "vocabulary_id", "spelling_kind_code", "value") VALUES ('64e62d36-ded9-59d1-870e-da76afbce7c7', 'b5431148-e71a-55b1-a42f-cbf2f029c146', 'KANJI', '黄色');
INSERT INTO "vocabulary"."spelling" ("id", "vocabulary_id", "spelling_kind_code", "value") VALUES ('15f530c8-2821-55c0-a200-21d801c12f06', 'b5431148-e71a-55b1-a42f-cbf2f029c146', 'HIRAGANA', 'きいろ');
INSERT INTO "vocabulary"."spelling" ("id", "vocabulary_id", "spelling_kind_code", "value") VALUES ('28f529d8-a21f-593d-bafd-023efce5eafa', 'b5431148-e71a-55b1-a42f-cbf2f029c146', 'KANJI', '黄色');
INSERT INTO "vocabulary"."linkages" ("vocabulary_id", "preferred_definition_id", "preferred_spelling_id", "phonetic_spelling_id", "alt_phonetic_spelling_id", "kanji_spelling_id", "conjugation_set_id") VALUES ('b5431148-e71a-55b1-a42f-cbf2f029c146', '2ad29431-c332-539e-bf69-ef7995f98e9c', '64e62d36-ded9-59d1-870e-da76afbce7c7', '15f530c8-2821-55c0-a200-21d801c12f06', NULL, '28f529d8-a21f-593d-bafd-023efce5eafa', NULL);
-- オレンジ | orange --;
INSERT INTO "vocabulary"."vocabulary" ("id", "word_class_code", "conjugation_kind_code", "jlpt_level", "row_num", "tags", "date_added") VALUES ('fd431252-3f59-5b66-b3b2-f078528bbf06', 'NOUN', NULL, 1, 256, '{color}', '2022-08-12');
INSERT INTO "vocabulary"."definition" ("id", "vocabulary_id", "sort_rank", "value") VALUES ('4f8fff37-eb04-536d-8b40-e65ad12b6e1a', 'fd431252-3f59-5b66-b3b2-f078528bbf06', 1, 'orange');
INSERT INTO "vocabulary"."spelling" ("id", "vocabulary_id", "spelling_kind_code", "value") VALUES ('57344184-43f4-545b-b51e-a8fbb4095e51', 'fd431252-3f59-5b66-b3b2-f078528bbf06', 'KATAKANA', 'オレンジ');
INSERT INTO "vocabulary"."spelling" ("id", "vocabulary_id", "spelling_kind_code", "value") VALUES ('390aefed-98ff-5214-a38d-35c2fdf36f98', 'fd431252-3f59-5b66-b3b2-f078528bbf06', 'HIRAGANA', 'おれんじ');
INSERT INTO "vocabulary"."linkages" ("vocabulary_id", "preferred_definition_id", "preferred_spelling_id", "phonetic_spelling_id", "alt_phonetic_spelling_id", "kanji_spelling_id", "conjugation_set_id") VALUES ('fd431252-3f59-5b66-b3b2-f078528bbf06', '4f8fff37-eb04-536d-8b40-e65ad12b6e1a', '57344184-43f4-545b-b51e-a8fbb4095e51', '390aefed-98ff-5214-a38d-35c2fdf36f98', NULL, NULL, NULL);
-- 緑 | green --;
INSERT INTO "vocabulary"."vocabulary" ("id", "word_class_code", "conjugation_kind_code", "jlpt_level", "row_num", "tags", "date_added") VALUES ('dee5b761-7b7a-5723-8e66-8fe9e0b2c2ea', 'NOUN', NULL, 5, 257, '{color}', '2022-08-12');
INSERT INTO "vocabulary"."definition" ("id", "vocabulary_id", "sort_rank", "value") VALUES ('7cfa45a1-a466-5d6e-86e7-44e840289b7b', 'dee5b761-7b7a-5723-8e66-8fe9e0b2c2ea', 1, 'green');
INSERT INTO "vocabulary"."spelling" ("id", "vocabulary_id", "spelling_kind_code", "value") VALUES ('e211644f-2841-530d-8b2f-beb7d71ba25b', 'dee5b761-7b7a-5723-8e66-8fe9e0b2c2ea', 'KANJI', '緑');
INSERT INTO "vocabulary"."spelling" ("id", "vocabulary_id", "spelling_kind_code", "value") VALUES ('f058801c-5059-5787-925f-8edd6784b4ac', 'dee5b761-7b7a-5723-8e66-8fe9e0b2c2ea', 'HIRAGANA', 'みどり');
INSERT INTO "vocabulary"."spelling" ("id", "vocabulary_id", "spelling_kind_code", "value") VALUES ('b32ee43d-8bf2-511e-a052-a50f5bee67d4', 'dee5b761-7b7a-5723-8e66-8fe9e0b2c2ea', 'KANJI', '緑');
INSERT INTO "vocabulary"."linkages" ("vocabulary_id", "preferred_definition_id", "preferred_spelling_id", "phonetic_spelling_id", "alt_phonetic_spelling_id", "kanji_spelling_id", "conjugation_set_id") VALUES ('dee5b761-7b7a-5723-8e66-8fe9e0b2c2ea', '7cfa45a1-a466-5d6e-86e7-44e840289b7b', 'e211644f-2841-530d-8b2f-beb7d71ba25b', 'f058801c-5059-5787-925f-8edd6784b4ac', NULL, 'b32ee43d-8bf2-511e-a052-a50f5bee67d4', NULL);
-- 台所 | kitchen --;
INSERT INTO "vocabulary"."vocabulary" ("id", "word_class_code", "conjugation_kind_code", "jlpt_level", "row_num", "tags", "date_added") VALUES ('03137815-af09-4ff0-84a7-622d92cf600c', 'NOUN', NULL, 5, 258, '{home}', '2022-05-30');
INSERT INTO "vocabulary"."definition" ("id", "vocabulary_id", "sort_rank", "value") VALUES ('bf638b01-e7f1-5aac-9901-52b09c401c8f', '03137815-af09-4ff0-84a7-622d92cf600c', 1, 'kitchen');
INSERT INTO "vocabulary"."spelling" ("id", "vocabulary_id", "spelling_kind_code", "value") VALUES ('f09476a3-b75a-592b-9896-9df3f4a7c419', '03137815-af09-4ff0-84a7-622d92cf600c', 'KANJI', '台所');
INSERT INTO "vocabulary"."spelling" ("id", "vocabulary_id", "spelling_kind_code", "value") VALUES ('bc030d42-0a02-5483-8bd0-175b82e4bd96', '03137815-af09-4ff0-84a7-622d92cf600c', 'HIRAGANA', 'だいどころ');
INSERT INTO "vocabulary"."spelling" ("id", "vocabulary_id", "spelling_kind_code", "value") VALUES ('c3ce9426-44d6-5d31-bfb3-c6e0f01d7131', '03137815-af09-4ff0-84a7-622d92cf600c', 'KANJI', '台所');
INSERT INTO "vocabulary"."linkages" ("vocabulary_id", "preferred_definition_id", "preferred_spelling_id", "phonetic_spelling_id", "alt_phonetic_spelling_id", "kanji_spelling_id", "conjugation_set_id") VALUES ('03137815-af09-4ff0-84a7-622d92cf600c', 'bf638b01-e7f1-5aac-9901-52b09c401c8f', 'f09476a3-b75a-592b-9896-9df3f4a7c419', 'bc030d42-0a02-5483-8bd0-175b82e4bd96', NULL, 'c3ce9426-44d6-5d31-bfb3-c6e0f01d7131', NULL);
INSERT INTO "vocabulary"."reference" ("vocabulary_id", "lesson_code") VALUES ('03137815-af09-4ff0-84a7-622d92cf600c', 'DUO_02_04');
INSERT INTO "vocabulary"."reference" ("vocabulary_id", "lesson_code") VALUES ('03137815-af09-4ff0-84a7-622d92cf600c', 'DUO_U07');
-- 部屋 | room --;
INSERT INTO "vocabulary"."vocabulary" ("id", "word_class_code", "conjugation_kind_code", "jlpt_level", "row_num", "tags", "date_added") VALUES ('f6d9d4a3-811d-4ab1-80e1-8f979c4b483c', 'NOUN', NULL, 5, 259, '{home}', '2022-05-30');
INSERT INTO "vocabulary"."definition" ("id", "vocabulary_id", "sort_rank", "value") VALUES ('e7dbf849-f80d-56fe-affc-ddcca926e2b1', 'f6d9d4a3-811d-4ab1-80e1-8f979c4b483c', 1, 'room');
INSERT INTO "vocabulary"."spelling" ("id", "vocabulary_id", "spelling_kind_code", "value") VALUES ('d35cd043-c5e0-544c-aed2-a5e1fe9a550c', 'f6d9d4a3-811d-4ab1-80e1-8f979c4b483c', 'KANJI', '部屋');
INSERT INTO "vocabulary"."spelling" ("id", "vocabulary_id", "spelling_kind_code", "value") VALUES ('d0f18f1d-34ed-5808-99e7-23ac14396eac', 'f6d9d4a3-811d-4ab1-80e1-8f979c4b483c', 'HIRAGANA', 'へや');
INSERT INTO "vocabulary"."spelling" ("id", "vocabulary_id", "spelling_kind_code", "value") VALUES ('3ee937e6-40f4-51f2-b425-384b9e2315a2', 'f6d9d4a3-811d-4ab1-80e1-8f979c4b483c', 'KANJI', '部屋');
INSERT INTO "vocabulary"."linkages" ("vocabulary_id", "preferred_definition_id", "preferred_spelling_id", "phonetic_spelling_id", "alt_phonetic_spelling_id", "kanji_spelling_id", "conjugation_set_id") VALUES ('f6d9d4a3-811d-4ab1-80e1-8f979c4b483c', 'e7dbf849-f80d-56fe-affc-ddcca926e2b1', 'd35cd043-c5e0-544c-aed2-a5e1fe9a550c', 'd0f18f1d-34ed-5808-99e7-23ac14396eac', NULL, '3ee937e6-40f4-51f2-b425-384b9e2315a2', NULL);
INSERT INTO "vocabulary"."reference" ("vocabulary_id", "lesson_code") VALUES ('f6d9d4a3-811d-4ab1-80e1-8f979c4b483c', 'DUO_02_04');
INSERT INTO "vocabulary"."reference" ("vocabulary_id", "lesson_code") VALUES ('f6d9d4a3-811d-4ab1-80e1-8f979c4b483c', 'DUO_U07');
INSERT INTO "vocabulary"."reference" ("vocabulary_id", "lesson_code") VALUES ('f6d9d4a3-811d-4ab1-80e1-8f979c4b483c', 'GENKI3_L05');
-- 風呂 | bath(tub) --;
INSERT INTO "vocabulary"."vocabulary" ("id", "word_class_code", "conjugation_kind_code", "jlpt_level", "row_num", "tags", "date_added") VALUES ('f31e6384-d4e9-4a67-b12e-e08cddfdba29', 'NOUN', NULL, 5, 260, '{home}', '2022-05-30');
INSERT INTO "vocabulary"."definition" ("id", "vocabulary_id", "sort_rank", "value") VALUES ('2c1acf61-4446-5ab4-b578-bede2a428928', 'f31e6384-d4e9-4a67-b12e-e08cddfdba29', 1, 'bath(tub)');
INSERT INTO "vocabulary"."spelling" ("id", "vocabulary_id", "spelling_kind_code", "value") VALUES ('c2104184-e923-5e12-9b25-0a1a01fcbae9', 'f31e6384-d4e9-4a67-b12e-e08cddfdba29', 'KANJI', '風呂');
INSERT INTO "vocabulary"."spelling" ("id", "vocabulary_id", "spelling_kind_code", "value") VALUES ('74d732d0-0e89-56a7-a0fc-fae80b35aa99', 'f31e6384-d4e9-4a67-b12e-e08cddfdba29', 'HIRAGANA', 'ふろ');
INSERT INTO "vocabulary"."spelling" ("id", "vocabulary_id", "spelling_kind_code", "value") VALUES ('f6ae32c8-3cee-5415-8fcb-d3696a6af708', 'f31e6384-d4e9-4a67-b12e-e08cddfdba29', 'KANJI', '風呂');
INSERT INTO "vocabulary"."linkages" ("vocabulary_id", "preferred_definition_id", "preferred_spelling_id", "phonetic_spelling_id", "alt_phonetic_spelling_id", "kanji_spelling_id", "conjugation_set_id") VALUES ('f31e6384-d4e9-4a67-b12e-e08cddfdba29', '2c1acf61-4446-5ab4-b578-bede2a428928', 'c2104184-e923-5e12-9b25-0a1a01fcbae9', '74d732d0-0e89-56a7-a0fc-fae80b35aa99', NULL, 'f6ae32c8-3cee-5415-8fcb-d3696a6af708', NULL);
INSERT INTO "vocabulary"."reference" ("vocabulary_id", "lesson_code") VALUES ('f31e6384-d4e9-4a67-b12e-e08cddfdba29', 'DUO_02_04');
INSERT INTO "vocabulary"."reference" ("vocabulary_id", "lesson_code") VALUES ('f31e6384-d4e9-4a67-b12e-e08cddfdba29', 'DUO_U07');
-- 寝室 | bedroom --;
INSERT INTO "vocabulary"."vocabulary" ("id", "word_class_code", "conjugation_kind_code", "jlpt_level", "row_num", "tags", "date_added") VALUES ('0079d5eb-c8e1-4f3b-9105-51054a2c0b8a', 'NOUN', NULL, NULL, 261, '{home}', '2022-05-30');
INSERT INTO "vocabulary"."definition" ("id", "vocabulary_id", "sort_rank", "value") VALUES ('617a4779-435c-55d1-b352-38cf190de5f3', '0079d5eb-c8e1-4f3b-9105-51054a2c0b8a', 1, 'bedroom');
INSERT INTO "vocabulary"."spelling" ("id", "vocabulary_id", "spelling_kind_code", "value") VALUES ('67ace14d-c6d6-5586-bd4d-299d449834c1', '0079d5eb-c8e1-4f3b-9105-51054a2c0b8a', 'KANJI', '寝室');
INSERT INTO "vocabulary"."spelling" ("id", "vocabulary_id", "spelling_kind_code", "value") VALUES ('d4346c2d-ff6d-5364-b462-df34bdd62592', '0079d5eb-c8e1-4f3b-9105-51054a2c0b8a', 'HIRAGANA', 'しんしつ');
INSERT INTO "vocabulary"."spelling" ("id", "vocabulary_id", "spelling_kind_code", "value") VALUES ('69f7dc08-6cb8-5a55-9834-a616119242a9', '0079d5eb-c8e1-4f3b-9105-51054a2c0b8a', 'KANJI', '寝室');
INSERT INTO "vocabulary"."linkages" ("vocabulary_id", "preferred_definition_id", "preferred_spelling_id", "phonetic_spelling_id", "alt_phonetic_spelling_id", "kanji_spelling_id", "conjugation_set_id") VALUES ('0079d5eb-c8e1-4f3b-9105-51054a2c0b8a', '617a4779-435c-55d1-b352-38cf190de5f3', '67ace14d-c6d6-5586-bd4d-299d449834c1', 'd4346c2d-ff6d-5364-b462-df34bdd62592', NULL, '69f7dc08-6cb8-5a55-9834-a616119242a9', NULL);
INSERT INTO "vocabulary"."reference" ("vocabulary_id", "lesson_code") VALUES ('0079d5eb-c8e1-4f3b-9105-51054a2c0b8a', 'DUO_02_04');
INSERT INTO "vocabulary"."reference" ("vocabulary_id", "lesson_code") VALUES ('0079d5eb-c8e1-4f3b-9105-51054a2c0b8a', 'DUO_U07');
-- 窓 | window --;
INSERT INTO "vocabulary"."vocabulary" ("id", "word_class_code", "conjugation_kind_code", "jlpt_level", "row_num", "tags", "date_added") VALUES ('b04ef471-2292-4ca7-a470-4829fb116b8a', 'NOUN', NULL, 5, 262, '{home}', '2022-05-30');
INSERT INTO "vocabulary"."definition" ("id", "vocabulary_id", "sort_rank", "value") VALUES ('f02a3619-0a47-58c2-baf3-334fb39c79a6', 'b04ef471-2292-4ca7-a470-4829fb116b8a', 1, 'window');
INSERT INTO "vocabulary"."spelling" ("id", "vocabulary_id", "spelling_kind_code", "value") VALUES ('6cebf2c0-d0fb-580a-935b-92d2730a8041', 'b04ef471-2292-4ca7-a470-4829fb116b8a', 'KANJI', '窓');
INSERT INTO "vocabulary"."spelling" ("id", "vocabulary_id", "spelling_kind_code", "value") VALUES ('b35c1668-d85b-5a7a-9db3-11bd8b46c5fb', 'b04ef471-2292-4ca7-a470-4829fb116b8a', 'HIRAGANA', 'まど');
INSERT INTO "vocabulary"."spelling" ("id", "vocabulary_id", "spelling_kind_code", "value") VALUES ('4b9706bd-05ba-52ce-8547-f01255595d0d', 'b04ef471-2292-4ca7-a470-4829fb116b8a', 'KANJI', '窓');
INSERT INTO "vocabulary"."linkages" ("vocabulary_id", "preferred_definition_id", "preferred_spelling_id", "phonetic_spelling_id", "alt_phonetic_spelling_id", "kanji_spelling_id", "conjugation_set_id") VALUES ('b04ef471-2292-4ca7-a470-4829fb116b8a', 'f02a3619-0a47-58c2-baf3-334fb39c79a6', '6cebf2c0-d0fb-580a-935b-92d2730a8041', 'b35c1668-d85b-5a7a-9db3-11bd8b46c5fb', NULL, '4b9706bd-05ba-52ce-8547-f01255595d0d', NULL);
INSERT INTO "vocabulary"."reference" ("vocabulary_id", "lesson_code") VALUES ('b04ef471-2292-4ca7-a470-4829fb116b8a', 'DUO_02_04');
INSERT INTO "vocabulary"."reference" ("vocabulary_id", "lesson_code") VALUES ('b04ef471-2292-4ca7-a470-4829fb116b8a', 'DUO_U07');
-- 庭 | yard; garden --;
INSERT INTO "vocabulary"."vocabulary" ("id", "word_class_code", "conjugation_kind_code", "jlpt_level", "row_num", "tags", "date_added") VALUES ('c08c0aff-7835-4c0a-a560-cd8e627c3a90', 'NOUN', NULL, 5, 263, '{home}', '2022-05-30');
INSERT INTO "vocabulary"."definition" ("id", "vocabulary_id", "sort_rank", "value") VALUES ('2cb6e481-8932-59c7-a2b0-3e142f92df38', 'c08c0aff-7835-4c0a-a560-cd8e627c3a90', 1, 'yard; garden');
INSERT INTO "vocabulary"."spelling" ("id", "vocabulary_id", "spelling_kind_code", "value") VALUES ('a8e43718-6913-5bc1-b150-defa6ddb65d4', 'c08c0aff-7835-4c0a-a560-cd8e627c3a90', 'KANJI', '庭');
INSERT INTO "vocabulary"."spelling" ("id", "vocabulary_id", "spelling_kind_code", "value") VALUES ('7fe67c1b-9b68-57b7-ba02-15d72723f0e8', 'c08c0aff-7835-4c0a-a560-cd8e627c3a90', 'HIRAGANA', 'にわ');
INSERT INTO "vocabulary"."spelling" ("id", "vocabulary_id", "spelling_kind_code", "value") VALUES ('9bce0d93-2302-56c3-abea-7acae030d975', 'c08c0aff-7835-4c0a-a560-cd8e627c3a90', 'KANJI', '庭');
INSERT INTO "vocabulary"."linkages" ("vocabulary_id", "preferred_definition_id", "preferred_spelling_id", "phonetic_spelling_id", "alt_phonetic_spelling_id", "kanji_spelling_id", "conjugation_set_id") VALUES ('c08c0aff-7835-4c0a-a560-cd8e627c3a90', '2cb6e481-8932-59c7-a2b0-3e142f92df38', 'a8e43718-6913-5bc1-b150-defa6ddb65d4', '7fe67c1b-9b68-57b7-ba02-15d72723f0e8', NULL, '9bce0d93-2302-56c3-abea-7acae030d975', NULL);
INSERT INTO "vocabulary"."reference" ("vocabulary_id", "lesson_code") VALUES ('c08c0aff-7835-4c0a-a560-cd8e627c3a90', 'DUO_02_04');
INSERT INTO "vocabulary"."reference" ("vocabulary_id", "lesson_code") VALUES ('c08c0aff-7835-4c0a-a560-cd8e627c3a90', 'DUO_U07');
-- 椅子 | chair --;
INSERT INTO "vocabulary"."vocabulary" ("id", "word_class_code", "conjugation_kind_code", "jlpt_level", "row_num", "tags", "date_added") VALUES ('9e935991-a6f7-4383-b8a0-9376d7af8298', 'NOUN', NULL, 5, 264, '{home}', '2022-05-30');
INSERT INTO "vocabulary"."definition" ("id", "vocabulary_id", "sort_rank", "value") VALUES ('b3a95227-9e70-5b07-8d35-40eb8d596459', '9e935991-a6f7-4383-b8a0-9376d7af8298', 1, 'chair');
INSERT INTO "vocabulary"."spelling" ("id", "vocabulary_id", "spelling_kind_code", "value") VALUES ('7b55165b-7185-5fb3-b8df-05fc0878f518', '9e935991-a6f7-4383-b8a0-9376d7af8298', 'KANJI', '椅子');
INSERT INTO "vocabulary"."spelling" ("id", "vocabulary_id", "spelling_kind_code", "value") VALUES ('84cb80ce-f7bc-56bf-bded-2436aff4d7dd', '9e935991-a6f7-4383-b8a0-9376d7af8298', 'HIRAGANA', 'いす');
INSERT INTO "vocabulary"."spelling" ("id", "vocabulary_id", "spelling_kind_code", "value") VALUES ('44ac13b5-9b3a-560f-93c5-a572fa8cc2ff', '9e935991-a6f7-4383-b8a0-9376d7af8298', 'KANJI', '椅子');
INSERT INTO "vocabulary"."linkages" ("vocabulary_id", "preferred_definition_id", "preferred_spelling_id", "phonetic_spelling_id", "alt_phonetic_spelling_id", "kanji_spelling_id", "conjugation_set_id") VALUES ('9e935991-a6f7-4383-b8a0-9376d7af8298', 'b3a95227-9e70-5b07-8d35-40eb8d596459', '7b55165b-7185-5fb3-b8df-05fc0878f518', '84cb80ce-f7bc-56bf-bded-2436aff4d7dd', NULL, '44ac13b5-9b3a-560f-93c5-a572fa8cc2ff', NULL);
INSERT INTO "vocabulary"."reference" ("vocabulary_id", "lesson_code") VALUES ('9e935991-a6f7-4383-b8a0-9376d7af8298', 'DUO_02_04');
INSERT INTO "vocabulary"."reference" ("vocabulary_id", "lesson_code") VALUES ('9e935991-a6f7-4383-b8a0-9376d7af8298', 'DUO_U07');
INSERT INTO "vocabulary"."reference" ("vocabulary_id", "lesson_code") VALUES ('9e935991-a6f7-4383-b8a0-9376d7af8298', 'GENKI3_L04');
-- ソファー | sofa --;
INSERT INTO "vocabulary"."vocabulary" ("id", "word_class_code", "conjugation_kind_code", "jlpt_level", "row_num", "tags", "date_added") VALUES ('2f7263b8-e1dd-4c09-94d0-7ad22fe82a5b', 'NOUN', NULL, 3, 265, '{home}', '2022-05-30');
INSERT INTO "vocabulary"."definition" ("id", "vocabulary_id", "sort_rank", "value") VALUES ('1ce4db48-0936-56b1-9079-35d831dc4875', '2f7263b8-e1dd-4c09-94d0-7ad22fe82a5b', 1, 'sofa');
INSERT INTO "vocabulary"."spelling" ("id", "vocabulary_id", "spelling_kind_code", "value") VALUES ('39a4f2b0-9035-51a6-82b8-13f0436cef93', '2f7263b8-e1dd-4c09-94d0-7ad22fe82a5b', 'KATAKANA', 'ソファー');
INSERT INTO "vocabulary"."spelling" ("id", "vocabulary_id", "spelling_kind_code", "value") VALUES ('9d8b6358-2d37-5e35-90b4-a4d528bb1bb4', '2f7263b8-e1dd-4c09-94d0-7ad22fe82a5b', 'HIRAGANA', 'そふぁあ');
INSERT INTO "vocabulary"."linkages" ("vocabulary_id", "preferred_definition_id", "preferred_spelling_id", "phonetic_spelling_id", "alt_phonetic_spelling_id", "kanji_spelling_id", "conjugation_set_id") VALUES ('2f7263b8-e1dd-4c09-94d0-7ad22fe82a5b', '1ce4db48-0936-56b1-9079-35d831dc4875', '39a4f2b0-9035-51a6-82b8-13f0436cef93', '9d8b6358-2d37-5e35-90b4-a4d528bb1bb4', NULL, NULL, NULL);
INSERT INTO "vocabulary"."reference" ("vocabulary_id", "lesson_code") VALUES ('2f7263b8-e1dd-4c09-94d0-7ad22fe82a5b', 'DUO_02_04');
INSERT INTO "vocabulary"."reference" ("vocabulary_id", "lesson_code") VALUES ('2f7263b8-e1dd-4c09-94d0-7ad22fe82a5b', 'DUO_U07');
-- 机 | desk --;
INSERT INTO "vocabulary"."vocabulary" ("id", "word_class_code", "conjugation_kind_code", "jlpt_level", "row_num", "tags", "date_added") VALUES ('068b1a67-d6a5-4790-a264-febfbccc06c2', 'NOUN', NULL, 5, 266, '{home}', '2022-05-30');
INSERT INTO "vocabulary"."definition" ("id", "vocabulary_id", "sort_rank", "value") VALUES ('65a30373-a409-513e-92bd-1e407dabacee', '068b1a67-d6a5-4790-a264-febfbccc06c2', 1, 'desk');
INSERT INTO "vocabulary"."spelling" ("id", "vocabulary_id", "spelling_kind_code", "value") VALUES ('fea29bb7-4b4b-5b66-bcf0-7ee90c2c178b', '068b1a67-d6a5-4790-a264-febfbccc06c2', 'KANJI', '机');
INSERT INTO "vocabulary"."spelling" ("id", "vocabulary_id", "spelling_kind_code", "value") VALUES ('9d1711f2-f4de-591a-9416-2a1b8e4caf44', '068b1a67-d6a5-4790-a264-febfbccc06c2', 'HIRAGANA', 'つくえ');
INSERT INTO "vocabulary"."spelling" ("id", "vocabulary_id", "spelling_kind_code", "value") VALUES ('66621945-b971-596e-bb75-5435fda873ec', '068b1a67-d6a5-4790-a264-febfbccc06c2', 'KANJI', '机');
INSERT INTO "vocabulary"."linkages" ("vocabulary_id", "preferred_definition_id", "preferred_spelling_id", "phonetic_spelling_id", "alt_phonetic_spelling_id", "kanji_spelling_id", "conjugation_set_id") VALUES ('068b1a67-d6a5-4790-a264-febfbccc06c2', '65a30373-a409-513e-92bd-1e407dabacee', 'fea29bb7-4b4b-5b66-bcf0-7ee90c2c178b', '9d1711f2-f4de-591a-9416-2a1b8e4caf44', NULL, '66621945-b971-596e-bb75-5435fda873ec', NULL);
INSERT INTO "vocabulary"."reference" ("vocabulary_id", "lesson_code") VALUES ('068b1a67-d6a5-4790-a264-febfbccc06c2', 'DUO_02_04');
INSERT INTO "vocabulary"."reference" ("vocabulary_id", "lesson_code") VALUES ('068b1a67-d6a5-4790-a264-febfbccc06c2', 'DUO_U07');
INSERT INTO "vocabulary"."reference" ("vocabulary_id", "lesson_code") VALUES ('068b1a67-d6a5-4790-a264-febfbccc06c2', 'GENKI3_L04');
-- ペット | pet --;
INSERT INTO "vocabulary"."vocabulary" ("id", "word_class_code", "conjugation_kind_code", "jlpt_level", "row_num", "tags", "date_added") VALUES ('7361012a-f230-444c-babe-48449c5bc79d', 'NOUN', NULL, 5, 267, '{animal}', '2022-05-30');
INSERT INTO "vocabulary"."definition" ("id", "vocabulary_id", "sort_rank", "value") VALUES ('e5b09917-903e-5594-a0a0-6b241fa117b8', '7361012a-f230-444c-babe-48449c5bc79d', 1, 'pet');
INSERT INTO "vocabulary"."spelling" ("id", "vocabulary_id", "spelling_kind_code", "value") VALUES ('bbf9cb8f-bfc9-5bc4-8926-c3844d9b6f11', '7361012a-f230-444c-babe-48449c5bc79d', 'KATAKANA', 'ペット');
INSERT INTO "vocabulary"."spelling" ("id", "vocabulary_id", "spelling_kind_code", "value") VALUES ('af6e5b6e-7974-5ac9-9591-edbc8c48f21f', '7361012a-f230-444c-babe-48449c5bc79d', 'KATAKANA', 'ペット');
INSERT INTO "vocabulary"."linkages" ("vocabulary_id", "preferred_definition_id", "preferred_spelling_id", "phonetic_spelling_id", "alt_phonetic_spelling_id", "kanji_spelling_id", "conjugation_set_id") VALUES ('7361012a-f230-444c-babe-48449c5bc79d', 'e5b09917-903e-5594-a0a0-6b241fa117b8', 'bbf9cb8f-bfc9-5bc4-8926-c3844d9b6f11', 'af6e5b6e-7974-5ac9-9591-edbc8c48f21f', NULL, NULL, NULL);
INSERT INTO "vocabulary"."reference" ("vocabulary_id", "lesson_code") VALUES ('7361012a-f230-444c-babe-48449c5bc79d', 'DUO_02_04');
INSERT INTO "vocabulary"."reference" ("vocabulary_id", "lesson_code") VALUES ('7361012a-f230-444c-babe-48449c5bc79d', 'DUO_U07');
-- 犬 | dog --;
INSERT INTO "vocabulary"."vocabulary" ("id", "word_class_code", "conjugation_kind_code", "jlpt_level", "row_num", "tags", "date_added") VALUES ('f9f3b546-f023-4b35-9db2-068f8143c41e', 'NOUN', NULL, 5, 268, '{animal}', '2022-05-30');
INSERT INTO "vocabulary"."definition" ("id", "vocabulary_id", "sort_rank", "value") VALUES ('508d3ab2-1fb2-53ff-b880-48364e7206fc', 'f9f3b546-f023-4b35-9db2-068f8143c41e', 1, 'dog');
INSERT INTO "vocabulary"."spelling" ("id", "vocabulary_id", "spelling_kind_code", "value") VALUES ('98da10e5-f050-577e-8973-01972b025066', 'f9f3b546-f023-4b35-9db2-068f8143c41e', 'KANJI', '犬');
INSERT INTO "vocabulary"."spelling" ("id", "vocabulary_id", "spelling_kind_code", "value") VALUES ('3ba8ec03-1534-5ea3-b08f-28104a89343f', 'f9f3b546-f023-4b35-9db2-068f8143c41e', 'HIRAGANA', 'いぬ');
INSERT INTO "vocabulary"."spelling" ("id", "vocabulary_id", "spelling_kind_code", "value") VALUES ('d95288a5-a9a6-502b-b225-18d3bab8472b', 'f9f3b546-f023-4b35-9db2-068f8143c41e', 'KANJI', '犬');
INSERT INTO "vocabulary"."linkages" ("vocabulary_id", "preferred_definition_id", "preferred_spelling_id", "phonetic_spelling_id", "alt_phonetic_spelling_id", "kanji_spelling_id", "conjugation_set_id") VALUES ('f9f3b546-f023-4b35-9db2-068f8143c41e', '508d3ab2-1fb2-53ff-b880-48364e7206fc', '98da10e5-f050-577e-8973-01972b025066', '3ba8ec03-1534-5ea3-b08f-28104a89343f', NULL, 'd95288a5-a9a6-502b-b225-18d3bab8472b', NULL);
INSERT INTO "vocabulary"."reference" ("vocabulary_id", "lesson_code") VALUES ('f9f3b546-f023-4b35-9db2-068f8143c41e', 'DUO_02_04');
INSERT INTO "vocabulary"."reference" ("vocabulary_id", "lesson_code") VALUES ('f9f3b546-f023-4b35-9db2-068f8143c41e', 'DUO_U07');
INSERT INTO "vocabulary"."reference" ("vocabulary_id", "lesson_code") VALUES ('f9f3b546-f023-4b35-9db2-068f8143c41e', 'GENKI3_L04');
-- 猫 | cat --;
INSERT INTO "vocabulary"."vocabulary" ("id", "word_class_code", "conjugation_kind_code", "jlpt_level", "row_num", "tags", "date_added") VALUES ('5399ca2c-f192-40b6-9b69-28dc1de577c8', 'NOUN', NULL, 5, 269, '{animal}', '2022-05-30');
INSERT INTO "vocabulary"."definition" ("id", "vocabulary_id", "sort_rank", "value") VALUES ('b7771a77-ef06-54c1-9cc6-0a0d7b0daa2a', '5399ca2c-f192-40b6-9b69-28dc1de577c8', 1, 'cat');
INSERT INTO "vocabulary"."spelling" ("id", "vocabulary_id", "spelling_kind_code", "value") VALUES ('ba7dd05d-8f99-5420-acbf-3048b9eac7c3', '5399ca2c-f192-40b6-9b69-28dc1de577c8', 'KANJI', '猫');
INSERT INTO "vocabulary"."spelling" ("id", "vocabulary_id", "spelling_kind_code", "value") VALUES ('05ca9c6e-5ae0-5546-8665-36a8dc255150', '5399ca2c-f192-40b6-9b69-28dc1de577c8', 'HIRAGANA', 'ねこ');
INSERT INTO "vocabulary"."spelling" ("id", "vocabulary_id", "spelling_kind_code", "value") VALUES ('37c9022a-062d-5a08-9874-1ab98cd6573e', '5399ca2c-f192-40b6-9b69-28dc1de577c8', 'KANJI', '猫');
INSERT INTO "vocabulary"."linkages" ("vocabulary_id", "preferred_definition_id", "preferred_spelling_id", "phonetic_spelling_id", "alt_phonetic_spelling_id", "kanji_spelling_id", "conjugation_set_id") VALUES ('5399ca2c-f192-40b6-9b69-28dc1de577c8', 'b7771a77-ef06-54c1-9cc6-0a0d7b0daa2a', 'ba7dd05d-8f99-5420-acbf-3048b9eac7c3', '05ca9c6e-5ae0-5546-8665-36a8dc255150', NULL, '37c9022a-062d-5a08-9874-1ab98cd6573e', NULL);
INSERT INTO "vocabulary"."reference" ("vocabulary_id", "lesson_code") VALUES ('5399ca2c-f192-40b6-9b69-28dc1de577c8', 'DUO_02_04');
INSERT INTO "vocabulary"."reference" ("vocabulary_id", "lesson_code") VALUES ('5399ca2c-f192-40b6-9b69-28dc1de577c8', 'DUO_U07');
INSERT INTO "vocabulary"."reference" ("vocabulary_id", "lesson_code") VALUES ('5399ca2c-f192-40b6-9b69-28dc1de577c8', 'GENKI3_L04');
-- 鳥 | bird --;
INSERT INTO "vocabulary"."vocabulary" ("id", "word_class_code", "conjugation_kind_code", "jlpt_level", "row_num", "tags", "date_added") VALUES ('f5b2d28f-d519-4138-a9d0-5c99b82d09af', 'NOUN', NULL, 5, 270, '{animal}', '2022-05-30');
INSERT INTO "vocabulary"."definition" ("id", "vocabulary_id", "sort_rank", "value") VALUES ('4b2743e9-3668-50f8-900f-76c8ed9233bd', 'f5b2d28f-d519-4138-a9d0-5c99b82d09af', 1, 'bird');
INSERT INTO "vocabulary"."spelling" ("id", "vocabulary_id", "spelling_kind_code", "value") VALUES ('486a9544-51ee-56c4-af41-4ffa6100bc98', 'f5b2d28f-d519-4138-a9d0-5c99b82d09af', 'KANJI', '鳥');
INSERT INTO "vocabulary"."spelling" ("id", "vocabulary_id", "spelling_kind_code", "value") VALUES ('52dd4cdb-fe3e-5197-beb0-ab7b87da23b6', 'f5b2d28f-d519-4138-a9d0-5c99b82d09af', 'HIRAGANA', 'とり');
INSERT INTO "vocabulary"."spelling" ("id", "vocabulary_id", "spelling_kind_code", "value") VALUES ('2a908bcb-e2df-5663-be70-018d795a1686', 'f5b2d28f-d519-4138-a9d0-5c99b82d09af', 'KANJI', '鳥');
INSERT INTO "vocabulary"."linkages" ("vocabulary_id", "preferred_definition_id", "preferred_spelling_id", "phonetic_spelling_id", "alt_phonetic_spelling_id", "kanji_spelling_id", "conjugation_set_id") VALUES ('f5b2d28f-d519-4138-a9d0-5c99b82d09af', '4b2743e9-3668-50f8-900f-76c8ed9233bd', '486a9544-51ee-56c4-af41-4ffa6100bc98', '52dd4cdb-fe3e-5197-beb0-ab7b87da23b6', NULL, '2a908bcb-e2df-5663-be70-018d795a1686', NULL);
INSERT INTO "vocabulary"."reference" ("vocabulary_id", "lesson_code") VALUES ('f5b2d28f-d519-4138-a9d0-5c99b82d09af', 'DUO_02_04');
INSERT INTO "vocabulary"."reference" ("vocabulary_id", "lesson_code") VALUES ('f5b2d28f-d519-4138-a9d0-5c99b82d09af', 'DUO_U07');
-- 子犬 | puppy --;
INSERT INTO "vocabulary"."vocabulary" ("id", "word_class_code", "conjugation_kind_code", "jlpt_level", "row_num", "tags", "date_added") VALUES ('9704386f-fba7-4008-b079-fc541fb9c0dc', 'NOUN', NULL, NULL, 271, '{animal}', '2022-05-30');
INSERT INTO "vocabulary"."definition" ("id", "vocabulary_id", "sort_rank", "value") VALUES ('9782e2f3-4a79-583d-91db-4b36b38e6ec2', '9704386f-fba7-4008-b079-fc541fb9c0dc', 1, 'puppy');
INSERT INTO "vocabulary"."spelling" ("id", "vocabulary_id", "spelling_kind_code", "value") VALUES ('29b6768b-32bf-5d27-9cab-428c1a887d8b', '9704386f-fba7-4008-b079-fc541fb9c0dc', 'KANJI', '子犬');
INSERT INTO "vocabulary"."spelling" ("id", "vocabulary_id", "spelling_kind_code", "value") VALUES ('bdb53816-7c28-5bca-b75d-541f3e8fbcb7', '9704386f-fba7-4008-b079-fc541fb9c0dc', 'HIRAGANA', 'こいぬ');
INSERT INTO "vocabulary"."spelling" ("id", "vocabulary_id", "spelling_kind_code", "value") VALUES ('b5277249-3278-5bbd-ab4a-19f555658d96', '9704386f-fba7-4008-b079-fc541fb9c0dc', 'KANJI', '子犬');
INSERT INTO "vocabulary"."linkages" ("vocabulary_id", "preferred_definition_id", "preferred_spelling_id", "phonetic_spelling_id", "alt_phonetic_spelling_id", "kanji_spelling_id", "conjugation_set_id") VALUES ('9704386f-fba7-4008-b079-fc541fb9c0dc', '9782e2f3-4a79-583d-91db-4b36b38e6ec2', '29b6768b-32bf-5d27-9cab-428c1a887d8b', 'bdb53816-7c28-5bca-b75d-541f3e8fbcb7', NULL, 'b5277249-3278-5bbd-ab4a-19f555658d96', NULL);
INSERT INTO "vocabulary"."reference" ("vocabulary_id", "lesson_code") VALUES ('9704386f-fba7-4008-b079-fc541fb9c0dc', 'DUO_02_04');
INSERT INTO "vocabulary"."reference" ("vocabulary_id", "lesson_code") VALUES ('9704386f-fba7-4008-b079-fc541fb9c0dc', 'DUO_U07');
-- 子猫 | kitten --;
INSERT INTO "vocabulary"."vocabulary" ("id", "word_class_code", "conjugation_kind_code", "jlpt_level", "row_num", "tags", "date_added") VALUES ('63a5b1e8-d69e-4f78-9fa1-f6ed248b872b', 'NOUN', NULL, NULL, 272, '{animal}', '2022-05-30');
INSERT INTO "vocabulary"."definition" ("id", "vocabulary_id", "sort_rank", "value") VALUES ('9f3d973f-2700-524f-965e-fa0b4c49dc7c', '63a5b1e8-d69e-4f78-9fa1-f6ed248b872b', 1, 'kitten');
INSERT INTO "vocabulary"."spelling" ("id", "vocabulary_id", "spelling_kind_code", "value") VALUES ('cfe9025d-c4ff-503f-8857-4087fd6b36a4', '63a5b1e8-d69e-4f78-9fa1-f6ed248b872b', 'KANJI', '子猫');
INSERT INTO "vocabulary"."spelling" ("id", "vocabulary_id", "spelling_kind_code", "value") VALUES ('38f21740-3c48-5202-8dae-31bc6b32d036', '63a5b1e8-d69e-4f78-9fa1-f6ed248b872b', 'HIRAGANA', 'こねこ');
INSERT INTO "vocabulary"."spelling" ("id", "vocabulary_id", "spelling_kind_code", "value") VALUES ('eaa1d746-cffe-5569-b690-16122f1eab3b', '63a5b1e8-d69e-4f78-9fa1-f6ed248b872b', 'KANJI', '子猫');
INSERT INTO "vocabulary"."linkages" ("vocabulary_id", "preferred_definition_id", "preferred_spelling_id", "phonetic_spelling_id", "alt_phonetic_spelling_id", "kanji_spelling_id", "conjugation_set_id") VALUES ('63a5b1e8-d69e-4f78-9fa1-f6ed248b872b', '9f3d973f-2700-524f-965e-fa0b4c49dc7c', 'cfe9025d-c4ff-503f-8857-4087fd6b36a4', '38f21740-3c48-5202-8dae-31bc6b32d036', NULL, 'eaa1d746-cffe-5569-b690-16122f1eab3b', NULL);
INSERT INTO "vocabulary"."reference" ("vocabulary_id", "lesson_code") VALUES ('63a5b1e8-d69e-4f78-9fa1-f6ed248b872b', 'DUO_02_04');
INSERT INTO "vocabulary"."reference" ("vocabulary_id", "lesson_code") VALUES ('63a5b1e8-d69e-4f78-9fa1-f6ed248b872b', 'DUO_U07');
-- うさぎ | rabbit --;
INSERT INTO "vocabulary"."vocabulary" ("id", "word_class_code", "conjugation_kind_code", "jlpt_level", "row_num", "tags", "date_added") VALUES ('2541eb3b-87ad-5c3c-8450-a62f59071835', 'NOUN', NULL, 3, 273, '{animal}', '2022-08-12');
INSERT INTO "vocabulary"."definition" ("id", "vocabulary_id", "sort_rank", "value") VALUES ('b5419881-3716-5e97-80d0-70ed692a23e0', '2541eb3b-87ad-5c3c-8450-a62f59071835', 1, 'rabbit');
INSERT INTO "vocabulary"."spelling" ("id", "vocabulary_id", "spelling_kind_code", "value") VALUES ('88ecfdd0-d9d5-5970-81ac-aff253554626', '2541eb3b-87ad-5c3c-8450-a62f59071835', 'HIRAGANA', 'うさぎ');
INSERT INTO "vocabulary"."spelling" ("id", "vocabulary_id", "spelling_kind_code", "value") VALUES ('7b26c554-c57d-5025-b26a-f9a0f15b1370', '2541eb3b-87ad-5c3c-8450-a62f59071835', 'HIRAGANA', 'うさぎ');
INSERT INTO "vocabulary"."spelling" ("id", "vocabulary_id", "spelling_kind_code", "value") VALUES ('91f4f8d5-fb58-59b1-93a1-888e59b6049d', '2541eb3b-87ad-5c3c-8450-a62f59071835', 'KANJI', '兎');
INSERT INTO "vocabulary"."linkages" ("vocabulary_id", "preferred_definition_id", "preferred_spelling_id", "phonetic_spelling_id", "alt_phonetic_spelling_id", "kanji_spelling_id", "conjugation_set_id") VALUES ('2541eb3b-87ad-5c3c-8450-a62f59071835', 'b5419881-3716-5e97-80d0-70ed692a23e0', '88ecfdd0-d9d5-5970-81ac-aff253554626', '7b26c554-c57d-5025-b26a-f9a0f15b1370', NULL, '91f4f8d5-fb58-59b1-93a1-888e59b6049d', NULL);
-- 狐 | fox --;
INSERT INTO "vocabulary"."vocabulary" ("id", "word_class_code", "conjugation_kind_code", "jlpt_level", "row_num", "tags", "date_added") VALUES ('5c312431-d91a-5f48-8325-6af1228e5478', 'NOUN', NULL, NULL, 274, '{animal}', '2022-09-02');
INSERT INTO "vocabulary"."definition" ("id", "vocabulary_id", "sort_rank", "value") VALUES ('89ac1617-a00d-5453-8bbd-a98daf0671b7', '5c312431-d91a-5f48-8325-6af1228e5478', 1, 'fox');
INSERT INTO "vocabulary"."spelling" ("id", "vocabulary_id", "spelling_kind_code", "value") VALUES ('a928a782-0fa6-5078-b7cb-6aded719b8a1', '5c312431-d91a-5f48-8325-6af1228e5478', 'KANJI', '狐');
INSERT INTO "vocabulary"."spelling" ("id", "vocabulary_id", "spelling_kind_code", "value") VALUES ('f005b444-d207-50f4-bb24-282ae8ad2f47', '5c312431-d91a-5f48-8325-6af1228e5478', 'HIRAGANA', 'きつね');
INSERT INTO "vocabulary"."spelling" ("id", "vocabulary_id", "spelling_kind_code", "value") VALUES ('88e1bfbf-f3b2-5caa-a1a2-830647f90c8e', '5c312431-d91a-5f48-8325-6af1228e5478', 'KANJI', '狐');
INSERT INTO "vocabulary"."linkages" ("vocabulary_id", "preferred_definition_id", "preferred_spelling_id", "phonetic_spelling_id", "alt_phonetic_spelling_id", "kanji_spelling_id", "conjugation_set_id") VALUES ('5c312431-d91a-5f48-8325-6af1228e5478', '89ac1617-a00d-5453-8bbd-a98daf0671b7', 'a928a782-0fa6-5078-b7cb-6aded719b8a1', 'f005b444-d207-50f4-bb24-282ae8ad2f47', NULL, '88e1bfbf-f3b2-5caa-a1a2-830647f90c8e', NULL);
-- 狸 | racoon dog --;
INSERT INTO "vocabulary"."vocabulary" ("id", "word_class_code", "conjugation_kind_code", "jlpt_level", "row_num", "tags", "date_added") VALUES ('3ab6c13d-cea6-51c9-8cc8-727dfb4074c0', 'NOUN', NULL, NULL, 275, '{animal}', '2022-09-02');
INSERT INTO "vocabulary"."definition" ("id", "vocabulary_id", "sort_rank", "value") VALUES ('967f93bb-fe70-5e89-a121-36fee0d57a53', '3ab6c13d-cea6-51c9-8cc8-727dfb4074c0', 1, 'racoon dog');
INSERT INTO "vocabulary"."spelling" ("id", "vocabulary_id", "spelling_kind_code", "value") VALUES ('fac728ee-a743-55af-81c8-1ceea9be6941', '3ab6c13d-cea6-51c9-8cc8-727dfb4074c0', 'KANJI', '狸');
INSERT INTO "vocabulary"."spelling" ("id", "vocabulary_id", "spelling_kind_code", "value") VALUES ('fab99296-f435-575f-8d28-8e6f27dc3eb5', '3ab6c13d-cea6-51c9-8cc8-727dfb4074c0', 'HIRAGANA', 'たぬき');
INSERT INTO "vocabulary"."spelling" ("id", "vocabulary_id", "spelling_kind_code", "value") VALUES ('bbe0afd5-5710-54cf-818c-16471d8d397e', '3ab6c13d-cea6-51c9-8cc8-727dfb4074c0', 'KANJI', '狸');
INSERT INTO "vocabulary"."linkages" ("vocabulary_id", "preferred_definition_id", "preferred_spelling_id", "phonetic_spelling_id", "alt_phonetic_spelling_id", "kanji_spelling_id", "conjugation_set_id") VALUES ('3ab6c13d-cea6-51c9-8cc8-727dfb4074c0', '967f93bb-fe70-5e89-a121-36fee0d57a53', 'fac728ee-a743-55af-81c8-1ceea9be6941', 'fab99296-f435-575f-8d28-8e6f27dc3eb5', NULL, 'bbe0afd5-5710-54cf-818c-16471d8d397e', NULL);
-- 〜羽 | counter for birds, rabbits, etc --;
INSERT INTO "vocabulary"."vocabulary" ("id", "word_class_code", "conjugation_kind_code", "jlpt_level", "row_num", "tags", "date_added") VALUES ('93849573-7b32-4df3-a3b9-a15fb7555627', 'COUNTER', NULL, 3, 276, '{animal}', '2022-05-30');
INSERT INTO "vocabulary"."definition" ("id", "vocabulary_id", "sort_rank", "value") VALUES ('0da89d6a-1c45-512b-8d53-a3b5fa032c36', '93849573-7b32-4df3-a3b9-a15fb7555627', 1, 'counter for birds, rabbits, etc');
INSERT INTO "vocabulary"."spelling" ("id", "vocabulary_id", "spelling_kind_code", "value") VALUES ('5d233acc-8e96-5776-a6d3-df0e3c26e4a2', '93849573-7b32-4df3-a3b9-a15fb7555627', 'KANJI', '〜羽');
INSERT INTO "vocabulary"."spelling" ("id", "vocabulary_id", "spelling_kind_code", "value") VALUES ('28c4df74-bc0f-598a-8303-aac0cb210aa3', '93849573-7b32-4df3-a3b9-a15fb7555627', 'HIRAGANA', '〜わ');
INSERT INTO "vocabulary"."spelling" ("id", "vocabulary_id", "spelling_kind_code", "value") VALUES ('c00a25ea-c30e-59f9-93d1-75579dbd09e8', '93849573-7b32-4df3-a3b9-a15fb7555627', 'KANJI', '〜羽');
INSERT INTO "vocabulary"."linkages" ("vocabulary_id", "preferred_definition_id", "preferred_spelling_id", "phonetic_spelling_id", "alt_phonetic_spelling_id", "kanji_spelling_id", "conjugation_set_id") VALUES ('93849573-7b32-4df3-a3b9-a15fb7555627', '0da89d6a-1c45-512b-8d53-a3b5fa032c36', '5d233acc-8e96-5776-a6d3-df0e3c26e4a2', '28c4df74-bc0f-598a-8303-aac0cb210aa3', NULL, 'c00a25ea-c30e-59f9-93d1-75579dbd09e8', NULL);
INSERT INTO "vocabulary"."reference" ("vocabulary_id", "lesson_code") VALUES ('93849573-7b32-4df3-a3b9-a15fb7555627', 'DUO_02_04');
INSERT INTO "vocabulary"."reference" ("vocabulary_id", "lesson_code") VALUES ('93849573-7b32-4df3-a3b9-a15fb7555627', 'DUO_U07');
-- 彼女 | she, her --;
INSERT INTO "vocabulary"."vocabulary" ("id", "word_class_code", "conjugation_kind_code", "jlpt_level", "row_num", "tags", "date_added") VALUES ('6432ab47-a4a0-487f-89ad-b37fce084c74', 'PRONOUN', NULL, 4, 277, '{}', '2022-08-08');
INSERT INTO "vocabulary"."definition" ("id", "vocabulary_id", "sort_rank", "value") VALUES ('81caa6e2-0815-51de-bafb-7267e2178e18', '6432ab47-a4a0-487f-89ad-b37fce084c74', 1, 'she, her');
INSERT INTO "vocabulary"."spelling" ("id", "vocabulary_id", "spelling_kind_code", "value") VALUES ('78d12928-2d08-5dc1-b294-1ad0aca743e9', '6432ab47-a4a0-487f-89ad-b37fce084c74', 'KANJI', '彼女');
INSERT INTO "vocabulary"."spelling" ("id", "vocabulary_id", "spelling_kind_code", "value") VALUES ('ddf03e43-4afd-5826-b904-4c50a79327de', '6432ab47-a4a0-487f-89ad-b37fce084c74', 'HIRAGANA', 'かのじょ');
INSERT INTO "vocabulary"."spelling" ("id", "vocabulary_id", "spelling_kind_code", "value") VALUES ('e3783e07-fdf6-564d-abb1-a8c7d68e97ba', '6432ab47-a4a0-487f-89ad-b37fce084c74', 'KANJI', '彼女');
INSERT INTO "vocabulary"."linkages" ("vocabulary_id", "preferred_definition_id", "preferred_spelling_id", "phonetic_spelling_id", "alt_phonetic_spelling_id", "kanji_spelling_id", "conjugation_set_id") VALUES ('6432ab47-a4a0-487f-89ad-b37fce084c74', '81caa6e2-0815-51de-bafb-7267e2178e18', '78d12928-2d08-5dc1-b294-1ad0aca743e9', 'ddf03e43-4afd-5826-b904-4c50a79327de', NULL, 'e3783e07-fdf6-564d-abb1-a8c7d68e97ba', NULL);
INSERT INTO "vocabulary"."reference" ("vocabulary_id", "lesson_code") VALUES ('6432ab47-a4a0-487f-89ad-b37fce084c74', 'DUO_02_07');
INSERT INTO "vocabulary"."reference" ("vocabulary_id", "lesson_code") VALUES ('6432ab47-a4a0-487f-89ad-b37fce084c74', 'DUO_U09');
-- 彼 | him, he --;
INSERT INTO "vocabulary"."vocabulary" ("id", "word_class_code", "conjugation_kind_code", "jlpt_level", "row_num", "tags", "date_added") VALUES ('794880bc-1fa2-4fb8-9fa0-bd04c175bbee', 'PRONOUN', NULL, 4, 278, '{}', '2022-08-08');
INSERT INTO "vocabulary"."definition" ("id", "vocabulary_id", "sort_rank", "value") VALUES ('11fc46b9-8b57-5e79-affd-a533289a917d', '794880bc-1fa2-4fb8-9fa0-bd04c175bbee', 1, 'him, he');
INSERT INTO "vocabulary"."spelling" ("id", "vocabulary_id", "spelling_kind_code", "value") VALUES ('8a42ed46-f00d-57ec-9944-981cdefdf68d', '794880bc-1fa2-4fb8-9fa0-bd04c175bbee', 'KANJI', '彼');
INSERT INTO "vocabulary"."spelling" ("id", "vocabulary_id", "spelling_kind_code", "value") VALUES ('764410e1-9f1e-56f9-9fe3-468f017df434', '794880bc-1fa2-4fb8-9fa0-bd04c175bbee', 'HIRAGANA', 'かれ');
INSERT INTO "vocabulary"."spelling" ("id", "vocabulary_id", "spelling_kind_code", "value") VALUES ('43f9efa8-abb9-5f89-852f-7963fa3f787d', '794880bc-1fa2-4fb8-9fa0-bd04c175bbee', 'KANJI', '彼');
INSERT INTO "vocabulary"."linkages" ("vocabulary_id", "preferred_definition_id", "preferred_spelling_id", "phonetic_spelling_id", "alt_phonetic_spelling_id", "kanji_spelling_id", "conjugation_set_id") VALUES ('794880bc-1fa2-4fb8-9fa0-bd04c175bbee', '11fc46b9-8b57-5e79-affd-a533289a917d', '8a42ed46-f00d-57ec-9944-981cdefdf68d', '764410e1-9f1e-56f9-9fe3-468f017df434', NULL, '43f9efa8-abb9-5f89-852f-7963fa3f787d', NULL);
INSERT INTO "vocabulary"."reference" ("vocabulary_id", "lesson_code") VALUES ('794880bc-1fa2-4fb8-9fa0-bd04c175bbee', 'DUO_02_07');
INSERT INTO "vocabulary"."reference" ("vocabulary_id", "lesson_code") VALUES ('794880bc-1fa2-4fb8-9fa0-bd04c175bbee', 'DUO_U09');
-- 彼ら | they, them --;
INSERT INTO "vocabulary"."vocabulary" ("id", "word_class_code", "conjugation_kind_code", "jlpt_level", "row_num", "tags", "date_added") VALUES ('46260a68-5466-4f70-9b0b-968d8143848f', 'PRONOUN', NULL, 3, 279, '{}', '2022-08-08');
INSERT INTO "vocabulary"."definition" ("id", "vocabulary_id", "sort_rank", "value") VALUES ('bb8f55c7-665f-5705-9459-a95dd490f761', '46260a68-5466-4f70-9b0b-968d8143848f', 1, 'they, them');
INSERT INTO "vocabulary"."spelling" ("id", "vocabulary_id", "spelling_kind_code", "value") VALUES ('9f35e15f-084a-5efa-8cc2-8f74f7fcf58a', '46260a68-5466-4f70-9b0b-968d8143848f', 'KANJI', '彼ら');
INSERT INTO "vocabulary"."spelling" ("id", "vocabulary_id", "spelling_kind_code", "value") VALUES ('e8501e6f-03af-5beb-b6d9-fe932d87c854', '46260a68-5466-4f70-9b0b-968d8143848f', 'HIRAGANA', 'かれら');
INSERT INTO "vocabulary"."spelling" ("id", "vocabulary_id", "spelling_kind_code", "value") VALUES ('21764a3d-ae1c-5537-952f-8cf85fa20ffc', '46260a68-5466-4f70-9b0b-968d8143848f', 'KANJI', '彼ら');
INSERT INTO "vocabulary"."linkages" ("vocabulary_id", "preferred_definition_id", "preferred_spelling_id", "phonetic_spelling_id", "alt_phonetic_spelling_id", "kanji_spelling_id", "conjugation_set_id") VALUES ('46260a68-5466-4f70-9b0b-968d8143848f', 'bb8f55c7-665f-5705-9459-a95dd490f761', '9f35e15f-084a-5efa-8cc2-8f74f7fcf58a', 'e8501e6f-03af-5beb-b6d9-fe932d87c854', NULL, '21764a3d-ae1c-5537-952f-8cf85fa20ffc', NULL);
INSERT INTO "vocabulary"."reference" ("vocabulary_id", "lesson_code") VALUES ('46260a68-5466-4f70-9b0b-968d8143848f', 'DUO_02_07');
INSERT INTO "vocabulary"."reference" ("vocabulary_id", "lesson_code") VALUES ('46260a68-5466-4f70-9b0b-968d8143848f', 'DUO_U09');
-- 〜たち | ...plural (person, animal) --;
INSERT INTO "vocabulary"."vocabulary" ("id", "word_class_code", "conjugation_kind_code", "jlpt_level", "row_num", "tags", "date_added") VALUES ('7592b181-b6f1-41f0-b618-4ae67ab38b21', 'SUFFIX', NULL, NULL, 280, '{}', '2022-08-08');
INSERT INTO "vocabulary"."definition" ("id", "vocabulary_id", "sort_rank", "value") VALUES ('5e326524-9469-5fd9-be06-6ae861aeddf2', '7592b181-b6f1-41f0-b618-4ae67ab38b21', 1, '...plural (person, animal)');
INSERT INTO "vocabulary"."spelling" ("id", "vocabulary_id", "spelling_kind_code", "value") VALUES ('240b986e-2b73-5396-85c7-1ceb062d80d9', '7592b181-b6f1-41f0-b618-4ae67ab38b21', 'HIRAGANA', '〜たち');
INSERT INTO "vocabulary"."spelling" ("id", "vocabulary_id", "spelling_kind_code", "value") VALUES ('715c2830-2f77-57b8-a95f-9cc568ac5c5a', '7592b181-b6f1-41f0-b618-4ae67ab38b21', 'HIRAGANA', '〜たち');
INSERT INTO "vocabulary"."spelling" ("id", "vocabulary_id", "spelling_kind_code", "value") VALUES ('05027372-13d7-5090-adf5-3154b223037a', '7592b181-b6f1-41f0-b618-4ae67ab38b21', 'KANJI', '〜達');
INSERT INTO "vocabulary"."linkages" ("vocabulary_id", "preferred_definition_id", "preferred_spelling_id", "phonetic_spelling_id", "alt_phonetic_spelling_id", "kanji_spelling_id", "conjugation_set_id") VALUES ('7592b181-b6f1-41f0-b618-4ae67ab38b21', '5e326524-9469-5fd9-be06-6ae861aeddf2', '240b986e-2b73-5396-85c7-1ceb062d80d9', '715c2830-2f77-57b8-a95f-9cc568ac5c5a', NULL, '05027372-13d7-5090-adf5-3154b223037a', NULL);
INSERT INTO "vocabulary"."reference" ("vocabulary_id", "lesson_code") VALUES ('7592b181-b6f1-41f0-b618-4ae67ab38b21', 'DUO_02_07');
INSERT INTO "vocabulary"."reference" ("vocabulary_id", "lesson_code") VALUES ('7592b181-b6f1-41f0-b618-4ae67ab38b21', 'DUO_U09');
-- 僕 | I (male, casual) --;
INSERT INTO "vocabulary"."vocabulary" ("id", "word_class_code", "conjugation_kind_code", "jlpt_level", "row_num", "tags", "date_added") VALUES ('bd6d533d-c173-49c5-95c7-85fe90dd38a6', 'PRONOUN', NULL, 4, 281, '{}', '2022-08-08');
INSERT INTO "vocabulary"."definition" ("id", "vocabulary_id", "sort_rank", "value") VALUES ('f444c3bc-2788-5429-a6be-5cce3d13028d', 'bd6d533d-c173-49c5-95c7-85fe90dd38a6', 1, 'I (male, casual)');
INSERT INTO "vocabulary"."spelling" ("id", "vocabulary_id", "spelling_kind_code", "value") VALUES ('28b908cb-640e-54fb-b149-d6d7ed31f61e', 'bd6d533d-c173-49c5-95c7-85fe90dd38a6', 'KANJI', '僕');
INSERT INTO "vocabulary"."spelling" ("id", "vocabulary_id", "spelling_kind_code", "value") VALUES ('544f8e18-b31f-5476-91e1-e34eb1762e0a', 'bd6d533d-c173-49c5-95c7-85fe90dd38a6', 'HIRAGANA', 'ぼく');
INSERT INTO "vocabulary"."spelling" ("id", "vocabulary_id", "spelling_kind_code", "value") VALUES ('8a41a05c-760a-527c-96f2-992682ef8ded', 'bd6d533d-c173-49c5-95c7-85fe90dd38a6', 'KANJI', '僕');
INSERT INTO "vocabulary"."linkages" ("vocabulary_id", "preferred_definition_id", "preferred_spelling_id", "phonetic_spelling_id", "alt_phonetic_spelling_id", "kanji_spelling_id", "conjugation_set_id") VALUES ('bd6d533d-c173-49c5-95c7-85fe90dd38a6', 'f444c3bc-2788-5429-a6be-5cce3d13028d', '28b908cb-640e-54fb-b149-d6d7ed31f61e', '544f8e18-b31f-5476-91e1-e34eb1762e0a', NULL, '8a41a05c-760a-527c-96f2-992682ef8ded', NULL);
INSERT INTO "vocabulary"."reference" ("vocabulary_id", "lesson_code") VALUES ('bd6d533d-c173-49c5-95c7-85fe90dd38a6', 'DUO_02_07');
INSERT INTO "vocabulary"."reference" ("vocabulary_id", "lesson_code") VALUES ('bd6d533d-c173-49c5-95c7-85fe90dd38a6', 'DUO_U09');
-- あたし | I (femaie, casual) --;
INSERT INTO "vocabulary"."vocabulary" ("id", "word_class_code", "conjugation_kind_code", "jlpt_level", "row_num", "tags", "date_added") VALUES ('f6c1721c-c476-5815-8e77-f666aab0b5d7', 'PRONOUN', NULL, 1, 282, '{}', '2022-09-07');
INSERT INTO "vocabulary"."definition" ("id", "vocabulary_id", "sort_rank", "value") VALUES ('abde05b5-6a4d-5500-9355-f0f53876e211', 'f6c1721c-c476-5815-8e77-f666aab0b5d7', 1, 'I (femaie, casual)');
INSERT INTO "vocabulary"."spelling" ("id", "vocabulary_id", "spelling_kind_code", "value") VALUES ('d88352d4-822f-536c-b44f-6db0da2f045e', 'f6c1721c-c476-5815-8e77-f666aab0b5d7', 'HIRAGANA', 'あたし');
INSERT INTO "vocabulary"."spelling" ("id", "vocabulary_id", "spelling_kind_code", "value") VALUES ('6cea42c8-2641-52dc-945d-14d238c19c2b', 'f6c1721c-c476-5815-8e77-f666aab0b5d7', 'HIRAGANA', 'あたし');
INSERT INTO "vocabulary"."linkages" ("vocabulary_id", "preferred_definition_id", "preferred_spelling_id", "phonetic_spelling_id", "alt_phonetic_spelling_id", "kanji_spelling_id", "conjugation_set_id") VALUES ('f6c1721c-c476-5815-8e77-f666aab0b5d7', 'abde05b5-6a4d-5500-9355-f0f53876e211', 'd88352d4-822f-536c-b44f-6db0da2f045e', '6cea42c8-2641-52dc-945d-14d238c19c2b', NULL, NULL, NULL);
INSERT INTO "vocabulary"."reference" ("vocabulary_id", "lesson_code") VALUES ('f6c1721c-c476-5815-8e77-f666aab0b5d7', 'GENKI3_L05');
-- 僕ら | we (male casual) --;
INSERT INTO "vocabulary"."vocabulary" ("id", "word_class_code", "conjugation_kind_code", "jlpt_level", "row_num", "tags", "date_added") VALUES ('e2a94266-387e-5b7d-8fb2-fe52967f09a8', 'PRONOUN', NULL, NULL, 283, '{}', '2022-09-17');
INSERT INTO "vocabulary"."definition" ("id", "vocabulary_id", "sort_rank", "value") VALUES ('b95bf664-ff17-54a2-a7c4-de19d996adab', 'e2a94266-387e-5b7d-8fb2-fe52967f09a8', 1, 'we (male casual)');
INSERT INTO "vocabulary"."spelling" ("id", "vocabulary_id", "spelling_kind_code", "value") VALUES ('9d1afc03-7f3e-54d7-80d0-4238d36b3059', 'e2a94266-387e-5b7d-8fb2-fe52967f09a8', 'KANJI', '僕ら');
INSERT INTO "vocabulary"."spelling" ("id", "vocabulary_id", "spelling_kind_code", "value") VALUES ('b52be2ff-186a-5e7a-ad09-ff3bed7ac769', 'e2a94266-387e-5b7d-8fb2-fe52967f09a8', 'HIRAGANA', 'ぼくら');
INSERT INTO "vocabulary"."spelling" ("id", "vocabulary_id", "spelling_kind_code", "value") VALUES ('dc8c3b91-350e-54b2-8bbc-675ddbc3123a', 'e2a94266-387e-5b7d-8fb2-fe52967f09a8', 'KANJI', '僕ら');
INSERT INTO "vocabulary"."linkages" ("vocabulary_id", "preferred_definition_id", "preferred_spelling_id", "phonetic_spelling_id", "alt_phonetic_spelling_id", "kanji_spelling_id", "conjugation_set_id") VALUES ('e2a94266-387e-5b7d-8fb2-fe52967f09a8', 'b95bf664-ff17-54a2-a7c4-de19d996adab', '9d1afc03-7f3e-54d7-80d0-4238d36b3059', 'b52be2ff-186a-5e7a-ad09-ff3bed7ac769', NULL, 'dc8c3b91-350e-54b2-8bbc-675ddbc3123a', NULL);
-- 私たち | we (casual) --;
INSERT INTO "vocabulary"."vocabulary" ("id", "word_class_code", "conjugation_kind_code", "jlpt_level", "row_num", "tags", "date_added") VALUES ('d76d62e1-99d0-5dc4-b8c5-4060a40be4e4', 'PRONOUN', NULL, NULL, 284, '{}', '2022-09-17');
INSERT INTO "vocabulary"."definition" ("id", "vocabulary_id", "sort_rank", "value") VALUES ('d75da2c4-d439-5b16-ac83-381b4b6cd0e6', 'd76d62e1-99d0-5dc4-b8c5-4060a40be4e4', 1, 'we (casual)');
INSERT INTO "vocabulary"."spelling" ("id", "vocabulary_id", "spelling_kind_code", "value") VALUES ('a7cfdf7f-1016-5c57-8e57-272530c04b9b', 'd76d62e1-99d0-5dc4-b8c5-4060a40be4e4', 'KANJI', '私たち');
INSERT INTO "vocabulary"."spelling" ("id", "vocabulary_id", "spelling_kind_code", "value") VALUES ('0817de42-ff6b-5d05-984c-47f03b7ba8be', 'd76d62e1-99d0-5dc4-b8c5-4060a40be4e4', 'HIRAGANA', 'わたしたち');
INSERT INTO "vocabulary"."spelling" ("id", "vocabulary_id", "spelling_kind_code", "value") VALUES ('51e60098-9dc9-58fc-96df-b70848c154b3', 'd76d62e1-99d0-5dc4-b8c5-4060a40be4e4', 'KANJI', '私たち');
INSERT INTO "vocabulary"."linkages" ("vocabulary_id", "preferred_definition_id", "preferred_spelling_id", "phonetic_spelling_id", "alt_phonetic_spelling_id", "kanji_spelling_id", "conjugation_set_id") VALUES ('d76d62e1-99d0-5dc4-b8c5-4060a40be4e4', 'd75da2c4-d439-5b16-ac83-381b4b6cd0e6', 'a7cfdf7f-1016-5c57-8e57-272530c04b9b', '0817de42-ff6b-5d05-984c-47f03b7ba8be', NULL, '51e60098-9dc9-58fc-96df-b70848c154b3', NULL);
-- 我々 | we (formal, written) --;
INSERT INTO "vocabulary"."vocabulary" ("id", "word_class_code", "conjugation_kind_code", "jlpt_level", "row_num", "tags", "date_added") VALUES ('cb3a6f64-b0e8-5736-aae1-9088a0af6eb1', 'PRONOUN', NULL, 3, 285, '{}', '2022-09-17');
INSERT INTO "vocabulary"."definition" ("id", "vocabulary_id", "sort_rank", "value") VALUES ('3f686f13-5e04-5f0a-9517-b962bfa9a294', 'cb3a6f64-b0e8-5736-aae1-9088a0af6eb1', 1, 'we (formal, written)');
INSERT INTO "vocabulary"."spelling" ("id", "vocabulary_id", "spelling_kind_code", "value") VALUES ('7c9d8d5f-e9b9-5048-a18f-47bf1f2876cc', 'cb3a6f64-b0e8-5736-aae1-9088a0af6eb1', 'KANJI', '我々');
INSERT INTO "vocabulary"."spelling" ("id", "vocabulary_id", "spelling_kind_code", "value") VALUES ('52495b97-164d-5cbd-966f-b4cb63efa134', 'cb3a6f64-b0e8-5736-aae1-9088a0af6eb1', 'HIRAGANA', 'われわれ');
INSERT INTO "vocabulary"."spelling" ("id", "vocabulary_id", "spelling_kind_code", "value") VALUES ('139e011e-052b-5f3b-b325-acad69d82b8c', 'cb3a6f64-b0e8-5736-aae1-9088a0af6eb1', 'KANJI', '我々');
INSERT INTO "vocabulary"."linkages" ("vocabulary_id", "preferred_definition_id", "preferred_spelling_id", "phonetic_spelling_id", "alt_phonetic_spelling_id", "kanji_spelling_id", "conjugation_set_id") VALUES ('cb3a6f64-b0e8-5736-aae1-9088a0af6eb1', '3f686f13-5e04-5f0a-9517-b962bfa9a294', '7c9d8d5f-e9b9-5048-a18f-47bf1f2876cc', '52495b97-164d-5cbd-966f-b4cb63efa134', NULL, '139e011e-052b-5f3b-b325-acad69d82b8c', NULL);
-- 山 | mountain --;
INSERT INTO "vocabulary"."vocabulary" ("id", "word_class_code", "conjugation_kind_code", "jlpt_level", "row_num", "tags", "date_added") VALUES ('2037e05e-e3cc-56d5-b966-458046cfb035', 'NOUN', NULL, 5, 286, '{}', '2022-08-12');
INSERT INTO "vocabulary"."definition" ("id", "vocabulary_id", "sort_rank", "value") VALUES ('a058b68d-e81f-580e-9c5e-8c4e139ce8b7', '2037e05e-e3cc-56d5-b966-458046cfb035', 1, 'mountain');
INSERT INTO "vocabulary"."spelling" ("id", "vocabulary_id", "spelling_kind_code", "value") VALUES ('8f137041-d264-58cb-996b-14e2e6710505', '2037e05e-e3cc-56d5-b966-458046cfb035', 'KANJI', '山');
INSERT INTO "vocabulary"."spelling" ("id", "vocabulary_id", "spelling_kind_code", "value") VALUES ('42a7ff60-5c42-5ec2-aa3a-5be581e2c214', '2037e05e-e3cc-56d5-b966-458046cfb035', 'HIRAGANA', 'やま');
INSERT INTO "vocabulary"."spelling" ("id", "vocabulary_id", "spelling_kind_code", "value") VALUES ('7667feac-6613-5546-b82f-21cecf08cf0e', '2037e05e-e3cc-56d5-b966-458046cfb035', 'KANJI', '山');
INSERT INTO "vocabulary"."linkages" ("vocabulary_id", "preferred_definition_id", "preferred_spelling_id", "phonetic_spelling_id", "alt_phonetic_spelling_id", "kanji_spelling_id", "conjugation_set_id") VALUES ('2037e05e-e3cc-56d5-b966-458046cfb035', 'a058b68d-e81f-580e-9c5e-8c4e139ce8b7', '8f137041-d264-58cb-996b-14e2e6710505', '42a7ff60-5c42-5ec2-aa3a-5be581e2c214', NULL, '7667feac-6613-5546-b82f-21cecf08cf0e', NULL);
INSERT INTO "vocabulary"."reference" ("vocabulary_id", "lesson_code") VALUES ('2037e05e-e3cc-56d5-b966-458046cfb035', 'LULI_KANJI_L01');
-- 川 | river --;
INSERT INTO "vocabulary"."vocabulary" ("id", "word_class_code", "conjugation_kind_code", "jlpt_level", "row_num", "tags", "date_added") VALUES ('963e3282-5c51-588f-9dac-d5226e182f10', 'NOUN', NULL, 5, 287, '{}', '2022-08-12');
INSERT INTO "vocabulary"."definition" ("id", "vocabulary_id", "sort_rank", "value") VALUES ('a8b4a5ca-925e-5abe-9205-fa9970aa1936', '963e3282-5c51-588f-9dac-d5226e182f10', 1, 'river');
INSERT INTO "vocabulary"."spelling" ("id", "vocabulary_id", "spelling_kind_code", "value") VALUES ('e6087649-e6ad-511c-8fca-fe0fcfcec36e', '963e3282-5c51-588f-9dac-d5226e182f10', 'KANJI', '川');
INSERT INTO "vocabulary"."spelling" ("id", "vocabulary_id", "spelling_kind_code", "value") VALUES ('d9a51116-a647-5b4b-ae90-887d3c376d93', '963e3282-5c51-588f-9dac-d5226e182f10', 'HIRAGANA', 'かわ');
INSERT INTO "vocabulary"."spelling" ("id", "vocabulary_id", "spelling_kind_code", "value") VALUES ('209e76c4-ee97-59b2-a754-2a2d914d8f2f', '963e3282-5c51-588f-9dac-d5226e182f10', 'KANJI', '川');
INSERT INTO "vocabulary"."linkages" ("vocabulary_id", "preferred_definition_id", "preferred_spelling_id", "phonetic_spelling_id", "alt_phonetic_spelling_id", "kanji_spelling_id", "conjugation_set_id") VALUES ('963e3282-5c51-588f-9dac-d5226e182f10', 'a8b4a5ca-925e-5abe-9205-fa9970aa1936', 'e6087649-e6ad-511c-8fca-fe0fcfcec36e', 'd9a51116-a647-5b4b-ae90-887d3c376d93', NULL, '209e76c4-ee97-59b2-a754-2a2d914d8f2f', NULL);
INSERT INTO "vocabulary"."reference" ("vocabulary_id", "lesson_code") VALUES ('963e3282-5c51-588f-9dac-d5226e182f10', 'LULI_KANJI_L01');
-- 炎 | flame (blaze); flame (of passion) --;
INSERT INTO "vocabulary"."vocabulary" ("id", "word_class_code", "conjugation_kind_code", "jlpt_level", "row_num", "tags", "date_added") VALUES ('2e1d445c-bc7c-558d-9eb4-c97cdb6f5898', 'NOUN', NULL, 3, 288, '{}', '2022-08-12');
INSERT INTO "vocabulary"."definition" ("id", "vocabulary_id", "sort_rank", "value") VALUES ('fcf9b3e9-ac05-541b-bd7b-91aa696321a0', '2e1d445c-bc7c-558d-9eb4-c97cdb6f5898', 1, 'flame (blaze); flame (of passion)');
INSERT INTO "vocabulary"."spelling" ("id", "vocabulary_id", "spelling_kind_code", "value") VALUES ('0787ba88-23aa-5e15-9730-1438133e4249', '2e1d445c-bc7c-558d-9eb4-c97cdb6f5898', 'KANJI', '炎');
INSERT INTO "vocabulary"."spelling" ("id", "vocabulary_id", "spelling_kind_code", "value") VALUES ('33e71b3c-19db-591a-b93e-118a3b00be17', '2e1d445c-bc7c-558d-9eb4-c97cdb6f5898', 'HIRAGANA', 'ほのお');
INSERT INTO "vocabulary"."spelling" ("id", "vocabulary_id", "spelling_kind_code", "value") VALUES ('88042e50-ae9b-5270-ae84-5f4c5be2b58e', '2e1d445c-bc7c-558d-9eb4-c97cdb6f5898', 'HIRAGANA', 'ほむら');
INSERT INTO "vocabulary"."spelling" ("id", "vocabulary_id", "spelling_kind_code", "value") VALUES ('e03d06c1-03b4-5313-ab67-6b27a8d643b5', '2e1d445c-bc7c-558d-9eb4-c97cdb6f5898', 'KANJI', '炎');
INSERT INTO "vocabulary"."linkages" ("vocabulary_id", "preferred_definition_id", "preferred_spelling_id", "phonetic_spelling_id", "alt_phonetic_spelling_id", "kanji_spelling_id", "conjugation_set_id") VALUES ('2e1d445c-bc7c-558d-9eb4-c97cdb6f5898', 'fcf9b3e9-ac05-541b-bd7b-91aa696321a0', '0787ba88-23aa-5e15-9730-1438133e4249', '33e71b3c-19db-591a-b93e-118a3b00be17', '88042e50-ae9b-5270-ae84-5f4c5be2b58e', 'e03d06c1-03b4-5313-ab67-6b27a8d643b5', NULL);
-- 火 | fire --;
INSERT INTO "vocabulary"."vocabulary" ("id", "word_class_code", "conjugation_kind_code", "jlpt_level", "row_num", "tags", "date_added") VALUES ('047bba20-3388-59ec-b67c-97aeb0d3c257', 'NOUN', NULL, 3, 289, '{}', '2022-08-12');
INSERT INTO "vocabulary"."definition" ("id", "vocabulary_id", "sort_rank", "value") VALUES ('a5fb0d45-6706-5ebe-9c78-781c4ad0196c', '047bba20-3388-59ec-b67c-97aeb0d3c257', 1, 'fire');
INSERT INTO "vocabulary"."spelling" ("id", "vocabulary_id", "spelling_kind_code", "value") VALUES ('44ee3085-b6e8-5b3c-8c15-d45a2b08e046', '047bba20-3388-59ec-b67c-97aeb0d3c257', 'KANJI', '火');
INSERT INTO "vocabulary"."spelling" ("id", "vocabulary_id", "spelling_kind_code", "value") VALUES ('3338235c-9f5e-5962-a3dc-fca3d18ee97c', '047bba20-3388-59ec-b67c-97aeb0d3c257', 'HIRAGANA', 'ひ');
INSERT INTO "vocabulary"."spelling" ("id", "vocabulary_id", "spelling_kind_code", "value") VALUES ('344ea509-66ae-5016-8d26-f1686439f1a6', '047bba20-3388-59ec-b67c-97aeb0d3c257', 'KANJI', '火');
INSERT INTO "vocabulary"."linkages" ("vocabulary_id", "preferred_definition_id", "preferred_spelling_id", "phonetic_spelling_id", "alt_phonetic_spelling_id", "kanji_spelling_id", "conjugation_set_id") VALUES ('047bba20-3388-59ec-b67c-97aeb0d3c257', 'a5fb0d45-6706-5ebe-9c78-781c4ad0196c', '44ee3085-b6e8-5b3c-8c15-d45a2b08e046', '3338235c-9f5e-5962-a3dc-fca3d18ee97c', NULL, '344ea509-66ae-5016-8d26-f1686439f1a6', NULL);
INSERT INTO "vocabulary"."reference" ("vocabulary_id", "lesson_code") VALUES ('047bba20-3388-59ec-b67c-97aeb0d3c257', 'LULI_KANJI_L01');
-- 男 | man; male --;
INSERT INTO "vocabulary"."vocabulary" ("id", "word_class_code", "conjugation_kind_code", "jlpt_level", "row_num", "tags", "date_added") VALUES ('9a991eae-f1be-5494-a018-23249ea18b15', 'NOUN', NULL, NULL, 290, '{}', '2022-08-12');
INSERT INTO "vocabulary"."definition" ("id", "vocabulary_id", "sort_rank", "value") VALUES ('d38f713e-78fc-5100-a14d-6484b79c8bbe', '9a991eae-f1be-5494-a018-23249ea18b15', 1, 'man; male');
INSERT INTO "vocabulary"."spelling" ("id", "vocabulary_id", "spelling_kind_code", "value") VALUES ('664b7f45-045f-5442-be29-01791c902fd5', '9a991eae-f1be-5494-a018-23249ea18b15', 'KANJI', '男');
INSERT INTO "vocabulary"."spelling" ("id", "vocabulary_id", "spelling_kind_code", "value") VALUES ('835a17f9-deed-59a1-9c39-1103e28bec0e', '9a991eae-f1be-5494-a018-23249ea18b15', 'HIRAGANA', 'おとこ');
INSERT INTO "vocabulary"."spelling" ("id", "vocabulary_id", "spelling_kind_code", "value") VALUES ('2eb273e0-c0b6-55db-b1d5-00e6e80bd9e9', '9a991eae-f1be-5494-a018-23249ea18b15', 'KANJI', '男');
INSERT INTO "vocabulary"."linkages" ("vocabulary_id", "preferred_definition_id", "preferred_spelling_id", "phonetic_spelling_id", "alt_phonetic_spelling_id", "kanji_spelling_id", "conjugation_set_id") VALUES ('9a991eae-f1be-5494-a018-23249ea18b15', 'd38f713e-78fc-5100-a14d-6484b79c8bbe', '664b7f45-045f-5442-be29-01791c902fd5', '835a17f9-deed-59a1-9c39-1103e28bec0e', NULL, '2eb273e0-c0b6-55db-b1d5-00e6e80bd9e9', NULL);
INSERT INTO "vocabulary"."reference" ("vocabulary_id", "lesson_code") VALUES ('9a991eae-f1be-5494-a018-23249ea18b15', 'LULI_KANJI_L01');
-- 女 | woman; female --;
INSERT INTO "vocabulary"."vocabulary" ("id", "word_class_code", "conjugation_kind_code", "jlpt_level", "row_num", "tags", "date_added") VALUES ('d74412ce-8367-5c45-919d-4d992829de66', 'NOUN', NULL, NULL, 291, '{}', '2022-08-12');
INSERT INTO "vocabulary"."definition" ("id", "vocabulary_id", "sort_rank", "value") VALUES ('14adb854-856b-5f1a-be83-275583cf81b6', 'd74412ce-8367-5c45-919d-4d992829de66', 1, 'woman; female');
INSERT INTO "vocabulary"."spelling" ("id", "vocabulary_id", "spelling_kind_code", "value") VALUES ('a6a48ef4-b9ff-5cd7-a353-7a0bca501a05', 'd74412ce-8367-5c45-919d-4d992829de66', 'KANJI', '女');
INSERT INTO "vocabulary"."spelling" ("id", "vocabulary_id", "spelling_kind_code", "value") VALUES ('bcdf7487-e2a6-5e6e-b45a-08fbe2e372f1', 'd74412ce-8367-5c45-919d-4d992829de66', 'HIRAGANA', 'おんあ');
INSERT INTO "vocabulary"."spelling" ("id", "vocabulary_id", "spelling_kind_code", "value") VALUES ('94a45a0e-8244-51e6-9fa2-3e8dfde61ca6', 'd74412ce-8367-5c45-919d-4d992829de66', 'KANJI', '女');
INSERT INTO "vocabulary"."linkages" ("vocabulary_id", "preferred_definition_id", "preferred_spelling_id", "phonetic_spelling_id", "alt_phonetic_spelling_id", "kanji_spelling_id", "conjugation_set_id") VALUES ('d74412ce-8367-5c45-919d-4d992829de66', '14adb854-856b-5f1a-be83-275583cf81b6', 'a6a48ef4-b9ff-5cd7-a353-7a0bca501a05', 'bcdf7487-e2a6-5e6e-b45a-08fbe2e372f1', NULL, '94a45a0e-8244-51e6-9fa2-3e8dfde61ca6', NULL);
INSERT INTO "vocabulary"."reference" ("vocabulary_id", "lesson_code") VALUES ('d74412ce-8367-5c45-919d-4d992829de66', 'LULI_KANJI_L01');
-- 〜子 | child; kid --;
INSERT INTO "vocabulary"."vocabulary" ("id", "word_class_code", "conjugation_kind_code", "jlpt_level", "row_num", "tags", "date_added") VALUES ('865bd41e-4912-5b3b-97e2-d7bb548ebc54', 'SUFFIX', NULL, 4, 292, '{}', '2022-08-15');
INSERT INTO "vocabulary"."definition" ("id", "vocabulary_id", "sort_rank", "value") VALUES ('3aacba39-1708-541c-b8e4-4822bfd4cefa', '865bd41e-4912-5b3b-97e2-d7bb548ebc54', 1, 'child; kid');
INSERT INTO "vocabulary"."spelling" ("id", "vocabulary_id", "spelling_kind_code", "value") VALUES ('5e8e7565-f1ad-5847-8bd2-7bd46c5ea792', '865bd41e-4912-5b3b-97e2-d7bb548ebc54', 'KANJI', '〜子');
INSERT INTO "vocabulary"."spelling" ("id", "vocabulary_id", "spelling_kind_code", "value") VALUES ('abf45a83-6d6f-54f8-ae5a-8d00d92cd6b7', '865bd41e-4912-5b3b-97e2-d7bb548ebc54', 'HIRAGANA', '〜こ');
INSERT INTO "vocabulary"."spelling" ("id", "vocabulary_id", "spelling_kind_code", "value") VALUES ('a1f398c5-787c-5dc5-9b77-fb37076192af', '865bd41e-4912-5b3b-97e2-d7bb548ebc54', 'KANJI', '〜子');
INSERT INTO "vocabulary"."linkages" ("vocabulary_id", "preferred_definition_id", "preferred_spelling_id", "phonetic_spelling_id", "alt_phonetic_spelling_id", "kanji_spelling_id", "conjugation_set_id") VALUES ('865bd41e-4912-5b3b-97e2-d7bb548ebc54', '3aacba39-1708-541c-b8e4-4822bfd4cefa', '5e8e7565-f1ad-5847-8bd2-7bd46c5ea792', 'abf45a83-6d6f-54f8-ae5a-8d00d92cd6b7', NULL, 'a1f398c5-787c-5dc5-9b77-fb37076192af', NULL);
INSERT INTO "vocabulary"."reference" ("vocabulary_id", "lesson_code") VALUES ('865bd41e-4912-5b3b-97e2-d7bb548ebc54', 'LULI_KANJI_L01');
-- お菓子 | confections, sweets, candy, cake --;
INSERT INTO "vocabulary"."vocabulary" ("id", "word_class_code", "conjugation_kind_code", "jlpt_level", "row_num", "tags", "date_added") VALUES ('6e4a003e-4cc6-5fb4-bd16-99b201631b2b', 'NOUN', NULL, 5, 293, '{}', '2022-08-15');
INSERT INTO "vocabulary"."definition" ("id", "vocabulary_id", "sort_rank", "value") VALUES ('de492cb7-ceb8-50d5-a70e-10370321b43a', '6e4a003e-4cc6-5fb4-bd16-99b201631b2b', 1, 'confections, sweets, candy, cake');
INSERT INTO "vocabulary"."spelling" ("id", "vocabulary_id", "spelling_kind_code", "value") VALUES ('302053bf-cb78-5f6a-81e7-eaf98c35bd0f', '6e4a003e-4cc6-5fb4-bd16-99b201631b2b', 'KANJI', 'お菓子');
INSERT INTO "vocabulary"."spelling" ("id", "vocabulary_id", "spelling_kind_code", "value") VALUES ('8c1e58b4-fb47-5244-99e6-578c51cc9ee1', '6e4a003e-4cc6-5fb4-bd16-99b201631b2b', 'HIRAGANA', 'おかし');
INSERT INTO "vocabulary"."spelling" ("id", "vocabulary_id", "spelling_kind_code", "value") VALUES ('af923e62-7d4b-589d-9cf3-473ebc52ec3f', '6e4a003e-4cc6-5fb4-bd16-99b201631b2b', 'KANJI', 'お菓子');
INSERT INTO "vocabulary"."linkages" ("vocabulary_id", "preferred_definition_id", "preferred_spelling_id", "phonetic_spelling_id", "alt_phonetic_spelling_id", "kanji_spelling_id", "conjugation_set_id") VALUES ('6e4a003e-4cc6-5fb4-bd16-99b201631b2b', 'de492cb7-ceb8-50d5-a70e-10370321b43a', '302053bf-cb78-5f6a-81e7-eaf98c35bd0f', '8c1e58b4-fb47-5244-99e6-578c51cc9ee1', NULL, 'af923e62-7d4b-589d-9cf3-473ebc52ec3f', NULL);
-- 飴 | (hard) candy --;
INSERT INTO "vocabulary"."vocabulary" ("id", "word_class_code", "conjugation_kind_code", "jlpt_level", "row_num", "tags", "date_added") VALUES ('6437fff2-42a0-5909-9bf4-68dd05303d0f', 'NOUN', NULL, 5, 294, '{}', '2022-08-15');
INSERT INTO "vocabulary"."definition" ("id", "vocabulary_id", "sort_rank", "value") VALUES ('d4f20ff3-5d61-5cd6-8ae9-04bfdcdc4f3b', '6437fff2-42a0-5909-9bf4-68dd05303d0f', 1, '(hard) candy');
INSERT INTO "vocabulary"."spelling" ("id", "vocabulary_id", "spelling_kind_code", "value") VALUES ('e1f3c93d-3c9f-5192-87d4-3999633df51e', '6437fff2-42a0-5909-9bf4-68dd05303d0f', 'KANJI', '飴');
INSERT INTO "vocabulary"."spelling" ("id", "vocabulary_id", "spelling_kind_code", "value") VALUES ('33897115-ebd5-57dd-bb0d-70a8d888c485', '6437fff2-42a0-5909-9bf4-68dd05303d0f', 'HIRAGANA', 'あめ');
INSERT INTO "vocabulary"."spelling" ("id", "vocabulary_id", "spelling_kind_code", "value") VALUES ('6f46b585-7ca8-500e-8a80-28108240d88d', '6437fff2-42a0-5909-9bf4-68dd05303d0f', 'KANJI', '飴');
INSERT INTO "vocabulary"."linkages" ("vocabulary_id", "preferred_definition_id", "preferred_spelling_id", "phonetic_spelling_id", "alt_phonetic_spelling_id", "kanji_spelling_id", "conjugation_set_id") VALUES ('6437fff2-42a0-5909-9bf4-68dd05303d0f', 'd4f20ff3-5d61-5cd6-8ae9-04bfdcdc4f3b', 'e1f3c93d-3c9f-5192-87d4-3999633df51e', '33897115-ebd5-57dd-bb0d-70a8d888c485', NULL, '6f46b585-7ca8-500e-8a80-28108240d88d', NULL);
-- 雨 | rain --;
INSERT INTO "vocabulary"."vocabulary" ("id", "word_class_code", "conjugation_kind_code", "jlpt_level", "row_num", "tags", "date_added") VALUES ('38a615c6-b9b1-5a56-8df9-f32d3423f0e2', 'NOUN', NULL, 5, 295, '{weather}', '2022-08-15');
INSERT INTO "vocabulary"."definition" ("id", "vocabulary_id", "sort_rank", "value") VALUES ('bf93efee-0197-5ccc-8e7c-048a1bde2125', '38a615c6-b9b1-5a56-8df9-f32d3423f0e2', 1, 'rain');
INSERT INTO "vocabulary"."spelling" ("id", "vocabulary_id", "spelling_kind_code", "value") VALUES ('ef2de036-ad22-57b2-9dc0-678064fa64e7', '38a615c6-b9b1-5a56-8df9-f32d3423f0e2', 'KANJI', '雨');
INSERT INTO "vocabulary"."spelling" ("id", "vocabulary_id", "spelling_kind_code", "value") VALUES ('6e47d343-0cf4-5069-b974-b30528c584e2', '38a615c6-b9b1-5a56-8df9-f32d3423f0e2', 'HIRAGANA', 'あめ');
INSERT INTO "vocabulary"."spelling" ("id", "vocabulary_id", "spelling_kind_code", "value") VALUES ('49277587-cf22-54aa-aaea-e6ad27c73fb4', '38a615c6-b9b1-5a56-8df9-f32d3423f0e2', 'KANJI', '雨');
INSERT INTO "vocabulary"."linkages" ("vocabulary_id", "preferred_definition_id", "preferred_spelling_id", "phonetic_spelling_id", "alt_phonetic_spelling_id", "kanji_spelling_id", "conjugation_set_id") VALUES ('38a615c6-b9b1-5a56-8df9-f32d3423f0e2', 'bf93efee-0197-5ccc-8e7c-048a1bde2125', 'ef2de036-ad22-57b2-9dc0-678064fa64e7', '6e47d343-0cf4-5069-b974-b30528c584e2', NULL, '49277587-cf22-54aa-aaea-e6ad27c73fb4', NULL);
INSERT INTO "vocabulary"."reference" ("vocabulary_id", "lesson_code") VALUES ('38a615c6-b9b1-5a56-8df9-f32d3423f0e2', 'LULI_KANJI_L01');
-- 空 | sky (physical) --;
INSERT INTO "vocabulary"."vocabulary" ("id", "word_class_code", "conjugation_kind_code", "jlpt_level", "row_num", "tags", "date_added") VALUES ('a29a3d3c-77a8-51db-98a4-020a58c0c9fa', 'NOUN', NULL, 5, 296, '{weather}', '2022-08-15');
INSERT INTO "vocabulary"."definition" ("id", "vocabulary_id", "sort_rank", "value") VALUES ('eeec8b35-b7fa-57de-9832-30c76b528f0b', 'a29a3d3c-77a8-51db-98a4-020a58c0c9fa', 1, 'sky (physical)');
INSERT INTO "vocabulary"."spelling" ("id", "vocabulary_id", "spelling_kind_code", "value") VALUES ('a3cbadd3-c60a-5ec7-8b42-b77c38bc354c', 'a29a3d3c-77a8-51db-98a4-020a58c0c9fa', 'KANJI', '空');
INSERT INTO "vocabulary"."spelling" ("id", "vocabulary_id", "spelling_kind_code", "value") VALUES ('32c733ed-0e10-5bd5-8658-d9162df2bcca', 'a29a3d3c-77a8-51db-98a4-020a58c0c9fa', 'HIRAGANA', 'そら');
INSERT INTO "vocabulary"."spelling" ("id", "vocabulary_id", "spelling_kind_code", "value") VALUES ('7fd46488-b608-5b75-b03b-6c9f0511ca09', 'a29a3d3c-77a8-51db-98a4-020a58c0c9fa', 'KANJI', '空');
INSERT INTO "vocabulary"."linkages" ("vocabulary_id", "preferred_definition_id", "preferred_spelling_id", "phonetic_spelling_id", "alt_phonetic_spelling_id", "kanji_spelling_id", "conjugation_set_id") VALUES ('a29a3d3c-77a8-51db-98a4-020a58c0c9fa', 'eeec8b35-b7fa-57de-9832-30c76b528f0b', 'a3cbadd3-c60a-5ec7-8b42-b77c38bc354c', '32c733ed-0e10-5bd5-8658-d9162df2bcca', NULL, '7fd46488-b608-5b75-b03b-6c9f0511ca09', NULL);
INSERT INTO "vocabulary"."reference" ("vocabulary_id", "lesson_code") VALUES ('a29a3d3c-77a8-51db-98a4-020a58c0c9fa', 'LULI_KANJI_L01');
-- 天 | heavans; sky (spiritual) --;
INSERT INTO "vocabulary"."vocabulary" ("id", "word_class_code", "conjugation_kind_code", "jlpt_level", "row_num", "tags", "date_added") VALUES ('ccb7a98d-7140-5e41-ac65-a7116f9f96f3', 'NOUN', NULL, 5, 297, '{weather}', '2022-08-15');
INSERT INTO "vocabulary"."definition" ("id", "vocabulary_id", "sort_rank", "value") VALUES ('d2b2bb22-48e2-55a3-887d-da7a1970b3a1', 'ccb7a98d-7140-5e41-ac65-a7116f9f96f3', 1, 'heavans; sky (spiritual)');
INSERT INTO "vocabulary"."spelling" ("id", "vocabulary_id", "spelling_kind_code", "value") VALUES ('39473aef-8f68-5b5e-8e41-1269e201bad3', 'ccb7a98d-7140-5e41-ac65-a7116f9f96f3', 'KANJI', '天');
INSERT INTO "vocabulary"."spelling" ("id", "vocabulary_id", "spelling_kind_code", "value") VALUES ('2880d78e-acfe-5b19-a49a-8b59a4eaa9e1', 'ccb7a98d-7140-5e41-ac65-a7116f9f96f3', 'HIRAGANA', 'てん');
INSERT INTO "vocabulary"."spelling" ("id", "vocabulary_id", "spelling_kind_code", "value") VALUES ('7c39fc89-aa4c-5592-b6ed-332438526150', 'ccb7a98d-7140-5e41-ac65-a7116f9f96f3', 'KANJI', '天');
INSERT INTO "vocabulary"."linkages" ("vocabulary_id", "preferred_definition_id", "preferred_spelling_id", "phonetic_spelling_id", "alt_phonetic_spelling_id", "kanji_spelling_id", "conjugation_set_id") VALUES ('ccb7a98d-7140-5e41-ac65-a7116f9f96f3', 'd2b2bb22-48e2-55a3-887d-da7a1970b3a1', '39473aef-8f68-5b5e-8e41-1269e201bad3', '2880d78e-acfe-5b19-a49a-8b59a4eaa9e1', NULL, '7c39fc89-aa4c-5592-b6ed-332438526150', NULL);
INSERT INTO "vocabulary"."reference" ("vocabulary_id", "lesson_code") VALUES ('ccb7a98d-7140-5e41-ac65-a7116f9f96f3', 'LULI_KANJI_L01');
-- 土 | soil; earth --;
INSERT INTO "vocabulary"."vocabulary" ("id", "word_class_code", "conjugation_kind_code", "jlpt_level", "row_num", "tags", "date_added") VALUES ('356c71d3-c158-58cf-a42d-7efab762472b', 'NOUN', NULL, 3, 298, '{}', '2022-08-15');
INSERT INTO "vocabulary"."definition" ("id", "vocabulary_id", "sort_rank", "value") VALUES ('81ba1442-9d7e-5acb-a1b8-907e6a92299a', '356c71d3-c158-58cf-a42d-7efab762472b', 1, 'soil; earth');
INSERT INTO "vocabulary"."spelling" ("id", "vocabulary_id", "spelling_kind_code", "value") VALUES ('10725553-a0c7-5b37-9386-3db80276d5cd', '356c71d3-c158-58cf-a42d-7efab762472b', 'KANJI', '土');
INSERT INTO "vocabulary"."spelling" ("id", "vocabulary_id", "spelling_kind_code", "value") VALUES ('f57ccc12-0780-59cc-a596-1fc06537ea60', '356c71d3-c158-58cf-a42d-7efab762472b', 'HIRAGANA', 'つち');
INSERT INTO "vocabulary"."spelling" ("id", "vocabulary_id", "spelling_kind_code", "value") VALUES ('82423c83-0382-5bd8-b968-1b02d3dca598', '356c71d3-c158-58cf-a42d-7efab762472b', 'KANJI', '土');
INSERT INTO "vocabulary"."linkages" ("vocabulary_id", "preferred_definition_id", "preferred_spelling_id", "phonetic_spelling_id", "alt_phonetic_spelling_id", "kanji_spelling_id", "conjugation_set_id") VALUES ('356c71d3-c158-58cf-a42d-7efab762472b', '81ba1442-9d7e-5acb-a1b8-907e6a92299a', '10725553-a0c7-5b37-9386-3db80276d5cd', 'f57ccc12-0780-59cc-a596-1fc06537ea60', NULL, '82423c83-0382-5bd8-b968-1b02d3dca598', NULL);
INSERT INTO "vocabulary"."reference" ("vocabulary_id", "lesson_code") VALUES ('356c71d3-c158-58cf-a42d-7efab762472b', 'LULI_KANJI_L01');
-- 地 | ground; land; territory --;
INSERT INTO "vocabulary"."vocabulary" ("id", "word_class_code", "conjugation_kind_code", "jlpt_level", "row_num", "tags", "date_added") VALUES ('b05a993b-f894-5720-a08d-031191ad57e5', 'NOUN', NULL, 3, 299, '{}', '2022-08-15');
INSERT INTO "vocabulary"."definition" ("id", "vocabulary_id", "sort_rank", "value") VALUES ('9d82c5fe-f046-5814-89d7-6f8c1fb5e3dd', 'b05a993b-f894-5720-a08d-031191ad57e5', 1, 'ground; land; territory');
INSERT INTO "vocabulary"."spelling" ("id", "vocabulary_id", "spelling_kind_code", "value") VALUES ('314aa49a-84e7-5a4a-91eb-5118fcd3a42a', 'b05a993b-f894-5720-a08d-031191ad57e5', 'KANJI', '地');
INSERT INTO "vocabulary"."spelling" ("id", "vocabulary_id", "spelling_kind_code", "value") VALUES ('ee5e37aa-bb1b-538e-bd6e-64c2b527ea57', 'b05a993b-f894-5720-a08d-031191ad57e5', 'HIRAGANA', 'ち');
INSERT INTO "vocabulary"."spelling" ("id", "vocabulary_id", "spelling_kind_code", "value") VALUES ('cf5ef057-1060-5af3-91a6-d8bd249a1fd4', 'b05a993b-f894-5720-a08d-031191ad57e5', 'KANJI', '地');
INSERT INTO "vocabulary"."linkages" ("vocabulary_id", "preferred_definition_id", "preferred_spelling_id", "phonetic_spelling_id", "alt_phonetic_spelling_id", "kanji_spelling_id", "conjugation_set_id") VALUES ('b05a993b-f894-5720-a08d-031191ad57e5', '9d82c5fe-f046-5814-89d7-6f8c1fb5e3dd', '314aa49a-84e7-5a4a-91eb-5118fcd3a42a', 'ee5e37aa-bb1b-538e-bd6e-64c2b527ea57', NULL, 'cf5ef057-1060-5af3-91a6-d8bd249a1fd4', NULL);
INSERT INTO "vocabulary"."reference" ("vocabulary_id", "lesson_code") VALUES ('b05a993b-f894-5720-a08d-031191ad57e5', 'LULI_KANJI_L02');
-- 北 | north --;
INSERT INTO "vocabulary"."vocabulary" ("id", "word_class_code", "conjugation_kind_code", "jlpt_level", "row_num", "tags", "date_added") VALUES ('11d88f21-b92c-524a-a750-e3b3eb5db233', 'NOUN', NULL, 5, 300, '{compass_direction}', '2022-08-15');
INSERT INTO "vocabulary"."definition" ("id", "vocabulary_id", "sort_rank", "value") VALUES ('e8fbd6a0-938a-5e2f-97b1-e7acf0bcd0dc', '11d88f21-b92c-524a-a750-e3b3eb5db233', 1, 'north');
INSERT INTO "vocabulary"."spelling" ("id", "vocabulary_id", "spelling_kind_code", "value") VALUES ('527f34ce-969b-57af-af76-8d0c84743f39', '11d88f21-b92c-524a-a750-e3b3eb5db233', 'KANJI', '北');
INSERT INTO "vocabulary"."spelling" ("id", "vocabulary_id", "spelling_kind_code", "value") VALUES ('36fa5dc2-c4b9-5417-836e-78c2c958d4fd', '11d88f21-b92c-524a-a750-e3b3eb5db233', 'HIRAGANA', 'きた');
INSERT INTO "vocabulary"."spelling" ("id", "vocabulary_id", "spelling_kind_code", "value") VALUES ('b96819a0-ce60-5897-8684-b3e4a766daba', '11d88f21-b92c-524a-a750-e3b3eb5db233', 'KANJI', '北');
INSERT INTO "vocabulary"."linkages" ("vocabulary_id", "preferred_definition_id", "preferred_spelling_id", "phonetic_spelling_id", "alt_phonetic_spelling_id", "kanji_spelling_id", "conjugation_set_id") VALUES ('11d88f21-b92c-524a-a750-e3b3eb5db233', 'e8fbd6a0-938a-5e2f-97b1-e7acf0bcd0dc', '527f34ce-969b-57af-af76-8d0c84743f39', '36fa5dc2-c4b9-5417-836e-78c2c958d4fd', NULL, 'b96819a0-ce60-5897-8684-b3e4a766daba', NULL);
INSERT INTO "vocabulary"."reference" ("vocabulary_id", "lesson_code") VALUES ('11d88f21-b92c-524a-a750-e3b3eb5db233', 'LULI_KANJI_L01');
-- 南 | south --;
INSERT INTO "vocabulary"."vocabulary" ("id", "word_class_code", "conjugation_kind_code", "jlpt_level", "row_num", "tags", "date_added") VALUES ('787954e6-c587-5148-afa9-69de0df5a195', 'NOUN', NULL, 5, 301, '{compass_direction}', '2022-08-15');
INSERT INTO "vocabulary"."definition" ("id", "vocabulary_id", "sort_rank", "value") VALUES ('7763c31d-a153-5264-81d6-deaa2fe866de', '787954e6-c587-5148-afa9-69de0df5a195', 1, 'south');
INSERT INTO "vocabulary"."spelling" ("id", "vocabulary_id", "spelling_kind_code", "value") VALUES ('55d2216e-0f91-5c49-b605-33d2b7f90e66', '787954e6-c587-5148-afa9-69de0df5a195', 'KANJI', '南');
INSERT INTO "vocabulary"."spelling" ("id", "vocabulary_id", "spelling_kind_code", "value") VALUES ('1ff9e713-f61b-5316-b5f7-1f1c4af9dbca', '787954e6-c587-5148-afa9-69de0df5a195', 'HIRAGANA', 'みなみ');
INSERT INTO "vocabulary"."spelling" ("id", "vocabulary_id", "spelling_kind_code", "value") VALUES ('20239a9a-63e5-5e02-b127-fa1bbe2944e7', '787954e6-c587-5148-afa9-69de0df5a195', 'KANJI', '南');
INSERT INTO "vocabulary"."linkages" ("vocabulary_id", "preferred_definition_id", "preferred_spelling_id", "phonetic_spelling_id", "alt_phonetic_spelling_id", "kanji_spelling_id", "conjugation_set_id") VALUES ('787954e6-c587-5148-afa9-69de0df5a195', '7763c31d-a153-5264-81d6-deaa2fe866de', '55d2216e-0f91-5c49-b605-33d2b7f90e66', '1ff9e713-f61b-5316-b5f7-1f1c4af9dbca', NULL, '20239a9a-63e5-5e02-b127-fa1bbe2944e7', NULL);
INSERT INTO "vocabulary"."reference" ("vocabulary_id", "lesson_code") VALUES ('787954e6-c587-5148-afa9-69de0df5a195', 'LULI_KANJI_L01');
-- 東 | east --;
INSERT INTO "vocabulary"."vocabulary" ("id", "word_class_code", "conjugation_kind_code", "jlpt_level", "row_num", "tags", "date_added") VALUES ('72e6a9e9-44f5-516c-9543-5c0754218c8e', 'NOUN', NULL, 5, 302, '{compass_direction}', '2022-08-15');
INSERT INTO "vocabulary"."definition" ("id", "vocabulary_id", "sort_rank", "value") VALUES ('4835e852-16aa-5190-bfb8-3c7ba125e660', '72e6a9e9-44f5-516c-9543-5c0754218c8e', 1, 'east');
INSERT INTO "vocabulary"."spelling" ("id", "vocabulary_id", "spelling_kind_code", "value") VALUES ('59a7bd71-82d3-580e-a033-defb3c3061fa', '72e6a9e9-44f5-516c-9543-5c0754218c8e', 'KANJI', '東');
INSERT INTO "vocabulary"."spelling" ("id", "vocabulary_id", "spelling_kind_code", "value") VALUES ('c12c33a8-82b0-5c70-8923-2c799269ca18', '72e6a9e9-44f5-516c-9543-5c0754218c8e', 'HIRAGANA', 'ひがし');
INSERT INTO "vocabulary"."spelling" ("id", "vocabulary_id", "spelling_kind_code", "value") VALUES ('0277dc1e-2b48-560d-a90a-18fbfe91181b', '72e6a9e9-44f5-516c-9543-5c0754218c8e', 'KANJI', '東');
INSERT INTO "vocabulary"."linkages" ("vocabulary_id", "preferred_definition_id", "preferred_spelling_id", "phonetic_spelling_id", "alt_phonetic_spelling_id", "kanji_spelling_id", "conjugation_set_id") VALUES ('72e6a9e9-44f5-516c-9543-5c0754218c8e', '4835e852-16aa-5190-bfb8-3c7ba125e660', '59a7bd71-82d3-580e-a033-defb3c3061fa', 'c12c33a8-82b0-5c70-8923-2c799269ca18', NULL, '0277dc1e-2b48-560d-a90a-18fbfe91181b', NULL);
INSERT INTO "vocabulary"."reference" ("vocabulary_id", "lesson_code") VALUES ('72e6a9e9-44f5-516c-9543-5c0754218c8e', 'LULI_KANJI_L01');
-- 西 | west --;
INSERT INTO "vocabulary"."vocabulary" ("id", "word_class_code", "conjugation_kind_code", "jlpt_level", "row_num", "tags", "date_added") VALUES ('f01992dc-39c8-5478-97f3-80052a1215f8', 'NOUN', NULL, 5, 303, '{compass_direction}', '2022-08-15');
INSERT INTO "vocabulary"."definition" ("id", "vocabulary_id", "sort_rank", "value") VALUES ('3fa8a616-2d6f-5c93-9531-3e93508cb51b', 'f01992dc-39c8-5478-97f3-80052a1215f8', 1, 'west');
INSERT INTO "vocabulary"."spelling" ("id", "vocabulary_id", "spelling_kind_code", "value") VALUES ('df9bf883-70fd-5c12-a8b6-7c55cf09ae61', 'f01992dc-39c8-5478-97f3-80052a1215f8', 'KANJI', '西');
INSERT INTO "vocabulary"."spelling" ("id", "vocabulary_id", "spelling_kind_code", "value") VALUES ('bf8e284c-3521-5b76-8c67-f4a3c4557775', 'f01992dc-39c8-5478-97f3-80052a1215f8', 'HIRAGANA', 'にし');
INSERT INTO "vocabulary"."spelling" ("id", "vocabulary_id", "spelling_kind_code", "value") VALUES ('914a6fff-79ba-58ac-b033-4f61d56cabef', 'f01992dc-39c8-5478-97f3-80052a1215f8', 'KANJI', '西');
INSERT INTO "vocabulary"."linkages" ("vocabulary_id", "preferred_definition_id", "preferred_spelling_id", "phonetic_spelling_id", "alt_phonetic_spelling_id", "kanji_spelling_id", "conjugation_set_id") VALUES ('f01992dc-39c8-5478-97f3-80052a1215f8', '3fa8a616-2d6f-5c93-9531-3e93508cb51b', 'df9bf883-70fd-5c12-a8b6-7c55cf09ae61', 'bf8e284c-3521-5b76-8c67-f4a3c4557775', NULL, '914a6fff-79ba-58ac-b033-4f61d56cabef', NULL);
INSERT INTO "vocabulary"."reference" ("vocabulary_id", "lesson_code") VALUES ('f01992dc-39c8-5478-97f3-80052a1215f8', 'LULI_KANJI_L01');
-- 木 | tree; shrub; bush --;
INSERT INTO "vocabulary"."vocabulary" ("id", "word_class_code", "conjugation_kind_code", "jlpt_level", "row_num", "tags", "date_added") VALUES ('fbd9dcaa-2454-526e-b8a1-4b4e68fed07a', 'NOUN', NULL, 5, 304, '{}', '2022-08-15');
INSERT INTO "vocabulary"."definition" ("id", "vocabulary_id", "sort_rank", "value") VALUES ('ada7e967-9bd9-5396-a85f-08bb1905b275', 'fbd9dcaa-2454-526e-b8a1-4b4e68fed07a', 1, 'tree; shrub; bush');
INSERT INTO "vocabulary"."spelling" ("id", "vocabulary_id", "spelling_kind_code", "value") VALUES ('dfd2d60c-d26f-5250-a83a-6d8b75cc9c9b', 'fbd9dcaa-2454-526e-b8a1-4b4e68fed07a', 'KANJI', '木');
INSERT INTO "vocabulary"."spelling" ("id", "vocabulary_id", "spelling_kind_code", "value") VALUES ('c3931dcb-e8c0-50dd-b7c4-2732ee6807cb', 'fbd9dcaa-2454-526e-b8a1-4b4e68fed07a', 'HIRAGANA', 'き');
INSERT INTO "vocabulary"."spelling" ("id", "vocabulary_id", "spelling_kind_code", "value") VALUES ('dc018085-47de-5346-9957-3a88a9daa1e2', 'fbd9dcaa-2454-526e-b8a1-4b4e68fed07a', 'KANJI', '木');
INSERT INTO "vocabulary"."linkages" ("vocabulary_id", "preferred_definition_id", "preferred_spelling_id", "phonetic_spelling_id", "alt_phonetic_spelling_id", "kanji_spelling_id", "conjugation_set_id") VALUES ('fbd9dcaa-2454-526e-b8a1-4b4e68fed07a', 'ada7e967-9bd9-5396-a85f-08bb1905b275', 'dfd2d60c-d26f-5250-a83a-6d8b75cc9c9b', 'c3931dcb-e8c0-50dd-b7c4-2732ee6807cb', NULL, 'dc018085-47de-5346-9957-3a88a9daa1e2', NULL);
INSERT INTO "vocabulary"."reference" ("vocabulary_id", "lesson_code") VALUES ('fbd9dcaa-2454-526e-b8a1-4b4e68fed07a', 'LULI_KANJI_L01');
-- 田 | rice field --;
INSERT INTO "vocabulary"."vocabulary" ("id", "word_class_code", "conjugation_kind_code", "jlpt_level", "row_num", "tags", "date_added") VALUES ('5fbad03e-b5f7-51ea-998a-d8e68b87a332', 'NOUN', NULL, 3, 305, '{}', '2022-08-15');
INSERT INTO "vocabulary"."definition" ("id", "vocabulary_id", "sort_rank", "value") VALUES ('90391cef-f3c1-57d0-93f6-94d481a2ec53', '5fbad03e-b5f7-51ea-998a-d8e68b87a332', 1, 'rice field');
INSERT INTO "vocabulary"."spelling" ("id", "vocabulary_id", "spelling_kind_code", "value") VALUES ('28ec885b-7997-555d-8aec-1a1b323849bc', '5fbad03e-b5f7-51ea-998a-d8e68b87a332', 'KANJI', '田');
INSERT INTO "vocabulary"."spelling" ("id", "vocabulary_id", "spelling_kind_code", "value") VALUES ('b4aefdb4-dbcb-5537-8f34-3a60f4446460', '5fbad03e-b5f7-51ea-998a-d8e68b87a332', 'HIRAGANA', 'た');
INSERT INTO "vocabulary"."spelling" ("id", "vocabulary_id", "spelling_kind_code", "value") VALUES ('f8aa6833-5ac2-53a0-be12-37fe5a0a786d', '5fbad03e-b5f7-51ea-998a-d8e68b87a332', 'KANJI', '田');
INSERT INTO "vocabulary"."linkages" ("vocabulary_id", "preferred_definition_id", "preferred_spelling_id", "phonetic_spelling_id", "alt_phonetic_spelling_id", "kanji_spelling_id", "conjugation_set_id") VALUES ('5fbad03e-b5f7-51ea-998a-d8e68b87a332', '90391cef-f3c1-57d0-93f6-94d481a2ec53', '28ec885b-7997-555d-8aec-1a1b323849bc', 'b4aefdb4-dbcb-5537-8f34-3a60f4446460', NULL, 'f8aa6833-5ac2-53a0-be12-37fe5a0a786d', NULL);
INSERT INTO "vocabulary"."reference" ("vocabulary_id", "lesson_code") VALUES ('5fbad03e-b5f7-51ea-998a-d8e68b87a332', 'LULI_KANJI_L01');
-- 桜 | cherry tree; cherry blossom --;
INSERT INTO "vocabulary"."vocabulary" ("id", "word_class_code", "conjugation_kind_code", "jlpt_level", "row_num", "tags", "date_added") VALUES ('4769746e-d143-5e87-bfe8-841622ac2659', 'NOUN', NULL, 3, 306, '{}', '2022-08-31');
INSERT INTO "vocabulary"."definition" ("id", "vocabulary_id", "sort_rank", "value") VALUES ('5ba92235-2134-5ff0-93f1-8676cf11cbc6', '4769746e-d143-5e87-bfe8-841622ac2659', 1, 'cherry tree; cherry blossom');
INSERT INTO "vocabulary"."spelling" ("id", "vocabulary_id", "spelling_kind_code", "value") VALUES ('e218813e-36f2-53f3-a32e-5ba2b72890c7', '4769746e-d143-5e87-bfe8-841622ac2659', 'KANJI', '桜');
INSERT INTO "vocabulary"."spelling" ("id", "vocabulary_id", "spelling_kind_code", "value") VALUES ('15ebfde8-b925-5710-8c4c-7e43a6f86316', '4769746e-d143-5e87-bfe8-841622ac2659', 'HIRAGANA', 'さくら');
INSERT INTO "vocabulary"."spelling" ("id", "vocabulary_id", "spelling_kind_code", "value") VALUES ('506f0e42-5180-5919-bebe-41b6c54d5874', '4769746e-d143-5e87-bfe8-841622ac2659', 'KANJI', '桜');
INSERT INTO "vocabulary"."linkages" ("vocabulary_id", "preferred_definition_id", "preferred_spelling_id", "phonetic_spelling_id", "alt_phonetic_spelling_id", "kanji_spelling_id", "conjugation_set_id") VALUES ('4769746e-d143-5e87-bfe8-841622ac2659', '5ba92235-2134-5ff0-93f1-8676cf11cbc6', 'e218813e-36f2-53f3-a32e-5ba2b72890c7', '15ebfde8-b925-5710-8c4c-7e43a6f86316', NULL, '506f0e42-5180-5919-bebe-41b6c54d5874', NULL);
-- 欲しい | want --;
INSERT INTO "vocabulary"."vocabulary" ("id", "word_class_code", "conjugation_kind_code", "jlpt_level", "row_num", "tags", "date_added") VALUES ('39007001-a5bd-5f32-b00a-41b88d6dcb04', 'ADJECTIVE', 'I_ADJECTIVE', 5, 307, '{}', '2022-08-12');
INSERT INTO "vocabulary"."definition" ("id", "vocabulary_id", "sort_rank", "value") VALUES ('f94effac-36db-572f-829b-2e365544a257', '39007001-a5bd-5f32-b00a-41b88d6dcb04', 1, 'want');
INSERT INTO "vocabulary"."spelling" ("id", "vocabulary_id", "spelling_kind_code", "value") VALUES ('03029f6b-a8cd-5061-b100-1b51381400ed', '39007001-a5bd-5f32-b00a-41b88d6dcb04', 'KANJI', '欲しい');
INSERT INTO "vocabulary"."spelling" ("id", "vocabulary_id", "spelling_kind_code", "value") VALUES ('690ece58-6a86-5776-b979-1265b467c8d7', '39007001-a5bd-5f32-b00a-41b88d6dcb04', 'HIRAGANA', 'ほしい');
INSERT INTO "vocabulary"."spelling" ("id", "vocabulary_id", "spelling_kind_code", "value") VALUES ('38be16e6-13ce-57dd-95d8-f75a0a0d4319', '39007001-a5bd-5f32-b00a-41b88d6dcb04', 'KANJI', '欲しい');
INSERT INTO "vocabulary"."linkages" ("vocabulary_id", "preferred_definition_id", "preferred_spelling_id", "phonetic_spelling_id", "alt_phonetic_spelling_id", "kanji_spelling_id", "conjugation_set_id") VALUES ('39007001-a5bd-5f32-b00a-41b88d6dcb04', 'f94effac-36db-572f-829b-2e365544a257', '03029f6b-a8cd-5061-b100-1b51381400ed', '690ece58-6a86-5776-b979-1265b467c8d7', NULL, '38be16e6-13ce-57dd-95d8-f75a0a0d4319', NULL);
INSERT INTO "vocabulary"."reference" ("vocabulary_id", "lesson_code") VALUES ('39007001-a5bd-5f32-b00a-41b88d6dcb04', 'DUO_01_02');
INSERT INTO "vocabulary"."reference" ("vocabulary_id", "lesson_code") VALUES ('39007001-a5bd-5f32-b00a-41b88d6dcb04', 'DUO_U01');
-- 甘い | sweet --;
INSERT INTO "vocabulary"."vocabulary" ("id", "word_class_code", "conjugation_kind_code", "jlpt_level", "row_num", "tags", "date_added") VALUES ('d296367e-4c7b-5675-9477-ef164a14186d', 'ADJECTIVE', 'I_ADJECTIVE', 5, 308, '{food}', '2022-08-12');
INSERT INTO "vocabulary"."definition" ("id", "vocabulary_id", "sort_rank", "value") VALUES ('35946033-e15b-575a-a2a9-a5cf1dab12f7', 'd296367e-4c7b-5675-9477-ef164a14186d', 1, 'sweet');
INSERT INTO "vocabulary"."spelling" ("id", "vocabulary_id", "spelling_kind_code", "value") VALUES ('5873a428-1050-52a4-b0a8-85591c952d8e', 'd296367e-4c7b-5675-9477-ef164a14186d', 'KANJI', '甘い');
INSERT INTO "vocabulary"."spelling" ("id", "vocabulary_id", "spelling_kind_code", "value") VALUES ('4590dbae-cb34-541b-ba71-57cf32c2839b', 'd296367e-4c7b-5675-9477-ef164a14186d', 'HIRAGANA', 'あまい');
INSERT INTO "vocabulary"."spelling" ("id", "vocabulary_id", "spelling_kind_code", "value") VALUES ('96a2e6db-e38c-56e6-b119-296fa6dae4d0', 'd296367e-4c7b-5675-9477-ef164a14186d', 'KANJI', '甘い');
INSERT INTO "vocabulary"."linkages" ("vocabulary_id", "preferred_definition_id", "preferred_spelling_id", "phonetic_spelling_id", "alt_phonetic_spelling_id", "kanji_spelling_id", "conjugation_set_id") VALUES ('d296367e-4c7b-5675-9477-ef164a14186d', '35946033-e15b-575a-a2a9-a5cf1dab12f7', '5873a428-1050-52a4-b0a8-85591c952d8e', '4590dbae-cb34-541b-ba71-57cf32c2839b', NULL, '96a2e6db-e38c-56e6-b119-296fa6dae4d0', NULL);
INSERT INTO "vocabulary"."reference" ("vocabulary_id", "lesson_code") VALUES ('d296367e-4c7b-5675-9477-ef164a14186d', 'DUO_01_02');
INSERT INTO "vocabulary"."reference" ("vocabulary_id", "lesson_code") VALUES ('d296367e-4c7b-5675-9477-ef164a14186d', 'DUO_U01');
-- 汚い | dirty --;
INSERT INTO "vocabulary"."vocabulary" ("id", "word_class_code", "conjugation_kind_code", "jlpt_level", "row_num", "tags", "date_added") VALUES ('a135ce08-66bb-5864-803a-134a43cd833b', 'ADJECTIVE', 'I_ADJECTIVE', 5, 309, '{}', '2022-08-12');
INSERT INTO "vocabulary"."definition" ("id", "vocabulary_id", "sort_rank", "value") VALUES ('f353a481-dbca-5ba4-a417-babf4292b6ec', 'a135ce08-66bb-5864-803a-134a43cd833b', 1, 'dirty');
INSERT INTO "vocabulary"."spelling" ("id", "vocabulary_id", "spelling_kind_code", "value") VALUES ('b3e91900-e87c-5e5c-9d1a-41c9289f3cd0', 'a135ce08-66bb-5864-803a-134a43cd833b', 'KANJI', '汚い');
INSERT INTO "vocabulary"."spelling" ("id", "vocabulary_id", "spelling_kind_code", "value") VALUES ('f034994b-919f-5667-a3f8-24a23cbc8cda', 'a135ce08-66bb-5864-803a-134a43cd833b', 'HIRAGANA', 'きたない');
INSERT INTO "vocabulary"."spelling" ("id", "vocabulary_id", "spelling_kind_code", "value") VALUES ('8dcce11f-d52e-555b-b21f-a0415746c01e', 'a135ce08-66bb-5864-803a-134a43cd833b', 'KANJI', '汚い');
INSERT INTO "vocabulary"."linkages" ("vocabulary_id", "preferred_definition_id", "preferred_spelling_id", "phonetic_spelling_id", "alt_phonetic_spelling_id", "kanji_spelling_id", "conjugation_set_id") VALUES ('a135ce08-66bb-5864-803a-134a43cd833b', 'f353a481-dbca-5ba4-a417-babf4292b6ec', 'b3e91900-e87c-5e5c-9d1a-41c9289f3cd0', 'f034994b-919f-5667-a3f8-24a23cbc8cda', NULL, '8dcce11f-d52e-555b-b21f-a0415746c01e', NULL);
INSERT INTO "vocabulary"."reference" ("vocabulary_id", "lesson_code") VALUES ('a135ce08-66bb-5864-803a-134a43cd833b', 'DUO_01_02');
INSERT INTO "vocabulary"."reference" ("vocabulary_id", "lesson_code") VALUES ('a135ce08-66bb-5864-803a-134a43cd833b', 'DUO_U01');
-- 寿司 | sushi --;
INSERT INTO "vocabulary"."vocabulary" ("id", "word_class_code", "conjugation_kind_code", "jlpt_level", "row_num", "tags", "date_added") VALUES ('b0b557a1-615d-53a4-acdc-768151964aa5', 'NOUN', NULL, NULL, 310, '{food}', '2022-08-12');
INSERT INTO "vocabulary"."definition" ("id", "vocabulary_id", "sort_rank", "value") VALUES ('9fa2942c-25fe-5f69-bf99-dc27a93f46fc', 'b0b557a1-615d-53a4-acdc-768151964aa5', 1, 'sushi');
INSERT INTO "vocabulary"."spelling" ("id", "vocabulary_id", "spelling_kind_code", "value") VALUES ('58403d9a-604e-57d2-8d10-13f1846c3b35', 'b0b557a1-615d-53a4-acdc-768151964aa5', 'KANJI', '寿司');
INSERT INTO "vocabulary"."spelling" ("id", "vocabulary_id", "spelling_kind_code", "value") VALUES ('993ae97e-6a24-51f9-b0f6-d1a038e200b1', 'b0b557a1-615d-53a4-acdc-768151964aa5', 'HIRAGANA', 'すし');
INSERT INTO "vocabulary"."spelling" ("id", "vocabulary_id", "spelling_kind_code", "value") VALUES ('4a2bde67-3f48-5030-8625-f37e12dc35e6', 'b0b557a1-615d-53a4-acdc-768151964aa5', 'KANJI', '寿司');
INSERT INTO "vocabulary"."linkages" ("vocabulary_id", "preferred_definition_id", "preferred_spelling_id", "phonetic_spelling_id", "alt_phonetic_spelling_id", "kanji_spelling_id", "conjugation_set_id") VALUES ('b0b557a1-615d-53a4-acdc-768151964aa5', '9fa2942c-25fe-5f69-bf99-dc27a93f46fc', '58403d9a-604e-57d2-8d10-13f1846c3b35', '993ae97e-6a24-51f9-b0f6-d1a038e200b1', NULL, '4a2bde67-3f48-5030-8625-f37e12dc35e6', NULL);
INSERT INTO "vocabulary"."reference" ("vocabulary_id", "lesson_code") VALUES ('b0b557a1-615d-53a4-acdc-768151964aa5', 'DUO_01_02');
INSERT INTO "vocabulary"."reference" ("vocabulary_id", "lesson_code") VALUES ('b0b557a1-615d-53a4-acdc-768151964aa5', 'DUO_U01');
-- 刺身 | sashimi --;
INSERT INTO "vocabulary"."vocabulary" ("id", "word_class_code", "conjugation_kind_code", "jlpt_level", "row_num", "tags", "date_added") VALUES ('b39de966-5af7-5bec-a79b-2c72f8c7e4f9', 'NOUN', NULL, 2, 311, '{food}', '2022-08-12');
INSERT INTO "vocabulary"."definition" ("id", "vocabulary_id", "sort_rank", "value") VALUES ('c44b3e98-58a0-5db8-89f1-72ea99af41d9', 'b39de966-5af7-5bec-a79b-2c72f8c7e4f9', 1, 'sashimi');
INSERT INTO "vocabulary"."spelling" ("id", "vocabulary_id", "spelling_kind_code", "value") VALUES ('91646064-650a-55a2-bfe0-9c31ca56471d', 'b39de966-5af7-5bec-a79b-2c72f8c7e4f9', 'KANJI', '刺身');
INSERT INTO "vocabulary"."spelling" ("id", "vocabulary_id", "spelling_kind_code", "value") VALUES ('6d624c7e-4d8a-5bf0-9307-7e5fa4c7ee56', 'b39de966-5af7-5bec-a79b-2c72f8c7e4f9', 'HIRAGANA', 'さしみ');
INSERT INTO "vocabulary"."spelling" ("id", "vocabulary_id", "spelling_kind_code", "value") VALUES ('b97313d7-10a2-5d38-9dbf-84d46f98623c', 'b39de966-5af7-5bec-a79b-2c72f8c7e4f9', 'KANJI', '刺身');
INSERT INTO "vocabulary"."linkages" ("vocabulary_id", "preferred_definition_id", "preferred_spelling_id", "phonetic_spelling_id", "alt_phonetic_spelling_id", "kanji_spelling_id", "conjugation_set_id") VALUES ('b39de966-5af7-5bec-a79b-2c72f8c7e4f9', 'c44b3e98-58a0-5db8-89f1-72ea99af41d9', '91646064-650a-55a2-bfe0-9c31ca56471d', '6d624c7e-4d8a-5bf0-9307-7e5fa4c7ee56', NULL, 'b97313d7-10a2-5d38-9dbf-84d46f98623c', NULL);
-- わさび | wasabi --;
INSERT INTO "vocabulary"."vocabulary" ("id", "word_class_code", "conjugation_kind_code", "jlpt_level", "row_num", "tags", "date_added") VALUES ('aea7b65d-8e51-5d8b-97f3-72b3c010afcb', 'NOUN', NULL, NULL, 312, '{food}', '2022-08-12');
INSERT INTO "vocabulary"."definition" ("id", "vocabulary_id", "sort_rank", "value") VALUES ('007d3396-5c07-5e29-8abb-03b9859d3db5', 'aea7b65d-8e51-5d8b-97f3-72b3c010afcb', 1, 'wasabi');
INSERT INTO "vocabulary"."spelling" ("id", "vocabulary_id", "spelling_kind_code", "value") VALUES ('43dce41c-4e6a-5d9a-bb89-a9621672ccfb', 'aea7b65d-8e51-5d8b-97f3-72b3c010afcb', 'HIRAGANA', 'わさび');
INSERT INTO "vocabulary"."spelling" ("id", "vocabulary_id", "spelling_kind_code", "value") VALUES ('f188f26d-7835-5fa8-99a9-58a4fe3d56c5', 'aea7b65d-8e51-5d8b-97f3-72b3c010afcb', 'HIRAGANA', 'わさび');
INSERT INTO "vocabulary"."spelling" ("id", "vocabulary_id", "spelling_kind_code", "value") VALUES ('815047b9-c48f-5a54-b815-84352c24e378', 'aea7b65d-8e51-5d8b-97f3-72b3c010afcb', 'KANJI', '山葵');
INSERT INTO "vocabulary"."linkages" ("vocabulary_id", "preferred_definition_id", "preferred_spelling_id", "phonetic_spelling_id", "alt_phonetic_spelling_id", "kanji_spelling_id", "conjugation_set_id") VALUES ('aea7b65d-8e51-5d8b-97f3-72b3c010afcb', '007d3396-5c07-5e29-8abb-03b9859d3db5', '43dce41c-4e6a-5d9a-bb89-a9621672ccfb', 'f188f26d-7835-5fa8-99a9-58a4fe3d56c5', NULL, '815047b9-c48f-5a54-b815-84352c24e378', NULL);
-- マグロ | tuna; bluefin --;
INSERT INTO "vocabulary"."vocabulary" ("id", "word_class_code", "conjugation_kind_code", "jlpt_level", "row_num", "tags", "date_added") VALUES ('413b74af-f988-52c9-ad64-165507510443', 'NOUN', NULL, NULL, 313, '{food}', '2022-08-12');
INSERT INTO "vocabulary"."definition" ("id", "vocabulary_id", "sort_rank", "value") VALUES ('b2912062-ebfc-5581-ad63-1d6a4deda44b', '413b74af-f988-52c9-ad64-165507510443', 1, 'tuna; bluefin');
INSERT INTO "vocabulary"."spelling" ("id", "vocabulary_id", "spelling_kind_code", "value") VALUES ('089bf349-d3e7-505f-a34c-207e50a0041d', '413b74af-f988-52c9-ad64-165507510443', 'KATAKANA', 'マグロ');
INSERT INTO "vocabulary"."spelling" ("id", "vocabulary_id", "spelling_kind_code", "value") VALUES ('68bdade0-36c8-5778-98f5-de81ce6bb373', '413b74af-f988-52c9-ad64-165507510443', 'HIRAGANA', 'まぐろ');
INSERT INTO "vocabulary"."linkages" ("vocabulary_id", "preferred_definition_id", "preferred_spelling_id", "phonetic_spelling_id", "alt_phonetic_spelling_id", "kanji_spelling_id", "conjugation_set_id") VALUES ('413b74af-f988-52c9-ad64-165507510443', 'b2912062-ebfc-5581-ad63-1d6a4deda44b', '089bf349-d3e7-505f-a34c-207e50a0041d', '68bdade0-36c8-5778-98f5-de81ce6bb373', NULL, NULL, NULL);
-- うなぎ | eel --;
INSERT INTO "vocabulary"."vocabulary" ("id", "word_class_code", "conjugation_kind_code", "jlpt_level", "row_num", "tags", "date_added") VALUES ('70d02a0a-cd4d-5e2c-bb76-a042c9211b78', 'NOUN', NULL, NULL, 314, '{animal,food}', '2022-08-12');
INSERT INTO "vocabulary"."definition" ("id", "vocabulary_id", "sort_rank", "value") VALUES ('fd6ff4d4-4cf3-5466-8626-69909ecd9054', '70d02a0a-cd4d-5e2c-bb76-a042c9211b78', 1, 'eel');
INSERT INTO "vocabulary"."spelling" ("id", "vocabulary_id", "spelling_kind_code", "value") VALUES ('58ff0aa4-19c8-5826-ac33-f37e316cfb4d', '70d02a0a-cd4d-5e2c-bb76-a042c9211b78', 'HIRAGANA', 'うなぎ');
INSERT INTO "vocabulary"."spelling" ("id", "vocabulary_id", "spelling_kind_code", "value") VALUES ('3e8d6fc1-32f9-5f02-bcba-d6de25c2ab19', '70d02a0a-cd4d-5e2c-bb76-a042c9211b78', 'HIRAGANA', 'うなぎ');
INSERT INTO "vocabulary"."spelling" ("id", "vocabulary_id", "spelling_kind_code", "value") VALUES ('78f77962-7cb2-583e-8985-6018e70f8ee1', '70d02a0a-cd4d-5e2c-bb76-a042c9211b78', 'KANJI', '鰻');
INSERT INTO "vocabulary"."linkages" ("vocabulary_id", "preferred_definition_id", "preferred_spelling_id", "phonetic_spelling_id", "alt_phonetic_spelling_id", "kanji_spelling_id", "conjugation_set_id") VALUES ('70d02a0a-cd4d-5e2c-bb76-a042c9211b78', 'fd6ff4d4-4cf3-5466-8626-69909ecd9054', '58ff0aa4-19c8-5826-ac33-f37e316cfb4d', '3e8d6fc1-32f9-5f02-bcba-d6de25c2ab19', NULL, '78f77962-7cb2-583e-8985-6018e70f8ee1', NULL);
-- 耳 | ear --;
INSERT INTO "vocabulary"."vocabulary" ("id", "word_class_code", "conjugation_kind_code", "jlpt_level", "row_num", "tags", "date_added") VALUES ('fcb92bf6-7f59-59fd-863a-7aa2762f640d', 'NOUN', NULL, 5, 315, '{body}', '2022-08-12');
INSERT INTO "vocabulary"."definition" ("id", "vocabulary_id", "sort_rank", "value") VALUES ('568d1f34-88d3-5e0c-9b88-a3049174d016', 'fcb92bf6-7f59-59fd-863a-7aa2762f640d', 1, 'ear');
INSERT INTO "vocabulary"."spelling" ("id", "vocabulary_id", "spelling_kind_code", "value") VALUES ('68bcb5c9-d790-52ba-bd35-bc0ad90a66c3', 'fcb92bf6-7f59-59fd-863a-7aa2762f640d', 'KANJI', '耳');
INSERT INTO "vocabulary"."spelling" ("id", "vocabulary_id", "spelling_kind_code", "value") VALUES ('99367cce-6faa-582c-a8d7-d9955aede73e', 'fcb92bf6-7f59-59fd-863a-7aa2762f640d', 'HIRAGANA', 'みみ');
INSERT INTO "vocabulary"."spelling" ("id", "vocabulary_id", "spelling_kind_code", "value") VALUES ('28a5df0f-43a3-503e-8102-839a343959e1', 'fcb92bf6-7f59-59fd-863a-7aa2762f640d', 'KANJI', '耳');
INSERT INTO "vocabulary"."linkages" ("vocabulary_id", "preferred_definition_id", "preferred_spelling_id", "phonetic_spelling_id", "alt_phonetic_spelling_id", "kanji_spelling_id", "conjugation_set_id") VALUES ('fcb92bf6-7f59-59fd-863a-7aa2762f640d', '568d1f34-88d3-5e0c-9b88-a3049174d016', '68bcb5c9-d790-52ba-bd35-bc0ad90a66c3', '99367cce-6faa-582c-a8d7-d9955aede73e', NULL, '28a5df0f-43a3-503e-8102-839a343959e1', NULL);
INSERT INTO "vocabulary"."reference" ("vocabulary_id", "lesson_code") VALUES ('fcb92bf6-7f59-59fd-863a-7aa2762f640d', 'DUO_01_03');
INSERT INTO "vocabulary"."reference" ("vocabulary_id", "lesson_code") VALUES ('fcb92bf6-7f59-59fd-863a-7aa2762f640d', 'DUO_U02');
INSERT INTO "vocabulary"."reference" ("vocabulary_id", "lesson_code") VALUES ('fcb92bf6-7f59-59fd-863a-7aa2762f640d', 'LULI_KANJI_L01');
-- 目 | eye --;
INSERT INTO "vocabulary"."vocabulary" ("id", "word_class_code", "conjugation_kind_code", "jlpt_level", "row_num", "tags", "date_added") VALUES ('08a92e33-466f-588d-b364-19981156b72f', 'NOUN', NULL, 5, 316, '{body}', '2022-08-12');
INSERT INTO "vocabulary"."definition" ("id", "vocabulary_id", "sort_rank", "value") VALUES ('4b1740c4-35ec-551f-9ffc-4d3d44422307', '08a92e33-466f-588d-b364-19981156b72f', 1, 'eye');
INSERT INTO "vocabulary"."spelling" ("id", "vocabulary_id", "spelling_kind_code", "value") VALUES ('2926da02-9a89-5c68-a096-f3bccf4e4245', '08a92e33-466f-588d-b364-19981156b72f', 'KANJI', '目');
INSERT INTO "vocabulary"."spelling" ("id", "vocabulary_id", "spelling_kind_code", "value") VALUES ('cd50a893-754d-5774-8a5c-d46c97031749', '08a92e33-466f-588d-b364-19981156b72f', 'HIRAGANA', 'め');
INSERT INTO "vocabulary"."spelling" ("id", "vocabulary_id", "spelling_kind_code", "value") VALUES ('108f46bd-7b3e-5282-9887-3ddace05ca66', '08a92e33-466f-588d-b364-19981156b72f', 'KANJI', '目');
INSERT INTO "vocabulary"."linkages" ("vocabulary_id", "preferred_definition_id", "preferred_spelling_id", "phonetic_spelling_id", "alt_phonetic_spelling_id", "kanji_spelling_id", "conjugation_set_id") VALUES ('08a92e33-466f-588d-b364-19981156b72f', '4b1740c4-35ec-551f-9ffc-4d3d44422307', '2926da02-9a89-5c68-a096-f3bccf4e4245', 'cd50a893-754d-5774-8a5c-d46c97031749', NULL, '108f46bd-7b3e-5282-9887-3ddace05ca66', NULL);
INSERT INTO "vocabulary"."reference" ("vocabulary_id", "lesson_code") VALUES ('08a92e33-466f-588d-b364-19981156b72f', 'DUO_01_03');
INSERT INTO "vocabulary"."reference" ("vocabulary_id", "lesson_code") VALUES ('08a92e33-466f-588d-b364-19981156b72f', 'DUO_U02');
INSERT INTO "vocabulary"."reference" ("vocabulary_id", "lesson_code") VALUES ('08a92e33-466f-588d-b364-19981156b72f', 'LULI_KANJI_L01');
-- 口 | mouth --;
INSERT INTO "vocabulary"."vocabulary" ("id", "word_class_code", "conjugation_kind_code", "jlpt_level", "row_num", "tags", "date_added") VALUES ('78b70b1a-bd80-521c-94a9-0dec45988921', 'NOUN', NULL, 5, 317, '{body}', '2022-08-17');
INSERT INTO "vocabulary"."definition" ("id", "vocabulary_id", "sort_rank", "value") VALUES ('b6bc7f01-575a-5c16-b78a-d01202eeef00', '78b70b1a-bd80-521c-94a9-0dec45988921', 1, 'mouth');
INSERT INTO "vocabulary"."spelling" ("id", "vocabulary_id", "spelling_kind_code", "value") VALUES ('a1291179-8969-52c5-8e69-f585a9f27553', '78b70b1a-bd80-521c-94a9-0dec45988921', 'KANJI', '口');
INSERT INTO "vocabulary"."spelling" ("id", "vocabulary_id", "spelling_kind_code", "value") VALUES ('b9599abd-044d-53e2-bb75-1dfc88d8ac27', '78b70b1a-bd80-521c-94a9-0dec45988921', 'HIRAGANA', 'くち');
INSERT INTO "vocabulary"."spelling" ("id", "vocabulary_id", "spelling_kind_code", "value") VALUES ('92105f15-b991-5a56-b27b-999652082f0c', '78b70b1a-bd80-521c-94a9-0dec45988921', 'KANJI', '口');
INSERT INTO "vocabulary"."linkages" ("vocabulary_id", "preferred_definition_id", "preferred_spelling_id", "phonetic_spelling_id", "alt_phonetic_spelling_id", "kanji_spelling_id", "conjugation_set_id") VALUES ('78b70b1a-bd80-521c-94a9-0dec45988921', 'b6bc7f01-575a-5c16-b78a-d01202eeef00', 'a1291179-8969-52c5-8e69-f585a9f27553', 'b9599abd-044d-53e2-bb75-1dfc88d8ac27', NULL, '92105f15-b991-5a56-b27b-999652082f0c', NULL);
INSERT INTO "vocabulary"."reference" ("vocabulary_id", "lesson_code") VALUES ('78b70b1a-bd80-521c-94a9-0dec45988921', 'LULI_KANJI_L01');
-- 手 | hand; arm --;
INSERT INTO "vocabulary"."vocabulary" ("id", "word_class_code", "conjugation_kind_code", "jlpt_level", "row_num", "tags", "date_added") VALUES ('a3d9c5ec-a34a-5a91-b166-7291979bef67', 'NOUN', NULL, 5, 318, '{body}', '2022-08-15');
INSERT INTO "vocabulary"."definition" ("id", "vocabulary_id", "sort_rank", "value") VALUES ('113e3a7e-61a5-5581-b257-e130cfa33720', 'a3d9c5ec-a34a-5a91-b166-7291979bef67', 1, 'hand; arm');
INSERT INTO "vocabulary"."spelling" ("id", "vocabulary_id", "spelling_kind_code", "value") VALUES ('976fb3e1-a354-5ce0-adc5-4740cc0c4f28', 'a3d9c5ec-a34a-5a91-b166-7291979bef67', 'KANJI', '手');
INSERT INTO "vocabulary"."spelling" ("id", "vocabulary_id", "spelling_kind_code", "value") VALUES ('00992fe0-7424-5c87-9c0a-b0c4624e369c', 'a3d9c5ec-a34a-5a91-b166-7291979bef67', 'HIRAGANA', 'て');
INSERT INTO "vocabulary"."spelling" ("id", "vocabulary_id", "spelling_kind_code", "value") VALUES ('9ea6b75c-eb7d-5611-8f9a-00e92b7b6e06', 'a3d9c5ec-a34a-5a91-b166-7291979bef67', 'KANJI', '手');
INSERT INTO "vocabulary"."linkages" ("vocabulary_id", "preferred_definition_id", "preferred_spelling_id", "phonetic_spelling_id", "alt_phonetic_spelling_id", "kanji_spelling_id", "conjugation_set_id") VALUES ('a3d9c5ec-a34a-5a91-b166-7291979bef67', '113e3a7e-61a5-5581-b257-e130cfa33720', '976fb3e1-a354-5ce0-adc5-4740cc0c4f28', '00992fe0-7424-5c87-9c0a-b0c4624e369c', NULL, '9ea6b75c-eb7d-5611-8f9a-00e92b7b6e06', NULL);
INSERT INTO "vocabulary"."reference" ("vocabulary_id", "lesson_code") VALUES ('a3d9c5ec-a34a-5a91-b166-7291979bef67', 'LULI_KANJI_L01');
-- 足 | foot --;
INSERT INTO "vocabulary"."vocabulary" ("id", "word_class_code", "conjugation_kind_code", "jlpt_level", "row_num", "tags", "date_added") VALUES ('b5407428-ff7a-5715-8283-de41ff4e555c', 'NOUN', NULL, 5, 319, '{body}', '2022-08-15');
INSERT INTO "vocabulary"."definition" ("id", "vocabulary_id", "sort_rank", "value") VALUES ('3f06b9dd-6df6-5a8e-a108-92a4d9c71d61', 'b5407428-ff7a-5715-8283-de41ff4e555c', 1, 'foot');
INSERT INTO "vocabulary"."spelling" ("id", "vocabulary_id", "spelling_kind_code", "value") VALUES ('30b05854-9f42-5615-b27c-e4837681736e', 'b5407428-ff7a-5715-8283-de41ff4e555c', 'KANJI', '足');
INSERT INTO "vocabulary"."spelling" ("id", "vocabulary_id", "spelling_kind_code", "value") VALUES ('20a6842f-8f07-5f26-ab95-f0c4cc13a21c', 'b5407428-ff7a-5715-8283-de41ff4e555c', 'HIRAGANA', 'あし');
INSERT INTO "vocabulary"."spelling" ("id", "vocabulary_id", "spelling_kind_code", "value") VALUES ('b0742c13-f343-5091-b447-13063a76e096', 'b5407428-ff7a-5715-8283-de41ff4e555c', 'KANJI', '足');
INSERT INTO "vocabulary"."linkages" ("vocabulary_id", "preferred_definition_id", "preferred_spelling_id", "phonetic_spelling_id", "alt_phonetic_spelling_id", "kanji_spelling_id", "conjugation_set_id") VALUES ('b5407428-ff7a-5715-8283-de41ff4e555c', '3f06b9dd-6df6-5a8e-a108-92a4d9c71d61', '30b05854-9f42-5615-b27c-e4837681736e', '20a6842f-8f07-5f26-ab95-f0c4cc13a21c', NULL, 'b0742c13-f343-5091-b447-13063a76e096', NULL);
INSERT INTO "vocabulary"."reference" ("vocabulary_id", "lesson_code") VALUES ('b5407428-ff7a-5715-8283-de41ff4e555c', 'LULI_KANJI_L01');
-- 背中 | back --;
INSERT INTO "vocabulary"."vocabulary" ("id", "word_class_code", "conjugation_kind_code", "jlpt_level", "row_num", "tags", "date_added") VALUES ('12773416-725b-57f8-b7cc-856c607390db', 'NOUN', NULL, 4, 320, '{body}', '2022-08-12');
INSERT INTO "vocabulary"."definition" ("id", "vocabulary_id", "sort_rank", "value") VALUES ('c5f6c565-1519-5ec8-bc5a-b40ea06ac8a8', '12773416-725b-57f8-b7cc-856c607390db', 1, 'back');
INSERT INTO "vocabulary"."spelling" ("id", "vocabulary_id", "spelling_kind_code", "value") VALUES ('817ec610-1738-58e5-9fc8-38a8f59bf25e', '12773416-725b-57f8-b7cc-856c607390db', 'KANJI', '背中');
INSERT INTO "vocabulary"."spelling" ("id", "vocabulary_id", "spelling_kind_code", "value") VALUES ('24b74f51-b5e8-5591-8fd1-9d720fdb645d', '12773416-725b-57f8-b7cc-856c607390db', 'HIRAGANA', 'せなか');
INSERT INTO "vocabulary"."spelling" ("id", "vocabulary_id", "spelling_kind_code", "value") VALUES ('82d3506c-8ed9-5081-9518-c9778fe41de8', '12773416-725b-57f8-b7cc-856c607390db', 'KANJI', '背中');
INSERT INTO "vocabulary"."linkages" ("vocabulary_id", "preferred_definition_id", "preferred_spelling_id", "phonetic_spelling_id", "alt_phonetic_spelling_id", "kanji_spelling_id", "conjugation_set_id") VALUES ('12773416-725b-57f8-b7cc-856c607390db', 'c5f6c565-1519-5ec8-bc5a-b40ea06ac8a8', '817ec610-1738-58e5-9fc8-38a8f59bf25e', '24b74f51-b5e8-5591-8fd1-9d720fdb645d', NULL, '82d3506c-8ed9-5081-9518-c9778fe41de8', NULL);
INSERT INTO "vocabulary"."reference" ("vocabulary_id", "lesson_code") VALUES ('12773416-725b-57f8-b7cc-856c607390db', 'DUO_01_03');
INSERT INTO "vocabulary"."reference" ("vocabulary_id", "lesson_code") VALUES ('12773416-725b-57f8-b7cc-856c607390db', 'DUO_U02');
-- 曇り | cloudy --;
INSERT INTO "vocabulary"."vocabulary" ("id", "word_class_code", "conjugation_kind_code", "jlpt_level", "row_num", "tags", "date_added") VALUES ('83e6b487-2d55-5480-a55b-2a808a40a3f1', 'NOUN', NULL, 5, 321, '{weather}', '2022-08-12');
INSERT INTO "vocabulary"."definition" ("id", "vocabulary_id", "sort_rank", "value") VALUES ('482b8302-c985-51a3-a5b9-fd8df9828d14', '83e6b487-2d55-5480-a55b-2a808a40a3f1', 1, 'cloudy');
INSERT INTO "vocabulary"."spelling" ("id", "vocabulary_id", "spelling_kind_code", "value") VALUES ('4cb22c86-c607-51c0-8f86-3c088036281c', '83e6b487-2d55-5480-a55b-2a808a40a3f1', 'KANJI', '曇り');
INSERT INTO "vocabulary"."spelling" ("id", "vocabulary_id", "spelling_kind_code", "value") VALUES ('4520d8c7-cb93-56eb-9d96-999f9889caea', '83e6b487-2d55-5480-a55b-2a808a40a3f1', 'HIRAGANA', 'くもり');
INSERT INTO "vocabulary"."spelling" ("id", "vocabulary_id", "spelling_kind_code", "value") VALUES ('82cbdb7d-6558-5323-a165-207a2583dca4', '83e6b487-2d55-5480-a55b-2a808a40a3f1', 'KANJI', '曇り');
INSERT INTO "vocabulary"."linkages" ("vocabulary_id", "preferred_definition_id", "preferred_spelling_id", "phonetic_spelling_id", "alt_phonetic_spelling_id", "kanji_spelling_id", "conjugation_set_id") VALUES ('83e6b487-2d55-5480-a55b-2a808a40a3f1', '482b8302-c985-51a3-a5b9-fd8df9828d14', '4cb22c86-c607-51c0-8f86-3c088036281c', '4520d8c7-cb93-56eb-9d96-999f9889caea', NULL, '82cbdb7d-6558-5323-a165-207a2583dca4', NULL);
INSERT INTO "vocabulary"."reference" ("vocabulary_id", "lesson_code") VALUES ('83e6b487-2d55-5480-a55b-2a808a40a3f1', 'DUO_01_03');
INSERT INTO "vocabulary"."reference" ("vocabulary_id", "lesson_code") VALUES ('83e6b487-2d55-5480-a55b-2a808a40a3f1', 'DUO_U02');
-- 晴れ | sunny --;
INSERT INTO "vocabulary"."vocabulary" ("id", "word_class_code", "conjugation_kind_code", "jlpt_level", "row_num", "tags", "date_added") VALUES ('a2edc793-e468-5c89-8566-efd896ac302c', 'NOUN', NULL, 5, 322, '{weather}', '2022-08-12');
INSERT INTO "vocabulary"."definition" ("id", "vocabulary_id", "sort_rank", "value") VALUES ('b5267850-ecb2-509d-a0ca-ff648e207a27', 'a2edc793-e468-5c89-8566-efd896ac302c', 1, 'sunny');
INSERT INTO "vocabulary"."spelling" ("id", "vocabulary_id", "spelling_kind_code", "value") VALUES ('d1dadf53-6037-5057-94c3-4307ffdaec20', 'a2edc793-e468-5c89-8566-efd896ac302c', 'KANJI', '晴れ');
INSERT INTO "vocabulary"."spelling" ("id", "vocabulary_id", "spelling_kind_code", "value") VALUES ('69795551-8591-5922-86b8-60cf835585c1', 'a2edc793-e468-5c89-8566-efd896ac302c', 'HIRAGANA', 'はれ');
INSERT INTO "vocabulary"."spelling" ("id", "vocabulary_id", "spelling_kind_code", "value") VALUES ('357074c2-e8f0-5920-b732-3d7e080d0b10', 'a2edc793-e468-5c89-8566-efd896ac302c', 'KANJI', '晴れ');
INSERT INTO "vocabulary"."linkages" ("vocabulary_id", "preferred_definition_id", "preferred_spelling_id", "phonetic_spelling_id", "alt_phonetic_spelling_id", "kanji_spelling_id", "conjugation_set_id") VALUES ('a2edc793-e468-5c89-8566-efd896ac302c', 'b5267850-ecb2-509d-a0ca-ff648e207a27', 'd1dadf53-6037-5057-94c3-4307ffdaec20', '69795551-8591-5922-86b8-60cf835585c1', NULL, '357074c2-e8f0-5920-b732-3d7e080d0b10', NULL);
INSERT INTO "vocabulary"."reference" ("vocabulary_id", "lesson_code") VALUES ('a2edc793-e468-5c89-8566-efd896ac302c', 'DUO_01_03');
INSERT INTO "vocabulary"."reference" ("vocabulary_id", "lesson_code") VALUES ('a2edc793-e468-5c89-8566-efd896ac302c', 'DUO_U02');
-- 外 | outside --;
INSERT INTO "vocabulary"."vocabulary" ("id", "word_class_code", "conjugation_kind_code", "jlpt_level", "row_num", "tags", "date_added") VALUES ('05f754d9-f497-54db-9340-cea898b0ff28', 'NOUN', NULL, 5, 323, '{}', '2022-08-12');
INSERT INTO "vocabulary"."definition" ("id", "vocabulary_id", "sort_rank", "value") VALUES ('4d8c0d7e-0108-520d-80c3-f6622ea22a80', '05f754d9-f497-54db-9340-cea898b0ff28', 1, 'outside');
INSERT INTO "vocabulary"."spelling" ("id", "vocabulary_id", "spelling_kind_code", "value") VALUES ('21aef3e7-4a03-51e6-b1b1-ee60aef5a188', '05f754d9-f497-54db-9340-cea898b0ff28', 'KANJI', '外');
INSERT INTO "vocabulary"."spelling" ("id", "vocabulary_id", "spelling_kind_code", "value") VALUES ('36138a4d-90bf-547d-b61b-aa8bf6b7d808', '05f754d9-f497-54db-9340-cea898b0ff28', 'HIRAGANA', 'そと');
INSERT INTO "vocabulary"."spelling" ("id", "vocabulary_id", "spelling_kind_code", "value") VALUES ('3fe8d892-1720-5949-a8f6-8b52bf404a98', '05f754d9-f497-54db-9340-cea898b0ff28', 'KANJI', '外');
INSERT INTO "vocabulary"."linkages" ("vocabulary_id", "preferred_definition_id", "preferred_spelling_id", "phonetic_spelling_id", "alt_phonetic_spelling_id", "kanji_spelling_id", "conjugation_set_id") VALUES ('05f754d9-f497-54db-9340-cea898b0ff28', '4d8c0d7e-0108-520d-80c3-f6622ea22a80', '21aef3e7-4a03-51e6-b1b1-ee60aef5a188', '36138a4d-90bf-547d-b61b-aa8bf6b7d808', NULL, '3fe8d892-1720-5949-a8f6-8b52bf404a98', NULL);
INSERT INTO "vocabulary"."reference" ("vocabulary_id", "lesson_code") VALUES ('05f754d9-f497-54db-9340-cea898b0ff28', 'DUO_01_03');
INSERT INTO "vocabulary"."reference" ("vocabulary_id", "lesson_code") VALUES ('05f754d9-f497-54db-9340-cea898b0ff28', 'DUO_U02');
-- 納豆 | fermented soybeans --;
INSERT INTO "vocabulary"."vocabulary" ("id", "word_class_code", "conjugation_kind_code", "jlpt_level", "row_num", "tags", "date_added") VALUES ('3cae06c0-447c-5b59-b04b-4c5036c5ce20', 'NOUN', NULL, NULL, 324, '{food}', '2022-08-12');
INSERT INTO "vocabulary"."definition" ("id", "vocabulary_id", "sort_rank", "value") VALUES ('7772ec31-d7a4-550a-9a37-44ad689ec2c7', '3cae06c0-447c-5b59-b04b-4c5036c5ce20', 1, 'fermented soybeans');
INSERT INTO "vocabulary"."spelling" ("id", "vocabulary_id", "spelling_kind_code", "value") VALUES ('44fc2cd3-dbc5-582b-8a6c-3f0eb0fe359d', '3cae06c0-447c-5b59-b04b-4c5036c5ce20', 'KANJI', '納豆');
INSERT INTO "vocabulary"."spelling" ("id", "vocabulary_id", "spelling_kind_code", "value") VALUES ('d65fc2f7-98af-5204-82f9-24f6265a8184', '3cae06c0-447c-5b59-b04b-4c5036c5ce20', 'HIRAGANA', 'なっとう');
INSERT INTO "vocabulary"."spelling" ("id", "vocabulary_id", "spelling_kind_code", "value") VALUES ('05590d02-c7dc-5fb3-a55f-c4359b260195', '3cae06c0-447c-5b59-b04b-4c5036c5ce20', 'KANJI', '納豆');
INSERT INTO "vocabulary"."linkages" ("vocabulary_id", "preferred_definition_id", "preferred_spelling_id", "phonetic_spelling_id", "alt_phonetic_spelling_id", "kanji_spelling_id", "conjugation_set_id") VALUES ('3cae06c0-447c-5b59-b04b-4c5036c5ce20', '7772ec31-d7a4-550a-9a37-44ad689ec2c7', '44fc2cd3-dbc5-582b-8a6c-3f0eb0fe359d', 'd65fc2f7-98af-5204-82f9-24f6265a8184', NULL, '05590d02-c7dc-5fb3-a55f-c4359b260195', NULL);
INSERT INTO "vocabulary"."reference" ("vocabulary_id", "lesson_code") VALUES ('3cae06c0-447c-5b59-b04b-4c5036c5ce20', 'DUO_01_04');
INSERT INTO "vocabulary"."reference" ("vocabulary_id", "lesson_code") VALUES ('3cae06c0-447c-5b59-b04b-4c5036c5ce20', 'DUO_U02');
-- 風 | wind; breeze; draft --;
INSERT INTO "vocabulary"."vocabulary" ("id", "word_class_code", "conjugation_kind_code", "jlpt_level", "row_num", "tags", "date_added") VALUES ('1a0c8160-c588-508a-bcbc-c3bf3bdbb0fe', 'NOUN', NULL, 5, 325, '{}', '2022-08-12');
INSERT INTO "vocabulary"."definition" ("id", "vocabulary_id", "sort_rank", "value") VALUES ('3e214373-265b-5d86-8594-2ba44f9c72ce', '1a0c8160-c588-508a-bcbc-c3bf3bdbb0fe', 1, 'wind; breeze; draft');
INSERT INTO "vocabulary"."spelling" ("id", "vocabulary_id", "spelling_kind_code", "value") VALUES ('5c67e81b-5f50-5b24-a5d9-527ae1d6e88d', '1a0c8160-c588-508a-bcbc-c3bf3bdbb0fe', 'KANJI', '風');
INSERT INTO "vocabulary"."spelling" ("id", "vocabulary_id", "spelling_kind_code", "value") VALUES ('f5849a92-f845-53a3-a85d-dd52a2ff518b', '1a0c8160-c588-508a-bcbc-c3bf3bdbb0fe', 'HIRAGANA', 'かぜ');
INSERT INTO "vocabulary"."spelling" ("id", "vocabulary_id", "spelling_kind_code", "value") VALUES ('c27257b5-7cfe-5678-9655-0f6cc3ada227', '1a0c8160-c588-508a-bcbc-c3bf3bdbb0fe', 'KANJI', '風');
INSERT INTO "vocabulary"."linkages" ("vocabulary_id", "preferred_definition_id", "preferred_spelling_id", "phonetic_spelling_id", "alt_phonetic_spelling_id", "kanji_spelling_id", "conjugation_set_id") VALUES ('1a0c8160-c588-508a-bcbc-c3bf3bdbb0fe', '3e214373-265b-5d86-8594-2ba44f9c72ce', '5c67e81b-5f50-5b24-a5d9-527ae1d6e88d', 'f5849a92-f845-53a3-a85d-dd52a2ff518b', NULL, 'c27257b5-7cfe-5678-9655-0f6cc3ada227', NULL);
INSERT INTO "vocabulary"."reference" ("vocabulary_id", "lesson_code") VALUES ('1a0c8160-c588-508a-bcbc-c3bf3bdbb0fe', 'DUO_01_04');
INSERT INTO "vocabulary"."reference" ("vocabulary_id", "lesson_code") VALUES ('1a0c8160-c588-508a-bcbc-c3bf3bdbb0fe', 'DUO_U02');
-- 地図 | map --;
INSERT INTO "vocabulary"."vocabulary" ("id", "word_class_code", "conjugation_kind_code", "jlpt_level", "row_num", "tags", "date_added") VALUES ('86e894b7-ebf2-5e8e-991e-54ebd19f764d', 'NOUN', NULL, 5, 326, '{}', '2022-08-12');
INSERT INTO "vocabulary"."definition" ("id", "vocabulary_id", "sort_rank", "value") VALUES ('bcdffa0f-e9dc-5c56-adb6-7bf6b2a2e639', '86e894b7-ebf2-5e8e-991e-54ebd19f764d', 1, 'map');
INSERT INTO "vocabulary"."spelling" ("id", "vocabulary_id", "spelling_kind_code", "value") VALUES ('41cf25cc-76db-5ada-9a09-f46aebb944c4', '86e894b7-ebf2-5e8e-991e-54ebd19f764d', 'KANJI', '地図');
INSERT INTO "vocabulary"."spelling" ("id", "vocabulary_id", "spelling_kind_code", "value") VALUES ('1f2a5438-7f15-5c4a-ad0a-b0e35519d0a3', '86e894b7-ebf2-5e8e-991e-54ebd19f764d', 'HIRAGANA', 'ちず');
INSERT INTO "vocabulary"."spelling" ("id", "vocabulary_id", "spelling_kind_code", "value") VALUES ('a35748f4-6346-5400-a2eb-7f1a0013bfe2', '86e894b7-ebf2-5e8e-991e-54ebd19f764d', 'KANJI', '地図');
INSERT INTO "vocabulary"."linkages" ("vocabulary_id", "preferred_definition_id", "preferred_spelling_id", "phonetic_spelling_id", "alt_phonetic_spelling_id", "kanji_spelling_id", "conjugation_set_id") VALUES ('86e894b7-ebf2-5e8e-991e-54ebd19f764d', 'bcdffa0f-e9dc-5c56-adb6-7bf6b2a2e639', '41cf25cc-76db-5ada-9a09-f46aebb944c4', '1f2a5438-7f15-5c4a-ad0a-b0e35519d0a3', NULL, 'a35748f4-6346-5400-a2eb-7f1a0013bfe2', NULL);
INSERT INTO "vocabulary"."reference" ("vocabulary_id", "lesson_code") VALUES ('86e894b7-ebf2-5e8e-991e-54ebd19f764d', 'DUO_01_04');
INSERT INTO "vocabulary"."reference" ("vocabulary_id", "lesson_code") VALUES ('86e894b7-ebf2-5e8e-991e-54ebd19f764d', 'DUO_U02');
-- 果物 | fruit --;
INSERT INTO "vocabulary"."vocabulary" ("id", "word_class_code", "conjugation_kind_code", "jlpt_level", "row_num", "tags", "date_added") VALUES ('7f320ae8-3952-5727-a45e-4c5535a79533', 'NOUN', NULL, 5, 327, '{food}', '2022-08-12');
INSERT INTO "vocabulary"."definition" ("id", "vocabulary_id", "sort_rank", "value") VALUES ('4ef329ba-28eb-50ca-bf23-38cf046e44db', '7f320ae8-3952-5727-a45e-4c5535a79533', 1, 'fruit');
INSERT INTO "vocabulary"."spelling" ("id", "vocabulary_id", "spelling_kind_code", "value") VALUES ('4cbf8dac-8dce-531c-aaf3-443cbb8856ed', '7f320ae8-3952-5727-a45e-4c5535a79533', 'KANJI', '果物');
INSERT INTO "vocabulary"."spelling" ("id", "vocabulary_id", "spelling_kind_code", "value") VALUES ('282c1ecc-0730-5795-b35c-da3768caaa19', '7f320ae8-3952-5727-a45e-4c5535a79533', 'HIRAGANA', 'くだもの');
INSERT INTO "vocabulary"."spelling" ("id", "vocabulary_id", "spelling_kind_code", "value") VALUES ('296dd3b0-a94a-5d10-b306-2851bc54c319', '7f320ae8-3952-5727-a45e-4c5535a79533', 'KANJI', '果物');
INSERT INTO "vocabulary"."linkages" ("vocabulary_id", "preferred_definition_id", "preferred_spelling_id", "phonetic_spelling_id", "alt_phonetic_spelling_id", "kanji_spelling_id", "conjugation_set_id") VALUES ('7f320ae8-3952-5727-a45e-4c5535a79533', '4ef329ba-28eb-50ca-bf23-38cf046e44db', '4cbf8dac-8dce-531c-aaf3-443cbb8856ed', '282c1ecc-0730-5795-b35c-da3768caaa19', NULL, '296dd3b0-a94a-5d10-b306-2851bc54c319', NULL);
INSERT INTO "vocabulary"."reference" ("vocabulary_id", "lesson_code") VALUES ('7f320ae8-3952-5727-a45e-4c5535a79533', 'DUO_01_04');
INSERT INTO "vocabulary"."reference" ("vocabulary_id", "lesson_code") VALUES ('7f320ae8-3952-5727-a45e-4c5535a79533', 'DUO_U02');
INSERT INTO "vocabulary"."reference" ("vocabulary_id", "lesson_code") VALUES ('7f320ae8-3952-5727-a45e-4c5535a79533', 'GENKI3_L05');
-- 切符 | ticket --;
INSERT INTO "vocabulary"."vocabulary" ("id", "word_class_code", "conjugation_kind_code", "jlpt_level", "row_num", "tags", "date_added") VALUES ('efc7ae30-059c-5579-9e95-1e53594af9ed', 'NOUN', NULL, 5, 328, '{}', '2022-08-12');
INSERT INTO "vocabulary"."definition" ("id", "vocabulary_id", "sort_rank", "value") VALUES ('32752108-5557-5fcd-b8f6-5da6d5883146', 'efc7ae30-059c-5579-9e95-1e53594af9ed', 1, 'ticket');
INSERT INTO "vocabulary"."spelling" ("id", "vocabulary_id", "spelling_kind_code", "value") VALUES ('34c4ad9a-5f13-576a-8719-d371f670b2da', 'efc7ae30-059c-5579-9e95-1e53594af9ed', 'KANJI', '切符');
INSERT INTO "vocabulary"."spelling" ("id", "vocabulary_id", "spelling_kind_code", "value") VALUES ('0f152cc9-d83e-5936-a447-68d8da71f652', 'efc7ae30-059c-5579-9e95-1e53594af9ed', 'HIRAGANA', 'きっぷ');
INSERT INTO "vocabulary"."spelling" ("id", "vocabulary_id", "spelling_kind_code", "value") VALUES ('edfd808f-3f55-550c-911e-1b64c14ef75d', 'efc7ae30-059c-5579-9e95-1e53594af9ed', 'KANJI', '切符');
INSERT INTO "vocabulary"."linkages" ("vocabulary_id", "preferred_definition_id", "preferred_spelling_id", "phonetic_spelling_id", "alt_phonetic_spelling_id", "kanji_spelling_id", "conjugation_set_id") VALUES ('efc7ae30-059c-5579-9e95-1e53594af9ed', '32752108-5557-5fcd-b8f6-5da6d5883146', '34c4ad9a-5f13-576a-8719-d371f670b2da', '0f152cc9-d83e-5936-a447-68d8da71f652', NULL, 'edfd808f-3f55-550c-911e-1b64c14ef75d', NULL);
INSERT INTO "vocabulary"."reference" ("vocabulary_id", "lesson_code") VALUES ('efc7ae30-059c-5579-9e95-1e53594af9ed', 'DUO_01_04');
INSERT INTO "vocabulary"."reference" ("vocabulary_id", "lesson_code") VALUES ('efc7ae30-059c-5579-9e95-1e53594af9ed', 'DUO_U02');
-- ゲーム | game --;
INSERT INTO "vocabulary"."vocabulary" ("id", "word_class_code", "conjugation_kind_code", "jlpt_level", "row_num", "tags", "date_added") VALUES ('038bec1a-765f-42b2-905d-28004fd829a3', 'NOUN', NULL, 3, 329, '{activity}', '2022-08-10');
INSERT INTO "vocabulary"."definition" ("id", "vocabulary_id", "sort_rank", "value") VALUES ('cc89a910-26af-581e-8289-34fb385a5d7c', '038bec1a-765f-42b2-905d-28004fd829a3', 1, 'game');
INSERT INTO "vocabulary"."spelling" ("id", "vocabulary_id", "spelling_kind_code", "value") VALUES ('364e9f17-dc86-5edd-ae05-4f907be920f5', '038bec1a-765f-42b2-905d-28004fd829a3', 'KATAKANA', 'ゲーム');
INSERT INTO "vocabulary"."spelling" ("id", "vocabulary_id", "spelling_kind_code", "value") VALUES ('1ae5d28e-97d2-5c2f-9c61-7e2e88f23d41', '038bec1a-765f-42b2-905d-28004fd829a3', 'HIRAGANA', 'げえむ');
INSERT INTO "vocabulary"."linkages" ("vocabulary_id", "preferred_definition_id", "preferred_spelling_id", "phonetic_spelling_id", "alt_phonetic_spelling_id", "kanji_spelling_id", "conjugation_set_id") VALUES ('038bec1a-765f-42b2-905d-28004fd829a3', 'cc89a910-26af-581e-8289-34fb385a5d7c', '364e9f17-dc86-5edd-ae05-4f907be920f5', '1ae5d28e-97d2-5c2f-9c61-7e2e88f23d41', NULL, NULL, NULL);
INSERT INTO "vocabulary"."reference" ("vocabulary_id", "lesson_code") VALUES ('038bec1a-765f-42b2-905d-28004fd829a3', 'GENKI3_L04');
-- アルバイト | part-time job --;
INSERT INTO "vocabulary"."vocabulary" ("id", "word_class_code", "conjugation_kind_code", "jlpt_level", "row_num", "tags", "date_added") VALUES ('303cf994-1062-45cd-9c22-738f09ffee51', 'NOUN', NULL, 4, 330, '{activity}', '2022-08-10');
INSERT INTO "vocabulary"."definition" ("id", "vocabulary_id", "sort_rank", "value") VALUES ('75e1704e-4e70-55a2-aeaa-8ce828913718', '303cf994-1062-45cd-9c22-738f09ffee51', 1, 'part-time job');
INSERT INTO "vocabulary"."spelling" ("id", "vocabulary_id", "spelling_kind_code", "value") VALUES ('986072c6-aee2-5f7e-90e5-6275033919f2', '303cf994-1062-45cd-9c22-738f09ffee51', 'KATAKANA', 'アルバイト');
INSERT INTO "vocabulary"."spelling" ("id", "vocabulary_id", "spelling_kind_code", "value") VALUES ('87fd043e-3642-5c33-8095-bbbb4df0b2c5', '303cf994-1062-45cd-9c22-738f09ffee51', 'HIRAGANA', 'あればいと');
INSERT INTO "vocabulary"."linkages" ("vocabulary_id", "preferred_definition_id", "preferred_spelling_id", "phonetic_spelling_id", "alt_phonetic_spelling_id", "kanji_spelling_id", "conjugation_set_id") VALUES ('303cf994-1062-45cd-9c22-738f09ffee51', '75e1704e-4e70-55a2-aeaa-8ce828913718', '986072c6-aee2-5f7e-90e5-6275033919f2', '87fd043e-3642-5c33-8095-bbbb4df0b2c5', NULL, NULL, NULL);
INSERT INTO "vocabulary"."reference" ("vocabulary_id", "lesson_code") VALUES ('303cf994-1062-45cd-9c22-738f09ffee51', 'GENKI3_L04');
-- バイト | part-time job (colloquial) --;
INSERT INTO "vocabulary"."vocabulary" ("id", "word_class_code", "conjugation_kind_code", "jlpt_level", "row_num", "tags", "date_added") VALUES ('8509b44f-d5d4-437f-a845-aae915c292dc', 'NOUN', NULL, NULL, 331, '{activity}', '2022-08-10');
INSERT INTO "vocabulary"."definition" ("id", "vocabulary_id", "sort_rank", "value") VALUES ('714cf3d7-276e-5ff3-a5a0-17a7c0c721af', '8509b44f-d5d4-437f-a845-aae915c292dc', 1, 'part-time job (colloquial)');
INSERT INTO "vocabulary"."spelling" ("id", "vocabulary_id", "spelling_kind_code", "value") VALUES ('1e973747-4aed-570a-84d2-bde77fdc9d4f', '8509b44f-d5d4-437f-a845-aae915c292dc', 'KATAKANA', 'バイト');
INSERT INTO "vocabulary"."spelling" ("id", "vocabulary_id", "spelling_kind_code", "value") VALUES ('a7664208-d5ae-5cc5-bc9b-b1a9668539c3', '8509b44f-d5d4-437f-a845-aae915c292dc', 'HIRAGANA', 'ばいと');
INSERT INTO "vocabulary"."linkages" ("vocabulary_id", "preferred_definition_id", "preferred_spelling_id", "phonetic_spelling_id", "alt_phonetic_spelling_id", "kanji_spelling_id", "conjugation_set_id") VALUES ('8509b44f-d5d4-437f-a845-aae915c292dc', '714cf3d7-276e-5ff3-a5a0-17a7c0c721af', '1e973747-4aed-570a-84d2-bde77fdc9d4f', 'a7664208-d5ae-5cc5-bc9b-b1a9668539c3', NULL, NULL, NULL);
INSERT INTO "vocabulary"."reference" ("vocabulary_id", "lesson_code") VALUES ('8509b44f-d5d4-437f-a845-aae915c292dc', 'GENKI3_L04');
-- 買い物 | shopping --;
INSERT INTO "vocabulary"."vocabulary" ("id", "word_class_code", "conjugation_kind_code", "jlpt_level", "row_num", "tags", "date_added") VALUES ('a024bfb6-a9ef-4690-904a-d8fa02367ed3', 'NOUN', NULL, 5, 332, '{activity}', '2022-08-10');
INSERT INTO "vocabulary"."definition" ("id", "vocabulary_id", "sort_rank", "value") VALUES ('4d1673f1-5f22-59b6-819a-d7a1366ec964', 'a024bfb6-a9ef-4690-904a-d8fa02367ed3', 1, 'shopping');
INSERT INTO "vocabulary"."spelling" ("id", "vocabulary_id", "spelling_kind_code", "value") VALUES ('d19caeaa-1ec7-5072-a126-db6dc5f549bb', 'a024bfb6-a9ef-4690-904a-d8fa02367ed3', 'KANJI', '買い物');
INSERT INTO "vocabulary"."spelling" ("id", "vocabulary_id", "spelling_kind_code", "value") VALUES ('76bbb991-54a3-588d-a0c0-8bd74a63484a', 'a024bfb6-a9ef-4690-904a-d8fa02367ed3', 'HIRAGANA', 'かいもの');
INSERT INTO "vocabulary"."spelling" ("id", "vocabulary_id", "spelling_kind_code", "value") VALUES ('a8233cb3-0341-56a6-8c82-6774344f03e8', 'a024bfb6-a9ef-4690-904a-d8fa02367ed3', 'KANJI', '買い物');
INSERT INTO "vocabulary"."linkages" ("vocabulary_id", "preferred_definition_id", "preferred_spelling_id", "phonetic_spelling_id", "alt_phonetic_spelling_id", "kanji_spelling_id", "conjugation_set_id") VALUES ('a024bfb6-a9ef-4690-904a-d8fa02367ed3', '4d1673f1-5f22-59b6-819a-d7a1366ec964', 'd19caeaa-1ec7-5072-a126-db6dc5f549bb', '76bbb991-54a3-588d-a0c0-8bd74a63484a', NULL, 'a8233cb3-0341-56a6-8c82-6774344f03e8', NULL);
INSERT INTO "vocabulary"."reference" ("vocabulary_id", "lesson_code") VALUES ('a024bfb6-a9ef-4690-904a-d8fa02367ed3', 'GENKI3_L04');
-- クラス | class --;
INSERT INTO "vocabulary"."vocabulary" ("id", "word_class_code", "conjugation_kind_code", "jlpt_level", "row_num", "tags", "date_added") VALUES ('c52c9908-d959-404c-a8f8-161c2663e84e', 'NOUN', NULL, 5, 333, '{activity}', '2022-08-10');
INSERT INTO "vocabulary"."definition" ("id", "vocabulary_id", "sort_rank", "value") VALUES ('3e94123b-2f27-5659-a632-9d257eea7a28', 'c52c9908-d959-404c-a8f8-161c2663e84e', 1, 'class');
INSERT INTO "vocabulary"."spelling" ("id", "vocabulary_id", "spelling_kind_code", "value") VALUES ('1014e979-9714-527a-9f91-10464746d7c1', 'c52c9908-d959-404c-a8f8-161c2663e84e', 'KATAKANA', 'クラス');
INSERT INTO "vocabulary"."spelling" ("id", "vocabulary_id", "spelling_kind_code", "value") VALUES ('24f3c910-7a4e-568d-be31-94ef9b3c34cb', 'c52c9908-d959-404c-a8f8-161c2663e84e', 'HIRAGANA', 'くらす');
INSERT INTO "vocabulary"."linkages" ("vocabulary_id", "preferred_definition_id", "preferred_spelling_id", "phonetic_spelling_id", "alt_phonetic_spelling_id", "kanji_spelling_id", "conjugation_set_id") VALUES ('c52c9908-d959-404c-a8f8-161c2663e84e', '3e94123b-2f27-5659-a632-9d257eea7a28', '1014e979-9714-527a-9f91-10464746d7c1', '24f3c910-7a4e-568d-be31-94ef9b3c34cb', NULL, NULL, NULL);
INSERT INTO "vocabulary"."reference" ("vocabulary_id", "lesson_code") VALUES ('c52c9908-d959-404c-a8f8-161c2663e84e', 'GENKI3_L04');
-- 人 | person --;
INSERT INTO "vocabulary"."vocabulary" ("id", "word_class_code", "conjugation_kind_code", "jlpt_level", "row_num", "tags", "date_added") VALUES ('624914ad-ed17-40f2-9260-e70c69962692', 'NOUN', NULL, 5, 334, '{}', '2022-08-10');
INSERT INTO "vocabulary"."definition" ("id", "vocabulary_id", "sort_rank", "value") VALUES ('0614d28b-7c44-58a5-98f0-4bb8b9c7a630', '624914ad-ed17-40f2-9260-e70c69962692', 1, 'person');
INSERT INTO "vocabulary"."spelling" ("id", "vocabulary_id", "spelling_kind_code", "value") VALUES ('e1d64af1-9da4-519d-9ef6-10ab6337e6b6', '624914ad-ed17-40f2-9260-e70c69962692', 'KANJI', '人');
INSERT INTO "vocabulary"."spelling" ("id", "vocabulary_id", "spelling_kind_code", "value") VALUES ('266f00f1-e212-5e59-9023-e154704913ca', '624914ad-ed17-40f2-9260-e70c69962692', 'HIRAGANA', 'ひと');
INSERT INTO "vocabulary"."spelling" ("id", "vocabulary_id", "spelling_kind_code", "value") VALUES ('90c38aed-c8ba-5392-a6e7-b49b368bc9e2', '624914ad-ed17-40f2-9260-e70c69962692', 'KANJI', '人');
INSERT INTO "vocabulary"."linkages" ("vocabulary_id", "preferred_definition_id", "preferred_spelling_id", "phonetic_spelling_id", "alt_phonetic_spelling_id", "kanji_spelling_id", "conjugation_set_id") VALUES ('624914ad-ed17-40f2-9260-e70c69962692', '0614d28b-7c44-58a5-98f0-4bb8b9c7a630', 'e1d64af1-9da4-519d-9ef6-10ab6337e6b6', '266f00f1-e212-5e59-9023-e154704913ca', NULL, '90c38aed-c8ba-5392-a6e7-b49b368bc9e2', NULL);
INSERT INTO "vocabulary"."reference" ("vocabulary_id", "lesson_code") VALUES ('624914ad-ed17-40f2-9260-e70c69962692', 'GENKI3_L04');
-- 子供 | child --;
INSERT INTO "vocabulary"."vocabulary" ("id", "word_class_code", "conjugation_kind_code", "jlpt_level", "row_num", "tags", "date_added") VALUES ('399bbf9b-f7e7-429c-8874-42e0bf5cae9e', 'NOUN', NULL, 5, 335, '{}', '2022-08-10');
INSERT INTO "vocabulary"."definition" ("id", "vocabulary_id", "sort_rank", "value") VALUES ('82b1f9e6-66af-5365-8a05-21ec1acac085', '399bbf9b-f7e7-429c-8874-42e0bf5cae9e', 1, 'child');
INSERT INTO "vocabulary"."spelling" ("id", "vocabulary_id", "spelling_kind_code", "value") VALUES ('ada35489-9f41-56bf-9c31-e2669d37aac9', '399bbf9b-f7e7-429c-8874-42e0bf5cae9e', 'KANJI', '子供');
INSERT INTO "vocabulary"."spelling" ("id", "vocabulary_id", "spelling_kind_code", "value") VALUES ('fa39e893-a090-5d3f-9473-b4307d7eff01', '399bbf9b-f7e7-429c-8874-42e0bf5cae9e', 'HIRAGANA', 'こども');
INSERT INTO "vocabulary"."spelling" ("id", "vocabulary_id", "spelling_kind_code", "value") VALUES ('1d0766a0-35b9-5bba-b178-8a50f5045c77', '399bbf9b-f7e7-429c-8874-42e0bf5cae9e', 'KANJI', '子供');
INSERT INTO "vocabulary"."linkages" ("vocabulary_id", "preferred_definition_id", "preferred_spelling_id", "phonetic_spelling_id", "alt_phonetic_spelling_id", "kanji_spelling_id", "conjugation_set_id") VALUES ('399bbf9b-f7e7-429c-8874-42e0bf5cae9e', '82b1f9e6-66af-5365-8a05-21ec1acac085', 'ada35489-9f41-56bf-9c31-e2669d37aac9', 'fa39e893-a090-5d3f-9473-b4307d7eff01', NULL, '1d0766a0-35b9-5bba-b178-8a50f5045c77', NULL);
INSERT INTO "vocabulary"."reference" ("vocabulary_id", "lesson_code") VALUES ('399bbf9b-f7e7-429c-8874-42e0bf5cae9e', 'GENKI3_L04');
-- 写真 | picture; photograph --;
INSERT INTO "vocabulary"."vocabulary" ("id", "word_class_code", "conjugation_kind_code", "jlpt_level", "row_num", "tags", "date_added") VALUES ('e63daade-a22a-4554-a061-4077691692ee', 'NOUN', NULL, 5, 336, '{}', '2022-08-10');
INSERT INTO "vocabulary"."definition" ("id", "vocabulary_id", "sort_rank", "value") VALUES ('49d3ed43-821b-5f28-9845-492f201c1f24', 'e63daade-a22a-4554-a061-4077691692ee', 1, 'picture; photograph');
INSERT INTO "vocabulary"."spelling" ("id", "vocabulary_id", "spelling_kind_code", "value") VALUES ('2208cff3-6a3a-5dbe-9986-d2307f70a243', 'e63daade-a22a-4554-a061-4077691692ee', 'KANJI', '写真');
INSERT INTO "vocabulary"."spelling" ("id", "vocabulary_id", "spelling_kind_code", "value") VALUES ('ab16ba77-c1a2-589d-a05c-e29b148390a0', 'e63daade-a22a-4554-a061-4077691692ee', 'HIRAGANA', 'しゃしん');
INSERT INTO "vocabulary"."spelling" ("id", "vocabulary_id", "spelling_kind_code", "value") VALUES ('82aeff1d-ed8e-527d-a9c8-75041fc05324', 'e63daade-a22a-4554-a061-4077691692ee', 'KANJI', '写真');
INSERT INTO "vocabulary"."linkages" ("vocabulary_id", "preferred_definition_id", "preferred_spelling_id", "phonetic_spelling_id", "alt_phonetic_spelling_id", "kanji_spelling_id", "conjugation_set_id") VALUES ('e63daade-a22a-4554-a061-4077691692ee', '49d3ed43-821b-5f28-9845-492f201c1f24', '2208cff3-6a3a-5dbe-9986-d2307f70a243', 'ab16ba77-c1a2-589d-a05c-e29b148390a0', NULL, '82aeff1d-ed8e-527d-a9c8-75041fc05324', NULL);
INSERT INTO "vocabulary"."reference" ("vocabulary_id", "lesson_code") VALUES ('e63daade-a22a-4554-a061-4077691692ee', 'GENKI3_L04');
-- 花 | flower --;
INSERT INTO "vocabulary"."vocabulary" ("id", "word_class_code", "conjugation_kind_code", "jlpt_level", "row_num", "tags", "date_added") VALUES ('8b29a67e-61cf-494a-972a-5d59944a53d6', 'NOUN', NULL, 5, 337, '{}', '2022-08-10');
INSERT INTO "vocabulary"."definition" ("id", "vocabulary_id", "sort_rank", "value") VALUES ('b47ab331-b305-531c-b266-bc1654f2528c', '8b29a67e-61cf-494a-972a-5d59944a53d6', 1, 'flower');
INSERT INTO "vocabulary"."spelling" ("id", "vocabulary_id", "spelling_kind_code", "value") VALUES ('47ad1de9-bade-5762-a63e-721ad64222f3', '8b29a67e-61cf-494a-972a-5d59944a53d6', 'KANJI', '花');
INSERT INTO "vocabulary"."spelling" ("id", "vocabulary_id", "spelling_kind_code", "value") VALUES ('06358f70-3b83-5dca-b20c-bcb0bb6457fa', '8b29a67e-61cf-494a-972a-5d59944a53d6', 'HIRAGANA', 'はな');
INSERT INTO "vocabulary"."spelling" ("id", "vocabulary_id", "spelling_kind_code", "value") VALUES ('6d8fe231-22b1-5d4c-bb23-d9d99b594e26', '8b29a67e-61cf-494a-972a-5d59944a53d6', 'KANJI', '花');
INSERT INTO "vocabulary"."linkages" ("vocabulary_id", "preferred_definition_id", "preferred_spelling_id", "phonetic_spelling_id", "alt_phonetic_spelling_id", "kanji_spelling_id", "conjugation_set_id") VALUES ('8b29a67e-61cf-494a-972a-5d59944a53d6', 'b47ab331-b305-531c-b266-bc1654f2528c', '47ad1de9-bade-5762-a63e-721ad64222f3', '06358f70-3b83-5dca-b20c-bcb0bb6457fa', NULL, '6d8fe231-22b1-5d4c-bb23-d9d99b594e26', NULL);
INSERT INTO "vocabulary"."reference" ("vocabulary_id", "lesson_code") VALUES ('8b29a67e-61cf-494a-972a-5d59944a53d6', 'GENKI3_L04');
-- レポート | (term) paper --;
INSERT INTO "vocabulary"."vocabulary" ("id", "word_class_code", "conjugation_kind_code", "jlpt_level", "row_num", "tags", "date_added") VALUES ('26eb1163-f6e3-43a8-b406-be60d5959e56', 'NOUN', NULL, 4, 338, '{}', '2022-08-10');
INSERT INTO "vocabulary"."definition" ("id", "vocabulary_id", "sort_rank", "value") VALUES ('cc9f8f97-ee78-54b9-b7d4-ae98c24a659a', '26eb1163-f6e3-43a8-b406-be60d5959e56', 1, '(term) paper');
INSERT INTO "vocabulary"."spelling" ("id", "vocabulary_id", "spelling_kind_code", "value") VALUES ('792bf1d1-a88e-5fc0-8e45-99981826a53b', '26eb1163-f6e3-43a8-b406-be60d5959e56', 'KATAKANA', 'レポート');
INSERT INTO "vocabulary"."spelling" ("id", "vocabulary_id", "spelling_kind_code", "value") VALUES ('af8f94db-21a7-595f-baa8-56e59ece79ab', '26eb1163-f6e3-43a8-b406-be60d5959e56', 'HIRAGANA', 'れぽおと');
INSERT INTO "vocabulary"."linkages" ("vocabulary_id", "preferred_definition_id", "preferred_spelling_id", "phonetic_spelling_id", "alt_phonetic_spelling_id", "kanji_spelling_id", "conjugation_set_id") VALUES ('26eb1163-f6e3-43a8-b406-be60d5959e56', 'cc9f8f97-ee78-54b9-b7d4-ae98c24a659a', '792bf1d1-a88e-5fc0-8e45-99981826a53b', 'af8f94db-21a7-595f-baa8-56e59ece79ab', NULL, NULL, NULL);
INSERT INTO "vocabulary"."reference" ("vocabulary_id", "lesson_code") VALUES ('26eb1163-f6e3-43a8-b406-be60d5959e56', 'GENKI3_L04');
-- お寺 | temple --;
INSERT INTO "vocabulary"."vocabulary" ("id", "word_class_code", "conjugation_kind_code", "jlpt_level", "row_num", "tags", "date_added") VALUES ('8ff036c4-9800-49d5-906b-514520c78880', 'NOUN', NULL, 4, 339, '{place}', '2022-08-10');
INSERT INTO "vocabulary"."definition" ("id", "vocabulary_id", "sort_rank", "value") VALUES ('bc555711-1d9c-544f-9fd0-c16e53fd3352', '8ff036c4-9800-49d5-906b-514520c78880', 1, 'temple');
INSERT INTO "vocabulary"."spelling" ("id", "vocabulary_id", "spelling_kind_code", "value") VALUES ('429e687c-c5f8-5c37-b9bf-3a4f376a73b1', '8ff036c4-9800-49d5-906b-514520c78880', 'KANJI', 'お寺');
INSERT INTO "vocabulary"."spelling" ("id", "vocabulary_id", "spelling_kind_code", "value") VALUES ('5c41d217-f132-58ba-b032-ef5da4a72181', '8ff036c4-9800-49d5-906b-514520c78880', 'HIRAGANA', 'おてら');
INSERT INTO "vocabulary"."spelling" ("id", "vocabulary_id", "spelling_kind_code", "value") VALUES ('2ffda48a-f759-55e7-bbe2-4681cdc83627', '8ff036c4-9800-49d5-906b-514520c78880', 'KANJI', 'お寺');
INSERT INTO "vocabulary"."linkages" ("vocabulary_id", "preferred_definition_id", "preferred_spelling_id", "phonetic_spelling_id", "alt_phonetic_spelling_id", "kanji_spelling_id", "conjugation_set_id") VALUES ('8ff036c4-9800-49d5-906b-514520c78880', 'bc555711-1d9c-544f-9fd0-c16e53fd3352', '429e687c-c5f8-5c37-b9bf-3a4f376a73b1', '5c41d217-f132-58ba-b032-ef5da4a72181', NULL, '2ffda48a-f759-55e7-bbe2-4681cdc83627', NULL);
INSERT INTO "vocabulary"."reference" ("vocabulary_id", "lesson_code") VALUES ('8ff036c4-9800-49d5-906b-514520c78880', 'GENKI3_L04');
-- 神社 | shinto shrine --;
INSERT INTO "vocabulary"."vocabulary" ("id", "word_class_code", "conjugation_kind_code", "jlpt_level", "row_num", "tags", "date_added") VALUES ('0f9832ad-9fe4-4428-aa84-6f20064d973e', 'NOUN', NULL, 4, 340, '{place}', '2022-08-10');
INSERT INTO "vocabulary"."definition" ("id", "vocabulary_id", "sort_rank", "value") VALUES ('3ac62b69-abc0-54ef-8ced-c67b583db14d', '0f9832ad-9fe4-4428-aa84-6f20064d973e', 1, 'shinto shrine');
INSERT INTO "vocabulary"."spelling" ("id", "vocabulary_id", "spelling_kind_code", "value") VALUES ('cd85f817-4785-54be-97ae-13e1694b560b', '0f9832ad-9fe4-4428-aa84-6f20064d973e', 'KANJI', '神社');
INSERT INTO "vocabulary"."spelling" ("id", "vocabulary_id", "spelling_kind_code", "value") VALUES ('92b40ee3-7577-573b-b994-17e6cc13a9aa', '0f9832ad-9fe4-4428-aa84-6f20064d973e', 'HIRAGANA', 'じんじゃ');
INSERT INTO "vocabulary"."spelling" ("id", "vocabulary_id", "spelling_kind_code", "value") VALUES ('6060b601-9e92-54f3-8057-2673c42c94e5', '0f9832ad-9fe4-4428-aa84-6f20064d973e', 'KANJI', '神社');
INSERT INTO "vocabulary"."linkages" ("vocabulary_id", "preferred_definition_id", "preferred_spelling_id", "phonetic_spelling_id", "alt_phonetic_spelling_id", "kanji_spelling_id", "conjugation_set_id") VALUES ('0f9832ad-9fe4-4428-aa84-6f20064d973e', '3ac62b69-abc0-54ef-8ced-c67b583db14d', 'cd85f817-4785-54be-97ae-13e1694b560b', '92b40ee3-7577-573b-b994-17e6cc13a9aa', NULL, '6060b601-9e92-54f3-8057-2673c42c94e5', NULL);
-- 公園 | park --;
INSERT INTO "vocabulary"."vocabulary" ("id", "word_class_code", "conjugation_kind_code", "jlpt_level", "row_num", "tags", "date_added") VALUES ('fe1b8cc3-30c4-49ce-90de-e60514fdf437', 'NOUN', NULL, 5, 341, '{place}', '2022-08-10');
INSERT INTO "vocabulary"."definition" ("id", "vocabulary_id", "sort_rank", "value") VALUES ('75d977f5-c72b-521d-802b-4b3706afd4c3', 'fe1b8cc3-30c4-49ce-90de-e60514fdf437', 1, 'park');
INSERT INTO "vocabulary"."spelling" ("id", "vocabulary_id", "spelling_kind_code", "value") VALUES ('5fc9c206-a5e1-5f40-8f67-71a8e33db494', 'fe1b8cc3-30c4-49ce-90de-e60514fdf437', 'KANJI', '公園');
INSERT INTO "vocabulary"."spelling" ("id", "vocabulary_id", "spelling_kind_code", "value") VALUES ('9e664d7d-f838-5f3e-8a6c-ac531b253d76', 'fe1b8cc3-30c4-49ce-90de-e60514fdf437', 'HIRAGANA', 'こうえん');
INSERT INTO "vocabulary"."spelling" ("id", "vocabulary_id", "spelling_kind_code", "value") VALUES ('28c64038-4614-5c60-bb46-cbf8e1516ac2', 'fe1b8cc3-30c4-49ce-90de-e60514fdf437', 'KANJI', '公園');
INSERT INTO "vocabulary"."linkages" ("vocabulary_id", "preferred_definition_id", "preferred_spelling_id", "phonetic_spelling_id", "alt_phonetic_spelling_id", "kanji_spelling_id", "conjugation_set_id") VALUES ('fe1b8cc3-30c4-49ce-90de-e60514fdf437', '75d977f5-c72b-521d-802b-4b3706afd4c3', '5fc9c206-a5e1-5f40-8f67-71a8e33db494', '9e664d7d-f838-5f3e-8a6c-ac531b253d76', NULL, '28c64038-4614-5c60-bb46-cbf8e1516ac2', NULL);
INSERT INTO "vocabulary"."reference" ("vocabulary_id", "lesson_code") VALUES ('fe1b8cc3-30c4-49ce-90de-e60514fdf437', 'GENKI3_L04');
-- スーパー | supermarket --;
INSERT INTO "vocabulary"."vocabulary" ("id", "word_class_code", "conjugation_kind_code", "jlpt_level", "row_num", "tags", "date_added") VALUES ('1e29f308-89f0-4c1d-bef5-323b3fdb1ca7', 'NOUN', NULL, NULL, 342, '{place}', '2022-08-10');
INSERT INTO "vocabulary"."definition" ("id", "vocabulary_id", "sort_rank", "value") VALUES ('274b9447-54e8-514c-8d46-2ced2a728d7f', '1e29f308-89f0-4c1d-bef5-323b3fdb1ca7', 1, 'supermarket');
INSERT INTO "vocabulary"."spelling" ("id", "vocabulary_id", "spelling_kind_code", "value") VALUES ('b8c37877-6aa7-5a79-a5fb-8cd5af1669f7', '1e29f308-89f0-4c1d-bef5-323b3fdb1ca7', 'KATAKANA', 'スーパー');
INSERT INTO "vocabulary"."spelling" ("id", "vocabulary_id", "spelling_kind_code", "value") VALUES ('a349b535-5c90-5630-ba1a-226d9c3303b2', '1e29f308-89f0-4c1d-bef5-323b3fdb1ca7', 'HIRAGANA', 'すうぱあ');
INSERT INTO "vocabulary"."linkages" ("vocabulary_id", "preferred_definition_id", "preferred_spelling_id", "phonetic_spelling_id", "alt_phonetic_spelling_id", "kanji_spelling_id", "conjugation_set_id") VALUES ('1e29f308-89f0-4c1d-bef5-323b3fdb1ca7', '274b9447-54e8-514c-8d46-2ced2a728d7f', 'b8c37877-6aa7-5a79-a5fb-8cd5af1669f7', 'a349b535-5c90-5630-ba1a-226d9c3303b2', NULL, NULL, NULL);
INSERT INTO "vocabulary"."reference" ("vocabulary_id", "lesson_code") VALUES ('1e29f308-89f0-4c1d-bef5-323b3fdb1ca7', 'GENKI3_L04');
-- バス停 | bus stop --;
INSERT INTO "vocabulary"."vocabulary" ("id", "word_class_code", "conjugation_kind_code", "jlpt_level", "row_num", "tags", "date_added") VALUES ('c406dd1a-75be-4283-97ee-5c7c31f904ed', 'NOUN', NULL, NULL, 343, '{place}', '2022-08-10');
INSERT INTO "vocabulary"."definition" ("id", "vocabulary_id", "sort_rank", "value") VALUES ('3c8f2f0b-0591-5150-afdc-6b19d5487156', 'c406dd1a-75be-4283-97ee-5c7c31f904ed', 1, 'bus stop');
INSERT INTO "vocabulary"."spelling" ("id", "vocabulary_id", "spelling_kind_code", "value") VALUES ('b2e078ac-8c7e-5638-ac94-866f287afb35', 'c406dd1a-75be-4283-97ee-5c7c31f904ed', 'KANJI', 'バス停');
INSERT INTO "vocabulary"."spelling" ("id", "vocabulary_id", "spelling_kind_code", "value") VALUES ('731f98ed-81dc-5722-80d2-1b0632c42230', 'c406dd1a-75be-4283-97ee-5c7c31f904ed', 'HIRAGANA', 'ばすてい');
INSERT INTO "vocabulary"."spelling" ("id", "vocabulary_id", "spelling_kind_code", "value") VALUES ('65c540f8-b9cf-5c5a-9f2f-9ab14bd4c04f', 'c406dd1a-75be-4283-97ee-5c7c31f904ed', 'KANJI', 'バス停');
INSERT INTO "vocabulary"."linkages" ("vocabulary_id", "preferred_definition_id", "preferred_spelling_id", "phonetic_spelling_id", "alt_phonetic_spelling_id", "kanji_spelling_id", "conjugation_set_id") VALUES ('c406dd1a-75be-4283-97ee-5c7c31f904ed', '3c8f2f0b-0591-5150-afdc-6b19d5487156', 'b2e078ac-8c7e-5638-ac94-866f287afb35', '731f98ed-81dc-5722-80d2-1b0632c42230', NULL, '65c540f8-b9cf-5c5a-9f2f-9ab14bd4c04f', NULL);
INSERT INTO "vocabulary"."reference" ("vocabulary_id", "lesson_code") VALUES ('c406dd1a-75be-4283-97ee-5c7c31f904ed', 'GENKI3_L04');
-- 病院 | hospital --;
INSERT INTO "vocabulary"."vocabulary" ("id", "word_class_code", "conjugation_kind_code", "jlpt_level", "row_num", "tags", "date_added") VALUES ('850f7735-fa14-49d2-9879-20d8a47dc0e8', 'NOUN', NULL, 5, 344, '{place}', '2022-08-10');
INSERT INTO "vocabulary"."definition" ("id", "vocabulary_id", "sort_rank", "value") VALUES ('3359f124-08fe-5b5a-b073-64227e9f53d5', '850f7735-fa14-49d2-9879-20d8a47dc0e8', 1, 'hospital');
INSERT INTO "vocabulary"."spelling" ("id", "vocabulary_id", "spelling_kind_code", "value") VALUES ('573646f7-9a7d-5e03-8a80-6de3f728521e', '850f7735-fa14-49d2-9879-20d8a47dc0e8', 'KANJI', '病院');
INSERT INTO "vocabulary"."spelling" ("id", "vocabulary_id", "spelling_kind_code", "value") VALUES ('53e5f4dd-ff8d-5a83-b252-96bfa3ec3f2d', '850f7735-fa14-49d2-9879-20d8a47dc0e8', 'HIRAGANA', 'びょういん');
INSERT INTO "vocabulary"."spelling" ("id", "vocabulary_id", "spelling_kind_code", "value") VALUES ('8da7f5e0-60e2-592c-a8b0-7452aa5fa906', '850f7735-fa14-49d2-9879-20d8a47dc0e8', 'KANJI', '病院');
INSERT INTO "vocabulary"."linkages" ("vocabulary_id", "preferred_definition_id", "preferred_spelling_id", "phonetic_spelling_id", "alt_phonetic_spelling_id", "kanji_spelling_id", "conjugation_set_id") VALUES ('850f7735-fa14-49d2-9879-20d8a47dc0e8', '3359f124-08fe-5b5a-b073-64227e9f53d5', '573646f7-9a7d-5e03-8a80-6de3f728521e', '53e5f4dd-ff8d-5a83-b252-96bfa3ec3f2d', NULL, '8da7f5e0-60e2-592c-a8b0-7452aa5fa906', NULL);
INSERT INTO "vocabulary"."reference" ("vocabulary_id", "lesson_code") VALUES ('850f7735-fa14-49d2-9879-20d8a47dc0e8', 'GENKI3_L04');
-- ホテル | hotel --;
INSERT INTO "vocabulary"."vocabulary" ("id", "word_class_code", "conjugation_kind_code", "jlpt_level", "row_num", "tags", "date_added") VALUES ('19bda9d8-1bbf-4d7b-8388-8375d9480918', 'NOUN', NULL, 5, 345, '{place}', '2022-08-10');
INSERT INTO "vocabulary"."definition" ("id", "vocabulary_id", "sort_rank", "value") VALUES ('12834e05-1e41-5c29-88be-5e6d2085b7bb', '19bda9d8-1bbf-4d7b-8388-8375d9480918', 1, 'hotel');
INSERT INTO "vocabulary"."spelling" ("id", "vocabulary_id", "spelling_kind_code", "value") VALUES ('37721a25-0ccd-55f5-9a63-bb614fa7562b', '19bda9d8-1bbf-4d7b-8388-8375d9480918', 'KATAKANA', 'ホテル');
INSERT INTO "vocabulary"."spelling" ("id", "vocabulary_id", "spelling_kind_code", "value") VALUES ('ab5377f8-4d7a-5752-923a-3a663b092d24', '19bda9d8-1bbf-4d7b-8388-8375d9480918', 'HIRAGANA', 'ほてる');
INSERT INTO "vocabulary"."linkages" ("vocabulary_id", "preferred_definition_id", "preferred_spelling_id", "phonetic_spelling_id", "alt_phonetic_spelling_id", "kanji_spelling_id", "conjugation_set_id") VALUES ('19bda9d8-1bbf-4d7b-8388-8375d9480918', '12834e05-1e41-5c29-88be-5e6d2085b7bb', '37721a25-0ccd-55f5-9a63-bb614fa7562b', 'ab5377f8-4d7a-5752-923a-3a663b092d24', NULL, NULL, NULL);
INSERT INTO "vocabulary"."reference" ("vocabulary_id", "lesson_code") VALUES ('19bda9d8-1bbf-4d7b-8388-8375d9480918', 'GENKI3_L04');
-- 本屋 | bokkstore --;
INSERT INTO "vocabulary"."vocabulary" ("id", "word_class_code", "conjugation_kind_code", "jlpt_level", "row_num", "tags", "date_added") VALUES ('e0b533e8-f938-4c93-b5fc-cbf9a5efbc9c', 'NOUN', NULL, NULL, 346, '{place}', '2022-08-10');
INSERT INTO "vocabulary"."definition" ("id", "vocabulary_id", "sort_rank", "value") VALUES ('0ab1d4ce-f312-5116-a8f1-99c31473cf18', 'e0b533e8-f938-4c93-b5fc-cbf9a5efbc9c', 1, 'bokkstore');
INSERT INTO "vocabulary"."spelling" ("id", "vocabulary_id", "spelling_kind_code", "value") VALUES ('6698875a-0cc5-57e0-91da-c899d5b2baa6', 'e0b533e8-f938-4c93-b5fc-cbf9a5efbc9c', 'KANJI', '本屋');
INSERT INTO "vocabulary"."spelling" ("id", "vocabulary_id", "spelling_kind_code", "value") VALUES ('bad491dc-16a6-5e8a-b579-311ffcdb0d05', 'e0b533e8-f938-4c93-b5fc-cbf9a5efbc9c', 'HIRAGANA', 'ほんや');
INSERT INTO "vocabulary"."spelling" ("id", "vocabulary_id", "spelling_kind_code", "value") VALUES ('9b6387bb-1d88-50e4-8140-135077d513f1', 'e0b533e8-f938-4c93-b5fc-cbf9a5efbc9c', 'KANJI', '本屋');
INSERT INTO "vocabulary"."linkages" ("vocabulary_id", "preferred_definition_id", "preferred_spelling_id", "phonetic_spelling_id", "alt_phonetic_spelling_id", "kanji_spelling_id", "conjugation_set_id") VALUES ('e0b533e8-f938-4c93-b5fc-cbf9a5efbc9c', '0ab1d4ce-f312-5116-a8f1-99c31473cf18', '6698875a-0cc5-57e0-91da-c899d5b2baa6', 'bad491dc-16a6-5e8a-b579-311ffcdb0d05', NULL, '9b6387bb-1d88-50e4-8140-135077d513f1', NULL);
INSERT INTO "vocabulary"."reference" ("vocabulary_id", "lesson_code") VALUES ('e0b533e8-f938-4c93-b5fc-cbf9a5efbc9c', 'GENKI3_L04');
-- 町 | town; city --;
INSERT INTO "vocabulary"."vocabulary" ("id", "word_class_code", "conjugation_kind_code", "jlpt_level", "row_num", "tags", "date_added") VALUES ('ddb16a7a-e9c0-4cce-ac65-ea78d074fce8', 'NOUN', NULL, 5, 347, '{place}', '2022-08-10');
INSERT INTO "vocabulary"."definition" ("id", "vocabulary_id", "sort_rank", "value") VALUES ('bc186859-f286-5412-980a-19db3857a361', 'ddb16a7a-e9c0-4cce-ac65-ea78d074fce8', 1, 'town; city');
INSERT INTO "vocabulary"."spelling" ("id", "vocabulary_id", "spelling_kind_code", "value") VALUES ('f6fab74d-c3a7-5da1-8fe6-52e9604da8c7', 'ddb16a7a-e9c0-4cce-ac65-ea78d074fce8', 'KANJI', '町');
INSERT INTO "vocabulary"."spelling" ("id", "vocabulary_id", "spelling_kind_code", "value") VALUES ('14efde69-6724-56a0-a852-7b25f599452c', 'ddb16a7a-e9c0-4cce-ac65-ea78d074fce8', 'HIRAGANA', 'まち');
INSERT INTO "vocabulary"."spelling" ("id", "vocabulary_id", "spelling_kind_code", "value") VALUES ('65158944-cc94-5914-a5b2-bd87aa190532', 'ddb16a7a-e9c0-4cce-ac65-ea78d074fce8', 'KANJI', '町');
INSERT INTO "vocabulary"."linkages" ("vocabulary_id", "preferred_definition_id", "preferred_spelling_id", "phonetic_spelling_id", "alt_phonetic_spelling_id", "kanji_spelling_id", "conjugation_set_id") VALUES ('ddb16a7a-e9c0-4cce-ac65-ea78d074fce8', 'bc186859-f286-5412-980a-19db3857a361', 'f6fab74d-c3a7-5da1-8fe6-52e9604da8c7', '14efde69-6724-56a0-a852-7b25f599452c', NULL, '65158944-cc94-5914-a5b2-bd87aa190532', NULL);
INSERT INTO "vocabulary"."reference" ("vocabulary_id", "lesson_code") VALUES ('ddb16a7a-e9c0-4cce-ac65-ea78d074fce8', 'GENKI3_L04');
-- レストラン | restaurant --;
INSERT INTO "vocabulary"."vocabulary" ("id", "word_class_code", "conjugation_kind_code", "jlpt_level", "row_num", "tags", "date_added") VALUES ('470f29e2-10f1-4d28-9d80-d40f15fc171a', 'NOUN', NULL, 5, 348, '{place}', '2022-08-10');
INSERT INTO "vocabulary"."definition" ("id", "vocabulary_id", "sort_rank", "value") VALUES ('4263d14c-b5ba-5e91-b732-292571cc3d27', '470f29e2-10f1-4d28-9d80-d40f15fc171a', 1, 'restaurant');
INSERT INTO "vocabulary"."spelling" ("id", "vocabulary_id", "spelling_kind_code", "value") VALUES ('44e4c959-958c-5fec-b296-0147d822a5cd', '470f29e2-10f1-4d28-9d80-d40f15fc171a', 'KATAKANA', 'レストラン');
INSERT INTO "vocabulary"."spelling" ("id", "vocabulary_id", "spelling_kind_code", "value") VALUES ('6405fe90-3ee3-5d03-afcf-af5439a773fa', '470f29e2-10f1-4d28-9d80-d40f15fc171a', 'HIRAGANA', 'れすとらん');
INSERT INTO "vocabulary"."linkages" ("vocabulary_id", "preferred_definition_id", "preferred_spelling_id", "phonetic_spelling_id", "alt_phonetic_spelling_id", "kanji_spelling_id", "conjugation_set_id") VALUES ('470f29e2-10f1-4d28-9d80-d40f15fc171a', '4263d14c-b5ba-5e91-b732-292571cc3d27', '44e4c959-958c-5fec-b296-0147d822a5cd', '6405fe90-3ee3-5d03-afcf-af5439a773fa', NULL, NULL, NULL);
INSERT INTO "vocabulary"."reference" ("vocabulary_id", "lesson_code") VALUES ('470f29e2-10f1-4d28-9d80-d40f15fc171a', 'GENKI3_L04');
-- 昨日 | yesterday --;
INSERT INTO "vocabulary"."vocabulary" ("id", "word_class_code", "conjugation_kind_code", "jlpt_level", "row_num", "tags", "date_added") VALUES ('d5575534-34bf-41fc-a7df-2ed647e61a05', 'NOUN', NULL, 5, 349, '{time}', '2022-08-10');
INSERT INTO "vocabulary"."definition" ("id", "vocabulary_id", "sort_rank", "value") VALUES ('76fe3e22-7b34-5117-8831-5b8b6c94e71b', 'd5575534-34bf-41fc-a7df-2ed647e61a05', 1, 'yesterday');
INSERT INTO "vocabulary"."spelling" ("id", "vocabulary_id", "spelling_kind_code", "value") VALUES ('2efe50a4-ef01-5d40-9250-1911ef3b2a53', 'd5575534-34bf-41fc-a7df-2ed647e61a05', 'KANJI', '昨日');
INSERT INTO "vocabulary"."spelling" ("id", "vocabulary_id", "spelling_kind_code", "value") VALUES ('e9e748a8-7d85-5292-9af7-e393632676f4', 'd5575534-34bf-41fc-a7df-2ed647e61a05', 'HIRAGANA', 'きのう');
INSERT INTO "vocabulary"."spelling" ("id", "vocabulary_id", "spelling_kind_code", "value") VALUES ('a433f7a6-2add-5d58-925b-a85e50fff17f', 'd5575534-34bf-41fc-a7df-2ed647e61a05', 'KANJI', '昨日');
INSERT INTO "vocabulary"."linkages" ("vocabulary_id", "preferred_definition_id", "preferred_spelling_id", "phonetic_spelling_id", "alt_phonetic_spelling_id", "kanji_spelling_id", "conjugation_set_id") VALUES ('d5575534-34bf-41fc-a7df-2ed647e61a05', '76fe3e22-7b34-5117-8831-5b8b6c94e71b', '2efe50a4-ef01-5d40-9250-1911ef3b2a53', 'e9e748a8-7d85-5292-9af7-e393632676f4', NULL, 'a433f7a6-2add-5d58-925b-a85e50fff17f', NULL);
INSERT INTO "vocabulary"."reference" ("vocabulary_id", "lesson_code") VALUES ('d5575534-34bf-41fc-a7df-2ed647e61a05', 'GENKI3_L04');
-- 〜時間 | ...hours; time --;
INSERT INTO "vocabulary"."vocabulary" ("id", "word_class_code", "conjugation_kind_code", "jlpt_level", "row_num", "tags", "date_added") VALUES ('819a835d-a6be-4c08-a364-8907b1226bbf', 'NOUN', NULL, 5, 350, '{time}', '2022-08-10');
INSERT INTO "vocabulary"."definition" ("id", "vocabulary_id", "sort_rank", "value") VALUES ('9dde9799-c196-55d2-bbde-319e9baeda34', '819a835d-a6be-4c08-a364-8907b1226bbf', 1, '...hours; time');
INSERT INTO "vocabulary"."spelling" ("id", "vocabulary_id", "spelling_kind_code", "value") VALUES ('bdcfb8de-1e77-552c-9119-1f726dd815a4', '819a835d-a6be-4c08-a364-8907b1226bbf', 'KANJI', '〜時間');
INSERT INTO "vocabulary"."spelling" ("id", "vocabulary_id", "spelling_kind_code", "value") VALUES ('8f7be391-f9a0-554d-86b5-b7fd6cb97ba1', '819a835d-a6be-4c08-a364-8907b1226bbf', 'HIRAGANA', 'じかん');
INSERT INTO "vocabulary"."spelling" ("id", "vocabulary_id", "spelling_kind_code", "value") VALUES ('9162f316-b854-5a36-b550-b9c4b1ece7fe', '819a835d-a6be-4c08-a364-8907b1226bbf', 'KANJI', '〜時間');
INSERT INTO "vocabulary"."linkages" ("vocabulary_id", "preferred_definition_id", "preferred_spelling_id", "phonetic_spelling_id", "alt_phonetic_spelling_id", "kanji_spelling_id", "conjugation_set_id") VALUES ('819a835d-a6be-4c08-a364-8907b1226bbf', '9dde9799-c196-55d2-bbde-319e9baeda34', 'bdcfb8de-1e77-552c-9119-1f726dd815a4', '8f7be391-f9a0-554d-86b5-b7fd6cb97ba1', NULL, '9162f316-b854-5a36-b550-b9c4b1ece7fe', NULL);
INSERT INTO "vocabulary"."reference" ("vocabulary_id", "lesson_code") VALUES ('819a835d-a6be-4c08-a364-8907b1226bbf', 'GENKI3_L04');
-- 先週 | last week --;
INSERT INTO "vocabulary"."vocabulary" ("id", "word_class_code", "conjugation_kind_code", "jlpt_level", "row_num", "tags", "date_added") VALUES ('30e8ffe0-74a6-411b-957d-5ee3277bd853', 'NOUN', NULL, 5, 351, '{time}', '2022-08-10');
INSERT INTO "vocabulary"."definition" ("id", "vocabulary_id", "sort_rank", "value") VALUES ('a85d7754-841c-50ff-9344-f9352aa38d44', '30e8ffe0-74a6-411b-957d-5ee3277bd853', 1, 'last week');
INSERT INTO "vocabulary"."spelling" ("id", "vocabulary_id", "spelling_kind_code", "value") VALUES ('d9218307-caf3-5ea6-9a2a-832fe0e7c160', '30e8ffe0-74a6-411b-957d-5ee3277bd853', 'KANJI', '先週');
INSERT INTO "vocabulary"."spelling" ("id", "vocabulary_id", "spelling_kind_code", "value") VALUES ('2f062086-efba-5437-a400-15864b35feef', '30e8ffe0-74a6-411b-957d-5ee3277bd853', 'HIRAGANA', 'せんしゅう');
INSERT INTO "vocabulary"."spelling" ("id", "vocabulary_id", "spelling_kind_code", "value") VALUES ('2f876113-bfbe-5ab5-9f5a-1a4dc6c387c5', '30e8ffe0-74a6-411b-957d-5ee3277bd853', 'KANJI', '先週');
INSERT INTO "vocabulary"."linkages" ("vocabulary_id", "preferred_definition_id", "preferred_spelling_id", "phonetic_spelling_id", "alt_phonetic_spelling_id", "kanji_spelling_id", "conjugation_set_id") VALUES ('30e8ffe0-74a6-411b-957d-5ee3277bd853', 'a85d7754-841c-50ff-9344-f9352aa38d44', 'd9218307-caf3-5ea6-9a2a-832fe0e7c160', '2f062086-efba-5437-a400-15864b35feef', NULL, '2f876113-bfbe-5ab5-9f5a-1a4dc6c387c5', NULL);
INSERT INTO "vocabulary"."reference" ("vocabulary_id", "lesson_code") VALUES ('30e8ffe0-74a6-411b-957d-5ee3277bd853', 'GENKI3_L04');
-- 時 | when...; at the time of... --;
INSERT INTO "vocabulary"."vocabulary" ("id", "word_class_code", "conjugation_kind_code", "jlpt_level", "row_num", "tags", "date_added") VALUES ('585f82ea-6a6a-4005-b3a6-ed57442a6ed9', 'NOUN', NULL, 3, 352, '{time}', '2022-08-10');
INSERT INTO "vocabulary"."definition" ("id", "vocabulary_id", "sort_rank", "value") VALUES ('3a48ad5e-0d21-5535-8a78-d87a71a1e842', '585f82ea-6a6a-4005-b3a6-ed57442a6ed9', 1, 'when...; at the time of...');
INSERT INTO "vocabulary"."spelling" ("id", "vocabulary_id", "spelling_kind_code", "value") VALUES ('07a930cd-e049-5340-8b2d-19065652c445', '585f82ea-6a6a-4005-b3a6-ed57442a6ed9', 'KANJI', '時');
INSERT INTO "vocabulary"."spelling" ("id", "vocabulary_id", "spelling_kind_code", "value") VALUES ('57f0c3f1-93c2-5d4b-a184-1e28a1617028', '585f82ea-6a6a-4005-b3a6-ed57442a6ed9', 'HIRAGANA', 'とき');
INSERT INTO "vocabulary"."spelling" ("id", "vocabulary_id", "spelling_kind_code", "value") VALUES ('339ac1b7-0acb-506c-a544-26b159a4256c', '585f82ea-6a6a-4005-b3a6-ed57442a6ed9', 'KANJI', '時');
INSERT INTO "vocabulary"."linkages" ("vocabulary_id", "preferred_definition_id", "preferred_spelling_id", "phonetic_spelling_id", "alt_phonetic_spelling_id", "kanji_spelling_id", "conjugation_set_id") VALUES ('585f82ea-6a6a-4005-b3a6-ed57442a6ed9', '3a48ad5e-0d21-5535-8a78-d87a71a1e842', '07a930cd-e049-5340-8b2d-19065652c445', '57f0c3f1-93c2-5d4b-a184-1e28a1617028', NULL, '339ac1b7-0acb-506c-a544-26b159a4256c', NULL);
INSERT INTO "vocabulary"."reference" ("vocabulary_id", "lesson_code") VALUES ('585f82ea-6a6a-4005-b3a6-ed57442a6ed9', 'GENKI3_L04');
-- 月曜日 | Monday --;
INSERT INTO "vocabulary"."vocabulary" ("id", "word_class_code", "conjugation_kind_code", "jlpt_level", "row_num", "tags", "date_added") VALUES ('7e9e71f3-ca82-40b2-9190-e8df09a60b70', 'NOUN', NULL, 5, 353, '{time}', '2022-08-10');
INSERT INTO "vocabulary"."definition" ("id", "vocabulary_id", "sort_rank", "value") VALUES ('8442498f-d581-51d8-86cc-7b3f368270f3', '7e9e71f3-ca82-40b2-9190-e8df09a60b70', 1, 'Monday');
INSERT INTO "vocabulary"."spelling" ("id", "vocabulary_id", "spelling_kind_code", "value") VALUES ('251a4972-017a-5107-884c-ac591f32798f', '7e9e71f3-ca82-40b2-9190-e8df09a60b70', 'KANJI', '月曜日');
INSERT INTO "vocabulary"."spelling" ("id", "vocabulary_id", "spelling_kind_code", "value") VALUES ('3380a23a-265d-5136-9628-27434962508f', '7e9e71f3-ca82-40b2-9190-e8df09a60b70', 'HIRAGANA', 'げつようび');
INSERT INTO "vocabulary"."spelling" ("id", "vocabulary_id", "spelling_kind_code", "value") VALUES ('a84f395b-be5f-5e97-bd58-408be76c230c', '7e9e71f3-ca82-40b2-9190-e8df09a60b70', 'KANJI', '月曜日');
INSERT INTO "vocabulary"."linkages" ("vocabulary_id", "preferred_definition_id", "preferred_spelling_id", "phonetic_spelling_id", "alt_phonetic_spelling_id", "kanji_spelling_id", "conjugation_set_id") VALUES ('7e9e71f3-ca82-40b2-9190-e8df09a60b70', '8442498f-d581-51d8-86cc-7b3f368270f3', '251a4972-017a-5107-884c-ac591f32798f', '3380a23a-265d-5136-9628-27434962508f', NULL, 'a84f395b-be5f-5e97-bd58-408be76c230c', NULL);
INSERT INTO "vocabulary"."reference" ("vocabulary_id", "lesson_code") VALUES ('7e9e71f3-ca82-40b2-9190-e8df09a60b70', 'GENKI3_L04');
-- 火曜日 | Tuesday --;
INSERT INTO "vocabulary"."vocabulary" ("id", "word_class_code", "conjugation_kind_code", "jlpt_level", "row_num", "tags", "date_added") VALUES ('a7f63c04-eeb1-4cc9-b9e7-93c5aef67195', 'NOUN', NULL, 5, 354, '{time}', '2022-08-10');
INSERT INTO "vocabulary"."definition" ("id", "vocabulary_id", "sort_rank", "value") VALUES ('d47c6e35-8525-563f-8868-59abadfa931b', 'a7f63c04-eeb1-4cc9-b9e7-93c5aef67195', 1, 'Tuesday');
INSERT INTO "vocabulary"."spelling" ("id", "vocabulary_id", "spelling_kind_code", "value") VALUES ('ae5de199-5928-5bd9-8bba-c94b35105b4f', 'a7f63c04-eeb1-4cc9-b9e7-93c5aef67195', 'KANJI', '火曜日');
INSERT INTO "vocabulary"."spelling" ("id", "vocabulary_id", "spelling_kind_code", "value") VALUES ('89b44808-5561-5a65-9dbe-c1e4ca88baea', 'a7f63c04-eeb1-4cc9-b9e7-93c5aef67195', 'HIRAGANA', 'かようび');
INSERT INTO "vocabulary"."spelling" ("id", "vocabulary_id", "spelling_kind_code", "value") VALUES ('15c634b4-e13c-5b0c-a3f0-cb5259d211b6', 'a7f63c04-eeb1-4cc9-b9e7-93c5aef67195', 'KANJI', '火曜日');
INSERT INTO "vocabulary"."linkages" ("vocabulary_id", "preferred_definition_id", "preferred_spelling_id", "phonetic_spelling_id", "alt_phonetic_spelling_id", "kanji_spelling_id", "conjugation_set_id") VALUES ('a7f63c04-eeb1-4cc9-b9e7-93c5aef67195', 'd47c6e35-8525-563f-8868-59abadfa931b', 'ae5de199-5928-5bd9-8bba-c94b35105b4f', '89b44808-5561-5a65-9dbe-c1e4ca88baea', NULL, '15c634b4-e13c-5b0c-a3f0-cb5259d211b6', NULL);
INSERT INTO "vocabulary"."reference" ("vocabulary_id", "lesson_code") VALUES ('a7f63c04-eeb1-4cc9-b9e7-93c5aef67195', 'GENKI3_L04');
-- 水曜日 | Wednesday --;
INSERT INTO "vocabulary"."vocabulary" ("id", "word_class_code", "conjugation_kind_code", "jlpt_level", "row_num", "tags", "date_added") VALUES ('b7290a17-b80a-4663-84b4-fb97c53ac10e', 'NOUN', NULL, 5, 355, '{time}', '2022-08-10');
INSERT INTO "vocabulary"."definition" ("id", "vocabulary_id", "sort_rank", "value") VALUES ('f8190b05-37c5-55a2-9e9d-d4f848877d84', 'b7290a17-b80a-4663-84b4-fb97c53ac10e', 1, 'Wednesday');
INSERT INTO "vocabulary"."spelling" ("id", "vocabulary_id", "spelling_kind_code", "value") VALUES ('12a0e753-081e-58d0-a126-2d08fe9a91f7', 'b7290a17-b80a-4663-84b4-fb97c53ac10e', 'KANJI', '水曜日');
INSERT INTO "vocabulary"."spelling" ("id", "vocabulary_id", "spelling_kind_code", "value") VALUES ('d428d9ed-5d37-5cc3-a776-730f0e18df0a', 'b7290a17-b80a-4663-84b4-fb97c53ac10e', 'HIRAGANA', 'すいようび');
INSERT INTO "vocabulary"."spelling" ("id", "vocabulary_id", "spelling_kind_code", "value") VALUES ('55480e26-c79a-5afd-9933-c42d3996e1e4', 'b7290a17-b80a-4663-84b4-fb97c53ac10e', 'KANJI', '水曜日');
INSERT INTO "vocabulary"."linkages" ("vocabulary_id", "preferred_definition_id", "preferred_spelling_id", "phonetic_spelling_id", "alt_phonetic_spelling_id", "kanji_spelling_id", "conjugation_set_id") VALUES ('b7290a17-b80a-4663-84b4-fb97c53ac10e', 'f8190b05-37c5-55a2-9e9d-d4f848877d84', '12a0e753-081e-58d0-a126-2d08fe9a91f7', 'd428d9ed-5d37-5cc3-a776-730f0e18df0a', NULL, '55480e26-c79a-5afd-9933-c42d3996e1e4', NULL);
INSERT INTO "vocabulary"."reference" ("vocabulary_id", "lesson_code") VALUES ('b7290a17-b80a-4663-84b4-fb97c53ac10e', 'GENKI3_L04');
-- 木曜日 | Thursday --;
INSERT INTO "vocabulary"."vocabulary" ("id", "word_class_code", "conjugation_kind_code", "jlpt_level", "row_num", "tags", "date_added") VALUES ('29385baf-a573-49a4-b4b5-0119dae49df3', 'NOUN', NULL, 5, 356, '{time}', '2022-08-10');
INSERT INTO "vocabulary"."definition" ("id", "vocabulary_id", "sort_rank", "value") VALUES ('71f7ccf4-c313-51ed-861f-1ccae7362f4f', '29385baf-a573-49a4-b4b5-0119dae49df3', 1, 'Thursday');
INSERT INTO "vocabulary"."spelling" ("id", "vocabulary_id", "spelling_kind_code", "value") VALUES ('8402a1ec-e12a-5099-a7a4-746926b745e5', '29385baf-a573-49a4-b4b5-0119dae49df3', 'KANJI', '木曜日');
INSERT INTO "vocabulary"."spelling" ("id", "vocabulary_id", "spelling_kind_code", "value") VALUES ('0c6535ca-869c-52d4-a47f-bdb08267efa2', '29385baf-a573-49a4-b4b5-0119dae49df3', 'HIRAGANA', 'もくようび');
INSERT INTO "vocabulary"."spelling" ("id", "vocabulary_id", "spelling_kind_code", "value") VALUES ('acb1d69b-3b83-5de5-af65-31a78c504e18', '29385baf-a573-49a4-b4b5-0119dae49df3', 'KANJI', '木曜日');
INSERT INTO "vocabulary"."linkages" ("vocabulary_id", "preferred_definition_id", "preferred_spelling_id", "phonetic_spelling_id", "alt_phonetic_spelling_id", "kanji_spelling_id", "conjugation_set_id") VALUES ('29385baf-a573-49a4-b4b5-0119dae49df3', '71f7ccf4-c313-51ed-861f-1ccae7362f4f', '8402a1ec-e12a-5099-a7a4-746926b745e5', '0c6535ca-869c-52d4-a47f-bdb08267efa2', NULL, 'acb1d69b-3b83-5de5-af65-31a78c504e18', NULL);
INSERT INTO "vocabulary"."reference" ("vocabulary_id", "lesson_code") VALUES ('29385baf-a573-49a4-b4b5-0119dae49df3', 'GENKI3_L04');
-- 金曜日 | Friday --;
INSERT INTO "vocabulary"."vocabulary" ("id", "word_class_code", "conjugation_kind_code", "jlpt_level", "row_num", "tags", "date_added") VALUES ('1ecc5944-6007-4a9f-8153-41e50842b67a', 'NOUN', NULL, 5, 357, '{time}', '2022-08-10');
INSERT INTO "vocabulary"."definition" ("id", "vocabulary_id", "sort_rank", "value") VALUES ('38f71cca-05a6-5346-b183-6260a01b80de', '1ecc5944-6007-4a9f-8153-41e50842b67a', 1, 'Friday');
INSERT INTO "vocabulary"."spelling" ("id", "vocabulary_id", "spelling_kind_code", "value") VALUES ('fe5e702a-d50c-5119-a291-abafd82d7606', '1ecc5944-6007-4a9f-8153-41e50842b67a', 'KANJI', '金曜日');
INSERT INTO "vocabulary"."spelling" ("id", "vocabulary_id", "spelling_kind_code", "value") VALUES ('845a09a7-3dc0-5c64-8604-b392712016e9', '1ecc5944-6007-4a9f-8153-41e50842b67a', 'HIRAGANA', 'きんようび');
INSERT INTO "vocabulary"."spelling" ("id", "vocabulary_id", "spelling_kind_code", "value") VALUES ('27aaa0f1-41b5-5c9b-9e7d-b22a73a1f7fb', '1ecc5944-6007-4a9f-8153-41e50842b67a', 'KANJI', '金曜日');
INSERT INTO "vocabulary"."linkages" ("vocabulary_id", "preferred_definition_id", "preferred_spelling_id", "phonetic_spelling_id", "alt_phonetic_spelling_id", "kanji_spelling_id", "conjugation_set_id") VALUES ('1ecc5944-6007-4a9f-8153-41e50842b67a', '38f71cca-05a6-5346-b183-6260a01b80de', 'fe5e702a-d50c-5119-a291-abafd82d7606', '845a09a7-3dc0-5c64-8604-b392712016e9', NULL, '27aaa0f1-41b5-5c9b-9e7d-b22a73a1f7fb', NULL);
INSERT INTO "vocabulary"."reference" ("vocabulary_id", "lesson_code") VALUES ('1ecc5944-6007-4a9f-8153-41e50842b67a', 'GENKI3_L04');
-- いる | there exists... (animate) --;
INSERT INTO "vocabulary"."vocabulary" ("id", "word_class_code", "conjugation_kind_code", "jlpt_level", "row_num", "tags", "date_added") VALUES ('8728a06a-1e5b-436b-939a-b1d96a7d9f79', 'VERB', 'ICHIDAN_VERB', 5, 358, '{to_be_verb}', '2022-08-10');
INSERT INTO "vocabulary"."definition" ("id", "vocabulary_id", "sort_rank", "value") VALUES ('bd1624e1-a798-5968-8fa9-546f4d2a1ed6', '8728a06a-1e5b-436b-939a-b1d96a7d9f79', 1, 'there exists... (animate)');
INSERT INTO "vocabulary"."spelling" ("id", "vocabulary_id", "spelling_kind_code", "value") VALUES ('4b923b0d-559e-5893-b210-d0450cd507bb', '8728a06a-1e5b-436b-939a-b1d96a7d9f79', 'HIRAGANA', 'いる');
INSERT INTO "vocabulary"."spelling" ("id", "vocabulary_id", "spelling_kind_code", "value") VALUES ('59421101-08fc-5ad6-a81b-b50375726d61', '8728a06a-1e5b-436b-939a-b1d96a7d9f79', 'HIRAGANA', 'いる');
INSERT INTO "vocabulary"."linkages" ("vocabulary_id", "preferred_definition_id", "preferred_spelling_id", "phonetic_spelling_id", "alt_phonetic_spelling_id", "kanji_spelling_id", "conjugation_set_id") VALUES ('8728a06a-1e5b-436b-939a-b1d96a7d9f79', 'bd1624e1-a798-5968-8fa9-546f4d2a1ed6', '4b923b0d-559e-5893-b210-d0450cd507bb', '59421101-08fc-5ad6-a81b-b50375726d61', NULL, NULL, NULL);
INSERT INTO "vocabulary"."reference" ("vocabulary_id", "lesson_code") VALUES ('8728a06a-1e5b-436b-939a-b1d96a7d9f79', 'GENKI3_L04');
-- ある | there is... (inanimate) --;
INSERT INTO "vocabulary"."vocabulary" ("id", "word_class_code", "conjugation_kind_code", "jlpt_level", "row_num", "tags", "date_added") VALUES ('a4025eed-7054-4b18-b8ce-c90bc7ed6b00', 'VERB', 'GODAN_VERB', 5, 359, '{to_be_verb}', '2022-08-10');
INSERT INTO "vocabulary"."definition" ("id", "vocabulary_id", "sort_rank", "value") VALUES ('dd9022b4-6b3e-56e6-8ad2-372e5ae30b65', 'a4025eed-7054-4b18-b8ce-c90bc7ed6b00', 1, 'there is... (inanimate)');
INSERT INTO "vocabulary"."spelling" ("id", "vocabulary_id", "spelling_kind_code", "value") VALUES ('0abb42c2-2007-59dc-9e10-bc4d558108f2', 'a4025eed-7054-4b18-b8ce-c90bc7ed6b00', 'HIRAGANA', 'ある');
INSERT INTO "vocabulary"."spelling" ("id", "vocabulary_id", "spelling_kind_code", "value") VALUES ('674d009f-ae3e-525a-9c8e-1571f94d4b92', 'a4025eed-7054-4b18-b8ce-c90bc7ed6b00', 'HIRAGANA', 'ある');
INSERT INTO "vocabulary"."linkages" ("vocabulary_id", "preferred_definition_id", "preferred_spelling_id", "phonetic_spelling_id", "alt_phonetic_spelling_id", "kanji_spelling_id", "conjugation_set_id") VALUES ('a4025eed-7054-4b18-b8ce-c90bc7ed6b00', 'dd9022b4-6b3e-56e6-8ad2-372e5ae30b65', '0abb42c2-2007-59dc-9e10-bc4d558108f2', '674d009f-ae3e-525a-9c8e-1571f94d4b92', NULL, NULL, NULL);
INSERT INTO "vocabulary"."reference" ("vocabulary_id", "lesson_code") VALUES ('a4025eed-7054-4b18-b8ce-c90bc7ed6b00', 'GENKI3_L04');
-- 会う | to meet; to see a person --;
INSERT INTO "vocabulary"."vocabulary" ("id", "word_class_code", "conjugation_kind_code", "jlpt_level", "row_num", "tags", "date_added") VALUES ('a7c68ed2-5f08-4411-9030-42347f7d571f', 'VERB', 'GODAN_VERB', 5, 360, '{}', '2022-08-10');
INSERT INTO "vocabulary"."definition" ("id", "vocabulary_id", "sort_rank", "value") VALUES ('79056379-f239-5c4a-84c2-cddca11c68ff', 'a7c68ed2-5f08-4411-9030-42347f7d571f', 1, 'to meet; to see a person');
INSERT INTO "vocabulary"."spelling" ("id", "vocabulary_id", "spelling_kind_code", "value") VALUES ('75d2e1d0-26c2-50b0-9191-6e26b590aa41', 'a7c68ed2-5f08-4411-9030-42347f7d571f', 'KANJI', '会う');
INSERT INTO "vocabulary"."spelling" ("id", "vocabulary_id", "spelling_kind_code", "value") VALUES ('c842bfb6-229b-537e-9017-3885ebcc4f71', 'a7c68ed2-5f08-4411-9030-42347f7d571f', 'HIRAGANA', 'あう');
INSERT INTO "vocabulary"."spelling" ("id", "vocabulary_id", "spelling_kind_code", "value") VALUES ('8a0d6824-bebb-5e00-98ed-0fe67c5d73eb', 'a7c68ed2-5f08-4411-9030-42347f7d571f', 'KANJI', '会う');
INSERT INTO "vocabulary"."linkages" ("vocabulary_id", "preferred_definition_id", "preferred_spelling_id", "phonetic_spelling_id", "alt_phonetic_spelling_id", "kanji_spelling_id", "conjugation_set_id") VALUES ('a7c68ed2-5f08-4411-9030-42347f7d571f', '79056379-f239-5c4a-84c2-cddca11c68ff', '75d2e1d0-26c2-50b0-9191-6e26b590aa41', 'c842bfb6-229b-537e-9017-3885ebcc4f71', NULL, '8a0d6824-bebb-5e00-98ed-0fe67c5d73eb', NULL);
INSERT INTO "vocabulary"."reference" ("vocabulary_id", "lesson_code") VALUES ('a7c68ed2-5f08-4411-9030-42347f7d571f', 'GENKI3_L04');
-- 買う | to buy; to purchase --;
INSERT INTO "vocabulary"."vocabulary" ("id", "word_class_code", "conjugation_kind_code", "jlpt_level", "row_num", "tags", "date_added") VALUES ('1e617d48-2df2-4c74-b732-89783d176db9', 'VERB', 'GODAN_VERB', 5, 361, '{}', '2022-08-10');
INSERT INTO "vocabulary"."definition" ("id", "vocabulary_id", "sort_rank", "value") VALUES ('0e37c767-4e38-50ad-a125-d9cccf44069a', '1e617d48-2df2-4c74-b732-89783d176db9', 1, 'to buy; to purchase');
INSERT INTO "vocabulary"."spelling" ("id", "vocabulary_id", "spelling_kind_code", "value") VALUES ('44601afb-64e2-5246-8268-e208deba5a7c', '1e617d48-2df2-4c74-b732-89783d176db9', 'KANJI', '買う');
INSERT INTO "vocabulary"."spelling" ("id", "vocabulary_id", "spelling_kind_code", "value") VALUES ('fcb8be40-cf5e-524d-944d-4ca554923dfc', '1e617d48-2df2-4c74-b732-89783d176db9', 'HIRAGANA', 'かう');
INSERT INTO "vocabulary"."spelling" ("id", "vocabulary_id", "spelling_kind_code", "value") VALUES ('e9b5b7f9-52ea-5c2a-9e43-b739dcb820e4', '1e617d48-2df2-4c74-b732-89783d176db9', 'KANJI', '買う');
INSERT INTO "vocabulary"."linkages" ("vocabulary_id", "preferred_definition_id", "preferred_spelling_id", "phonetic_spelling_id", "alt_phonetic_spelling_id", "kanji_spelling_id", "conjugation_set_id") VALUES ('1e617d48-2df2-4c74-b732-89783d176db9', '0e37c767-4e38-50ad-a125-d9cccf44069a', '44601afb-64e2-5246-8268-e208deba5a7c', 'fcb8be40-cf5e-524d-944d-4ca554923dfc', NULL, 'e9b5b7f9-52ea-5c2a-9e43-b739dcb820e4', NULL);
INSERT INTO "vocabulary"."reference" ("vocabulary_id", "lesson_code") VALUES ('1e617d48-2df2-4c74-b732-89783d176db9', 'GENKI3_L04');
-- 書く | to write --;
INSERT INTO "vocabulary"."vocabulary" ("id", "word_class_code", "conjugation_kind_code", "jlpt_level", "row_num", "tags", "date_added") VALUES ('1629794a-84d2-44f3-b05b-89bcb817152a', 'VERB', 'GODAN_VERB', 5, 362, '{}', '2022-08-10');
INSERT INTO "vocabulary"."definition" ("id", "vocabulary_id", "sort_rank", "value") VALUES ('5fec4162-ead4-5ec9-97f8-24eb50db4960', '1629794a-84d2-44f3-b05b-89bcb817152a', 1, 'to write');
INSERT INTO "vocabulary"."spelling" ("id", "vocabulary_id", "spelling_kind_code", "value") VALUES ('53c6b2e7-d091-54a2-820b-184e0b7a5675', '1629794a-84d2-44f3-b05b-89bcb817152a', 'KANJI', '書く');
INSERT INTO "vocabulary"."spelling" ("id", "vocabulary_id", "spelling_kind_code", "value") VALUES ('3f0a74e4-e2d6-576a-a343-e31bda169a39', '1629794a-84d2-44f3-b05b-89bcb817152a', 'HIRAGANA', 'かく');
INSERT INTO "vocabulary"."spelling" ("id", "vocabulary_id", "spelling_kind_code", "value") VALUES ('97bb65f2-fa39-5d46-ad2a-1f55fc21b632', '1629794a-84d2-44f3-b05b-89bcb817152a', 'KANJI', '書く');
INSERT INTO "vocabulary"."linkages" ("vocabulary_id", "preferred_definition_id", "preferred_spelling_id", "phonetic_spelling_id", "alt_phonetic_spelling_id", "kanji_spelling_id", "conjugation_set_id") VALUES ('1629794a-84d2-44f3-b05b-89bcb817152a', '5fec4162-ead4-5ec9-97f8-24eb50db4960', '53c6b2e7-d091-54a2-820b-184e0b7a5675', '3f0a74e4-e2d6-576a-a343-e31bda169a39', NULL, '97bb65f2-fa39-5d46-ad2a-1f55fc21b632', NULL);
INSERT INTO "vocabulary"."reference" ("vocabulary_id", "lesson_code") VALUES ('1629794a-84d2-44f3-b05b-89bcb817152a', 'GENKI3_L04');
-- 撮る | to take (a photograph) --;
INSERT INTO "vocabulary"."vocabulary" ("id", "word_class_code", "conjugation_kind_code", "jlpt_level", "row_num", "tags", "date_added") VALUES ('ab8ef931-7703-4d80-9272-bbc453f19b69', 'VERB', 'GODAN_VERB', 5, 363, '{}', '2022-08-10');
INSERT INTO "vocabulary"."definition" ("id", "vocabulary_id", "sort_rank", "value") VALUES ('4508b8f4-457c-520d-b373-bbabe8564bda', 'ab8ef931-7703-4d80-9272-bbc453f19b69', 1, 'to take (a photograph)');
INSERT INTO "vocabulary"."spelling" ("id", "vocabulary_id", "spelling_kind_code", "value") VALUES ('8678f4f0-384c-5a55-a288-c0a160edb6bf', 'ab8ef931-7703-4d80-9272-bbc453f19b69', 'KANJI', '撮る');
INSERT INTO "vocabulary"."spelling" ("id", "vocabulary_id", "spelling_kind_code", "value") VALUES ('5482140b-146b-55a1-85c0-04f30bb832c3', 'ab8ef931-7703-4d80-9272-bbc453f19b69', 'HIRAGANA', 'とる');
INSERT INTO "vocabulary"."spelling" ("id", "vocabulary_id", "spelling_kind_code", "value") VALUES ('1c2019a5-220c-588e-837a-55988399f02d', 'ab8ef931-7703-4d80-9272-bbc453f19b69', 'KANJI', '撮る');
INSERT INTO "vocabulary"."linkages" ("vocabulary_id", "preferred_definition_id", "preferred_spelling_id", "phonetic_spelling_id", "alt_phonetic_spelling_id", "kanji_spelling_id", "conjugation_set_id") VALUES ('ab8ef931-7703-4d80-9272-bbc453f19b69', '4508b8f4-457c-520d-b373-bbabe8564bda', '8678f4f0-384c-5a55-a288-c0a160edb6bf', '5482140b-146b-55a1-85c0-04f30bb832c3', NULL, '1c2019a5-220c-588e-837a-55988399f02d', NULL);
INSERT INTO "vocabulary"."reference" ("vocabulary_id", "lesson_code") VALUES ('ab8ef931-7703-4d80-9272-bbc453f19b69', 'GENKI3_L04');
-- 待つ | to wait --;
INSERT INTO "vocabulary"."vocabulary" ("id", "word_class_code", "conjugation_kind_code", "jlpt_level", "row_num", "tags", "date_added") VALUES ('7e09edbb-c75f-4ee4-8006-89ac3deea1d0', 'VERB', 'GODAN_VERB', 5, 364, '{}', '2022-08-10');
INSERT INTO "vocabulary"."definition" ("id", "vocabulary_id", "sort_rank", "value") VALUES ('fcfde41a-26c5-5182-9eb7-566eb6d43bb8', '7e09edbb-c75f-4ee4-8006-89ac3deea1d0', 1, 'to wait');
INSERT INTO "vocabulary"."spelling" ("id", "vocabulary_id", "spelling_kind_code", "value") VALUES ('5ed63ad7-cf7b-56c3-92e6-2dd509b8568d', '7e09edbb-c75f-4ee4-8006-89ac3deea1d0', 'KANJI', '待つ');
INSERT INTO "vocabulary"."spelling" ("id", "vocabulary_id", "spelling_kind_code", "value") VALUES ('fdf12a9d-3355-5ddf-9fce-d05a9a24cba7', '7e09edbb-c75f-4ee4-8006-89ac3deea1d0', 'HIRAGANA', 'まつ');
INSERT INTO "vocabulary"."spelling" ("id", "vocabulary_id", "spelling_kind_code", "value") VALUES ('106ab1a7-521c-513c-9b68-175663851587', '7e09edbb-c75f-4ee4-8006-89ac3deea1d0', 'KANJI', '待つ');
INSERT INTO "vocabulary"."linkages" ("vocabulary_id", "preferred_definition_id", "preferred_spelling_id", "phonetic_spelling_id", "alt_phonetic_spelling_id", "kanji_spelling_id", "conjugation_set_id") VALUES ('7e09edbb-c75f-4ee4-8006-89ac3deea1d0', 'fcfde41a-26c5-5182-9eb7-566eb6d43bb8', '5ed63ad7-cf7b-56c3-92e6-2dd509b8568d', 'fdf12a9d-3355-5ddf-9fce-d05a9a24cba7', NULL, '106ab1a7-521c-513c-9b68-175663851587', NULL);
INSERT INTO "vocabulary"."reference" ("vocabulary_id", "lesson_code") VALUES ('7e09edbb-c75f-4ee4-8006-89ac3deea1d0', 'GENKI3_L04');
-- わかる | to understand; to comprehend --;
INSERT INTO "vocabulary"."vocabulary" ("id", "word_class_code", "conjugation_kind_code", "jlpt_level", "row_num", "tags", "date_added") VALUES ('749a9435-10dc-4b02-b1dc-778f08e86258', 'VERB', 'GODAN_VERB', 5, 365, '{}', '2022-08-10');
INSERT INTO "vocabulary"."definition" ("id", "vocabulary_id", "sort_rank", "value") VALUES ('da1447cc-6d38-5da4-8733-cda8b5996715', '749a9435-10dc-4b02-b1dc-778f08e86258', 1, 'to understand; to comprehend');
INSERT INTO "vocabulary"."spelling" ("id", "vocabulary_id", "spelling_kind_code", "value") VALUES ('a6a8c581-4bdf-5c60-88f9-1128bb7e403d', '749a9435-10dc-4b02-b1dc-778f08e86258', 'HIRAGANA', 'わかる');
INSERT INTO "vocabulary"."spelling" ("id", "vocabulary_id", "spelling_kind_code", "value") VALUES ('0ca51ac1-cfb8-5a31-9354-b9039c8cfc20', '749a9435-10dc-4b02-b1dc-778f08e86258', 'HIRAGANA', 'わかる');
INSERT INTO "vocabulary"."spelling" ("id", "vocabulary_id", "spelling_kind_code", "value") VALUES ('efa69ffd-8871-5bc8-baed-f08bdf552d2f', '749a9435-10dc-4b02-b1dc-778f08e86258', 'KANJI', '分かる');
INSERT INTO "vocabulary"."linkages" ("vocabulary_id", "preferred_definition_id", "preferred_spelling_id", "phonetic_spelling_id", "alt_phonetic_spelling_id", "kanji_spelling_id", "conjugation_set_id") VALUES ('749a9435-10dc-4b02-b1dc-778f08e86258', 'da1447cc-6d38-5da4-8733-cda8b5996715', 'a6a8c581-4bdf-5c60-88f9-1128bb7e403d', '0ca51ac1-cfb8-5a31-9354-b9039c8cfc20', NULL, 'efa69ffd-8871-5bc8-baed-f08bdf552d2f', NULL);
INSERT INTO "vocabulary"."reference" ("vocabulary_id", "lesson_code") VALUES ('749a9435-10dc-4b02-b1dc-778f08e86258', 'GENKI3_L04');
-- 知る | to know; to be aware of --;
INSERT INTO "vocabulary"."vocabulary" ("id", "word_class_code", "conjugation_kind_code", "jlpt_level", "row_num", "tags", "date_added") VALUES ('b32131c2-4721-5e1c-ba58-e06896a83cf1', 'VERB', 'GODAN_VERB', 5, 366, '{}', '2022-09-08');
INSERT INTO "vocabulary"."definition" ("id", "vocabulary_id", "sort_rank", "value") VALUES ('8ac1d5c7-08ac-55b0-a9af-6a15747ea0fe', 'b32131c2-4721-5e1c-ba58-e06896a83cf1', 1, 'to know; to be aware of');
INSERT INTO "vocabulary"."spelling" ("id", "vocabulary_id", "spelling_kind_code", "value") VALUES ('9e1c6f11-c61a-50ca-8303-5d87f99ca5fe', 'b32131c2-4721-5e1c-ba58-e06896a83cf1', 'KANJI', '知る');
INSERT INTO "vocabulary"."spelling" ("id", "vocabulary_id", "spelling_kind_code", "value") VALUES ('b4c5b9ca-9c66-5d74-86d1-d2e2c258975d', 'b32131c2-4721-5e1c-ba58-e06896a83cf1', 'HIRAGANA', 'しる');
INSERT INTO "vocabulary"."spelling" ("id", "vocabulary_id", "spelling_kind_code", "value") VALUES ('1cb53134-c005-575b-aa6d-be0dbaa10cda', 'b32131c2-4721-5e1c-ba58-e06896a83cf1', 'KANJI', '知る');
INSERT INTO "vocabulary"."linkages" ("vocabulary_id", "preferred_definition_id", "preferred_spelling_id", "phonetic_spelling_id", "alt_phonetic_spelling_id", "kanji_spelling_id", "conjugation_set_id") VALUES ('b32131c2-4721-5e1c-ba58-e06896a83cf1', '8ac1d5c7-08ac-55b0-a9af-6a15747ea0fe', '9e1c6f11-c61a-50ca-8303-5d87f99ca5fe', 'b4c5b9ca-9c66-5d74-86d1-d2e2c258975d', NULL, '1cb53134-c005-575b-aa6d-be0dbaa10cda', NULL);
INSERT INTO "vocabulary"."reference" ("vocabulary_id", "lesson_code") VALUES ('b32131c2-4721-5e1c-ba58-e06896a83cf1', 'GENKI3_L07');
-- 〜ぐらい | about (approximate measurment) --;
INSERT INTO "vocabulary"."vocabulary" ("id", "word_class_code", "conjugation_kind_code", "jlpt_level", "row_num", "tags", "date_added") VALUES ('9fe24c28-0eae-4a2c-ad49-16f76680afec', 'SUFFIX', NULL, 1, 367, '{}', '2022-08-10');
INSERT INTO "vocabulary"."definition" ("id", "vocabulary_id", "sort_rank", "value") VALUES ('04f8c461-5657-5ab8-b176-24ab662d8e74', '9fe24c28-0eae-4a2c-ad49-16f76680afec', 1, 'about (approximate measurment)');
INSERT INTO "vocabulary"."spelling" ("id", "vocabulary_id", "spelling_kind_code", "value") VALUES ('f4490867-d1e5-54fd-adf8-8e61d2e4385c', '9fe24c28-0eae-4a2c-ad49-16f76680afec', 'HIRAGANA', '〜ぐらい');
INSERT INTO "vocabulary"."spelling" ("id", "vocabulary_id", "spelling_kind_code", "value") VALUES ('b97996e7-9c5f-59ae-b30e-326bbd252354', '9fe24c28-0eae-4a2c-ad49-16f76680afec', 'HIRAGANA', 'ぐらい');
INSERT INTO "vocabulary"."linkages" ("vocabulary_id", "preferred_definition_id", "preferred_spelling_id", "phonetic_spelling_id", "alt_phonetic_spelling_id", "kanji_spelling_id", "conjugation_set_id") VALUES ('9fe24c28-0eae-4a2c-ad49-16f76680afec', '04f8c461-5657-5ab8-b176-24ab662d8e74', 'f4490867-d1e5-54fd-adf8-8e61d2e4385c', 'b97996e7-9c5f-59ae-b30e-326bbd252354', NULL, NULL, NULL);
INSERT INTO "vocabulary"."reference" ("vocabulary_id", "lesson_code") VALUES ('9fe24c28-0eae-4a2c-ad49-16f76680afec', 'GENKI3_L04');
-- すみません | excuse me --;
INSERT INTO "vocabulary"."vocabulary" ("id", "word_class_code", "conjugation_kind_code", "jlpt_level", "row_num", "tags", "date_added") VALUES ('9ec6f020-0166-4d80-a938-070eeb78cc05', 'EXPRESSION', NULL, 3, 368, '{}', '2022-08-10');
INSERT INTO "vocabulary"."definition" ("id", "vocabulary_id", "sort_rank", "value") VALUES ('00994952-f13f-5518-90ce-5bbde033f466', '9ec6f020-0166-4d80-a938-070eeb78cc05', 1, 'excuse me');
INSERT INTO "vocabulary"."spelling" ("id", "vocabulary_id", "spelling_kind_code", "value") VALUES ('fed7c25c-b9c8-569f-b856-4ab1613dd4a3', '9ec6f020-0166-4d80-a938-070eeb78cc05', 'HIRAGANA', 'すみません');
INSERT INTO "vocabulary"."spelling" ("id", "vocabulary_id", "spelling_kind_code", "value") VALUES ('6560c5da-ea01-5700-95a8-5cae6995334b', '9ec6f020-0166-4d80-a938-070eeb78cc05', 'HIRAGANA', 'すみません');
INSERT INTO "vocabulary"."linkages" ("vocabulary_id", "preferred_definition_id", "preferred_spelling_id", "phonetic_spelling_id", "alt_phonetic_spelling_id", "kanji_spelling_id", "conjugation_set_id") VALUES ('9ec6f020-0166-4d80-a938-070eeb78cc05', '00994952-f13f-5518-90ce-5bbde033f466', 'fed7c25c-b9c8-569f-b856-4ab1613dd4a3', '6560c5da-ea01-5700-95a8-5cae6995334b', NULL, NULL, NULL);
-- ごめん | sorry --;
INSERT INTO "vocabulary"."vocabulary" ("id", "word_class_code", "conjugation_kind_code", "jlpt_level", "row_num", "tags", "date_added") VALUES ('7d011295-e767-462a-85a9-8f5fab4883b8', 'INTERJECTION', NULL, 2, 369, '{}', '2022-08-10');
INSERT INTO "vocabulary"."definition" ("id", "vocabulary_id", "sort_rank", "value") VALUES ('98b5c80b-27f2-54be-852a-565b793d5cb2', '7d011295-e767-462a-85a9-8f5fab4883b8', 1, 'sorry');
INSERT INTO "vocabulary"."spelling" ("id", "vocabulary_id", "spelling_kind_code", "value") VALUES ('2443466a-2fee-58ba-a76c-c4b2463b9b00', '7d011295-e767-462a-85a9-8f5fab4883b8', 'HIRAGANA', 'ごめん');
INSERT INTO "vocabulary"."spelling" ("id", "vocabulary_id", "spelling_kind_code", "value") VALUES ('40d444ea-1e0e-5013-be1a-94747c70faed', '7d011295-e767-462a-85a9-8f5fab4883b8', 'HIRAGANA', 'ごめん');
INSERT INTO "vocabulary"."linkages" ("vocabulary_id", "preferred_definition_id", "preferred_spelling_id", "phonetic_spelling_id", "alt_phonetic_spelling_id", "kanji_spelling_id", "conjugation_set_id") VALUES ('7d011295-e767-462a-85a9-8f5fab4883b8', '98b5c80b-27f2-54be-852a-565b793d5cb2', '2443466a-2fee-58ba-a76c-c4b2463b9b00', '40d444ea-1e0e-5013-be1a-94747c70faed', NULL, NULL, NULL);
-- ごめんなさい | I'm deeply sorry sorry --;
INSERT INTO "vocabulary"."vocabulary" ("id", "word_class_code", "conjugation_kind_code", "jlpt_level", "row_num", "tags", "date_added") VALUES ('46ba5ddd-9d1f-4bc0-982e-a67e7bb4b307', 'EXPRESSION', NULL, 3, 370, '{}', '2022-08-10');
INSERT INTO "vocabulary"."definition" ("id", "vocabulary_id", "sort_rank", "value") VALUES ('6a0883f2-6777-5e13-b69c-0c6a66b058b8', '46ba5ddd-9d1f-4bc0-982e-a67e7bb4b307', 1, 'I''m deeply sorry sorry');
INSERT INTO "vocabulary"."spelling" ("id", "vocabulary_id", "spelling_kind_code", "value") VALUES ('b7e0651f-b4b8-5296-96d9-c4033019857b', '46ba5ddd-9d1f-4bc0-982e-a67e7bb4b307', 'HIRAGANA', 'ごめんなさい');
INSERT INTO "vocabulary"."spelling" ("id", "vocabulary_id", "spelling_kind_code", "value") VALUES ('7da61f2e-117a-5a67-94ed-f891222f9392', '46ba5ddd-9d1f-4bc0-982e-a67e7bb4b307', 'HIRAGANA', 'ごめんなさい');
INSERT INTO "vocabulary"."linkages" ("vocabulary_id", "preferred_definition_id", "preferred_spelling_id", "phonetic_spelling_id", "alt_phonetic_spelling_id", "kanji_spelling_id", "conjugation_set_id") VALUES ('46ba5ddd-9d1f-4bc0-982e-a67e7bb4b307', '6a0883f2-6777-5e13-b69c-0c6a66b058b8', 'b7e0651f-b4b8-5296-96d9-c4033019857b', '7da61f2e-117a-5a67-94ed-f891222f9392', NULL, NULL, NULL);
INSERT INTO "vocabulary"."reference" ("vocabulary_id", "lesson_code") VALUES ('46ba5ddd-9d1f-4bc0-982e-a67e7bb4b307', 'GENKI3_L04');
-- それから | and then --;
INSERT INTO "vocabulary"."vocabulary" ("id", "word_class_code", "conjugation_kind_code", "jlpt_level", "row_num", "tags", "date_added") VALUES ('7ded3290-23fd-4091-83c5-560563afeed3', 'EXPRESSION', NULL, 5, 371, '{}', '2022-08-10');
INSERT INTO "vocabulary"."definition" ("id", "vocabulary_id", "sort_rank", "value") VALUES ('6dd954ee-317c-5a97-8c5e-e15505393b5f', '7ded3290-23fd-4091-83c5-560563afeed3', 1, 'and then');
INSERT INTO "vocabulary"."spelling" ("id", "vocabulary_id", "spelling_kind_code", "value") VALUES ('fdd72f13-56eb-5632-aa64-edf1b252ce21', '7ded3290-23fd-4091-83c5-560563afeed3', 'HIRAGANA', 'それから');
INSERT INTO "vocabulary"."spelling" ("id", "vocabulary_id", "spelling_kind_code", "value") VALUES ('72975857-f6f4-50b9-ac60-df2608c75710', '7ded3290-23fd-4091-83c5-560563afeed3', 'HIRAGANA', 'それから');
INSERT INTO "vocabulary"."linkages" ("vocabulary_id", "preferred_definition_id", "preferred_spelling_id", "phonetic_spelling_id", "alt_phonetic_spelling_id", "kanji_spelling_id", "conjugation_set_id") VALUES ('7ded3290-23fd-4091-83c5-560563afeed3', '6dd954ee-317c-5a97-8c5e-e15505393b5f', 'fdd72f13-56eb-5632-aa64-edf1b252ce21', '72975857-f6f4-50b9-ac60-df2608c75710', NULL, NULL, NULL);
INSERT INTO "vocabulary"."reference" ("vocabulary_id", "lesson_code") VALUES ('7ded3290-23fd-4091-83c5-560563afeed3', 'GENKI3_L04');
-- だから | so; therefore --;
INSERT INTO "vocabulary"."vocabulary" ("id", "word_class_code", "conjugation_kind_code", "jlpt_level", "row_num", "tags", "date_added") VALUES ('3fd6bcdf-d9e5-4cc9-8aab-46e121e4c86a', 'CONJUNCTION', NULL, 4, 372, '{}', '2022-08-10');
INSERT INTO "vocabulary"."definition" ("id", "vocabulary_id", "sort_rank", "value") VALUES ('128b33a3-5666-52db-8e12-b3926b4bea63', '3fd6bcdf-d9e5-4cc9-8aab-46e121e4c86a', 1, 'so; therefore');
INSERT INTO "vocabulary"."spelling" ("id", "vocabulary_id", "spelling_kind_code", "value") VALUES ('e1d820bd-bedb-5613-9e82-d4ac623a6134', '3fd6bcdf-d9e5-4cc9-8aab-46e121e4c86a', 'HIRAGANA', 'だから');
INSERT INTO "vocabulary"."spelling" ("id", "vocabulary_id", "spelling_kind_code", "value") VALUES ('eaf9c7c6-b91c-5bc5-8bfd-13524029db10', '3fd6bcdf-d9e5-4cc9-8aab-46e121e4c86a', 'HIRAGANA', 'だから');
INSERT INTO "vocabulary"."linkages" ("vocabulary_id", "preferred_definition_id", "preferred_spelling_id", "phonetic_spelling_id", "alt_phonetic_spelling_id", "kanji_spelling_id", "conjugation_set_id") VALUES ('3fd6bcdf-d9e5-4cc9-8aab-46e121e4c86a', '128b33a3-5666-52db-8e12-b3926b4bea63', 'e1d820bd-bedb-5613-9e82-d4ac623a6134', 'eaf9c7c6-b91c-5bc5-8bfd-13524029db10', NULL, NULL, NULL);
INSERT INTO "vocabulary"."reference" ("vocabulary_id", "lesson_code") VALUES ('3fd6bcdf-d9e5-4cc9-8aab-46e121e4c86a', 'GENKI3_L04');
-- たくさん | many; a lot --;
INSERT INTO "vocabulary"."vocabulary" ("id", "word_class_code", "conjugation_kind_code", "jlpt_level", "row_num", "tags", "date_added") VALUES ('10eece8b-4102-41c5-9532-e62246da60e2', 'NOUN', NULL, 5, 373, '{}', '2022-08-10');
INSERT INTO "vocabulary"."definition" ("id", "vocabulary_id", "sort_rank", "value") VALUES ('b82ccebd-e8aa-5fb8-95ad-12b623176d58', '10eece8b-4102-41c5-9532-e62246da60e2', 1, 'many; a lot');
INSERT INTO "vocabulary"."spelling" ("id", "vocabulary_id", "spelling_kind_code", "value") VALUES ('c8646a94-e8ba-5611-b2ed-87218bc73f76', '10eece8b-4102-41c5-9532-e62246da60e2', 'HIRAGANA', 'たくさん');
INSERT INTO "vocabulary"."spelling" ("id", "vocabulary_id", "spelling_kind_code", "value") VALUES ('3943e65c-0a1c-56cf-85e0-ef091c4fe318', '10eece8b-4102-41c5-9532-e62246da60e2', 'HIRAGANA', 'たくさん');
INSERT INTO "vocabulary"."spelling" ("id", "vocabulary_id", "spelling_kind_code", "value") VALUES ('5311e825-cdb7-5beb-a882-402373a57ca5', '10eece8b-4102-41c5-9532-e62246da60e2', 'KANJI', '沢山');
INSERT INTO "vocabulary"."linkages" ("vocabulary_id", "preferred_definition_id", "preferred_spelling_id", "phonetic_spelling_id", "alt_phonetic_spelling_id", "kanji_spelling_id", "conjugation_set_id") VALUES ('10eece8b-4102-41c5-9532-e62246da60e2', 'b82ccebd-e8aa-5fb8-95ad-12b623176d58', 'c8646a94-e8ba-5611-b2ed-87218bc73f76', '3943e65c-0a1c-56cf-85e0-ef091c4fe318', NULL, '5311e825-cdb7-5beb-a882-402373a57ca5', NULL);
INSERT INTO "vocabulary"."reference" ("vocabulary_id", "lesson_code") VALUES ('10eece8b-4102-41c5-9532-e62246da60e2', 'GENKI3_L04');
-- 〜と | together with (a person); and --;
INSERT INTO "vocabulary"."vocabulary" ("id", "word_class_code", "conjugation_kind_code", "jlpt_level", "row_num", "tags", "date_added") VALUES ('d097a029-96a6-4cfe-936e-9f815b368de3', 'CONJUNCTION', NULL, 3, 374, '{}', '2022-08-10');
INSERT INTO "vocabulary"."definition" ("id", "vocabulary_id", "sort_rank", "value") VALUES ('073fac25-c5a5-52cd-9faa-67dbcfdd3be9', 'd097a029-96a6-4cfe-936e-9f815b368de3', 1, 'together with (a person); and');
INSERT INTO "vocabulary"."spelling" ("id", "vocabulary_id", "spelling_kind_code", "value") VALUES ('34132ea7-3b14-5080-aaeb-98b40115d877', 'd097a029-96a6-4cfe-936e-9f815b368de3', 'HIRAGANA', '〜と');
INSERT INTO "vocabulary"."spelling" ("id", "vocabulary_id", "spelling_kind_code", "value") VALUES ('aa2a705c-69b5-5954-83f5-7ff4f8e71cf4', 'd097a029-96a6-4cfe-936e-9f815b368de3', 'HIRAGANA', 'と');
INSERT INTO "vocabulary"."linkages" ("vocabulary_id", "preferred_definition_id", "preferred_spelling_id", "phonetic_spelling_id", "alt_phonetic_spelling_id", "kanji_spelling_id", "conjugation_set_id") VALUES ('d097a029-96a6-4cfe-936e-9f815b368de3', '073fac25-c5a5-52cd-9faa-67dbcfdd3be9', '34132ea7-3b14-5080-aaeb-98b40115d877', 'aa2a705c-69b5-5954-83f5-7ff4f8e71cf4', NULL, NULL, NULL);
INSERT INTO "vocabulary"."reference" ("vocabulary_id", "lesson_code") VALUES ('d097a029-96a6-4cfe-936e-9f815b368de3', 'GENKI3_L04');
-- どうして | why; how --;
INSERT INTO "vocabulary"."vocabulary" ("id", "word_class_code", "conjugation_kind_code", "jlpt_level", "row_num", "tags", "date_added") VALUES ('f439afe8-6382-4017-b594-de82a2d090e6', 'ADVERB', NULL, 5, 375, '{}', '2022-08-10');
INSERT INTO "vocabulary"."definition" ("id", "vocabulary_id", "sort_rank", "value") VALUES ('22bf6ac3-4e68-5576-ac3f-aaf6a6b6401f', 'f439afe8-6382-4017-b594-de82a2d090e6', 1, 'why; how');
INSERT INTO "vocabulary"."spelling" ("id", "vocabulary_id", "spelling_kind_code", "value") VALUES ('cc26c6e6-4532-5937-870b-a804f4fc2ee5', 'f439afe8-6382-4017-b594-de82a2d090e6', 'HIRAGANA', 'どうして');
INSERT INTO "vocabulary"."spelling" ("id", "vocabulary_id", "spelling_kind_code", "value") VALUES ('e25df46e-dcd4-5aeb-b9d2-ae37b9d286c7', 'f439afe8-6382-4017-b594-de82a2d090e6', 'HIRAGANA', 'どうして');
INSERT INTO "vocabulary"."linkages" ("vocabulary_id", "preferred_definition_id", "preferred_spelling_id", "phonetic_spelling_id", "alt_phonetic_spelling_id", "kanji_spelling_id", "conjugation_set_id") VALUES ('f439afe8-6382-4017-b594-de82a2d090e6', '22bf6ac3-4e68-5576-ac3f-aaf6a6b6401f', 'cc26c6e6-4532-5937-870b-a804f4fc2ee5', 'e25df46e-dcd4-5aeb-b9d2-ae37b9d286c7', NULL, NULL, NULL);
INSERT INTO "vocabulary"."reference" ("vocabulary_id", "lesson_code") VALUES ('f439afe8-6382-4017-b594-de82a2d090e6', 'GENKI3_L04');
-- 一人で | alone --;
INSERT INTO "vocabulary"."vocabulary" ("id", "word_class_code", "conjugation_kind_code", "jlpt_level", "row_num", "tags", "date_added") VALUES ('0839c0a5-e217-465a-9b68-64994b80b119', 'EXPRESSION', NULL, NULL, 376, '{}', '2022-08-10');
INSERT INTO "vocabulary"."definition" ("id", "vocabulary_id", "sort_rank", "value") VALUES ('5fdca0ed-5e5d-52ec-af27-342c6eead4ab', '0839c0a5-e217-465a-9b68-64994b80b119', 1, 'alone');
INSERT INTO "vocabulary"."spelling" ("id", "vocabulary_id", "spelling_kind_code", "value") VALUES ('26ae0089-881e-521e-97c6-ae2d58770771', '0839c0a5-e217-465a-9b68-64994b80b119', 'KANJI', '一人で');
INSERT INTO "vocabulary"."spelling" ("id", "vocabulary_id", "spelling_kind_code", "value") VALUES ('5a5a312a-3e36-573b-8285-71bcec4a971d', '0839c0a5-e217-465a-9b68-64994b80b119', 'HIRAGANA', 'ひとりで');
INSERT INTO "vocabulary"."spelling" ("id", "vocabulary_id", "spelling_kind_code", "value") VALUES ('8573cf71-7dee-587a-80db-8733868df111', '0839c0a5-e217-465a-9b68-64994b80b119', 'KANJI', '一人で');
INSERT INTO "vocabulary"."linkages" ("vocabulary_id", "preferred_definition_id", "preferred_spelling_id", "phonetic_spelling_id", "alt_phonetic_spelling_id", "kanji_spelling_id", "conjugation_set_id") VALUES ('0839c0a5-e217-465a-9b68-64994b80b119', '5fdca0ed-5e5d-52ec-af27-342c6eead4ab', '26ae0089-881e-521e-97c6-ae2d58770771', '5a5a312a-3e36-573b-8285-71bcec4a971d', NULL, '8573cf71-7dee-587a-80db-8733868df111', NULL);
INSERT INTO "vocabulary"."reference" ("vocabulary_id", "lesson_code") VALUES ('0839c0a5-e217-465a-9b68-64994b80b119', 'GENKI3_L04');
-- もしもし | hello? (phone) --;
INSERT INTO "vocabulary"."vocabulary" ("id", "word_class_code", "conjugation_kind_code", "jlpt_level", "row_num", "tags", "date_added") VALUES ('82698354-a810-410e-a0c2-e2e9e391e7bc', 'EXPRESSION', NULL, NULL, 377, '{}', '2022-08-10');
INSERT INTO "vocabulary"."definition" ("id", "vocabulary_id", "sort_rank", "value") VALUES ('52379d14-cdac-5aee-beb3-56c88a6b557c', '82698354-a810-410e-a0c2-e2e9e391e7bc', 1, 'hello? (phone)');
INSERT INTO "vocabulary"."spelling" ("id", "vocabulary_id", "spelling_kind_code", "value") VALUES ('8ae30c9e-b8c1-5a78-941b-eacb1bc561c0', '82698354-a810-410e-a0c2-e2e9e391e7bc', 'HIRAGANA', 'もしもし');
INSERT INTO "vocabulary"."spelling" ("id", "vocabulary_id", "spelling_kind_code", "value") VALUES ('245d155c-975f-5b3b-b37c-1924c1266447', '82698354-a810-410e-a0c2-e2e9e391e7bc', 'HIRAGANA', 'もしもし');
INSERT INTO "vocabulary"."linkages" ("vocabulary_id", "preferred_definition_id", "preferred_spelling_id", "phonetic_spelling_id", "alt_phonetic_spelling_id", "kanji_spelling_id", "conjugation_set_id") VALUES ('82698354-a810-410e-a0c2-e2e9e391e7bc', '52379d14-cdac-5aee-beb3-56c88a6b557c', '8ae30c9e-b8c1-5a78-941b-eacb1bc561c0', '245d155c-975f-5b3b-b37c-1924c1266447', NULL, NULL, NULL);
INSERT INTO "vocabulary"."reference" ("vocabulary_id", "lesson_code") VALUES ('82698354-a810-410e-a0c2-e2e9e391e7bc', 'GENKI3_L04');
-- 右 | right --;
INSERT INTO "vocabulary"."vocabulary" ("id", "word_class_code", "conjugation_kind_code", "jlpt_level", "row_num", "tags", "date_added") VALUES ('83d209ab-6760-5b3f-945c-f82a55d9bcc1', 'NOUN', NULL, 5, 378, '{location}', '2022-08-10');
INSERT INTO "vocabulary"."definition" ("id", "vocabulary_id", "sort_rank", "value") VALUES ('c85d5d95-488b-5044-8752-363a1d719047', '83d209ab-6760-5b3f-945c-f82a55d9bcc1', 1, 'right');
INSERT INTO "vocabulary"."spelling" ("id", "vocabulary_id", "spelling_kind_code", "value") VALUES ('c585b59d-edaf-5fd8-9108-a420ab2c42f8', '83d209ab-6760-5b3f-945c-f82a55d9bcc1', 'KANJI', '右');
INSERT INTO "vocabulary"."spelling" ("id", "vocabulary_id", "spelling_kind_code", "value") VALUES ('1fe90b12-fda9-5d19-bfbd-54772303a945', '83d209ab-6760-5b3f-945c-f82a55d9bcc1', 'HIRAGANA', 'みぎ');
INSERT INTO "vocabulary"."spelling" ("id", "vocabulary_id", "spelling_kind_code", "value") VALUES ('ed41ca22-0a9b-5ba6-8cd7-7659eb1bc11c', '83d209ab-6760-5b3f-945c-f82a55d9bcc1', 'KANJI', '右');
INSERT INTO "vocabulary"."linkages" ("vocabulary_id", "preferred_definition_id", "preferred_spelling_id", "phonetic_spelling_id", "alt_phonetic_spelling_id", "kanji_spelling_id", "conjugation_set_id") VALUES ('83d209ab-6760-5b3f-945c-f82a55d9bcc1', 'c85d5d95-488b-5044-8752-363a1d719047', 'c585b59d-edaf-5fd8-9108-a420ab2c42f8', '1fe90b12-fda9-5d19-bfbd-54772303a945', NULL, 'ed41ca22-0a9b-5ba6-8cd7-7659eb1bc11c', NULL);
INSERT INTO "vocabulary"."reference" ("vocabulary_id", "lesson_code") VALUES ('83d209ab-6760-5b3f-945c-f82a55d9bcc1', 'GENKI3_L04');
-- 左 | left --;
INSERT INTO "vocabulary"."vocabulary" ("id", "word_class_code", "conjugation_kind_code", "jlpt_level", "row_num", "tags", "date_added") VALUES ('92a12133-28d1-5327-b9b9-db5c7d58fcdb', 'NOUN', NULL, 5, 379, '{location}', '2022-08-10');
INSERT INTO "vocabulary"."definition" ("id", "vocabulary_id", "sort_rank", "value") VALUES ('bad4496a-18fb-5076-b0cb-e9f8e150a171', '92a12133-28d1-5327-b9b9-db5c7d58fcdb', 1, 'left');
INSERT INTO "vocabulary"."spelling" ("id", "vocabulary_id", "spelling_kind_code", "value") VALUES ('5053a5cd-075a-5b24-828b-776e0d7b12fc', '92a12133-28d1-5327-b9b9-db5c7d58fcdb', 'KANJI', '左');
INSERT INTO "vocabulary"."spelling" ("id", "vocabulary_id", "spelling_kind_code", "value") VALUES ('c3240d88-454b-5702-9f28-0b0a032baedf', '92a12133-28d1-5327-b9b9-db5c7d58fcdb', 'HIRAGANA', 'ひだり');
INSERT INTO "vocabulary"."spelling" ("id", "vocabulary_id", "spelling_kind_code", "value") VALUES ('04660c62-49bb-5f45-b365-5263842ffdc2', '92a12133-28d1-5327-b9b9-db5c7d58fcdb', 'KANJI', '左');
INSERT INTO "vocabulary"."linkages" ("vocabulary_id", "preferred_definition_id", "preferred_spelling_id", "phonetic_spelling_id", "alt_phonetic_spelling_id", "kanji_spelling_id", "conjugation_set_id") VALUES ('92a12133-28d1-5327-b9b9-db5c7d58fcdb', 'bad4496a-18fb-5076-b0cb-e9f8e150a171', '5053a5cd-075a-5b24-828b-776e0d7b12fc', 'c3240d88-454b-5702-9f28-0b0a032baedf', NULL, '04660c62-49bb-5f45-b365-5263842ffdc2', NULL);
INSERT INTO "vocabulary"."reference" ("vocabulary_id", "lesson_code") VALUES ('92a12133-28d1-5327-b9b9-db5c7d58fcdb', 'GENKI3_L04');
-- 前 | front --;
INSERT INTO "vocabulary"."vocabulary" ("id", "word_class_code", "conjugation_kind_code", "jlpt_level", "row_num", "tags", "date_added") VALUES ('8c4152ae-6000-57f5-8244-ac48a99f7e20', 'NOUN', NULL, 5, 380, '{location}', '2022-08-10');
INSERT INTO "vocabulary"."definition" ("id", "vocabulary_id", "sort_rank", "value") VALUES ('e9f20a11-f157-5b53-8a98-3be9e4320ad5', '8c4152ae-6000-57f5-8244-ac48a99f7e20', 1, 'front');
INSERT INTO "vocabulary"."spelling" ("id", "vocabulary_id", "spelling_kind_code", "value") VALUES ('0f3a946a-b131-5122-8cf8-43a0613ec037', '8c4152ae-6000-57f5-8244-ac48a99f7e20', 'KANJI', '前');
INSERT INTO "vocabulary"."spelling" ("id", "vocabulary_id", "spelling_kind_code", "value") VALUES ('8bc6c664-c376-5fa6-b17e-08fa77f85a2a', '8c4152ae-6000-57f5-8244-ac48a99f7e20', 'HIRAGANA', 'まえ');
INSERT INTO "vocabulary"."spelling" ("id", "vocabulary_id", "spelling_kind_code", "value") VALUES ('93a2ea2e-abc8-5427-a9d4-7a4775e99b07', '8c4152ae-6000-57f5-8244-ac48a99f7e20', 'KANJI', '前');
INSERT INTO "vocabulary"."linkages" ("vocabulary_id", "preferred_definition_id", "preferred_spelling_id", "phonetic_spelling_id", "alt_phonetic_spelling_id", "kanji_spelling_id", "conjugation_set_id") VALUES ('8c4152ae-6000-57f5-8244-ac48a99f7e20', 'e9f20a11-f157-5b53-8a98-3be9e4320ad5', '0f3a946a-b131-5122-8cf8-43a0613ec037', '8bc6c664-c376-5fa6-b17e-08fa77f85a2a', NULL, '93a2ea2e-abc8-5427-a9d4-7a4775e99b07', NULL);
INSERT INTO "vocabulary"."reference" ("vocabulary_id", "lesson_code") VALUES ('8c4152ae-6000-57f5-8244-ac48a99f7e20', 'GENKI3_L04');
-- 後ろ | back --;
INSERT INTO "vocabulary"."vocabulary" ("id", "word_class_code", "conjugation_kind_code", "jlpt_level", "row_num", "tags", "date_added") VALUES ('5abdcbf7-54bd-541a-be8b-e2aac1a36bf2', 'NOUN', NULL, 5, 381, '{location}', '2022-08-10');
INSERT INTO "vocabulary"."definition" ("id", "vocabulary_id", "sort_rank", "value") VALUES ('55b693dd-852c-5a27-ab86-db1a372dfc3a', '5abdcbf7-54bd-541a-be8b-e2aac1a36bf2', 1, 'back');
INSERT INTO "vocabulary"."spelling" ("id", "vocabulary_id", "spelling_kind_code", "value") VALUES ('cacd2461-908c-52ee-bbda-aa299f018f85', '5abdcbf7-54bd-541a-be8b-e2aac1a36bf2', 'KANJI', '後ろ');
INSERT INTO "vocabulary"."spelling" ("id", "vocabulary_id", "spelling_kind_code", "value") VALUES ('36d41ec3-9273-50c7-a803-e00814f20fa8', '5abdcbf7-54bd-541a-be8b-e2aac1a36bf2', 'HIRAGANA', 'うしろ');
INSERT INTO "vocabulary"."spelling" ("id", "vocabulary_id", "spelling_kind_code", "value") VALUES ('40581e96-d7de-5c45-af89-f8cf80fa056a', '5abdcbf7-54bd-541a-be8b-e2aac1a36bf2', 'KANJI', '後ろ');
INSERT INTO "vocabulary"."linkages" ("vocabulary_id", "preferred_definition_id", "preferred_spelling_id", "phonetic_spelling_id", "alt_phonetic_spelling_id", "kanji_spelling_id", "conjugation_set_id") VALUES ('5abdcbf7-54bd-541a-be8b-e2aac1a36bf2', '55b693dd-852c-5a27-ab86-db1a372dfc3a', 'cacd2461-908c-52ee-bbda-aa299f018f85', '36d41ec3-9273-50c7-a803-e00814f20fa8', NULL, '40581e96-d7de-5c45-af89-f8cf80fa056a', NULL);
INSERT INTO "vocabulary"."reference" ("vocabulary_id", "lesson_code") VALUES ('5abdcbf7-54bd-541a-be8b-e2aac1a36bf2', 'GENKI3_L04');
-- 中 | inside --;
INSERT INTO "vocabulary"."vocabulary" ("id", "word_class_code", "conjugation_kind_code", "jlpt_level", "row_num", "tags", "date_added") VALUES ('e37a40e2-6a4c-5046-9054-71bd174159cf', 'NOUN', NULL, 5, 382, '{location}', '2022-08-10');
INSERT INTO "vocabulary"."definition" ("id", "vocabulary_id", "sort_rank", "value") VALUES ('4e7b5653-0c6c-5a02-b1c1-195a14bae025', 'e37a40e2-6a4c-5046-9054-71bd174159cf', 1, 'inside');
INSERT INTO "vocabulary"."spelling" ("id", "vocabulary_id", "spelling_kind_code", "value") VALUES ('1cbd7cb4-6f4b-5948-8c0a-b685f4fa9b0d', 'e37a40e2-6a4c-5046-9054-71bd174159cf', 'KANJI', '中');
INSERT INTO "vocabulary"."spelling" ("id", "vocabulary_id", "spelling_kind_code", "value") VALUES ('4034c9b0-6dd2-5e19-bba7-a509c3929e79', 'e37a40e2-6a4c-5046-9054-71bd174159cf', 'HIRAGANA', 'なか');
INSERT INTO "vocabulary"."spelling" ("id", "vocabulary_id", "spelling_kind_code", "value") VALUES ('776e5c3a-e6e4-5551-b2f1-0524c0544ae6', 'e37a40e2-6a4c-5046-9054-71bd174159cf', 'KANJI', '中');
INSERT INTO "vocabulary"."linkages" ("vocabulary_id", "preferred_definition_id", "preferred_spelling_id", "phonetic_spelling_id", "alt_phonetic_spelling_id", "kanji_spelling_id", "conjugation_set_id") VALUES ('e37a40e2-6a4c-5046-9054-71bd174159cf', '4e7b5653-0c6c-5a02-b1c1-195a14bae025', '1cbd7cb4-6f4b-5948-8c0a-b685f4fa9b0d', '4034c9b0-6dd2-5e19-bba7-a509c3929e79', NULL, '776e5c3a-e6e4-5551-b2f1-0524c0544ae6', NULL);
INSERT INTO "vocabulary"."reference" ("vocabulary_id", "lesson_code") VALUES ('e37a40e2-6a4c-5046-9054-71bd174159cf', 'GENKI3_L04');
-- 上 | on --;
INSERT INTO "vocabulary"."vocabulary" ("id", "word_class_code", "conjugation_kind_code", "jlpt_level", "row_num", "tags", "date_added") VALUES ('b7339af2-316c-551b-a5da-cb03d2ef2392', 'NOUN', NULL, 5, 383, '{location}', '2022-08-10');
INSERT INTO "vocabulary"."definition" ("id", "vocabulary_id", "sort_rank", "value") VALUES ('b82ec176-443d-59ba-ae21-986c35e0c03f', 'b7339af2-316c-551b-a5da-cb03d2ef2392', 1, 'on');
INSERT INTO "vocabulary"."spelling" ("id", "vocabulary_id", "spelling_kind_code", "value") VALUES ('515b05ea-069b-527c-ade2-18af422529fb', 'b7339af2-316c-551b-a5da-cb03d2ef2392', 'KANJI', '上');
INSERT INTO "vocabulary"."spelling" ("id", "vocabulary_id", "spelling_kind_code", "value") VALUES ('54475e29-15e1-567a-bc3f-57fa81bf4312', 'b7339af2-316c-551b-a5da-cb03d2ef2392', 'HIRAGANA', 'うえ');
INSERT INTO "vocabulary"."spelling" ("id", "vocabulary_id", "spelling_kind_code", "value") VALUES ('6bcbd5d9-69a8-51a9-8bda-cad4e9625beb', 'b7339af2-316c-551b-a5da-cb03d2ef2392', 'KANJI', '上');
INSERT INTO "vocabulary"."linkages" ("vocabulary_id", "preferred_definition_id", "preferred_spelling_id", "phonetic_spelling_id", "alt_phonetic_spelling_id", "kanji_spelling_id", "conjugation_set_id") VALUES ('b7339af2-316c-551b-a5da-cb03d2ef2392', 'b82ec176-443d-59ba-ae21-986c35e0c03f', '515b05ea-069b-527c-ade2-18af422529fb', '54475e29-15e1-567a-bc3f-57fa81bf4312', NULL, '6bcbd5d9-69a8-51a9-8bda-cad4e9625beb', NULL);
INSERT INTO "vocabulary"."reference" ("vocabulary_id", "lesson_code") VALUES ('b7339af2-316c-551b-a5da-cb03d2ef2392', 'GENKI3_L04');
-- 下 | under --;
INSERT INTO "vocabulary"."vocabulary" ("id", "word_class_code", "conjugation_kind_code", "jlpt_level", "row_num", "tags", "date_added") VALUES ('658ee639-0bc6-5cd5-8342-15f7698bf75d', 'NOUN', NULL, 5, 384, '{location}', '2022-08-10');
INSERT INTO "vocabulary"."definition" ("id", "vocabulary_id", "sort_rank", "value") VALUES ('0cd34a4b-0fe2-5100-9dc7-5e15d4f1e965', '658ee639-0bc6-5cd5-8342-15f7698bf75d', 1, 'under');
INSERT INTO "vocabulary"."spelling" ("id", "vocabulary_id", "spelling_kind_code", "value") VALUES ('c5e48e12-24a0-5c7f-b3f3-9c21a82f681b', '658ee639-0bc6-5cd5-8342-15f7698bf75d', 'KANJI', '下');
INSERT INTO "vocabulary"."spelling" ("id", "vocabulary_id", "spelling_kind_code", "value") VALUES ('32bc02d1-7979-563e-9a10-8d113eb8995e', '658ee639-0bc6-5cd5-8342-15f7698bf75d', 'HIRAGANA', 'した');
INSERT INTO "vocabulary"."spelling" ("id", "vocabulary_id", "spelling_kind_code", "value") VALUES ('321163bd-9477-56d0-8d7d-4f88338545c2', '658ee639-0bc6-5cd5-8342-15f7698bf75d', 'KANJI', '下');
INSERT INTO "vocabulary"."linkages" ("vocabulary_id", "preferred_definition_id", "preferred_spelling_id", "phonetic_spelling_id", "alt_phonetic_spelling_id", "kanji_spelling_id", "conjugation_set_id") VALUES ('658ee639-0bc6-5cd5-8342-15f7698bf75d', '0cd34a4b-0fe2-5100-9dc7-5e15d4f1e965', 'c5e48e12-24a0-5c7f-b3f3-9c21a82f681b', '32bc02d1-7979-563e-9a10-8d113eb8995e', NULL, '321163bd-9477-56d0-8d7d-4f88338545c2', NULL);
INSERT INTO "vocabulary"."reference" ("vocabulary_id", "lesson_code") VALUES ('658ee639-0bc6-5cd5-8342-15f7698bf75d', 'GENKI3_L04');
-- 近く | near; nearby --;
INSERT INTO "vocabulary"."vocabulary" ("id", "word_class_code", "conjugation_kind_code", "jlpt_level", "row_num", "tags", "date_added") VALUES ('f8bbf752-a05d-542c-99ad-1b59fec7e4a6', 'NOUN', NULL, 5, 385, '{location}', '2022-08-10');
INSERT INTO "vocabulary"."definition" ("id", "vocabulary_id", "sort_rank", "value") VALUES ('2fdc01ed-2575-5bd1-a032-819dc435ba62', 'f8bbf752-a05d-542c-99ad-1b59fec7e4a6', 1, 'near; nearby');
INSERT INTO "vocabulary"."spelling" ("id", "vocabulary_id", "spelling_kind_code", "value") VALUES ('912290d5-cfe8-572f-adf2-aea5405ed3b7', 'f8bbf752-a05d-542c-99ad-1b59fec7e4a6', 'KANJI', '近く');
INSERT INTO "vocabulary"."spelling" ("id", "vocabulary_id", "spelling_kind_code", "value") VALUES ('b9dfb101-c1d6-5684-a7c2-8a93115bb5c0', 'f8bbf752-a05d-542c-99ad-1b59fec7e4a6', 'HIRAGANA', 'しかく');
INSERT INTO "vocabulary"."spelling" ("id", "vocabulary_id", "spelling_kind_code", "value") VALUES ('88b3e5ae-ee9c-5953-a373-e126686eb850', 'f8bbf752-a05d-542c-99ad-1b59fec7e4a6', 'KANJI', '近く');
INSERT INTO "vocabulary"."linkages" ("vocabulary_id", "preferred_definition_id", "preferred_spelling_id", "phonetic_spelling_id", "alt_phonetic_spelling_id", "kanji_spelling_id", "conjugation_set_id") VALUES ('f8bbf752-a05d-542c-99ad-1b59fec7e4a6', '2fdc01ed-2575-5bd1-a032-819dc435ba62', '912290d5-cfe8-572f-adf2-aea5405ed3b7', 'b9dfb101-c1d6-5684-a7c2-8a93115bb5c0', NULL, '88b3e5ae-ee9c-5953-a373-e126686eb850', NULL);
INSERT INTO "vocabulary"."reference" ("vocabulary_id", "lesson_code") VALUES ('f8bbf752-a05d-542c-99ad-1b59fec7e4a6', 'GENKI3_L04');
-- 隣 | next --;
INSERT INTO "vocabulary"."vocabulary" ("id", "word_class_code", "conjugation_kind_code", "jlpt_level", "row_num", "tags", "date_added") VALUES ('9c00bb62-e821-5702-ad5d-20d324fdb688', 'NOUN', NULL, 5, 386, '{location}', '2022-08-10');
INSERT INTO "vocabulary"."definition" ("id", "vocabulary_id", "sort_rank", "value") VALUES ('64dc24ce-5b65-5df9-9ad1-ca08eeabd62a', '9c00bb62-e821-5702-ad5d-20d324fdb688', 1, 'next');
INSERT INTO "vocabulary"."spelling" ("id", "vocabulary_id", "spelling_kind_code", "value") VALUES ('6589e968-e083-50f4-ab86-ee526fed90f3', '9c00bb62-e821-5702-ad5d-20d324fdb688', 'KANJI', '隣');
INSERT INTO "vocabulary"."spelling" ("id", "vocabulary_id", "spelling_kind_code", "value") VALUES ('12176dca-f99c-5355-bc05-61d12c1d0274', '9c00bb62-e821-5702-ad5d-20d324fdb688', 'HIRAGANA', 'となり');
INSERT INTO "vocabulary"."spelling" ("id", "vocabulary_id", "spelling_kind_code", "value") VALUES ('e2946458-b54e-5656-8f23-c9a78137a8a1', '9c00bb62-e821-5702-ad5d-20d324fdb688', 'KANJI', '隣');
INSERT INTO "vocabulary"."linkages" ("vocabulary_id", "preferred_definition_id", "preferred_spelling_id", "phonetic_spelling_id", "alt_phonetic_spelling_id", "kanji_spelling_id", "conjugation_set_id") VALUES ('9c00bb62-e821-5702-ad5d-20d324fdb688', '64dc24ce-5b65-5df9-9ad1-ca08eeabd62a', '6589e968-e083-50f4-ab86-ee526fed90f3', '12176dca-f99c-5355-bc05-61d12c1d0274', NULL, 'e2946458-b54e-5656-8f23-c9a78137a8a1', NULL);
INSERT INTO "vocabulary"."reference" ("vocabulary_id", "lesson_code") VALUES ('9c00bb62-e821-5702-ad5d-20d324fdb688', 'GENKI3_L04');
-- 間 | between --;
INSERT INTO "vocabulary"."vocabulary" ("id", "word_class_code", "conjugation_kind_code", "jlpt_level", "row_num", "tags", "date_added") VALUES ('5d31fe9a-a3d5-548d-b92c-323392afbb5f', 'NOUN', NULL, 5, 387, '{location}', '2022-08-10');
INSERT INTO "vocabulary"."definition" ("id", "vocabulary_id", "sort_rank", "value") VALUES ('e34b0601-6529-5013-b64f-2b83b71eac3f', '5d31fe9a-a3d5-548d-b92c-323392afbb5f', 1, 'between');
INSERT INTO "vocabulary"."spelling" ("id", "vocabulary_id", "spelling_kind_code", "value") VALUES ('e693672c-e1bd-5910-88c3-0adda4be8511', '5d31fe9a-a3d5-548d-b92c-323392afbb5f', 'KANJI', '間');
INSERT INTO "vocabulary"."spelling" ("id", "vocabulary_id", "spelling_kind_code", "value") VALUES ('742d9d48-ce56-5c95-88f4-6a863909bb24', '5d31fe9a-a3d5-548d-b92c-323392afbb5f', 'HIRAGANA', 'あいだ');
INSERT INTO "vocabulary"."spelling" ("id", "vocabulary_id", "spelling_kind_code", "value") VALUES ('a52242ef-5809-5fef-b78f-e0f08ae1d6af', '5d31fe9a-a3d5-548d-b92c-323392afbb5f', 'KANJI', '間');
INSERT INTO "vocabulary"."linkages" ("vocabulary_id", "preferred_definition_id", "preferred_spelling_id", "phonetic_spelling_id", "alt_phonetic_spelling_id", "kanji_spelling_id", "conjugation_set_id") VALUES ('5d31fe9a-a3d5-548d-b92c-323392afbb5f', 'e34b0601-6529-5013-b64f-2b83b71eac3f', 'e693672c-e1bd-5910-88c3-0adda4be8511', '742d9d48-ce56-5c95-88f4-6a863909bb24', NULL, 'a52242ef-5809-5fef-b78f-e0f08ae1d6af', NULL);
INSERT INTO "vocabulary"."reference" ("vocabulary_id", "lesson_code") VALUES ('5d31fe9a-a3d5-548d-b92c-323392afbb5f', 'GENKI3_L04');
-- 先輩 | senior colleague --;
INSERT INTO "vocabulary"."vocabulary" ("id", "word_class_code", "conjugation_kind_code", "jlpt_level", "row_num", "tags", "date_added") VALUES ('e48fb32f-70db-56b6-9be3-882d953469c5', 'NOUN', NULL, 4, 388, '{}', '2022-09-14');
INSERT INTO "vocabulary"."definition" ("id", "vocabulary_id", "sort_rank", "value") VALUES ('56701737-7c8c-5021-b06a-2a5294a0779b', 'e48fb32f-70db-56b6-9be3-882d953469c5', 1, 'senior colleague');
INSERT INTO "vocabulary"."spelling" ("id", "vocabulary_id", "spelling_kind_code", "value") VALUES ('34b73240-416b-56fa-8d68-7c042a65e4cd', 'e48fb32f-70db-56b6-9be3-882d953469c5', 'KANJI', '先輩');
INSERT INTO "vocabulary"."spelling" ("id", "vocabulary_id", "spelling_kind_code", "value") VALUES ('fcd38f79-6838-5102-903e-13ffe2d08e78', 'e48fb32f-70db-56b6-9be3-882d953469c5', 'HIRAGANA', 'せんぱい');
INSERT INTO "vocabulary"."spelling" ("id", "vocabulary_id", "spelling_kind_code", "value") VALUES ('c1e8ed05-bbdf-5d68-b212-a7b3b5ed46b9', 'e48fb32f-70db-56b6-9be3-882d953469c5', 'KANJI', '先輩');
INSERT INTO "vocabulary"."linkages" ("vocabulary_id", "preferred_definition_id", "preferred_spelling_id", "phonetic_spelling_id", "alt_phonetic_spelling_id", "kanji_spelling_id", "conjugation_set_id") VALUES ('e48fb32f-70db-56b6-9be3-882d953469c5', '56701737-7c8c-5021-b06a-2a5294a0779b', '34b73240-416b-56fa-8d68-7c042a65e4cd', 'fcd38f79-6838-5102-903e-13ffe2d08e78', NULL, 'c1e8ed05-bbdf-5d68-b212-a7b3b5ed46b9', NULL);
-- 後輩 | junior colleague --;
INSERT INTO "vocabulary"."vocabulary" ("id", "word_class_code", "conjugation_kind_code", "jlpt_level", "row_num", "tags", "date_added") VALUES ('576386e2-9779-5938-9822-1c1013726a52', 'NOUN', NULL, 2, 389, '{}', '2022-09-14');
INSERT INTO "vocabulary"."definition" ("id", "vocabulary_id", "sort_rank", "value") VALUES ('16b74fc1-0ddb-5ccd-88ab-c5bce3d8c97b', '576386e2-9779-5938-9822-1c1013726a52', 1, 'junior colleague');
INSERT INTO "vocabulary"."spelling" ("id", "vocabulary_id", "spelling_kind_code", "value") VALUES ('61bca720-5e63-52a4-a746-149d4ecc558a', '576386e2-9779-5938-9822-1c1013726a52', 'KANJI', '後輩');
INSERT INTO "vocabulary"."spelling" ("id", "vocabulary_id", "spelling_kind_code", "value") VALUES ('fa640858-59d9-5821-8180-ede84c10fc77', '576386e2-9779-5938-9822-1c1013726a52', 'HIRAGANA', 'こうはい');
INSERT INTO "vocabulary"."spelling" ("id", "vocabulary_id", "spelling_kind_code", "value") VALUES ('f844f827-65cf-5356-b2fa-aac09def44c7', '576386e2-9779-5938-9822-1c1013726a52', 'KANJI', '後輩');
INSERT INTO "vocabulary"."linkages" ("vocabulary_id", "preferred_definition_id", "preferred_spelling_id", "phonetic_spelling_id", "alt_phonetic_spelling_id", "kanji_spelling_id", "conjugation_set_id") VALUES ('576386e2-9779-5938-9822-1c1013726a52', '16b74fc1-0ddb-5ccd-88ab-c5bce3d8c97b', '61bca720-5e63-52a4-a746-149d4ecc558a', 'fa640858-59d9-5821-8180-ede84c10fc77', NULL, 'f844f827-65cf-5356-b2fa-aac09def44c7', NULL);
-- 煎餅 | rice cracker --;
INSERT INTO "vocabulary"."vocabulary" ("id", "word_class_code", "conjugation_kind_code", "jlpt_level", "row_num", "tags", "date_added") VALUES ('c4fe5291-83a0-5e58-9791-744a785a3d9a', 'NOUN', NULL, NULL, 390, '{food}', '2022-08-12');
INSERT INTO "vocabulary"."definition" ("id", "vocabulary_id", "sort_rank", "value") VALUES ('83cf0731-5eae-58af-a1b2-44235d06f8ea', 'c4fe5291-83a0-5e58-9791-744a785a3d9a', 1, 'rice cracker');
INSERT INTO "vocabulary"."spelling" ("id", "vocabulary_id", "spelling_kind_code", "value") VALUES ('963db913-9626-5c30-8277-d91d810f579c', 'c4fe5291-83a0-5e58-9791-744a785a3d9a', 'KANJI', '煎餅');
INSERT INTO "vocabulary"."spelling" ("id", "vocabulary_id", "spelling_kind_code", "value") VALUES ('57220bd8-0ef9-52e7-b7fb-af6bee216d9e', 'c4fe5291-83a0-5e58-9791-744a785a3d9a', 'HIRAGANA', 'せんべい');
INSERT INTO "vocabulary"."spelling" ("id", "vocabulary_id", "spelling_kind_code", "value") VALUES ('587783f2-2a6f-5992-b848-2120b8ffcd42', 'c4fe5291-83a0-5e58-9791-744a785a3d9a', 'KANJI', '煎餅');
INSERT INTO "vocabulary"."linkages" ("vocabulary_id", "preferred_definition_id", "preferred_spelling_id", "phonetic_spelling_id", "alt_phonetic_spelling_id", "kanji_spelling_id", "conjugation_set_id") VALUES ('c4fe5291-83a0-5e58-9791-744a785a3d9a', '83cf0731-5eae-58af-a1b2-44235d06f8ea', '963db913-9626-5c30-8277-d91d810f579c', '57220bd8-0ef9-52e7-b7fb-af6bee216d9e', NULL, '587783f2-2a6f-5992-b848-2120b8ffcd42', NULL);
-- ケーキ | cake --;
INSERT INTO "vocabulary"."vocabulary" ("id", "word_class_code", "conjugation_kind_code", "jlpt_level", "row_num", "tags", "date_added") VALUES ('e182997f-4799-5c3c-a985-ed126db9687e', 'NOUN', NULL, 4, 391, '{food}', '2022-08-12');
INSERT INTO "vocabulary"."definition" ("id", "vocabulary_id", "sort_rank", "value") VALUES ('786c4b57-ca99-563d-8f42-8000940e135b', 'e182997f-4799-5c3c-a985-ed126db9687e', 1, 'cake');
INSERT INTO "vocabulary"."spelling" ("id", "vocabulary_id", "spelling_kind_code", "value") VALUES ('cfd7d93e-444b-5de9-9756-8b4afbc07abf', 'e182997f-4799-5c3c-a985-ed126db9687e', 'KATAKANA', 'ケーキ');
INSERT INTO "vocabulary"."spelling" ("id", "vocabulary_id", "spelling_kind_code", "value") VALUES ('2c8478c3-5da5-5884-8e67-e358fe6ad51d', 'e182997f-4799-5c3c-a985-ed126db9687e', 'HIRAGANA', 'ケえき');
INSERT INTO "vocabulary"."linkages" ("vocabulary_id", "preferred_definition_id", "preferred_spelling_id", "phonetic_spelling_id", "alt_phonetic_spelling_id", "kanji_spelling_id", "conjugation_set_id") VALUES ('e182997f-4799-5c3c-a985-ed126db9687e', '786c4b57-ca99-563d-8f42-8000940e135b', 'cfd7d93e-444b-5de9-9756-8b4afbc07abf', '2c8478c3-5da5-5884-8e67-e358fe6ad51d', NULL, NULL, NULL);
-- お握り | rice ball --;
INSERT INTO "vocabulary"."vocabulary" ("id", "word_class_code", "conjugation_kind_code", "jlpt_level", "row_num", "tags", "date_added") VALUES ('676d3eb5-4992-5047-ad16-142df7b8ec38', 'NOUN', NULL, NULL, 392, '{food}', '2022-08-12');
INSERT INTO "vocabulary"."definition" ("id", "vocabulary_id", "sort_rank", "value") VALUES ('fc5bba58-6b23-55b0-ad42-38cedf26bd96', '676d3eb5-4992-5047-ad16-142df7b8ec38', 1, 'rice ball');
INSERT INTO "vocabulary"."spelling" ("id", "vocabulary_id", "spelling_kind_code", "value") VALUES ('8d36d7fb-3c67-5182-9612-720245960798', '676d3eb5-4992-5047-ad16-142df7b8ec38', 'KANJI', 'お握り');
INSERT INTO "vocabulary"."spelling" ("id", "vocabulary_id", "spelling_kind_code", "value") VALUES ('296893f9-21b8-57b3-bd6c-e1c4a818b05e', '676d3eb5-4992-5047-ad16-142df7b8ec38', 'HIRAGANA', 'おにぎり');
INSERT INTO "vocabulary"."spelling" ("id", "vocabulary_id", "spelling_kind_code", "value") VALUES ('35c8f202-82a8-5d5c-a923-71e9d697ed04', '676d3eb5-4992-5047-ad16-142df7b8ec38', 'KANJI', 'お握り');
INSERT INTO "vocabulary"."linkages" ("vocabulary_id", "preferred_definition_id", "preferred_spelling_id", "phonetic_spelling_id", "alt_phonetic_spelling_id", "kanji_spelling_id", "conjugation_set_id") VALUES ('676d3eb5-4992-5047-ad16-142df7b8ec38', 'fc5bba58-6b23-55b0-ad42-38cedf26bd96', '8d36d7fb-3c67-5182-9612-720245960798', '296893f9-21b8-57b3-bd6c-e1c4a818b05e', NULL, '35c8f202-82a8-5d5c-a923-71e9d697ed04', NULL);
-- 塩 | salt --;
INSERT INTO "vocabulary"."vocabulary" ("id", "word_class_code", "conjugation_kind_code", "jlpt_level", "row_num", "tags", "date_added") VALUES ('cd548aa6-54f8-5f0a-b55f-c0fcf26dbc2a', 'NOUN', NULL, 5, 393, '{food}', '2022-08-12');
INSERT INTO "vocabulary"."definition" ("id", "vocabulary_id", "sort_rank", "value") VALUES ('fe5abdf0-bc6a-5454-8d84-de3fccc43287', 'cd548aa6-54f8-5f0a-b55f-c0fcf26dbc2a', 1, 'salt');
INSERT INTO "vocabulary"."spelling" ("id", "vocabulary_id", "spelling_kind_code", "value") VALUES ('95aa45e3-d47e-55e2-b2c9-9287b3c2b184', 'cd548aa6-54f8-5f0a-b55f-c0fcf26dbc2a', 'KANJI', '塩');
INSERT INTO "vocabulary"."spelling" ("id", "vocabulary_id", "spelling_kind_code", "value") VALUES ('10c78655-e09a-5a20-9851-752b1f51e087', 'cd548aa6-54f8-5f0a-b55f-c0fcf26dbc2a', 'HIRAGANA', 'しお');
INSERT INTO "vocabulary"."spelling" ("id", "vocabulary_id", "spelling_kind_code", "value") VALUES ('fe94a4ee-afac-5baf-8cee-c276e6fb248a', 'cd548aa6-54f8-5f0a-b55f-c0fcf26dbc2a', 'KANJI', '塩');
INSERT INTO "vocabulary"."linkages" ("vocabulary_id", "preferred_definition_id", "preferred_spelling_id", "phonetic_spelling_id", "alt_phonetic_spelling_id", "kanji_spelling_id", "conjugation_set_id") VALUES ('cd548aa6-54f8-5f0a-b55f-c0fcf26dbc2a', 'fe5abdf0-bc6a-5454-8d84-de3fccc43287', '95aa45e3-d47e-55e2-b2c9-9287b3c2b184', '10c78655-e09a-5a20-9851-752b1f51e087', NULL, 'fe94a4ee-afac-5baf-8cee-c276e6fb248a', NULL);
-- 箸 | chopsticks --;
INSERT INTO "vocabulary"."vocabulary" ("id", "word_class_code", "conjugation_kind_code", "jlpt_level", "row_num", "tags", "date_added") VALUES ('f9253f00-8203-5dc9-89f5-a39b4d3d9d55', 'NOUN', NULL, 5, 394, '{food,kitchen}', '2022-08-20');
INSERT INTO "vocabulary"."definition" ("id", "vocabulary_id", "sort_rank", "value") VALUES ('d7e05c40-b00a-504c-a0cf-4236ca4c4ec1', 'f9253f00-8203-5dc9-89f5-a39b4d3d9d55', 1, 'chopsticks');
INSERT INTO "vocabulary"."spelling" ("id", "vocabulary_id", "spelling_kind_code", "value") VALUES ('11bcd711-b027-5a77-b0b3-33c980e148f5', 'f9253f00-8203-5dc9-89f5-a39b4d3d9d55', 'KANJI', '箸');
INSERT INTO "vocabulary"."spelling" ("id", "vocabulary_id", "spelling_kind_code", "value") VALUES ('16355768-20d5-5c3c-addb-ce9c58361470', 'f9253f00-8203-5dc9-89f5-a39b4d3d9d55', 'HIRAGANA', 'はし');
INSERT INTO "vocabulary"."spelling" ("id", "vocabulary_id", "spelling_kind_code", "value") VALUES ('e05537ec-d0fb-5e82-8dd2-04401e7b0173', 'f9253f00-8203-5dc9-89f5-a39b4d3d9d55', 'KANJI', '箸');
INSERT INTO "vocabulary"."linkages" ("vocabulary_id", "preferred_definition_id", "preferred_spelling_id", "phonetic_spelling_id", "alt_phonetic_spelling_id", "kanji_spelling_id", "conjugation_set_id") VALUES ('f9253f00-8203-5dc9-89f5-a39b4d3d9d55', 'd7e05c40-b00a-504c-a0cf-4236ca4c4ec1', '11bcd711-b027-5a77-b0b3-33c980e148f5', '16355768-20d5-5c3c-addb-ce9c58361470', NULL, 'e05537ec-d0fb-5e82-8dd2-04401e7b0173', NULL);
-- もっと | (some) more; longer; further --;
INSERT INTO "vocabulary"."vocabulary" ("id", "word_class_code", "conjugation_kind_code", "jlpt_level", "row_num", "tags", "date_added") VALUES ('ca8b76ff-0345-5367-855a-fd69329898a6', 'ADVERB', NULL, 5, 395, '{}', '2022-08-12');
INSERT INTO "vocabulary"."definition" ("id", "vocabulary_id", "sort_rank", "value") VALUES ('53464acb-5e0b-52dc-985b-56a2d888d443', 'ca8b76ff-0345-5367-855a-fd69329898a6', 1, '(some) more; longer; further');
INSERT INTO "vocabulary"."spelling" ("id", "vocabulary_id", "spelling_kind_code", "value") VALUES ('c4c9a23e-45ab-56bd-a6b7-74aa90d493fb', 'ca8b76ff-0345-5367-855a-fd69329898a6', 'HIRAGANA', 'もっと');
INSERT INTO "vocabulary"."spelling" ("id", "vocabulary_id", "spelling_kind_code", "value") VALUES ('5607154d-789f-5c22-90f9-507ba788186a', 'ca8b76ff-0345-5367-855a-fd69329898a6', 'HIRAGANA', 'もっと');
INSERT INTO "vocabulary"."linkages" ("vocabulary_id", "preferred_definition_id", "preferred_spelling_id", "phonetic_spelling_id", "alt_phonetic_spelling_id", "kanji_spelling_id", "conjugation_set_id") VALUES ('ca8b76ff-0345-5367-855a-fd69329898a6', '53464acb-5e0b-52dc-985b-56a2d888d443', 'c4c9a23e-45ab-56bd-a6b7-74aa90d493fb', '5607154d-789f-5c22-90f9-507ba788186a', NULL, NULL, NULL);
-- オタク | geek; nerd --;
INSERT INTO "vocabulary"."vocabulary" ("id", "word_class_code", "conjugation_kind_code", "jlpt_level", "row_num", "tags", "date_added") VALUES ('fa69ee4d-ab8a-5daf-8701-abab724eaade', 'NOUN', NULL, NULL, 396, '{slang}', '2022-08-12');
INSERT INTO "vocabulary"."definition" ("id", "vocabulary_id", "sort_rank", "value") VALUES ('4838fcff-a117-54ff-956f-61928b750659', 'fa69ee4d-ab8a-5daf-8701-abab724eaade', 1, 'geek; nerd');
INSERT INTO "vocabulary"."spelling" ("id", "vocabulary_id", "spelling_kind_code", "value") VALUES ('2d92cfa1-6a6c-5793-b377-34a958016241', 'fa69ee4d-ab8a-5daf-8701-abab724eaade', 'KATAKANA', 'オタク');
INSERT INTO "vocabulary"."spelling" ("id", "vocabulary_id", "spelling_kind_code", "value") VALUES ('023b449a-4f9a-5b80-ace9-e578ba418143', 'fa69ee4d-ab8a-5daf-8701-abab724eaade', 'HIRAGANA', 'おたく');
INSERT INTO "vocabulary"."linkages" ("vocabulary_id", "preferred_definition_id", "preferred_spelling_id", "phonetic_spelling_id", "alt_phonetic_spelling_id", "kanji_spelling_id", "conjugation_set_id") VALUES ('fa69ee4d-ab8a-5daf-8701-abab724eaade', '4838fcff-a117-54ff-956f-61928b750659', '2d92cfa1-6a6c-5793-b377-34a958016241', '023b449a-4f9a-5b80-ace9-e578ba418143', NULL, NULL, NULL);
-- 湯 | hot water; hot bath; hot spring --;
INSERT INTO "vocabulary"."vocabulary" ("id", "word_class_code", "conjugation_kind_code", "jlpt_level", "row_num", "tags", "date_added") VALUES ('3953151e-3280-5665-8c64-1bfabbedcdd2', 'NOUN', NULL, 4, 397, '{}', '2022-08-12');
INSERT INTO "vocabulary"."definition" ("id", "vocabulary_id", "sort_rank", "value") VALUES ('c101bbc5-d84d-5cd3-ad28-3c871cbb2383', '3953151e-3280-5665-8c64-1bfabbedcdd2', 1, 'hot water; hot bath; hot spring');
INSERT INTO "vocabulary"."spelling" ("id", "vocabulary_id", "spelling_kind_code", "value") VALUES ('47d4bae6-d93a-5756-af0a-cb6aba77fc06', '3953151e-3280-5665-8c64-1bfabbedcdd2', 'KANJI', '湯');
INSERT INTO "vocabulary"."spelling" ("id", "vocabulary_id", "spelling_kind_code", "value") VALUES ('85f0a31c-f875-58d1-8474-d45766e95b37', '3953151e-3280-5665-8c64-1bfabbedcdd2', 'HIRAGANA', 'ゆ');
INSERT INTO "vocabulary"."spelling" ("id", "vocabulary_id", "spelling_kind_code", "value") VALUES ('140a78bc-2536-5746-b1e9-da61e23c0878', '3953151e-3280-5665-8c64-1bfabbedcdd2', 'KANJI', '湯');
INSERT INTO "vocabulary"."linkages" ("vocabulary_id", "preferred_definition_id", "preferred_spelling_id", "phonetic_spelling_id", "alt_phonetic_spelling_id", "kanji_spelling_id", "conjugation_set_id") VALUES ('3953151e-3280-5665-8c64-1bfabbedcdd2', 'c101bbc5-d84d-5cd3-ad28-3c871cbb2383', '47d4bae6-d93a-5756-af0a-cb6aba77fc06', '85f0a31c-f875-58d1-8474-d45766e95b37', NULL, '140a78bc-2536-5746-b1e9-da61e23c0878', NULL);
-- 温泉 | hot spring --;
INSERT INTO "vocabulary"."vocabulary" ("id", "word_class_code", "conjugation_kind_code", "jlpt_level", "row_num", "tags", "date_added") VALUES ('8c842dec-6e97-54b7-ad74-2408c4b88677', 'NOUN', NULL, 2, 398, '{}', '2022-08-12');
INSERT INTO "vocabulary"."definition" ("id", "vocabulary_id", "sort_rank", "value") VALUES ('8cf9fd8d-b28a-598f-b119-7dea2b23c02f', '8c842dec-6e97-54b7-ad74-2408c4b88677', 1, 'hot spring');
INSERT INTO "vocabulary"."spelling" ("id", "vocabulary_id", "spelling_kind_code", "value") VALUES ('69479f97-c2a0-5063-83ad-66afb47c90fa', '8c842dec-6e97-54b7-ad74-2408c4b88677', 'KANJI', '温泉');
INSERT INTO "vocabulary"."spelling" ("id", "vocabulary_id", "spelling_kind_code", "value") VALUES ('36d59440-2702-518d-b230-ec9ebe5103a2', '8c842dec-6e97-54b7-ad74-2408c4b88677', 'HIRAGANA', 'おんせん');
INSERT INTO "vocabulary"."spelling" ("id", "vocabulary_id", "spelling_kind_code", "value") VALUES ('be5eb828-5fb1-5ba6-b1fe-8f5db8a4733c', '8c842dec-6e97-54b7-ad74-2408c4b88677', 'KANJI', '温泉');
INSERT INTO "vocabulary"."linkages" ("vocabulary_id", "preferred_definition_id", "preferred_spelling_id", "phonetic_spelling_id", "alt_phonetic_spelling_id", "kanji_spelling_id", "conjugation_set_id") VALUES ('8c842dec-6e97-54b7-ad74-2408c4b88677', '8cf9fd8d-b28a-598f-b119-7dea2b23c02f', '69479f97-c2a0-5063-83ad-66afb47c90fa', '36d59440-2702-518d-b230-ec9ebe5103a2', NULL, 'be5eb828-5fb1-5ba6-b1fe-8f5db8a4733c', NULL);
-- 止まる | to stop moving; to come to a stop --;
INSERT INTO "vocabulary"."vocabulary" ("id", "word_class_code", "conjugation_kind_code", "jlpt_level", "row_num", "tags", "date_added") VALUES ('c30f6fb9-5695-5c83-80b8-6ff6fa07ce2e', 'VERB', NULL, NULL, 399, '{}', '2022-09-02');
INSERT INTO "vocabulary"."definition" ("id", "vocabulary_id", "sort_rank", "value") VALUES ('ef7777e9-7607-5887-8264-0094ac85984f', 'c30f6fb9-5695-5c83-80b8-6ff6fa07ce2e', 1, 'to stop moving; to come to a stop');
INSERT INTO "vocabulary"."spelling" ("id", "vocabulary_id", "spelling_kind_code", "value") VALUES ('f325a01d-d11a-52ac-b2db-02a3923b13b8', 'c30f6fb9-5695-5c83-80b8-6ff6fa07ce2e', 'KANJI', '止まる');
INSERT INTO "vocabulary"."spelling" ("id", "vocabulary_id", "spelling_kind_code", "value") VALUES ('4ec90901-5398-503f-bf15-f98068f2ab99', 'c30f6fb9-5695-5c83-80b8-6ff6fa07ce2e', 'HIRAGANA', 'とまる');
INSERT INTO "vocabulary"."spelling" ("id", "vocabulary_id", "spelling_kind_code", "value") VALUES ('878e3394-e36d-55dd-97b5-7634c1fdcaf2', 'c30f6fb9-5695-5c83-80b8-6ff6fa07ce2e', 'KANJI', '止まる');
INSERT INTO "vocabulary"."linkages" ("vocabulary_id", "preferred_definition_id", "preferred_spelling_id", "phonetic_spelling_id", "alt_phonetic_spelling_id", "kanji_spelling_id", "conjugation_set_id") VALUES ('c30f6fb9-5695-5c83-80b8-6ff6fa07ce2e', 'ef7777e9-7607-5887-8264-0094ac85984f', 'f325a01d-d11a-52ac-b2db-02a3923b13b8', '4ec90901-5398-503f-bf15-f98068f2ab99', NULL, '878e3394-e36d-55dd-97b5-7634c1fdcaf2', NULL);
-- 止まれ | stop (on road signage) --;
INSERT INTO "vocabulary"."vocabulary" ("id", "word_class_code", "conjugation_kind_code", "jlpt_level", "row_num", "tags", "date_added") VALUES ('461f8d91-ff08-5cf0-a0a9-891008b85589', 'EXPRESSION', NULL, NULL, 400, '{}', '2022-08-12');
INSERT INTO "vocabulary"."definition" ("id", "vocabulary_id", "sort_rank", "value") VALUES ('afcc8a1b-5201-5f6d-a991-7f3ac709c5c5', '461f8d91-ff08-5cf0-a0a9-891008b85589', 1, 'stop (on road signage)');
INSERT INTO "vocabulary"."spelling" ("id", "vocabulary_id", "spelling_kind_code", "value") VALUES ('97c4e13c-b2a2-583f-84c1-581f77b1523f', '461f8d91-ff08-5cf0-a0a9-891008b85589', 'KANJI', '止まれ');
INSERT INTO "vocabulary"."spelling" ("id", "vocabulary_id", "spelling_kind_code", "value") VALUES ('2a41e86c-5fa7-5d05-9f86-95c861c939b8', '461f8d91-ff08-5cf0-a0a9-891008b85589', 'HIRAGANA', 'とまれ');
INSERT INTO "vocabulary"."spelling" ("id", "vocabulary_id", "spelling_kind_code", "value") VALUES ('8c7580d6-11d1-5e97-bdc3-44c61165a658', '461f8d91-ff08-5cf0-a0a9-891008b85589', 'KANJI', '止まれ');
INSERT INTO "vocabulary"."linkages" ("vocabulary_id", "preferred_definition_id", "preferred_spelling_id", "phonetic_spelling_id", "alt_phonetic_spelling_id", "kanji_spelling_id", "conjugation_set_id") VALUES ('461f8d91-ff08-5cf0-a0a9-891008b85589', 'afcc8a1b-5201-5f6d-a991-7f3ac709c5c5', '97c4e13c-b2a2-583f-84c1-581f77b1523f', '2a41e86c-5fa7-5d05-9f86-95c861c939b8', NULL, '8c7580d6-11d1-5e97-bdc3-44c61165a658', NULL);
-- 野 | plain; field --;
INSERT INTO "vocabulary"."vocabulary" ("id", "word_class_code", "conjugation_kind_code", "jlpt_level", "row_num", "tags", "date_added") VALUES ('8e1502b1-e593-5485-867d-72fcb3b1217d', 'NOUN', NULL, 3, 401, '{}', '2022-09-09');
INSERT INTO "vocabulary"."definition" ("id", "vocabulary_id", "sort_rank", "value") VALUES ('efbcc4b3-aa77-596d-b1c0-f4878f159dae', '8e1502b1-e593-5485-867d-72fcb3b1217d', 1, 'plain; field');
INSERT INTO "vocabulary"."spelling" ("id", "vocabulary_id", "spelling_kind_code", "value") VALUES ('2d792d54-6c89-5e4f-93d0-500cc86304f1', '8e1502b1-e593-5485-867d-72fcb3b1217d', 'KANJI', '野');
INSERT INTO "vocabulary"."spelling" ("id", "vocabulary_id", "spelling_kind_code", "value") VALUES ('498150f8-8176-5d06-8b2a-711c65855f5c', '8e1502b1-e593-5485-867d-72fcb3b1217d', 'HIRAGANA', 'の');
INSERT INTO "vocabulary"."spelling" ("id", "vocabulary_id", "spelling_kind_code", "value") VALUES ('6545f1e8-a2bf-5ea5-9862-e6640fb91bf6', '8e1502b1-e593-5485-867d-72fcb3b1217d', 'KANJI', '野');
INSERT INTO "vocabulary"."linkages" ("vocabulary_id", "preferred_definition_id", "preferred_spelling_id", "phonetic_spelling_id", "alt_phonetic_spelling_id", "kanji_spelling_id", "conjugation_set_id") VALUES ('8e1502b1-e593-5485-867d-72fcb3b1217d', 'efbcc4b3-aa77-596d-b1c0-f4878f159dae', '2d792d54-6c89-5e4f-93d0-500cc86304f1', '498150f8-8176-5d06-8b2a-711c65855f5c', NULL, '6545f1e8-a2bf-5ea5-9862-e6640fb91bf6', NULL);
-- 等分 | division into equal parts --;
INSERT INTO "vocabulary"."vocabulary" ("id", "word_class_code", "conjugation_kind_code", "jlpt_level", "row_num", "tags", "date_added") VALUES ('7d911224-17ff-5957-a840-cf56e5907439', 'NOUN', NULL, 2, 402, '{}', '2022-08-12');
INSERT INTO "vocabulary"."definition" ("id", "vocabulary_id", "sort_rank", "value") VALUES ('4908aafb-a9b7-5c89-b432-ed611c06069f', '7d911224-17ff-5957-a840-cf56e5907439', 1, 'division into equal parts');
INSERT INTO "vocabulary"."spelling" ("id", "vocabulary_id", "spelling_kind_code", "value") VALUES ('5078e548-da7a-5786-8a9a-8c215248a8ad', '7d911224-17ff-5957-a840-cf56e5907439', 'KANJI', '等分');
INSERT INTO "vocabulary"."spelling" ("id", "vocabulary_id", "spelling_kind_code", "value") VALUES ('db7d6672-ac09-58a4-9aa1-c4f192921767', '7d911224-17ff-5957-a840-cf56e5907439', 'HIRAGANA', 'とうぶん');
INSERT INTO "vocabulary"."spelling" ("id", "vocabulary_id", "spelling_kind_code", "value") VALUES ('f2a7aeab-493c-5b9c-a1a3-049fd0b5f09b', '7d911224-17ff-5957-a840-cf56e5907439', 'KANJI', '等分');
INSERT INTO "vocabulary"."linkages" ("vocabulary_id", "preferred_definition_id", "preferred_spelling_id", "phonetic_spelling_id", "alt_phonetic_spelling_id", "kanji_spelling_id", "conjugation_set_id") VALUES ('7d911224-17ff-5957-a840-cf56e5907439', '4908aafb-a9b7-5c89-b432-ed611c06069f', '5078e548-da7a-5786-8a9a-8c215248a8ad', 'db7d6672-ac09-58a4-9aa1-c4f192921767', NULL, 'f2a7aeab-493c-5b9c-a1a3-049fd0b5f09b', NULL);
-- 花嫁 | bride --;
INSERT INTO "vocabulary"."vocabulary" ("id", "word_class_code", "conjugation_kind_code", "jlpt_level", "row_num", "tags", "date_added") VALUES ('e396a0a2-95a9-52dc-bbde-5bbc8d28c073', 'NOUN', NULL, 2, 403, '{}', '2022-08-12');
INSERT INTO "vocabulary"."definition" ("id", "vocabulary_id", "sort_rank", "value") VALUES ('a8142b53-9868-559a-a806-e26d95aaa9cc', 'e396a0a2-95a9-52dc-bbde-5bbc8d28c073', 1, 'bride');
INSERT INTO "vocabulary"."spelling" ("id", "vocabulary_id", "spelling_kind_code", "value") VALUES ('29f51eb1-b199-5670-8720-e3d3a4201f3c', 'e396a0a2-95a9-52dc-bbde-5bbc8d28c073', 'KANJI', '花嫁');
INSERT INTO "vocabulary"."spelling" ("id", "vocabulary_id", "spelling_kind_code", "value") VALUES ('a444f653-133d-5c02-a466-d0fe5522317b', 'e396a0a2-95a9-52dc-bbde-5bbc8d28c073', 'HIRAGANA', 'はなよめ');
INSERT INTO "vocabulary"."spelling" ("id", "vocabulary_id", "spelling_kind_code", "value") VALUES ('0d183e5e-2eb6-525b-9c87-84c9dd9237aa', 'e396a0a2-95a9-52dc-bbde-5bbc8d28c073', 'KANJI', '花嫁');
INSERT INTO "vocabulary"."linkages" ("vocabulary_id", "preferred_definition_id", "preferred_spelling_id", "phonetic_spelling_id", "alt_phonetic_spelling_id", "kanji_spelling_id", "conjugation_set_id") VALUES ('e396a0a2-95a9-52dc-bbde-5bbc8d28c073', 'a8142b53-9868-559a-a806-e26d95aaa9cc', '29f51eb1-b199-5670-8720-e3d3a4201f3c', 'a444f653-133d-5c02-a466-d0fe5522317b', NULL, '0d183e5e-2eb6-525b-9c87-84c9dd9237aa', NULL);
-- 師匠 | master; teacher --;
INSERT INTO "vocabulary"."vocabulary" ("id", "word_class_code", "conjugation_kind_code", "jlpt_level", "row_num", "tags", "date_added") VALUES ('3f9be32c-56f7-5543-98b0-5f145ab43669', 'NOUN', NULL, NULL, 404, '{}', '2022-08-12');
INSERT INTO "vocabulary"."definition" ("id", "vocabulary_id", "sort_rank", "value") VALUES ('00e32809-9d02-5ec8-a9b6-78d7228d60ae', '3f9be32c-56f7-5543-98b0-5f145ab43669', 1, 'master; teacher');
INSERT INTO "vocabulary"."spelling" ("id", "vocabulary_id", "spelling_kind_code", "value") VALUES ('599e67c7-f5b5-5924-b91a-596bf3a20d4c', '3f9be32c-56f7-5543-98b0-5f145ab43669', 'KANJI', '師匠');
INSERT INTO "vocabulary"."spelling" ("id", "vocabulary_id", "spelling_kind_code", "value") VALUES ('9b619213-70e3-5d02-9545-1538912b4049', '3f9be32c-56f7-5543-98b0-5f145ab43669', 'HIRAGANA', 'ししょう');
INSERT INTO "vocabulary"."spelling" ("id", "vocabulary_id", "spelling_kind_code", "value") VALUES ('48361be5-70bf-58ff-9cf3-3f0d8d2decbb', '3f9be32c-56f7-5543-98b0-5f145ab43669', 'KANJI', '師匠');
INSERT INTO "vocabulary"."linkages" ("vocabulary_id", "preferred_definition_id", "preferred_spelling_id", "phonetic_spelling_id", "alt_phonetic_spelling_id", "kanji_spelling_id", "conjugation_set_id") VALUES ('3f9be32c-56f7-5543-98b0-5f145ab43669', '00e32809-9d02-5ec8-a9b6-78d7228d60ae', '599e67c7-f5b5-5924-b91a-596bf3a20d4c', '9b619213-70e3-5d02-9545-1538912b4049', NULL, '48361be5-70bf-58ff-9cf3-3f0d8d2decbb', NULL);
-- ご注文 | order; request --;
INSERT INTO "vocabulary"."vocabulary" ("id", "word_class_code", "conjugation_kind_code", "jlpt_level", "row_num", "tags", "date_added") VALUES ('b0f23319-1e7e-5eee-aa4c-1181b78ebeec', 'NOUN', NULL, NULL, 405, '{}', '2022-08-12');
INSERT INTO "vocabulary"."definition" ("id", "vocabulary_id", "sort_rank", "value") VALUES ('70370d4e-9030-5c51-a888-58aa0f02db8f', 'b0f23319-1e7e-5eee-aa4c-1181b78ebeec', 1, 'order; request');
INSERT INTO "vocabulary"."spelling" ("id", "vocabulary_id", "spelling_kind_code", "value") VALUES ('5e9b47b6-08f5-5e96-b6c6-f23e68491ed8', 'b0f23319-1e7e-5eee-aa4c-1181b78ebeec', 'KANJI', 'ご注文');
INSERT INTO "vocabulary"."spelling" ("id", "vocabulary_id", "spelling_kind_code", "value") VALUES ('e6ebc07f-2c52-5bd4-881e-4c01aea1888d', 'b0f23319-1e7e-5eee-aa4c-1181b78ebeec', 'HIRAGANA', 'ごちゅもん');
INSERT INTO "vocabulary"."spelling" ("id", "vocabulary_id", "spelling_kind_code", "value") VALUES ('bed18575-4ca4-53c9-843f-72de9de0e9f1', 'b0f23319-1e7e-5eee-aa4c-1181b78ebeec', 'KANJI', 'ご注文');
INSERT INTO "vocabulary"."linkages" ("vocabulary_id", "preferred_definition_id", "preferred_spelling_id", "phonetic_spelling_id", "alt_phonetic_spelling_id", "kanji_spelling_id", "conjugation_set_id") VALUES ('b0f23319-1e7e-5eee-aa4c-1181b78ebeec', '70370d4e-9030-5c51-a888-58aa0f02db8f', '5e9b47b6-08f5-5e96-b6c6-f23e68491ed8', 'e6ebc07f-2c52-5bd4-881e-4c01aea1888d', NULL, 'bed18575-4ca4-53c9-843f-72de9de0e9f1', NULL);
-- 魔女 | witch --;
INSERT INTO "vocabulary"."vocabulary" ("id", "word_class_code", "conjugation_kind_code", "jlpt_level", "row_num", "tags", "date_added") VALUES ('c495dd60-9438-5d9f-892e-6b37d6d88c4a', 'NOUN', NULL, NULL, 406, '{}', '2022-08-12');
INSERT INTO "vocabulary"."definition" ("id", "vocabulary_id", "sort_rank", "value") VALUES ('1f1f509c-64a2-55c1-92f2-b37644f60abf', 'c495dd60-9438-5d9f-892e-6b37d6d88c4a', 1, 'witch');
INSERT INTO "vocabulary"."spelling" ("id", "vocabulary_id", "spelling_kind_code", "value") VALUES ('e4119f01-335b-5aa9-b738-28dd6026065c', 'c495dd60-9438-5d9f-892e-6b37d6d88c4a', 'KANJI', '魔女');
INSERT INTO "vocabulary"."spelling" ("id", "vocabulary_id", "spelling_kind_code", "value") VALUES ('e22365ca-70bf-5448-ae38-0a7ac63691bb', 'c495dd60-9438-5d9f-892e-6b37d6d88c4a', 'HIRAGANA', 'まじょ');
INSERT INTO "vocabulary"."spelling" ("id", "vocabulary_id", "spelling_kind_code", "value") VALUES ('dbb95d59-4d68-5451-98e8-3c03eaf8e731', 'c495dd60-9438-5d9f-892e-6b37d6d88c4a', 'KANJI', '魔女');
INSERT INTO "vocabulary"."linkages" ("vocabulary_id", "preferred_definition_id", "preferred_spelling_id", "phonetic_spelling_id", "alt_phonetic_spelling_id", "kanji_spelling_id", "conjugation_set_id") VALUES ('c495dd60-9438-5d9f-892e-6b37d6d88c4a', '1f1f509c-64a2-55c1-92f2-b37644f60abf', 'e4119f01-335b-5aa9-b738-28dd6026065c', 'e22365ca-70bf-5448-ae38-0a7ac63691bb', NULL, 'dbb95d59-4d68-5451-98e8-3c03eaf8e731', NULL);
-- 鬼 | demon; ogre --;
INSERT INTO "vocabulary"."vocabulary" ("id", "word_class_code", "conjugation_kind_code", "jlpt_level", "row_num", "tags", "date_added") VALUES ('52f192e3-6628-546b-80b5-f63547b440d5', 'NOUN', NULL, 3, 407, '{}', '2022-08-12');
INSERT INTO "vocabulary"."definition" ("id", "vocabulary_id", "sort_rank", "value") VALUES ('f50adec8-7a7a-53de-950b-af1ff76db1b3', '52f192e3-6628-546b-80b5-f63547b440d5', 1, 'demon; ogre');
INSERT INTO "vocabulary"."spelling" ("id", "vocabulary_id", "spelling_kind_code", "value") VALUES ('8e55d50a-6ed9-5098-a1d5-ac5d6aceff3e', '52f192e3-6628-546b-80b5-f63547b440d5', 'KANJI', '鬼');
INSERT INTO "vocabulary"."spelling" ("id", "vocabulary_id", "spelling_kind_code", "value") VALUES ('286eed71-a580-5a27-a602-e0212b373708', '52f192e3-6628-546b-80b5-f63547b440d5', 'HIRAGANA', 'おに');
INSERT INTO "vocabulary"."spelling" ("id", "vocabulary_id", "spelling_kind_code", "value") VALUES ('5773fb44-488e-50e1-82fb-6094d7872e1e', '52f192e3-6628-546b-80b5-f63547b440d5', 'KANJI', '鬼');
INSERT INTO "vocabulary"."linkages" ("vocabulary_id", "preferred_definition_id", "preferred_spelling_id", "phonetic_spelling_id", "alt_phonetic_spelling_id", "kanji_spelling_id", "conjugation_set_id") VALUES ('52f192e3-6628-546b-80b5-f63547b440d5', 'f50adec8-7a7a-53de-950b-af1ff76db1b3', '8e55d50a-6ed9-5098-a1d5-ac5d6aceff3e', '286eed71-a580-5a27-a602-e0212b373708', NULL, '5773fb44-488e-50e1-82fb-6094d7872e1e', NULL);
-- 神 | devine spirit --;
INSERT INTO "vocabulary"."vocabulary" ("id", "word_class_code", "conjugation_kind_code", "jlpt_level", "row_num", "tags", "date_added") VALUES ('63f02942-2ba9-5ff6-aa84-be6ecd6f209d', 'NOUN', NULL, 3, 408, '{}', '2022-08-12');
INSERT INTO "vocabulary"."definition" ("id", "vocabulary_id", "sort_rank", "value") VALUES ('53ff4408-055a-5729-bf42-cf8206f7b983', '63f02942-2ba9-5ff6-aa84-be6ecd6f209d', 1, 'devine spirit');
INSERT INTO "vocabulary"."spelling" ("id", "vocabulary_id", "spelling_kind_code", "value") VALUES ('3d813af3-d492-5d0b-9704-975e091f0ccf', '63f02942-2ba9-5ff6-aa84-be6ecd6f209d', 'KANJI', '神');
INSERT INTO "vocabulary"."spelling" ("id", "vocabulary_id", "spelling_kind_code", "value") VALUES ('cb69548e-2a39-528e-8b32-8f49ee053cd6', '63f02942-2ba9-5ff6-aa84-be6ecd6f209d', 'HIRAGANA', 'かみ');
INSERT INTO "vocabulary"."spelling" ("id", "vocabulary_id", "spelling_kind_code", "value") VALUES ('561b8743-2b05-5b65-8625-8c11d04316f2', '63f02942-2ba9-5ff6-aa84-be6ecd6f209d', 'KANJI', '神');
INSERT INTO "vocabulary"."linkages" ("vocabulary_id", "preferred_definition_id", "preferred_spelling_id", "phonetic_spelling_id", "alt_phonetic_spelling_id", "kanji_spelling_id", "conjugation_set_id") VALUES ('63f02942-2ba9-5ff6-aa84-be6ecd6f209d', '53ff4408-055a-5729-bf42-cf8206f7b983', '3d813af3-d492-5d0b-9704-975e091f0ccf', 'cb69548e-2a39-528e-8b32-8f49ee053cd6', NULL, '561b8743-2b05-5b65-8625-8c11d04316f2', NULL);
-- 旅 | travel; trip; journey --;
INSERT INTO "vocabulary"."vocabulary" ("id", "word_class_code", "conjugation_kind_code", "jlpt_level", "row_num", "tags", "date_added") VALUES ('abbcc24b-a635-5aeb-b6ef-387d88099538', 'NOUN', NULL, 3, 409, '{}', '2022-08-12');
INSERT INTO "vocabulary"."definition" ("id", "vocabulary_id", "sort_rank", "value") VALUES ('4cdc2ebb-75f1-5fc0-9900-f52b5048fdd7', 'abbcc24b-a635-5aeb-b6ef-387d88099538', 1, 'travel; trip; journey');
INSERT INTO "vocabulary"."spelling" ("id", "vocabulary_id", "spelling_kind_code", "value") VALUES ('bfbd68a5-7105-5728-b5c7-ec7fe0fe70ea', 'abbcc24b-a635-5aeb-b6ef-387d88099538', 'KANJI', '旅');
INSERT INTO "vocabulary"."spelling" ("id", "vocabulary_id", "spelling_kind_code", "value") VALUES ('b1a545d4-6fe9-5caf-9093-4309acc3460f', 'abbcc24b-a635-5aeb-b6ef-387d88099538', 'HIRAGANA', 'たび');
INSERT INTO "vocabulary"."spelling" ("id", "vocabulary_id", "spelling_kind_code", "value") VALUES ('b01371ed-4181-5074-a9de-027c44b597dc', 'abbcc24b-a635-5aeb-b6ef-387d88099538', 'KANJI', '旅');
INSERT INTO "vocabulary"."linkages" ("vocabulary_id", "preferred_definition_id", "preferred_spelling_id", "phonetic_spelling_id", "alt_phonetic_spelling_id", "kanji_spelling_id", "conjugation_set_id") VALUES ('abbcc24b-a635-5aeb-b6ef-387d88099538', '4cdc2ebb-75f1-5fc0-9900-f52b5048fdd7', 'bfbd68a5-7105-5728-b5c7-ec7fe0fe70ea', 'b1a545d4-6fe9-5caf-9093-4309acc3460f', NULL, 'b01371ed-4181-5074-a9de-027c44b597dc', NULL);
-- 軽音楽 | light music --;
INSERT INTO "vocabulary"."vocabulary" ("id", "word_class_code", "conjugation_kind_code", "jlpt_level", "row_num", "tags", "date_added") VALUES ('aeac8e75-ade1-55a0-b4d0-4203dc90df45', 'NOUN', NULL, 1, 410, '{}', '2022-08-19');
INSERT INTO "vocabulary"."definition" ("id", "vocabulary_id", "sort_rank", "value") VALUES ('ae7bda6d-80d6-569e-adb0-3c75755ae4db', 'aeac8e75-ade1-55a0-b4d0-4203dc90df45', 1, 'light music');
INSERT INTO "vocabulary"."spelling" ("id", "vocabulary_id", "spelling_kind_code", "value") VALUES ('7c5e9ff6-ff8a-5407-85d9-089d03b5b63d', 'aeac8e75-ade1-55a0-b4d0-4203dc90df45', 'KANJI', '軽音楽');
INSERT INTO "vocabulary"."spelling" ("id", "vocabulary_id", "spelling_kind_code", "value") VALUES ('bbecd8ea-04de-58c0-a344-24b80690b0fc', 'aeac8e75-ade1-55a0-b4d0-4203dc90df45', 'HIRAGANA', 'けいおんがく');
INSERT INTO "vocabulary"."spelling" ("id", "vocabulary_id", "spelling_kind_code", "value") VALUES ('5a42a672-1f55-5011-98c9-92c4bf40c556', 'aeac8e75-ade1-55a0-b4d0-4203dc90df45', 'KANJI', '軽音楽');
INSERT INTO "vocabulary"."linkages" ("vocabulary_id", "preferred_definition_id", "preferred_spelling_id", "phonetic_spelling_id", "alt_phonetic_spelling_id", "kanji_spelling_id", "conjugation_set_id") VALUES ('aeac8e75-ade1-55a0-b4d0-4203dc90df45', 'ae7bda6d-80d6-569e-adb0-3c75755ae4db', '7c5e9ff6-ff8a-5407-85d9-089d03b5b63d', 'bbecd8ea-04de-58c0-a344-24b80690b0fc', NULL, '5a42a672-1f55-5011-98c9-92c4bf40c556', NULL);
-- 部 | club; department (of company) --;
INSERT INTO "vocabulary"."vocabulary" ("id", "word_class_code", "conjugation_kind_code", "jlpt_level", "row_num", "tags", "date_added") VALUES ('300bed58-ddab-5420-8396-3147573388c3', 'NOUN', NULL, 1, 411, '{}', '2022-08-12');
INSERT INTO "vocabulary"."definition" ("id", "vocabulary_id", "sort_rank", "value") VALUES ('73d7f543-f607-5320-b9a9-f5d4c97e38a0', '300bed58-ddab-5420-8396-3147573388c3', 1, 'club; department (of company)');
INSERT INTO "vocabulary"."spelling" ("id", "vocabulary_id", "spelling_kind_code", "value") VALUES ('534163f1-17b6-5369-ad7b-a53e24c7e7b4', '300bed58-ddab-5420-8396-3147573388c3', 'KANJI', '部');
INSERT INTO "vocabulary"."spelling" ("id", "vocabulary_id", "spelling_kind_code", "value") VALUES ('2d5e84e4-6cc3-5ecf-b742-130a60f49fc5', '300bed58-ddab-5420-8396-3147573388c3', 'HIRAGANA', 'ぶ');
INSERT INTO "vocabulary"."spelling" ("id", "vocabulary_id", "spelling_kind_code", "value") VALUES ('cf8fcaf8-2c0b-5a92-aa13-18bbf512423e', '300bed58-ddab-5420-8396-3147573388c3', 'KANJI', '部');
INSERT INTO "vocabulary"."linkages" ("vocabulary_id", "preferred_definition_id", "preferred_spelling_id", "phonetic_spelling_id", "alt_phonetic_spelling_id", "kanji_spelling_id", "conjugation_set_id") VALUES ('300bed58-ddab-5420-8396-3147573388c3', '73d7f543-f607-5320-b9a9-f5d4c97e38a0', '534163f1-17b6-5369-ad7b-a53e24c7e7b4', '2d5e84e4-6cc3-5ecf-b742-130a60f49fc5', NULL, 'cf8fcaf8-2c0b-5a92-aa13-18bbf512423e', NULL);
-- チビ | small child; cute small version of someone --;
INSERT INTO "vocabulary"."vocabulary" ("id", "word_class_code", "conjugation_kind_code", "jlpt_level", "row_num", "tags", "date_added") VALUES ('e2a1e5ef-c9d8-5554-a912-e6014d2c0f35', 'NOUN', NULL, NULL, 412, '{}', '2022-08-13');
INSERT INTO "vocabulary"."definition" ("id", "vocabulary_id", "sort_rank", "value") VALUES ('9bc85ce2-6e6e-527c-b174-a237458752e3', 'e2a1e5ef-c9d8-5554-a912-e6014d2c0f35', 1, 'small child; cute small version of someone');
INSERT INTO "vocabulary"."spelling" ("id", "vocabulary_id", "spelling_kind_code", "value") VALUES ('658a6adb-4d26-5e54-b36e-645378f238f0', 'e2a1e5ef-c9d8-5554-a912-e6014d2c0f35', 'KATAKANA', 'チビ');
INSERT INTO "vocabulary"."spelling" ("id", "vocabulary_id", "spelling_kind_code", "value") VALUES ('571dc8cf-4afa-54dd-871c-ba761cf83fa7', 'e2a1e5ef-c9d8-5554-a912-e6014d2c0f35', 'HIRAGANA', 'ちび');
INSERT INTO "vocabulary"."linkages" ("vocabulary_id", "preferred_definition_id", "preferred_spelling_id", "phonetic_spelling_id", "alt_phonetic_spelling_id", "kanji_spelling_id", "conjugation_set_id") VALUES ('e2a1e5ef-c9d8-5554-a912-e6014d2c0f35', '9bc85ce2-6e6e-527c-b174-a237458752e3', '658a6adb-4d26-5e54-b36e-645378f238f0', '571dc8cf-4afa-54dd-871c-ba761cf83fa7', NULL, NULL, NULL);
-- カワイイ | cute --;
INSERT INTO "vocabulary"."vocabulary" ("id", "word_class_code", "conjugation_kind_code", "jlpt_level", "row_num", "tags", "date_added") VALUES ('2c0b911e-ac72-5c04-bfd3-ebcd9e988dee', 'ADJECTIVE', 'I_ADJECTIVE', 5, 413, '{}', '2022-08-13');
INSERT INTO "vocabulary"."definition" ("id", "vocabulary_id", "sort_rank", "value") VALUES ('177d6461-4a87-5587-9302-c04b12b616b1', '2c0b911e-ac72-5c04-bfd3-ebcd9e988dee', 1, 'cute');
INSERT INTO "vocabulary"."spelling" ("id", "vocabulary_id", "spelling_kind_code", "value") VALUES ('8b8ac693-7d52-50ad-a309-27ffb29b396f', '2c0b911e-ac72-5c04-bfd3-ebcd9e988dee', 'KATAKANA', 'カワイイ');
INSERT INTO "vocabulary"."spelling" ("id", "vocabulary_id", "spelling_kind_code", "value") VALUES ('e7461cf9-7cf6-593c-9db9-a275dc53f1b9', '2c0b911e-ac72-5c04-bfd3-ebcd9e988dee', 'HIRAGANA', 'かわいい');
INSERT INTO "vocabulary"."spelling" ("id", "vocabulary_id", "spelling_kind_code", "value") VALUES ('7a38ab56-6e0a-5bb3-b036-afdce3bfb6d3', '2c0b911e-ac72-5c04-bfd3-ebcd9e988dee', 'KANJI', '可愛い');
INSERT INTO "vocabulary"."linkages" ("vocabulary_id", "preferred_definition_id", "preferred_spelling_id", "phonetic_spelling_id", "alt_phonetic_spelling_id", "kanji_spelling_id", "conjugation_set_id") VALUES ('2c0b911e-ac72-5c04-bfd3-ebcd9e988dee', '177d6461-4a87-5587-9302-c04b12b616b1', '8b8ac693-7d52-50ad-a309-27ffb29b396f', 'e7461cf9-7cf6-593c-9db9-a275dc53f1b9', NULL, '7a38ab56-6e0a-5bb3-b036-afdce3bfb6d3', NULL);
-- 〜人 | counter for people --;
INSERT INTO "vocabulary"."vocabulary" ("id", "word_class_code", "conjugation_kind_code", "jlpt_level", "row_num", "tags", "date_added") VALUES ('356f27dd-22ca-4e95-b637-6ee6c52855f2', 'COUNTER', NULL, NULL, 414, '{}', '2022-09-26');
INSERT INTO "vocabulary"."definition" ("id", "vocabulary_id", "sort_rank", "value") VALUES ('45ba9c83-caa3-56ea-8630-36c9b81ac1c2', '356f27dd-22ca-4e95-b637-6ee6c52855f2', 1, 'counter for people');
INSERT INTO "vocabulary"."spelling" ("id", "vocabulary_id", "spelling_kind_code", "value") VALUES ('26668e93-edb3-566b-b072-d0f8221d0665', '356f27dd-22ca-4e95-b637-6ee6c52855f2', 'KANJI', '〜人');
INSERT INTO "vocabulary"."spelling" ("id", "vocabulary_id", "spelling_kind_code", "value") VALUES ('f50d8a85-0372-584a-bbff-07ebd9743855', '356f27dd-22ca-4e95-b637-6ee6c52855f2', 'HIRAGANA', 'にん');
INSERT INTO "vocabulary"."spelling" ("id", "vocabulary_id", "spelling_kind_code", "value") VALUES ('e26b7fd9-710d-54fa-aab7-c9753f529e32', '356f27dd-22ca-4e95-b637-6ee6c52855f2', 'KANJI', '〜人');
INSERT INTO "vocabulary"."linkages" ("vocabulary_id", "preferred_definition_id", "preferred_spelling_id", "phonetic_spelling_id", "alt_phonetic_spelling_id", "kanji_spelling_id", "conjugation_set_id") VALUES ('356f27dd-22ca-4e95-b637-6ee6c52855f2', '45ba9c83-caa3-56ea-8630-36c9b81ac1c2', '26668e93-edb3-566b-b072-d0f8221d0665', 'f50d8a85-0372-584a-bbff-07ebd9743855', NULL, 'e26b7fd9-710d-54fa-aab7-c9753f529e32', NULL);
-- 一人 | 1 person; alone; single --;
INSERT INTO "vocabulary"."vocabulary" ("id", "word_class_code", "conjugation_kind_code", "jlpt_level", "row_num", "tags", "date_added") VALUES ('63328d5a-cff9-459a-bc29-b0ce33776a95', 'NOUN', NULL, 5, 415, '{}', '2022-09-26');
INSERT INTO "vocabulary"."definition" ("id", "vocabulary_id", "sort_rank", "value") VALUES ('068d3594-6d08-5564-adc7-6881b943ea21', '63328d5a-cff9-459a-bc29-b0ce33776a95', 1, '1 person; alone; single');
INSERT INTO "vocabulary"."spelling" ("id", "vocabulary_id", "spelling_kind_code", "value") VALUES ('435f941d-058d-592d-bb76-3bd4846c56e8', '63328d5a-cff9-459a-bc29-b0ce33776a95', 'KANJI', '一人');
INSERT INTO "vocabulary"."spelling" ("id", "vocabulary_id", "spelling_kind_code", "value") VALUES ('e8f40e1c-4ae1-54f9-b266-4da2deb8f3f6', '63328d5a-cff9-459a-bc29-b0ce33776a95', 'HIRAGANA', 'ひとり');
INSERT INTO "vocabulary"."spelling" ("id", "vocabulary_id", "spelling_kind_code", "value") VALUES ('a2a7e2bb-c315-5111-805c-1b56b9632b7b', '63328d5a-cff9-459a-bc29-b0ce33776a95', 'KANJI', '一人');
INSERT INTO "vocabulary"."linkages" ("vocabulary_id", "preferred_definition_id", "preferred_spelling_id", "phonetic_spelling_id", "alt_phonetic_spelling_id", "kanji_spelling_id", "conjugation_set_id") VALUES ('63328d5a-cff9-459a-bc29-b0ce33776a95', '068d3594-6d08-5564-adc7-6881b943ea21', '435f941d-058d-592d-bb76-3bd4846c56e8', 'e8f40e1c-4ae1-54f9-b266-4da2deb8f3f6', NULL, 'a2a7e2bb-c315-5111-805c-1b56b9632b7b', NULL);
-- 二人 | two people --;
INSERT INTO "vocabulary"."vocabulary" ("id", "word_class_code", "conjugation_kind_code", "jlpt_level", "row_num", "tags", "date_added") VALUES ('2ef7fa68-00e9-438c-8a78-e8e1b10cd274', 'NOUN', NULL, 5, 416, '{}', '2022-09-26');
INSERT INTO "vocabulary"."definition" ("id", "vocabulary_id", "sort_rank", "value") VALUES ('9340bd64-a511-50b2-b1c8-b7ba191fb0dd', '2ef7fa68-00e9-438c-8a78-e8e1b10cd274', 1, 'two people');
INSERT INTO "vocabulary"."spelling" ("id", "vocabulary_id", "spelling_kind_code", "value") VALUES ('12b642e4-296c-521d-8a4b-1e851b8a5854', '2ef7fa68-00e9-438c-8a78-e8e1b10cd274', 'KANJI', '二人');
INSERT INTO "vocabulary"."spelling" ("id", "vocabulary_id", "spelling_kind_code", "value") VALUES ('16656d59-7012-57da-9f02-ba22f720db06', '2ef7fa68-00e9-438c-8a78-e8e1b10cd274', 'HIRAGANA', 'ふたり');
INSERT INTO "vocabulary"."spelling" ("id", "vocabulary_id", "spelling_kind_code", "value") VALUES ('1d0f64c5-4c0b-54a8-b397-f0ca656e4fcb', '2ef7fa68-00e9-438c-8a78-e8e1b10cd274', 'KANJI', '二人');
INSERT INTO "vocabulary"."linkages" ("vocabulary_id", "preferred_definition_id", "preferred_spelling_id", "phonetic_spelling_id", "alt_phonetic_spelling_id", "kanji_spelling_id", "conjugation_set_id") VALUES ('2ef7fa68-00e9-438c-8a78-e8e1b10cd274', '9340bd64-a511-50b2-b1c8-b7ba191fb0dd', '12b642e4-296c-521d-8a4b-1e851b8a5854', '16656d59-7012-57da-9f02-ba22f720db06', NULL, '1d0f64c5-4c0b-54a8-b397-f0ca656e4fcb', NULL);
-- こたつ | heated table --;
INSERT INTO "vocabulary"."vocabulary" ("id", "word_class_code", "conjugation_kind_code", "jlpt_level", "row_num", "tags", "date_added") VALUES ('281d7359-80a0-519d-9c57-504f35bfd5ee', 'NOUN', NULL, 1, 417, '{}', '2022-08-13');
INSERT INTO "vocabulary"."definition" ("id", "vocabulary_id", "sort_rank", "value") VALUES ('3c4c2018-4c41-5906-8dd9-59d34230c3ae', '281d7359-80a0-519d-9c57-504f35bfd5ee', 1, 'heated table');
INSERT INTO "vocabulary"."spelling" ("id", "vocabulary_id", "spelling_kind_code", "value") VALUES ('366c5ef6-948e-589f-aa86-95dbcc6b7367', '281d7359-80a0-519d-9c57-504f35bfd5ee', 'HIRAGANA', 'こたつ');
INSERT INTO "vocabulary"."spelling" ("id", "vocabulary_id", "spelling_kind_code", "value") VALUES ('193f8592-00d6-5456-b4c5-4b932f716093', '281d7359-80a0-519d-9c57-504f35bfd5ee', 'HIRAGANA', 'こたつ');
INSERT INTO "vocabulary"."linkages" ("vocabulary_id", "preferred_definition_id", "preferred_spelling_id", "phonetic_spelling_id", "alt_phonetic_spelling_id", "kanji_spelling_id", "conjugation_set_id") VALUES ('281d7359-80a0-519d-9c57-504f35bfd5ee', '3c4c2018-4c41-5906-8dd9-59d34230c3ae', '366c5ef6-948e-589f-aa86-95dbcc6b7367', '193f8592-00d6-5456-b4c5-4b932f716093', NULL, NULL, NULL);
-- 布団 | Japanese bedding --;
INSERT INTO "vocabulary"."vocabulary" ("id", "word_class_code", "conjugation_kind_code", "jlpt_level", "row_num", "tags", "date_added") VALUES ('c3f5ef65-8025-5f56-b5e1-efc61a1c81bc', 'NOUN', NULL, 4, 418, '{}', '2022-08-13');
INSERT INTO "vocabulary"."definition" ("id", "vocabulary_id", "sort_rank", "value") VALUES ('b6b33a66-d499-5bf5-a03a-9c0de29fd801', 'c3f5ef65-8025-5f56-b5e1-efc61a1c81bc', 1, 'Japanese bedding');
INSERT INTO "vocabulary"."spelling" ("id", "vocabulary_id", "spelling_kind_code", "value") VALUES ('878f3fad-cc6a-500b-b6af-9020a064bf11', 'c3f5ef65-8025-5f56-b5e1-efc61a1c81bc', 'KANJI', '布団');
INSERT INTO "vocabulary"."spelling" ("id", "vocabulary_id", "spelling_kind_code", "value") VALUES ('8415a180-c2d9-5603-a672-445cc19f4706', 'c3f5ef65-8025-5f56-b5e1-efc61a1c81bc', 'HIRAGANA', 'ふとん');
INSERT INTO "vocabulary"."spelling" ("id", "vocabulary_id", "spelling_kind_code", "value") VALUES ('653d97f9-33a6-54cf-ae1b-49d2849b287d', 'c3f5ef65-8025-5f56-b5e1-efc61a1c81bc', 'KANJI', '布団');
INSERT INTO "vocabulary"."linkages" ("vocabulary_id", "preferred_definition_id", "preferred_spelling_id", "phonetic_spelling_id", "alt_phonetic_spelling_id", "kanji_spelling_id", "conjugation_set_id") VALUES ('c3f5ef65-8025-5f56-b5e1-efc61a1c81bc', 'b6b33a66-d499-5bf5-a03a-9c0de29fd801', '878f3fad-cc6a-500b-b6af-9020a064bf11', '8415a180-c2d9-5603-a672-445cc19f4706', NULL, '653d97f9-33a6-54cf-ae1b-49d2849b287d', NULL);
-- 集める | to collect; to assemble; to gather --;
INSERT INTO "vocabulary"."vocabulary" ("id", "word_class_code", "conjugation_kind_code", "jlpt_level", "row_num", "tags", "date_added") VALUES ('49dcb689-b576-56c7-b9f6-1da98acb2667', 'VERB', 'ICHIDAN_VERB', 4, 419, '{}', '2022-08-22');
INSERT INTO "vocabulary"."definition" ("id", "vocabulary_id", "sort_rank", "value") VALUES ('d656d906-c2be-5150-8925-022565921bbc', '49dcb689-b576-56c7-b9f6-1da98acb2667', 1, 'to collect; to assemble; to gather');
INSERT INTO "vocabulary"."spelling" ("id", "vocabulary_id", "spelling_kind_code", "value") VALUES ('d3f65ef5-def1-5d0b-9e43-a56ababb6e7e', '49dcb689-b576-56c7-b9f6-1da98acb2667', 'KANJI', '集める');
INSERT INTO "vocabulary"."spelling" ("id", "vocabulary_id", "spelling_kind_code", "value") VALUES ('a70c37aa-0c47-5fd3-81a5-ec6ab33ae0a4', '49dcb689-b576-56c7-b9f6-1da98acb2667', 'HIRAGANA', 'あつめる');
INSERT INTO "vocabulary"."spelling" ("id", "vocabulary_id", "spelling_kind_code", "value") VALUES ('c0ecbe78-3b15-5502-85fa-f0cafe366aa3', '49dcb689-b576-56c7-b9f6-1da98acb2667', 'KANJI', '集める');
INSERT INTO "vocabulary"."linkages" ("vocabulary_id", "preferred_definition_id", "preferred_spelling_id", "phonetic_spelling_id", "alt_phonetic_spelling_id", "kanji_spelling_id", "conjugation_set_id") VALUES ('49dcb689-b576-56c7-b9f6-1da98acb2667', 'd656d906-c2be-5150-8925-022565921bbc', 'd3f65ef5-def1-5d0b-9e43-a56ababb6e7e', 'a70c37aa-0c47-5fd3-81a5-ec6ab33ae0a4', NULL, 'c0ecbe78-3b15-5502-85fa-f0cafe366aa3', NULL);
-- 乾杯 | cheers --;
INSERT INTO "vocabulary"."vocabulary" ("id", "word_class_code", "conjugation_kind_code", "jlpt_level", "row_num", "tags", "date_added") VALUES ('4f3a6c3d-94a5-54c7-bd5c-c16d008d8cf7', 'NOUN', NULL, 2, 420, '{}', '2022-08-27');
INSERT INTO "vocabulary"."definition" ("id", "vocabulary_id", "sort_rank", "value") VALUES ('de37111a-f92c-5c43-b123-f6800ff58c35', '4f3a6c3d-94a5-54c7-bd5c-c16d008d8cf7', 1, 'cheers');
INSERT INTO "vocabulary"."spelling" ("id", "vocabulary_id", "spelling_kind_code", "value") VALUES ('20c05524-9d02-58af-82b0-24aff17e1ad9', '4f3a6c3d-94a5-54c7-bd5c-c16d008d8cf7', 'KANJI', '乾杯');
INSERT INTO "vocabulary"."spelling" ("id", "vocabulary_id", "spelling_kind_code", "value") VALUES ('d7b7d9c1-9fc6-51e2-be7b-05670e124338', '4f3a6c3d-94a5-54c7-bd5c-c16d008d8cf7', 'HIRAGANA', 'かんぱい');
INSERT INTO "vocabulary"."spelling" ("id", "vocabulary_id", "spelling_kind_code", "value") VALUES ('b576a5e1-913d-512c-87f8-80f2b55667c4', '4f3a6c3d-94a5-54c7-bd5c-c16d008d8cf7', 'KANJI', '乾杯');
INSERT INTO "vocabulary"."linkages" ("vocabulary_id", "preferred_definition_id", "preferred_spelling_id", "phonetic_spelling_id", "alt_phonetic_spelling_id", "kanji_spelling_id", "conjugation_set_id") VALUES ('4f3a6c3d-94a5-54c7-bd5c-c16d008d8cf7', 'de37111a-f92c-5c43-b123-f6800ff58c35', '20c05524-9d02-58af-82b0-24aff17e1ad9', 'd7b7d9c1-9fc6-51e2-be7b-05670e124338', NULL, 'b576a5e1-913d-512c-87f8-80f2b55667c4', NULL);
-- 洗濯 | laundry --;
INSERT INTO "vocabulary"."vocabulary" ("id", "word_class_code", "conjugation_kind_code", "jlpt_level", "row_num", "tags", "date_added") VALUES ('4a03f495-c343-5e8f-a1fe-fd1b6624f63a', 'NOUN', NULL, 5, 421, '{}', '2022-08-29');
INSERT INTO "vocabulary"."definition" ("id", "vocabulary_id", "sort_rank", "value") VALUES ('e785f2fe-f3a0-527e-8fde-39785b60ae8c', '4a03f495-c343-5e8f-a1fe-fd1b6624f63a', 1, 'laundry');
INSERT INTO "vocabulary"."spelling" ("id", "vocabulary_id", "spelling_kind_code", "value") VALUES ('f8e7f822-6cdf-5906-a47a-4ba7c479d3e5', '4a03f495-c343-5e8f-a1fe-fd1b6624f63a', 'KANJI', '洗濯');
INSERT INTO "vocabulary"."spelling" ("id", "vocabulary_id", "spelling_kind_code", "value") VALUES ('29b11956-afcd-51fc-b130-9ca6251e078f', '4a03f495-c343-5e8f-a1fe-fd1b6624f63a', 'HIRAGANA', 'せんたく');
INSERT INTO "vocabulary"."spelling" ("id", "vocabulary_id", "spelling_kind_code", "value") VALUES ('9ce85915-f4c3-56d1-953e-229f2f67284f', '4a03f495-c343-5e8f-a1fe-fd1b6624f63a', 'KANJI', '洗濯');
INSERT INTO "vocabulary"."linkages" ("vocabulary_id", "preferred_definition_id", "preferred_spelling_id", "phonetic_spelling_id", "alt_phonetic_spelling_id", "kanji_spelling_id", "conjugation_set_id") VALUES ('4a03f495-c343-5e8f-a1fe-fd1b6624f63a', 'e785f2fe-f3a0-527e-8fde-39785b60ae8c', 'f8e7f822-6cdf-5906-a47a-4ba7c479d3e5', '29b11956-afcd-51fc-b130-9ca6251e078f', NULL, '9ce85915-f4c3-56d1-953e-229f2f67284f', NULL);
-- 星空 | starry sky --;
INSERT INTO "vocabulary"."vocabulary" ("id", "word_class_code", "conjugation_kind_code", "jlpt_level", "row_num", "tags", "date_added") VALUES ('4126b8e5-2e98-52ad-b637-7bd8ed566781', 'NOUN', NULL, NULL, 422, '{}', '2022-08-29');
INSERT INTO "vocabulary"."definition" ("id", "vocabulary_id", "sort_rank", "value") VALUES ('e5c47e46-b7a2-5731-86b6-095a7c020e44', '4126b8e5-2e98-52ad-b637-7bd8ed566781', 1, 'starry sky');
INSERT INTO "vocabulary"."spelling" ("id", "vocabulary_id", "spelling_kind_code", "value") VALUES ('5e235bec-c69b-581f-a1fd-edecfff46df2', '4126b8e5-2e98-52ad-b637-7bd8ed566781', 'KANJI', '星空');
INSERT INTO "vocabulary"."spelling" ("id", "vocabulary_id", "spelling_kind_code", "value") VALUES ('c97edb5c-0050-59fa-a677-a17b6ae83de4', '4126b8e5-2e98-52ad-b637-7bd8ed566781', 'HIRAGANA', 'ほしぞら');
INSERT INTO "vocabulary"."spelling" ("id", "vocabulary_id", "spelling_kind_code", "value") VALUES ('eaa1cf0b-8225-5003-8708-387e3f81ab57', '4126b8e5-2e98-52ad-b637-7bd8ed566781', 'KANJI', '星空');
INSERT INTO "vocabulary"."linkages" ("vocabulary_id", "preferred_definition_id", "preferred_spelling_id", "phonetic_spelling_id", "alt_phonetic_spelling_id", "kanji_spelling_id", "conjugation_set_id") VALUES ('4126b8e5-2e98-52ad-b637-7bd8ed566781', 'e5c47e46-b7a2-5731-86b6-095a7c020e44', '5e235bec-c69b-581f-a1fd-edecfff46df2', 'c97edb5c-0050-59fa-a677-a17b6ae83de4', NULL, 'eaa1cf0b-8225-5003-8708-387e3f81ab57', NULL);
-- 元気 | lively, energetic; well, healthy --;
INSERT INTO "vocabulary"."vocabulary" ("id", "word_class_code", "conjugation_kind_code", "jlpt_level", "row_num", "tags", "date_added") VALUES ('ee877e49-b3e4-5e51-a969-c620c8407809', 'ADJECTIVE', 'NA_ADJECTIVE', 5, 423, '{}', '2022-09-02');
INSERT INTO "vocabulary"."definition" ("id", "vocabulary_id", "sort_rank", "value") VALUES ('5e9c8ff3-7883-565d-849e-82756c42ac96', 'ee877e49-b3e4-5e51-a969-c620c8407809', 1, 'lively, energetic; well, healthy');
INSERT INTO "vocabulary"."spelling" ("id", "vocabulary_id", "spelling_kind_code", "value") VALUES ('769c3f1d-7e27-5ac5-890d-26d6c1669097', 'ee877e49-b3e4-5e51-a969-c620c8407809', 'KANJI', '元気');
INSERT INTO "vocabulary"."spelling" ("id", "vocabulary_id", "spelling_kind_code", "value") VALUES ('42129117-cf04-5c93-b999-fabef8eba980', 'ee877e49-b3e4-5e51-a969-c620c8407809', 'HIRAGANA', 'げんき');
INSERT INTO "vocabulary"."spelling" ("id", "vocabulary_id", "spelling_kind_code", "value") VALUES ('cbf229e8-05a1-554b-89ec-9eb81366703d', 'ee877e49-b3e4-5e51-a969-c620c8407809', 'KANJI', '元気');
INSERT INTO "vocabulary"."linkages" ("vocabulary_id", "preferred_definition_id", "preferred_spelling_id", "phonetic_spelling_id", "alt_phonetic_spelling_id", "kanji_spelling_id", "conjugation_set_id") VALUES ('ee877e49-b3e4-5e51-a969-c620c8407809', '5e9c8ff3-7883-565d-849e-82756c42ac96', '769c3f1d-7e27-5ac5-890d-26d6c1669097', '42129117-cf04-5c93-b999-fabef8eba980', NULL, 'cbf229e8-05a1-554b-89ec-9eb81366703d', NULL);
INSERT INTO "vocabulary"."reference" ("vocabulary_id", "lesson_code") VALUES ('ee877e49-b3e4-5e51-a969-c620c8407809', 'GENKI3_L05');
-- 願い | desire, wish; request --;
INSERT INTO "vocabulary"."vocabulary" ("id", "word_class_code", "conjugation_kind_code", "jlpt_level", "row_num", "tags", "date_added") VALUES ('4b7cb2ac-7b91-54eb-86e3-2366f5e802bb', 'NOUN', NULL, 3, 424, '{}', '2022-09-02');
INSERT INTO "vocabulary"."definition" ("id", "vocabulary_id", "sort_rank", "value") VALUES ('889fb716-eb11-5cef-a5ee-33f296bdaa1a', '4b7cb2ac-7b91-54eb-86e3-2366f5e802bb', 1, 'desire, wish; request');
INSERT INTO "vocabulary"."spelling" ("id", "vocabulary_id", "spelling_kind_code", "value") VALUES ('f3a3afb5-8767-5eee-8e3e-7990eab78f4b', '4b7cb2ac-7b91-54eb-86e3-2366f5e802bb', 'KANJI', '願い');
INSERT INTO "vocabulary"."spelling" ("id", "vocabulary_id", "spelling_kind_code", "value") VALUES ('98036445-6468-52e2-a08e-3b3cfdc4d2eb', '4b7cb2ac-7b91-54eb-86e3-2366f5e802bb', 'HIRAGANA', 'ねがい');
INSERT INTO "vocabulary"."spelling" ("id", "vocabulary_id", "spelling_kind_code", "value") VALUES ('49ac3201-0c1c-5e32-bf6c-f76a98ab653a', '4b7cb2ac-7b91-54eb-86e3-2366f5e802bb', 'KANJI', '願い');
INSERT INTO "vocabulary"."linkages" ("vocabulary_id", "preferred_definition_id", "preferred_spelling_id", "phonetic_spelling_id", "alt_phonetic_spelling_id", "kanji_spelling_id", "conjugation_set_id") VALUES ('4b7cb2ac-7b91-54eb-86e3-2366f5e802bb', '889fb716-eb11-5cef-a5ee-33f296bdaa1a', 'f3a3afb5-8767-5eee-8e3e-7990eab78f4b', '98036445-6468-52e2-a08e-3b3cfdc4d2eb', NULL, '49ac3201-0c1c-5e32-bf6c-f76a98ab653a', NULL);
INSERT INTO "vocabulary"."reference" ("vocabulary_id", "lesson_code") VALUES ('4b7cb2ac-7b91-54eb-86e3-2366f5e802bb', 'DUO_U03');
-- お願い | request; favor to ask --;
INSERT INTO "vocabulary"."vocabulary" ("id", "word_class_code", "conjugation_kind_code", "jlpt_level", "row_num", "tags", "date_added") VALUES ('1d9fa8be-94a8-565a-93a3-973da9e759fa', 'NOUN', 'GODAN_VERB', 5, 425, '{}', '2022-09-02');
INSERT INTO "vocabulary"."definition" ("id", "vocabulary_id", "sort_rank", "value") VALUES ('d102d983-0711-5558-a6f3-1195412330bf', '1d9fa8be-94a8-565a-93a3-973da9e759fa', 1, 'request; favor to ask');
INSERT INTO "vocabulary"."spelling" ("id", "vocabulary_id", "spelling_kind_code", "value") VALUES ('c4f73768-2015-5617-83c0-53569e5e3e14', '1d9fa8be-94a8-565a-93a3-973da9e759fa', 'KANJI', 'お願い');
INSERT INTO "vocabulary"."spelling" ("id", "vocabulary_id", "spelling_kind_code", "value") VALUES ('47125dd8-acc2-52ee-9a26-6a8aab495634', '1d9fa8be-94a8-565a-93a3-973da9e759fa', 'HIRAGANA', 'おねがい');
INSERT INTO "vocabulary"."spelling" ("id", "vocabulary_id", "spelling_kind_code", "value") VALUES ('367a12ad-ba3a-515e-ae43-248bd5db88f0', '1d9fa8be-94a8-565a-93a3-973da9e759fa', 'KANJI', 'お願い');
INSERT INTO "vocabulary"."linkages" ("vocabulary_id", "preferred_definition_id", "preferred_spelling_id", "phonetic_spelling_id", "alt_phonetic_spelling_id", "kanji_spelling_id", "conjugation_set_id") VALUES ('1d9fa8be-94a8-565a-93a3-973da9e759fa', 'd102d983-0711-5558-a6f3-1195412330bf', 'c4f73768-2015-5617-83c0-53569e5e3e14', '47125dd8-acc2-52ee-9a26-6a8aab495634', NULL, '367a12ad-ba3a-515e-ae43-248bd5db88f0', NULL);
-- もち | mochi --;
INSERT INTO "vocabulary"."vocabulary" ("id", "word_class_code", "conjugation_kind_code", "jlpt_level", "row_num", "tags", "date_added") VALUES ('59f26319-a287-5600-95b4-714e7fe21547', 'NOUN', NULL, 2, 426, '{}', '2022-09-07');
INSERT INTO "vocabulary"."definition" ("id", "vocabulary_id", "sort_rank", "value") VALUES ('05091b15-4ca8-5e06-9de5-30cecb85f8e5', '59f26319-a287-5600-95b4-714e7fe21547', 1, 'mochi');
INSERT INTO "vocabulary"."spelling" ("id", "vocabulary_id", "spelling_kind_code", "value") VALUES ('c4710329-be4a-598c-b9be-1a3c4ffb0170', '59f26319-a287-5600-95b4-714e7fe21547', 'HIRAGANA', 'もち');
INSERT INTO "vocabulary"."spelling" ("id", "vocabulary_id", "spelling_kind_code", "value") VALUES ('18f6a91e-60cd-55ea-8fc3-5bda0589fc97', '59f26319-a287-5600-95b4-714e7fe21547', 'HIRAGANA', 'もち');
INSERT INTO "vocabulary"."spelling" ("id", "vocabulary_id", "spelling_kind_code", "value") VALUES ('2edd2f34-671f-5067-a6eb-709010af582d', '59f26319-a287-5600-95b4-714e7fe21547', 'KANJI', '餅');
INSERT INTO "vocabulary"."linkages" ("vocabulary_id", "preferred_definition_id", "preferred_spelling_id", "phonetic_spelling_id", "alt_phonetic_spelling_id", "kanji_spelling_id", "conjugation_set_id") VALUES ('59f26319-a287-5600-95b4-714e7fe21547', '05091b15-4ca8-5e06-9de5-30cecb85f8e5', 'c4710329-be4a-598c-b9be-1a3c4ffb0170', '18f6a91e-60cd-55ea-8fc3-5bda0589fc97', NULL, '2edd2f34-671f-5067-a6eb-709010af582d', NULL);
-- 紅葉 | autum colors; leaves turning --;
INSERT INTO "vocabulary"."vocabulary" ("id", "word_class_code", "conjugation_kind_code", "jlpt_level", "row_num", "tags", "date_added") VALUES ('43dce298-e577-5174-8f14-ecb525e67d38', 'NOUN', NULL, 2, 427, '{}', '2022-09-07');
INSERT INTO "vocabulary"."definition" ("id", "vocabulary_id", "sort_rank", "value") VALUES ('02e4fcfe-9533-5caf-8d3c-b78ebf90530c', '43dce298-e577-5174-8f14-ecb525e67d38', 1, 'autum colors; leaves turning');
INSERT INTO "vocabulary"."spelling" ("id", "vocabulary_id", "spelling_kind_code", "value") VALUES ('e6f16b3d-37e8-5e67-becd-a19b7f7cf09a', '43dce298-e577-5174-8f14-ecb525e67d38', 'KANJI', '紅葉');
INSERT INTO "vocabulary"."spelling" ("id", "vocabulary_id", "spelling_kind_code", "value") VALUES ('20cafb3b-4136-57b9-911e-6867f147634d', '43dce298-e577-5174-8f14-ecb525e67d38', 'HIRAGANA', 'もみじ');
INSERT INTO "vocabulary"."spelling" ("id", "vocabulary_id", "spelling_kind_code", "value") VALUES ('04a910ea-eff7-56c1-9d2b-d0b4a62e84a3', '43dce298-e577-5174-8f14-ecb525e67d38', 'KANJI', '紅葉');
INSERT INTO "vocabulary"."linkages" ("vocabulary_id", "preferred_definition_id", "preferred_spelling_id", "phonetic_spelling_id", "alt_phonetic_spelling_id", "kanji_spelling_id", "conjugation_set_id") VALUES ('43dce298-e577-5174-8f14-ecb525e67d38', '02e4fcfe-9533-5caf-8d3c-b78ebf90530c', 'e6f16b3d-37e8-5e67-becd-a19b7f7cf09a', '20cafb3b-4136-57b9-911e-6867f147634d', NULL, '04a910ea-eff7-56c1-9d2b-d0b4a62e84a3', NULL);
-- わくわく | excited; trembling; getting nervous --;
INSERT INTO "vocabulary"."vocabulary" ("id", "word_class_code", "conjugation_kind_code", "jlpt_level", "row_num", "tags", "date_added") VALUES ('25032880-e2a8-54f3-8681-22172c54b84a', 'ADVERB', NULL, NULL, 428, '{}', '2022-09-07');
INSERT INTO "vocabulary"."definition" ("id", "vocabulary_id", "sort_rank", "value") VALUES ('09a29edc-03b8-54cb-af72-3d710158c897', '25032880-e2a8-54f3-8681-22172c54b84a', 1, 'excited; trembling; getting nervous');
INSERT INTO "vocabulary"."spelling" ("id", "vocabulary_id", "spelling_kind_code", "value") VALUES ('4d4768aa-a357-5409-a012-da846d48d56c', '25032880-e2a8-54f3-8681-22172c54b84a', 'HIRAGANA', 'わくわく');
INSERT INTO "vocabulary"."spelling" ("id", "vocabulary_id", "spelling_kind_code", "value") VALUES ('5b795c93-adc8-512f-a65e-05a48be0ae8c', '25032880-e2a8-54f3-8681-22172c54b84a', 'HIRAGANA', 'わくわく');
INSERT INTO "vocabulary"."linkages" ("vocabulary_id", "preferred_definition_id", "preferred_spelling_id", "phonetic_spelling_id", "alt_phonetic_spelling_id", "kanji_spelling_id", "conjugation_set_id") VALUES ('25032880-e2a8-54f3-8681-22172c54b84a', '09a29edc-03b8-54cb-af72-3d710158c897', '4d4768aa-a357-5409-a012-da846d48d56c', '5b795c93-adc8-512f-a65e-05a48be0ae8c', NULL, NULL, NULL);
-- 手遅れ | being too late; losing one's final chance​ --;
INSERT INTO "vocabulary"."vocabulary" ("id", "word_class_code", "conjugation_kind_code", "jlpt_level", "row_num", "tags", "date_added") VALUES ('94bb3768-7278-5e58-80cb-f5c809726ef1', 'NOUN', NULL, 1, 429, '{}', '2022-09-10');
INSERT INTO "vocabulary"."definition" ("id", "vocabulary_id", "sort_rank", "value") VALUES ('c24e4d92-7316-568a-86a7-da9b9e196f3b', '94bb3768-7278-5e58-80cb-f5c809726ef1', 1, 'being too late; losing one''s final chance​');
INSERT INTO "vocabulary"."spelling" ("id", "vocabulary_id", "spelling_kind_code", "value") VALUES ('f66a9da8-a5d4-59dc-8c4c-0410733188a2', '94bb3768-7278-5e58-80cb-f5c809726ef1', 'KANJI', '手遅れ');
INSERT INTO "vocabulary"."spelling" ("id", "vocabulary_id", "spelling_kind_code", "value") VALUES ('aad8a90d-59e4-5526-8d6c-6eac8046316b', '94bb3768-7278-5e58-80cb-f5c809726ef1', 'HIRAGANA', 'ておくれ');
INSERT INTO "vocabulary"."spelling" ("id", "vocabulary_id", "spelling_kind_code", "value") VALUES ('e4c36720-f94c-5f34-9508-826972ae8350', '94bb3768-7278-5e58-80cb-f5c809726ef1', 'KANJI', '手遅れ');
INSERT INTO "vocabulary"."linkages" ("vocabulary_id", "preferred_definition_id", "preferred_spelling_id", "phonetic_spelling_id", "alt_phonetic_spelling_id", "kanji_spelling_id", "conjugation_set_id") VALUES ('94bb3768-7278-5e58-80cb-f5c809726ef1', 'c24e4d92-7316-568a-86a7-da9b9e196f3b', 'f66a9da8-a5d4-59dc-8c4c-0410733188a2', 'aad8a90d-59e4-5526-8d6c-6eac8046316b', NULL, 'e4c36720-f94c-5f34-9508-826972ae8350', NULL);
-- 食べ物 | food --;
INSERT INTO "vocabulary"."vocabulary" ("id", "word_class_code", "conjugation_kind_code", "jlpt_level", "row_num", "tags", "date_added") VALUES ('cdb482ec-df51-5e19-8c72-08a8cb1c0a3e', 'NOUN', NULL, 5, 430, '{}', '2022-09-07');
INSERT INTO "vocabulary"."definition" ("id", "vocabulary_id", "sort_rank", "value") VALUES ('e5b383f7-b75b-5a50-b105-0aae14d459a6', 'cdb482ec-df51-5e19-8c72-08a8cb1c0a3e', 1, 'food');
INSERT INTO "vocabulary"."spelling" ("id", "vocabulary_id", "spelling_kind_code", "value") VALUES ('ca43aa10-c8ab-5c1d-938f-c6ba91c28cc3', 'cdb482ec-df51-5e19-8c72-08a8cb1c0a3e', 'KANJI', '食べ物');
INSERT INTO "vocabulary"."spelling" ("id", "vocabulary_id", "spelling_kind_code", "value") VALUES ('79af4e38-1ea4-533d-844c-984fd2f112fd', 'cdb482ec-df51-5e19-8c72-08a8cb1c0a3e', 'HIRAGANA', 'たべもの');
INSERT INTO "vocabulary"."spelling" ("id", "vocabulary_id", "spelling_kind_code", "value") VALUES ('7fb6f728-68cc-5797-b516-4be74e9eb4b9', 'cdb482ec-df51-5e19-8c72-08a8cb1c0a3e', 'KANJI', '食べ物');
INSERT INTO "vocabulary"."linkages" ("vocabulary_id", "preferred_definition_id", "preferred_spelling_id", "phonetic_spelling_id", "alt_phonetic_spelling_id", "kanji_spelling_id", "conjugation_set_id") VALUES ('cdb482ec-df51-5e19-8c72-08a8cb1c0a3e', 'e5b383f7-b75b-5a50-b105-0aae14d459a6', 'ca43aa10-c8ab-5c1d-938f-c6ba91c28cc3', '79af4e38-1ea4-533d-844c-984fd2f112fd', NULL, '7fb6f728-68cc-5797-b516-4be74e9eb4b9', NULL);
INSERT INTO "vocabulary"."reference" ("vocabulary_id", "lesson_code") VALUES ('cdb482ec-df51-5e19-8c72-08a8cb1c0a3e', 'GENKI3_L05');
-- 飲み物 | drink --;
INSERT INTO "vocabulary"."vocabulary" ("id", "word_class_code", "conjugation_kind_code", "jlpt_level", "row_num", "tags", "date_added") VALUES ('cf8e1efb-b036-56e8-ad12-5e06f9b26bde', 'NOUN', NULL, 5, 431, '{}', '2022-09-07');
INSERT INTO "vocabulary"."definition" ("id", "vocabulary_id", "sort_rank", "value") VALUES ('3aae9f51-3573-5648-9c81-08a2badb5bd2', 'cf8e1efb-b036-56e8-ad12-5e06f9b26bde', 1, 'drink');
INSERT INTO "vocabulary"."spelling" ("id", "vocabulary_id", "spelling_kind_code", "value") VALUES ('1a8e1e50-53cd-55ab-9e7a-ca5e40e1be3c', 'cf8e1efb-b036-56e8-ad12-5e06f9b26bde', 'KANJI', '飲み物');
INSERT INTO "vocabulary"."spelling" ("id", "vocabulary_id", "spelling_kind_code", "value") VALUES ('364fc09d-6484-5b42-9262-e7cd0cd05fae', 'cf8e1efb-b036-56e8-ad12-5e06f9b26bde', 'HIRAGANA', 'のみもの');
INSERT INTO "vocabulary"."spelling" ("id", "vocabulary_id", "spelling_kind_code", "value") VALUES ('855a2973-2911-577b-84c6-61b35cd68251', 'cf8e1efb-b036-56e8-ad12-5e06f9b26bde', 'KANJI', '飲み物');
INSERT INTO "vocabulary"."linkages" ("vocabulary_id", "preferred_definition_id", "preferred_spelling_id", "phonetic_spelling_id", "alt_phonetic_spelling_id", "kanji_spelling_id", "conjugation_set_id") VALUES ('cf8e1efb-b036-56e8-ad12-5e06f9b26bde', '3aae9f51-3573-5648-9c81-08a2badb5bd2', '1a8e1e50-53cd-55ab-9e7a-ca5e40e1be3c', '364fc09d-6484-5b42-9262-e7cd0cd05fae', NULL, '855a2973-2911-577b-84c6-61b35cd68251', NULL);
INSERT INTO "vocabulary"."reference" ("vocabulary_id", "lesson_code") VALUES ('cf8e1efb-b036-56e8-ad12-5e06f9b26bde', 'GENKI3_L05');
-- 休み | holiday; day off; absence --;
INSERT INTO "vocabulary"."vocabulary" ("id", "word_class_code", "conjugation_kind_code", "jlpt_level", "row_num", "tags", "date_added") VALUES ('5d5eb0f1-6cb0-5383-8797-49330b70b84c', 'NOUN', NULL, 5, 432, '{}', '2022-09-07');
INSERT INTO "vocabulary"."definition" ("id", "vocabulary_id", "sort_rank", "value") VALUES ('e8db074e-c14c-54bd-83a0-3ad4b0224da1', '5d5eb0f1-6cb0-5383-8797-49330b70b84c', 1, 'holiday; day off; absence');
INSERT INTO "vocabulary"."spelling" ("id", "vocabulary_id", "spelling_kind_code", "value") VALUES ('f93c7f76-e076-5d46-ae25-a7a1f27b9e3f', '5d5eb0f1-6cb0-5383-8797-49330b70b84c', 'KANJI', '休み');
INSERT INTO "vocabulary"."spelling" ("id", "vocabulary_id", "spelling_kind_code", "value") VALUES ('4e7e2d24-9141-5e1b-a899-080a0a5d7758', '5d5eb0f1-6cb0-5383-8797-49330b70b84c', 'HIRAGANA', 'やすみ');
INSERT INTO "vocabulary"."spelling" ("id", "vocabulary_id", "spelling_kind_code", "value") VALUES ('f4b90aec-4fc1-5dbf-a8b9-02c149bbd778', '5d5eb0f1-6cb0-5383-8797-49330b70b84c', 'KANJI', '休み');
INSERT INTO "vocabulary"."linkages" ("vocabulary_id", "preferred_definition_id", "preferred_spelling_id", "phonetic_spelling_id", "alt_phonetic_spelling_id", "kanji_spelling_id", "conjugation_set_id") VALUES ('5d5eb0f1-6cb0-5383-8797-49330b70b84c', 'e8db074e-c14c-54bd-83a0-3ad4b0224da1', 'f93c7f76-e076-5d46-ae25-a7a1f27b9e3f', '4e7e2d24-9141-5e1b-a899-080a0a5d7758', NULL, 'f4b90aec-4fc1-5dbf-a8b9-02c149bbd778', NULL);
INSERT INTO "vocabulary"."reference" ("vocabulary_id", "lesson_code") VALUES ('5d5eb0f1-6cb0-5383-8797-49330b70b84c', 'GENKI3_L05');
-- 旅行 | travel; trip; journey --;
INSERT INTO "vocabulary"."vocabulary" ("id", "word_class_code", "conjugation_kind_code", "jlpt_level", "row_num", "tags", "date_added") VALUES ('885a798b-20d9-5279-ba34-8324db75f028', 'NOUN', NULL, 5, 433, '{}', '2022-09-07');
INSERT INTO "vocabulary"."definition" ("id", "vocabulary_id", "sort_rank", "value") VALUES ('4a5f8263-b557-5a6a-901e-56fbbe7f2002', '885a798b-20d9-5279-ba34-8324db75f028', 1, 'travel; trip; journey');
INSERT INTO "vocabulary"."spelling" ("id", "vocabulary_id", "spelling_kind_code", "value") VALUES ('69dca38e-5476-507f-ac11-8c6121408ab3', '885a798b-20d9-5279-ba34-8324db75f028', 'KANJI', '旅行');
INSERT INTO "vocabulary"."spelling" ("id", "vocabulary_id", "spelling_kind_code", "value") VALUES ('e4b3183d-1f58-52bf-be9a-6c231203978f', '885a798b-20d9-5279-ba34-8324db75f028', 'HIRAGANA', 'りょこう');
INSERT INTO "vocabulary"."spelling" ("id", "vocabulary_id", "spelling_kind_code", "value") VALUES ('3ee5d12a-27f6-577f-b584-f23f191e55f0', '885a798b-20d9-5279-ba34-8324db75f028', 'KANJI', '旅行');
INSERT INTO "vocabulary"."linkages" ("vocabulary_id", "preferred_definition_id", "preferred_spelling_id", "phonetic_spelling_id", "alt_phonetic_spelling_id", "kanji_spelling_id", "conjugation_set_id") VALUES ('885a798b-20d9-5279-ba34-8324db75f028', '4a5f8263-b557-5a6a-901e-56fbbe7f2002', '69dca38e-5476-507f-ac11-8c6121408ab3', 'e4b3183d-1f58-52bf-be9a-6c231203978f', NULL, '3ee5d12a-27f6-577f-b584-f23f191e55f0', NULL);
INSERT INTO "vocabulary"."reference" ("vocabulary_id", "lesson_code") VALUES ('885a798b-20d9-5279-ba34-8324db75f028', 'GENKI3_L05');
-- 海 | sea --;
INSERT INTO "vocabulary"."vocabulary" ("id", "word_class_code", "conjugation_kind_code", "jlpt_level", "row_num", "tags", "date_added") VALUES ('b569a875-d88f-5e2a-b063-0f3f29f06094', 'NOUN', NULL, 5, 434, '{}', '2022-09-07');
INSERT INTO "vocabulary"."definition" ("id", "vocabulary_id", "sort_rank", "value") VALUES ('eede1781-c91c-57ad-9d88-130cf7d4b5b7', 'b569a875-d88f-5e2a-b063-0f3f29f06094', 1, 'sea');
INSERT INTO "vocabulary"."spelling" ("id", "vocabulary_id", "spelling_kind_code", "value") VALUES ('6f9f5bff-1599-548a-90aa-7ae7f2ee6a76', 'b569a875-d88f-5e2a-b063-0f3f29f06094', 'KANJI', '海');
INSERT INTO "vocabulary"."spelling" ("id", "vocabulary_id", "spelling_kind_code", "value") VALUES ('fc871744-4259-5ee6-8b72-7933ae825532', 'b569a875-d88f-5e2a-b063-0f3f29f06094', 'HIRAGANA', 'うみ');
INSERT INTO "vocabulary"."spelling" ("id", "vocabulary_id", "spelling_kind_code", "value") VALUES ('5dedf72c-61b5-55f6-a648-413314263649', 'b569a875-d88f-5e2a-b063-0f3f29f06094', 'KANJI', '海');
INSERT INTO "vocabulary"."linkages" ("vocabulary_id", "preferred_definition_id", "preferred_spelling_id", "phonetic_spelling_id", "alt_phonetic_spelling_id", "kanji_spelling_id", "conjugation_set_id") VALUES ('b569a875-d88f-5e2a-b063-0f3f29f06094', 'eede1781-c91c-57ad-9d88-130cf7d4b5b7', '6f9f5bff-1599-548a-90aa-7ae7f2ee6a76', 'fc871744-4259-5ee6-8b72-7933ae825532', NULL, '5dedf72c-61b5-55f6-a648-413314263649', NULL);
INSERT INTO "vocabulary"."reference" ("vocabulary_id", "lesson_code") VALUES ('b569a875-d88f-5e2a-b063-0f3f29f06094', 'GENKI3_L05');
-- 澪 | waterway; channel --;
INSERT INTO "vocabulary"."vocabulary" ("id", "word_class_code", "conjugation_kind_code", "jlpt_level", "row_num", "tags", "date_added") VALUES ('b0188056-54cc-55e1-8cbd-418370ed533d', 'NOUN', NULL, NULL, 435, '{}', '2022-09-07');
INSERT INTO "vocabulary"."definition" ("id", "vocabulary_id", "sort_rank", "value") VALUES ('709d4645-9803-5ec9-9965-1365112fc736', 'b0188056-54cc-55e1-8cbd-418370ed533d', 1, 'waterway; channel');
INSERT INTO "vocabulary"."spelling" ("id", "vocabulary_id", "spelling_kind_code", "value") VALUES ('b680a32f-a411-5ed5-917d-26d4cad59d13', 'b0188056-54cc-55e1-8cbd-418370ed533d', 'KANJI', '澪');
INSERT INTO "vocabulary"."spelling" ("id", "vocabulary_id", "spelling_kind_code", "value") VALUES ('a3a1f111-5b88-5f86-be81-7dbba6149edd', 'b0188056-54cc-55e1-8cbd-418370ed533d', 'HIRAGANA', 'みお');
INSERT INTO "vocabulary"."spelling" ("id", "vocabulary_id", "spelling_kind_code", "value") VALUES ('2d257b5b-9324-5e38-ae9a-7f98d802d295', 'b0188056-54cc-55e1-8cbd-418370ed533d', 'KANJI', '澪');
INSERT INTO "vocabulary"."linkages" ("vocabulary_id", "preferred_definition_id", "preferred_spelling_id", "phonetic_spelling_id", "alt_phonetic_spelling_id", "kanji_spelling_id", "conjugation_set_id") VALUES ('b0188056-54cc-55e1-8cbd-418370ed533d', '709d4645-9803-5ec9-9965-1365112fc736', 'b680a32f-a411-5ed5-917d-26d4cad59d13', 'a3a1f111-5b88-5f86-be81-7dbba6149edd', NULL, '2d257b5b-9324-5e38-ae9a-7f98d802d295', NULL);
-- サーフィン | surfing --;
INSERT INTO "vocabulary"."vocabulary" ("id", "word_class_code", "conjugation_kind_code", "jlpt_level", "row_num", "tags", "date_added") VALUES ('ed499008-cde3-543e-a0d9-693e001b321c', 'NOUN', NULL, NULL, 436, '{}', '2022-09-07');
INSERT INTO "vocabulary"."definition" ("id", "vocabulary_id", "sort_rank", "value") VALUES ('7a3da034-8905-54f9-8347-82ff28ae7719', 'ed499008-cde3-543e-a0d9-693e001b321c', 1, 'surfing');
INSERT INTO "vocabulary"."spelling" ("id", "vocabulary_id", "spelling_kind_code", "value") VALUES ('a40b999c-558f-56d8-9477-ec628c62f821', 'ed499008-cde3-543e-a0d9-693e001b321c', 'KATAKANA', 'サーフィン');
INSERT INTO "vocabulary"."spelling" ("id", "vocabulary_id", "spelling_kind_code", "value") VALUES ('eeca283e-9bb0-5ea1-ad79-29eb66cd03b3', 'ed499008-cde3-543e-a0d9-693e001b321c', 'HIRAGANA', 'すうふぃん');
INSERT INTO "vocabulary"."linkages" ("vocabulary_id", "preferred_definition_id", "preferred_spelling_id", "phonetic_spelling_id", "alt_phonetic_spelling_id", "kanji_spelling_id", "conjugation_set_id") VALUES ('ed499008-cde3-543e-a0d9-693e001b321c', '7a3da034-8905-54f9-8347-82ff28ae7719', 'a40b999c-558f-56d8-9477-ec628c62f821', 'eeca283e-9bb0-5ea1-ad79-29eb66cd03b3', NULL, NULL, NULL);
INSERT INTO "vocabulary"."reference" ("vocabulary_id", "lesson_code") VALUES ('ed499008-cde3-543e-a0d9-693e001b321c', 'GENKI3_L05');
-- お土産 | souvenir --;
INSERT INTO "vocabulary"."vocabulary" ("id", "word_class_code", "conjugation_kind_code", "jlpt_level", "row_num", "tags", "date_added") VALUES ('fa1bca4b-31a8-5488-a6d9-5b5a3fe927b8', 'NOUN', NULL, 4, 437, '{}', '2022-09-07');
INSERT INTO "vocabulary"."definition" ("id", "vocabulary_id", "sort_rank", "value") VALUES ('3b552c1b-631e-5575-9eee-617b70069ceb', 'fa1bca4b-31a8-5488-a6d9-5b5a3fe927b8', 1, 'souvenir');
INSERT INTO "vocabulary"."spelling" ("id", "vocabulary_id", "spelling_kind_code", "value") VALUES ('f57b9a90-d414-5d13-aa47-9a65baaa4f7a', 'fa1bca4b-31a8-5488-a6d9-5b5a3fe927b8', 'KANJI', 'お土産');
INSERT INTO "vocabulary"."spelling" ("id", "vocabulary_id", "spelling_kind_code", "value") VALUES ('637ec9dc-bbe3-5dfe-ad0d-4df5db05fa19', 'fa1bca4b-31a8-5488-a6d9-5b5a3fe927b8', 'HIRAGANA', 'おみやげ');
INSERT INTO "vocabulary"."spelling" ("id", "vocabulary_id", "spelling_kind_code", "value") VALUES ('f0ba1f81-23db-53d4-880b-f3609ebcb0b9', 'fa1bca4b-31a8-5488-a6d9-5b5a3fe927b8', 'KANJI', 'お土産');
INSERT INTO "vocabulary"."linkages" ("vocabulary_id", "preferred_definition_id", "preferred_spelling_id", "phonetic_spelling_id", "alt_phonetic_spelling_id", "kanji_spelling_id", "conjugation_set_id") VALUES ('fa1bca4b-31a8-5488-a6d9-5b5a3fe927b8', '3b552c1b-631e-5575-9eee-617b70069ceb', 'f57b9a90-d414-5d13-aa47-9a65baaa4f7a', '637ec9dc-bbe3-5dfe-ad0d-4df5db05fa19', NULL, 'f0ba1f81-23db-53d4-880b-f3609ebcb0b9', NULL);
INSERT INTO "vocabulary"."reference" ("vocabulary_id", "lesson_code") VALUES ('fa1bca4b-31a8-5488-a6d9-5b5a3fe927b8', 'GENKI3_L05');
-- バス | bus --;
INSERT INTO "vocabulary"."vocabulary" ("id", "word_class_code", "conjugation_kind_code", "jlpt_level", "row_num", "tags", "date_added") VALUES ('2d402f9c-7727-5394-b6d5-8767371af073', 'NOUN', NULL, 5, 438, '{}', '2022-09-07');
INSERT INTO "vocabulary"."definition" ("id", "vocabulary_id", "sort_rank", "value") VALUES ('d404ff76-64f9-5cd1-bb8e-3db958817eba', '2d402f9c-7727-5394-b6d5-8767371af073', 1, 'bus');
INSERT INTO "vocabulary"."spelling" ("id", "vocabulary_id", "spelling_kind_code", "value") VALUES ('d41d6812-5f15-50fd-ac26-5a84902efb61', '2d402f9c-7727-5394-b6d5-8767371af073', 'KATAKANA', 'バス');
INSERT INTO "vocabulary"."spelling" ("id", "vocabulary_id", "spelling_kind_code", "value") VALUES ('7d557b8c-d30b-55b1-886d-dfaf498d1cfb', '2d402f9c-7727-5394-b6d5-8767371af073', 'HIRAGANA', 'ばす');
INSERT INTO "vocabulary"."linkages" ("vocabulary_id", "preferred_definition_id", "preferred_spelling_id", "phonetic_spelling_id", "alt_phonetic_spelling_id", "kanji_spelling_id", "conjugation_set_id") VALUES ('2d402f9c-7727-5394-b6d5-8767371af073', 'd404ff76-64f9-5cd1-bb8e-3db958817eba', 'd41d6812-5f15-50fd-ac26-5a84902efb61', '7d557b8c-d30b-55b1-886d-dfaf498d1cfb', NULL, NULL, NULL);
INSERT INTO "vocabulary"."reference" ("vocabulary_id", "lesson_code") VALUES ('2d402f9c-7727-5394-b6d5-8767371af073', 'GENKI3_L05');
-- 天気 | weather --;
INSERT INTO "vocabulary"."vocabulary" ("id", "word_class_code", "conjugation_kind_code", "jlpt_level", "row_num", "tags", "date_added") VALUES ('4c1ba9fa-920a-5646-8869-d84d39e842a3', 'NOUN', NULL, 5, 439, '{}', '2022-09-07');
INSERT INTO "vocabulary"."definition" ("id", "vocabulary_id", "sort_rank", "value") VALUES ('4bcadf10-6946-5c46-ba4f-5c3349f8bc32', '4c1ba9fa-920a-5646-8869-d84d39e842a3', 1, 'weather');
INSERT INTO "vocabulary"."spelling" ("id", "vocabulary_id", "spelling_kind_code", "value") VALUES ('d4c7f860-d4b0-53a3-96cf-df182e740688', '4c1ba9fa-920a-5646-8869-d84d39e842a3', 'KANJI', '天気');
INSERT INTO "vocabulary"."spelling" ("id", "vocabulary_id", "spelling_kind_code", "value") VALUES ('e722276e-416a-50ee-8f79-84296f3ddb32', '4c1ba9fa-920a-5646-8869-d84d39e842a3', 'HIRAGANA', 'てんき');
INSERT INTO "vocabulary"."spelling" ("id", "vocabulary_id", "spelling_kind_code", "value") VALUES ('2065d388-7b2a-5359-86a1-c05bfbf24917', '4c1ba9fa-920a-5646-8869-d84d39e842a3', 'KANJI', '天気');
INSERT INTO "vocabulary"."linkages" ("vocabulary_id", "preferred_definition_id", "preferred_spelling_id", "phonetic_spelling_id", "alt_phonetic_spelling_id", "kanji_spelling_id", "conjugation_set_id") VALUES ('4c1ba9fa-920a-5646-8869-d84d39e842a3', '4bcadf10-6946-5c46-ba4f-5c3349f8bc32', 'd4c7f860-d4b0-53a3-96cf-df182e740688', 'e722276e-416a-50ee-8f79-84296f3ddb32', NULL, '2065d388-7b2a-5359-86a1-c05bfbf24917', NULL);
INSERT INTO "vocabulary"."reference" ("vocabulary_id", "lesson_code") VALUES ('4c1ba9fa-920a-5646-8869-d84d39e842a3', 'GENKI3_L05');
-- 宿題 | homework --;
INSERT INTO "vocabulary"."vocabulary" ("id", "word_class_code", "conjugation_kind_code", "jlpt_level", "row_num", "tags", "date_added") VALUES ('a1bfcd70-a853-50b0-955b-32fe355c2700', 'NOUN', NULL, 5, 440, '{}', '2022-09-07');
INSERT INTO "vocabulary"."definition" ("id", "vocabulary_id", "sort_rank", "value") VALUES ('16ff0e36-fdce-591c-9901-4af4f3839562', 'a1bfcd70-a853-50b0-955b-32fe355c2700', 1, 'homework');
INSERT INTO "vocabulary"."spelling" ("id", "vocabulary_id", "spelling_kind_code", "value") VALUES ('f8a4fb94-6984-5d07-9243-883255d36f29', 'a1bfcd70-a853-50b0-955b-32fe355c2700', 'KANJI', '宿題');
INSERT INTO "vocabulary"."spelling" ("id", "vocabulary_id", "spelling_kind_code", "value") VALUES ('21a8d1b1-b27d-5611-a061-28100992632c', 'a1bfcd70-a853-50b0-955b-32fe355c2700', 'HIRAGANA', 'しゅくだい');
INSERT INTO "vocabulary"."spelling" ("id", "vocabulary_id", "spelling_kind_code", "value") VALUES ('806dc696-a890-5512-944e-16167799feb8', 'a1bfcd70-a853-50b0-955b-32fe355c2700', 'KANJI', '宿題');
INSERT INTO "vocabulary"."linkages" ("vocabulary_id", "preferred_definition_id", "preferred_spelling_id", "phonetic_spelling_id", "alt_phonetic_spelling_id", "kanji_spelling_id", "conjugation_set_id") VALUES ('a1bfcd70-a853-50b0-955b-32fe355c2700', '16ff0e36-fdce-591c-9901-4af4f3839562', 'f8a4fb94-6984-5d07-9243-883255d36f29', '21a8d1b1-b27d-5611-a061-28100992632c', NULL, '806dc696-a890-5512-944e-16167799feb8', NULL);
INSERT INTO "vocabulary"."reference" ("vocabulary_id", "lesson_code") VALUES ('a1bfcd70-a853-50b0-955b-32fe355c2700', 'GENKI3_L05');
-- テスト | test --;
INSERT INTO "vocabulary"."vocabulary" ("id", "word_class_code", "conjugation_kind_code", "jlpt_level", "row_num", "tags", "date_added") VALUES ('dee18a86-fd39-54bc-9a77-ee24ba39c17c', 'NOUN', NULL, 5, 441, '{}', '2022-09-07');
INSERT INTO "vocabulary"."definition" ("id", "vocabulary_id", "sort_rank", "value") VALUES ('a603057d-5685-5a7b-ba60-eb5c03d2ee10', 'dee18a86-fd39-54bc-9a77-ee24ba39c17c', 1, 'test');
INSERT INTO "vocabulary"."spelling" ("id", "vocabulary_id", "spelling_kind_code", "value") VALUES ('42a38afc-7acf-5beb-b266-58c3cb46c5b7', 'dee18a86-fd39-54bc-9a77-ee24ba39c17c', 'KATAKANA', 'テスト');
INSERT INTO "vocabulary"."spelling" ("id", "vocabulary_id", "spelling_kind_code", "value") VALUES ('794c89c2-c7c5-57cd-b44b-1f5b08112eb0', 'dee18a86-fd39-54bc-9a77-ee24ba39c17c', 'HIRAGANA', 'てすと');
INSERT INTO "vocabulary"."linkages" ("vocabulary_id", "preferred_definition_id", "preferred_spelling_id", "phonetic_spelling_id", "alt_phonetic_spelling_id", "kanji_spelling_id", "conjugation_set_id") VALUES ('dee18a86-fd39-54bc-9a77-ee24ba39c17c', 'a603057d-5685-5a7b-ba60-eb5c03d2ee10', '42a38afc-7acf-5beb-b266-58c3cb46c5b7', '794c89c2-c7c5-57cd-b44b-1f5b08112eb0', NULL, NULL, NULL);
INSERT INTO "vocabulary"."reference" ("vocabulary_id", "lesson_code") VALUES ('dee18a86-fd39-54bc-9a77-ee24ba39c17c', 'GENKI3_L05');
-- 誕生日 | birthday --;
INSERT INTO "vocabulary"."vocabulary" ("id", "word_class_code", "conjugation_kind_code", "jlpt_level", "row_num", "tags", "date_added") VALUES ('6d4b95c5-1f5a-50e0-aa8b-5558e8211486', 'NOUN', NULL, 5, 442, '{}', '2022-09-07');
INSERT INTO "vocabulary"."definition" ("id", "vocabulary_id", "sort_rank", "value") VALUES ('8ffd8d02-af7b-5978-9c6b-2a8ddcea5024', '6d4b95c5-1f5a-50e0-aa8b-5558e8211486', 1, 'birthday');
INSERT INTO "vocabulary"."spelling" ("id", "vocabulary_id", "spelling_kind_code", "value") VALUES ('1a707b13-51a0-5ef3-a1a1-3bc7bf6db969', '6d4b95c5-1f5a-50e0-aa8b-5558e8211486', 'KANJI', '誕生日');
INSERT INTO "vocabulary"."spelling" ("id", "vocabulary_id", "spelling_kind_code", "value") VALUES ('252851db-de23-542b-943d-9a7e111bde76', '6d4b95c5-1f5a-50e0-aa8b-5558e8211486', 'HIRAGANA', 'たんじょうび');
INSERT INTO "vocabulary"."spelling" ("id", "vocabulary_id", "spelling_kind_code", "value") VALUES ('7015f806-4663-50e1-bd17-8e1dcfe14501', '6d4b95c5-1f5a-50e0-aa8b-5558e8211486', 'KANJI', '誕生日');
INSERT INTO "vocabulary"."linkages" ("vocabulary_id", "preferred_definition_id", "preferred_spelling_id", "phonetic_spelling_id", "alt_phonetic_spelling_id", "kanji_spelling_id", "conjugation_set_id") VALUES ('6d4b95c5-1f5a-50e0-aa8b-5558e8211486', '8ffd8d02-af7b-5978-9c6b-2a8ddcea5024', '1a707b13-51a0-5ef3-a1a1-3bc7bf6db969', '252851db-de23-542b-943d-9a7e111bde76', NULL, '7015f806-4663-50e1-bd17-8e1dcfe14501', NULL);
INSERT INTO "vocabulary"."reference" ("vocabulary_id", "lesson_code") VALUES ('6d4b95c5-1f5a-50e0-aa8b-5558e8211486', 'GENKI3_L05');
-- Ｌサイズ | size L --;
INSERT INTO "vocabulary"."vocabulary" ("id", "word_class_code", "conjugation_kind_code", "jlpt_level", "row_num", "tags", "date_added") VALUES ('deb66e89-8251-5b46-9bb1-b1338aaa4e62', 'NOUN', NULL, 1, 443, '{}', '2022-09-07');
INSERT INTO "vocabulary"."definition" ("id", "vocabulary_id", "sort_rank", "value") VALUES ('13eef007-504d-54c4-b03f-15046713421b', 'deb66e89-8251-5b46-9bb1-b1338aaa4e62', 1, 'size L');
INSERT INTO "vocabulary"."spelling" ("id", "vocabulary_id", "spelling_kind_code", "value") VALUES ('4c789fb4-9bd5-58d7-914f-f7dccd18b24f', 'deb66e89-8251-5b46-9bb1-b1338aaa4e62', 'KATAKANA', 'Ｌサイズ');
INSERT INTO "vocabulary"."spelling" ("id", "vocabulary_id", "spelling_kind_code", "value") VALUES ('df2168cb-59b7-5863-b1c6-3570f3b66cc5', 'deb66e89-8251-5b46-9bb1-b1338aaa4e62', 'HIRAGANA', 'えるさいず');
INSERT INTO "vocabulary"."linkages" ("vocabulary_id", "preferred_definition_id", "preferred_spelling_id", "phonetic_spelling_id", "alt_phonetic_spelling_id", "kanji_spelling_id", "conjugation_set_id") VALUES ('deb66e89-8251-5b46-9bb1-b1338aaa4e62', '13eef007-504d-54c4-b03f-15046713421b', '4c789fb4-9bd5-58d7-914f-f7dccd18b24f', 'df2168cb-59b7-5863-b1c6-3570f3b66cc5', NULL, NULL, NULL);
INSERT INTO "vocabulary"."reference" ("vocabulary_id", "lesson_code") VALUES ('deb66e89-8251-5b46-9bb1-b1338aaa4e62', 'GENKI3_L05');
-- 新しい | new --;
INSERT INTO "vocabulary"."vocabulary" ("id", "word_class_code", "conjugation_kind_code", "jlpt_level", "row_num", "tags", "date_added") VALUES ('3ea98874-cf05-5e92-b8f2-45751b667e83', 'ADJECTIVE', 'I_ADJECTIVE', 5, 444, '{}', '2022-09-07');
INSERT INTO "vocabulary"."definition" ("id", "vocabulary_id", "sort_rank", "value") VALUES ('eabdb3dd-e8fc-5f18-a0e3-d7df0a111020', '3ea98874-cf05-5e92-b8f2-45751b667e83', 1, 'new');
INSERT INTO "vocabulary"."spelling" ("id", "vocabulary_id", "spelling_kind_code", "value") VALUES ('10057d26-afc4-583c-a078-7b5972bfa681', '3ea98874-cf05-5e92-b8f2-45751b667e83', 'KANJI', '新しい');
INSERT INTO "vocabulary"."spelling" ("id", "vocabulary_id", "spelling_kind_code", "value") VALUES ('5ae81ca7-a90a-5ffc-8968-b030b8000664', '3ea98874-cf05-5e92-b8f2-45751b667e83', 'HIRAGANA', 'あたらしい');
INSERT INTO "vocabulary"."spelling" ("id", "vocabulary_id", "spelling_kind_code", "value") VALUES ('36a175f3-d4bb-5df7-92e8-10c65a5ec3d7', '3ea98874-cf05-5e92-b8f2-45751b667e83', 'KANJI', '新しい');
INSERT INTO "vocabulary"."linkages" ("vocabulary_id", "preferred_definition_id", "preferred_spelling_id", "phonetic_spelling_id", "alt_phonetic_spelling_id", "kanji_spelling_id", "conjugation_set_id") VALUES ('3ea98874-cf05-5e92-b8f2-45751b667e83', 'eabdb3dd-e8fc-5f18-a0e3-d7df0a111020', '10057d26-afc4-583c-a078-7b5972bfa681', '5ae81ca7-a90a-5ffc-8968-b030b8000664', NULL, '36a175f3-d4bb-5df7-92e8-10c65a5ec3d7', NULL);
INSERT INTO "vocabulary"."reference" ("vocabulary_id", "lesson_code") VALUES ('3ea98874-cf05-5e92-b8f2-45751b667e83', 'GENKI3_L05');
-- 古い | old (thing); ancient --;
INSERT INTO "vocabulary"."vocabulary" ("id", "word_class_code", "conjugation_kind_code", "jlpt_level", "row_num", "tags", "date_added") VALUES ('9ab38a71-325c-5f1b-b0aa-d9c5ce43b888', 'ADJECTIVE', 'I_ADJECTIVE', 5, 445, '{}', '2022-09-07');
INSERT INTO "vocabulary"."definition" ("id", "vocabulary_id", "sort_rank", "value") VALUES ('68104a16-b124-556f-8246-ef9e12e84b39', '9ab38a71-325c-5f1b-b0aa-d9c5ce43b888', 1, 'old (thing); ancient');
INSERT INTO "vocabulary"."spelling" ("id", "vocabulary_id", "spelling_kind_code", "value") VALUES ('b69e7a39-ced4-5f89-a847-097d2c8bf1d9', '9ab38a71-325c-5f1b-b0aa-d9c5ce43b888', 'KANJI', '古い');
INSERT INTO "vocabulary"."spelling" ("id", "vocabulary_id", "spelling_kind_code", "value") VALUES ('4f8cf01c-36bc-5b14-81bf-b9f8ecc4caee', '9ab38a71-325c-5f1b-b0aa-d9c5ce43b888', 'HIRAGANA', 'ふるい');
INSERT INTO "vocabulary"."spelling" ("id", "vocabulary_id", "spelling_kind_code", "value") VALUES ('d1d70a27-2a98-5f89-808b-1e3986b03523', '9ab38a71-325c-5f1b-b0aa-d9c5ce43b888', 'KANJI', '古い');
INSERT INTO "vocabulary"."linkages" ("vocabulary_id", "preferred_definition_id", "preferred_spelling_id", "phonetic_spelling_id", "alt_phonetic_spelling_id", "kanji_spelling_id", "conjugation_set_id") VALUES ('9ab38a71-325c-5f1b-b0aa-d9c5ce43b888', '68104a16-b124-556f-8246-ef9e12e84b39', 'b69e7a39-ced4-5f89-a847-097d2c8bf1d9', '4f8cf01c-36bc-5b14-81bf-b9f8ecc4caee', NULL, 'd1d70a27-2a98-5f89-808b-1e3986b03523', NULL);
INSERT INTO "vocabulary"."reference" ("vocabulary_id", "lesson_code") VALUES ('9ab38a71-325c-5f1b-b0aa-d9c5ce43b888', 'GENKI3_L05');
-- 暑い | hot weather --;
INSERT INTO "vocabulary"."vocabulary" ("id", "word_class_code", "conjugation_kind_code", "jlpt_level", "row_num", "tags", "date_added") VALUES ('21d6fb85-2f85-5a8c-a29b-375f90b9803e', 'ADJECTIVE', 'I_ADJECTIVE', 5, 446, '{}', '2022-09-07');
INSERT INTO "vocabulary"."definition" ("id", "vocabulary_id", "sort_rank", "value") VALUES ('834d5efe-c6a9-5bce-b21a-087d02845cea', '21d6fb85-2f85-5a8c-a29b-375f90b9803e', 1, 'hot weather');
INSERT INTO "vocabulary"."spelling" ("id", "vocabulary_id", "spelling_kind_code", "value") VALUES ('eb3c03fb-b562-56cf-a447-dc9432f14500', '21d6fb85-2f85-5a8c-a29b-375f90b9803e', 'KANJI', '暑い');
INSERT INTO "vocabulary"."spelling" ("id", "vocabulary_id", "spelling_kind_code", "value") VALUES ('46ce821b-12f7-5da9-b930-9f3c85e4ab5c', '21d6fb85-2f85-5a8c-a29b-375f90b9803e', 'HIRAGANA', 'あつい');
INSERT INTO "vocabulary"."spelling" ("id", "vocabulary_id", "spelling_kind_code", "value") VALUES ('54fb0413-9c0f-52a2-8eb9-51d8b440072b', '21d6fb85-2f85-5a8c-a29b-375f90b9803e', 'KANJI', '暑い');
INSERT INTO "vocabulary"."linkages" ("vocabulary_id", "preferred_definition_id", "preferred_spelling_id", "phonetic_spelling_id", "alt_phonetic_spelling_id", "kanji_spelling_id", "conjugation_set_id") VALUES ('21d6fb85-2f85-5a8c-a29b-375f90b9803e', '834d5efe-c6a9-5bce-b21a-087d02845cea', 'eb3c03fb-b562-56cf-a447-dc9432f14500', '46ce821b-12f7-5da9-b930-9f3c85e4ab5c', NULL, '54fb0413-9c0f-52a2-8eb9-51d8b440072b', NULL);
INSERT INTO "vocabulary"."reference" ("vocabulary_id", "lesson_code") VALUES ('21d6fb85-2f85-5a8c-a29b-375f90b9803e', 'GENKI3_L05');
-- 寒い | cold weather --;
INSERT INTO "vocabulary"."vocabulary" ("id", "word_class_code", "conjugation_kind_code", "jlpt_level", "row_num", "tags", "date_added") VALUES ('dbeefce5-aaa6-5694-985d-6771413fa0fd', 'ADJECTIVE', 'I_ADJECTIVE', NULL, 447, '{}', '2022-09-07');
INSERT INTO "vocabulary"."definition" ("id", "vocabulary_id", "sort_rank", "value") VALUES ('d4da160e-9fce-578d-ae98-cf25ea6107b9', 'dbeefce5-aaa6-5694-985d-6771413fa0fd', 1, 'cold weather');
INSERT INTO "vocabulary"."spelling" ("id", "vocabulary_id", "spelling_kind_code", "value") VALUES ('f960747f-119f-5b40-9806-059dfe4db2cf', 'dbeefce5-aaa6-5694-985d-6771413fa0fd', 'KANJI', '寒い');
INSERT INTO "vocabulary"."spelling" ("id", "vocabulary_id", "spelling_kind_code", "value") VALUES ('9b6626ca-caf4-55c5-b374-1004abdab2a6', 'dbeefce5-aaa6-5694-985d-6771413fa0fd', 'HIRAGANA', 'さむい');
INSERT INTO "vocabulary"."spelling" ("id", "vocabulary_id", "spelling_kind_code", "value") VALUES ('4c53f15b-f7f5-5ba4-862a-09c415c8dd4f', 'dbeefce5-aaa6-5694-985d-6771413fa0fd', 'KANJI', '寒い');
INSERT INTO "vocabulary"."linkages" ("vocabulary_id", "preferred_definition_id", "preferred_spelling_id", "phonetic_spelling_id", "alt_phonetic_spelling_id", "kanji_spelling_id", "conjugation_set_id") VALUES ('dbeefce5-aaa6-5694-985d-6771413fa0fd', 'd4da160e-9fce-578d-ae98-cf25ea6107b9', 'f960747f-119f-5b40-9806-059dfe4db2cf', '9b6626ca-caf4-55c5-b374-1004abdab2a6', NULL, '4c53f15b-f7f5-5ba4-862a-09c415c8dd4f', NULL);
INSERT INTO "vocabulary"."reference" ("vocabulary_id", "lesson_code") VALUES ('dbeefce5-aaa6-5694-985d-6771413fa0fd', 'GENKI3_L05');
-- 熱い | hot thing --;
INSERT INTO "vocabulary"."vocabulary" ("id", "word_class_code", "conjugation_kind_code", "jlpt_level", "row_num", "tags", "date_added") VALUES ('9a7ac507-ea08-5187-ad27-04615036db05', 'ADJECTIVE', 'I_ADJECTIVE', 5, 448, '{}', '2022-09-07');
INSERT INTO "vocabulary"."definition" ("id", "vocabulary_id", "sort_rank", "value") VALUES ('6c75040a-0ffc-5c78-9574-15c4fab4cd35', '9a7ac507-ea08-5187-ad27-04615036db05', 1, 'hot thing');
INSERT INTO "vocabulary"."spelling" ("id", "vocabulary_id", "spelling_kind_code", "value") VALUES ('a11bf5f7-bd62-5407-9df9-5fd3c414b158', '9a7ac507-ea08-5187-ad27-04615036db05', 'KANJI', '熱い');
INSERT INTO "vocabulary"."spelling" ("id", "vocabulary_id", "spelling_kind_code", "value") VALUES ('6e5498f4-42eb-5456-be66-4896418d8cb0', '9a7ac507-ea08-5187-ad27-04615036db05', 'HIRAGANA', 'あつい');
INSERT INTO "vocabulary"."spelling" ("id", "vocabulary_id", "spelling_kind_code", "value") VALUES ('3f1d6ca7-4d26-51be-8e26-3a35fdd7f50a', '9a7ac507-ea08-5187-ad27-04615036db05', 'KANJI', '熱い');
INSERT INTO "vocabulary"."linkages" ("vocabulary_id", "preferred_definition_id", "preferred_spelling_id", "phonetic_spelling_id", "alt_phonetic_spelling_id", "kanji_spelling_id", "conjugation_set_id") VALUES ('9a7ac507-ea08-5187-ad27-04615036db05', '6c75040a-0ffc-5c78-9574-15c4fab4cd35', 'a11bf5f7-bd62-5407-9df9-5fd3c414b158', '6e5498f4-42eb-5456-be66-4896418d8cb0', NULL, '3f1d6ca7-4d26-51be-8e26-3a35fdd7f50a', NULL);
INSERT INTO "vocabulary"."reference" ("vocabulary_id", "lesson_code") VALUES ('9a7ac507-ea08-5187-ad27-04615036db05', 'GENKI3_L05');
-- 忙しい | busy people/days --;
INSERT INTO "vocabulary"."vocabulary" ("id", "word_class_code", "conjugation_kind_code", "jlpt_level", "row_num", "tags", "date_added") VALUES ('36bbdf48-c6cf-502b-85a2-26bec94171c5', 'ADJECTIVE', 'I_ADJECTIVE', 5, 449, '{}', '2022-09-07');
INSERT INTO "vocabulary"."definition" ("id", "vocabulary_id", "sort_rank", "value") VALUES ('0ab4e75b-03fc-5914-bc45-e1a36efdb8aa', '36bbdf48-c6cf-502b-85a2-26bec94171c5', 1, 'busy people/days');
INSERT INTO "vocabulary"."spelling" ("id", "vocabulary_id", "spelling_kind_code", "value") VALUES ('8e516788-a876-5d60-aa5b-35d92dfc0790', '36bbdf48-c6cf-502b-85a2-26bec94171c5', 'KANJI', '忙しい');
INSERT INTO "vocabulary"."spelling" ("id", "vocabulary_id", "spelling_kind_code", "value") VALUES ('bfa20ccb-eac3-5a28-af17-53b7304c1776', '36bbdf48-c6cf-502b-85a2-26bec94171c5', 'HIRAGANA', 'いそがしい');
INSERT INTO "vocabulary"."spelling" ("id", "vocabulary_id", "spelling_kind_code", "value") VALUES ('db21e993-f189-59dc-b1a6-4dc4044357d0', '36bbdf48-c6cf-502b-85a2-26bec94171c5', 'KANJI', '忙しい');
INSERT INTO "vocabulary"."linkages" ("vocabulary_id", "preferred_definition_id", "preferred_spelling_id", "phonetic_spelling_id", "alt_phonetic_spelling_id", "kanji_spelling_id", "conjugation_set_id") VALUES ('36bbdf48-c6cf-502b-85a2-26bec94171c5', '0ab4e75b-03fc-5914-bc45-e1a36efdb8aa', '8e516788-a876-5d60-aa5b-35d92dfc0790', 'bfa20ccb-eac3-5a28-af17-53b7304c1776', NULL, 'db21e993-f189-59dc-b1a6-4dc4044357d0', NULL);
INSERT INTO "vocabulary"."reference" ("vocabulary_id", "lesson_code") VALUES ('36bbdf48-c6cf-502b-85a2-26bec94171c5', 'GENKI3_L05');
-- 大きい | large --;
INSERT INTO "vocabulary"."vocabulary" ("id", "word_class_code", "conjugation_kind_code", "jlpt_level", "row_num", "tags", "date_added") VALUES ('9c26c29d-c047-519d-bd01-6eb035e74752', 'ADJECTIVE', 'I_ADJECTIVE', 5, 450, '{}', '2022-09-07');
INSERT INTO "vocabulary"."definition" ("id", "vocabulary_id", "sort_rank", "value") VALUES ('bd649b70-958d-55fe-a331-e8a4d3c044ab', '9c26c29d-c047-519d-bd01-6eb035e74752', 1, 'large');
INSERT INTO "vocabulary"."spelling" ("id", "vocabulary_id", "spelling_kind_code", "value") VALUES ('ab6a0a43-32ea-5ca7-b3fd-1b42a15d8e19', '9c26c29d-c047-519d-bd01-6eb035e74752', 'KANJI', '大きい');
INSERT INTO "vocabulary"."spelling" ("id", "vocabulary_id", "spelling_kind_code", "value") VALUES ('44fd3c6b-ebec-552e-a0fd-140618c619fd', '9c26c29d-c047-519d-bd01-6eb035e74752', 'HIRAGANA', 'おおさい');
INSERT INTO "vocabulary"."spelling" ("id", "vocabulary_id", "spelling_kind_code", "value") VALUES ('0814ecde-4590-57ea-9e7d-bd00d671c995', '9c26c29d-c047-519d-bd01-6eb035e74752', 'KANJI', '大きい');
INSERT INTO "vocabulary"."linkages" ("vocabulary_id", "preferred_definition_id", "preferred_spelling_id", "phonetic_spelling_id", "alt_phonetic_spelling_id", "kanji_spelling_id", "conjugation_set_id") VALUES ('9c26c29d-c047-519d-bd01-6eb035e74752', 'bd649b70-958d-55fe-a331-e8a4d3c044ab', 'ab6a0a43-32ea-5ca7-b3fd-1b42a15d8e19', '44fd3c6b-ebec-552e-a0fd-140618c619fd', NULL, '0814ecde-4590-57ea-9e7d-bd00d671c995', NULL);
INSERT INTO "vocabulary"."reference" ("vocabulary_id", "lesson_code") VALUES ('9c26c29d-c047-519d-bd01-6eb035e74752', 'GENKI3_L05');
-- 小さい | small --;
INSERT INTO "vocabulary"."vocabulary" ("id", "word_class_code", "conjugation_kind_code", "jlpt_level", "row_num", "tags", "date_added") VALUES ('bbdc1a0a-1d15-5484-89ac-e3594f2d0e70', 'ADJECTIVE', 'I_ADJECTIVE', 5, 451, '{}', '2022-09-07');
INSERT INTO "vocabulary"."definition" ("id", "vocabulary_id", "sort_rank", "value") VALUES ('21d23d7c-88a7-5977-92d4-cec774362ea3', 'bbdc1a0a-1d15-5484-89ac-e3594f2d0e70', 1, 'small');
INSERT INTO "vocabulary"."spelling" ("id", "vocabulary_id", "spelling_kind_code", "value") VALUES ('6afca9ed-a388-5e5f-b6d2-9ae7e6854c01', 'bbdc1a0a-1d15-5484-89ac-e3594f2d0e70', 'KANJI', '小さい');
INSERT INTO "vocabulary"."spelling" ("id", "vocabulary_id", "spelling_kind_code", "value") VALUES ('a7638cf6-bdac-595b-b688-9907f3bf5c4d', 'bbdc1a0a-1d15-5484-89ac-e3594f2d0e70', 'HIRAGANA', 'ちいさい');
INSERT INTO "vocabulary"."spelling" ("id", "vocabulary_id", "spelling_kind_code", "value") VALUES ('6a20deaf-704f-598b-9bdd-4e8d7e3d8da9', 'bbdc1a0a-1d15-5484-89ac-e3594f2d0e70', 'KANJI', '小さい');
INSERT INTO "vocabulary"."linkages" ("vocabulary_id", "preferred_definition_id", "preferred_spelling_id", "phonetic_spelling_id", "alt_phonetic_spelling_id", "kanji_spelling_id", "conjugation_set_id") VALUES ('bbdc1a0a-1d15-5484-89ac-e3594f2d0e70', '21d23d7c-88a7-5977-92d4-cec774362ea3', '6afca9ed-a388-5e5f-b6d2-9ae7e6854c01', 'a7638cf6-bdac-595b-b688-9907f3bf5c4d', NULL, '6a20deaf-704f-598b-9bdd-4e8d7e3d8da9', NULL);
INSERT INTO "vocabulary"."reference" ("vocabulary_id", "lesson_code") VALUES ('bbdc1a0a-1d15-5484-89ac-e3594f2d0e70', 'GENKI3_L05');
-- 面白い | interesting; funny --;
INSERT INTO "vocabulary"."vocabulary" ("id", "word_class_code", "conjugation_kind_code", "jlpt_level", "row_num", "tags", "date_added") VALUES ('14eb54bb-8d5f-50c2-b2e7-9b89a32a18f6', 'ADJECTIVE', 'I_ADJECTIVE', 5, 452, '{}', '2022-09-07');
INSERT INTO "vocabulary"."definition" ("id", "vocabulary_id", "sort_rank", "value") VALUES ('bfa0df64-2adb-5544-ba41-d805653ddb1a', '14eb54bb-8d5f-50c2-b2e7-9b89a32a18f6', 1, 'interesting; funny');
INSERT INTO "vocabulary"."spelling" ("id", "vocabulary_id", "spelling_kind_code", "value") VALUES ('612470f2-31c7-5592-962b-fc35cbadface', '14eb54bb-8d5f-50c2-b2e7-9b89a32a18f6', 'KANJI', '面白い');
INSERT INTO "vocabulary"."spelling" ("id", "vocabulary_id", "spelling_kind_code", "value") VALUES ('db07edb3-c021-5066-a509-de4a66f5ac6e', '14eb54bb-8d5f-50c2-b2e7-9b89a32a18f6', 'HIRAGANA', 'おもしろい');
INSERT INTO "vocabulary"."spelling" ("id", "vocabulary_id", "spelling_kind_code", "value") VALUES ('7ef0e044-4f87-58bb-8d38-903353d43dc9', '14eb54bb-8d5f-50c2-b2e7-9b89a32a18f6', 'KANJI', '面白い');
INSERT INTO "vocabulary"."linkages" ("vocabulary_id", "preferred_definition_id", "preferred_spelling_id", "phonetic_spelling_id", "alt_phonetic_spelling_id", "kanji_spelling_id", "conjugation_set_id") VALUES ('14eb54bb-8d5f-50c2-b2e7-9b89a32a18f6', 'bfa0df64-2adb-5544-ba41-d805653ddb1a', '612470f2-31c7-5592-962b-fc35cbadface', 'db07edb3-c021-5066-a509-de4a66f5ac6e', NULL, '7ef0e044-4f87-58bb-8d38-903353d43dc9', NULL);
INSERT INTO "vocabulary"."reference" ("vocabulary_id", "lesson_code") VALUES ('14eb54bb-8d5f-50c2-b2e7-9b89a32a18f6', 'GENKI3_L05');
-- つまらない | boring --;
INSERT INTO "vocabulary"."vocabulary" ("id", "word_class_code", "conjugation_kind_code", "jlpt_level", "row_num", "tags", "date_added") VALUES ('2e46c8d1-bb5e-5c96-9e63-b1d4fc035da1', 'ADJECTIVE', 'I_ADJECTIVE', 5, 453, '{}', '2022-09-07');
INSERT INTO "vocabulary"."definition" ("id", "vocabulary_id", "sort_rank", "value") VALUES ('a8bc5d91-2f20-550f-97cf-5c2c1ccfaffa', '2e46c8d1-bb5e-5c96-9e63-b1d4fc035da1', 1, 'boring');
INSERT INTO "vocabulary"."spelling" ("id", "vocabulary_id", "spelling_kind_code", "value") VALUES ('b6cf0f6a-1d4d-513b-b5de-bc8b5ed79b38', '2e46c8d1-bb5e-5c96-9e63-b1d4fc035da1', 'HIRAGANA', 'つまらない');
INSERT INTO "vocabulary"."spelling" ("id", "vocabulary_id", "spelling_kind_code", "value") VALUES ('98d3a5c8-8742-5291-a7e5-2d6f0fe57166', '2e46c8d1-bb5e-5c96-9e63-b1d4fc035da1', 'HIRAGANA', 'つまらない');
INSERT INTO "vocabulary"."linkages" ("vocabulary_id", "preferred_definition_id", "preferred_spelling_id", "phonetic_spelling_id", "alt_phonetic_spelling_id", "kanji_spelling_id", "conjugation_set_id") VALUES ('2e46c8d1-bb5e-5c96-9e63-b1d4fc035da1', 'a8bc5d91-2f20-550f-97cf-5c2c1ccfaffa', 'b6cf0f6a-1d4d-513b-b5de-bc8b5ed79b38', '98d3a5c8-8742-5291-a7e5-2d6f0fe57166', NULL, NULL, NULL);
INSERT INTO "vocabulary"."reference" ("vocabulary_id", "lesson_code") VALUES ('2e46c8d1-bb5e-5c96-9e63-b1d4fc035da1', 'GENKI3_L05');
-- やさしい | easy (problem) --;
INSERT INTO "vocabulary"."vocabulary" ("id", "word_class_code", "conjugation_kind_code", "jlpt_level", "row_num", "tags", "date_added") VALUES ('ce5f2a5f-821f-5a5f-b5e5-6b59658ee781', 'ADJECTIVE', 'I_ADJECTIVE', 5, 454, '{}', '2022-09-07');
INSERT INTO "vocabulary"."definition" ("id", "vocabulary_id", "sort_rank", "value") VALUES ('732ac001-eb72-5b78-8d7b-c21dc8987f59', 'ce5f2a5f-821f-5a5f-b5e5-6b59658ee781', 1, 'easy (problem)');
INSERT INTO "vocabulary"."spelling" ("id", "vocabulary_id", "spelling_kind_code", "value") VALUES ('fc945eea-4a96-5fed-a667-88a9ce4dfa20', 'ce5f2a5f-821f-5a5f-b5e5-6b59658ee781', 'HIRAGANA', 'やさしい');
INSERT INTO "vocabulary"."spelling" ("id", "vocabulary_id", "spelling_kind_code", "value") VALUES ('6a15f6a3-1575-5763-a0bc-92607b5fe692', 'ce5f2a5f-821f-5a5f-b5e5-6b59658ee781', 'HIRAGANA', 'やさしい');
INSERT INTO "vocabulary"."spelling" ("id", "vocabulary_id", "spelling_kind_code", "value") VALUES ('0762f6d7-2271-52f5-8632-a945812e016d', 'ce5f2a5f-821f-5a5f-b5e5-6b59658ee781', 'KANJI', '易しい');
INSERT INTO "vocabulary"."linkages" ("vocabulary_id", "preferred_definition_id", "preferred_spelling_id", "phonetic_spelling_id", "alt_phonetic_spelling_id", "kanji_spelling_id", "conjugation_set_id") VALUES ('ce5f2a5f-821f-5a5f-b5e5-6b59658ee781', '732ac001-eb72-5b78-8d7b-c21dc8987f59', 'fc945eea-4a96-5fed-a667-88a9ce4dfa20', '6a15f6a3-1575-5763-a0bc-92607b5fe692', NULL, '0762f6d7-2271-52f5-8632-a945812e016d', NULL);
INSERT INTO "vocabulary"."reference" ("vocabulary_id", "lesson_code") VALUES ('ce5f2a5f-821f-5a5f-b5e5-6b59658ee781', 'GENKI3_L05');
-- 優しい | kind (person) --;
INSERT INTO "vocabulary"."vocabulary" ("id", "word_class_code", "conjugation_kind_code", "jlpt_level", "row_num", "tags", "date_added") VALUES ('f0506ed6-e8ae-5d80-90bc-d527638693f8', 'ADJECTIVE', 'I_ADJECTIVE', 4, 455, '{}', '2022-09-07');
INSERT INTO "vocabulary"."definition" ("id", "vocabulary_id", "sort_rank", "value") VALUES ('9d34f861-4f31-5f35-aa3a-ab763f3a706e', 'f0506ed6-e8ae-5d80-90bc-d527638693f8', 1, 'kind (person)');
INSERT INTO "vocabulary"."spelling" ("id", "vocabulary_id", "spelling_kind_code", "value") VALUES ('d2c3b9d8-6627-55ce-981a-93ef38b19025', 'f0506ed6-e8ae-5d80-90bc-d527638693f8', 'KANJI', '優しい');
INSERT INTO "vocabulary"."spelling" ("id", "vocabulary_id", "spelling_kind_code", "value") VALUES ('5b1ce361-dfe9-5033-bd76-d50243c667b8', 'f0506ed6-e8ae-5d80-90bc-d527638693f8', 'HIRAGANA', 'やさしい');
INSERT INTO "vocabulary"."spelling" ("id", "vocabulary_id", "spelling_kind_code", "value") VALUES ('774f6cb0-359c-5125-afe5-514a8b588507', 'f0506ed6-e8ae-5d80-90bc-d527638693f8', 'KANJI', '優しい');
INSERT INTO "vocabulary"."linkages" ("vocabulary_id", "preferred_definition_id", "preferred_spelling_id", "phonetic_spelling_id", "alt_phonetic_spelling_id", "kanji_spelling_id", "conjugation_set_id") VALUES ('f0506ed6-e8ae-5d80-90bc-d527638693f8', '9d34f861-4f31-5f35-aa3a-ab763f3a706e', 'd2c3b9d8-6627-55ce-981a-93ef38b19025', '5b1ce361-dfe9-5033-bd76-d50243c667b8', NULL, '774f6cb0-359c-5125-afe5-514a8b588507', NULL);
-- 難しい | difficult --;
INSERT INTO "vocabulary"."vocabulary" ("id", "word_class_code", "conjugation_kind_code", "jlpt_level", "row_num", "tags", "date_added") VALUES ('835597f8-7be1-561d-8ef8-9c73316e9b49', 'ADJECTIVE', 'I_ADJECTIVE', 5, 456, '{}', '2022-09-07');
INSERT INTO "vocabulary"."definition" ("id", "vocabulary_id", "sort_rank", "value") VALUES ('7f106fed-3b4d-5384-944d-daad4aee0b2e', '835597f8-7be1-561d-8ef8-9c73316e9b49', 1, 'difficult');
INSERT INTO "vocabulary"."spelling" ("id", "vocabulary_id", "spelling_kind_code", "value") VALUES ('26c7f768-b6e7-5178-a4ad-aba65ec8db9a', '835597f8-7be1-561d-8ef8-9c73316e9b49', 'KANJI', '難しい');
INSERT INTO "vocabulary"."spelling" ("id", "vocabulary_id", "spelling_kind_code", "value") VALUES ('d8525aa7-14e8-5a9c-8e0e-73364b3099b4', '835597f8-7be1-561d-8ef8-9c73316e9b49', 'HIRAGANA', 'むずかしい');
INSERT INTO "vocabulary"."spelling" ("id", "vocabulary_id", "spelling_kind_code", "value") VALUES ('491485ed-bb67-5ce8-ba95-11f51e69f115', '835597f8-7be1-561d-8ef8-9c73316e9b49', 'KANJI', '難しい');
INSERT INTO "vocabulary"."linkages" ("vocabulary_id", "preferred_definition_id", "preferred_spelling_id", "phonetic_spelling_id", "alt_phonetic_spelling_id", "kanji_spelling_id", "conjugation_set_id") VALUES ('835597f8-7be1-561d-8ef8-9c73316e9b49', '7f106fed-3b4d-5384-944d-daad4aee0b2e', '26c7f768-b6e7-5178-a4ad-aba65ec8db9a', 'd8525aa7-14e8-5a9c-8e0e-73364b3099b4', NULL, '491485ed-bb67-5ce8-ba95-11f51e69f115', NULL);
INSERT INTO "vocabulary"."reference" ("vocabulary_id", "lesson_code") VALUES ('835597f8-7be1-561d-8ef8-9c73316e9b49', 'GENKI3_L05');
-- かっこいい | good-looking --;
INSERT INTO "vocabulary"."vocabulary" ("id", "word_class_code", "conjugation_kind_code", "jlpt_level", "row_num", "tags", "date_added") VALUES ('46305ec7-a809-547e-bb67-8533f9059b26', 'ADJECTIVE', 'I_ADJECTIVE', NULL, 457, '{}', '2022-09-07');
INSERT INTO "vocabulary"."definition" ("id", "vocabulary_id", "sort_rank", "value") VALUES ('6d1ce708-d688-52a8-af24-eb21a33a6de7', '46305ec7-a809-547e-bb67-8533f9059b26', 1, 'good-looking');
INSERT INTO "vocabulary"."spelling" ("id", "vocabulary_id", "spelling_kind_code", "value") VALUES ('a93b22a4-cbb8-5c80-a678-f8a2cdce2543', '46305ec7-a809-547e-bb67-8533f9059b26', 'HIRAGANA', 'かっこいい');
INSERT INTO "vocabulary"."spelling" ("id", "vocabulary_id", "spelling_kind_code", "value") VALUES ('edae6b1d-84fb-5f84-a6fa-d40ed100805e', '46305ec7-a809-547e-bb67-8533f9059b26', 'HIRAGANA', 'かっこいい');
INSERT INTO "vocabulary"."spelling" ("id", "vocabulary_id", "spelling_kind_code", "value") VALUES ('5fc66d81-0836-5c69-83b6-408edda38ae8', '46305ec7-a809-547e-bb67-8533f9059b26', 'KANJI', '格好いい');
INSERT INTO "vocabulary"."linkages" ("vocabulary_id", "preferred_definition_id", "preferred_spelling_id", "phonetic_spelling_id", "alt_phonetic_spelling_id", "kanji_spelling_id", "conjugation_set_id") VALUES ('46305ec7-a809-547e-bb67-8533f9059b26', '6d1ce708-d688-52a8-af24-eb21a33a6de7', 'a93b22a4-cbb8-5c80-a678-f8a2cdce2543', 'edae6b1d-84fb-5f84-a6fa-d40ed100805e', NULL, '5fc66d81-0836-5c69-83b6-408edda38ae8', NULL);
INSERT INTO "vocabulary"."reference" ("vocabulary_id", "lesson_code") VALUES ('46305ec7-a809-547e-bb67-8533f9059b26', 'GENKI3_L05');
-- 怖い | frightening --;
INSERT INTO "vocabulary"."vocabulary" ("id", "word_class_code", "conjugation_kind_code", "jlpt_level", "row_num", "tags", "date_added") VALUES ('b28e9f01-a176-5cfa-b00b-e1fd1552f02d', 'ADJECTIVE', 'I_ADJECTIVE', 4, 458, '{}', '2022-09-07');
INSERT INTO "vocabulary"."definition" ("id", "vocabulary_id", "sort_rank", "value") VALUES ('3c7e60bf-1432-5c18-854f-dfa75ed70fcd', 'b28e9f01-a176-5cfa-b00b-e1fd1552f02d', 1, 'frightening');
INSERT INTO "vocabulary"."spelling" ("id", "vocabulary_id", "spelling_kind_code", "value") VALUES ('7f07d1b6-25e6-53c7-9a1b-a87022a9706f', 'b28e9f01-a176-5cfa-b00b-e1fd1552f02d', 'KANJI', '怖い');
INSERT INTO "vocabulary"."spelling" ("id", "vocabulary_id", "spelling_kind_code", "value") VALUES ('547bd75f-9af3-5f82-bac8-977922290c8f', 'b28e9f01-a176-5cfa-b00b-e1fd1552f02d', 'HIRAGANA', 'こわい');
INSERT INTO "vocabulary"."spelling" ("id", "vocabulary_id", "spelling_kind_code", "value") VALUES ('f6acba82-da4a-5083-b7d2-acd0ad454752', 'b28e9f01-a176-5cfa-b00b-e1fd1552f02d', 'KANJI', '怖い');
INSERT INTO "vocabulary"."linkages" ("vocabulary_id", "preferred_definition_id", "preferred_spelling_id", "phonetic_spelling_id", "alt_phonetic_spelling_id", "kanji_spelling_id", "conjugation_set_id") VALUES ('b28e9f01-a176-5cfa-b00b-e1fd1552f02d', '3c7e60bf-1432-5c18-854f-dfa75ed70fcd', '7f07d1b6-25e6-53c7-9a1b-a87022a9706f', '547bd75f-9af3-5f82-bac8-977922290c8f', NULL, 'f6acba82-da4a-5083-b7d2-acd0ad454752', NULL);
INSERT INTO "vocabulary"."reference" ("vocabulary_id", "lesson_code") VALUES ('b28e9f01-a176-5cfa-b00b-e1fd1552f02d', 'GENKI3_L05');
-- 楽しい | fun --;
INSERT INTO "vocabulary"."vocabulary" ("id", "word_class_code", "conjugation_kind_code", "jlpt_level", "row_num", "tags", "date_added") VALUES ('03824733-2e97-5d1e-8705-2520abf86985', 'ADJECTIVE', 'I_ADJECTIVE', 5, 459, '{}', '2022-09-07');
INSERT INTO "vocabulary"."definition" ("id", "vocabulary_id", "sort_rank", "value") VALUES ('938f97ef-4b9d-5404-b307-204dda196b8b', '03824733-2e97-5d1e-8705-2520abf86985', 1, 'fun');
INSERT INTO "vocabulary"."spelling" ("id", "vocabulary_id", "spelling_kind_code", "value") VALUES ('6637d68b-ce91-53b5-bac7-a7876880147a', '03824733-2e97-5d1e-8705-2520abf86985', 'KANJI', '楽しい');
INSERT INTO "vocabulary"."spelling" ("id", "vocabulary_id", "spelling_kind_code", "value") VALUES ('1de336c7-9fb1-50bd-be6b-2c8bf2193fd0', '03824733-2e97-5d1e-8705-2520abf86985', 'HIRAGANA', 'たのしい');
INSERT INTO "vocabulary"."spelling" ("id", "vocabulary_id", "spelling_kind_code", "value") VALUES ('bdaaf4c5-3c0a-5d5a-a10e-16bce510fd19', '03824733-2e97-5d1e-8705-2520abf86985', 'KANJI', '楽しい');
INSERT INTO "vocabulary"."linkages" ("vocabulary_id", "preferred_definition_id", "preferred_spelling_id", "phonetic_spelling_id", "alt_phonetic_spelling_id", "kanji_spelling_id", "conjugation_set_id") VALUES ('03824733-2e97-5d1e-8705-2520abf86985', '938f97ef-4b9d-5404-b307-204dda196b8b', '6637d68b-ce91-53b5-bac7-a7876880147a', '1de336c7-9fb1-50bd-be6b-2c8bf2193fd0', NULL, 'bdaaf4c5-3c0a-5d5a-a10e-16bce510fd19', NULL);
INSERT INTO "vocabulary"."reference" ("vocabulary_id", "lesson_code") VALUES ('03824733-2e97-5d1e-8705-2520abf86985', 'GENKI3_L05');
-- 安い | inexpensive; cheap (thing) --;
INSERT INTO "vocabulary"."vocabulary" ("id", "word_class_code", "conjugation_kind_code", "jlpt_level", "row_num", "tags", "date_added") VALUES ('a1c2f5e9-df18-5d9f-83db-7d30491b502d', 'ADJECTIVE', 'I_ADJECTIVE', 5, 460, '{}', '2022-09-07');
INSERT INTO "vocabulary"."definition" ("id", "vocabulary_id", "sort_rank", "value") VALUES ('6d7b62d8-7139-5fb5-a467-a697453191a4', 'a1c2f5e9-df18-5d9f-83db-7d30491b502d', 1, 'inexpensive; cheap (thing)');
INSERT INTO "vocabulary"."spelling" ("id", "vocabulary_id", "spelling_kind_code", "value") VALUES ('2afa5ae2-784b-57ee-b40c-9d3ff4351c45', 'a1c2f5e9-df18-5d9f-83db-7d30491b502d', 'KANJI', '安い');
INSERT INTO "vocabulary"."spelling" ("id", "vocabulary_id", "spelling_kind_code", "value") VALUES ('84661181-a2c3-519b-aef9-d3d1def382b7', 'a1c2f5e9-df18-5d9f-83db-7d30491b502d', 'HIRAGANA', 'やすい');
INSERT INTO "vocabulary"."spelling" ("id", "vocabulary_id", "spelling_kind_code", "value") VALUES ('9c8f3078-bf49-5f86-9877-02f9b6e94175', 'a1c2f5e9-df18-5d9f-83db-7d30491b502d', 'KANJI', '安い');
INSERT INTO "vocabulary"."linkages" ("vocabulary_id", "preferred_definition_id", "preferred_spelling_id", "phonetic_spelling_id", "alt_phonetic_spelling_id", "kanji_spelling_id", "conjugation_set_id") VALUES ('a1c2f5e9-df18-5d9f-83db-7d30491b502d', '6d7b62d8-7139-5fb5-a467-a697453191a4', '2afa5ae2-784b-57ee-b40c-9d3ff4351c45', '84661181-a2c3-519b-aef9-d3d1def382b7', NULL, '9c8f3078-bf49-5f86-9877-02f9b6e94175', NULL);
INSERT INTO "vocabulary"."reference" ("vocabulary_id", "lesson_code") VALUES ('a1c2f5e9-df18-5d9f-83db-7d30491b502d', 'GENKI3_L05');
-- 嫌い | disgusted with; to dislike --;
INSERT INTO "vocabulary"."vocabulary" ("id", "word_class_code", "conjugation_kind_code", "jlpt_level", "row_num", "tags", "date_added") VALUES ('cad48907-4908-5de4-8ee7-0c78c98ab755', 'ADJECTIVE', 'NA_ADJECTIVE', 5, 461, '{}', '2022-09-07');
INSERT INTO "vocabulary"."definition" ("id", "vocabulary_id", "sort_rank", "value") VALUES ('75a7bfbf-e974-584b-8581-e0ac3c68ca7b', 'cad48907-4908-5de4-8ee7-0c78c98ab755', 1, 'disgusted with; to dislike');
INSERT INTO "vocabulary"."spelling" ("id", "vocabulary_id", "spelling_kind_code", "value") VALUES ('f35d4b48-598f-577e-92ee-752e2bbc5b58', 'cad48907-4908-5de4-8ee7-0c78c98ab755', 'KANJI', '嫌い');
INSERT INTO "vocabulary"."spelling" ("id", "vocabulary_id", "spelling_kind_code", "value") VALUES ('932eb9c2-a7eb-528d-90a3-4e07ee259ed5', 'cad48907-4908-5de4-8ee7-0c78c98ab755', 'HIRAGANA', 'きらい');
INSERT INTO "vocabulary"."spelling" ("id", "vocabulary_id", "spelling_kind_code", "value") VALUES ('f64ffcd6-ca2a-539e-a7e6-a829460e8f5f', 'cad48907-4908-5de4-8ee7-0c78c98ab755', 'KANJI', '嫌い');
INSERT INTO "vocabulary"."linkages" ("vocabulary_id", "preferred_definition_id", "preferred_spelling_id", "phonetic_spelling_id", "alt_phonetic_spelling_id", "kanji_spelling_id", "conjugation_set_id") VALUES ('cad48907-4908-5de4-8ee7-0c78c98ab755', '75a7bfbf-e974-584b-8581-e0ac3c68ca7b', 'f35d4b48-598f-577e-92ee-752e2bbc5b58', '932eb9c2-a7eb-528d-90a3-4e07ee259ed5', NULL, 'f64ffcd6-ca2a-539e-a7e6-a829460e8f5f', NULL);
INSERT INTO "vocabulary"."reference" ("vocabulary_id", "lesson_code") VALUES ('cad48907-4908-5de4-8ee7-0c78c98ab755', 'GENKI3_L05');
-- 大好き | very fond of; to love --;
INSERT INTO "vocabulary"."vocabulary" ("id", "word_class_code", "conjugation_kind_code", "jlpt_level", "row_num", "tags", "date_added") VALUES ('f12880cb-86c7-5720-8773-a1cdfbe838f7', 'ADJECTIVE', 'NA_ADJECTIVE', 5, 462, '{}', '2022-09-07');
INSERT INTO "vocabulary"."definition" ("id", "vocabulary_id", "sort_rank", "value") VALUES ('3be267a4-0533-5e8d-ad10-a79f55afa62d', 'f12880cb-86c7-5720-8773-a1cdfbe838f7', 1, 'very fond of; to love');
INSERT INTO "vocabulary"."spelling" ("id", "vocabulary_id", "spelling_kind_code", "value") VALUES ('8824be6d-d634-5f86-932a-2451e4e2282f', 'f12880cb-86c7-5720-8773-a1cdfbe838f7', 'KANJI', '大好き');
INSERT INTO "vocabulary"."spelling" ("id", "vocabulary_id", "spelling_kind_code", "value") VALUES ('40ce83ca-aea4-56c8-8c6e-80f0669fd3eb', 'f12880cb-86c7-5720-8773-a1cdfbe838f7', 'HIRAGANA', 'だいすき');
INSERT INTO "vocabulary"."spelling" ("id", "vocabulary_id", "spelling_kind_code", "value") VALUES ('943f40cf-7a55-509d-bb11-91881c8d0c22', 'f12880cb-86c7-5720-8773-a1cdfbe838f7', 'KANJI', '大好き');
INSERT INTO "vocabulary"."linkages" ("vocabulary_id", "preferred_definition_id", "preferred_spelling_id", "phonetic_spelling_id", "alt_phonetic_spelling_id", "kanji_spelling_id", "conjugation_set_id") VALUES ('f12880cb-86c7-5720-8773-a1cdfbe838f7', '3be267a4-0533-5e8d-ad10-a79f55afa62d', '8824be6d-d634-5f86-932a-2451e4e2282f', '40ce83ca-aea4-56c8-8c6e-80f0669fd3eb', NULL, '943f40cf-7a55-509d-bb11-91881c8d0c22', NULL);
INSERT INTO "vocabulary"."reference" ("vocabulary_id", "lesson_code") VALUES ('f12880cb-86c7-5720-8773-a1cdfbe838f7', 'GENKI3_L05');
-- 大嫌い | to hate --;
INSERT INTO "vocabulary"."vocabulary" ("id", "word_class_code", "conjugation_kind_code", "jlpt_level", "row_num", "tags", "date_added") VALUES ('f610a74c-6229-5d19-b214-c183c4a1d92b', 'ADJECTIVE', 'NA_ADJECTIVE', NULL, 463, '{}', '2022-09-07');
INSERT INTO "vocabulary"."definition" ("id", "vocabulary_id", "sort_rank", "value") VALUES ('0f50d433-f487-59fb-92ac-3df11ee88d0a', 'f610a74c-6229-5d19-b214-c183c4a1d92b', 1, 'to hate');
INSERT INTO "vocabulary"."spelling" ("id", "vocabulary_id", "spelling_kind_code", "value") VALUES ('00ed0d04-90ce-5261-8fbe-16b1434bb56a', 'f610a74c-6229-5d19-b214-c183c4a1d92b', 'KANJI', '大嫌い');
INSERT INTO "vocabulary"."spelling" ("id", "vocabulary_id", "spelling_kind_code", "value") VALUES ('2b23026e-c274-5b8e-87eb-41727ddcd0a1', 'f610a74c-6229-5d19-b214-c183c4a1d92b', 'HIRAGANA', 'だいきらい');
INSERT INTO "vocabulary"."spelling" ("id", "vocabulary_id", "spelling_kind_code", "value") VALUES ('7d1625c5-93c0-51b0-8281-0be7c4020ea0', 'f610a74c-6229-5d19-b214-c183c4a1d92b', 'KANJI', '大嫌い');
INSERT INTO "vocabulary"."linkages" ("vocabulary_id", "preferred_definition_id", "preferred_spelling_id", "phonetic_spelling_id", "alt_phonetic_spelling_id", "kanji_spelling_id", "conjugation_set_id") VALUES ('f610a74c-6229-5d19-b214-c183c4a1d92b', '0f50d433-f487-59fb-92ac-3df11ee88d0a', '00ed0d04-90ce-5261-8fbe-16b1434bb56a', '2b23026e-c274-5b8e-87eb-41727ddcd0a1', NULL, '7d1625c5-93c0-51b0-8281-0be7c4020ea0', NULL);
INSERT INTO "vocabulary"."reference" ("vocabulary_id", "lesson_code") VALUES ('f610a74c-6229-5d19-b214-c183c4a1d92b', 'GENKI3_L05');
-- きれい | beautiful; clean --;
INSERT INTO "vocabulary"."vocabulary" ("id", "word_class_code", "conjugation_kind_code", "jlpt_level", "row_num", "tags", "date_added") VALUES ('8218a74b-27ab-5310-80f8-8cca81609f73', 'ADJECTIVE', 'NA_ADJECTIVE', 5, 464, '{}', '2022-09-07');
INSERT INTO "vocabulary"."definition" ("id", "vocabulary_id", "sort_rank", "value") VALUES ('a8d20c09-e6e0-5c48-9e1c-22250fb3aaf5', '8218a74b-27ab-5310-80f8-8cca81609f73', 1, 'beautiful; clean');
INSERT INTO "vocabulary"."spelling" ("id", "vocabulary_id", "spelling_kind_code", "value") VALUES ('4709e1e3-1de4-5971-a6de-32284444cd98', '8218a74b-27ab-5310-80f8-8cca81609f73', 'HIRAGANA', 'きれい');
INSERT INTO "vocabulary"."spelling" ("id", "vocabulary_id", "spelling_kind_code", "value") VALUES ('715406d3-3a6a-5996-8750-9633e304db2a', '8218a74b-27ab-5310-80f8-8cca81609f73', 'HIRAGANA', 'きれい');
INSERT INTO "vocabulary"."linkages" ("vocabulary_id", "preferred_definition_id", "preferred_spelling_id", "phonetic_spelling_id", "alt_phonetic_spelling_id", "kanji_spelling_id", "conjugation_set_id") VALUES ('8218a74b-27ab-5310-80f8-8cca81609f73', 'a8d20c09-e6e0-5c48-9e1c-22250fb3aaf5', '4709e1e3-1de4-5971-a6de-32284444cd98', '715406d3-3a6a-5996-8750-9633e304db2a', NULL, NULL, NULL);
INSERT INTO "vocabulary"."reference" ("vocabulary_id", "lesson_code") VALUES ('8218a74b-27ab-5310-80f8-8cca81609f73', 'GENKI3_L05');
-- 静か | quiet --;
INSERT INTO "vocabulary"."vocabulary" ("id", "word_class_code", "conjugation_kind_code", "jlpt_level", "row_num", "tags", "date_added") VALUES ('489610bc-c907-5de6-a0e7-acbeba740f3d', 'ADJECTIVE', 'NA_ADJECTIVE', 5, 465, '{}', '2022-09-07');
INSERT INTO "vocabulary"."definition" ("id", "vocabulary_id", "sort_rank", "value") VALUES ('cc4e7902-90a8-5d4f-9659-1a8ced88f1f1', '489610bc-c907-5de6-a0e7-acbeba740f3d', 1, 'quiet');
INSERT INTO "vocabulary"."spelling" ("id", "vocabulary_id", "spelling_kind_code", "value") VALUES ('fba039fa-0e5f-59c0-bea2-c7d5ed58a87e', '489610bc-c907-5de6-a0e7-acbeba740f3d', 'KANJI', '静か');
INSERT INTO "vocabulary"."spelling" ("id", "vocabulary_id", "spelling_kind_code", "value") VALUES ('68948d1e-0ebb-562a-89a3-26562b6b2bd2', '489610bc-c907-5de6-a0e7-acbeba740f3d', 'HIRAGANA', 'しずか');
INSERT INTO "vocabulary"."spelling" ("id", "vocabulary_id", "spelling_kind_code", "value") VALUES ('8fe60c2b-9dc5-5893-9ca1-f1dcc155ac65', '489610bc-c907-5de6-a0e7-acbeba740f3d', 'KANJI', '静か');
INSERT INTO "vocabulary"."linkages" ("vocabulary_id", "preferred_definition_id", "preferred_spelling_id", "phonetic_spelling_id", "alt_phonetic_spelling_id", "kanji_spelling_id", "conjugation_set_id") VALUES ('489610bc-c907-5de6-a0e7-acbeba740f3d', 'cc4e7902-90a8-5d4f-9659-1a8ced88f1f1', 'fba039fa-0e5f-59c0-bea2-c7d5ed58a87e', '68948d1e-0ebb-562a-89a3-26562b6b2bd2', NULL, '8fe60c2b-9dc5-5893-9ca1-f1dcc155ac65', NULL);
INSERT INTO "vocabulary"."reference" ("vocabulary_id", "lesson_code") VALUES ('489610bc-c907-5de6-a0e7-acbeba740f3d', 'GENKI3_L05');
-- にぎやか | lively --;
INSERT INTO "vocabulary"."vocabulary" ("id", "word_class_code", "conjugation_kind_code", "jlpt_level", "row_num", "tags", "date_added") VALUES ('96e3bcd4-e542-5d84-8576-c33f94149bc8', 'ADJECTIVE', 'NA_ADJECTIVE', 5, 466, '{}', '2022-09-07');
INSERT INTO "vocabulary"."definition" ("id", "vocabulary_id", "sort_rank", "value") VALUES ('7d1daf6d-03e6-5bce-9cd0-3e5979d587dc', '96e3bcd4-e542-5d84-8576-c33f94149bc8', 1, 'lively');
INSERT INTO "vocabulary"."spelling" ("id", "vocabulary_id", "spelling_kind_code", "value") VALUES ('399e6faa-b89b-5f08-98d6-ec4351ef277e', '96e3bcd4-e542-5d84-8576-c33f94149bc8', 'HIRAGANA', 'にぎやか');
INSERT INTO "vocabulary"."spelling" ("id", "vocabulary_id", "spelling_kind_code", "value") VALUES ('4535542e-fa30-5cb2-b466-fd3b82e296ad', '96e3bcd4-e542-5d84-8576-c33f94149bc8', 'HIRAGANA', 'にぎやか');
INSERT INTO "vocabulary"."linkages" ("vocabulary_id", "preferred_definition_id", "preferred_spelling_id", "phonetic_spelling_id", "alt_phonetic_spelling_id", "kanji_spelling_id", "conjugation_set_id") VALUES ('96e3bcd4-e542-5d84-8576-c33f94149bc8', '7d1daf6d-03e6-5bce-9cd0-3e5979d587dc', '399e6faa-b89b-5f08-98d6-ec4351ef277e', '4535542e-fa30-5cb2-b466-fd3b82e296ad', NULL, NULL, NULL);
INSERT INTO "vocabulary"."reference" ("vocabulary_id", "lesson_code") VALUES ('96e3bcd4-e542-5d84-8576-c33f94149bc8', 'GENKI3_L05');
-- 暇 | not busy; free (time) --;
INSERT INTO "vocabulary"."vocabulary" ("id", "word_class_code", "conjugation_kind_code", "jlpt_level", "row_num", "tags", "date_added") VALUES ('585dccbc-01ad-5691-95c0-a5d402db619d', 'ADJECTIVE', 'NA_ADJECTIVE', 5, 467, '{}', '2022-09-07');
INSERT INTO "vocabulary"."definition" ("id", "vocabulary_id", "sort_rank", "value") VALUES ('9d1e7618-5397-5921-876d-70b04f8f4f72', '585dccbc-01ad-5691-95c0-a5d402db619d', 1, 'not busy; free (time)');
INSERT INTO "vocabulary"."spelling" ("id", "vocabulary_id", "spelling_kind_code", "value") VALUES ('7b5f5196-8633-5a4a-a159-5488ae20fffa', '585dccbc-01ad-5691-95c0-a5d402db619d', 'KANJI', '暇');
INSERT INTO "vocabulary"."spelling" ("id", "vocabulary_id", "spelling_kind_code", "value") VALUES ('0fd5280a-1bcd-50b0-8e6c-5a0e6e96197f', '585dccbc-01ad-5691-95c0-a5d402db619d', 'HIRAGANA', 'ひま');
INSERT INTO "vocabulary"."spelling" ("id", "vocabulary_id", "spelling_kind_code", "value") VALUES ('844af039-68b9-5a92-a448-0603d26a607c', '585dccbc-01ad-5691-95c0-a5d402db619d', 'KANJI', '暇');
INSERT INTO "vocabulary"."linkages" ("vocabulary_id", "preferred_definition_id", "preferred_spelling_id", "phonetic_spelling_id", "alt_phonetic_spelling_id", "kanji_spelling_id", "conjugation_set_id") VALUES ('585dccbc-01ad-5691-95c0-a5d402db619d', '9d1e7618-5397-5921-876d-70b04f8f4f72', '7b5f5196-8633-5a4a-a159-5488ae20fffa', '0fd5280a-1bcd-50b0-8e6c-5a0e6e96197f', NULL, '844af039-68b9-5a92-a448-0603d26a607c', NULL);
INSERT INTO "vocabulary"."reference" ("vocabulary_id", "lesson_code") VALUES ('585dccbc-01ad-5691-95c0-a5d402db619d', 'GENKI3_L05');
-- 泳ぐ | to swim --;
INSERT INTO "vocabulary"."vocabulary" ("id", "word_class_code", "conjugation_kind_code", "jlpt_level", "row_num", "tags", "date_added") VALUES ('4ae77db0-2b66-543a-8d78-8e51c4cb0676', 'VERB', 'GODAN_VERB', 5, 468, '{}', '2022-09-07');
INSERT INTO "vocabulary"."definition" ("id", "vocabulary_id", "sort_rank", "value") VALUES ('da77a880-3b32-5bae-9fa8-48447e355d6d', '4ae77db0-2b66-543a-8d78-8e51c4cb0676', 1, 'to swim');
INSERT INTO "vocabulary"."spelling" ("id", "vocabulary_id", "spelling_kind_code", "value") VALUES ('7602566a-6e83-5472-96fc-a97c9fd7a230', '4ae77db0-2b66-543a-8d78-8e51c4cb0676', 'KANJI', '泳ぐ');
INSERT INTO "vocabulary"."spelling" ("id", "vocabulary_id", "spelling_kind_code", "value") VALUES ('d28df90a-8628-5485-8e22-0b916531cbab', '4ae77db0-2b66-543a-8d78-8e51c4cb0676', 'HIRAGANA', 'およぐ');
INSERT INTO "vocabulary"."spelling" ("id", "vocabulary_id", "spelling_kind_code", "value") VALUES ('57ab0f48-1fd0-572c-aaa6-7786c148def1', '4ae77db0-2b66-543a-8d78-8e51c4cb0676', 'KANJI', '泳ぐ');
INSERT INTO "vocabulary"."linkages" ("vocabulary_id", "preferred_definition_id", "preferred_spelling_id", "phonetic_spelling_id", "alt_phonetic_spelling_id", "kanji_spelling_id", "conjugation_set_id") VALUES ('4ae77db0-2b66-543a-8d78-8e51c4cb0676', 'da77a880-3b32-5bae-9fa8-48447e355d6d', '7602566a-6e83-5472-96fc-a97c9fd7a230', 'd28df90a-8628-5485-8e22-0b916531cbab', NULL, '57ab0f48-1fd0-572c-aaa6-7786c148def1', NULL);
INSERT INTO "vocabulary"."reference" ("vocabulary_id", "lesson_code") VALUES ('4ae77db0-2b66-543a-8d78-8e51c4cb0676', 'GENKI3_L05');
-- 乗る | to ride; to board --;
INSERT INTO "vocabulary"."vocabulary" ("id", "word_class_code", "conjugation_kind_code", "jlpt_level", "row_num", "tags", "date_added") VALUES ('2bcd828d-02d9-5834-8e4e-2a9fdecb800f', 'VERB', 'GODAN_VERB', 5, 469, '{}', '2022-09-07');
INSERT INTO "vocabulary"."definition" ("id", "vocabulary_id", "sort_rank", "value") VALUES ('08ca2bf8-f930-58c6-af57-9546a16dc155', '2bcd828d-02d9-5834-8e4e-2a9fdecb800f', 1, 'to ride; to board');
INSERT INTO "vocabulary"."spelling" ("id", "vocabulary_id", "spelling_kind_code", "value") VALUES ('ad9bc402-8e88-591e-958a-96b89f82ea64', '2bcd828d-02d9-5834-8e4e-2a9fdecb800f', 'KANJI', '乗る');
INSERT INTO "vocabulary"."spelling" ("id", "vocabulary_id", "spelling_kind_code", "value") VALUES ('c05faef0-791d-5950-b07f-bcf1eab5326b', '2bcd828d-02d9-5834-8e4e-2a9fdecb800f', 'HIRAGANA', 'のる');
INSERT INTO "vocabulary"."spelling" ("id", "vocabulary_id", "spelling_kind_code", "value") VALUES ('61937c68-7beb-5ae6-842e-d4ea8cb7ba9f', '2bcd828d-02d9-5834-8e4e-2a9fdecb800f', 'KANJI', '乗る');
INSERT INTO "vocabulary"."linkages" ("vocabulary_id", "preferred_definition_id", "preferred_spelling_id", "phonetic_spelling_id", "alt_phonetic_spelling_id", "kanji_spelling_id", "conjugation_set_id") VALUES ('2bcd828d-02d9-5834-8e4e-2a9fdecb800f', '08ca2bf8-f930-58c6-af57-9546a16dc155', 'ad9bc402-8e88-591e-958a-96b89f82ea64', 'c05faef0-791d-5950-b07f-bcf1eab5326b', NULL, '61937c68-7beb-5ae6-842e-d4ea8cb7ba9f', NULL);
INSERT INTO "vocabulary"."reference" ("vocabulary_id", "lesson_code") VALUES ('2bcd828d-02d9-5834-8e4e-2a9fdecb800f', 'GENKI3_L05');
-- やる | to do; to perform; to play (a game) --;
INSERT INTO "vocabulary"."vocabulary" ("id", "word_class_code", "conjugation_kind_code", "jlpt_level", "row_num", "tags", "date_added") VALUES ('43056e9d-b789-5d3b-ae22-ccd5feca4e1a', 'VERB', 'GODAN_VERB', 1, 470, '{}', '2022-09-07');
INSERT INTO "vocabulary"."definition" ("id", "vocabulary_id", "sort_rank", "value") VALUES ('5d66276e-2cbc-5e71-80de-84802eda13ef', '43056e9d-b789-5d3b-ae22-ccd5feca4e1a', 1, 'to do; to perform; to play (a game)');
INSERT INTO "vocabulary"."spelling" ("id", "vocabulary_id", "spelling_kind_code", "value") VALUES ('f2e4cb84-6882-56f5-83dc-c933d89d1b5d', '43056e9d-b789-5d3b-ae22-ccd5feca4e1a', 'HIRAGANA', 'やる');
INSERT INTO "vocabulary"."spelling" ("id", "vocabulary_id", "spelling_kind_code", "value") VALUES ('f58eb129-cab6-5309-a09c-c4cc8cfa3ab1', '43056e9d-b789-5d3b-ae22-ccd5feca4e1a', 'HIRAGANA', 'やる');
INSERT INTO "vocabulary"."linkages" ("vocabulary_id", "preferred_definition_id", "preferred_spelling_id", "phonetic_spelling_id", "alt_phonetic_spelling_id", "kanji_spelling_id", "conjugation_set_id") VALUES ('43056e9d-b789-5d3b-ae22-ccd5feca4e1a', '5d66276e-2cbc-5e71-80de-84802eda13ef', 'f2e4cb84-6882-56f5-83dc-c933d89d1b5d', 'f58eb129-cab6-5309-a09c-c4cc8cfa3ab1', NULL, NULL, NULL);
INSERT INTO "vocabulary"."reference" ("vocabulary_id", "lesson_code") VALUES ('43056e9d-b789-5d3b-ae22-ccd5feca4e1a', 'GENKI3_L05');
-- 出かける | to go out --;
INSERT INTO "vocabulary"."vocabulary" ("id", "word_class_code", "conjugation_kind_code", "jlpt_level", "row_num", "tags", "date_added") VALUES ('87f65ff6-cc11-5ed3-ae0f-91cd20cf2c32', 'VERB', 'ICHIDAN_VERB', 5, 471, '{}', '2022-09-07');
INSERT INTO "vocabulary"."definition" ("id", "vocabulary_id", "sort_rank", "value") VALUES ('2f777200-5809-58f8-b131-6f841c55b7ba', '87f65ff6-cc11-5ed3-ae0f-91cd20cf2c32', 1, 'to go out');
INSERT INTO "vocabulary"."spelling" ("id", "vocabulary_id", "spelling_kind_code", "value") VALUES ('641ecc5a-de3c-5d03-a00e-7202d42398cc', '87f65ff6-cc11-5ed3-ae0f-91cd20cf2c32', 'KANJI', '出かける');
INSERT INTO "vocabulary"."spelling" ("id", "vocabulary_id", "spelling_kind_code", "value") VALUES ('112aa9a3-c4f2-5e58-9a3e-e0b961b10759', '87f65ff6-cc11-5ed3-ae0f-91cd20cf2c32', 'HIRAGANA', 'でかける');
INSERT INTO "vocabulary"."spelling" ("id", "vocabulary_id", "spelling_kind_code", "value") VALUES ('e4f89da5-571e-558d-8089-c417ce9ed17d', '87f65ff6-cc11-5ed3-ae0f-91cd20cf2c32', 'KANJI', '出かける');
INSERT INTO "vocabulary"."linkages" ("vocabulary_id", "preferred_definition_id", "preferred_spelling_id", "phonetic_spelling_id", "alt_phonetic_spelling_id", "kanji_spelling_id", "conjugation_set_id") VALUES ('87f65ff6-cc11-5ed3-ae0f-91cd20cf2c32', '2f777200-5809-58f8-b131-6f841c55b7ba', '641ecc5a-de3c-5d03-a00e-7202d42398cc', '112aa9a3-c4f2-5e58-9a3e-e0b961b10759', NULL, 'e4f89da5-571e-558d-8089-c417ce9ed17d', NULL);
INSERT INTO "vocabulary"."reference" ("vocabulary_id", "lesson_code") VALUES ('87f65ff6-cc11-5ed3-ae0f-91cd20cf2c32', 'GENKI3_L05');
-- 出口 | exit --;
INSERT INTO "vocabulary"."vocabulary" ("id", "word_class_code", "conjugation_kind_code", "jlpt_level", "row_num", "tags", "date_added") VALUES ('6debd947-e8ba-512e-8457-8bf0e7ea9e5b', 'NOUN', NULL, 5, 472, '{}', '2022-09-07');
INSERT INTO "vocabulary"."definition" ("id", "vocabulary_id", "sort_rank", "value") VALUES ('8edf6de1-da6e-5883-99dd-8e262d8148fa', '6debd947-e8ba-512e-8457-8bf0e7ea9e5b', 1, 'exit');
INSERT INTO "vocabulary"."spelling" ("id", "vocabulary_id", "spelling_kind_code", "value") VALUES ('cc040027-8465-53bc-a1dd-4fd747033793', '6debd947-e8ba-512e-8457-8bf0e7ea9e5b', 'KANJI', '出口');
INSERT INTO "vocabulary"."spelling" ("id", "vocabulary_id", "spelling_kind_code", "value") VALUES ('c0526456-2902-5b59-b2ef-2c5129617e57', '6debd947-e8ba-512e-8457-8bf0e7ea9e5b', 'HIRAGANA', 'でくち');
INSERT INTO "vocabulary"."spelling" ("id", "vocabulary_id", "spelling_kind_code", "value") VALUES ('44ddbc36-744b-5306-9014-a190f981fb7d', '6debd947-e8ba-512e-8457-8bf0e7ea9e5b', 'KANJI', '出口');
INSERT INTO "vocabulary"."linkages" ("vocabulary_id", "preferred_definition_id", "preferred_spelling_id", "phonetic_spelling_id", "alt_phonetic_spelling_id", "kanji_spelling_id", "conjugation_set_id") VALUES ('6debd947-e8ba-512e-8457-8bf0e7ea9e5b', '8edf6de1-da6e-5883-99dd-8e262d8148fa', 'cc040027-8465-53bc-a1dd-4fd747033793', 'c0526456-2902-5b59-b2ef-2c5129617e57', NULL, '44ddbc36-744b-5306-9014-a190f981fb7d', NULL);
-- 一緒に | together (with); at the same time; --;
INSERT INTO "vocabulary"."vocabulary" ("id", "word_class_code", "conjugation_kind_code", "jlpt_level", "row_num", "tags", "date_added") VALUES ('3121a086-d388-5e2d-87ea-42928a70bdb2', 'ADVERB', NULL, NULL, 473, '{}', '2022-09-07');
INSERT INTO "vocabulary"."definition" ("id", "vocabulary_id", "sort_rank", "value") VALUES ('70cb9260-53cc-5817-ba6e-5f2c126d8d89', '3121a086-d388-5e2d-87ea-42928a70bdb2', 1, 'together (with); at the same time;');
INSERT INTO "vocabulary"."spelling" ("id", "vocabulary_id", "spelling_kind_code", "value") VALUES ('efa3a85d-3ede-595c-b2a1-75900c6b92f3', '3121a086-d388-5e2d-87ea-42928a70bdb2', 'KANJI', '一緒に');
INSERT INTO "vocabulary"."spelling" ("id", "vocabulary_id", "spelling_kind_code", "value") VALUES ('19dc9c5e-6dc5-50db-a955-eb46b8dd527b', '3121a086-d388-5e2d-87ea-42928a70bdb2', 'HIRAGANA', 'いっしょに');
INSERT INTO "vocabulary"."spelling" ("id", "vocabulary_id", "spelling_kind_code", "value") VALUES ('49c507d8-a8cf-56cd-9d61-ba69a1177965', '3121a086-d388-5e2d-87ea-42928a70bdb2', 'KANJI', '一緒に');
INSERT INTO "vocabulary"."linkages" ("vocabulary_id", "preferred_definition_id", "preferred_spelling_id", "phonetic_spelling_id", "alt_phonetic_spelling_id", "kanji_spelling_id", "conjugation_set_id") VALUES ('3121a086-d388-5e2d-87ea-42928a70bdb2', '70cb9260-53cc-5817-ba6e-5f2c126d8d89', 'efa3a85d-3ede-595c-b2a1-75900c6b92f3', '19dc9c5e-6dc5-50db-a955-eb46b8dd527b', NULL, '49c507d8-a8cf-56cd-9d61-ba69a1177965', NULL);
INSERT INTO "vocabulary"."reference" ("vocabulary_id", "lesson_code") VALUES ('3121a086-d388-5e2d-87ea-42928a70bdb2', 'GENKI3_L05');
-- すごく | extremely --;
INSERT INTO "vocabulary"."vocabulary" ("id", "word_class_code", "conjugation_kind_code", "jlpt_level", "row_num", "tags", "date_added") VALUES ('0dbac8fa-7de5-557b-a950-da804909a322', 'ADVERB', NULL, NULL, 474, '{}', '2022-09-07');
INSERT INTO "vocabulary"."definition" ("id", "vocabulary_id", "sort_rank", "value") VALUES ('cb904913-8ef4-5e8c-8e69-73ae56616598', '0dbac8fa-7de5-557b-a950-da804909a322', 1, 'extremely');
INSERT INTO "vocabulary"."spelling" ("id", "vocabulary_id", "spelling_kind_code", "value") VALUES ('e963d13f-e05c-505c-a902-30597735945a', '0dbac8fa-7de5-557b-a950-da804909a322', 'HIRAGANA', 'すごく');
INSERT INTO "vocabulary"."spelling" ("id", "vocabulary_id", "spelling_kind_code", "value") VALUES ('4c90dd73-56cf-5ac3-a35a-83c7e0e512a0', '0dbac8fa-7de5-557b-a950-da804909a322', 'HIRAGANA', 'すごく');
INSERT INTO "vocabulary"."spelling" ("id", "vocabulary_id", "spelling_kind_code", "value") VALUES ('1923c175-246d-5ad1-ab86-7fdbae313fc9', '0dbac8fa-7de5-557b-a950-da804909a322', 'KANJI', '凄く');
INSERT INTO "vocabulary"."linkages" ("vocabulary_id", "preferred_definition_id", "preferred_spelling_id", "phonetic_spelling_id", "alt_phonetic_spelling_id", "kanji_spelling_id", "conjugation_set_id") VALUES ('0dbac8fa-7de5-557b-a950-da804909a322', 'cb904913-8ef4-5e8c-8e69-73ae56616598', 'e963d13f-e05c-505c-a902-30597735945a', '4c90dd73-56cf-5ac3-a35a-83c7e0e512a0', NULL, '1923c175-246d-5ad1-ab86-7fdbae313fc9', NULL);
INSERT INTO "vocabulary"."reference" ("vocabulary_id", "lesson_code") VALUES ('0dbac8fa-7de5-557b-a950-da804909a322', 'GENKI3_L05');
-- とても | very --;
INSERT INTO "vocabulary"."vocabulary" ("id", "word_class_code", "conjugation_kind_code", "jlpt_level", "row_num", "tags", "date_added") VALUES ('49100de9-fba3-596c-a2d2-d7d268716d82', 'ADVERB', NULL, 5, 475, '{}', '2022-09-07');
INSERT INTO "vocabulary"."definition" ("id", "vocabulary_id", "sort_rank", "value") VALUES ('5fb63bbe-2469-5e57-b355-e6c7ba41abf3', '49100de9-fba3-596c-a2d2-d7d268716d82', 1, 'very');
INSERT INTO "vocabulary"."spelling" ("id", "vocabulary_id", "spelling_kind_code", "value") VALUES ('915c50b3-bc63-59e5-a356-bb5cc6d8985a', '49100de9-fba3-596c-a2d2-d7d268716d82', 'HIRAGANA', 'とても');
INSERT INTO "vocabulary"."spelling" ("id", "vocabulary_id", "spelling_kind_code", "value") VALUES ('6ed866b2-63fe-5dc8-b1c5-31512d3bde1f', '49100de9-fba3-596c-a2d2-d7d268716d82', 'HIRAGANA', 'とても');
INSERT INTO "vocabulary"."linkages" ("vocabulary_id", "preferred_definition_id", "preferred_spelling_id", "phonetic_spelling_id", "alt_phonetic_spelling_id", "kanji_spelling_id", "conjugation_set_id") VALUES ('49100de9-fba3-596c-a2d2-d7d268716d82', '5fb63bbe-2469-5e57-b355-e6c7ba41abf3', '915c50b3-bc63-59e5-a356-bb5cc6d8985a', '6ed866b2-63fe-5dc8-b1c5-31512d3bde1f', NULL, NULL, NULL);
INSERT INTO "vocabulary"."reference" ("vocabulary_id", "lesson_code") VALUES ('49100de9-fba3-596c-a2d2-d7d268716d82', 'GENKI3_L05');
-- どんな | what kind of... --;
INSERT INTO "vocabulary"."vocabulary" ("id", "word_class_code", "conjugation_kind_code", "jlpt_level", "row_num", "tags", "date_added") VALUES ('a7e30acf-baa9-5c69-b41d-b344f631a8a6', 'PRE_NOUN_ADJECTIVAL', NULL, 3, 476, '{}', '2022-09-07');
INSERT INTO "vocabulary"."definition" ("id", "vocabulary_id", "sort_rank", "value") VALUES ('eafb8739-ebdb-5b75-9c0f-3e9b8b079b89', 'a7e30acf-baa9-5c69-b41d-b344f631a8a6', 1, 'what kind of...');
INSERT INTO "vocabulary"."spelling" ("id", "vocabulary_id", "spelling_kind_code", "value") VALUES ('aedba3d9-af62-5d1f-9f29-654ac6eccb1f', 'a7e30acf-baa9-5c69-b41d-b344f631a8a6', 'HIRAGANA', 'どんな');
INSERT INTO "vocabulary"."spelling" ("id", "vocabulary_id", "spelling_kind_code", "value") VALUES ('ee1862f6-0d95-53bc-874c-76a2255d64c5', 'a7e30acf-baa9-5c69-b41d-b344f631a8a6', 'HIRAGANA', 'どんな');
INSERT INTO "vocabulary"."linkages" ("vocabulary_id", "preferred_definition_id", "preferred_spelling_id", "phonetic_spelling_id", "alt_phonetic_spelling_id", "kanji_spelling_id", "conjugation_set_id") VALUES ('a7e30acf-baa9-5c69-b41d-b344f631a8a6', 'eafb8739-ebdb-5b75-9c0f-3e9b8b079b89', 'aedba3d9-af62-5d1f-9f29-654ac6eccb1f', 'ee1862f6-0d95-53bc-874c-76a2255d64c5', NULL, NULL, NULL);
INSERT INTO "vocabulary"."reference" ("vocabulary_id", "lesson_code") VALUES ('a7e30acf-baa9-5c69-b41d-b344f631a8a6', 'GENKI3_L05');
-- 〜枚 | counter for flat objects --;
INSERT INTO "vocabulary"."vocabulary" ("id", "word_class_code", "conjugation_kind_code", "jlpt_level", "row_num", "tags", "date_added") VALUES ('acbf41df-4c3c-58fe-b99e-30d088bafb4f', 'COUNTER', NULL, 1, 477, '{}', '2022-09-07');
INSERT INTO "vocabulary"."definition" ("id", "vocabulary_id", "sort_rank", "value") VALUES ('5550fdeb-389a-5846-b7c8-7781c957d310', 'acbf41df-4c3c-58fe-b99e-30d088bafb4f', 1, 'counter for flat objects');
INSERT INTO "vocabulary"."spelling" ("id", "vocabulary_id", "spelling_kind_code", "value") VALUES ('a6406f01-9f3c-546f-be52-9ed5592016b7', 'acbf41df-4c3c-58fe-b99e-30d088bafb4f', 'KANJI', '〜枚');
INSERT INTO "vocabulary"."spelling" ("id", "vocabulary_id", "spelling_kind_code", "value") VALUES ('826c9fa3-f3fc-5c2e-8e0c-0bf2bf3d6305', 'acbf41df-4c3c-58fe-b99e-30d088bafb4f', 'HIRAGANA', '〜まい');
INSERT INTO "vocabulary"."spelling" ("id", "vocabulary_id", "spelling_kind_code", "value") VALUES ('006dc476-b220-55a8-a5df-32edc889ae26', 'acbf41df-4c3c-58fe-b99e-30d088bafb4f', 'KANJI', '〜枚');
INSERT INTO "vocabulary"."linkages" ("vocabulary_id", "preferred_definition_id", "preferred_spelling_id", "phonetic_spelling_id", "alt_phonetic_spelling_id", "kanji_spelling_id", "conjugation_set_id") VALUES ('acbf41df-4c3c-58fe-b99e-30d088bafb4f', '5550fdeb-389a-5846-b7c8-7781c957d310', 'a6406f01-9f3c-546f-be52-9ed5592016b7', '826c9fa3-f3fc-5c2e-8e0c-0bf2bf3d6305', NULL, '006dc476-b220-55a8-a5df-32edc889ae26', NULL);
INSERT INTO "vocabulary"."reference" ("vocabulary_id", "lesson_code") VALUES ('acbf41df-4c3c-58fe-b99e-30d088bafb4f', 'GENKI3_L05');
-- 寂しい | lonely; solitary --;
INSERT INTO "vocabulary"."vocabulary" ("id", "word_class_code", "conjugation_kind_code", "jlpt_level", "row_num", "tags", "date_added") VALUES ('dd54072a-e05a-4b60-a493-578ef2cb015f', 'ADJECTIVE', 'I_ADJECTIVE', 4, 478, '{}', '2022-09-07');
INSERT INTO "vocabulary"."definition" ("id", "vocabulary_id", "sort_rank", "value") VALUES ('ffcf8818-e9bd-5673-98c5-831121666f40', 'dd54072a-e05a-4b60-a493-578ef2cb015f', 1, 'lonely; solitary');
INSERT INTO "vocabulary"."spelling" ("id", "vocabulary_id", "spelling_kind_code", "value") VALUES ('1ed3097e-2290-5b8c-b2a6-847a78492f8c', 'dd54072a-e05a-4b60-a493-578ef2cb015f', 'KANJI', '寂しい');
INSERT INTO "vocabulary"."spelling" ("id", "vocabulary_id", "spelling_kind_code", "value") VALUES ('ee78d337-8122-571b-acdc-a51d72209232', 'dd54072a-e05a-4b60-a493-578ef2cb015f', 'HIRAGANA', 'さびしい');
INSERT INTO "vocabulary"."spelling" ("id", "vocabulary_id", "spelling_kind_code", "value") VALUES ('65b5fe3e-bc99-5475-a70e-30fa75d3bc58', 'dd54072a-e05a-4b60-a493-578ef2cb015f', 'KANJI', '寂しい');
INSERT INTO "vocabulary"."linkages" ("vocabulary_id", "preferred_definition_id", "preferred_spelling_id", "phonetic_spelling_id", "alt_phonetic_spelling_id", "kanji_spelling_id", "conjugation_set_id") VALUES ('dd54072a-e05a-4b60-a493-578ef2cb015f', 'ffcf8818-e9bd-5673-98c5-831121666f40', '1ed3097e-2290-5b8c-b2a6-847a78492f8c', 'ee78d337-8122-571b-acdc-a51d72209232', NULL, '65b5fe3e-bc99-5475-a70e-30fa75d3bc58', NULL);
-- 津波 | tidal wave --;
INSERT INTO "vocabulary"."vocabulary" ("id", "word_class_code", "conjugation_kind_code", "jlpt_level", "row_num", "tags", "date_added") VALUES ('9602b36a-fef2-58f6-a53a-84283766c73d', 'NOUN', NULL, 1, 479, '{}', '2022-09-17');
INSERT INTO "vocabulary"."definition" ("id", "vocabulary_id", "sort_rank", "value") VALUES ('e3313f3e-a5f5-5e10-b605-561a5d3baa58', '9602b36a-fef2-58f6-a53a-84283766c73d', 1, 'tidal wave');
INSERT INTO "vocabulary"."spelling" ("id", "vocabulary_id", "spelling_kind_code", "value") VALUES ('7ad7b9f7-cdfa-5559-8e20-86a8865388de', '9602b36a-fef2-58f6-a53a-84283766c73d', 'KANJI', '津波');
INSERT INTO "vocabulary"."spelling" ("id", "vocabulary_id", "spelling_kind_code", "value") VALUES ('12a04629-f8e0-556a-8fe7-fbef8023ce96', '9602b36a-fef2-58f6-a53a-84283766c73d', 'HIRAGANA', 'つなみ');
INSERT INTO "vocabulary"."spelling" ("id", "vocabulary_id", "spelling_kind_code", "value") VALUES ('ff5ad8d9-c68c-5158-8b77-968472d131b2', '9602b36a-fef2-58f6-a53a-84283766c73d', 'KANJI', '津波');
INSERT INTO "vocabulary"."linkages" ("vocabulary_id", "preferred_definition_id", "preferred_spelling_id", "phonetic_spelling_id", "alt_phonetic_spelling_id", "kanji_spelling_id", "conjugation_set_id") VALUES ('9602b36a-fef2-58f6-a53a-84283766c73d', 'e3313f3e-a5f5-5e10-b605-561a5d3baa58', '7ad7b9f7-cdfa-5559-8e20-86a8865388de', '12a04629-f8e0-556a-8fe7-fbef8023ce96', NULL, 'ff5ad8d9-c68c-5158-8b77-968472d131b2', NULL);
-- 台風 | typhoon --;
INSERT INTO "vocabulary"."vocabulary" ("id", "word_class_code", "conjugation_kind_code", "jlpt_level", "row_num", "tags", "date_added") VALUES ('18483a29-02d3-5d72-be2f-2e865c5689a1', 'NOUN', NULL, 4, 480, '{}', '2022-09-17');
INSERT INTO "vocabulary"."definition" ("id", "vocabulary_id", "sort_rank", "value") VALUES ('a41f187e-87d5-54fb-b500-b6b04b59ab0f', '18483a29-02d3-5d72-be2f-2e865c5689a1', 1, 'typhoon');
INSERT INTO "vocabulary"."spelling" ("id", "vocabulary_id", "spelling_kind_code", "value") VALUES ('82945634-a4cb-5945-b456-24cb7f2b4d6e', '18483a29-02d3-5d72-be2f-2e865c5689a1', 'KANJI', '台風');
INSERT INTO "vocabulary"."spelling" ("id", "vocabulary_id", "spelling_kind_code", "value") VALUES ('05616187-a784-5aed-9fd4-c4a2624b04df', '18483a29-02d3-5d72-be2f-2e865c5689a1', 'HIRAGANA', 'たいふう');
INSERT INTO "vocabulary"."spelling" ("id", "vocabulary_id", "spelling_kind_code", "value") VALUES ('3a80012f-eaa6-5ee9-a117-22276a119eee', '18483a29-02d3-5d72-be2f-2e865c5689a1', 'KANJI', '台風');
INSERT INTO "vocabulary"."linkages" ("vocabulary_id", "preferred_definition_id", "preferred_spelling_id", "phonetic_spelling_id", "alt_phonetic_spelling_id", "kanji_spelling_id", "conjugation_set_id") VALUES ('18483a29-02d3-5d72-be2f-2e865c5689a1', 'a41f187e-87d5-54fb-b500-b6b04b59ab0f', '82945634-a4cb-5945-b456-24cb7f2b4d6e', '05616187-a784-5aed-9fd4-c4a2624b04df', NULL, '3a80012f-eaa6-5ee9-a117-22276a119eee', NULL);
-- 地震 | earthquake --;
INSERT INTO "vocabulary"."vocabulary" ("id", "word_class_code", "conjugation_kind_code", "jlpt_level", "row_num", "tags", "date_added") VALUES ('932265f2-4f7c-5f7d-b31d-cb211276ae8d', 'NOUN', NULL, 4, 481, '{}', '2022-09-17');
INSERT INTO "vocabulary"."definition" ("id", "vocabulary_id", "sort_rank", "value") VALUES ('2a778d1e-b78d-57ef-9449-60561e7905fd', '932265f2-4f7c-5f7d-b31d-cb211276ae8d', 1, 'earthquake');
INSERT INTO "vocabulary"."spelling" ("id", "vocabulary_id", "spelling_kind_code", "value") VALUES ('1fca9f35-7c75-5194-81e3-dfb18a2ef361', '932265f2-4f7c-5f7d-b31d-cb211276ae8d', 'KANJI', '地震');
INSERT INTO "vocabulary"."spelling" ("id", "vocabulary_id", "spelling_kind_code", "value") VALUES ('4a3afefc-691c-506d-9544-14c69d3e4d1b', '932265f2-4f7c-5f7d-b31d-cb211276ae8d', 'HIRAGANA', 'じしん');
INSERT INTO "vocabulary"."spelling" ("id", "vocabulary_id", "spelling_kind_code", "value") VALUES ('bd6720bf-6bb2-5531-a2fe-d2b19e8c5b33', '932265f2-4f7c-5f7d-b31d-cb211276ae8d', 'KANJI', '地震');
INSERT INTO "vocabulary"."linkages" ("vocabulary_id", "preferred_definition_id", "preferred_spelling_id", "phonetic_spelling_id", "alt_phonetic_spelling_id", "kanji_spelling_id", "conjugation_set_id") VALUES ('932265f2-4f7c-5f7d-b31d-cb211276ae8d', '2a778d1e-b78d-57ef-9449-60561e7905fd', '1fca9f35-7c75-5194-81e3-dfb18a2ef361', '4a3afefc-691c-506d-9544-14c69d3e4d1b', NULL, 'bd6720bf-6bb2-5531-a2fe-d2b19e8c5b33', NULL);
