-- ＴにＡ | A on/at (absolute) time --
insert into "grammar"."rule" ("id", "meaning", "title_preferred_spelling", "title_phonetic_spelling", "title_furigana_template", "how_to_use", "jlpt_level", "row_num", "date_added", "tags") values ('6f62a4af-3e50-4b44-8981-4e2602332319', 'A on/at (absolute) time', 'ＴにＡ', null, null, cast('{"absolute time + に + A"}' as text[]), null, 1, date '2023-05-01', cast('{}' as varchar[]));
insert into "grammar"."example" ("id", "rule_id", "meaning", "text_preferred_spelling", "text_phonetic_spelling", "text_furigana_template", "sort_rank", "tags") values ('8a0fe5ae-9e79-47d8-917e-e714f9142ece', '6f62a4af-3e50-4b44-8981-4e2602332319', 'I will go on Sunday.', '日曜日に行きます。', 'にちようびにいきます。', '日[にち] 曜[よう] 日[び]に 行[い]きます。', 1, cast('{}' as varchar[]));
insert into "grammar"."example" ("id", "rule_id", "meaning", "text_preferred_spelling", "text_phonetic_spelling", "text_furigana_template", "sort_rank", "tags") values ('22a8bab1-522d-416c-89fd-fff3338f0c84', '6f62a4af-3e50-4b44-8981-4e2602332319', 'I get up at 10:45.', '十時四十五分に起きます。', 'じゅうじよんじゅうごふんにおきます。', '十[じゅう] 時[じ] 四[よん] 十[じゅう] 五[ご] 分[ふん]に 起[お]きます。', 2, cast('{}' as varchar[]));
insert into "grammar"."example" ("id", "rule_id", "meaning", "text_preferred_spelling", "text_phonetic_spelling", "text_furigana_template", "sort_rank", "tags") values ('4761eb66-8edb-421b-93a7-45b88dd045b0', '6f62a4af-3e50-4b44-8981-4e2602332319', 'I will go back in September.', '九月に帰ります。', 'くがつにかえります。', '九[く] 月[がつ]に 帰[かえ]ります。', 3, cast('{}' as varchar[]));
insert into "grammar"."rule_reference" ("rule_id", "lesson_code") values ('6f62a4af-3e50-4b44-8981-4e2602332319', 'GENKI3_L03');
insert into "grammar"."example_reference" ("example_id", "lesson_code") values ('8a0fe5ae-9e79-47d8-917e-e714f9142ece', 'GENKI3_L03');
insert into "grammar"."example_reference" ("example_id", "lesson_code") values ('22a8bab1-522d-416c-89fd-fff3338f0c84', 'GENKI3_L03');
insert into "grammar"."example_reference" ("example_id", "lesson_code") values ('4761eb66-8edb-421b-93a7-45b88dd045b0', 'GENKI3_L03');
-- ＴＡ | relative time for A --
insert into "grammar"."rule" ("id", "meaning", "title_preferred_spelling", "title_phonetic_spelling", "title_furigana_template", "how_to_use", "jlpt_level", "row_num", "date_added", "tags") values ('8f2595db-b6ab-4ccf-b09e-93dce63e6213', 'relative time for A', 'ＴＡ', null, null, cast('{"relative time + A"}' as text[]), null, 2, date '2023-05-01', cast('{}' as varchar[]));
insert into "grammar"."example" ("id", "rule_id", "meaning", "text_preferred_spelling", "text_phonetic_spelling", "text_furigana_template", "sort_rank", "tags") values ('995d3387-0be7-417c-b548-5fb44ae4b744', '8f2595db-b6ab-4ccf-b09e-93dce63e6213', 'I will come tomorrow.', '明日来ます。', 'あしたきます。', '明[あ] 日[した] 来[き]ます。', 1, cast('{}' as varchar[]));
insert into "grammar"."example" ("id", "rule_id", "meaning", "text_preferred_spelling", "text_phonetic_spelling", "text_furigana_template", "sort_rank", "tags") values ('400e6ba9-e8ab-4ea2-8550-3d00ca203726', '8f2595db-b6ab-4ccf-b09e-93dce63e6213', 'I watch TV every evening.', '毎晩テレビを見ます。', 'まいばんテレビをみます。', '毎[まい] 晩[ばん]テレビを 見[み]ます。', 2, cast('{}' as varchar[]));
insert into "grammar"."example" ("id", "rule_id", "meaning", "text_preferred_spelling", "text_phonetic_spelling", "text_furigana_template", "sort_rank", "tags") values ('9a2f425d-83b5-4d09-8ef2-00f47b258525', '8f2595db-b6ab-4ccf-b09e-93dce63e6213', 'When will you go?', 'いつ行きますか。', 'いついきますか。', 'いつ 行[い]きますか。', 3, cast('{}' as varchar[]));
insert into "grammar"."rule_reference" ("rule_id", "lesson_code") values ('8f2595db-b6ab-4ccf-b09e-93dce63e6213', 'GENKI3_L03');
insert into "grammar"."example_reference" ("example_id", "lesson_code") values ('995d3387-0be7-417c-b548-5fb44ae4b744', 'GENKI3_L03');
insert into "grammar"."example_reference" ("example_id", "lesson_code") values ('400e6ba9-e8ab-4ea2-8550-3d00ca203726', 'GENKI3_L03');
insert into "grammar"."example_reference" ("example_id", "lesson_code") values ('9a2f425d-83b5-4d09-8ef2-00f47b258525', 'GENKI3_L03');
-- 〜ませんか | to extend an invitation --
insert into "grammar"."rule" ("id", "meaning", "title_preferred_spelling", "title_phonetic_spelling", "title_furigana_template", "how_to_use", "jlpt_level", "row_num", "date_added", "tags") values ('0000d0db-623b-457d-b797-5c7bfd8d0000', 'to extend an invitation', '〜ませんか', null, null, cast('{"verb + ませんか"}' as text[]), null, 3, date '2023-03-09', cast('{}' as varchar[]));
insert into "grammar"."example" ("id", "rule_id", "meaning", "text_preferred_spelling", "text_phonetic_spelling", "text_furigana_template", "sort_rank", "tags") values ('aaaa2051-aab0-494e-b0ff-4be24feaaaaa', '0000d0db-623b-457d-b797-5c7bfd8d0000', 'What do you say to having lunch with me?', '昼ご飯を食べませんか。', 'ひるごはんをたべませんか。', '昼[ひる]ご 飯[はん]を 食[た]べませんか。', 1, cast('{}' as varchar[]));
insert into "grammar"."example" ("id", "rule_id", "meaning", "text_preferred_spelling", "text_phonetic_spelling", "text_furigana_template", "sort_rank", "tags") values ('bbbb2051-aab0-494e-b0ff-4be24feabbbb', '0000d0db-623b-457d-b797-5c7bfd8d0000', 'Will you play tennis with me?', 'テニスをませんか。', 'テニスをませんか。', 'テニスをませんか。', 2, cast('{}' as varchar[]));
insert into "grammar"."rule_reference" ("rule_id", "lesson_code") values ('0000d0db-623b-457d-b797-5c7bfd8d0000', 'GENKI3_L03');
insert into "grammar"."example_reference" ("example_id", "lesson_code") values ('aaaa2051-aab0-494e-b0ff-4be24feaaaaa', 'GENKI3_L03');
insert into "grammar"."example_reference" ("example_id", "lesson_code") values ('bbbb2051-aab0-494e-b0ff-4be24feabbbb', 'GENKI3_L03');
-- よく／たいてい/時々……ます<br/>あまり／全然……ません | Frequency Adverbs --
insert into "grammar"."rule" ("id", "meaning", "title_preferred_spelling", "title_phonetic_spelling", "title_furigana_template", "how_to_use", "jlpt_level", "row_num", "date_added", "tags") values ('dd34d089-fe5a-4958-83d1-0baaa30f609f', 'Frequency Adverbs', 'よく／たいてい/時々……ます<br/>あまり／全然……ません', null, null, cast('{"よく + verb (present)","たいてい + verb (present)","時々 + verb (present)","あまり + verb (negative)","全然 + verb (negative)","毎日 + verb + (present)"}' as text[]), null, 4, date '2023-08-06', cast('{}' as varchar[]));
insert into "grammar"."example" ("id", "rule_id", "meaning", "text_preferred_spelling", "text_phonetic_spelling", "text_furigana_template", "sort_rank", "tags") values ('06133f8b-d28d-46a9-911a-4ab5ad4d5458', 'dd34d089-fe5a-4958-83d1-0baaa30f609f', 'Yumi often comes to my house.', 'ゆみさんはよく私のうちに来ます。', 'ゆみさんはよくわたしのうちにきます。', 'ゆみさんはよく 私[わたし]のうちに 来[き]ます。', 1, cast('{}' as varchar[]));
insert into "grammar"."example" ("id", "rule_id", "meaning", "text_preferred_spelling", "text_phonetic_spelling", "text_furigana_template", "sort_rank", "tags") values ('ecfc043d-aa9b-4d23-8e2d-53ec8792781c', 'dd34d089-fe5a-4958-83d1-0baaa30f609f', 'Professor Yamashita usually goes to sleep at 11.', '山下先生はたいてい十一時に寝ます', 'やましたせんせいはたいていじゅういちじにねます', '山[やま] 下[した] 先[せん] 生[せい]はたいてい 十[じゅう] 一[いち] 時[じ]に 寝[ね]ます', 2, cast('{}' as varchar[]));
insert into "grammar"."example" ("id", "rule_id", "meaning", "text_preferred_spelling", "text_phonetic_spelling", "text_furigana_template", "sort_rank", "tags") values ('5850facf-58ed-459e-91fb-8a828fdbe089', 'dd34d089-fe5a-4958-83d1-0baaa30f609f', 'Takeshi sometimes drinks coffee at that cafe.', 'たけしさんは時々あのカフェでコーヒーを飲みます。', 'たけしさんはときどきあのカフェでコーヒーをのみます。', 'たけしさんは 時[とき] 々[どき]あのカフェでコーヒーを 飲[の]みます。', 3, cast('{}' as varchar[]));
insert into "grammar"."example" ("id", "rule_id", "meaning", "text_preferred_spelling", "text_phonetic_spelling", "text_furigana_template", "sort_rank", "tags") values ('4efba880-4c26-46ec-b741-ae15f9f9217b', 'dd34d089-fe5a-4958-83d1-0baaa30f609f', 'Takeshi does not study much.', 'たけしさんはあまり勉強しません。', 'たけしさんはあまりべんきょうしません。', 'たけしさんはあまり 勉[べん] 強[きょう]しません。', 4, cast('{}' as varchar[]));
insert into "grammar"."example" ("id", "rule_id", "meaning", "text_preferred_spelling", "text_phonetic_spelling", "text_furigana_template", "sort_rank", "tags") values ('97c37d64-f03a-49c3-a4c4-2d85d564dbdd', 'dd34d089-fe5a-4958-83d1-0baaa30f609f', 'I don''t watch TV at all.', '私は全然テレビを見ません。', 'わたしはぜんぜんテレビをみません。', '私[わたし]は 全[ぜん] 然[ぜん]テレビを 見[み]ません。', 5, cast('{}' as varchar[]));
insert into "grammar"."rule_reference" ("rule_id", "lesson_code") values ('dd34d089-fe5a-4958-83d1-0baaa30f609f', 'GENKI3_L03');
insert into "grammar"."example_reference" ("example_id", "lesson_code") values ('06133f8b-d28d-46a9-911a-4ab5ad4d5458', 'GENKI3_L03');
insert into "grammar"."example_reference" ("example_id", "lesson_code") values ('ecfc043d-aa9b-4d23-8e2d-53ec8792781c', 'GENKI3_L03');
insert into "grammar"."example_reference" ("example_id", "lesson_code") values ('5850facf-58ed-459e-91fb-8a828fdbe089', 'GENKI3_L03');
insert into "grammar"."example_reference" ("example_id", "lesson_code") values ('4efba880-4c26-46ec-b741-ae15f9f9217b', 'GENKI3_L03');
insert into "grammar"."example_reference" ("example_id", "lesson_code") values ('97c37d64-f03a-49c3-a4c4-2d85d564dbdd', 'GENKI3_L03');
-- Ａがあります | I have/own A (inanimate) --
insert into "grammar"."rule" ("id", "meaning", "title_preferred_spelling", "title_phonetic_spelling", "title_furigana_template", "how_to_use", "jlpt_level", "row_num", "date_added", "tags") values ('3a5e1272-f03e-4ac4-89be-ad06b7a3331d', 'I have/own A (inanimate)', 'Ａがあります', null, null, cast('{"thing + が + あります"}' as text[]), null, 5, date '2023-03-09', cast('{}' as varchar[]));
insert into "grammar"."example" ("id", "rule_id", "meaning", "text_preferred_spelling", "text_phonetic_spelling", "text_furigana_template", "sort_rank", "tags") values ('06c8e3e4-ccfb-4646-bb6c-b83bf6128369', '3a5e1272-f03e-4ac4-89be-ad06b7a3331d', 'I don''t have a TV.', 'テレビがありません。', 'テレビがありません。', 'テレビがありません。', 1, cast('{}' as varchar[]));
insert into "grammar"."example" ("id", "rule_id", "meaning", "text_preferred_spelling", "text_phonetic_spelling", "text_furigana_template", "sort_rank", "tags") values ('8cf7fb0c-0f5b-488a-8c55-17265162cc04', '3a5e1272-f03e-4ac4-89be-ad06b7a3331d', 'Do you have time?', '時間がありますか。', 'じかんがありますか。', '時[じ] 間[かん]がありますか。', 2, cast('{}' as varchar[]));
insert into "grammar"."rule_reference" ("rule_id", "lesson_code") values ('3a5e1272-f03e-4ac4-89be-ad06b7a3331d', 'GENKI3_L04');
insert into "grammar"."example_reference" ("example_id", "lesson_code") values ('06c8e3e4-ccfb-4646-bb6c-b83bf6128369', 'GENKI3_L04');
insert into "grammar"."example_reference" ("example_id", "lesson_code") values ('8cf7fb0c-0f5b-488a-8c55-17265162cc04', 'GENKI3_L04');
-- Ａがいます | I have/own A (animate) --
insert into "grammar"."rule" ("id", "meaning", "title_preferred_spelling", "title_phonetic_spelling", "title_furigana_template", "how_to_use", "jlpt_level", "row_num", "date_added", "tags") values ('b69d0d83-ae0e-4834-abaf-9c570c976d00', 'I have/own A (animate)', 'Ａがいます', null, null, cast('{"thing + が + います"}' as text[]), null, 6, date '2023-03-09', cast('{}' as varchar[]));
insert into "grammar"."example" ("id", "rule_id", "meaning", "text_preferred_spelling", "text_phonetic_spelling", "text_furigana_template", "sort_rank", "tags") values ('29a6b9a0-2b3b-42fb-9d49-835fdd2ca505', 'b69d0d83-ae0e-4834-abaf-9c570c976d00', 'I have a Japanese friend.', '日本人の友達がいます。', 'にほんじんのともだちがいます。', '日[に] 本[ほん] 人[じん]の 友[とも] 達[だち]がいます。', 1, cast('{}' as varchar[]));
insert into "grammar"."rule_reference" ("rule_id", "lesson_code") values ('b69d0d83-ae0e-4834-abaf-9c570c976d00', 'GENKI3_L04');
insert into "grammar"."example_reference" ("example_id", "lesson_code") values ('29a6b9a0-2b3b-42fb-9d49-835fdd2ca505', 'GENKI3_L04');
-- ＡにＢがあります | There is/are B at A (inanimate) --
insert into "grammar"."rule" ("id", "meaning", "title_preferred_spelling", "title_phonetic_spelling", "title_furigana_template", "how_to_use", "jlpt_level", "row_num", "date_added", "tags") values ('5120aeab-2b79-4837-9461-1bc174684feb', 'There is/are B at A (inanimate)', 'ＡにＢがあります', null, null, cast('{"place + に + thing + が + あります"}' as text[]), null, 7, date '2023-03-09', cast('{}' as varchar[]));
insert into "grammar"."example" ("id", "rule_id", "meaning", "text_preferred_spelling", "text_phonetic_spelling", "text_furigana_template", "sort_rank", "tags") values ('49ec76a6-272e-4749-acb8-e46d0617bedd', '5120aeab-2b79-4837-9461-1bc174684feb', 'There''s a McDonald''s Over There.', 'あぞこにマクドナルドがあります。', 'あぞこにマクドナルドがあります。', 'あぞこにマクドナルドがあります。', 1, cast('{}' as varchar[]));
insert into "grammar"."example" ("id", "rule_id", "meaning", "text_preferred_spelling", "text_phonetic_spelling", "text_furigana_template", "sort_rank", "tags") values ('e499c4cc-8bba-458b-a3b0-1dfe742951f3', '5120aeab-2b79-4837-9461-1bc174684feb', 'There will be no Japanese class tomorrow', '明日は日本語のクラスがありません。', 'あしたはにほんごのクラスがありません。', '明[あ] 日[した]は 日[に] 本[ほん] 語[ご]のクラスがありません。', 2, cast('{}' as varchar[]));
insert into "grammar"."rule_reference" ("rule_id", "lesson_code") values ('5120aeab-2b79-4837-9461-1bc174684feb', 'GENKI3_L04');
insert into "grammar"."example_reference" ("example_id", "lesson_code") values ('49ec76a6-272e-4749-acb8-e46d0617bedd', 'GENKI3_L04');
insert into "grammar"."example_reference" ("example_id", "lesson_code") values ('e499c4cc-8bba-458b-a3b0-1dfe742951f3', 'GENKI3_L04');
-- ＡにＢがいます | There is/are B at A (animate) --
insert into "grammar"."rule" ("id", "meaning", "title_preferred_spelling", "title_phonetic_spelling", "title_furigana_template", "how_to_use", "jlpt_level", "row_num", "date_added", "tags") values ('17184226-f266-4972-b24a-3f34ee7ebb6b', 'There is/are B at A (animate)', 'ＡにＢがいます', null, null, cast('{"place + に + thing + が + あいます"}' as text[]), null, 8, date '2023-03-09', cast('{}' as varchar[]));
insert into "grammar"."example" ("id", "rule_id", "meaning", "text_preferred_spelling", "text_phonetic_spelling", "text_furigana_template", "sort_rank", "tags") values ('48a00293-3121-4ccc-9b3e-d4998a74f6c2', '17184226-f266-4972-b24a-3f34ee7ebb6b', 'There''s an international student over there.', 'あそこに留学生がいます。', 'あそこにりゅうがくせいがいます。', 'あそこに 留[りゅう] 学[がく] 生[せい]がいます。', 1, cast('{}' as varchar[]));
insert into "grammar"."rule_reference" ("rule_id", "lesson_code") values ('17184226-f266-4972-b24a-3f34ee7ebb6b', 'GENKI3_L04');
insert into "grammar"."example_reference" ("example_id", "lesson_code") values ('48a00293-3121-4ccc-9b3e-d4998a74f6c2', 'GENKI3_L04');
-- ＡはＢのＬです | A is {location word} of/to B --
insert into "grammar"."rule" ("id", "meaning", "title_preferred_spelling", "title_phonetic_spelling", "title_furigana_template", "how_to_use", "jlpt_level", "row_num", "date_added", "tags") values ('0f175278-c567-4806-bad4-4cd040c40ad9', 'A is {location word} of/to B', 'ＡはＢのＬです', null, null, cast('{"noun + は + noun + の + 右 + です","noun + は + noun + の + 左 + です","noun + は + noun + の + 前 + です","noun + は + noun + の + 後ろ + です","noun + は + noun + の + 中 + です","noun + は + noun + の + 上 + です","noun + は + noun + の + 下 + です","noun + は + noun + の + 違く + です","noun + は + noun + の + 隣 + です"}' as text[]), null, 9, date '2023-03-09', cast('{}' as varchar[]));
insert into "grammar"."example" ("id", "rule_id", "meaning", "text_preferred_spelling", "text_phonetic_spelling", "text_furigana_template", "sort_rank", "tags") values ('b63bb0cc-5bb9-4453-9c07-f097b49743c7', '0f175278-c567-4806-bad4-4cd040c40ad9', 'The bank is next to the library.', '銀行は図書館の隣です。', 'ぎんこうはとしょかんのとなりです。', '銀[ぎん] 行[こう]は 図[と] 書[しょ] 館[かん]の 隣[となり]です。', 1, cast('{}' as varchar[]));
insert into "grammar"."example" ("id", "rule_id", "meaning", "text_preferred_spelling", "text_phonetic_spelling", "text_furigana_template", "sort_rank", "tags") values ('b318cbf3-3ead-4b44-b399-9a72dae9636b', '0f175278-c567-4806-bad4-4cd040c40ad9', 'I waited for Mary in front of the Mos Burger place.', '私はモスバーガーの前でメアリーさんを待ちました。', 'わたしはモスバーガーのまえでメアリーさんをまちました。', '私[わたし]はモスバーガーの 前[まえ]でメアリーさんを 待[ま]ちました。', 2, cast('{}' as varchar[]));
insert into "grammar"."example" ("id", "rule_id", "meaning", "text_preferred_spelling", "text_phonetic_spelling", "text_furigana_template", "sort_rank", "tags") values ('7f604d44-ff48-4546-a17b-eead1f511b26', '0f175278-c567-4806-bad4-4cd040c40ad9', 'The umbrella is under the table.', '傘はテーブルの下です。', 'かさはテーブルのしたです。', '傘[かさ]はテーブルの 下[した]です。', 3, cast('{}' as varchar[]));
insert into "grammar"."rule_reference" ("rule_id", "lesson_code") values ('0f175278-c567-4806-bad4-4cd040c40ad9', 'GENKI3_L03');
insert into "grammar"."example_reference" ("example_id", "lesson_code") values ('b63bb0cc-5bb9-4453-9c07-f097b49743c7', 'GENKI3_L03');
insert into "grammar"."example_reference" ("example_id", "lesson_code") values ('b318cbf3-3ead-4b44-b399-9a72dae9636b', 'GENKI3_L03');
insert into "grammar"."example_reference" ("example_id", "lesson_code") values ('7f604d44-ff48-4546-a17b-eead1f511b26', 'GENKI3_L03');
-- ＡはＢとＣの間です | A is between B and C --
insert into "grammar"."rule" ("id", "meaning", "title_preferred_spelling", "title_phonetic_spelling", "title_furigana_template", "how_to_use", "jlpt_level", "row_num", "date_added", "tags") values ('11f50022-8091-40d0-831a-de86193f2f8d', 'A is between B and C', 'ＡはＢとＣの間です', null, null, cast('{"noun + は + noun + と + noun + の + 間です"}' as text[]), null, 10, date '2023-03-09', cast('{}' as varchar[]));
insert into "grammar"."example" ("id", "rule_id", "meaning", "text_preferred_spelling", "text_phonetic_spelling", "text_furigana_template", "sort_rank", "tags") values ('0e15c2a9-4690-4969-8c69-2b1df5b395ad', '11f50022-8091-40d0-831a-de86193f2f8d', 'The restaurant is between the supermarket and the hospital.', 'レストランはスーパーと病院の間です', 'レストランはスーパーとびょういんのあいだです', 'レストランはスーパーと 病[びょう] 院[いん]の 間[あいだ]です', 1, cast('{}' as varchar[]));
insert into "grammar"."rule_reference" ("rule_id", "lesson_code") values ('11f50022-8091-40d0-831a-de86193f2f8d', 'GENKI3_L03');
insert into "grammar"."example_reference" ("example_id", "lesson_code") values ('0e15c2a9-4690-4969-8c69-2b1df5b395ad', 'GENKI3_L03');
-- も | to do too --
insert into "grammar"."rule" ("id", "meaning", "title_preferred_spelling", "title_phonetic_spelling", "title_furigana_template", "how_to_use", "jlpt_level", "row_num", "date_added", "tags") values ('055948b9-aefa-4444-92b3-b06191f075c8', 'to do too', 'も', null, null, cast('{"A + は + B ⟶ A + も + B","A + が + B ⟶ A + も + B","A + を + B ⟶ A + も + B","A + に + B ⟶ A + にも + B","A + で + B ⟶ A + でも + B"}' as text[]), null, 11, date '2023-05-01', cast('{}' as varchar[]));
insert into "grammar"."example" ("id", "rule_id", "meaning", "text_preferred_spelling", "text_phonetic_spelling", "text_furigana_template", "sort_rank", "tags") values ('861b2ef4-fe14-40cb-abba-42e9cf1fb4c7', '055948b9-aefa-4444-92b3-b06191f075c8', 'I went to Kyoto yesterday. Professor Yamashita went to Kyoto yesterday, too.', '私は昨日京都に行きました。山下先生も昨日京都に行きました。', 'わたしはきのうきょうとにいきました。やましたせんせいもきのうきょうとにいきました。', '私[わたし]は 昨日[きのう] 京[きょう] 都[と]に 行[い]きました。 山[やま] 下[した] 先[せん] 生[せい]も 昨日[きのう] 京[きょう] 都[と]に 行[い]きました。', 1, cast('{}' as varchar[]));
insert into "grammar"."example" ("id", "rule_id", "meaning", "text_preferred_spelling", "text_phonetic_spelling", "text_furigana_template", "sort_rank", "tags") values ('8bee6f94-96df-4a13-9769-0da26eed141b', '055948b9-aefa-4444-92b3-b06191f075c8', 'Mary bought shoes. Mary bought a bag, too.', 'メアリーさんは靴を買いました。メアリーさんはかばんも買いました。', 'メアリーさんはくつをかいました。メアリーさんはかばんもかいました。', 'メアリーさんは 靴[くつ]を 買[か]いました。メアリーさんはかばんも 買[か]いました。', 2, cast('{}' as varchar[]));
insert into "grammar"."example" ("id", "rule_id", "meaning", "text_preferred_spelling", "text_phonetic_spelling", "text_furigana_template", "sort_rank", "tags") values ('dd0e8611-563e-4030-ad9f-8a7ce27b08d6', '055948b9-aefa-4444-92b3-b06191f075c8', 'I went to Kyoto last week. I went to Osaka too.', '私は先週京都に行きました。大阪にも行きました。', 'わたしはせんしゅうきょうとにいきました。おおさかにもいきました。', '私[わたし]は 先[せん] 週[しゅう] 京[きょう] 都[と]に 行[い]きました。 大[おお] 阪[さか]にも 行[い]きました。', 3, cast('{}' as varchar[]));
insert into "grammar"."example" ("id", "rule_id", "meaning", "text_preferred_spelling", "text_phonetic_spelling", "text_furigana_template", "sort_rank", "tags") values ('3a12ad59-47f8-452a-9f5a-345d52909b97', '055948b9-aefa-4444-92b3-b06191f075c8', 'Ken read a book at home. He read a book at a cafe, too.', 'けんさんはうちで本を読みました。カフェでも本を読みました。', 'けんさんはうちでほんをよみました。カフェでもほんをよみました。', 'けんさんはうちで 本[ほん]を 読[よ]みました。カフェでも 本[ほん]を 読[よ]みました。', 4, cast('{}' as varchar[]));
insert into "grammar"."rule_reference" ("rule_id", "lesson_code") values ('055948b9-aefa-4444-92b3-b06191f075c8', 'GENKI3_L03');
insert into "grammar"."example_reference" ("example_id", "lesson_code") values ('861b2ef4-fe14-40cb-abba-42e9cf1fb4c7', 'GENKI3_L03');
insert into "grammar"."example_reference" ("example_id", "lesson_code") values ('8bee6f94-96df-4a13-9769-0da26eed141b', 'GENKI3_L03');
insert into "grammar"."example_reference" ("example_id", "lesson_code") values ('dd0e8611-563e-4030-ad9f-8a7ce27b08d6', 'GENKI3_L03');
insert into "grammar"."example_reference" ("example_id", "lesson_code") values ('3a12ad59-47f8-452a-9f5a-345d52909b97', 'GENKI3_L03');
-- 〜時間 | duration of time: hours --
insert into "grammar"."rule" ("id", "meaning", "title_preferred_spelling", "title_phonetic_spelling", "title_furigana_template", "how_to_use", "jlpt_level", "row_num", "date_added", "tags") values ('5fe8f0bb-9572-4a81-88a6-7a83d554b85d', 'duration of time: hours', '〜時間', null, null, cast('{"number + 時間","number + 時間 + ぐらい","number + 時間 + 半"}' as text[]), null, 12, date '2023-03-10', cast('{}' as varchar[]));
insert into "grammar"."example" ("id", "rule_id", "meaning", "text_preferred_spelling", "text_phonetic_spelling", "text_furigana_template", "sort_rank", "tags") values ('3431e3f2-8cd4-49a7-bdd6-afc907ea8063', '5fe8f0bb-9572-4a81-88a6-7a83d554b85d', 'Mary waited for Takeshi there for an hour and a half.', 'メアリーさんはそこでたけしさんを一時間半待ちました。', 'メアリーさんはそこでたけしさんをいちじかんはんまちました。', 'メアリーさんはそこでたけしさんを 一[いち] 時[じ] 間[かん] 半[はん] 待[ま]ちました。', 1, cast('{}' as varchar[]));
insert into "grammar"."example" ("id", "rule_id", "meaning", "text_preferred_spelling", "text_phonetic_spelling", "text_furigana_template", "sort_rank", "tags") values ('b4dd90bd-4073-47c6-93c8-81099a896be6', '5fe8f0bb-9572-4a81-88a6-7a83d554b85d', 'I studied Japanese for about three hours yesterday.', '私は昨日日本語を三時間ぐらい勉強しました。', 'わたしはきのうにほんごをさんじかんぐらいべんきょうしました。', '私[わたし]は 昨日[きのう] 日[に] 本[ほん] 語[ご]を 三[さん] 時[じ] 間[かん]ぐらい 勉[べん] 強[きょう]しました。', 2, cast('{}' as varchar[]));
insert into "grammar"."rule_reference" ("rule_id", "lesson_code") values ('5fe8f0bb-9572-4a81-88a6-7a83d554b85d', 'GENKI3_L04');
insert into "grammar"."example_reference" ("example_id", "lesson_code") values ('3431e3f2-8cd4-49a7-bdd6-afc907ea8063', 'GENKI3_L04');
insert into "grammar"."example_reference" ("example_id", "lesson_code") values ('b4dd90bd-4073-47c6-93c8-81099a896be6', 'GENKI3_L04');
-- ＡとＢ<br/>ＡはＢと | A and B; person A together with person B --
insert into "grammar"."rule" ("id", "meaning", "title_preferred_spelling", "title_phonetic_spelling", "title_furigana_template", "how_to_use", "jlpt_level", "row_num", "date_added", "tags") values ('a4766a9c-8bc7-446b-b0df-c3e2865612df', 'A and B; person A together with person B', 'ＡとＢ<br/>ＡはＢと', null, null, cast('{"noun + と + noun","person + は + person + と"}' as text[]), null, 13, date '2023-03-09', cast('{}' as varchar[]));
insert into "grammar"."example" ("id", "rule_id", "meaning", "text_preferred_spelling", "text_phonetic_spelling", "text_furigana_template", "sort_rank", "tags") values ('9bc46693-0629-4ba0-9cc3-8eba36fe53a0', 'a4766a9c-8bc7-446b-b0df-c3e2865612df', 'I went to Kyoto and Osaka.', '京都と大阪に行きました。', 'きょうととおおさかにいきました。', '京[きょう] 都[と]と 大[おお] 阪[さか]に 行[い]きました。', 1, cast('{}' as varchar[]));
insert into "grammar"."example" ("id", "rule_id", "meaning", "text_preferred_spelling", "text_phonetic_spelling", "text_furigana_template", "sort_rank", "tags") values ('a5e2bbf1-e72f-4523-8c64-117ca89c6637', 'a4766a9c-8bc7-446b-b0df-c3e2865612df', 'Mary will go to Korea with Sora', 'メアリーさんはそらさんと韓国に行きます。', 'メアリーさんはそらさんとかんこくにいきます。', 'メアリーさんはそらさんと 韓[かん] 国[こく]に 行[い]きます。', 2, cast('{}' as varchar[]));
insert into "grammar"."rule_reference" ("rule_id", "lesson_code") values ('a4766a9c-8bc7-446b-b0df-c3e2865612df', 'GENKI3_L04');
insert into "grammar"."example_reference" ("example_id", "lesson_code") values ('9bc46693-0629-4ba0-9cc3-8eba36fe53a0', 'GENKI3_L04');
insert into "grammar"."example_reference" ("example_id", "lesson_code") values ('a5e2bbf1-e72f-4523-8c64-117ca89c6637', 'GENKI3_L04');
-- ＡＮ<br/>ＡなＮ | Adjective Noun Modification --
insert into "grammar"."rule" ("id", "meaning", "title_preferred_spelling", "title_phonetic_spelling", "title_furigana_template", "how_to_use", "jlpt_level", "row_num", "date_added", "tags") values ('ab1cd527-1492-4657-8d6e-0905ca0154ca', 'Adjective Noun Modification', 'ＡＮ<br/>ＡなＮ', null, null, cast('{"い-adj + noun","な-adj + な + noun"}' as text[]), null, 14, date '2023-03-23', cast('{}' as varchar[]));
insert into "grammar"."example" ("id", "rule_id", "meaning", "text_preferred_spelling", "text_phonetic_spelling", "text_furigana_template", "sort_rank", "tags") values ('3180b40e-58b7-4227-87ca-d52d5885fa7d', 'ab1cd527-1492-4657-8d6e-0905ca0154ca', 'I saw an interesting movie yesterday.', '昨日、面白い映画を見ました。', 'きのう、おもしろいえいがをみました。', '昨日[きのう]、 面[おも] 白[しろ]い 映[えい] 画[が]を 見[み]ました。', 1, cast('{}' as varchar[]));
insert into "grammar"."example" ("id", "rule_id", "meaning", "text_preferred_spelling", "text_phonetic_spelling", "text_furigana_template", "sort_rank", "tags") values ('aeda3553-aeaf-4932-8236-94071acbc396', 'ab1cd527-1492-4657-8d6e-0905ca0154ca', 'I took a beautiful picture in Kyoto.', '京都できれいな写真を撮りました。', 'きょうとできれいなしゃしんをとりました。', '京[きょう] 都[と]できれいな 写[しゃ] 真[しん]を 撮[と]りました。', 2, cast('{}' as varchar[]));
insert into "grammar"."example" ("id", "rule_id", "meaning", "text_preferred_spelling", "text_phonetic_spelling", "text_furigana_template", "sort_rank", "tags") values ('ad7ac198-73d3-4a09-9105-81eee35dd9da', 'ab1cd527-1492-4657-8d6e-0905ca0154ca', 'This is a very vibrant city.', 'ここはとても賑やかな町です。', 'ここはとてもにぎやかなまちです。', 'ここはとても 賑[にぎ]やかな 町[まち]です。', 3, cast('{}' as varchar[]));
insert into "grammar"."rule_reference" ("rule_id", "lesson_code") values ('ab1cd527-1492-4657-8d6e-0905ca0154ca', 'GENKI3_L05');
insert into "grammar"."example_reference" ("example_id", "lesson_code") values ('3180b40e-58b7-4227-87ca-d52d5885fa7d', 'GENKI3_L05');
insert into "grammar"."example_reference" ("example_id", "lesson_code") values ('aeda3553-aeaf-4932-8236-94071acbc396', 'GENKI3_L05');
insert into "grammar"."example_reference" ("example_id", "lesson_code") values ('ad7ac198-73d3-4a09-9105-81eee35dd9da', 'GENKI3_L05');
-- 〜ましょう | Let's... --
insert into "grammar"."rule" ("id", "meaning", "title_preferred_spelling", "title_phonetic_spelling", "title_furigana_template", "how_to_use", "jlpt_level", "row_num", "date_added", "tags") values ('d9bdda30-d7bd-470e-a2c5-ac0d08c56fb6', 'Let''s...', '〜ましょう', null, null, cast('{"verb-stem + ましょう"}' as text[]), null, 15, date '2023-03-23', cast('{}' as varchar[]));
insert into "grammar"."example" ("id", "rule_id", "meaning", "text_preferred_spelling", "text_phonetic_spelling", "text_furigana_template", "sort_rank", "tags") values ('bb888773-2128-4246-93ca-df94112ff45f', 'd9bdda30-d7bd-470e-a2c5-ac0d08c56fb6', 'Let''s study in the library together.', '一緒に図書館で勉強しましょう', 'いっしょにとしょかんでべんきょうしましょう', '一[いっ] 緒[しょ]に 図[と] 書[しょ] 館[かん]で 勉[べん] 強[きょう]しましょう', 1, cast('{}' as varchar[]));
insert into "grammar"."example" ("id", "rule_id", "meaning", "text_preferred_spelling", "text_phonetic_spelling", "text_furigana_template", "sort_rank", "tags") values ('7bec1b6a-784d-443c-a379-aeb412ec83c1', 'd9bdda30-d7bd-470e-a2c5-ac0d08c56fb6', 'Let''s go eat together.', '一緒に食べに行きましょう', 'いっしょにたべにいきましょう', '一[いっ] 緒[しょ]に 食[た]べに 行[い]きましょう', 2, cast('{}' as varchar[]));
insert into "grammar"."rule_reference" ("rule_id", "lesson_code") values ('d9bdda30-d7bd-470e-a2c5-ac0d08c56fb6', 'GENKI3_L05');
insert into "grammar"."example_reference" ("example_id", "lesson_code") values ('bb888773-2128-4246-93ca-df94112ff45f', 'GENKI3_L05');
-- 〜ましょうか | shall I... / let me do ... --
insert into "grammar"."rule" ("id", "meaning", "title_preferred_spelling", "title_phonetic_spelling", "title_furigana_template", "how_to_use", "jlpt_level", "row_num", "date_added", "tags") values ('30a31f32-839f-4610-baf8-788a7f390fd2', 'shall I... / let me do ...', '〜ましょうか', null, null, cast('{"verb-stem + ましょうか"}' as text[]), null, 16, date '2023-03-23', cast('{}' as varchar[]));
insert into "grammar"."example" ("id", "rule_id", "meaning", "text_preferred_spelling", "text_phonetic_spelling", "text_furigana_template", "sort_rank", "tags") values ('b6465b41-5ce4-4d46-8b15-16780877262e', '30a31f32-839f-4610-baf8-788a7f390fd2', 'Shall we drink coffee over there?', 'あそこでコーヒーを飲みましょうか。', 'あそこでコーヒーをのみましょうか。', 'あそこでコーヒーを 飲[の]みましょうか。', 1, cast('{}' as varchar[]));
insert into "grammar"."example" ("id", "rule_id", "meaning", "text_preferred_spelling", "text_phonetic_spelling", "text_furigana_template", "sort_rank", "tags") values ('90bdc4bd-0f06-454d-9168-304d589cd8f2', '30a31f32-839f-4610-baf8-788a7f390fd2', 'Shall I take a picture for you?', '写真を撮りましょうか。', 'しゃしんをとりましょうか。', '写[しゃ] 真[しん]を 撮[と]りましょうか。', 2, cast('{}' as varchar[]));
insert into "grammar"."example" ("id", "rule_id", "meaning", "text_preferred_spelling", "text_phonetic_spelling", "text_furigana_template", "sort_rank", "tags") values ('df095a25-8c61-420f-b923-19f2b756daac', '30a31f32-839f-4610-baf8-788a7f390fd2', 'Shall I carry your bag?', '荷物を持ちましょうか。', 'にもつをもちましょうか。', '荷[に] 物[もつ]を 持[も]ちましょうか。', 3, cast('{}' as varchar[]));
insert into "grammar"."rule_reference" ("rule_id", "lesson_code") values ('30a31f32-839f-4610-baf8-788a7f390fd2', 'GENKI3_L05');
insert into "grammar"."rule_reference" ("rule_id", "lesson_code") values ('30a31f32-839f-4610-baf8-788a7f390fd2', 'GENKI3_L06');
insert into "grammar"."example_reference" ("example_id", "lesson_code") values ('b6465b41-5ce4-4d46-8b15-16780877262e', 'GENKI3_L05');
insert into "grammar"."example_reference" ("example_id", "lesson_code") values ('90bdc4bd-0f06-454d-9168-304d589cd8f2', 'JLPT_SENSEI_GRAMMAR_N5');
insert into "grammar"."example_reference" ("example_id", "lesson_code") values ('df095a25-8c61-420f-b923-19f2b756daac', 'GENKI3_L06');
-- 〜てください | please do ... for me --
insert into "grammar"."rule" ("id", "meaning", "title_preferred_spelling", "title_phonetic_spelling", "title_furigana_template", "how_to_use", "jlpt_level", "row_num", "date_added", "tags") values ('6d942fcf-dc23-4adb-aa88-6bc8ab197ff3', 'please do ... for me', '〜てください', null, null, cast('{"verb (て form) + ください"}' as text[]), null, 17, date '2023-04-09', cast('{}' as varchar[]));
insert into "grammar"."example" ("id", "rule_id", "meaning", "text_preferred_spelling", "text_phonetic_spelling", "text_furigana_template", "sort_rank", "tags") values ('96f641ac-ce4a-4da2-b980-76b63aa7398c', '6d942fcf-dc23-4adb-aa88-6bc8ab197ff3', 'Please read the textbook.', '教科書を読んでください。', 'きょうかしょをよんでください。', '教[きょう] 科[か] 書[しょ]を 読[よ]んでください。', 1, cast('{}' as varchar[]));
insert into "grammar"."example" ("id", "rule_id", "meaning", "text_preferred_spelling", "text_phonetic_spelling", "text_furigana_template", "sort_rank", "tags") values ('78e69786-38e1-4c5f-b4f5-5e649c3ba576', '6d942fcf-dc23-4adb-aa88-6bc8ab197ff3', 'Excuse me. Please teach me a a little.', 'すみません。ちょうと教えてください。', 'すみません。ちょうとおしえてください。', 'すみません。ちょうと 教[おし]えてください。', 2, cast('{}' as varchar[]));
insert into "grammar"."rule_reference" ("rule_id", "lesson_code") values ('6d942fcf-dc23-4adb-aa88-6bc8ab197ff3', 'GENKI3_L06');
insert into "grammar"."example_reference" ("example_id", "lesson_code") values ('96f641ac-ce4a-4da2-b980-76b63aa7398c', 'GENKI3_L06');
insert into "grammar"."example_reference" ("example_id", "lesson_code") values ('78e69786-38e1-4c5f-b4f5-5e649c3ba576', 'GENKI3_L06');
-- ①　Ａて、Ｂ。 | to do A and do B. --
insert into "grammar"."rule" ("id", "meaning", "title_preferred_spelling", "title_phonetic_spelling", "title_furigana_template", "how_to_use", "jlpt_level", "row_num", "date_added", "tags") values ('1b6c21c5-298b-47b1-bce9-295970b3ca3f', 'to do A and do B.', '①　Ａて、Ｂ。', null, null, cast('{"verb (て form) + verb","verb (て form) + 、+ verb"}' as text[]), null, 18, date '2023-04-09', cast('{}' as varchar[]));
insert into "grammar"."example" ("id", "rule_id", "meaning", "text_preferred_spelling", "text_phonetic_spelling", "text_furigana_template", "sort_rank", "tags") values ('96483b58-c1ee-49ee-a0fb-10961b8d52a3', '1b6c21c5-298b-47b1-bce9-295970b3ca3f', 'I will go to the library and check out some books.', '図書館に行って、本を借ります。', null, '図[と] 書[しょ] 館[かん]に 行[い]って、本を 借[か]ります。', 1, cast('{}' as varchar[]));
insert into "grammar"."example" ("id", "rule_id", "meaning", "text_preferred_spelling", "text_phonetic_spelling", "text_furigana_template", "sort_rank", "tags") values ('14c95ee9-570f-4d67-8d7d-b4286ca2c0ad', '1b6c21c5-298b-47b1-bce9-295970b3ca3f', 'Today I got up at six and studied.', '今日は、六時に起きて、勉強しました。', 'きょうは、ろくじにおきて、べんきょうしました。', '今日[きょう]は、 六[ろく] 時[じ]に 起[お]きて、 勉[べん] 強[きょう]しました。', 2, cast('{}' as varchar[]));
insert into "grammar"."example" ("id", "rule_id", "meaning", "text_preferred_spelling", "text_phonetic_spelling", "text_furigana_template", "sort_rank", "tags") values ('4a77c196-3b0a-4c70-89b4-17f72c1e0140', '1b6c21c5-298b-47b1-bce9-295970b3ca3f', 'Let''s go to the cafeteria and have lunch.', '食堂に行って、昼ご飯を食べましよう。', 'しょくどうにいって、ひるごはんをたべましよう。', '食[しょく] 堂[どう]に 行[い]って、 昼[ひる]ご 飯[はん]を 食[た]べましよう。', 3, cast('{}' as varchar[]));
insert into "grammar"."rule_reference" ("rule_id", "lesson_code") values ('1b6c21c5-298b-47b1-bce9-295970b3ca3f', 'GENKI3_L06');
insert into "grammar"."example_reference" ("example_id", "lesson_code") values ('96483b58-c1ee-49ee-a0fb-10961b8d52a3', 'GENKI3_L06');
insert into "grammar"."example_reference" ("example_id", "lesson_code") values ('14c95ee9-570f-4d67-8d7d-b4286ca2c0ad', 'GENKI3_L06');
insert into "grammar"."example_reference" ("example_id", "lesson_code") values ('4a77c196-3b0a-4c70-89b4-17f72c1e0140', 'GENKI3_L06');
-- 〜てもいいです | you may do ... --
insert into "grammar"."rule" ("id", "meaning", "title_preferred_spelling", "title_phonetic_spelling", "title_furigana_template", "how_to_use", "jlpt_level", "row_num", "date_added", "tags") values ('79fb54a3-79c7-4691-9d3d-f0ea459c3b9a', 'you may do ...', '〜てもいいです', null, null, cast('{"verb (て form) + もいいです"}' as text[]), null, 19, date '2023-04-09', cast('{}' as varchar[]));
insert into "grammar"."example" ("id", "rule_id", "meaning", "text_preferred_spelling", "text_phonetic_spelling", "text_furigana_template", "sort_rank", "tags") values ('6d85da21-e530-49d4-a4ef-7a457d991916', '79fb54a3-79c7-4691-9d3d-f0ea459c3b9a', 'You may use the textbook.', '教科書を見てもいいですよ。', 'きょうかしょをみてもいいですよ。', '教[きょう] 科[か] 書[しょ]を 見[み]てもいいですよ。', 1, cast('{}' as varchar[]));
insert into "grammar"."example" ("id", "rule_id", "meaning", "text_preferred_spelling", "text_phonetic_spelling", "text_furigana_template", "sort_rank", "tags") values ('3ec1dc21-bd84-4b61-a081-653ed46a7b17', '79fb54a3-79c7-4691-9d3d-f0ea459c3b9a', 'May I go to the bathroom? You may./Please.', 'トイレに行ってもいいですか。はい、いいですよ。／どうぞ。', 'トイレにいってもいいですか。はい、いいですよ。／どうぞ。', 'トイレに 行[い]ってもいいですか。はい、いいですよ。／どうぞ。', 2, cast('{}' as varchar[]));
insert into "grammar"."rule_reference" ("rule_id", "lesson_code") values ('79fb54a3-79c7-4691-9d3d-f0ea459c3b9a', 'GENKI3_L06');
insert into "grammar"."example_reference" ("example_id", "lesson_code") values ('6d85da21-e530-49d4-a4ef-7a457d991916', 'GENKI3_L06');
insert into "grammar"."example_reference" ("example_id", "lesson_code") values ('3ec1dc21-bd84-4b61-a081-653ed46a7b17', 'GENKI3_L06');
-- 〜てはいけません | you must not do ... --
insert into "grammar"."rule" ("id", "meaning", "title_preferred_spelling", "title_phonetic_spelling", "title_furigana_template", "how_to_use", "jlpt_level", "row_num", "date_added", "tags") values ('45d46c59-d86c-4a19-9e53-3cebf4dbae83', 'you must not do ...', '〜てはいけません', null, null, cast('{"verb (て form) + はいけません","verb (て form) + はいけない"}' as text[]), null, 20, date '2023-04-09', cast('{}' as varchar[]));
insert into "grammar"."example" ("id", "rule_id", "meaning", "text_preferred_spelling", "text_phonetic_spelling", "text_furigana_template", "sort_rank", "tags") values ('ff742105-6ca3-444b-986f-bcae6765af32', '45d46c59-d86c-4a19-9e53-3cebf4dbae83', 'You must not take pictures here.', 'ここで写真を撮ってはいけません。', 'ここでしゃしんをとってwaいけません。', 'ここで 写[しゃ] 真[しん]を 撮[と]って は[wa]いけません。', 1, cast('{}' as varchar[]));
insert into "grammar"."example" ("id", "rule_id", "meaning", "text_preferred_spelling", "text_phonetic_spelling", "text_furigana_template", "sort_rank", "tags") values ('d538ef36-049b-421b-b182-745d3730a9f5', '45d46c59-d86c-4a19-9e53-3cebf4dbae83', 'Do not open up the window.', '窓を開けてはいけない。', 'まどをあけてwaいけない。', '窓[まど]を 開[あ]けて は[wa]いけない。', 2, cast('{}' as varchar[]));
insert into "grammar"."rule_reference" ("rule_id", "lesson_code") values ('45d46c59-d86c-4a19-9e53-3cebf4dbae83', 'GENKI3_L06');
insert into "grammar"."rule_reference" ("rule_id", "lesson_code") values ('45d46c59-d86c-4a19-9e53-3cebf4dbae83', 'JLPT_SENSEI_GRAMMAR_N5');
insert into "grammar"."example_reference" ("example_id", "lesson_code") values ('ff742105-6ca3-444b-986f-bcae6765af32', 'GENKI3_L06');
insert into "grammar"."example_reference" ("example_id", "lesson_code") values ('d538ef36-049b-421b-b182-745d3730a9f5', 'JLPT_SENSEI_GRAMMAR_N5');
-- Ａ。Ｂから。 | A; because B --
insert into "grammar"."rule" ("id", "meaning", "title_preferred_spelling", "title_phonetic_spelling", "title_furigana_template", "how_to_use", "jlpt_level", "row_num", "date_added", "tags") values ('c5381ae9-d2a9-43fb-836a-53d02a300edf', 'A; because B', 'Ａ。Ｂから。', null, null, cast('{"(situation)。 (explanation)から。"}' as text[]), null, 21, date '2023-04-09', cast('{}' as varchar[]));
insert into "grammar"."example" ("id", "rule_id", "meaning", "text_preferred_spelling", "text_phonetic_spelling", "text_furigana_template", "sort_rank", "tags") values ('8059e232-04da-4512-8734-762c9c42d67d', 'c5381ae9-d2a9-43fb-836a-53d02a300edf', 'I will study this evening. (Because) we will have an exam tomorrow.', '私は今晩勉強します。あしたテストがありますから。', 'わたしはこんばんべんきょうします。あしたテストがありますから。', '私[わたし]は 今[こん] 晩[ばん] 勉[べん] 強[きょう]します。あしたテストがありますから。', 1, cast('{}' as varchar[]));
insert into "grammar"."example" ("id", "rule_id", "meaning", "text_preferred_spelling", "text_phonetic_spelling", "text_furigana_template", "sort_rank", "tags") values ('f75e83dc-5ab0-43f5-ace0-f80fffda18a5', 'c5381ae9-d2a9-43fb-836a-53d02a300edf', 'Let''s go by bus. (Because) taxis are expensive.', 'バスに乗りましょう。タクシーは高いですから。', 'バスにのりましょう。タクシーはたかいですから。', 'バスに 乗[の]りましょう。タクシーは 高[たか]いですから。', 2, cast('{}' as varchar[]));
insert into "grammar"."rule_reference" ("rule_id", "lesson_code") values ('c5381ae9-d2a9-43fb-836a-53d02a300edf', 'GENKI3_L06');
insert into "grammar"."example_reference" ("example_id", "lesson_code") values ('8059e232-04da-4512-8734-762c9c42d67d', 'GENKI3_L06');
insert into "grammar"."example_reference" ("example_id", "lesson_code") values ('f75e83dc-5ab0-43f5-ace0-f80fffda18a5', 'GENKI3_L06');
-- ①　〜ている | action in progress; action is occupation or habit --
insert into "grammar"."rule" ("id", "meaning", "title_preferred_spelling", "title_phonetic_spelling", "title_furigana_template", "how_to_use", "jlpt_level", "row_num", "date_added", "tags") values ('23587f59-8d3d-446d-b3b2-5c644e7d9614', 'action in progress; action is occupation or habit', '①　〜ている', null, null, cast('{"activity verb (て form) + いる","activity verb (て form) + います"}' as text[]), 5, 22, date '2023-05-30', cast('{}' as varchar[]));
insert into "grammar"."example" ("id", "rule_id", "meaning", "text_preferred_spelling", "text_phonetic_spelling", "text_furigana_template", "sort_rank", "tags") values ('2e522f9b-9ef2-4fab-a7f4-c0f2363a7d2f', '23587f59-8d3d-446d-b3b2-5c644e7d9614', 'Sora is studying right now.', 'ソラさんは今勉強しています。', 'ソラさんはいまべんきょうしています。', 'ソラさんは 今[いま] 勉[べん] 強[きょう]しています。', 1, cast('{}' as varchar[]));
insert into "grammar"."example" ("id", "rule_id", "meaning", "text_preferred_spelling", "text_phonetic_spelling", "text_furigana_template", "sort_rank", "tags") values ('e9478f33-3a25-4e74-96e1-6a9aaa038003', '23587f59-8d3d-446d-b3b2-5c644e7d9614', 'At two o''clock yesterday, Takeshi was playing tennis with a friend.', '昨日二時にたけしさんは友達とテニスをしていました。', 'きのうにじにたけしさんはともだちとテニスをしていました。', '昨日[きのう] 二[に] 時[じ]にたけしさんは 友[とも] 達[だち]とテニスをしていました。', 2, cast('{}' as varchar[]));
insert into "grammar"."example" ("id", "rule_id", "meaning", "text_preferred_spelling", "text_phonetic_spelling", "text_furigana_template", "sort_rank", "tags") values ('48e0fe08-ca11-435e-8c1d-fea88ca5ccf9', '23587f59-8d3d-446d-b3b2-5c644e7d9614', 'Mary studies Japanese every day.', 'メアリーさんは毎日日本語を勉強しています。', 'メアリーさんはまいにちにほんごをべんきょうしています。', 'メアリーさんは 毎[まい] 日[にち] 日[に] 本[ほん] 語[ご]を 勉[べん] 強[きょう]しています。', 3, cast('{}' as varchar[]));
insert into "grammar"."example" ("id", "rule_id", "meaning", "text_preferred_spelling", "text_phonetic_spelling", "text_furigana_template", "sort_rank", "tags") values ('9e75d936-d068-4320-93b3-38c27311205f', '23587f59-8d3d-446d-b3b2-5c644e7d9614', 'What are you doing right now?', '今、何をしていますか。', 'いま、なにをしていますか。', '今[いま]、 何[なに]をしていますか。', 4, cast('{}' as varchar[]));
insert into "grammar"."example" ("id", "rule_id", "meaning", "text_preferred_spelling", "text_phonetic_spelling", "text_furigana_template", "sort_rank", "tags") values ('ec46701c-881a-4c9d-830d-961295183dee', '23587f59-8d3d-446d-b3b2-5c644e7d9614', 'Takeshi is reading a book in English.', 'たけしさんは英語の本を読んでいます。', 'たけしさんはえいごのほんをよんでいます。', 'たけしさんは 英[えい] 語[ご]の 本[ほん]を 読[よ]んでいます。', 5, cast('{}' as varchar[]));
insert into "grammar"."rule_reference" ("rule_id", "lesson_code") values ('23587f59-8d3d-446d-b3b2-5c644e7d9614', 'GENKI3_L07');
insert into "grammar"."example_reference" ("example_id", "lesson_code") values ('2e522f9b-9ef2-4fab-a7f4-c0f2363a7d2f', 'GENKI3_L07');
insert into "grammar"."example_reference" ("example_id", "lesson_code") values ('e9478f33-3a25-4e74-96e1-6a9aaa038003', 'GENKI3_WORKBOOK_L07');
insert into "grammar"."example_reference" ("example_id", "lesson_code") values ('48e0fe08-ca11-435e-8c1d-fea88ca5ccf9', 'GENKI3_L07');
insert into "grammar"."example_reference" ("example_id", "lesson_code") values ('9e75d936-d068-4320-93b3-38c27311205f', 'GENKI3_L07');
insert into "grammar"."example_reference" ("example_id", "lesson_code") values ('ec46701c-881a-4c9d-830d-961295183dee', 'GENKI3_L07');
-- ②　〜ている | result of a change --
insert into "grammar"."rule" ("id", "meaning", "title_preferred_spelling", "title_phonetic_spelling", "title_furigana_template", "how_to_use", "jlpt_level", "row_num", "date_added", "tags") values ('840bbf13-201d-4e79-9c8d-7c0144a0372c', 'result of a change', '②　〜ている', null, null, cast('{"change verb (て form) + いる","change verb (て form) + います"}' as text[]), 5, 23, date '2023-05-30', cast('{}' as varchar[]));
insert into "grammar"."example" ("id", "rule_id", "meaning", "text_preferred_spelling", "text_phonetic_spelling", "text_furigana_template", "sort_rank", "tags") values ('c7185f4a-52ee-4252-ab05-3edffd9f38e3', '840bbf13-201d-4e79-9c8d-7c0144a0372c', 'Professor Yamashita is married.', '山下先生は結婚しています。', 'やましたせんせいはけっこんしています。', '山[やま] 下[した] 先[せん] 生[せい]は 結[けっ] 婚[こん]しています。', 1, cast('{}' as varchar[]));
insert into "grammar"."example" ("id", "rule_id", "meaning", "text_preferred_spelling", "text_phonetic_spelling", "text_furigana_template", "sort_rank", "tags") values ('46d0187f-85f6-44d4-b796-ec056262177e', '840bbf13-201d-4e79-9c8d-7c0144a0372c', 'Yui is seated near the window.', 'ゆいさんは窓の近くに座っています。', 'ゆいさんはまどのちかくにすわっています。', 'ゆいさんは 窓[まど]の 近[ちか]くに 座[すわ]っています。', 2, cast('{}' as varchar[]));
insert into "grammar"."example" ("id", "rule_id", "meaning", "text_preferred_spelling", "text_phonetic_spelling", "text_furigana_template", "sort_rank", "tags") values ('af66790f-b14e-4902-ab5b-b432ac3c3c06', '840bbf13-201d-4e79-9c8d-7c0144a0372c', 'Dad is up and awake', 'お父さんは起きています。', 'おとうさんはおきています。', 'お 父[とう]さんは 起[お]きています。', 3, cast('{}' as varchar[]));
insert into "grammar"."example" ("id", "rule_id", "meaning", "text_preferred_spelling", "text_phonetic_spelling", "text_furigana_template", "sort_rank", "tags") values ('51147cbb-86a6-42ce-854f-1e7d47624f94', '840bbf13-201d-4e79-9c8d-7c0144a0372c', 'Professor Yamashita knows my mother', '山下先生は母を知っています。', 'やましたせんせいはははをしっています。', '山[やま] 下[した] 先[せん] 生[せい]は 母[はは]を 知[し]っています。', 4, cast('{}' as varchar[]));
insert into "grammar"."rule_reference" ("rule_id", "lesson_code") values ('840bbf13-201d-4e79-9c8d-7c0144a0372c', 'GENKI3_L07');
insert into "grammar"."example_reference" ("example_id", "lesson_code") values ('c7185f4a-52ee-4252-ab05-3edffd9f38e3', 'GENKI3_L07');
insert into "grammar"."example_reference" ("example_id", "lesson_code") values ('46d0187f-85f6-44d4-b796-ec056262177e', 'GENKI3_L07');
insert into "grammar"."example_reference" ("example_id", "lesson_code") values ('af66790f-b14e-4902-ab5b-b432ac3c3c06', 'GENKI3_L07');
insert into "grammar"."example_reference" ("example_id", "lesson_code") values ('51147cbb-86a6-42ce-854f-1e7d47624f94', 'GENKI3_L07');
-- ③　〜ている | result of change in movement (= prior movement) --
insert into "grammar"."rule" ("id", "meaning", "title_preferred_spelling", "title_phonetic_spelling", "title_furigana_template", "how_to_use", "jlpt_level", "row_num", "date_added", "tags") values ('838d78b7-d3ba-4567-ad9c-441dd15e35c6', 'result of change in movement (= prior movement)', '③　〜ている', null, null, cast('{"行っています","来ています"}' as text[]), null, 24, date '2023-05-30', cast('{}' as varchar[]));
insert into "grammar"."example" ("id", "rule_id", "meaning", "text_preferred_spelling", "text_phonetic_spelling", "text_furigana_template", "sort_rank", "tags") values ('ac06bd53-ca12-4288-af7a-d317755d2646', '838d78b7-d3ba-4567-ad9c-441dd15e35c6', 'Somebody has gone to or is in China.', '中国に行っています', 'ちゅうごくにいっています', '中[ちゅう] 国[ごく]に 行[い]っています', 1, cast('{}' as varchar[]));
insert into "grammar"."example" ("id", "rule_id", "meaning", "text_preferred_spelling", "text_phonetic_spelling", "text_furigana_template", "sort_rank", "tags") values ('048ae920-5b7b-4cc7-8728-a6b2d5782bcb', '838d78b7-d3ba-4567-ad9c-441dd15e35c6', 'Somebody has come over to visit.', 'うちに来ています。', 'うちにきています。', 'うちに 来[き]ています。', 2, cast('{}' as varchar[]));
insert into "grammar"."rule_reference" ("rule_id", "lesson_code") values ('838d78b7-d3ba-4567-ad9c-441dd15e35c6', 'GENKI3_L07');
insert into "grammar"."example_reference" ("example_id", "lesson_code") values ('ac06bd53-ca12-4288-af7a-d317755d2646', 'GENKI3_L07');
insert into "grammar"."example_reference" ("example_id", "lesson_code") values ('048ae920-5b7b-4cc7-8728-a6b2d5782bcb', 'GENKI3_L07');
-- ＡはＢが、ＣはＤ。 | AB but/however CD. --
insert into "grammar"."rule" ("id", "meaning", "title_preferred_spelling", "title_phonetic_spelling", "title_furigana_template", "how_to_use", "jlpt_level", "row_num", "date_added", "tags") values ('31dc76a7-6fca-475f-9d94-fd4a49fab79d', 'AB but/however CD.', 'ＡはＢが、ＣはＤ。', null, null, cast('{"sentence + が + 、 + sentence"}' as text[]), 4, 25, date '2023-05-30', cast('{}' as varchar[]));
insert into "grammar"."example" ("id", "rule_id", "meaning", "text_preferred_spelling", "text_phonetic_spelling", "text_furigana_template", "sort_rank", "tags") values ('fdcfc498-ec26-40a9-b6f3-7dac0d102bba', '31dc76a7-6fca-475f-9d94-fd4a49fab79d', 'Norio is thin, but Yasuo is overweight.', 'のりおさんは痩せていますが、やすおさんは太っています。', 'のりおさんはやせていますが、やすおさんはふとっています。', 'のりおさんは 痩[や]せていますが、やすおさんは 太[ふと]っています。', 1, cast('{}' as varchar[]));
insert into "grammar"."example" ("id", "rule_id", "meaning", "text_preferred_spelling", "text_phonetic_spelling", "text_furigana_template", "sort_rank", "tags") values ('26200f00-d93c-4400-a833-f7c4d92db979', '31dc76a7-6fca-475f-9d94-fd4a49fab79d', 'I can write hiragana, but I cannot write kanji.', 'ひらがなは書けますが、漢字は書きません。', 'ひらがなはかけますが、かんじはかきません。', 'ひらがなは 書[か]けますが、 漢[かん] 字[じ]は 書[か]きません。', 2, cast('{}' as varchar[]));
insert into "grammar"."rule_reference" ("rule_id", "lesson_code") values ('31dc76a7-6fca-475f-9d94-fd4a49fab79d', 'JLPT_SENSEI_GRAMMAR_N4');
insert into "grammar"."rule_reference" ("rule_id", "lesson_code") values ('31dc76a7-6fca-475f-9d94-fd4a49fab79d', 'GENKI3_L07');
insert into "grammar"."example_reference" ("example_id", "lesson_code") values ('fdcfc498-ec26-40a9-b6f3-7dac0d102bba', 'GENKI3_WORKBOOK_L07');
insert into "grammar"."example_reference" ("example_id", "lesson_code") values ('26200f00-d93c-4400-a833-f7c4d92db979', 'JLPT_SENSEI_GRAMMAR_N4');
-- ＰさんはＢがＣです | P has a body part B that is C --
insert into "grammar"."rule" ("id", "meaning", "title_preferred_spelling", "title_phonetic_spelling", "title_furigana_template", "how_to_use", "jlpt_level", "row_num", "date_added", "tags") values ('4d0f3a6d-f332-4c39-9fea-3cf9822c296a', 'P has a body part B that is C', 'ＰさんはＢがＣです', null, null, cast('{"person + は + body part + が + adjective + です"}' as text[]), null, 26, date '2023-05-30', cast('{}' as varchar[]));
insert into "grammar"."example" ("id", "rule_id", "meaning", "text_preferred_spelling", "text_phonetic_spelling", "text_furigana_template", "sort_rank", "tags") values ('45758a26-6d53-41e4-8fe7-608878c238dc', '4d0f3a6d-f332-4c39-9fea-3cf9822c296a', 'Tom''s hair is long.', 'トムさんは髪が長いです。', 'トムさんはかみがながいです。', 'トムさんは 髪[かみ]が 長[なが]いです。', 1, cast('{}' as varchar[]));
insert into "grammar"."example" ("id", "rule_id", "meaning", "text_preferred_spelling", "text_phonetic_spelling", "text_furigana_template", "sort_rank", "tags") values ('c30d9e1d-16b4-4a6e-ba0c-45d080673dfc', '4d0f3a6d-f332-4c39-9fea-3cf9822c296a', 'This person is tall.', 'この人は背が高いです。', 'このひとはせがたかいです。', 'この 人[ひと]は 背[せ]が 高[たか]いです。', 2, cast('{}' as varchar[]));
insert into "grammar"."rule_reference" ("rule_id", "lesson_code") values ('4d0f3a6d-f332-4c39-9fea-3cf9822c296a', 'GENKI3_L07');
insert into "grammar"."example_reference" ("example_id", "lesson_code") values ('45758a26-6d53-41e4-8fe7-608878c238dc', 'GENKI3_L07');
insert into "grammar"."example_reference" ("example_id", "lesson_code") values ('c30d9e1d-16b4-4a6e-ba0c-45d080673dfc', 'GENKI3_L07');
-- ② Ａて、Ｂ。 | sentence A and sentence B (with overall tense of B) --
insert into "grammar"."rule" ("id", "meaning", "title_preferred_spelling", "title_phonetic_spelling", "title_furigana_template", "how_to_use", "jlpt_level", "row_num", "date_added", "tags") values ('defcf9ca-1159-4811-a152-4489640b710f', 'sentence A and sentence B (with overall tense of B)', '② Ａて、Ｂ。', null, null, cast('{"sentence + て + sentence","sentence + て + 、+ sentence"}' as text[]), null, 27, date '2023-05-30', cast('{}' as varchar[]));
insert into "grammar"."example" ("id", "rule_id", "meaning", "text_preferred_spelling", "text_phonetic_spelling", "text_furigana_template", "sort_rank", "tags") values ('abf71784-af8a-4e63-a1a7-0703749097ce', 'defcf9ca-1159-4811-a152-4489640b710f', 'The food at that restaurant is inexpensive and delicious.', 'あの店の食べ物は安くて、おいしいです。', 'あのみせのたべものはやすくて、おいしいです。', 'あの 店[みせ]の 食[た]べ 物[もの]は 安[やす]くて、おいしいです。', 1, cast('{}' as varchar[]));
insert into "grammar"."example" ("id", "rule_id", "meaning", "text_preferred_spelling", "text_phonetic_spelling", "text_furigana_template", "sort_rank", "tags") values ('66587521-7ebd-4c07-8cec-23315ae34fdd', 'defcf9ca-1159-4811-a152-4489640b710f', 'The hotel was clean and we were happy.', 'ホテルはきれいで、よかったです。', 'ホテルはきれいで、よかったです。', 'ホテルはきれいで、よかったです。', 2, cast('{}' as varchar[]));
insert into "grammar"."example" ("id", "rule_id", "meaning", "text_preferred_spelling", "text_phonetic_spelling", "text_furigana_template", "sort_rank", "tags") values ('a5351a6c-dc6a-47de-8740-0cf5dbcfed0d', 'defcf9ca-1159-4811-a152-4489640b710f', 'Professor Yamashita is Japanese and he is about fifty years old.', '山下先生は日本人で、五十歳ぐらいです。', 'やましたせんせいはにほんじんで、ごじゅうさいぐらいです。', '山[やま] 下[した] 先[せん] 生[せい]は 日[に] 本[ほん] 人[じん]で、 五[ご] 十[じゅう] 歳[さい]ぐらいです。', 3, cast('{}' as varchar[]));
insert into "grammar"."rule_reference" ("rule_id", "lesson_code") values ('defcf9ca-1159-4811-a152-4489640b710f', 'GENKI3_L07');
insert into "grammar"."example_reference" ("example_id", "lesson_code") values ('abf71784-af8a-4e63-a1a7-0703749097ce', 'GENKI3_L07');
insert into "grammar"."example_reference" ("example_id", "lesson_code") values ('66587521-7ebd-4c07-8cec-23315ae34fdd', 'GENKI3_L07');
insert into "grammar"."example_reference" ("example_id", "lesson_code") values ('a5351a6c-dc6a-47de-8740-0cf5dbcfed0d', 'GENKI3_L07');
-- 〜に行く | purpose of movement --
insert into "grammar"."rule" ("id", "meaning", "title_preferred_spelling", "title_phonetic_spelling", "title_furigana_template", "how_to_use", "jlpt_level", "row_num", "date_added", "tags") values ('c3ca0776-93d9-4298-9289-1fbc675b359f', 'purpose of movement', '〜に行く', null, null, cast('{"destination + に/へ + purpose-of-movement (verb stem) + に + 行く","destination + に/へ + purpose-of-movement (verb stem) + に + 来る","destination + に/へ + purpose-of-movement (verb stem) + に + 帰る"}' as text[]), null, 28, date '2023-05-30', cast('{}' as varchar[]));
insert into "grammar"."example" ("id", "rule_id", "meaning", "text_preferred_spelling", "text_phonetic_spelling", "text_furigana_template", "sort_rank", "tags") values ('1678adef-7305-4f9e-8644-c2c13f4ef00f', 'c3ca0776-93d9-4298-9289-1fbc675b359f', 'I went to a department store to buy a bag.', 'デパートにかばんを買いに行きました。', 'デパートにかばんをかいにいきました。', 'デパートにかばんを 買[か]いに 行[い]きました。', 1, cast('{}' as varchar[]));
insert into "grammar"."example" ("id", "rule_id", "meaning", "text_preferred_spelling", "text_phonetic_spelling", "text_furigana_template", "sort_rank", "tags") values ('2ffb5f54-5c61-4f03-a166-3e150acb1048', 'c3ca0776-93d9-4298-9289-1fbc675b359f', 'Mary has come to Japan to study Japanese.', 'メアリーさんは日本に日本語を勉強しに来ました', 'メアリーさんはにほんににほんごをべんきょうしにきました', 'メアリーさんは 日[に] 本[ほん]に 日[に] 本[ほん] 語[ご]を 勉[べん] 強[きょう]しに 来[き]ました', 2, cast('{}' as varchar[]));
insert into "grammar"."rule_reference" ("rule_id", "lesson_code") values ('c3ca0776-93d9-4298-9289-1fbc675b359f', 'GENKI3_L07');
insert into "grammar"."example_reference" ("example_id", "lesson_code") values ('1678adef-7305-4f9e-8644-c2c13f4ef00f', 'GENKI3_L07');
insert into "grammar"."example_reference" ("example_id", "lesson_code") values ('2ffb5f54-5c61-4f03-a166-3e150acb1048', 'GENKI3_L07');
-- ＰがＮ人います | There are N people --
insert into "grammar"."rule" ("id", "meaning", "title_preferred_spelling", "title_phonetic_spelling", "title_furigana_template", "how_to_use", "jlpt_level", "row_num", "date_added", "tags") values ('97cd7cfb-3948-4b12-ad53-fad6639fe496', 'There are N people', 'ＰがＮ人います', null, null, cast('{"person + が + numeric + 人 + います"}' as text[]), null, 29, date '2023-05-30', cast('{}' as varchar[]));
insert into "grammar"."example" ("id", "rule_id", "meaning", "text_preferred_spelling", "text_phonetic_spelling", "text_furigana_template", "sort_rank", "tags") values ('5db69135-b52b-47d7-a64c-3955da05ade1', '97cd7cfb-3948-4b12-ad53-fad6639fe496', 'There is one Indonesian student in our class.', '私のクラスにはインドネシア人の学生が一人います。', null, '私[わたし]のクラスにはインドネシア 人[じん]の学生が 一人[ひとり]います。', 1, cast('{}' as varchar[]));
insert into "grammar"."rule_reference" ("rule_id", "lesson_code") values ('97cd7cfb-3948-4b12-ad53-fad6639fe496', 'GENKI3_L07');
insert into "grammar"."example_reference" ("example_id", "lesson_code") values ('5db69135-b52b-47d7-a64c-3955da05ade1', 'GENKI3_L07');
-- 〜と思います／〜ないと思います | To describe what you (do/don't) think --
insert into "grammar"."rule" ("id", "meaning", "title_preferred_spelling", "title_phonetic_spelling", "title_furigana_template", "how_to_use", "jlpt_level", "row_num", "date_added", "tags") values ('1de0df00-b25f-45c8-b326-b91ddafb8a79', 'To describe what you (do/don''t) think', '〜と思います／〜ないと思います', null, null, cast('{"verb (short form) + と思います","verb (short negative form) + と思います"}' as text[]), null, 30, date '2023-06-27', cast('{}' as varchar[]));
insert into "grammar"."example" ("id", "rule_id", "meaning", "text_preferred_spelling", "text_phonetic_spelling", "text_furigana_template", "sort_rank", "tags") values ('e81519f4-8f3c-4ea2-bb39-5ef9353432e5', '1de0df00-b25f-45c8-b326-b91ddafb8a79', 'I think Takeshi likes Mary.', 'たけしさんはメアリーさんが好きだと思います。', 'たけしさんはメアリーさんがすきだとおもいます。', 'たけしさんはメアリーさんが 好[す]きだと 思[おも]います。', 1, cast('{}' as varchar[]));
insert into "grammar"."example" ("id", "rule_id", "meaning", "text_preferred_spelling", "text_phonetic_spelling", "text_furigana_template", "sort_rank", "tags") values ('bc50d311-aa82-495b-83ad-24ab0820d15e', '1de0df00-b25f-45c8-b326-b91ddafb8a79', 'I think Mary doesn''t like Takeshi.', 'メアリーさんはたけしさんが好きじゃないと思います。', 'メアリーさんはたけしさんがすきじゃないとおもいます。', 'メアリーさんはたけしさんが 好[す]きじゃないと 思[おも]います。', 2, cast('{}' as varchar[]));
insert into "grammar"."example" ("id", "rule_id", "meaning", "text_preferred_spelling", "text_phonetic_spelling", "text_furigana_template", "sort_rank", "tags") values ('bd439fed-0627-416e-8644-b46b0f5ee894', '1de0df00-b25f-45c8-b326-b91ddafb8a79', 'I think Mary is busy.', 'メアリーさんは忙しいと思います。', 'メアリーさんはいそがしいとおもいます。', 'メアリーさんは 忙[いそが]しいと 思[おも]います。', 3, cast('{}' as varchar[]));
insert into "grammar"."example" ("id", "rule_id", "meaning", "text_preferred_spelling", "text_phonetic_spelling", "text_furigana_template", "sort_rank", "tags") values ('8f98f300-c0f4-4414-95ce-1bf3e4fdb9e7', '1de0df00-b25f-45c8-b326-b91ddafb8a79', 'I think Mary doesn''t go home late at night.', 'メアリーさんは夜遅く家に帰らないと思ういます。', 'メアリーさんはよるおそくいえにかえらないとおもういます。', 'メアリーさんは 夜[よる] 遅[おそ]く 家[いえ]に 帰[かえ]らないと 思[おも]ういます。', 4, cast('{}' as varchar[]));
insert into "grammar"."example" ("id", "rule_id", "meaning", "text_preferred_spelling", "text_phonetic_spelling", "text_furigana_template", "sort_rank", "tags") values ('662b8d8c-6793-4b69-a9f4-8bcaa3f9d273', '1de0df00-b25f-45c8-b326-b91ddafb8a79', 'I think Mary doesn''t drink coffee much.', 'メアリーさんはあまりコーヒーを飲まないと思います。', 'メアリーさんはあまりコーヒーをのまないとおもいます。', 'メアリーさんはあまりコーヒーを 飲[の]まないと 思[おも]います。', 5, cast('{}' as varchar[]));
insert into "grammar"."example" ("id", "rule_id", "meaning", "text_preferred_spelling", "text_phonetic_spelling", "text_furigana_template", "sort_rank", "tags") values ('8129fd4b-915d-466e-9582-7679954a4179', '1de0df00-b25f-45c8-b326-b91ddafb8a79', 'I think Mary often goes to see movies.', 'メアリーさんはよく映画を見に行くと思います。', 'メアリーさんはよくえいがをみにいくとおもいます。', 'メアリーさんはよく 映[えい] 画[が]を 見[み]に 行[い]くと 思[おも]います。', 6, cast('{}' as varchar[]));
insert into "grammar"."example" ("id", "rule_id", "meaning", "text_preferred_spelling", "text_phonetic_spelling", "text_furigana_template", "sort_rank", "tags") values ('437babfb-9e7b-48ce-afd3-9723b247f80d', '1de0df00-b25f-45c8-b326-b91ddafb8a79', 'I think Mary is good at Japanese.', 'メアリーさんは日本語が上手だと思います。', 'メアリーさんはにほんごがじょうずだとおもいます。', 'メアリーさんは 日[に] 本[ほん] 語[ご]が 上[じょう] 手[ず]だと 思[おも]います。', 7, cast('{}' as varchar[]));
insert into "grammar"."rule_reference" ("rule_id", "lesson_code") values ('1de0df00-b25f-45c8-b326-b91ddafb8a79', 'GENKI3_L08');
insert into "grammar"."example_reference" ("example_id", "lesson_code") values ('e81519f4-8f3c-4ea2-bb39-5ef9353432e5', 'GENKI3_L08');
insert into "grammar"."example_reference" ("example_id", "lesson_code") values ('bc50d311-aa82-495b-83ad-24ab0820d15e', 'GENKI3_L08');
insert into "grammar"."example_reference" ("example_id", "lesson_code") values ('bd439fed-0627-416e-8644-b46b0f5ee894', 'GENKI3_L08');
insert into "grammar"."example_reference" ("example_id", "lesson_code") values ('8f98f300-c0f4-4414-95ce-1bf3e4fdb9e7', 'GENKI3_L08');
insert into "grammar"."example_reference" ("example_id", "lesson_code") values ('662b8d8c-6793-4b69-a9f4-8bcaa3f9d273', 'GENKI3_L08');
insert into "grammar"."example_reference" ("example_id", "lesson_code") values ('8129fd4b-915d-466e-9582-7679954a4179', 'GENKI3_L08');
insert into "grammar"."example_reference" ("example_id", "lesson_code") values ('437babfb-9e7b-48ce-afd3-9723b247f80d', 'GENKI3_L08');
-- 〜と言っていました | They said... --
insert into "grammar"."rule" ("id", "meaning", "title_preferred_spelling", "title_phonetic_spelling", "title_furigana_template", "how_to_use", "jlpt_level", "row_num", "date_added", "tags") values ('1c127fc4-8ef6-452f-9a1f-0caf81872680', 'They said...', '〜と言っていました', null, null, cast('{"verb (short form) + と言っていました"}' as text[]), null, 31, date '2023-06-28', cast('{}' as varchar[]));
insert into "grammar"."example" ("id", "rule_id", "meaning", "text_preferred_spelling", "text_phonetic_spelling", "text_furigana_template", "sort_rank", "tags") values ('858b3e24-90e1-4f2e-9790-c10a96f4f7ec', '1c127fc4-8ef6-452f-9a1f-0caf81872680', 'Yasmin said that there would be an exam tomorrow.', 'ヤスミンさんは、明日試験があると言っていました。', 'ヤスミンさんは、あしたしけんがあるといっていました。', 'ヤスミンさんは、 明[あ] 日[した] 試[し] 験[けん]があると 言[い]っていました。', 1, cast('{}' as varchar[]));
insert into "grammar"."example" ("id", "rule_id", "meaning", "text_preferred_spelling", "text_phonetic_spelling", "text_furigana_template", "sort_rank", "tags") values ('e572789c-1f91-42aa-97ff-c49b3f2419b1', '1c127fc4-8ef6-452f-9a1f-0caf81872680', 'Professor Yamashita said that he is not married', '山下先生は結婚していないと言っていました。', 'やましたせんせいはけっこんしていないといっていました。', '山[やま] 下[した] 先[せん] 生[せい]は 結[けっ] 婚[こん]していないと 言[い]っていました。', 2, cast('{}' as varchar[]));
insert into "grammar"."example" ("id", "rule_id", "meaning", "text_preferred_spelling", "text_phonetic_spelling", "text_furigana_template", "sort_rank", "tags") values ('464b14cb-8027-46bc-b47f-4ec32044ed70', '1c127fc4-8ef6-452f-9a1f-0caf81872680', 'Dad is kind, they said.', 'お父さんは親切だと言っていました。', 'おとうさんはしんせつだといっていました。', 'お 父[とう]さんは 親[しん] 切[せつ]だと 言[い]っていました。', 3, cast('{}' as varchar[]));
insert into "grammar"."example" ("id", "rule_id", "meaning", "text_preferred_spelling", "text_phonetic_spelling", "text_furigana_template", "sort_rank", "tags") values ('dccc6d6a-159c-4acf-bc63-080a661b00a6', '1c127fc4-8ef6-452f-9a1f-0caf81872680', 'Their family doesn''t speak English, they said.', '家族は英語を話さないと言っていました。', 'かぞくはえいごをはなさないといっていました。', '家[か] 族[ぞく]は 英[えい] 語[ご]を 話[はな]さないと 言[い]っていました。', 4, cast('{}' as varchar[]));
insert into "grammar"."rule_reference" ("rule_id", "lesson_code") values ('1c127fc4-8ef6-452f-9a1f-0caf81872680', 'GENKI3_L08');
insert into "grammar"."example_reference" ("example_id", "lesson_code") values ('858b3e24-90e1-4f2e-9790-c10a96f4f7ec', 'GENKI3_L08');
insert into "grammar"."example_reference" ("example_id", "lesson_code") values ('e572789c-1f91-42aa-97ff-c49b3f2419b1', 'GENKI3_L08');
insert into "grammar"."example_reference" ("example_id", "lesson_code") values ('464b14cb-8027-46bc-b47f-4ec32044ed70', 'GENKI3_L08');
insert into "grammar"."example_reference" ("example_id", "lesson_code") values ('dccc6d6a-159c-4acf-bc63-080a661b00a6', 'GENKI3_L08');
-- 〜ないでください | Please don't... --
insert into "grammar"."rule" ("id", "meaning", "title_preferred_spelling", "title_phonetic_spelling", "title_furigana_template", "how_to_use", "jlpt_level", "row_num", "date_added", "tags") values ('278fa04d-8cf7-4991-9fdf-662ecfdb9820', 'Please don''t...', '〜ないでください', null, null, cast('{"verb (short, negative) +　でください"}' as text[]), null, 32, date '2023-06-28', cast('{}' as varchar[]));
insert into "grammar"."example" ("id", "rule_id", "meaning", "text_preferred_spelling", "text_phonetic_spelling", "text_furigana_template", "sort_rank", "tags") values ('2aace507-37d5-42fc-afd4-b8460acad62e', '278fa04d-8cf7-4991-9fdf-662ecfdb9820', 'Please don''t take pictures here.', 'ここで写真を取らないでください。', 'ここでしゃしんをとらないでください。', 'ここで 写[しゃ] 真[しん]を 取[と]らないでください。', 1, cast('{}' as varchar[]));
insert into "grammar"."example" ("id", "rule_id", "meaning", "text_preferred_spelling", "text_phonetic_spelling", "text_furigana_template", "sort_rank", "tags") values ('d2c47776-71a2-49cd-8f53-fcbc0c1f9876', '278fa04d-8cf7-4991-9fdf-662ecfdb9820', 'A: May I enter this room?<br/>B: Please don''t.', 'Ａ：この部屋に入ってもいいですか。<br/>Ｂ：入らないでください。', 'Ａ：このへやにはいってもいいですか。<br/>Ｂ：はいらないでください。', 'Ａ：この 部[へ] 屋[や]に 入[はい]ってもいいですか。<br/>Ｂ： 入[はい]らないでください。', 2, cast('{}' as varchar[]));
insert into "grammar"."rule_reference" ("rule_id", "lesson_code") values ('278fa04d-8cf7-4991-9fdf-662ecfdb9820', 'GENKI3_L08');
insert into "grammar"."example_reference" ("example_id", "lesson_code") values ('2aace507-37d5-42fc-afd4-b8460acad62e', 'GENKI3_L08');
insert into "grammar"."example_reference" ("example_id", "lesson_code") values ('d2c47776-71a2-49cd-8f53-fcbc0c1f9876', 'GENKI3_L08');
-- 〇〇のが好きです<br/>〇〇のが上手です | Turn a verb into a noun describing an action (i.e. normalizer) to describe things one likes/dislikes or are good/bad at --
insert into "grammar"."rule" ("id", "meaning", "title_preferred_spelling", "title_phonetic_spelling", "title_furigana_template", "how_to_use", "jlpt_level", "row_num", "date_added", "tags") values ('c1cb4718-94af-4017-9671-4561b9738aae', 'Turn a verb into a noun describing an action (i.e. normalizer) to describe things one likes/dislikes or are good/bad at', '〇〇のが好きです<br/>〇〇のが上手です', null, null, cast('{"activity verb (short form) + の + が + 好きです","activity verb (short form) + の + が + きれいです","activity verb (short form) + の + が + 上手です","activity verb (short form) + の + が + 下手です"}' as text[]), null, 33, date '2023-07-23', cast('{}' as varchar[]));
insert into "grammar"."example" ("id", "rule_id", "meaning", "text_preferred_spelling", "text_phonetic_spelling", "text_furigana_template", "sort_rank", "tags") values ('5104ac1d-b806-4aaf-aab6-c9f1370398fb', 'c1cb4718-94af-4017-9671-4561b9738aae', 'I like studying the Japanese language.', '日本語を勉強するのが好きです。', 'にほんごをべんきょうするのがすきです。', '日[に] 本[ほん] 語[ご]を 勉[べん] 強[きょう]するのが 好[す]きです。', 1, cast('{}' as varchar[]));
insert into "grammar"."example" ("id", "rule_id", "meaning", "text_preferred_spelling", "text_phonetic_spelling", "text_furigana_template", "sort_rank", "tags") values ('728ba088-711f-4479-9fb5-7ee966dd4894', 'c1cb4718-94af-4017-9671-4561b9738aae', 'I don''t like cleaning my room.', '部屋を掃除するのがきらいです', 'へやをそうじするのがきらいです', '部[へ] 屋[や]を 掃[そう] 除[じ]するのがきらいです', 2, cast('{}' as varchar[]));
insert into "grammar"."example" ("id", "rule_id", "meaning", "text_preferred_spelling", "text_phonetic_spelling", "text_furigana_template", "sort_rank", "tags") values ('4543a970-3341-4614-bac4-c72da11242b4', 'c1cb4718-94af-4017-9671-4561b9738aae', 'Robert is good at cooking meals.', 'ロバートさんは料理を作るのが上手です。', 'ロバートさんはりょうりをつくるのがじょうずです。', 'ロバートさんは 料[りょう] 理[り]を 作[つく]るのが 上[じょう] 手[ず]です。', 3, cast('{}' as varchar[]));
insert into "grammar"."example" ("id", "rule_id", "meaning", "text_preferred_spelling", "text_phonetic_spelling", "text_furigana_template", "sort_rank", "tags") values ('a424a513-0f2b-4a27-bf54-9e88c01f321a', 'c1cb4718-94af-4017-9671-4561b9738aae', 'Takeshi is not a good speaker of English.', 'たけしさんは英語を話すのが下手です。', 'たけしさんはえいごをはなすのがへたです。', 'たけしさんは 英[えい] 語[ご]を 話[はな]すのが 下手[へた]です。', 4, cast('{}' as varchar[]));
insert into "grammar"."example" ("id", "rule_id", "meaning", "text_preferred_spelling", "text_phonetic_spelling", "text_furigana_template", "sort_rank", "tags") values ('fa1506ed-4868-4b75-bda6-1341df85c822', 'c1cb4718-94af-4017-9671-4561b9738aae', 'Q: What does the Japanese teacher like to do?<br/>I think they like driving a car.', 'Ｑ：日本語の先生は何をするのが好きですか。<br/>Ａ：車を運転するのが好きだと思います。', 'Ｑ：にほんごのせんせいはなにをするのがすきですか。<br/>Ａ：くるまをうんてんするのがすきだとおもいます。', 'Ｑ： 日[に] 本[ほん] 語[ご]の 先[せん] 生[せい]は 何[なに]をするのが 好[す]きですか。<br/>Ａ： 車[くるま]を 運[うん] 転[てん]するのが 好[す]きだと 思[おも]います。', 5, cast('{}' as varchar[]));
insert into "grammar"."example" ("id", "rule_id", "meaning", "text_preferred_spelling", "text_phonetic_spelling", "text_furigana_template", "sort_rank", "tags") values ('fc9b4d11-9820-43e6-ae85-8f1f3c3079d4', 'c1cb4718-94af-4017-9671-4561b9738aae', 'Q: Do you like cleaning your room?<br/>A: No, Don''t like it very much', 'Ｑ：掃除するのが好きですか。<br/>Ａ：いいえ、あまり好きじゃないです。', 'Ｑ：そうじするのがすきですか。<br/>Ａ：いいえ、あまりすきじゃないです。', 'Ｑ： 掃[そう] 除[じ]するのが 好[す]きですか。<br/>Ａ：いいえ、あまり 好[す]きじゃないです。', 6, cast('{}' as varchar[]));
insert into "grammar"."rule_reference" ("rule_id", "lesson_code") values ('c1cb4718-94af-4017-9671-4561b9738aae', 'GENKI3_L08');
insert into "grammar"."example_reference" ("example_id", "lesson_code") values ('5104ac1d-b806-4aaf-aab6-c9f1370398fb', 'GENKI3_L08');
insert into "grammar"."example_reference" ("example_id", "lesson_code") values ('728ba088-711f-4479-9fb5-7ee966dd4894', 'GENKI3_L08');
insert into "grammar"."example_reference" ("example_id", "lesson_code") values ('4543a970-3341-4614-bac4-c72da11242b4', 'GENKI3_L08');
insert into "grammar"."example_reference" ("example_id", "lesson_code") values ('a424a513-0f2b-4a27-bf54-9e88c01f321a', 'GENKI3_L08');
insert into "grammar"."example_reference" ("example_id", "lesson_code") values ('fa1506ed-4868-4b75-bda6-1341df85c822', 'GENKI3_L08');
insert into "grammar"."example_reference" ("example_id", "lesson_code") values ('fc9b4d11-9820-43e6-ae85-8f1f3c3079d4', 'GENKI3_L08');
-- 何か and 何も | something, anything?, and not...anything --
insert into "grammar"."rule" ("id", "meaning", "title_preferred_spelling", "title_phonetic_spelling", "title_furigana_template", "how_to_use", "jlpt_level", "row_num", "date_added", "tags") values ('f7851ce8-e9b1-47c4-82bc-47626526312a', 'something, anything?, and not...anything', '何か and 何も', null, null, cast('{"positive statement: 何か ⟶ something","questions: 何か ⟶ anything?","negative statements: 何も + negative ⟶ not...anything","(Usually the particles は, が, and を are dropped when used in places these are expected)"}' as text[]), null, 34, date '2023-07-23', cast('{}' as varchar[]));
insert into "grammar"."example" ("id", "rule_id", "meaning", "text_preferred_spelling", "text_phonetic_spelling", "text_furigana_template", "sort_rank", "tags") values ('80d6261c-89df-4f07-9b36-5ab262066b30', 'f7851ce8-e9b1-47c4-82bc-47626526312a', 'The cat has brought something.', '猫が何か持ってきました。', 'ねこがなにかもってきました。', '猫[ねこ]が 何[なに]か 持[も]ってきました。', 1, cast('{}' as varchar[]));
insert into "grammar"."example" ("id", "rule_id", "meaning", "text_preferred_spelling", "text_phonetic_spelling", "text_furigana_template", "sort_rank", "tags") values ('a46eeb59-60d1-4d27-8602-4910f2c2d38b', 'f7851ce8-e9b1-47c4-82bc-47626526312a', 'Q: Did the cat eat anything?<br/>A: No, the cat did not eat anything.', 'Ｑ：猫は何か食べましたか。<br/>Ａ：いいえ、猫は何も食べませんでした。', 'Ｑ：ねこはなにかたべましたか。<br/>Ａ：いいえ、ねこはなにもたべませんでした。', 'Ｑ： 猫[ねこ]は 何[なに]か 食[た]べましたか。<br/>Ａ：いいえ、 猫[ねこ]は 何[なに]も 食[た]べませんでした。', 2, cast('{}' as varchar[]));
insert into "grammar"."example" ("id", "rule_id", "meaning", "text_preferred_spelling", "text_phonetic_spelling", "text_furigana_template", "sort_rank", "tags") values ('275ca238-e5ed-48c5-9848-2f2ee003dd4f', 'f7851ce8-e9b1-47c4-82bc-47626526312a', 'I met Yumi, but we didn''t talk about anything.', 'ゆみさんに会いましたが、何も話しませんでした。', 'ゆみさんにあいましたが、なにもはなしませんでした。', 'ゆみさんに 会[あ]いましたが、 何[なに]も 話[はな]しませんでした。', 3, cast('{}' as varchar[]));
insert into "grammar"."example" ("id", "rule_id", "meaning", "text_preferred_spelling", "text_phonetic_spelling", "text_furigana_template", "sort_rank", "tags") values ('68ad5a53-d637-46ca-a1c6-e7d95e091c93', 'f7851ce8-e9b1-47c4-82bc-47626526312a', 'Would you like to drink something?', '何か飲みませんか。', 'なにかのみませんか。', '何[なに]か 飲[の]みませんか。', 4, cast('{}' as varchar[]));
insert into "grammar"."example" ("id", "rule_id", "meaning", "text_preferred_spelling", "text_phonetic_spelling", "text_furigana_template", "sort_rank", "tags") values ('002822fc-a376-443e-8ca6-3ebb219fc971', 'f7851ce8-e9b1-47c4-82bc-47626526312a', 'Kento asked something, but I did not understand.', 'けんとさんは何か聞きましたが、分かりませんでした。', 'けんとさんはなにかききましたが、わかりませんでした。', 'けんとさんは 何[なに]か 聞[き]きましたが、 分[わ]かりませんでした。', 5, cast('{}' as varchar[]));
insert into "grammar"."example" ("id", "rule_id", "meaning", "text_preferred_spelling", "text_phonetic_spelling", "text_furigana_template", "sort_rank", "tags") values ('6d7f9dd1-6b26-4449-baa6-03e747a7d3ea', 'f7851ce8-e9b1-47c4-82bc-47626526312a', 'There was a TV, but I didn''t watch anything.', 'テレビがありましたが、何も見ませんでした。', 'テレビがありましたが、なにもみませんでした。', 'テレビがありましたが、 何[なに]も 見[み]ませんでした。', 6, cast('{}' as varchar[]));
insert into "grammar"."rule_reference" ("rule_id", "lesson_code") values ('f7851ce8-e9b1-47c4-82bc-47626526312a', 'GENKI3_L08');
insert into "grammar"."example_reference" ("example_id", "lesson_code") values ('80d6261c-89df-4f07-9b36-5ab262066b30', 'GENKI3_L08');
insert into "grammar"."example_reference" ("example_id", "lesson_code") values ('a46eeb59-60d1-4d27-8602-4910f2c2d38b', 'GENKI3_L08');
insert into "grammar"."example_reference" ("example_id", "lesson_code") values ('275ca238-e5ed-48c5-9848-2f2ee003dd4f', 'GENKI3_L08');
insert into "grammar"."example_reference" ("example_id", "lesson_code") values ('68ad5a53-d637-46ca-a1c6-e7d95e091c93', 'GENKI3_L08');
insert into "grammar"."example_reference" ("example_id", "lesson_code") values ('002822fc-a376-443e-8ca6-3ebb219fc971', 'GENKI3_L08');
insert into "grammar"."example_reference" ("example_id", "lesson_code") values ('6d7f9dd1-6b26-4449-baa6-03e747a7d3ea', 'GENKI3_L08');
-- 〜と思います／〜なかったと思います (past tense) | To describe what you do/don't think (past tense) --
insert into "grammar"."rule" ("id", "meaning", "title_preferred_spelling", "title_phonetic_spelling", "title_furigana_template", "how_to_use", "jlpt_level", "row_num", "date_added", "tags") values ('ef61ea7d-f297-402a-8d20-ec499c26e9a2', 'To describe what you do/don''t think (past tense)', '〜と思います／〜なかったと思います (past tense)', null, null, cast('{"verb (casual past tense) + と思います","verb (casual negative past tense) + と思います"}' as text[]), null, 35, date '2023-07-26', cast('{}' as varchar[]));
insert into "grammar"."example" ("id", "rule_id", "meaning", "text_preferred_spelling", "text_phonetic_spelling", "text_furigana_template", "sort_rank", "tags") values ('a5041ba3-065a-4d66-811e-36f31c9c6b13', 'ef61ea7d-f297-402a-8d20-ec499c26e9a2', 'A: Hey, my pork cutlet is gone!<br/>B: I think Tom ate it.', 'Ａ：あ、私のとんかつがない！<br/>Ｂ：トムさんが食べたと思います。', 'Ａ：あ、わたしのとんかつがない！<br/>Ｂ：トムさんがたべたとおもいます。', 'Ａ：あ、 私[わたし]のとんかつがない！<br/>Ｂ：トムさんが 食[た]べたと 思[おも]います。', 1, cast('{}' as varchar[]));
insert into "grammar"."example" ("id", "rule_id", "meaning", "text_preferred_spelling", "text_phonetic_spelling", "text_furigana_template", "sort_rank", "tags") values ('bf314136-c7ba-46b5-bb9f-5965d4e87342', 'ef61ea7d-f297-402a-8d20-ec499c26e9a2', 'I don''t think last winter was very cold.<br/>(lit., I think last winter was not very cold.)', '去年の冬はあまり寒くなかったと思います。', 'きょねんのふゆはあまりさむくなかったとおもいます。', '去[きょ] 年[ねん]の 冬[ふゆ]はあまり 寒[さむ]くなかったと 思[おも]います。', 2, cast('{}' as varchar[]));
insert into "grammar"."example" ("id", "rule_id", "meaning", "text_preferred_spelling", "text_phonetic_spelling", "text_furigana_template", "sort_rank", "tags") values ('41df0653-bf1b-4ed3-9e0a-88af433150b8', 'ef61ea7d-f297-402a-8d20-ec499c26e9a2', 'I think Tadashi''s father was good-looking when he was young.', 'ただしさんのお父さんは若い時、かっこよかったと思います。', 'ただしさんのおとうさんはわかいとき、かっこよかったとおもいます。', 'ただしさんのお 父[とう]さんは 若[わか]い 時[とき]、かっこよかったと 思[おも]います。', 3, cast('{}' as varchar[]));
insert into "grammar"."example" ("id", "rule_id", "meaning", "text_preferred_spelling", "text_phonetic_spelling", "text_furigana_template", "sort_rank", "tags") values ('903c5e17-7b19-4a4d-95e1-d85f6c5711ad', 'ef61ea7d-f297-402a-8d20-ec499c26e9a2', 'I don''t think last week''s exam was difficult.<br>(lit., I think last week''s exam was not difficult.)', '先週の試験は難しくなかったと思います。', 'せんしゅうのしけんはむずかしくなかったとおもいます。', '先[せん] 週[しゅう]の 試[し] 験[けん]は 難[むずか]しくなかったと 思[おも]います。', 4, cast('{}' as varchar[]));
insert into "grammar"."rule_reference" ("rule_id", "lesson_code") values ('ef61ea7d-f297-402a-8d20-ec499c26e9a2', 'GENKI3_L09');
insert into "grammar"."example_reference" ("example_id", "lesson_code") values ('a5041ba3-065a-4d66-811e-36f31c9c6b13', 'GENKI3_L09');
insert into "grammar"."example_reference" ("example_id", "lesson_code") values ('bf314136-c7ba-46b5-bb9f-5965d4e87342', 'GENKI3_L09');
insert into "grammar"."example_reference" ("example_id", "lesson_code") values ('41df0653-bf1b-4ed3-9e0a-88af433150b8', 'GENKI3_L09');
insert into "grammar"."example_reference" ("example_id", "lesson_code") values ('903c5e17-7b19-4a4d-95e1-d85f6c5711ad', 'GENKI3_L09');
-- 〜たと言っていました | Quoting a past-tense form --
insert into "grammar"."rule" ("id", "meaning", "title_preferred_spelling", "title_phonetic_spelling", "title_furigana_template", "how_to_use", "jlpt_level", "row_num", "date_added", "tags") values ('a8af87a3-4897-49b5-941b-e608727e4751', 'Quoting a past-tense form', '〜たと言っていました', null, null, cast('{"verb (past short form) + と言っていました"}' as text[]), null, 36, date '2023-08-06', cast('{}' as varchar[]));
insert into "grammar"."example" ("id", "rule_id", "meaning", "text_preferred_spelling", "text_phonetic_spelling", "text_furigana_template", "sort_rank", "tags") values ('27c0049d-2162-480b-ab6a-fda7bc444d0e', 'a8af87a3-4897-49b5-941b-e608727e4751', 'Yasmin said that she didn''t have lunch.', 'ヤスミンさんは昼ご飯を食べなかったと言っていました。', 'ヤスミンさんはひるごはんをたべなかったといっていました。', 'ヤスミンさんは 昼[ひる]ご 飯[はん]を 食[た]べなかったと 言[い]っていました。', 1, cast('{}' as varchar[]));
insert into "grammar"."example" ("id", "rule_id", "meaning", "text_preferred_spelling", "text_phonetic_spelling", "text_furigana_template", "sort_rank", "tags") values ('8b3f0267-83f9-4829-a825-ff7666d75fbd', 'a8af87a3-4897-49b5-941b-e608727e4751', 'My father said he is not very good at dancing.', 'お父さんは踊るのがあまり上手じゃなかったと言っていました。', 'おとうさんはおどるのがあまりじょうずじゃなかったといっていました。', 'お 父[とう]さんは 踊[おど]るのがあまり 上[じょう] 手[ず]じゃなかったと 言[い]っていました。', 2, cast('{}' as varchar[]));
insert into "grammar"."example" ("id", "rule_id", "meaning", "text_preferred_spelling", "text_phonetic_spelling", "text_furigana_template", "sort_rank", "tags") values ('235f3dcf-ce1d-4b55-b3ee-5c4c3120ccdf', 'a8af87a3-4897-49b5-941b-e608727e4751', 'Yasmin said she was sick.', 'ヤスミンさんは病気だったと言っていました。', 'ヤスミンさんはびょうきだったといっていました。', 'ヤスミンさんは 病[びょう] 気[き]だったと 言[い]っていました。', 3, cast('{}' as varchar[]));
insert into "grammar"."example" ("id", "rule_id", "meaning", "text_preferred_spelling", "text_phonetic_spelling", "text_furigana_template", "sort_rank", "tags") values ('41a06609-1d7d-410d-917c-64e8ab560392', 'a8af87a3-4897-49b5-941b-e608727e4751', 'Takeshi said that kabuki started at twelve o''clock, and finished at four o''clock.', 'たけしさんは、歌舞伎は十二時に始まって、四時に終わったと言っていました。', 'たけしさんは、かぶきはじゅうにじにはじまって、よじにおわったといっていました。', 'たけしさんは、 歌[か] 舞[ぶ] 伎[き]は 十[じゅう] 二[に] 時[じ]に 始[はじ]まって、 四[よ] 時[じ]に 終[お]わったと 言[い]っていました。', 4, cast('{}' as varchar[]));
insert into "grammar"."example" ("id", "rule_id", "meaning", "text_preferred_spelling", "text_phonetic_spelling", "text_furigana_template", "sort_rank", "tags") values ('1e734e14-4e35-409b-95f4-c03e30ff5080', 'a8af87a3-4897-49b5-941b-e608727e4751', 'Takeshi said he went to see Kabuki last month.', 'たけしさんは、先月、歌舞伎を見に行ったと言っていました。', 'たけしさんは、せんげつ、かぶきをみにいったといっていました。', 'たけしさんは、 先[せん] 月[げつ]、 歌[か] 舞[ぶ] 伎[き]を 見[み]に 行[い]ったと 言[い]っていました。', 5, cast('{}' as varchar[]));
insert into "grammar"."rule_reference" ("rule_id", "lesson_code") values ('a8af87a3-4897-49b5-941b-e608727e4751', 'GENKI3_L09');
insert into "grammar"."example_reference" ("example_id", "lesson_code") values ('27c0049d-2162-480b-ab6a-fda7bc444d0e', 'GENKI3_L09');
insert into "grammar"."example_reference" ("example_id", "lesson_code") values ('8b3f0267-83f9-4829-a825-ff7666d75fbd', 'GENKI3_L09');
insert into "grammar"."example_reference" ("example_id", "lesson_code") values ('235f3dcf-ce1d-4b55-b3ee-5c4c3120ccdf', 'GENKI3_L09');
insert into "grammar"."example_reference" ("example_id", "lesson_code") values ('41a06609-1d7d-410d-917c-64e8ab560392', 'GENKI3_L09');
insert into "grammar"."example_reference" ("example_id", "lesson_code") values ('1e734e14-4e35-409b-95f4-c03e30ff5080', 'GENKI3_L09');
-- 〜ているＮ<br/>ＡＮ<br/>ＡなＮ | Qualifying Nouns with Verbs and Adjectives --
insert into "grammar"."rule" ("id", "meaning", "title_preferred_spelling", "title_phonetic_spelling", "title_furigana_template", "how_to_use", "jlpt_level", "row_num", "date_added", "tags") values ('b74986e7-b6cc-469c-a99f-d5d96e5b20af', 'Qualifying Nouns with Verbs and Adjectives', '〜ているＮ<br/>ＡＮ<br/>ＡなＮ', null, null, cast('{"い-adj + noun","な-adj + な + noun","verb (te-form) + いる + noun"}' as text[]), null, 37, date '2023-08-23', cast('{}' as varchar[]));
insert into "grammar"."example" ("id", "rule_id", "meaning", "text_preferred_spelling", "text_phonetic_spelling", "text_furigana_template", "sort_rank", "tags") values ('51da4689-f81e-49dc-a3b2-e5a3e2ca68f8', 'b74986e7-b6cc-469c-a99f-d5d96e5b20af', 'a person who has long hair', '髪が長い人', 'かみがながいひと', '髪[かみ]が 長[なが]い 人[ひと]', 1, cast('{}' as varchar[]));
insert into "grammar"."example" ("id", "rule_id", "meaning", "text_preferred_spelling", "text_phonetic_spelling", "text_furigana_template", "sort_rank", "tags") values ('410d9b6a-8aac-4174-9583-122e21de930b', 'b74986e7-b6cc-469c-a99f-d5d96e5b20af', 'a person who likes cats', '猫が好きな人', 'ねこがすきなひと', '猫[ねこ]が 好[す]きな 人[ひと]', 2, cast('{}' as varchar[]));
insert into "grammar"."example" ("id", "rule_id", "meaning", "text_preferred_spelling", "text_phonetic_spelling", "text_furigana_template", "sort_rank", "tags") values ('26a7f9d5-d429-4408-837f-2af106599d66', 'b74986e7-b6cc-469c-a99f-d5d96e5b20af', 'a person who wears glasses', 'メガネをかけている人', 'メガネをかけているひと', 'メガネをかけている 人[ひと]', 3, cast('{}' as varchar[]));
insert into "grammar"."example" ("id", "rule_id", "meaning", "text_preferred_spelling", "text_phonetic_spelling", "text_furigana_template", "sort_rank", "tags") values ('b373eaa4-848d-4aee-9696-f4fdab063f8b', 'b74986e7-b6cc-469c-a99f-d5d96e5b20af', 'A: Which one is Yui?<br/>B: Yui is the one who is reading a book over there.', 'Ａ：ゆいさんはどの人ですか。<br/>Ｂ：あそこで本を読んでいる人です。', 'Ａ：ゆいさんはどのひとですか。<br/>Ｂ：あそこでほんをよんでいるひとです。', 'Ａ：ゆいさんはどの 人[ひと]ですか。<br/>Ｂ：あそこで 本[ほん]を 読[よ]んでいる 人[ひと]です。', 4, cast('{}' as varchar[]));
insert into "grammar"."example" ("id", "rule_id", "meaning", "text_preferred_spelling", "text_phonetic_spelling", "text_furigana_template", "sort_rank", "tags") values ('8b624060-8a7c-4295-bc58-d4eecb9a1290', 'b74986e7-b6cc-469c-a99f-d5d96e5b20af', 'The student taking pictures over there is Robert.', 'あそこで写真を撮っている学生はロバートさんです。', 'あそこでしゃしんをとっているがくせいはロバートさんです。', 'あそこで 写[しゃ] 真[しん]を 撮[と]っている 学[がく] 生[せい]はロバートさんです。', 5, cast('{}' as varchar[]));
insert into "grammar"."example" ("id", "rule_id", "meaning", "text_preferred_spelling", "text_phonetic_spelling", "text_furigana_template", "sort_rank", "tags") values ('4ecbae11-372c-45a8-8dc6-339423e52f61', 'b74986e7-b6cc-469c-a99f-d5d96e5b20af', 'A: Which one is Erika?<br/>B: (She) is the person who is talking with Momo.', 'Ａ：エリカさんはどの人ですか。<br/>Ｂ：ももさんと話している人です。', null, 'Ａ：エリカさんはどの 人[ひと]ですか。<br/>Ｂ：ももさんと 話[はな]している人です。', 6, cast('{}' as varchar[]));
insert into "grammar"."rule_reference" ("rule_id", "lesson_code") values ('b74986e7-b6cc-469c-a99f-d5d96e5b20af', 'GENKI3_L09');
insert into "grammar"."example_reference" ("example_id", "lesson_code") values ('51da4689-f81e-49dc-a3b2-e5a3e2ca68f8', 'GENKI3_L09');
insert into "grammar"."example_reference" ("example_id", "lesson_code") values ('410d9b6a-8aac-4174-9583-122e21de930b', 'GENKI3_L09');
insert into "grammar"."example_reference" ("example_id", "lesson_code") values ('26a7f9d5-d429-4408-837f-2af106599d66', 'GENKI3_L09');
insert into "grammar"."example_reference" ("example_id", "lesson_code") values ('b373eaa4-848d-4aee-9696-f4fdab063f8b', 'GENKI3_L09');
insert into "grammar"."example_reference" ("example_id", "lesson_code") values ('8b624060-8a7c-4295-bc58-d4eecb9a1290', 'GENKI3_L09');
insert into "grammar"."example_reference" ("example_id", "lesson_code") values ('4ecbae11-372c-45a8-8dc6-339423e52f61', 'GENKI3_L09');
-- もう〜ました<br/>まだ〜ていません | have ... already<br/>have not ... yet --
insert into "grammar"."rule" ("id", "meaning", "title_preferred_spelling", "title_phonetic_spelling", "title_furigana_template", "how_to_use", "jlpt_level", "row_num", "date_added", "tags") values ('0653c4b2-5685-4913-ac34-24977b7c60dd', 'have ... already<br/>have not ... yet', 'もう〜ました<br/>まだ〜ていません', null, null, cast('{"もう + 〇〇 + verb (past tense) ⟶ already have","まだ + 〇〇 + verb (te form) + いません ⟶ have not yet"}' as text[]), 5, 38, date '2023-09-06', cast('{}' as varchar[]));
insert into "grammar"."example" ("id", "rule_id", "meaning", "text_preferred_spelling", "text_phonetic_spelling", "text_furigana_template", "sort_rank", "tags") values ('7ed6ed63-8c75-446c-ab22-41946ead4d74', '0653c4b2-5685-4913-ac34-24977b7c60dd', 'I have already done the homework', 'もう宿題をしました。', 'もうしゅくだいをしました。', 'もう 宿[しゅく] 題[だい]をしました。', 1, cast('{}' as varchar[]));
insert into "grammar"."example" ("id", "rule_id", "meaning", "text_preferred_spelling", "text_phonetic_spelling", "text_furigana_template", "sort_rank", "tags") values ('570e9173-ed24-4d8a-af37-9a9b8224ed60', '0653c4b2-5685-4913-ac34-24977b7c60dd', 'I have not done the homework yet.', 'まだ宿題をしていません。', 'まだしゅくだいをしていません。', 'まだ 宿[しゅく] 題[だい]をしていません。', 2, cast('{}' as varchar[]));
insert into "grammar"."example" ("id", "rule_id", "meaning", "text_preferred_spelling", "text_phonetic_spelling", "text_furigana_template", "sort_rank", "tags") values ('12427994-7440-40b6-996e-26c982b5f8d7', '0653c4b2-5685-4913-ac34-24977b7c60dd', 'Q: Did you already memorize the new kanji?<br/>A: Yes, I already memorized them.', 'Ｑ：もう新しい漢字を覚えましたか。<br/>Ａ：はい、もう覚えました。', 'Ｑ：もうあたらしいかんじをおぼえましたか。<br/>Ａ：はい、もうおぼえました。', 'Ｑ：もう 新[あたら]しい 漢[かん] 字[じ]を 覚[おぼ]えましたか。<br/>Ａ：はい、もう 覚[おぼ]えました。', 3, cast('{}' as varchar[]));
insert into "grammar"."example" ("id", "rule_id", "meaning", "text_preferred_spelling", "text_phonetic_spelling", "text_furigana_template", "sort_rank", "tags") values ('e6717229-68cd-48bf-94ba-31ebfeeba666', '0653c4b2-5685-4913-ac34-24977b7c60dd', 'Q: Did you already talk with the new teacher?<br/>A: No, I have not yet talked to them.', 'Ｑ：もう新しい先生と話しましたか。<br/>Ａ：いいえ、まだ話していません。', 'Ｑ：もうあたらしいせんせいとはなしましたか。<br/>Ａ：いいえ、まだはなしていません。', 'Ｑ：もう 新[あたら]しい 先[せん] 生[せい]と 話[はな]しましたか。<br/>Ａ：いいえ、まだ 話[はな]していません。', 4, cast('{}' as varchar[]));
insert into "grammar"."example" ("id", "rule_id", "meaning", "text_preferred_spelling", "text_phonetic_spelling", "text_furigana_template", "sort_rank", "tags") values ('6f28b5bb-a759-484e-bfc2-337819e68267', '0653c4b2-5685-4913-ac34-24977b7c60dd', 'Q: Did you already memorize your lesson 10 vocabulary?<br/>A: No, I haven''t memorized them yet.', 'Ｑ：もう十課の単語を覚えた？<br/>Ａ：ううん、まだ覚えたいない。', 'Ｑ：もうじゅうかのたんごをおぼえた？<br/>Ａ：ううん、まだおぼえたいない。', 'Ｑ：もう 十[じゅう] 課[か]の 単[たん] 語[ご]を 覚[おぼ]えた？<br/>Ａ：ううん、まだ 覚[おぼ]えたいない。', 5, cast('{}' as varchar[]));
insert into "grammar"."rule_reference" ("rule_id", "lesson_code") values ('0653c4b2-5685-4913-ac34-24977b7c60dd', 'GENKI3_L09');
insert into "grammar"."example_reference" ("example_id", "lesson_code") values ('7ed6ed63-8c75-446c-ab22-41946ead4d74', 'GENKI3_L09');
insert into "grammar"."example_reference" ("example_id", "lesson_code") values ('570e9173-ed24-4d8a-af37-9a9b8224ed60', 'GENKI3_L09');
insert into "grammar"."example_reference" ("example_id", "lesson_code") values ('12427994-7440-40b6-996e-26c982b5f8d7', 'GENKI3_L09');
insert into "grammar"."example_reference" ("example_id", "lesson_code") values ('e6717229-68cd-48bf-94ba-31ebfeeba666', 'GENKI3_L09');
insert into "grammar"."example_reference" ("example_id", "lesson_code") values ('6f28b5bb-a759-484e-bfc2-337819e68267', 'GENKI3_L09');
