-- ＴにＡ | A on/at (absolute) time --
insert into "grammar"."rule" ("id", "meaning", "title_preferred_spelling", "title_phonetic_spelling", "title_furigana_template", "how_to_use", "jlpt_level", "row_num", "date_added", "tags") values (cast('6f62a4af-3e50-4b44-8981-4e2602332319' as uuid), 'A on/at (absolute) time', 'ＴにＡ', null, null, cast('{"absolute time + に + A"}' as text[]), null, 1, date '2023-05-01', cast('{}' as varchar[]));
insert into "grammar"."example" ("id", "rule_id", "meaning", "text_preferred_spelling", "text_phonetic_spelling", "text_furigana_template", "sort_rank", "tags") values (cast('8a0fe5ae-9e79-47d8-917e-e714f9142ece' as uuid), cast('6f62a4af-3e50-4b44-8981-4e2602332319' as uuid), 'I will go on Sunday.', '日曜日に行きます。', 'にちようびにいきます。', '日[にち] 曜[よう] 日[び]に 行[い]きます。', 1, cast('{}' as varchar[]));
insert into "grammar"."example" ("id", "rule_id", "meaning", "text_preferred_spelling", "text_phonetic_spelling", "text_furigana_template", "sort_rank", "tags") values (cast('22a8bab1-522d-416c-89fd-fff3338f0c84' as uuid), cast('6f62a4af-3e50-4b44-8981-4e2602332319' as uuid), 'I get up at 10:45.', '十時四十五分に起きます。', 'じゅうじよんじゅうごふんにおきます。', '十[じゅう] 時[じ] 四[よん] 十[じゅう] 五[ご] 分[ふん]に 起[お]きます。', 2, cast('{}' as varchar[]));
insert into "grammar"."example" ("id", "rule_id", "meaning", "text_preferred_spelling", "text_phonetic_spelling", "text_furigana_template", "sort_rank", "tags") values (cast('4761eb66-8edb-421b-93a7-45b88dd045b0' as uuid), cast('6f62a4af-3e50-4b44-8981-4e2602332319' as uuid), 'I will go back in September.', '九月に帰ります。', 'くがつにかえります。', '九[く] 月[がつ]に 帰[かえ]ります。', 3, cast('{}' as varchar[]));
insert into "grammar"."rule_reference" ("rule_id", "lesson_code") values (cast('6f62a4af-3e50-4b44-8981-4e2602332319' as uuid), 'GENKI3_L03');
insert into "grammar"."example_reference" ("example_id", "lesson_code") values (cast('8a0fe5ae-9e79-47d8-917e-e714f9142ece' as uuid), 'GENKI3_L03');
insert into "grammar"."example_reference" ("example_id", "lesson_code") values (cast('22a8bab1-522d-416c-89fd-fff3338f0c84' as uuid), 'GENKI3_L03');
insert into "grammar"."example_reference" ("example_id", "lesson_code") values (cast('4761eb66-8edb-421b-93a7-45b88dd045b0' as uuid), 'GENKI3_L03');
-- ＴＡ | relative time for A --
insert into "grammar"."rule" ("id", "meaning", "title_preferred_spelling", "title_phonetic_spelling", "title_furigana_template", "how_to_use", "jlpt_level", "row_num", "date_added", "tags") values (cast('8f2595db-b6ab-4ccf-b09e-93dce63e6213' as uuid), 'relative time for A', 'ＴＡ', null, null, cast('{"relative time + A"}' as text[]), null, 2, date '2023-05-01', cast('{}' as varchar[]));
insert into "grammar"."example" ("id", "rule_id", "meaning", "text_preferred_spelling", "text_phonetic_spelling", "text_furigana_template", "sort_rank", "tags") values (cast('995d3387-0be7-417c-b548-5fb44ae4b744' as uuid), cast('8f2595db-b6ab-4ccf-b09e-93dce63e6213' as uuid), 'I will come tomorrow.', '明日来ます。', 'あしたきます。', '明[あ] 日[した] 来[き]ます。', 1, cast('{}' as varchar[]));
insert into "grammar"."example" ("id", "rule_id", "meaning", "text_preferred_spelling", "text_phonetic_spelling", "text_furigana_template", "sort_rank", "tags") values (cast('400e6ba9-e8ab-4ea2-8550-3d00ca203726' as uuid), cast('8f2595db-b6ab-4ccf-b09e-93dce63e6213' as uuid), 'I watch TV every evening.', '毎晩テレビを見ます。', 'まいばんテレビをみます。', '毎[まい] 晩[ばん]テレビを 見[み]ます。', 2, cast('{}' as varchar[]));
insert into "grammar"."example" ("id", "rule_id", "meaning", "text_preferred_spelling", "text_phonetic_spelling", "text_furigana_template", "sort_rank", "tags") values (cast('9a2f425d-83b5-4d09-8ef2-00f47b258525' as uuid), cast('8f2595db-b6ab-4ccf-b09e-93dce63e6213' as uuid), 'When will you go?', 'いつ行きますか。', 'いついきますか。', 'いつ 行[い]きますか。', 3, cast('{}' as varchar[]));
insert into "grammar"."rule_reference" ("rule_id", "lesson_code") values (cast('8f2595db-b6ab-4ccf-b09e-93dce63e6213' as uuid), 'GENKI3_L03');
insert into "grammar"."example_reference" ("example_id", "lesson_code") values (cast('995d3387-0be7-417c-b548-5fb44ae4b744' as uuid), 'GENKI3_L03');
insert into "grammar"."example_reference" ("example_id", "lesson_code") values (cast('400e6ba9-e8ab-4ea2-8550-3d00ca203726' as uuid), 'GENKI3_L03');
insert into "grammar"."example_reference" ("example_id", "lesson_code") values (cast('9a2f425d-83b5-4d09-8ef2-00f47b258525' as uuid), 'GENKI3_L03');
-- 〜ませんか | to extend an invitation --
insert into "grammar"."rule" ("id", "meaning", "title_preferred_spelling", "title_phonetic_spelling", "title_furigana_template", "how_to_use", "jlpt_level", "row_num", "date_added", "tags") values (cast('0000d0db-623b-457d-b797-5c7bfd8d0000' as uuid), 'to extend an invitation', '〜ませんか', null, null, cast('{"verb + ませんか","verb + ない？"}' as text[]), null, 3, date '2023-03-09', cast('{}' as varchar[]));
insert into "grammar"."example" ("id", "rule_id", "meaning", "text_preferred_spelling", "text_phonetic_spelling", "text_furigana_template", "sort_rank", "tags") values (cast('aaaa2051-aab0-494e-b0ff-4be24feaaaaa' as uuid), cast('0000d0db-623b-457d-b797-5c7bfd8d0000' as uuid), 'What do you say to having lunch with me?', '昼ご飯を食べませんか。', 'ひるごはんをたべませんか。', '昼[ひる]ご 飯[はん]を 食[た]べませんか。', 1, cast('{}' as varchar[]));
insert into "grammar"."example" ("id", "rule_id", "meaning", "text_preferred_spelling", "text_phonetic_spelling", "text_furigana_template", "sort_rank", "tags") values (cast('bbbb2051-aab0-494e-b0ff-4be24feabbbb' as uuid), cast('0000d0db-623b-457d-b797-5c7bfd8d0000' as uuid), 'Will you play tennis with me?', 'テニスをませんか。', 'テニスをませんか。', 'テニスをませんか。', 2, cast('{}' as varchar[]));
insert into "grammar"."rule_reference" ("rule_id", "lesson_code") values (cast('0000d0db-623b-457d-b797-5c7bfd8d0000' as uuid), 'GENKI3_L03');
insert into "grammar"."example_reference" ("example_id", "lesson_code") values (cast('aaaa2051-aab0-494e-b0ff-4be24feaaaaa' as uuid), 'GENKI3_L03');
insert into "grammar"."example_reference" ("example_id", "lesson_code") values (cast('bbbb2051-aab0-494e-b0ff-4be24feabbbb' as uuid), 'GENKI3_L03');
-- よく／たいてい/時々……ます<br/>あまり／全然……ません | Frequency Adverbs --
insert into "grammar"."rule" ("id", "meaning", "title_preferred_spelling", "title_phonetic_spelling", "title_furigana_template", "how_to_use", "jlpt_level", "row_num", "date_added", "tags") values (cast('dd34d089-fe5a-4958-83d1-0baaa30f609f' as uuid), 'Frequency Adverbs', 'よく／たいてい/時々……ます<br/>あまり／全然……ません', null, null, cast('{"いつも + verb (present) ⟶ always","よく + verb (present) ⟶ often","たいてい + verb (present) ⟶ usually","時々 + verb (present) ⟶ sometimes","あまり + verb (negative) ⟶ not much","ほとんど + verb (negative) ⟶ seldom/hardly","全然 + verb (negative) ⟶ never","毎日 + verb + (present) ⟶ every day"}' as text[]), null, 4, date '2023-08-06', cast('{}' as varchar[]));
insert into "grammar"."example" ("id", "rule_id", "meaning", "text_preferred_spelling", "text_phonetic_spelling", "text_furigana_template", "sort_rank", "tags") values (cast('06133f8b-d28d-46a9-911a-4ab5ad4d5458' as uuid), cast('dd34d089-fe5a-4958-83d1-0baaa30f609f' as uuid), 'Yumi often comes to my house.', 'ゆみさんはよく私のうちに来ます。', 'ゆみさんはよくわたしのうちにきます。', 'ゆみさんはよく 私[わたし]のうちに 来[き]ます。', 1, cast('{}' as varchar[]));
insert into "grammar"."example" ("id", "rule_id", "meaning", "text_preferred_spelling", "text_phonetic_spelling", "text_furigana_template", "sort_rank", "tags") values (cast('ecfc043d-aa9b-4d23-8e2d-53ec8792781c' as uuid), cast('dd34d089-fe5a-4958-83d1-0baaa30f609f' as uuid), 'Professor Yamashita usually goes to sleep at 11.', '山下先生はたいてい十一時に寝ます', 'やましたせんせいはたいていじゅういちじにねます', '山[やま] 下[した] 先[せん] 生[せい]はたいてい 十[じゅう] 一[いち] 時[じ]に 寝[ね]ます', 2, cast('{}' as varchar[]));
insert into "grammar"."example" ("id", "rule_id", "meaning", "text_preferred_spelling", "text_phonetic_spelling", "text_furigana_template", "sort_rank", "tags") values (cast('5850facf-58ed-459e-91fb-8a828fdbe089' as uuid), cast('dd34d089-fe5a-4958-83d1-0baaa30f609f' as uuid), 'Takeshi sometimes drinks coffee at that cafe.', 'たけしさんは時々あのカフェでコーヒーを飲みます。', 'たけしさんはときどきあのカフェでコーヒーをのみます。', 'たけしさんは 時[とき] 々[どき]あのカフェでコーヒーを 飲[の]みます。', 3, cast('{}' as varchar[]));
insert into "grammar"."example" ("id", "rule_id", "meaning", "text_preferred_spelling", "text_phonetic_spelling", "text_furigana_template", "sort_rank", "tags") values (cast('4efba880-4c26-46ec-b741-ae15f9f9217b' as uuid), cast('dd34d089-fe5a-4958-83d1-0baaa30f609f' as uuid), 'Takeshi does not study much.', 'たけしさんはあまり勉強しません。', 'たけしさんはあまりべんきょうしません。', 'たけしさんはあまり 勉[べん] 強[きょう]しません。', 4, cast('{}' as varchar[]));
insert into "grammar"."example" ("id", "rule_id", "meaning", "text_preferred_spelling", "text_phonetic_spelling", "text_furigana_template", "sort_rank", "tags") values (cast('97c37d64-f03a-49c3-a4c4-2d85d564dbdd' as uuid), cast('dd34d089-fe5a-4958-83d1-0baaa30f609f' as uuid), 'I don''t watch TV at all.', '私は全然テレビを見ません。', 'わたしはぜんぜんテレビをみません。', '私[わたし]は 全[ぜん] 然[ぜん]テレビを 見[み]ません。', 5, cast('{}' as varchar[]));
insert into "grammar"."rule_reference" ("rule_id", "lesson_code") values (cast('dd34d089-fe5a-4958-83d1-0baaa30f609f' as uuid), 'GENKI3_L03');
insert into "grammar"."example_reference" ("example_id", "lesson_code") values (cast('06133f8b-d28d-46a9-911a-4ab5ad4d5458' as uuid), 'GENKI3_L03');
insert into "grammar"."example_reference" ("example_id", "lesson_code") values (cast('ecfc043d-aa9b-4d23-8e2d-53ec8792781c' as uuid), 'GENKI3_L03');
insert into "grammar"."example_reference" ("example_id", "lesson_code") values (cast('5850facf-58ed-459e-91fb-8a828fdbe089' as uuid), 'GENKI3_L03');
insert into "grammar"."example_reference" ("example_id", "lesson_code") values (cast('4efba880-4c26-46ec-b741-ae15f9f9217b' as uuid), 'GENKI3_L03');
insert into "grammar"."example_reference" ("example_id", "lesson_code") values (cast('97c37d64-f03a-49c3-a4c4-2d85d564dbdd' as uuid), 'GENKI3_L03');
-- Ａがあります | I have/own A (inanimate) --
insert into "grammar"."rule" ("id", "meaning", "title_preferred_spelling", "title_phonetic_spelling", "title_furigana_template", "how_to_use", "jlpt_level", "row_num", "date_added", "tags") values (cast('3a5e1272-f03e-4ac4-89be-ad06b7a3331d' as uuid), 'I have/own A (inanimate)', 'Ａがあります', null, null, cast('{"thing + が + あります"}' as text[]), null, 5, date '2023-03-09', cast('{}' as varchar[]));
insert into "grammar"."example" ("id", "rule_id", "meaning", "text_preferred_spelling", "text_phonetic_spelling", "text_furigana_template", "sort_rank", "tags") values (cast('06c8e3e4-ccfb-4646-bb6c-b83bf6128369' as uuid), cast('3a5e1272-f03e-4ac4-89be-ad06b7a3331d' as uuid), 'I don''t have a TV.', 'テレビがありません。', 'テレビがありません。', 'テレビがありません。', 1, cast('{}' as varchar[]));
insert into "grammar"."example" ("id", "rule_id", "meaning", "text_preferred_spelling", "text_phonetic_spelling", "text_furigana_template", "sort_rank", "tags") values (cast('8cf7fb0c-0f5b-488a-8c55-17265162cc04' as uuid), cast('3a5e1272-f03e-4ac4-89be-ad06b7a3331d' as uuid), 'Do you have time?', '時間がありますか。', 'じかんがありますか。', '時[じ] 間[かん]がありますか。', 2, cast('{}' as varchar[]));
insert into "grammar"."rule_reference" ("rule_id", "lesson_code") values (cast('3a5e1272-f03e-4ac4-89be-ad06b7a3331d' as uuid), 'GENKI3_L04');
insert into "grammar"."example_reference" ("example_id", "lesson_code") values (cast('06c8e3e4-ccfb-4646-bb6c-b83bf6128369' as uuid), 'GENKI3_L04');
insert into "grammar"."example_reference" ("example_id", "lesson_code") values (cast('8cf7fb0c-0f5b-488a-8c55-17265162cc04' as uuid), 'GENKI3_L04');
-- Ａがいます | I have/own A (animate) --
insert into "grammar"."rule" ("id", "meaning", "title_preferred_spelling", "title_phonetic_spelling", "title_furigana_template", "how_to_use", "jlpt_level", "row_num", "date_added", "tags") values (cast('b69d0d83-ae0e-4834-abaf-9c570c976d00' as uuid), 'I have/own A (animate)', 'Ａがいます', null, null, cast('{"thing + が + います"}' as text[]), null, 6, date '2023-03-09', cast('{}' as varchar[]));
insert into "grammar"."example" ("id", "rule_id", "meaning", "text_preferred_spelling", "text_phonetic_spelling", "text_furigana_template", "sort_rank", "tags") values (cast('29a6b9a0-2b3b-42fb-9d49-835fdd2ca505' as uuid), cast('b69d0d83-ae0e-4834-abaf-9c570c976d00' as uuid), 'I have a Japanese friend.', '日本人の友達がいます。', 'にほんじんのともだちがいます。', '日[に] 本[ほん] 人[じん]の 友[とも] 達[だち]がいます。', 1, cast('{}' as varchar[]));
insert into "grammar"."rule_reference" ("rule_id", "lesson_code") values (cast('b69d0d83-ae0e-4834-abaf-9c570c976d00' as uuid), 'GENKI3_L04');
insert into "grammar"."example_reference" ("example_id", "lesson_code") values (cast('29a6b9a0-2b3b-42fb-9d49-835fdd2ca505' as uuid), 'GENKI3_L04');
-- ＡにＢがあります | There is/are B at A (inanimate) --
insert into "grammar"."rule" ("id", "meaning", "title_preferred_spelling", "title_phonetic_spelling", "title_furigana_template", "how_to_use", "jlpt_level", "row_num", "date_added", "tags") values (cast('5120aeab-2b79-4837-9461-1bc174684feb' as uuid), 'There is/are B at A (inanimate)', 'ＡにＢがあります', null, null, cast('{"place + に + thing + が + あります"}' as text[]), null, 7, date '2023-03-09', cast('{}' as varchar[]));
insert into "grammar"."example" ("id", "rule_id", "meaning", "text_preferred_spelling", "text_phonetic_spelling", "text_furigana_template", "sort_rank", "tags") values (cast('49ec76a6-272e-4749-acb8-e46d0617bedd' as uuid), cast('5120aeab-2b79-4837-9461-1bc174684feb' as uuid), 'There''s a McDonald''s Over There.', 'あそこにマクドナルドがあります。', 'あそこにマクドナルドがあります。', 'あそこにマクドナルドがあります。', 1, cast('{}' as varchar[]));
insert into "grammar"."example" ("id", "rule_id", "meaning", "text_preferred_spelling", "text_phonetic_spelling", "text_furigana_template", "sort_rank", "tags") values (cast('e499c4cc-8bba-458b-a3b0-1dfe742951f3' as uuid), cast('5120aeab-2b79-4837-9461-1bc174684feb' as uuid), 'There will be no Japanese class tomorrow', '明日は日本語のクラスがありません。', 'あしたはにほんごのクラスがありません。', '明[あ] 日[した]は 日[に] 本[ほん] 語[ご]のクラスがありません。', 2, cast('{}' as varchar[]));
insert into "grammar"."rule_reference" ("rule_id", "lesson_code") values (cast('5120aeab-2b79-4837-9461-1bc174684feb' as uuid), 'GENKI3_L04');
insert into "grammar"."example_reference" ("example_id", "lesson_code") values (cast('49ec76a6-272e-4749-acb8-e46d0617bedd' as uuid), 'GENKI3_L04');
insert into "grammar"."example_reference" ("example_id", "lesson_code") values (cast('e499c4cc-8bba-458b-a3b0-1dfe742951f3' as uuid), 'GENKI3_L04');
-- ＡにＢがいます | There is/are B at A (animate) --
insert into "grammar"."rule" ("id", "meaning", "title_preferred_spelling", "title_phonetic_spelling", "title_furigana_template", "how_to_use", "jlpt_level", "row_num", "date_added", "tags") values (cast('17184226-f266-4972-b24a-3f34ee7ebb6b' as uuid), 'There is/are B at A (animate)', 'ＡにＢがいます', null, null, cast('{"place + に + thing + が + います"}' as text[]), null, 8, date '2023-03-09', cast('{}' as varchar[]));
insert into "grammar"."example" ("id", "rule_id", "meaning", "text_preferred_spelling", "text_phonetic_spelling", "text_furigana_template", "sort_rank", "tags") values (cast('48a00293-3121-4ccc-9b3e-d4998a74f6c2' as uuid), cast('17184226-f266-4972-b24a-3f34ee7ebb6b' as uuid), 'There''s an international student over there.', 'あそこに留学生がいます。', 'あそこにりゅうがくせいがいます。', 'あそこに 留[りゅう] 学[がく] 生[せい]がいます。', 1, cast('{}' as varchar[]));
insert into "grammar"."rule_reference" ("rule_id", "lesson_code") values (cast('17184226-f266-4972-b24a-3f34ee7ebb6b' as uuid), 'GENKI3_L04');
insert into "grammar"."example_reference" ("example_id", "lesson_code") values (cast('48a00293-3121-4ccc-9b3e-d4998a74f6c2' as uuid), 'GENKI3_L04');
-- ＡはＢのＬです | A is {location word} of/to B --
insert into "grammar"."rule" ("id", "meaning", "title_preferred_spelling", "title_phonetic_spelling", "title_furigana_template", "how_to_use", "jlpt_level", "row_num", "date_added", "tags") values (cast('0f175278-c567-4806-bad4-4cd040c40ad9' as uuid), 'A is {location word} of/to B', 'ＡはＢのＬです', null, null, cast('{"noun + は + noun + の + 右 + です","noun + は + noun + の + 左 + です","noun + は + noun + の + 前 + です","noun + は + noun + の + 後ろ + です","noun + は + noun + の + 中 + です","noun + は + noun + の + 上 + です","noun + は + noun + の + 下 + です","noun + は + noun + の + 近く + です","noun + は + noun + の + 隣 + です"}' as text[]), null, 9, date '2023-03-09', cast('{}' as varchar[]));
insert into "grammar"."example" ("id", "rule_id", "meaning", "text_preferred_spelling", "text_phonetic_spelling", "text_furigana_template", "sort_rank", "tags") values (cast('b63bb0cc-5bb9-4453-9c07-f097b49743c7' as uuid), cast('0f175278-c567-4806-bad4-4cd040c40ad9' as uuid), 'The bank is next to the library.', '銀行は図書館の隣です。', 'ぎんこうはとしょかんのとなりです。', '銀[ぎん] 行[こう]は 図[と] 書[しょ] 館[かん]の 隣[となり]です。', 1, cast('{}' as varchar[]));
insert into "grammar"."example" ("id", "rule_id", "meaning", "text_preferred_spelling", "text_phonetic_spelling", "text_furigana_template", "sort_rank", "tags") values (cast('b318cbf3-3ead-4b44-b399-9a72dae9636b' as uuid), cast('0f175278-c567-4806-bad4-4cd040c40ad9' as uuid), 'I waited for Mary in front of the Mos Burger place.', '私はモスバーガーの前でメアリーさんを待ちました。', 'わたしはモスバーガーのまえでメアリーさんをまちました。', '私[わたし]はモスバーガーの 前[まえ]でメアリーさんを 待[ま]ちました。', 2, cast('{}' as varchar[]));
insert into "grammar"."example" ("id", "rule_id", "meaning", "text_preferred_spelling", "text_phonetic_spelling", "text_furigana_template", "sort_rank", "tags") values (cast('7f604d44-ff48-4546-a17b-eead1f511b26' as uuid), cast('0f175278-c567-4806-bad4-4cd040c40ad9' as uuid), 'The umbrella is under the table.', '傘はテーブルの下です。', 'かさはテーブルのしたです。', '傘[かさ]はテーブルの 下[した]です。', 3, cast('{}' as varchar[]));
insert into "grammar"."rule_reference" ("rule_id", "lesson_code") values (cast('0f175278-c567-4806-bad4-4cd040c40ad9' as uuid), 'GENKI3_L03');
insert into "grammar"."example_reference" ("example_id", "lesson_code") values (cast('b63bb0cc-5bb9-4453-9c07-f097b49743c7' as uuid), 'GENKI3_L03');
insert into "grammar"."example_reference" ("example_id", "lesson_code") values (cast('b318cbf3-3ead-4b44-b399-9a72dae9636b' as uuid), 'GENKI3_L03');
insert into "grammar"."example_reference" ("example_id", "lesson_code") values (cast('7f604d44-ff48-4546-a17b-eead1f511b26' as uuid), 'GENKI3_L03');
-- ＡはＢとＣの間です | A is between B and C --
insert into "grammar"."rule" ("id", "meaning", "title_preferred_spelling", "title_phonetic_spelling", "title_furigana_template", "how_to_use", "jlpt_level", "row_num", "date_added", "tags") values (cast('11f50022-8091-40d0-831a-de86193f2f8d' as uuid), 'A is between B and C', 'ＡはＢとＣの間です', null, null, cast('{"noun + は + noun + と + noun + の + 間です"}' as text[]), null, 10, date '2023-03-09', cast('{}' as varchar[]));
insert into "grammar"."example" ("id", "rule_id", "meaning", "text_preferred_spelling", "text_phonetic_spelling", "text_furigana_template", "sort_rank", "tags") values (cast('0e15c2a9-4690-4969-8c69-2b1df5b395ad' as uuid), cast('11f50022-8091-40d0-831a-de86193f2f8d' as uuid), 'The restaurant is between the supermarket and the hospital.', 'レストランはスーパーと病院の間です', 'レストランはスーパーとびょういんのあいだです', 'レストランはスーパーと 病[びょう] 院[いん]の 間[あいだ]です', 1, cast('{}' as varchar[]));
insert into "grammar"."rule_reference" ("rule_id", "lesson_code") values (cast('11f50022-8091-40d0-831a-de86193f2f8d' as uuid), 'GENKI3_L03');
insert into "grammar"."example_reference" ("example_id", "lesson_code") values (cast('0e15c2a9-4690-4969-8c69-2b1df5b395ad' as uuid), 'GENKI3_L03');
-- も | to do too --
insert into "grammar"."rule" ("id", "meaning", "title_preferred_spelling", "title_phonetic_spelling", "title_furigana_template", "how_to_use", "jlpt_level", "row_num", "date_added", "tags") values (cast('055948b9-aefa-4444-92b3-b06191f075c8' as uuid), 'to do too', 'も', null, null, cast('{"A + は + B ⟶ A + も + B","A + が + B ⟶ A + も + B","A + を + B ⟶ A + も + B","A + に + B ⟶ A + にも + B","A + で + B ⟶ A + でも + B"}' as text[]), null, 11, date '2023-05-01', cast('{}' as varchar[]));
insert into "grammar"."example" ("id", "rule_id", "meaning", "text_preferred_spelling", "text_phonetic_spelling", "text_furigana_template", "sort_rank", "tags") values (cast('861b2ef4-fe14-40cb-abba-42e9cf1fb4c7' as uuid), cast('055948b9-aefa-4444-92b3-b06191f075c8' as uuid), 'I went to Kyoto yesterday. Professor Yamashita went to Kyoto yesterday, too.', '私は昨日京都に行きました。山下先生も昨日京都に行きました。', 'わたしはきのうきょうとにいきました。やましたせんせいもきのうきょうとにいきました。', '私[わたし]は 昨日[きのう] 京[きょう] 都[と]に 行[い]きました。 山[やま] 下[した] 先[せん] 生[せい]も 昨日[きのう] 京[きょう] 都[と]に 行[い]きました。', 1, cast('{}' as varchar[]));
insert into "grammar"."example" ("id", "rule_id", "meaning", "text_preferred_spelling", "text_phonetic_spelling", "text_furigana_template", "sort_rank", "tags") values (cast('8bee6f94-96df-4a13-9769-0da26eed141b' as uuid), cast('055948b9-aefa-4444-92b3-b06191f075c8' as uuid), 'Mary bought shoes. Mary bought a bag, too.', 'メアリーさんは靴を買いました。メアリーさんはかばんも買いました。', 'メアリーさんはくつをかいました。メアリーさんはかばんもかいました。', 'メアリーさんは 靴[くつ]を 買[か]いました。メアリーさんはかばんも 買[か]いました。', 2, cast('{}' as varchar[]));
insert into "grammar"."example" ("id", "rule_id", "meaning", "text_preferred_spelling", "text_phonetic_spelling", "text_furigana_template", "sort_rank", "tags") values (cast('dd0e8611-563e-4030-ad9f-8a7ce27b08d6' as uuid), cast('055948b9-aefa-4444-92b3-b06191f075c8' as uuid), 'I went to Kyoto last week. I went to Osaka too.', '私は先週京都に行きました。大阪にも行きました。', 'わたしはせんしゅうきょうとにいきました。おおさかにもいきました。', '私[わたし]は 先[せん] 週[しゅう] 京[きょう] 都[と]に 行[い]きました。 大[おお] 阪[さか]にも 行[い]きました。', 3, cast('{}' as varchar[]));
insert into "grammar"."example" ("id", "rule_id", "meaning", "text_preferred_spelling", "text_phonetic_spelling", "text_furigana_template", "sort_rank", "tags") values (cast('3a12ad59-47f8-452a-9f5a-345d52909b97' as uuid), cast('055948b9-aefa-4444-92b3-b06191f075c8' as uuid), 'Ken read a book at home. He read a book at a cafe, too.', 'けんさんはうちで本を読みました。カフェでも本を読みました。', 'けんさんはうちでほんをよみました。カフェでもほんをよみました。', 'けんさんはうちで 本[ほん]を 読[よ]みました。カフェでも 本[ほん]を 読[よ]みました。', 4, cast('{}' as varchar[]));
insert into "grammar"."rule_reference" ("rule_id", "lesson_code") values (cast('055948b9-aefa-4444-92b3-b06191f075c8' as uuid), 'GENKI3_L03');
insert into "grammar"."example_reference" ("example_id", "lesson_code") values (cast('861b2ef4-fe14-40cb-abba-42e9cf1fb4c7' as uuid), 'GENKI3_L03');
insert into "grammar"."example_reference" ("example_id", "lesson_code") values (cast('8bee6f94-96df-4a13-9769-0da26eed141b' as uuid), 'GENKI3_L03');
insert into "grammar"."example_reference" ("example_id", "lesson_code") values (cast('dd0e8611-563e-4030-ad9f-8a7ce27b08d6' as uuid), 'GENKI3_L03');
insert into "grammar"."example_reference" ("example_id", "lesson_code") values (cast('3a12ad59-47f8-452a-9f5a-345d52909b97' as uuid), 'GENKI3_L03');
-- 〜時間 | duration of time: hours --
insert into "grammar"."rule" ("id", "meaning", "title_preferred_spelling", "title_phonetic_spelling", "title_furigana_template", "how_to_use", "jlpt_level", "row_num", "date_added", "tags") values (cast('5fe8f0bb-9572-4a81-88a6-7a83d554b85d' as uuid), 'duration of time: hours', '〜時間', null, null, cast('{"number + 時間","number + 時間 + ぐらい","number + 時間 + 半"}' as text[]), null, 12, date '2023-03-10', cast('{}' as varchar[]));
insert into "grammar"."example" ("id", "rule_id", "meaning", "text_preferred_spelling", "text_phonetic_spelling", "text_furigana_template", "sort_rank", "tags") values (cast('3431e3f2-8cd4-49a7-bdd6-afc907ea8063' as uuid), cast('5fe8f0bb-9572-4a81-88a6-7a83d554b85d' as uuid), 'Mary waited for Takeshi there for an hour and a half.', 'メアリーさんはそこでたけしさんを一時間半待ちました。', 'メアリーさんはそこでたけしさんをいちじかんはんまちました。', 'メアリーさんはそこでたけしさんを 一[いち] 時[じ] 間[かん] 半[はん] 待[ま]ちました。', 1, cast('{}' as varchar[]));
insert into "grammar"."example" ("id", "rule_id", "meaning", "text_preferred_spelling", "text_phonetic_spelling", "text_furigana_template", "sort_rank", "tags") values (cast('b4dd90bd-4073-47c6-93c8-81099a896be6' as uuid), cast('5fe8f0bb-9572-4a81-88a6-7a83d554b85d' as uuid), 'I studied Japanese for about three hours yesterday.', '私は昨日日本語を三時間ぐらい勉強しました。', 'わたしはきのうにほんごをさんじかんぐらいべんきょうしました。', '私[わたし]は 昨日[きのう] 日[に] 本[ほん] 語[ご]を 三[さん] 時[じ] 間[かん]ぐらい 勉[べん] 強[きょう]しました。', 2, cast('{}' as varchar[]));
insert into "grammar"."rule_reference" ("rule_id", "lesson_code") values (cast('5fe8f0bb-9572-4a81-88a6-7a83d554b85d' as uuid), 'GENKI3_L04');
insert into "grammar"."example_reference" ("example_id", "lesson_code") values (cast('3431e3f2-8cd4-49a7-bdd6-afc907ea8063' as uuid), 'GENKI3_L04');
insert into "grammar"."example_reference" ("example_id", "lesson_code") values (cast('b4dd90bd-4073-47c6-93c8-81099a896be6' as uuid), 'GENKI3_L04');
-- ＡとＢ<br/>ＡはＢと | A and B<br/>person A together with person B --
insert into "grammar"."rule" ("id", "meaning", "title_preferred_spelling", "title_phonetic_spelling", "title_furigana_template", "how_to_use", "jlpt_level", "row_num", "date_added", "tags") values (cast('a4766a9c-8bc7-446b-b0df-c3e2865612df' as uuid), 'A and B<br/>person A together with person B', 'ＡとＢ<br/>ＡはＢと', null, null, cast('{"noun + と + noun","person + は + person + と"}' as text[]), null, 13, date '2023-03-09', cast('{}' as varchar[]));
insert into "grammar"."example" ("id", "rule_id", "meaning", "text_preferred_spelling", "text_phonetic_spelling", "text_furigana_template", "sort_rank", "tags") values (cast('9bc46693-0629-4ba0-9cc3-8eba36fe53a0' as uuid), cast('a4766a9c-8bc7-446b-b0df-c3e2865612df' as uuid), 'I went to Kyoto and Osaka.', '京都と大阪に行きました。', 'きょうととおおさかにいきました。', '京[きょう] 都[と]と 大[おお] 阪[さか]に 行[い]きました。', 1, cast('{}' as varchar[]));
insert into "grammar"."example" ("id", "rule_id", "meaning", "text_preferred_spelling", "text_phonetic_spelling", "text_furigana_template", "sort_rank", "tags") values (cast('a5e2bbf1-e72f-4523-8c64-117ca89c6637' as uuid), cast('a4766a9c-8bc7-446b-b0df-c3e2865612df' as uuid), 'Mary will go to Korea with Sora', 'メアリーさんはそらさんと韓国に行きます。', 'メアリーさんはそらさんとかんこくにいきます。', 'メアリーさんはそらさんと 韓[かん] 国[こく]に 行[い]きます。', 2, cast('{}' as varchar[]));
insert into "grammar"."rule_reference" ("rule_id", "lesson_code") values (cast('a4766a9c-8bc7-446b-b0df-c3e2865612df' as uuid), 'GENKI3_L04');
insert into "grammar"."example_reference" ("example_id", "lesson_code") values (cast('9bc46693-0629-4ba0-9cc3-8eba36fe53a0' as uuid), 'GENKI3_L04');
insert into "grammar"."example_reference" ("example_id", "lesson_code") values (cast('a5e2bbf1-e72f-4523-8c64-117ca89c6637' as uuid), 'GENKI3_L04');
-- ＡＮ<br/>ＡなＮ | Adjective Noun Modification --
insert into "grammar"."rule" ("id", "meaning", "title_preferred_spelling", "title_phonetic_spelling", "title_furigana_template", "how_to_use", "jlpt_level", "row_num", "date_added", "tags") values (cast('ab1cd527-1492-4657-8d6e-0905ca0154ca' as uuid), 'Adjective Noun Modification', 'ＡＮ<br/>ＡなＮ', null, null, cast('{"い-adj + noun","な-adj + な + noun"}' as text[]), null, 14, date '2023-03-23', cast('{}' as varchar[]));
insert into "grammar"."example" ("id", "rule_id", "meaning", "text_preferred_spelling", "text_phonetic_spelling", "text_furigana_template", "sort_rank", "tags") values (cast('3180b40e-58b7-4227-87ca-d52d5885fa7d' as uuid), cast('ab1cd527-1492-4657-8d6e-0905ca0154ca' as uuid), 'I saw an interesting movie yesterday.', '昨日、面白い映画を見ました。', 'きのう、おもしろいえいがをみました。', '昨日[きのう]、 面[おも] 白[しろ]い 映[えい] 画[が]を 見[み]ました。', 1, cast('{}' as varchar[]));
insert into "grammar"."example" ("id", "rule_id", "meaning", "text_preferred_spelling", "text_phonetic_spelling", "text_furigana_template", "sort_rank", "tags") values (cast('aeda3553-aeaf-4932-8236-94071acbc396' as uuid), cast('ab1cd527-1492-4657-8d6e-0905ca0154ca' as uuid), 'I took a beautiful picture in Kyoto.', '京都できれいな写真を撮りました。', 'きょうとできれいなしゃしんをとりました。', '京[きょう] 都[と]できれいな 写[しゃ] 真[しん]を 撮[と]りました。', 2, cast('{}' as varchar[]));
insert into "grammar"."example" ("id", "rule_id", "meaning", "text_preferred_spelling", "text_phonetic_spelling", "text_furigana_template", "sort_rank", "tags") values (cast('ad7ac198-73d3-4a09-9105-81eee35dd9da' as uuid), cast('ab1cd527-1492-4657-8d6e-0905ca0154ca' as uuid), 'This is a very vibrant city.', 'ここはとても賑やかな町です。', 'ここはとてもにぎやかなまちです。', 'ここはとても 賑[にぎ]やかな 町[まち]です。', 3, cast('{}' as varchar[]));
insert into "grammar"."rule_reference" ("rule_id", "lesson_code") values (cast('ab1cd527-1492-4657-8d6e-0905ca0154ca' as uuid), 'GENKI3_L05');
insert into "grammar"."example_reference" ("example_id", "lesson_code") values (cast('3180b40e-58b7-4227-87ca-d52d5885fa7d' as uuid), 'GENKI3_L05');
insert into "grammar"."example_reference" ("example_id", "lesson_code") values (cast('aeda3553-aeaf-4932-8236-94071acbc396' as uuid), 'GENKI3_L05');
insert into "grammar"."example_reference" ("example_id", "lesson_code") values (cast('ad7ac198-73d3-4a09-9105-81eee35dd9da' as uuid), 'GENKI3_L05');
-- 〜ましょう | Let's... --
insert into "grammar"."rule" ("id", "meaning", "title_preferred_spelling", "title_phonetic_spelling", "title_furigana_template", "how_to_use", "jlpt_level", "row_num", "date_added", "tags") values (cast('d9bdda30-d7bd-470e-a2c5-ac0d08c56fb6' as uuid), 'Let''s...', '〜ましょう', null, null, cast('{"verb-stem + ましょう"}' as text[]), null, 15, date '2023-03-23', cast('{}' as varchar[]));
insert into "grammar"."example" ("id", "rule_id", "meaning", "text_preferred_spelling", "text_phonetic_spelling", "text_furigana_template", "sort_rank", "tags") values (cast('bb888773-2128-4246-93ca-df94112ff45f' as uuid), cast('d9bdda30-d7bd-470e-a2c5-ac0d08c56fb6' as uuid), 'Let''s study in the library together.', '一緒に図書館で勉強しましょう', 'いっしょにとしょかんでべんきょうしましょう', '一[いっ] 緒[しょ]に 図[と] 書[しょ] 館[かん]で 勉[べん] 強[きょう]しましょう', 1, cast('{}' as varchar[]));
insert into "grammar"."example" ("id", "rule_id", "meaning", "text_preferred_spelling", "text_phonetic_spelling", "text_furigana_template", "sort_rank", "tags") values (cast('7bec1b6a-784d-443c-a379-aeb412ec83c1' as uuid), cast('d9bdda30-d7bd-470e-a2c5-ac0d08c56fb6' as uuid), 'Let''s go eat together.', '一緒に食べに行きましょう', 'いっしょにたべにいきましょう', '一[いっ] 緒[しょ]に 食[た]べに 行[い]きましょう', 2, cast('{}' as varchar[]));
insert into "grammar"."rule_reference" ("rule_id", "lesson_code") values (cast('d9bdda30-d7bd-470e-a2c5-ac0d08c56fb6' as uuid), 'GENKI3_L05');
insert into "grammar"."example_reference" ("example_id", "lesson_code") values (cast('bb888773-2128-4246-93ca-df94112ff45f' as uuid), 'GENKI3_L05');
-- 〜ましょうか | shall I... / let me do ... --
insert into "grammar"."rule" ("id", "meaning", "title_preferred_spelling", "title_phonetic_spelling", "title_furigana_template", "how_to_use", "jlpt_level", "row_num", "date_added", "tags") values (cast('30a31f32-839f-4610-baf8-788a7f390fd2' as uuid), 'shall I... / let me do ...', '〜ましょうか', null, null, cast('{"verb-stem + ましょうか"}' as text[]), null, 16, date '2023-03-23', cast('{}' as varchar[]));
insert into "grammar"."example" ("id", "rule_id", "meaning", "text_preferred_spelling", "text_phonetic_spelling", "text_furigana_template", "sort_rank", "tags") values (cast('b6465b41-5ce4-4d46-8b15-16780877262e' as uuid), cast('30a31f32-839f-4610-baf8-788a7f390fd2' as uuid), 'Shall we drink coffee over there?', 'あそこでコーヒーを飲みましょうか。', 'あそこでコーヒーをのみましょうか。', 'あそこでコーヒーを 飲[の]みましょうか。', 1, cast('{}' as varchar[]));
insert into "grammar"."example" ("id", "rule_id", "meaning", "text_preferred_spelling", "text_phonetic_spelling", "text_furigana_template", "sort_rank", "tags") values (cast('90bdc4bd-0f06-454d-9168-304d589cd8f2' as uuid), cast('30a31f32-839f-4610-baf8-788a7f390fd2' as uuid), 'Shall I take a picture for you?', '写真を撮りましょうか。', 'しゃしんをとりましょうか。', '写[しゃ] 真[しん]を 撮[と]りましょうか。', 2, cast('{}' as varchar[]));
insert into "grammar"."example" ("id", "rule_id", "meaning", "text_preferred_spelling", "text_phonetic_spelling", "text_furigana_template", "sort_rank", "tags") values (cast('df095a25-8c61-420f-b923-19f2b756daac' as uuid), cast('30a31f32-839f-4610-baf8-788a7f390fd2' as uuid), 'Shall I carry your bag?', '荷物を持ちましょうか。', 'にもつをもちましょうか。', '荷[に] 物[もつ]を 持[も]ちましょうか。', 3, cast('{}' as varchar[]));
insert into "grammar"."rule_reference" ("rule_id", "lesson_code") values (cast('30a31f32-839f-4610-baf8-788a7f390fd2' as uuid), 'GENKI3_L05');
insert into "grammar"."rule_reference" ("rule_id", "lesson_code") values (cast('30a31f32-839f-4610-baf8-788a7f390fd2' as uuid), 'GENKI3_L06');
insert into "grammar"."example_reference" ("example_id", "lesson_code") values (cast('b6465b41-5ce4-4d46-8b15-16780877262e' as uuid), 'GENKI3_L05');
insert into "grammar"."example_reference" ("example_id", "lesson_code") values (cast('90bdc4bd-0f06-454d-9168-304d589cd8f2' as uuid), 'JLPT_SENSEI_GRAMMAR_N5');
insert into "grammar"."example_reference" ("example_id", "lesson_code") values (cast('df095a25-8c61-420f-b923-19f2b756daac' as uuid), 'GENKI3_L06');
-- 〜てください | please do ... for me --
insert into "grammar"."rule" ("id", "meaning", "title_preferred_spelling", "title_phonetic_spelling", "title_furigana_template", "how_to_use", "jlpt_level", "row_num", "date_added", "tags") values (cast('6d942fcf-dc23-4adb-aa88-6bc8ab197ff3' as uuid), 'please do ... for me', '〜てください', null, null, cast('{"verb (て form) + ください"}' as text[]), null, 17, date '2023-04-09', cast('{}' as varchar[]));
insert into "grammar"."example" ("id", "rule_id", "meaning", "text_preferred_spelling", "text_phonetic_spelling", "text_furigana_template", "sort_rank", "tags") values (cast('96f641ac-ce4a-4da2-b980-76b63aa7398c' as uuid), cast('6d942fcf-dc23-4adb-aa88-6bc8ab197ff3' as uuid), 'Please read the textbook.', '教科書を読んでください。', 'きょうかしょをよんでください。', '教[きょう] 科[か] 書[しょ]を 読[よ]んでください。', 1, cast('{}' as varchar[]));
insert into "grammar"."example" ("id", "rule_id", "meaning", "text_preferred_spelling", "text_phonetic_spelling", "text_furigana_template", "sort_rank", "tags") values (cast('78e69786-38e1-4c5f-b4f5-5e649c3ba576' as uuid), cast('6d942fcf-dc23-4adb-aa88-6bc8ab197ff3' as uuid), 'Excuse me. Please teach me a a little.', 'すみません。ちょうと教えてください。', 'すみません。ちょうとおしえてください。', 'すみません。ちょうと 教[おし]えてください。', 2, cast('{}' as varchar[]));
insert into "grammar"."rule_reference" ("rule_id", "lesson_code") values (cast('6d942fcf-dc23-4adb-aa88-6bc8ab197ff3' as uuid), 'GENKI3_L06');
insert into "grammar"."example_reference" ("example_id", "lesson_code") values (cast('96f641ac-ce4a-4da2-b980-76b63aa7398c' as uuid), 'GENKI3_L06');
insert into "grammar"."example_reference" ("example_id", "lesson_code") values (cast('78e69786-38e1-4c5f-b4f5-5e649c3ba576' as uuid), 'GENKI3_L06');
-- ①　Ａて、Ｂ。 | to do A and do B. --
insert into "grammar"."rule" ("id", "meaning", "title_preferred_spelling", "title_phonetic_spelling", "title_furigana_template", "how_to_use", "jlpt_level", "row_num", "date_added", "tags") values (cast('1b6c21c5-298b-47b1-bce9-295970b3ca3f' as uuid), 'to do A and do B.', '①　Ａて、Ｂ。', null, null, cast('{"verb (て form) + verb","verb (て form) + 、+ verb"}' as text[]), null, 18, date '2023-04-09', cast('{}' as varchar[]));
insert into "grammar"."example" ("id", "rule_id", "meaning", "text_preferred_spelling", "text_phonetic_spelling", "text_furigana_template", "sort_rank", "tags") values (cast('96483b58-c1ee-49ee-a0fb-10961b8d52a3' as uuid), cast('1b6c21c5-298b-47b1-bce9-295970b3ca3f' as uuid), 'I will go to the library and check out some books.', '図書館に行って、本を借ります。', 'としょかんにいって、ほんをかります。', '図[と] 書[しょ] 館[かん]に 行[い]って、 本[ほん]を 借[か]ります。', 1, cast('{}' as varchar[]));
insert into "grammar"."example" ("id", "rule_id", "meaning", "text_preferred_spelling", "text_phonetic_spelling", "text_furigana_template", "sort_rank", "tags") values (cast('14c95ee9-570f-4d67-8d7d-b4286ca2c0ad' as uuid), cast('1b6c21c5-298b-47b1-bce9-295970b3ca3f' as uuid), 'Today I got up at six and studied.', '今日は、六時に起きて、勉強しました。', 'きょうは、ろくじにおきて、べんきょうしました。', '今日[きょう]は、 六[ろく] 時[じ]に 起[お]きて、 勉[べん] 強[きょう]しました。', 2, cast('{}' as varchar[]));
insert into "grammar"."example" ("id", "rule_id", "meaning", "text_preferred_spelling", "text_phonetic_spelling", "text_furigana_template", "sort_rank", "tags") values (cast('4a77c196-3b0a-4c70-89b4-17f72c1e0140' as uuid), cast('1b6c21c5-298b-47b1-bce9-295970b3ca3f' as uuid), 'Let''s go to the cafeteria and have lunch.', '食堂に行って、昼ご飯を食べましよう。', 'しょくどうにいって、ひるごはんをたべましよう。', '食[しょく] 堂[どう]に 行[い]って、 昼[ひる]ご 飯[はん]を 食[た]べましよう。', 3, cast('{}' as varchar[]));
insert into "grammar"."rule_reference" ("rule_id", "lesson_code") values (cast('1b6c21c5-298b-47b1-bce9-295970b3ca3f' as uuid), 'GENKI3_L06');
insert into "grammar"."example_reference" ("example_id", "lesson_code") values (cast('96483b58-c1ee-49ee-a0fb-10961b8d52a3' as uuid), 'GENKI3_L06');
insert into "grammar"."example_reference" ("example_id", "lesson_code") values (cast('14c95ee9-570f-4d67-8d7d-b4286ca2c0ad' as uuid), 'GENKI3_L06');
insert into "grammar"."example_reference" ("example_id", "lesson_code") values (cast('4a77c196-3b0a-4c70-89b4-17f72c1e0140' as uuid), 'GENKI3_L06');
-- 〜てもいいです | you may do ... --
insert into "grammar"."rule" ("id", "meaning", "title_preferred_spelling", "title_phonetic_spelling", "title_furigana_template", "how_to_use", "jlpt_level", "row_num", "date_added", "tags") values (cast('79fb54a3-79c7-4691-9d3d-f0ea459c3b9a' as uuid), 'you may do ...', '〜てもいいです', null, null, cast('{"verb (て form) + もいいです"}' as text[]), null, 19, date '2023-04-09', cast('{}' as varchar[]));
insert into "grammar"."example" ("id", "rule_id", "meaning", "text_preferred_spelling", "text_phonetic_spelling", "text_furigana_template", "sort_rank", "tags") values (cast('6d85da21-e530-49d4-a4ef-7a457d991916' as uuid), cast('79fb54a3-79c7-4691-9d3d-f0ea459c3b9a' as uuid), 'You may use the textbook.', '教科書を見てもいいですよ。', 'きょうかしょをみてもいいですよ。', '教[きょう] 科[か] 書[しょ]を 見[み]てもいいですよ。', 1, cast('{}' as varchar[]));
insert into "grammar"."example" ("id", "rule_id", "meaning", "text_preferred_spelling", "text_phonetic_spelling", "text_furigana_template", "sort_rank", "tags") values (cast('3ec1dc21-bd84-4b61-a081-653ed46a7b17' as uuid), cast('79fb54a3-79c7-4691-9d3d-f0ea459c3b9a' as uuid), 'May I go to the bathroom? You may./Please.', 'トイレに行ってもいいですか。はい、いいですよ。／どうぞ。', 'トイレにいってもいいですか。はい、いいですよ。／どうぞ。', 'トイレに 行[い]ってもいいですか。はい、いいですよ。／どうぞ。', 2, cast('{}' as varchar[]));
insert into "grammar"."rule_reference" ("rule_id", "lesson_code") values (cast('79fb54a3-79c7-4691-9d3d-f0ea459c3b9a' as uuid), 'GENKI3_L06');
insert into "grammar"."example_reference" ("example_id", "lesson_code") values (cast('6d85da21-e530-49d4-a4ef-7a457d991916' as uuid), 'GENKI3_L06');
insert into "grammar"."example_reference" ("example_id", "lesson_code") values (cast('3ec1dc21-bd84-4b61-a081-653ed46a7b17' as uuid), 'GENKI3_L06');
-- 〜てはいけません | you must not do ... --
insert into "grammar"."rule" ("id", "meaning", "title_preferred_spelling", "title_phonetic_spelling", "title_furigana_template", "how_to_use", "jlpt_level", "row_num", "date_added", "tags") values (cast('45d46c59-d86c-4a19-9e53-3cebf4dbae83' as uuid), 'you must not do ...', '〜てはいけません', null, null, cast('{"verb (て form) + はいけません","verb (て form) + はいけない"}' as text[]), null, 20, date '2023-04-09', cast('{}' as varchar[]));
insert into "grammar"."example" ("id", "rule_id", "meaning", "text_preferred_spelling", "text_phonetic_spelling", "text_furigana_template", "sort_rank", "tags") values (cast('ff742105-6ca3-444b-986f-bcae6765af32' as uuid), cast('45d46c59-d86c-4a19-9e53-3cebf4dbae83' as uuid), 'You must not take pictures here.', 'ここで写真を撮ってはいけません。', 'ここでしゃしんをとってwaいけません。', 'ここで 写[しゃ] 真[しん]を 撮[と]って は[wa]いけません。', 1, cast('{}' as varchar[]));
insert into "grammar"."example" ("id", "rule_id", "meaning", "text_preferred_spelling", "text_phonetic_spelling", "text_furigana_template", "sort_rank", "tags") values (cast('d538ef36-049b-421b-b182-745d3730a9f5' as uuid), cast('45d46c59-d86c-4a19-9e53-3cebf4dbae83' as uuid), 'Do not open up the window.', '窓を開けてはいけない。', 'まどをあけてwaいけない。', '窓[まど]を 開[あ]けて は[wa]いけない。', 2, cast('{}' as varchar[]));
insert into "grammar"."rule_reference" ("rule_id", "lesson_code") values (cast('45d46c59-d86c-4a19-9e53-3cebf4dbae83' as uuid), 'GENKI3_L06');
insert into "grammar"."rule_reference" ("rule_id", "lesson_code") values (cast('45d46c59-d86c-4a19-9e53-3cebf4dbae83' as uuid), 'JLPT_SENSEI_GRAMMAR_N5');
insert into "grammar"."example_reference" ("example_id", "lesson_code") values (cast('ff742105-6ca3-444b-986f-bcae6765af32' as uuid), 'GENKI3_L06');
insert into "grammar"."example_reference" ("example_id", "lesson_code") values (cast('d538ef36-049b-421b-b182-745d3730a9f5' as uuid), 'JLPT_SENSEI_GRAMMAR_N5');
-- Ｓ。Ｅから。 | S; because E. --
insert into "grammar"."rule" ("id", "meaning", "title_preferred_spelling", "title_phonetic_spelling", "title_furigana_template", "how_to_use", "jlpt_level", "row_num", "date_added", "tags") values (cast('c5381ae9-d2a9-43fb-836a-53d02a300edf' as uuid), 'S; because E.', 'Ｓ。Ｅから。', null, null, cast('{"(situation)。 (explanation)から。"}' as text[]), null, 21, date '2023-04-09', cast('{}' as varchar[]));
insert into "grammar"."example" ("id", "rule_id", "meaning", "text_preferred_spelling", "text_phonetic_spelling", "text_furigana_template", "sort_rank", "tags") values (cast('8059e232-04da-4512-8734-762c9c42d67d' as uuid), cast('c5381ae9-d2a9-43fb-836a-53d02a300edf' as uuid), 'I will study this evening. (Because) we will have an exam tomorrow.', '私は今晩勉強します。明日テストがありますから。', 'わたしはこんばんべんきょうします。あしたテストがありますから。', '私[わたし]は 今[こん] 晩[ばん] 勉[べん] 強[きょう]します。 明[あ] 日[した]テストがありますから。', 1, cast('{}' as varchar[]));
insert into "grammar"."example" ("id", "rule_id", "meaning", "text_preferred_spelling", "text_phonetic_spelling", "text_furigana_template", "sort_rank", "tags") values (cast('f75e83dc-5ab0-43f5-ace0-f80fffda18a5' as uuid), cast('c5381ae9-d2a9-43fb-836a-53d02a300edf' as uuid), 'Let''s go by bus. (Because) taxis are expensive.', 'バスに乗りましょう。タクシーは高いですから。', 'バスにのりましょう。タクシーはたかいですから。', 'バスに 乗[の]りましょう。タクシーは 高[たか]いですから。', 2, cast('{}' as varchar[]));
insert into "grammar"."rule_reference" ("rule_id", "lesson_code") values (cast('c5381ae9-d2a9-43fb-836a-53d02a300edf' as uuid), 'GENKI3_L06');
insert into "grammar"."example_reference" ("example_id", "lesson_code") values (cast('8059e232-04da-4512-8734-762c9c42d67d' as uuid), 'GENKI3_L06');
insert into "grammar"."example_reference" ("example_id", "lesson_code") values (cast('f75e83dc-5ab0-43f5-ace0-f80fffda18a5' as uuid), 'GENKI3_L06');
-- ①　〜ている | action in progress; action is occupation or habit --
insert into "grammar"."rule" ("id", "meaning", "title_preferred_spelling", "title_phonetic_spelling", "title_furigana_template", "how_to_use", "jlpt_level", "row_num", "date_added", "tags") values (cast('23587f59-8d3d-446d-b3b2-5c644e7d9614' as uuid), 'action in progress; action is occupation or habit', '①　〜ている', null, null, cast('{"activity verb (て form) + いる","activity verb (て form) + います"}' as text[]), 5, 22, date '2023-05-30', cast('{}' as varchar[]));
insert into "grammar"."example" ("id", "rule_id", "meaning", "text_preferred_spelling", "text_phonetic_spelling", "text_furigana_template", "sort_rank", "tags") values (cast('2e522f9b-9ef2-4fab-a7f4-c0f2363a7d2f' as uuid), cast('23587f59-8d3d-446d-b3b2-5c644e7d9614' as uuid), 'Sora is studying right now.', 'ソラさんは今勉強しています。', 'ソラさんはいまべんきょうしています。', 'ソラさんは 今[いま] 勉[べん] 強[きょう]しています。', 1, cast('{}' as varchar[]));
insert into "grammar"."example" ("id", "rule_id", "meaning", "text_preferred_spelling", "text_phonetic_spelling", "text_furigana_template", "sort_rank", "tags") values (cast('e9478f33-3a25-4e74-96e1-6a9aaa038003' as uuid), cast('23587f59-8d3d-446d-b3b2-5c644e7d9614' as uuid), 'At two o''clock yesterday, Takeshi was playing tennis with a friend.', '昨日二時にたけしさんは友達とテニスをしていました。', 'きのうにじにたけしさんはともだちとテニスをしていました。', '昨日[きのう] 二[に] 時[じ]にたけしさんは 友[とも] 達[だち]とテニスをしていました。', 2, cast('{}' as varchar[]));
insert into "grammar"."example" ("id", "rule_id", "meaning", "text_preferred_spelling", "text_phonetic_spelling", "text_furigana_template", "sort_rank", "tags") values (cast('48e0fe08-ca11-435e-8c1d-fea88ca5ccf9' as uuid), cast('23587f59-8d3d-446d-b3b2-5c644e7d9614' as uuid), 'Mary studies Japanese every day.', 'メアリーさんは毎日日本語を勉強しています。', 'メアリーさんはまいにちにほんごをべんきょうしています。', 'メアリーさんは 毎[まい] 日[にち] 日[に] 本[ほん] 語[ご]を 勉[べん] 強[きょう]しています。', 3, cast('{}' as varchar[]));
insert into "grammar"."example" ("id", "rule_id", "meaning", "text_preferred_spelling", "text_phonetic_spelling", "text_furigana_template", "sort_rank", "tags") values (cast('9e75d936-d068-4320-93b3-38c27311205f' as uuid), cast('23587f59-8d3d-446d-b3b2-5c644e7d9614' as uuid), 'What are you doing right now?', '今、何をしていますか。', 'いま、なにをしていますか。', '今[いま]、 何[なに]をしていますか。', 4, cast('{}' as varchar[]));
insert into "grammar"."example" ("id", "rule_id", "meaning", "text_preferred_spelling", "text_phonetic_spelling", "text_furigana_template", "sort_rank", "tags") values (cast('ec46701c-881a-4c9d-830d-961295183dee' as uuid), cast('23587f59-8d3d-446d-b3b2-5c644e7d9614' as uuid), 'Takeshi is reading a book in English.', 'たけしさんは英語の本を読んでいます。', 'たけしさんはえいごのほんをよんでいます。', 'たけしさんは 英[えい] 語[ご]の 本[ほん]を 読[よ]んでいます。', 5, cast('{}' as varchar[]));
insert into "grammar"."rule_reference" ("rule_id", "lesson_code") values (cast('23587f59-8d3d-446d-b3b2-5c644e7d9614' as uuid), 'GENKI3_L07');
insert into "grammar"."example_reference" ("example_id", "lesson_code") values (cast('2e522f9b-9ef2-4fab-a7f4-c0f2363a7d2f' as uuid), 'GENKI3_L07');
insert into "grammar"."example_reference" ("example_id", "lesson_code") values (cast('e9478f33-3a25-4e74-96e1-6a9aaa038003' as uuid), 'GENKI3_WORKBOOK_L07');
insert into "grammar"."example_reference" ("example_id", "lesson_code") values (cast('48e0fe08-ca11-435e-8c1d-fea88ca5ccf9' as uuid), 'GENKI3_L07');
insert into "grammar"."example_reference" ("example_id", "lesson_code") values (cast('9e75d936-d068-4320-93b3-38c27311205f' as uuid), 'GENKI3_L07');
insert into "grammar"."example_reference" ("example_id", "lesson_code") values (cast('ec46701c-881a-4c9d-830d-961295183dee' as uuid), 'GENKI3_L07');
-- ②　〜ている | result of a change --
insert into "grammar"."rule" ("id", "meaning", "title_preferred_spelling", "title_phonetic_spelling", "title_furigana_template", "how_to_use", "jlpt_level", "row_num", "date_added", "tags") values (cast('840bbf13-201d-4e79-9c8d-7c0144a0372c' as uuid), 'result of a change', '②　〜ている', null, null, cast('{"change verb (て form) + いる","change verb (て form) + います"}' as text[]), 5, 23, date '2023-05-30', cast('{}' as varchar[]));
insert into "grammar"."example" ("id", "rule_id", "meaning", "text_preferred_spelling", "text_phonetic_spelling", "text_furigana_template", "sort_rank", "tags") values (cast('c7185f4a-52ee-4252-ab05-3edffd9f38e3' as uuid), cast('840bbf13-201d-4e79-9c8d-7c0144a0372c' as uuid), 'Professor Yamashita is married.', '山下先生は結婚しています。', 'やましたせんせいはけっこんしています。', '山[やま] 下[した] 先[せん] 生[せい]は 結[けっ] 婚[こん]しています。', 1, cast('{}' as varchar[]));
insert into "grammar"."example" ("id", "rule_id", "meaning", "text_preferred_spelling", "text_phonetic_spelling", "text_furigana_template", "sort_rank", "tags") values (cast('46d0187f-85f6-44d4-b796-ec056262177e' as uuid), cast('840bbf13-201d-4e79-9c8d-7c0144a0372c' as uuid), 'Yui is seated near the window.', 'ゆいさんは窓の近くに座っています。', 'ゆいさんはまどのちかくにすわっています。', 'ゆいさんは 窓[まど]の 近[ちか]くに 座[すわ]っています。', 2, cast('{}' as varchar[]));
insert into "grammar"."example" ("id", "rule_id", "meaning", "text_preferred_spelling", "text_phonetic_spelling", "text_furigana_template", "sort_rank", "tags") values (cast('af66790f-b14e-4902-ab5b-b432ac3c3c06' as uuid), cast('840bbf13-201d-4e79-9c8d-7c0144a0372c' as uuid), 'Dad is up and awake', 'お父さんは起きています。', 'おとうさんはおきています。', 'お 父[とう]さんは 起[お]きています。', 3, cast('{}' as varchar[]));
insert into "grammar"."example" ("id", "rule_id", "meaning", "text_preferred_spelling", "text_phonetic_spelling", "text_furigana_template", "sort_rank", "tags") values (cast('51147cbb-86a6-42ce-854f-1e7d47624f94' as uuid), cast('840bbf13-201d-4e79-9c8d-7c0144a0372c' as uuid), 'Professor Yamashita knows my mother', '山下先生は母を知っています。', 'やましたせんせいはははをしっています。', '山[やま] 下[した] 先[せん] 生[せい]は 母[はは]を 知[し]っています。', 4, cast('{}' as varchar[]));
insert into "grammar"."rule_reference" ("rule_id", "lesson_code") values (cast('840bbf13-201d-4e79-9c8d-7c0144a0372c' as uuid), 'GENKI3_L07');
insert into "grammar"."example_reference" ("example_id", "lesson_code") values (cast('c7185f4a-52ee-4252-ab05-3edffd9f38e3' as uuid), 'GENKI3_L07');
insert into "grammar"."example_reference" ("example_id", "lesson_code") values (cast('46d0187f-85f6-44d4-b796-ec056262177e' as uuid), 'GENKI3_L07');
insert into "grammar"."example_reference" ("example_id", "lesson_code") values (cast('af66790f-b14e-4902-ab5b-b432ac3c3c06' as uuid), 'GENKI3_L07');
insert into "grammar"."example_reference" ("example_id", "lesson_code") values (cast('51147cbb-86a6-42ce-854f-1e7d47624f94' as uuid), 'GENKI3_L07');
-- ③　〜ている | result of change in movement (= prior movement) --
insert into "grammar"."rule" ("id", "meaning", "title_preferred_spelling", "title_phonetic_spelling", "title_furigana_template", "how_to_use", "jlpt_level", "row_num", "date_added", "tags") values (cast('838d78b7-d3ba-4567-ad9c-441dd15e35c6' as uuid), 'result of change in movement (= prior movement)', '③　〜ている', null, null, cast('{"行っています","来ています"}' as text[]), null, 24, date '2023-05-30', cast('{}' as varchar[]));
insert into "grammar"."example" ("id", "rule_id", "meaning", "text_preferred_spelling", "text_phonetic_spelling", "text_furigana_template", "sort_rank", "tags") values (cast('ac06bd53-ca12-4288-af7a-d317755d2646' as uuid), cast('838d78b7-d3ba-4567-ad9c-441dd15e35c6' as uuid), 'Somebody has gone to or is in China.', '中国に行っています', 'ちゅうごくにいっています', '中[ちゅう] 国[ごく]に 行[い]っています', 1, cast('{}' as varchar[]));
insert into "grammar"."example" ("id", "rule_id", "meaning", "text_preferred_spelling", "text_phonetic_spelling", "text_furigana_template", "sort_rank", "tags") values (cast('048ae920-5b7b-4cc7-8728-a6b2d5782bcb' as uuid), cast('838d78b7-d3ba-4567-ad9c-441dd15e35c6' as uuid), 'Somebody has come over to visit.', 'うちに来ています。', 'うちにきています。', 'うちに 来[き]ています。', 2, cast('{}' as varchar[]));
insert into "grammar"."rule_reference" ("rule_id", "lesson_code") values (cast('838d78b7-d3ba-4567-ad9c-441dd15e35c6' as uuid), 'GENKI3_L07');
insert into "grammar"."example_reference" ("example_id", "lesson_code") values (cast('ac06bd53-ca12-4288-af7a-d317755d2646' as uuid), 'GENKI3_L07');
insert into "grammar"."example_reference" ("example_id", "lesson_code") values (cast('048ae920-5b7b-4cc7-8728-a6b2d5782bcb' as uuid), 'GENKI3_L07');
-- ＡはＢが、ＣはＤ。 | AB but/however CD. --
insert into "grammar"."rule" ("id", "meaning", "title_preferred_spelling", "title_phonetic_spelling", "title_furigana_template", "how_to_use", "jlpt_level", "row_num", "date_added", "tags") values (cast('31dc76a7-6fca-475f-9d94-fd4a49fab79d' as uuid), 'AB but/however CD.', 'ＡはＢが、ＣはＤ。', null, null, cast('{"sentence + が + 、 + sentence"}' as text[]), 4, 25, date '2023-05-30', cast('{}' as varchar[]));
insert into "grammar"."example" ("id", "rule_id", "meaning", "text_preferred_spelling", "text_phonetic_spelling", "text_furigana_template", "sort_rank", "tags") values (cast('fdcfc498-ec26-40a9-b6f3-7dac0d102bba' as uuid), cast('31dc76a7-6fca-475f-9d94-fd4a49fab79d' as uuid), 'Norio is thin, but Yasuo is overweight.', 'のりおさんは痩せていますが、やすおさんは太っています。', 'のりおさんはやせていますが、やすおさんはふとっています。', 'のりおさんは 痩[や]せていますが、やすおさんは 太[ふと]っています。', 1, cast('{}' as varchar[]));
insert into "grammar"."example" ("id", "rule_id", "meaning", "text_preferred_spelling", "text_phonetic_spelling", "text_furigana_template", "sort_rank", "tags") values (cast('26200f00-d93c-4400-a833-f7c4d92db979' as uuid), cast('31dc76a7-6fca-475f-9d94-fd4a49fab79d' as uuid), 'I can write hiragana, but I cannot write kanji.', 'ひらがなは書けますが、漢字は書きません。', 'ひらがなはかけますが、かんじはかきません。', 'ひらがなは 書[か]けますが、 漢[かん] 字[じ]は 書[か]きません。', 2, cast('{}' as varchar[]));
insert into "grammar"."rule_reference" ("rule_id", "lesson_code") values (cast('31dc76a7-6fca-475f-9d94-fd4a49fab79d' as uuid), 'JLPT_SENSEI_GRAMMAR_N4');
insert into "grammar"."rule_reference" ("rule_id", "lesson_code") values (cast('31dc76a7-6fca-475f-9d94-fd4a49fab79d' as uuid), 'GENKI3_L07');
insert into "grammar"."example_reference" ("example_id", "lesson_code") values (cast('fdcfc498-ec26-40a9-b6f3-7dac0d102bba' as uuid), 'GENKI3_WORKBOOK_L07');
insert into "grammar"."example_reference" ("example_id", "lesson_code") values (cast('26200f00-d93c-4400-a833-f7c4d92db979' as uuid), 'JLPT_SENSEI_GRAMMAR_N4');
-- ＰさんはＢがＣです | P has a body part B that is C --
insert into "grammar"."rule" ("id", "meaning", "title_preferred_spelling", "title_phonetic_spelling", "title_furigana_template", "how_to_use", "jlpt_level", "row_num", "date_added", "tags") values (cast('4d0f3a6d-f332-4c39-9fea-3cf9822c296a' as uuid), 'P has a body part B that is C', 'ＰさんはＢがＣです', null, null, cast('{"person + は + body part + が + adjective + です"}' as text[]), null, 26, date '2023-05-30', cast('{}' as varchar[]));
insert into "grammar"."example" ("id", "rule_id", "meaning", "text_preferred_spelling", "text_phonetic_spelling", "text_furigana_template", "sort_rank", "tags") values (cast('45758a26-6d53-41e4-8fe7-608878c238dc' as uuid), cast('4d0f3a6d-f332-4c39-9fea-3cf9822c296a' as uuid), 'Tom''s hair is long.', 'トムさんは髪が長いです。', 'トムさんはかみがながいです。', 'トムさんは 髪[かみ]が 長[なが]いです。', 1, cast('{}' as varchar[]));
insert into "grammar"."example" ("id", "rule_id", "meaning", "text_preferred_spelling", "text_phonetic_spelling", "text_furigana_template", "sort_rank", "tags") values (cast('c30d9e1d-16b4-4a6e-ba0c-45d080673dfc' as uuid), cast('4d0f3a6d-f332-4c39-9fea-3cf9822c296a' as uuid), 'This person is tall.', 'この人は背が高いです。', 'このひとはせがたかいです。', 'この 人[ひと]は 背[せ]が 高[たか]いです。', 2, cast('{}' as varchar[]));
insert into "grammar"."rule_reference" ("rule_id", "lesson_code") values (cast('4d0f3a6d-f332-4c39-9fea-3cf9822c296a' as uuid), 'GENKI3_L07');
insert into "grammar"."example_reference" ("example_id", "lesson_code") values (cast('45758a26-6d53-41e4-8fe7-608878c238dc' as uuid), 'GENKI3_L07');
insert into "grammar"."example_reference" ("example_id", "lesson_code") values (cast('c30d9e1d-16b4-4a6e-ba0c-45d080673dfc' as uuid), 'GENKI3_L07');
-- ② Ａて、Ｂ。 | sentence A and sentence B (with overall tense of B) --
insert into "grammar"."rule" ("id", "meaning", "title_preferred_spelling", "title_phonetic_spelling", "title_furigana_template", "how_to_use", "jlpt_level", "row_num", "date_added", "tags") values (cast('defcf9ca-1159-4811-a152-4489640b710f' as uuid), 'sentence A and sentence B (with overall tense of B)', '② Ａて、Ｂ。', null, null, cast('{"sentence + て + sentence","sentence + て + 、+ sentence"}' as text[]), null, 27, date '2023-05-30', cast('{}' as varchar[]));
insert into "grammar"."example" ("id", "rule_id", "meaning", "text_preferred_spelling", "text_phonetic_spelling", "text_furigana_template", "sort_rank", "tags") values (cast('abf71784-af8a-4e63-a1a7-0703749097ce' as uuid), cast('defcf9ca-1159-4811-a152-4489640b710f' as uuid), 'The food at that restaurant is inexpensive and delicious.', 'あの店の食べ物は安くて、おいしいです。', 'あのみせのたべものはやすくて、おいしいです。', 'あの 店[みせ]の 食[た]べ 物[もの]は 安[やす]くて、おいしいです。', 1, cast('{}' as varchar[]));
insert into "grammar"."example" ("id", "rule_id", "meaning", "text_preferred_spelling", "text_phonetic_spelling", "text_furigana_template", "sort_rank", "tags") values (cast('66587521-7ebd-4c07-8cec-23315ae34fdd' as uuid), cast('defcf9ca-1159-4811-a152-4489640b710f' as uuid), 'The hotel was clean and we were happy.', 'ホテルはきれいで、よかったです。', 'ホテルはきれいで、よかったです。', 'ホテルはきれいで、よかったです。', 2, cast('{}' as varchar[]));
insert into "grammar"."example" ("id", "rule_id", "meaning", "text_preferred_spelling", "text_phonetic_spelling", "text_furigana_template", "sort_rank", "tags") values (cast('a5351a6c-dc6a-47de-8740-0cf5dbcfed0d' as uuid), cast('defcf9ca-1159-4811-a152-4489640b710f' as uuid), 'Professor Yamashita is Japanese and he is about fifty years old.', '山下先生は日本人で、五十歳ぐらいです。', 'やましたせんせいはにほんじんで、ごじゅうさいぐらいです。', '山[やま] 下[した] 先[せん] 生[せい]は 日[に] 本[ほん] 人[じん]で、 五[ご] 十[じゅう] 歳[さい]ぐらいです。', 3, cast('{}' as varchar[]));
insert into "grammar"."example" ("id", "rule_id", "meaning", "text_preferred_spelling", "text_phonetic_spelling", "text_furigana_template", "sort_rank", "tags") values (cast('d8959192-1b66-4f35-b92d-660ac98c927e' as uuid), cast('defcf9ca-1159-4811-a152-4489640b710f' as uuid), 'A: What kind of place was it?<br/>B: There were a lot of people and it was lively.', 'Ａ：どんな所でしたか。<br/>Ｂ：人がたくさんいて、賑やかでした。', 'Ａ：どんなところでしたか。<br/>Ｂ：ひとがたくさんいて、にぎやかでした。', 'Ａ：どんな 所[ところ]でしたか。<br/>Ｂ： 人[ひと]がたくさんいて、 賑[にぎ]やかでした。', 4, cast('{}' as varchar[]));
insert into "grammar"."rule_reference" ("rule_id", "lesson_code") values (cast('defcf9ca-1159-4811-a152-4489640b710f' as uuid), 'GENKI3_L07');
insert into "grammar"."example_reference" ("example_id", "lesson_code") values (cast('abf71784-af8a-4e63-a1a7-0703749097ce' as uuid), 'GENKI3_L07');
insert into "grammar"."example_reference" ("example_id", "lesson_code") values (cast('66587521-7ebd-4c07-8cec-23315ae34fdd' as uuid), 'GENKI3_L07');
insert into "grammar"."example_reference" ("example_id", "lesson_code") values (cast('a5351a6c-dc6a-47de-8740-0cf5dbcfed0d' as uuid), 'GENKI3_L07');
insert into "grammar"."example_reference" ("example_id", "lesson_code") values (cast('d8959192-1b66-4f35-b92d-660ac98c927e' as uuid), 'GENKI3_L11');
-- 〜に行く | purpose of movement --
insert into "grammar"."rule" ("id", "meaning", "title_preferred_spelling", "title_phonetic_spelling", "title_furigana_template", "how_to_use", "jlpt_level", "row_num", "date_added", "tags") values (cast('c3ca0776-93d9-4298-9289-1fbc675b359f' as uuid), 'purpose of movement', '〜に行く', null, null, cast('{"destination + に/へ + purpose-of-movement (verb stem) + に + 行く","destination + に/へ + purpose-of-movement (verb stem) + に + 来る","destination + に/へ + purpose-of-movement (verb stem) + に + 帰る"}' as text[]), null, 28, date '2023-05-30', cast('{}' as varchar[]));
insert into "grammar"."example" ("id", "rule_id", "meaning", "text_preferred_spelling", "text_phonetic_spelling", "text_furigana_template", "sort_rank", "tags") values (cast('1678adef-7305-4f9e-8644-c2c13f4ef00f' as uuid), cast('c3ca0776-93d9-4298-9289-1fbc675b359f' as uuid), 'I went to a department store to buy a bag.', 'デパートにかばんを買いに行きました。', 'デパートにかばんをかいにいきました。', 'デパートにかばんを 買[か]いに 行[い]きました。', 1, cast('{}' as varchar[]));
insert into "grammar"."example" ("id", "rule_id", "meaning", "text_preferred_spelling", "text_phonetic_spelling", "text_furigana_template", "sort_rank", "tags") values (cast('2ffb5f54-5c61-4f03-a166-3e150acb1048' as uuid), cast('c3ca0776-93d9-4298-9289-1fbc675b359f' as uuid), 'Mary has come to Japan to study Japanese.', 'メアリーさんは日本に日本語を勉強しに来ました', 'メアリーさんはにほんににほんごをべんきょうしにきました', 'メアリーさんは 日[に] 本[ほん]に 日[に] 本[ほん] 語[ご]を 勉[べん] 強[きょう]しに 来[き]ました', 2, cast('{}' as varchar[]));
insert into "grammar"."rule_reference" ("rule_id", "lesson_code") values (cast('c3ca0776-93d9-4298-9289-1fbc675b359f' as uuid), 'GENKI3_L07');
insert into "grammar"."example_reference" ("example_id", "lesson_code") values (cast('1678adef-7305-4f9e-8644-c2c13f4ef00f' as uuid), 'GENKI3_L07');
insert into "grammar"."example_reference" ("example_id", "lesson_code") values (cast('2ffb5f54-5c61-4f03-a166-3e150acb1048' as uuid), 'GENKI3_L07');
-- ＰがＮ人います | There are N people --
insert into "grammar"."rule" ("id", "meaning", "title_preferred_spelling", "title_phonetic_spelling", "title_furigana_template", "how_to_use", "jlpt_level", "row_num", "date_added", "tags") values (cast('97cd7cfb-3948-4b12-ad53-fad6639fe496' as uuid), 'There are N people', 'ＰがＮ人います', null, null, cast('{"person + が + numeric + 人 + います"}' as text[]), null, 29, date '2023-05-30', cast('{}' as varchar[]));
insert into "grammar"."example" ("id", "rule_id", "meaning", "text_preferred_spelling", "text_phonetic_spelling", "text_furigana_template", "sort_rank", "tags") values (cast('5db69135-b52b-47d7-a64c-3955da05ade1' as uuid), cast('97cd7cfb-3948-4b12-ad53-fad6639fe496' as uuid), 'There is one Indonesian student in our class.', '私のクラスにはインドネシア人の学生が一人います。', 'わたしのクラスにはインドネシアじんのがくせいがひとりいます。', '私[わたし]のクラスにはインドネシア 人[じん]の 学[がく] 生[せい]が 一人[ひとり]います。', 1, cast('{}' as varchar[]));
insert into "grammar"."rule_reference" ("rule_id", "lesson_code") values (cast('97cd7cfb-3948-4b12-ad53-fad6639fe496' as uuid), 'GENKI3_L07');
insert into "grammar"."example_reference" ("example_id", "lesson_code") values (cast('5db69135-b52b-47d7-a64c-3955da05ade1' as uuid), 'GENKI3_L07');
-- 〜と思います／〜ないと思います | To describe what you (do/don't) think --
insert into "grammar"."rule" ("id", "meaning", "title_preferred_spelling", "title_phonetic_spelling", "title_furigana_template", "how_to_use", "jlpt_level", "row_num", "date_added", "tags") values (cast('1de0df00-b25f-45c8-b326-b91ddafb8a79' as uuid), 'To describe what you (do/don''t) think', '〜と思います／〜ないと思います', null, null, cast('{"verb (short form) + と思います","verb (short negative form) + と思います"}' as text[]), null, 30, date '2023-06-27', cast('{}' as varchar[]));
insert into "grammar"."example" ("id", "rule_id", "meaning", "text_preferred_spelling", "text_phonetic_spelling", "text_furigana_template", "sort_rank", "tags") values (cast('e81519f4-8f3c-4ea2-bb39-5ef9353432e5' as uuid), cast('1de0df00-b25f-45c8-b326-b91ddafb8a79' as uuid), 'I think Takeshi likes Mary.', 'たけしさんはメアリーさんが好きだと思います。', 'たけしさんはメアリーさんがすきだとおもいます。', 'たけしさんはメアリーさんが 好[す]きだと 思[おも]います。', 1, cast('{}' as varchar[]));
insert into "grammar"."example" ("id", "rule_id", "meaning", "text_preferred_spelling", "text_phonetic_spelling", "text_furigana_template", "sort_rank", "tags") values (cast('bc50d311-aa82-495b-83ad-24ab0820d15e' as uuid), cast('1de0df00-b25f-45c8-b326-b91ddafb8a79' as uuid), 'I think Mary doesn''t like Takeshi.', 'メアリーさんはたけしさんが好きじゃないと思います。', 'メアリーさんはたけしさんがすきじゃないとおもいます。', 'メアリーさんはたけしさんが 好[す]きじゃないと 思[おも]います。', 2, cast('{}' as varchar[]));
insert into "grammar"."example" ("id", "rule_id", "meaning", "text_preferred_spelling", "text_phonetic_spelling", "text_furigana_template", "sort_rank", "tags") values (cast('bd439fed-0627-416e-8644-b46b0f5ee894' as uuid), cast('1de0df00-b25f-45c8-b326-b91ddafb8a79' as uuid), 'I think Mary is busy.', 'メアリーさんは忙しいと思います。', 'メアリーさんはいそがしいとおもいます。', 'メアリーさんは 忙[いそが]しいと 思[おも]います。', 3, cast('{}' as varchar[]));
insert into "grammar"."example" ("id", "rule_id", "meaning", "text_preferred_spelling", "text_phonetic_spelling", "text_furigana_template", "sort_rank", "tags") values (cast('8f98f300-c0f4-4414-95ce-1bf3e4fdb9e7' as uuid), cast('1de0df00-b25f-45c8-b326-b91ddafb8a79' as uuid), 'I think Mary doesn''t go home late at night.', 'メアリーさんは夜遅く家に帰らないと思ういます。', 'メアリーさんはよるおそくいえにかえらないとおもういます。', 'メアリーさんは 夜[よる] 遅[おそ]く 家[いえ]に 帰[かえ]らないと 思[おも]ういます。', 4, cast('{}' as varchar[]));
insert into "grammar"."example" ("id", "rule_id", "meaning", "text_preferred_spelling", "text_phonetic_spelling", "text_furigana_template", "sort_rank", "tags") values (cast('662b8d8c-6793-4b69-a9f4-8bcaa3f9d273' as uuid), cast('1de0df00-b25f-45c8-b326-b91ddafb8a79' as uuid), 'I think Mary doesn''t drink coffee much.', 'メアリーさんはあまりコーヒーを飲まないと思います。', 'メアリーさんはあまりコーヒーをのまないとおもいます。', 'メアリーさんはあまりコーヒーを 飲[の]まないと 思[おも]います。', 5, cast('{}' as varchar[]));
insert into "grammar"."example" ("id", "rule_id", "meaning", "text_preferred_spelling", "text_phonetic_spelling", "text_furigana_template", "sort_rank", "tags") values (cast('8129fd4b-915d-466e-9582-7679954a4179' as uuid), cast('1de0df00-b25f-45c8-b326-b91ddafb8a79' as uuid), 'I think Mary often goes to see movies.', 'メアリーさんはよく映画を見に行くと思います。', 'メアリーさんはよくえいがをみにいくとおもいます。', 'メアリーさんはよく 映[えい] 画[が]を 見[み]に 行[い]くと 思[おも]います。', 6, cast('{}' as varchar[]));
insert into "grammar"."example" ("id", "rule_id", "meaning", "text_preferred_spelling", "text_phonetic_spelling", "text_furigana_template", "sort_rank", "tags") values (cast('437babfb-9e7b-48ce-afd3-9723b247f80d' as uuid), cast('1de0df00-b25f-45c8-b326-b91ddafb8a79' as uuid), 'I think Mary is good at Japanese.', 'メアリーさんは日本語が上手だと思います。', 'メアリーさんはにほんごがじょうずだとおもいます。', 'メアリーさんは 日[に] 本[ほん] 語[ご]が 上[じょう] 手[ず]だと 思[おも]います。', 7, cast('{}' as varchar[]));
insert into "grammar"."rule_reference" ("rule_id", "lesson_code") values (cast('1de0df00-b25f-45c8-b326-b91ddafb8a79' as uuid), 'GENKI3_L08');
insert into "grammar"."example_reference" ("example_id", "lesson_code") values (cast('e81519f4-8f3c-4ea2-bb39-5ef9353432e5' as uuid), 'GENKI3_L08');
insert into "grammar"."example_reference" ("example_id", "lesson_code") values (cast('bc50d311-aa82-495b-83ad-24ab0820d15e' as uuid), 'GENKI3_L08');
insert into "grammar"."example_reference" ("example_id", "lesson_code") values (cast('bd439fed-0627-416e-8644-b46b0f5ee894' as uuid), 'GENKI3_L08');
insert into "grammar"."example_reference" ("example_id", "lesson_code") values (cast('8f98f300-c0f4-4414-95ce-1bf3e4fdb9e7' as uuid), 'GENKI3_L08');
insert into "grammar"."example_reference" ("example_id", "lesson_code") values (cast('662b8d8c-6793-4b69-a9f4-8bcaa3f9d273' as uuid), 'GENKI3_L08');
insert into "grammar"."example_reference" ("example_id", "lesson_code") values (cast('8129fd4b-915d-466e-9582-7679954a4179' as uuid), 'GENKI3_L08');
insert into "grammar"."example_reference" ("example_id", "lesson_code") values (cast('437babfb-9e7b-48ce-afd3-9723b247f80d' as uuid), 'GENKI3_L08');
-- 〜と言っていました | They said... --
insert into "grammar"."rule" ("id", "meaning", "title_preferred_spelling", "title_phonetic_spelling", "title_furigana_template", "how_to_use", "jlpt_level", "row_num", "date_added", "tags") values (cast('1c127fc4-8ef6-452f-9a1f-0caf81872680' as uuid), 'They said...', '〜と言っていました', null, null, cast('{"verb (short form) + と言っていました"}' as text[]), null, 31, date '2023-06-28', cast('{}' as varchar[]));
insert into "grammar"."example" ("id", "rule_id", "meaning", "text_preferred_spelling", "text_phonetic_spelling", "text_furigana_template", "sort_rank", "tags") values (cast('858b3e24-90e1-4f2e-9790-c10a96f4f7ec' as uuid), cast('1c127fc4-8ef6-452f-9a1f-0caf81872680' as uuid), 'Yasmin said that there would be an exam tomorrow.', 'ヤスミンさんは、明日試験があると言っていました。', 'ヤスミンさんは、あしたしけんがあるといっていました。', 'ヤスミンさんは、 明[あ] 日[した] 試[し] 験[けん]があると 言[い]っていました。', 1, cast('{}' as varchar[]));
insert into "grammar"."example" ("id", "rule_id", "meaning", "text_preferred_spelling", "text_phonetic_spelling", "text_furigana_template", "sort_rank", "tags") values (cast('e572789c-1f91-42aa-97ff-c49b3f2419b1' as uuid), cast('1c127fc4-8ef6-452f-9a1f-0caf81872680' as uuid), 'Professor Yamashita said that he is not married', '山下先生は結婚していないと言っていました。', 'やましたせんせいはけっこんしていないといっていました。', '山[やま] 下[した] 先[せん] 生[せい]は 結[けっ] 婚[こん]していないと 言[い]っていました。', 2, cast('{}' as varchar[]));
insert into "grammar"."example" ("id", "rule_id", "meaning", "text_preferred_spelling", "text_phonetic_spelling", "text_furigana_template", "sort_rank", "tags") values (cast('464b14cb-8027-46bc-b47f-4ec32044ed70' as uuid), cast('1c127fc4-8ef6-452f-9a1f-0caf81872680' as uuid), 'Dad is kind, they said.', 'お父さんは親切だと言っていました。', 'おとうさんはしんせつだといっていました。', 'お 父[とう]さんは 親[しん] 切[せつ]だと 言[い]っていました。', 3, cast('{}' as varchar[]));
insert into "grammar"."example" ("id", "rule_id", "meaning", "text_preferred_spelling", "text_phonetic_spelling", "text_furigana_template", "sort_rank", "tags") values (cast('dccc6d6a-159c-4acf-bc63-080a661b00a6' as uuid), cast('1c127fc4-8ef6-452f-9a1f-0caf81872680' as uuid), 'Their family doesn''t speak English, they said.', '家族は英語を話さないと言っていました。', 'かぞくはえいごをはなさないといっていました。', '家[か] 族[ぞく]は 英[えい] 語[ご]を 話[はな]さないと 言[い]っていました。', 4, cast('{}' as varchar[]));
insert into "grammar"."rule_reference" ("rule_id", "lesson_code") values (cast('1c127fc4-8ef6-452f-9a1f-0caf81872680' as uuid), 'GENKI3_L08');
insert into "grammar"."example_reference" ("example_id", "lesson_code") values (cast('858b3e24-90e1-4f2e-9790-c10a96f4f7ec' as uuid), 'GENKI3_L08');
insert into "grammar"."example_reference" ("example_id", "lesson_code") values (cast('e572789c-1f91-42aa-97ff-c49b3f2419b1' as uuid), 'GENKI3_L08');
insert into "grammar"."example_reference" ("example_id", "lesson_code") values (cast('464b14cb-8027-46bc-b47f-4ec32044ed70' as uuid), 'GENKI3_L08');
insert into "grammar"."example_reference" ("example_id", "lesson_code") values (cast('dccc6d6a-159c-4acf-bc63-080a661b00a6' as uuid), 'GENKI3_L08');
-- 〜ないでください | Please don't... --
insert into "grammar"."rule" ("id", "meaning", "title_preferred_spelling", "title_phonetic_spelling", "title_furigana_template", "how_to_use", "jlpt_level", "row_num", "date_added", "tags") values (cast('278fa04d-8cf7-4991-9fdf-662ecfdb9820' as uuid), 'Please don''t...', '〜ないでください', null, null, cast('{"verb (short, negative) +　でください"}' as text[]), null, 32, date '2023-06-28', cast('{}' as varchar[]));
insert into "grammar"."example" ("id", "rule_id", "meaning", "text_preferred_spelling", "text_phonetic_spelling", "text_furigana_template", "sort_rank", "tags") values (cast('2aace507-37d5-42fc-afd4-b8460acad62e' as uuid), cast('278fa04d-8cf7-4991-9fdf-662ecfdb9820' as uuid), 'Please don''t take pictures here.', 'ここで写真を取らないでください。', 'ここでしゃしんをとらないでください。', 'ここで 写[しゃ] 真[しん]を 取[と]らないでください。', 1, cast('{}' as varchar[]));
insert into "grammar"."example" ("id", "rule_id", "meaning", "text_preferred_spelling", "text_phonetic_spelling", "text_furigana_template", "sort_rank", "tags") values (cast('d2c47776-71a2-49cd-8f53-fcbc0c1f9876' as uuid), cast('278fa04d-8cf7-4991-9fdf-662ecfdb9820' as uuid), 'A: May I enter this room?<br/>B: Please don''t.', 'Ａ：この部屋に入ってもいいですか。<br/>Ｂ：入らないでください。', 'Ａ：このへやにはいってもいいですか。<br/>Ｂ：はいらないでください。', 'Ａ：この 部[へ] 屋[や]に 入[はい]ってもいいですか。<br/>Ｂ： 入[はい]らないでください。', 2, cast('{}' as varchar[]));
insert into "grammar"."rule_reference" ("rule_id", "lesson_code") values (cast('278fa04d-8cf7-4991-9fdf-662ecfdb9820' as uuid), 'GENKI3_L08');
insert into "grammar"."example_reference" ("example_id", "lesson_code") values (cast('2aace507-37d5-42fc-afd4-b8460acad62e' as uuid), 'GENKI3_L08');
insert into "grammar"."example_reference" ("example_id", "lesson_code") values (cast('d2c47776-71a2-49cd-8f53-fcbc0c1f9876' as uuid), 'GENKI3_L08');
-- 〇〇のが好きです<br/>〇〇のが上手です | Turn a verb into a noun describing an action (i.e. normalizer) to describe things one likes/dislikes or are good/bad at --
insert into "grammar"."rule" ("id", "meaning", "title_preferred_spelling", "title_phonetic_spelling", "title_furigana_template", "how_to_use", "jlpt_level", "row_num", "date_added", "tags") values (cast('c1cb4718-94af-4017-9671-4561b9738aae' as uuid), 'Turn a verb into a noun describing an action (i.e. normalizer) to describe things one likes/dislikes or are good/bad at', '〇〇のが好きです<br/>〇〇のが上手です', null, null, cast('{"activity verb (short form) + の + が + 好きです","activity verb (short form) + の + が + 嫌いです","activity verb (short form) + の + が + 上手です","activity verb (short form) + の + が + 下手です"}' as text[]), null, 33, date '2023-07-23', cast('{}' as varchar[]));
insert into "grammar"."example" ("id", "rule_id", "meaning", "text_preferred_spelling", "text_phonetic_spelling", "text_furigana_template", "sort_rank", "tags") values (cast('5104ac1d-b806-4aaf-aab6-c9f1370398fb' as uuid), cast('c1cb4718-94af-4017-9671-4561b9738aae' as uuid), 'I like studying the Japanese language.', '日本語を勉強するのが好きです。', 'にほんごをべんきょうするのがすきです。', '日[に] 本[ほん] 語[ご]を 勉[べん] 強[きょう]するのが 好[す]きです。', 1, cast('{}' as varchar[]));
insert into "grammar"."example" ("id", "rule_id", "meaning", "text_preferred_spelling", "text_phonetic_spelling", "text_furigana_template", "sort_rank", "tags") values (cast('728ba088-711f-4479-9fb5-7ee966dd4894' as uuid), cast('c1cb4718-94af-4017-9671-4561b9738aae' as uuid), 'I don''t like cleaning my room.', '部屋を掃除するのが嫌いです', 'へやをそうじするのがきらいです', '部[へ] 屋[や]を 掃[そう] 除[じ]するのが 嫌[きら]いです', 2, cast('{}' as varchar[]));
insert into "grammar"."example" ("id", "rule_id", "meaning", "text_preferred_spelling", "text_phonetic_spelling", "text_furigana_template", "sort_rank", "tags") values (cast('4543a970-3341-4614-bac4-c72da11242b4' as uuid), cast('c1cb4718-94af-4017-9671-4561b9738aae' as uuid), 'Robert is good at cooking meals.', 'ロバートさんは料理を作るのが上手です。', 'ロバートさんはりょうりをつくるのがじょうずです。', 'ロバートさんは 料[りょう] 理[り]を 作[つく]るのが 上[じょう] 手[ず]です。', 3, cast('{}' as varchar[]));
insert into "grammar"."example" ("id", "rule_id", "meaning", "text_preferred_spelling", "text_phonetic_spelling", "text_furigana_template", "sort_rank", "tags") values (cast('a424a513-0f2b-4a27-bf54-9e88c01f321a' as uuid), cast('c1cb4718-94af-4017-9671-4561b9738aae' as uuid), 'Takeshi is not a good speaker of English.', 'たけしさんは英語を話すのが下手です。', 'たけしさんはえいごをはなすのがへたです。', 'たけしさんは 英[えい] 語[ご]を 話[はな]すのが 下手[へた]です。', 4, cast('{}' as varchar[]));
insert into "grammar"."example" ("id", "rule_id", "meaning", "text_preferred_spelling", "text_phonetic_spelling", "text_furigana_template", "sort_rank", "tags") values (cast('fa1506ed-4868-4b75-bda6-1341df85c822' as uuid), cast('c1cb4718-94af-4017-9671-4561b9738aae' as uuid), 'Q: What does the Japanese teacher like to do?<br/>I think they like driving a car.', 'Ｑ：日本語の先生は何をするのが好きですか。<br/>Ａ：車を運転するのが好きだと思います。', 'Ｑ：にほんごのせんせいはなにをするのがすきですか。<br/>Ａ：くるまをうんてんするのがすきだとおもいます。', 'Ｑ： 日[に] 本[ほん] 語[ご]の 先[せん] 生[せい]は 何[なに]をするのが 好[す]きですか。<br/>Ａ： 車[くるま]を 運[うん] 転[てん]するのが 好[す]きだと 思[おも]います。', 5, cast('{}' as varchar[]));
insert into "grammar"."example" ("id", "rule_id", "meaning", "text_preferred_spelling", "text_phonetic_spelling", "text_furigana_template", "sort_rank", "tags") values (cast('fc9b4d11-9820-43e6-ae85-8f1f3c3079d4' as uuid), cast('c1cb4718-94af-4017-9671-4561b9738aae' as uuid), 'Q: Do you like cleaning your room?<br/>A: No, Don''t like it very much', 'Ｑ：掃除するのが好きですか。<br/>Ａ：いいえ、あまり好きじゃないです。', 'Ｑ：そうじするのがすきですか。<br/>Ａ：いいえ、あまりすきじゃないです。', 'Ｑ： 掃[そう] 除[じ]するのが 好[す]きですか。<br/>Ａ：いいえ、あまり 好[す]きじゃないです。', 6, cast('{}' as varchar[]));
insert into "grammar"."rule_reference" ("rule_id", "lesson_code") values (cast('c1cb4718-94af-4017-9671-4561b9738aae' as uuid), 'GENKI3_L08');
insert into "grammar"."example_reference" ("example_id", "lesson_code") values (cast('5104ac1d-b806-4aaf-aab6-c9f1370398fb' as uuid), 'GENKI3_L08');
insert into "grammar"."example_reference" ("example_id", "lesson_code") values (cast('728ba088-711f-4479-9fb5-7ee966dd4894' as uuid), 'GENKI3_L08');
insert into "grammar"."example_reference" ("example_id", "lesson_code") values (cast('4543a970-3341-4614-bac4-c72da11242b4' as uuid), 'GENKI3_L08');
insert into "grammar"."example_reference" ("example_id", "lesson_code") values (cast('a424a513-0f2b-4a27-bf54-9e88c01f321a' as uuid), 'GENKI3_L08');
insert into "grammar"."example_reference" ("example_id", "lesson_code") values (cast('fa1506ed-4868-4b75-bda6-1341df85c822' as uuid), 'GENKI3_L08');
insert into "grammar"."example_reference" ("example_id", "lesson_code") values (cast('fc9b4d11-9820-43e6-ae85-8f1f3c3079d4' as uuid), 'GENKI3_L08');
-- 何か and 何も | something, anything?, and not...anything --
insert into "grammar"."rule" ("id", "meaning", "title_preferred_spelling", "title_phonetic_spelling", "title_furigana_template", "how_to_use", "jlpt_level", "row_num", "date_added", "tags") values (cast('f7851ce8-e9b1-47c4-82bc-47626526312a' as uuid), 'something, anything?, and not...anything', '何か and 何も', null, null, cast('{"positive statement: 何か ⟶ something","questions: 何か ⟶ anything?","negative statements: 何も + negative ⟶ not...anything","(Usually the particles は, が, and を are dropped when used in places these are expected)"}' as text[]), null, 34, date '2023-07-23', cast('{}' as varchar[]));
insert into "grammar"."example" ("id", "rule_id", "meaning", "text_preferred_spelling", "text_phonetic_spelling", "text_furigana_template", "sort_rank", "tags") values (cast('80d6261c-89df-4f07-9b36-5ab262066b30' as uuid), cast('f7851ce8-e9b1-47c4-82bc-47626526312a' as uuid), 'The cat has brought something.', '猫が何か持ってきました。', 'ねこがなにかもってきました。', '猫[ねこ]が 何[なに]か 持[も]ってきました。', 1, cast('{}' as varchar[]));
insert into "grammar"."example" ("id", "rule_id", "meaning", "text_preferred_spelling", "text_phonetic_spelling", "text_furigana_template", "sort_rank", "tags") values (cast('a46eeb59-60d1-4d27-8602-4910f2c2d38b' as uuid), cast('f7851ce8-e9b1-47c4-82bc-47626526312a' as uuid), 'Q: Did the cat eat anything?<br/>A: No, the cat did not eat anything.', 'Ｑ：猫は何か食べましたか。<br/>Ａ：いいえ、猫は何も食べませんでした。', 'Ｑ：ねこはなにかたべましたか。<br/>Ａ：いいえ、ねこはなにもたべませんでした。', 'Ｑ： 猫[ねこ]は 何[なに]か 食[た]べましたか。<br/>Ａ：いいえ、 猫[ねこ]は 何[なに]も 食[た]べませんでした。', 2, cast('{}' as varchar[]));
insert into "grammar"."example" ("id", "rule_id", "meaning", "text_preferred_spelling", "text_phonetic_spelling", "text_furigana_template", "sort_rank", "tags") values (cast('275ca238-e5ed-48c5-9848-2f2ee003dd4f' as uuid), cast('f7851ce8-e9b1-47c4-82bc-47626526312a' as uuid), 'I met Yumi, but we didn''t talk about anything.', 'ゆみさんに会いましたが、何も話しませんでした。', 'ゆみさんにあいましたが、なにもはなしませんでした。', 'ゆみさんに 会[あ]いましたが、 何[なに]も 話[はな]しませんでした。', 3, cast('{}' as varchar[]));
insert into "grammar"."example" ("id", "rule_id", "meaning", "text_preferred_spelling", "text_phonetic_spelling", "text_furigana_template", "sort_rank", "tags") values (cast('68ad5a53-d637-46ca-a1c6-e7d95e091c93' as uuid), cast('f7851ce8-e9b1-47c4-82bc-47626526312a' as uuid), 'Would you like to drink something?', '何か飲みませんか。', 'なにかのみませんか。', '何[なに]か 飲[の]みませんか。', 4, cast('{}' as varchar[]));
insert into "grammar"."example" ("id", "rule_id", "meaning", "text_preferred_spelling", "text_phonetic_spelling", "text_furigana_template", "sort_rank", "tags") values (cast('002822fc-a376-443e-8ca6-3ebb219fc971' as uuid), cast('f7851ce8-e9b1-47c4-82bc-47626526312a' as uuid), 'Kento asked something, but I did not understand.', 'けんとさんは何か聞きましたが、分かりませんでした。', 'けんとさんはなにかききましたが、わかりませんでした。', 'けんとさんは 何[なに]か 聞[き]きましたが、 分[わ]かりませんでした。', 5, cast('{}' as varchar[]));
insert into "grammar"."example" ("id", "rule_id", "meaning", "text_preferred_spelling", "text_phonetic_spelling", "text_furigana_template", "sort_rank", "tags") values (cast('6d7f9dd1-6b26-4449-baa6-03e747a7d3ea' as uuid), cast('f7851ce8-e9b1-47c4-82bc-47626526312a' as uuid), 'There was a TV, but I didn''t watch anything.', 'テレビがありましたが、何も見ませんでした。', 'テレビがありましたが、なにもみませんでした。', 'テレビがありましたが、 何[なに]も 見[み]ませんでした。', 6, cast('{}' as varchar[]));
insert into "grammar"."rule_reference" ("rule_id", "lesson_code") values (cast('f7851ce8-e9b1-47c4-82bc-47626526312a' as uuid), 'GENKI3_L08');
insert into "grammar"."example_reference" ("example_id", "lesson_code") values (cast('80d6261c-89df-4f07-9b36-5ab262066b30' as uuid), 'GENKI3_L08');
insert into "grammar"."example_reference" ("example_id", "lesson_code") values (cast('a46eeb59-60d1-4d27-8602-4910f2c2d38b' as uuid), 'GENKI3_L08');
insert into "grammar"."example_reference" ("example_id", "lesson_code") values (cast('275ca238-e5ed-48c5-9848-2f2ee003dd4f' as uuid), 'GENKI3_L08');
insert into "grammar"."example_reference" ("example_id", "lesson_code") values (cast('68ad5a53-d637-46ca-a1c6-e7d95e091c93' as uuid), 'GENKI3_L08');
insert into "grammar"."example_reference" ("example_id", "lesson_code") values (cast('002822fc-a376-443e-8ca6-3ebb219fc971' as uuid), 'GENKI3_L08');
insert into "grammar"."example_reference" ("example_id", "lesson_code") values (cast('6d7f9dd1-6b26-4449-baa6-03e747a7d3ea' as uuid), 'GENKI3_L08');
-- 〜と思います／〜なかったと思います (past tense) | To describe what you do/don't think (past tense) --
insert into "grammar"."rule" ("id", "meaning", "title_preferred_spelling", "title_phonetic_spelling", "title_furigana_template", "how_to_use", "jlpt_level", "row_num", "date_added", "tags") values (cast('ef61ea7d-f297-402a-8d20-ec499c26e9a2' as uuid), 'To describe what you do/don''t think (past tense)', '〜と思います／〜なかったと思います (past tense)', null, null, cast('{"verb (casual past tense) + と思います","verb (casual negative past tense) + と思います"}' as text[]), null, 35, date '2023-07-26', cast('{}' as varchar[]));
insert into "grammar"."example" ("id", "rule_id", "meaning", "text_preferred_spelling", "text_phonetic_spelling", "text_furigana_template", "sort_rank", "tags") values (cast('a5041ba3-065a-4d66-811e-36f31c9c6b13' as uuid), cast('ef61ea7d-f297-402a-8d20-ec499c26e9a2' as uuid), 'A: Hey, my pork cutlet is gone!<br/>B: I think Tom ate it.', 'Ａ：あ、私のとんかつがない！<br/>Ｂ：トムさんが食べたと思います。', 'Ａ：あ、わたしのとんかつがない！<br/>Ｂ：トムさんがたべたとおもいます。', 'Ａ：あ、 私[わたし]のとんかつがない！<br/>Ｂ：トムさんが 食[た]べたと 思[おも]います。', 1, cast('{}' as varchar[]));
insert into "grammar"."example" ("id", "rule_id", "meaning", "text_preferred_spelling", "text_phonetic_spelling", "text_furigana_template", "sort_rank", "tags") values (cast('bf314136-c7ba-46b5-bb9f-5965d4e87342' as uuid), cast('ef61ea7d-f297-402a-8d20-ec499c26e9a2' as uuid), 'I don''t think last winter was very cold.<br/>(lit., I think last winter was not very cold.)', '去年の冬はあまり寒くなかったと思います。', 'きょねんのふゆはあまりさむくなかったとおもいます。', '去[きょ] 年[ねん]の 冬[ふゆ]はあまり 寒[さむ]くなかったと 思[おも]います。', 2, cast('{}' as varchar[]));
insert into "grammar"."example" ("id", "rule_id", "meaning", "text_preferred_spelling", "text_phonetic_spelling", "text_furigana_template", "sort_rank", "tags") values (cast('41df0653-bf1b-4ed3-9e0a-88af433150b8' as uuid), cast('ef61ea7d-f297-402a-8d20-ec499c26e9a2' as uuid), 'I think Tadashi''s father was good-looking when he was young.', 'ただしさんのお父さんは若い時、かっこよかったと思います。', 'ただしさんのおとうさんはわかいとき、かっこよかったとおもいます。', 'ただしさんのお 父[とう]さんは 若[わか]い 時[とき]、かっこよかったと 思[おも]います。', 3, cast('{}' as varchar[]));
insert into "grammar"."example" ("id", "rule_id", "meaning", "text_preferred_spelling", "text_phonetic_spelling", "text_furigana_template", "sort_rank", "tags") values (cast('903c5e17-7b19-4a4d-95e1-d85f6c5711ad' as uuid), cast('ef61ea7d-f297-402a-8d20-ec499c26e9a2' as uuid), 'I don''t think last week''s exam was difficult.<br/>(lit., I think last week''s exam was not difficult.)', '先週の試験は難しくなかったと思います。', 'せんしゅうのしけんはむずかしくなかったとおもいます。', '先[せん] 週[しゅう]の 試[し] 験[けん]は 難[むずか]しくなかったと 思[おも]います。', 4, cast('{}' as varchar[]));
insert into "grammar"."rule_reference" ("rule_id", "lesson_code") values (cast('ef61ea7d-f297-402a-8d20-ec499c26e9a2' as uuid), 'GENKI3_L09');
insert into "grammar"."example_reference" ("example_id", "lesson_code") values (cast('a5041ba3-065a-4d66-811e-36f31c9c6b13' as uuid), 'GENKI3_L09');
insert into "grammar"."example_reference" ("example_id", "lesson_code") values (cast('bf314136-c7ba-46b5-bb9f-5965d4e87342' as uuid), 'GENKI3_L09');
insert into "grammar"."example_reference" ("example_id", "lesson_code") values (cast('41df0653-bf1b-4ed3-9e0a-88af433150b8' as uuid), 'GENKI3_L09');
insert into "grammar"."example_reference" ("example_id", "lesson_code") values (cast('903c5e17-7b19-4a4d-95e1-d85f6c5711ad' as uuid), 'GENKI3_L09');
-- 〜たと言っていました | Quoting a past-tense form --
insert into "grammar"."rule" ("id", "meaning", "title_preferred_spelling", "title_phonetic_spelling", "title_furigana_template", "how_to_use", "jlpt_level", "row_num", "date_added", "tags") values (cast('a8af87a3-4897-49b5-941b-e608727e4751' as uuid), 'Quoting a past-tense form', '〜たと言っていました', null, null, cast('{"verb (past short form) + と言っていました"}' as text[]), null, 36, date '2023-08-06', cast('{}' as varchar[]));
insert into "grammar"."example" ("id", "rule_id", "meaning", "text_preferred_spelling", "text_phonetic_spelling", "text_furigana_template", "sort_rank", "tags") values (cast('27c0049d-2162-480b-ab6a-fda7bc444d0e' as uuid), cast('a8af87a3-4897-49b5-941b-e608727e4751' as uuid), 'Yasmin said that she didn''t have lunch.', 'ヤスミンさんは昼ご飯を食べなかったと言っていました。', 'ヤスミンさんはひるごはんをたべなかったといっていました。', 'ヤスミンさんは 昼[ひる]ご 飯[はん]を 食[た]べなかったと 言[い]っていました。', 1, cast('{}' as varchar[]));
insert into "grammar"."example" ("id", "rule_id", "meaning", "text_preferred_spelling", "text_phonetic_spelling", "text_furigana_template", "sort_rank", "tags") values (cast('8b3f0267-83f9-4829-a825-ff7666d75fbd' as uuid), cast('a8af87a3-4897-49b5-941b-e608727e4751' as uuid), 'My father said he is not very good at dancing.', 'お父さんは踊るのがあまり上手じゃなかったと言っていました。', 'おとうさんはおどるのがあまりじょうずじゃなかったといっていました。', 'お 父[とう]さんは 踊[おど]るのがあまり 上[じょう] 手[ず]じゃなかったと 言[い]っていました。', 2, cast('{}' as varchar[]));
insert into "grammar"."example" ("id", "rule_id", "meaning", "text_preferred_spelling", "text_phonetic_spelling", "text_furigana_template", "sort_rank", "tags") values (cast('235f3dcf-ce1d-4b55-b3ee-5c4c3120ccdf' as uuid), cast('a8af87a3-4897-49b5-941b-e608727e4751' as uuid), 'Yasmin said she was sick.', 'ヤスミンさんは病気だったと言っていました。', 'ヤスミンさんはびょうきだったといっていました。', 'ヤスミンさんは 病[びょう] 気[き]だったと 言[い]っていました。', 3, cast('{}' as varchar[]));
insert into "grammar"."example" ("id", "rule_id", "meaning", "text_preferred_spelling", "text_phonetic_spelling", "text_furigana_template", "sort_rank", "tags") values (cast('41a06609-1d7d-410d-917c-64e8ab560392' as uuid), cast('a8af87a3-4897-49b5-941b-e608727e4751' as uuid), 'Takeshi said that kabuki started at twelve o''clock, and finished at four o''clock.', 'たけしさんは、歌舞伎は十二時に始まって、四時に終わったと言っていました。', 'たけしさんは、かぶきはじゅうにじにはじまって、よじにおわったといっていました。', 'たけしさんは、 歌[か] 舞[ぶ] 伎[き]は 十[じゅう] 二[に] 時[じ]に 始[はじ]まって、 四[よ] 時[じ]に 終[お]わったと 言[い]っていました。', 4, cast('{}' as varchar[]));
insert into "grammar"."example" ("id", "rule_id", "meaning", "text_preferred_spelling", "text_phonetic_spelling", "text_furigana_template", "sort_rank", "tags") values (cast('1e734e14-4e35-409b-95f4-c03e30ff5080' as uuid), cast('a8af87a3-4897-49b5-941b-e608727e4751' as uuid), 'Takeshi said he went to see Kabuki last month.', 'たけしさんは、先月、歌舞伎を見に行ったと言っていました。', 'たけしさんは、せんげつ、かぶきをみにいったといっていました。', 'たけしさんは、 先[せん] 月[げつ]、 歌[か] 舞[ぶ] 伎[き]を 見[み]に 行[い]ったと 言[い]っていました。', 5, cast('{}' as varchar[]));
insert into "grammar"."rule_reference" ("rule_id", "lesson_code") values (cast('a8af87a3-4897-49b5-941b-e608727e4751' as uuid), 'GENKI3_L09');
insert into "grammar"."example_reference" ("example_id", "lesson_code") values (cast('27c0049d-2162-480b-ab6a-fda7bc444d0e' as uuid), 'GENKI3_L09');
insert into "grammar"."example_reference" ("example_id", "lesson_code") values (cast('8b3f0267-83f9-4829-a825-ff7666d75fbd' as uuid), 'GENKI3_L09');
insert into "grammar"."example_reference" ("example_id", "lesson_code") values (cast('235f3dcf-ce1d-4b55-b3ee-5c4c3120ccdf' as uuid), 'GENKI3_L09');
insert into "grammar"."example_reference" ("example_id", "lesson_code") values (cast('41a06609-1d7d-410d-917c-64e8ab560392' as uuid), 'GENKI3_L09');
insert into "grammar"."example_reference" ("example_id", "lesson_code") values (cast('1e734e14-4e35-409b-95f4-c03e30ff5080' as uuid), 'GENKI3_L09');
-- 〜ているＮ<br/>ＡＮ<br/>ＡなＮ | Qualifying Nouns with Verbs and Adjectives --
insert into "grammar"."rule" ("id", "meaning", "title_preferred_spelling", "title_phonetic_spelling", "title_furigana_template", "how_to_use", "jlpt_level", "row_num", "date_added", "tags") values (cast('b74986e7-b6cc-469c-a99f-d5d96e5b20af' as uuid), 'Qualifying Nouns with Verbs and Adjectives', '〜ているＮ<br/>ＡＮ<br/>ＡなＮ', null, null, cast('{"い-adj + noun","な-adj + な + noun","verb (te-form) + いる + noun"}' as text[]), null, 37, date '2023-08-23', cast('{}' as varchar[]));
insert into "grammar"."example" ("id", "rule_id", "meaning", "text_preferred_spelling", "text_phonetic_spelling", "text_furigana_template", "sort_rank", "tags") values (cast('51da4689-f81e-49dc-a3b2-e5a3e2ca68f8' as uuid), cast('b74986e7-b6cc-469c-a99f-d5d96e5b20af' as uuid), 'a person who has long hair', '髪が長い人', 'かみがながいひと', '髪[かみ]が 長[なが]い 人[ひと]', 1, cast('{}' as varchar[]));
insert into "grammar"."example" ("id", "rule_id", "meaning", "text_preferred_spelling", "text_phonetic_spelling", "text_furigana_template", "sort_rank", "tags") values (cast('410d9b6a-8aac-4174-9583-122e21de930b' as uuid), cast('b74986e7-b6cc-469c-a99f-d5d96e5b20af' as uuid), 'a person who likes cats', '猫が好きな人', 'ねこがすきなひと', '猫[ねこ]が 好[す]きな 人[ひと]', 2, cast('{}' as varchar[]));
insert into "grammar"."example" ("id", "rule_id", "meaning", "text_preferred_spelling", "text_phonetic_spelling", "text_furigana_template", "sort_rank", "tags") values (cast('26a7f9d5-d429-4408-837f-2af106599d66' as uuid), cast('b74986e7-b6cc-469c-a99f-d5d96e5b20af' as uuid), 'a person who wears glasses', 'メガネをかけている人', 'メガネをかけているひと', 'メガネをかけている 人[ひと]', 3, cast('{}' as varchar[]));
insert into "grammar"."example" ("id", "rule_id", "meaning", "text_preferred_spelling", "text_phonetic_spelling", "text_furigana_template", "sort_rank", "tags") values (cast('b373eaa4-848d-4aee-9696-f4fdab063f8b' as uuid), cast('b74986e7-b6cc-469c-a99f-d5d96e5b20af' as uuid), 'A: Which one is Yui?<br/>B: Yui is the one who is reading a book over there.', 'Ａ：ゆいさんはどの人ですか。<br/>Ｂ：あそこで本を読んでいる人です。', 'Ａ：ゆいさんはどのひとですか。<br/>Ｂ：あそこでほんをよんでいるひとです。', 'Ａ：ゆいさんはどの 人[ひと]ですか。<br/>Ｂ：あそこで 本[ほん]を 読[よ]んでいる 人[ひと]です。', 4, cast('{}' as varchar[]));
insert into "grammar"."example" ("id", "rule_id", "meaning", "text_preferred_spelling", "text_phonetic_spelling", "text_furigana_template", "sort_rank", "tags") values (cast('8b624060-8a7c-4295-bc58-d4eecb9a1290' as uuid), cast('b74986e7-b6cc-469c-a99f-d5d96e5b20af' as uuid), 'The student taking pictures over there is Robert.', 'あそこで写真を撮っている学生はロバートさんです。', 'あそこでしゃしんをとっているがくせいはロバートさんです。', 'あそこで 写[しゃ] 真[しん]を 撮[と]っている 学[がく] 生[せい]はロバートさんです。', 5, cast('{}' as varchar[]));
insert into "grammar"."example" ("id", "rule_id", "meaning", "text_preferred_spelling", "text_phonetic_spelling", "text_furigana_template", "sort_rank", "tags") values (cast('4ecbae11-372c-45a8-8dc6-339423e52f61' as uuid), cast('b74986e7-b6cc-469c-a99f-d5d96e5b20af' as uuid), 'A: Which one is Erika?<br/>B: (She) is the person who is talking with Momo.', 'Ａ：エリカさんはどの人ですか。<br/>Ｂ：ももさんと話している人です。', 'Ａ：エリカさんはどのひとですか。<br/>Ｂ：ももさんとはなしているひとです。', 'Ａ：エリカさんはどの 人[ひと]ですか。<br/>Ｂ：ももさんと 話[はな]している 人[ひと]です。', 6, cast('{}' as varchar[]));
insert into "grammar"."rule_reference" ("rule_id", "lesson_code") values (cast('b74986e7-b6cc-469c-a99f-d5d96e5b20af' as uuid), 'GENKI3_L09');
insert into "grammar"."example_reference" ("example_id", "lesson_code") values (cast('51da4689-f81e-49dc-a3b2-e5a3e2ca68f8' as uuid), 'GENKI3_L09');
insert into "grammar"."example_reference" ("example_id", "lesson_code") values (cast('410d9b6a-8aac-4174-9583-122e21de930b' as uuid), 'GENKI3_L09');
insert into "grammar"."example_reference" ("example_id", "lesson_code") values (cast('26a7f9d5-d429-4408-837f-2af106599d66' as uuid), 'GENKI3_L09');
insert into "grammar"."example_reference" ("example_id", "lesson_code") values (cast('b373eaa4-848d-4aee-9696-f4fdab063f8b' as uuid), 'GENKI3_L09');
insert into "grammar"."example_reference" ("example_id", "lesson_code") values (cast('8b624060-8a7c-4295-bc58-d4eecb9a1290' as uuid), 'GENKI3_L09');
insert into "grammar"."example_reference" ("example_id", "lesson_code") values (cast('4ecbae11-372c-45a8-8dc6-339423e52f61' as uuid), 'GENKI3_L09');
-- もう〜ました<br/>まだ〜ていません | have ... already<br/>have not ... yet --
insert into "grammar"."rule" ("id", "meaning", "title_preferred_spelling", "title_phonetic_spelling", "title_furigana_template", "how_to_use", "jlpt_level", "row_num", "date_added", "tags") values (cast('0653c4b2-5685-4913-ac34-24977b7c60dd' as uuid), 'have ... already<br/>have not ... yet', 'もう〜ました<br/>まだ〜ていません', null, null, cast('{"もう + 〇〇 + verb (past tense) ⟶ already have","まだ + 〇〇 + verb (te form) + いません ⟶ have not yet"}' as text[]), 5, 38, date '2023-09-06', cast('{}' as varchar[]));
insert into "grammar"."example" ("id", "rule_id", "meaning", "text_preferred_spelling", "text_phonetic_spelling", "text_furigana_template", "sort_rank", "tags") values (cast('7ed6ed63-8c75-446c-ab22-41946ead4d74' as uuid), cast('0653c4b2-5685-4913-ac34-24977b7c60dd' as uuid), 'I have already done the homework', 'もう宿題をしました。', 'もうしゅくだいをしました。', 'もう 宿[しゅく] 題[だい]をしました。', 1, cast('{}' as varchar[]));
insert into "grammar"."example" ("id", "rule_id", "meaning", "text_preferred_spelling", "text_phonetic_spelling", "text_furigana_template", "sort_rank", "tags") values (cast('570e9173-ed24-4d8a-af37-9a9b8224ed60' as uuid), cast('0653c4b2-5685-4913-ac34-24977b7c60dd' as uuid), 'I have not done the homework yet.', 'まだ宿題をしていません。', 'まだしゅくだいをしていません。', 'まだ 宿[しゅく] 題[だい]をしていません。', 2, cast('{}' as varchar[]));
insert into "grammar"."example" ("id", "rule_id", "meaning", "text_preferred_spelling", "text_phonetic_spelling", "text_furigana_template", "sort_rank", "tags") values (cast('12427994-7440-40b6-996e-26c982b5f8d7' as uuid), cast('0653c4b2-5685-4913-ac34-24977b7c60dd' as uuid), 'Q: Did you already memorize the new kanji?<br/>A: Yes, I already memorized them.', 'Ｑ：もう新しい漢字を覚えましたか。<br/>Ａ：はい、もう覚えました。', 'Ｑ：もうあたらしいかんじをおぼえましたか。<br/>Ａ：はい、もうおぼえました。', 'Ｑ：もう 新[あたら]しい 漢[かん] 字[じ]を 覚[おぼ]えましたか。<br/>Ａ：はい、もう 覚[おぼ]えました。', 3, cast('{}' as varchar[]));
insert into "grammar"."example" ("id", "rule_id", "meaning", "text_preferred_spelling", "text_phonetic_spelling", "text_furigana_template", "sort_rank", "tags") values (cast('e6717229-68cd-48bf-94ba-31ebfeeba666' as uuid), cast('0653c4b2-5685-4913-ac34-24977b7c60dd' as uuid), 'Q: Did you already talk with the new teacher?<br/>A: No, I have not yet talked to them.', 'Ｑ：もう新しい先生と話しましたか。<br/>Ａ：いいえ、まだ話していません。', 'Ｑ：もうあたらしいせんせいとはなしましたか。<br/>Ａ：いいえ、まだはなしていません。', 'Ｑ：もう 新[あたら]しい 先[せん] 生[せい]と 話[はな]しましたか。<br/>Ａ：いいえ、まだ 話[はな]していません。', 4, cast('{}' as varchar[]));
insert into "grammar"."example" ("id", "rule_id", "meaning", "text_preferred_spelling", "text_phonetic_spelling", "text_furigana_template", "sort_rank", "tags") values (cast('6f28b5bb-a759-484e-bfc2-337819e68267' as uuid), cast('0653c4b2-5685-4913-ac34-24977b7c60dd' as uuid), 'Q: Did you already memorize your lesson 10 vocabulary?<br/>A: No, I haven''t memorized them yet.', 'Ｑ：もう十課の単語を覚えた？<br/>Ａ：ううん、まだ覚えていない。', 'Ｑ：もうじゅうかのたんごをおぼえた？<br/>Ａ：ううん、まだおぼえていない。', 'Ｑ：もう 十[じゅう] 課[か]の 単[たん] 語[ご]を 覚[おぼ]えた？<br/>Ａ：ううん、まだ 覚[おぼ]えていない。', 5, cast('{}' as varchar[]));
insert into "grammar"."rule_reference" ("rule_id", "lesson_code") values (cast('0653c4b2-5685-4913-ac34-24977b7c60dd' as uuid), 'GENKI3_L09');
insert into "grammar"."example_reference" ("example_id", "lesson_code") values (cast('7ed6ed63-8c75-446c-ab22-41946ead4d74' as uuid), 'GENKI3_L09');
insert into "grammar"."example_reference" ("example_id", "lesson_code") values (cast('570e9173-ed24-4d8a-af37-9a9b8224ed60' as uuid), 'GENKI3_L09');
insert into "grammar"."example_reference" ("example_id", "lesson_code") values (cast('12427994-7440-40b6-996e-26c982b5f8d7' as uuid), 'GENKI3_L09');
insert into "grammar"."example_reference" ("example_id", "lesson_code") values (cast('e6717229-68cd-48bf-94ba-31ebfeeba666' as uuid), 'GENKI3_L09');
insert into "grammar"."example_reference" ("example_id", "lesson_code") values (cast('6f28b5bb-a759-484e-bfc2-337819e68267' as uuid), 'GENKI3_L09');
-- Ｅから、Ｓ。 | S, because E.<br/>E; therefore S. --
insert into "grammar"."rule" ("id", "meaning", "title_preferred_spelling", "title_phonetic_spelling", "title_furigana_template", "how_to_use", "jlpt_level", "row_num", "date_added", "tags") values (cast('032d9866-ff59-4863-9b00-b8c4b5adc110' as uuid), 'S, because E.<br/>E; therefore S.', 'Ｅから、Ｓ。', null, null, cast('{"(explanation)から、(situation)。","(explanation formal verb)から、(situation)。 ⟶ usually in suggestions","(explanation formal verb)から、(situation)か。 ⟶ usually in requests"}' as text[]), null, 39, date '2023-10-02', cast('{}' as varchar[]));
insert into "grammar"."example" ("id", "rule_id", "meaning", "text_preferred_spelling", "text_phonetic_spelling", "text_furigana_template", "sort_rank", "tags") values (cast('2438c90e-820e-4683-accb-d6b0ef3cda4d' as uuid), cast('032d9866-ff59-4863-9b00-b8c4b5adc110' as uuid), 'I will study this evening, because we will have an exam tomorrow.<br/>We will have an exam tomorrow; therefore, I will study this evening.', '明日試験があるから、今晩勉強します。', 'あしたしけんがあるから、こんばんべんきょうします。', '明[あ] 日[した] 試[し] 験[けん]があるから、 今[こん] 晩[ばん] 勉[べん] 強[きょう]します。', 1, cast('{}' as varchar[]));
insert into "grammar"."example" ("id", "rule_id", "meaning", "text_preferred_spelling", "text_phonetic_spelling", "text_furigana_template", "sort_rank", "tags") values (cast('753049ed-6851-4499-8f97-10b29c1ee2a8' as uuid), cast('032d9866-ff59-4863-9b00-b8c4b5adc110' as uuid), 'We didn''t go out, because it was cold.<br/>It was cold; therefore we didn''t go out.', '寒かったから、出かけませんでした。', 'さむかったから、でかけませんでした。', '寒[さむ]かったから、 出[で]かけませんでした。', 2, cast('{}' as varchar[]));
insert into "grammar"."example" ("id", "rule_id", "meaning", "text_preferred_spelling", "text_phonetic_spelling", "text_furigana_template", "sort_rank", "tags") values (cast('eba0db7d-5b0d-4824-b049-0631047d2253' as uuid), cast('032d9866-ff59-4863-9b00-b8c4b5adc110' as uuid), 'I have kabuki tickets; (therefore) let''s go see it together.', '歌舞伎のチケットがありますから、一緒に見に行きましょう。', 'かぶきのチケットがありますから、いっしょにみにいきましょう。', '歌[か] 舞[ぶ] 伎[き]のチケットがありますから、 一[いっ] 緒[しょ]に 見[み]に 行[い]きましょう。', 3, cast('{}' as varchar[]));
insert into "grammar"."example" ("id", "rule_id", "meaning", "text_preferred_spelling", "text_phonetic_spelling", "text_furigana_template", "sort_rank", "tags") values (cast('408caa1e-7bce-4887-a902-059cba7004be' as uuid), cast('032d9866-ff59-4863-9b00-b8c4b5adc110' as uuid), 'I got two concert tickets, (therefore) would you like to go?', 'コンサートのチケットを二枚もらったから、行きませんか。', 'コンサートのチケットをにまいもらったから、いきませんか。', 'コンサートのチケットを 二[に] 枚[まい]もらったから、 行[い]きませんか。', 4, cast('{}' as varchar[]));
insert into "grammar"."example" ("id", "rule_id", "meaning", "text_preferred_spelling", "text_phonetic_spelling", "text_furigana_template", "sort_rank", "tags") values (cast('baea1be8-e2ec-43ca-a845-9096471fb9be' as uuid), cast('032d9866-ff59-4863-9b00-b8c4b5adc110' as uuid), 'I was very lonely because I did not have any friends.', '友達がいなかったから、とても寂しかったです。', 'ともだちがいなかったから、とてもさびしかったです。', '友[とも] 達[だち]がいなかったから、とても 寂[さび]しかったです。', 5, cast('{}' as varchar[]));
insert into "grammar"."rule_reference" ("rule_id", "lesson_code") values (cast('032d9866-ff59-4863-9b00-b8c4b5adc110' as uuid), 'GENKI3_L09');
insert into "grammar"."example_reference" ("example_id", "lesson_code") values (cast('2438c90e-820e-4683-accb-d6b0ef3cda4d' as uuid), 'GENKI3_L09');
insert into "grammar"."example_reference" ("example_id", "lesson_code") values (cast('753049ed-6851-4499-8f97-10b29c1ee2a8' as uuid), 'GENKI3_L09');
insert into "grammar"."example_reference" ("example_id", "lesson_code") values (cast('eba0db7d-5b0d-4824-b049-0631047d2253' as uuid), 'GENKI3_L09');
insert into "grammar"."example_reference" ("example_id", "lesson_code") values (cast('408caa1e-7bce-4887-a902-059cba7004be' as uuid), 'GENKI3_L09');
insert into "grammar"."example_reference" ("example_id", "lesson_code") values (cast('baea1be8-e2ec-43ca-a845-9096471fb9be' as uuid), 'GENKI3_L09');
-- Ａの方がＢより〇〇。 | A is more ____ than B. --
insert into "grammar"."rule" ("id", "meaning", "title_preferred_spelling", "title_phonetic_spelling", "title_furigana_template", "how_to_use", "jlpt_level", "row_num", "date_added", "tags") values (cast('a1ddb025-9616-4444-a349-8e65c522e55c' as uuid), 'A is more ____ than B.', 'Ａの方がＢより〇〇。', null, null, cast('{"noun (greater) + の方が + noun (lesser) + より + property。","noun (lesser) + より + noun (greater) + の方が + property。"}' as text[]), null, 40, date '2023-10-07', cast('{}' as varchar[]));
insert into "grammar"."example" ("id", "rule_id", "meaning", "text_preferred_spelling", "text_phonetic_spelling", "text_furigana_template", "sort_rank", "tags") values (cast('6c552bbe-183c-4df4-81a9-a9f0c6a90168' as uuid), cast('a1ddb025-9616-4444-a349-8e65c522e55c' as uuid), 'China is larger than Japan.', '中国の方が日本より大きいです。', 'ちゅうごくのほうがにほんよりおおきいです。', '中[ちゅう] 国[ごく]の 方[ほう]が 日[に] 本[ほん]より 大[おお]きいです。', 1, cast('{}' as varchar[]));
insert into "grammar"."example" ("id", "rule_id", "meaning", "text_preferred_spelling", "text_phonetic_spelling", "text_furigana_template", "sort_rank", "tags") values (cast('7413e5d5-8e3f-498d-ac02-19ec854b8390' as uuid), cast('a1ddb025-9616-4444-a349-8e65c522e55c' as uuid), 'Sundays are more fun than Mondays.', '日曜日の方が月曜日より楽しいです。', 'にちようびのほうがげつようびよりたのしいです。', '日[にち] 曜[よう] 日[び]の 方[ほう]が 月[げつ] 曜[よう] 日[び]より 楽[たの]しいです。', 2, cast('{}' as varchar[]));
insert into "grammar"."example" ("id", "rule_id", "meaning", "text_preferred_spelling", "text_phonetic_spelling", "text_furigana_template", "sort_rank", "tags") values (cast('dcde22ae-a485-426f-b67d-e13f075352ee' as uuid), cast('a1ddb025-9616-4444-a349-8e65c522e55c' as uuid), 'Takeshi is older than Mary.', 'メアリーさんよりたけしさんの方が年上です。', 'メアリーさんよりたけしさんのほうがとしうえです。', 'メアリーさんよりたけしさんの 方[ほう]が 年[とし] 上[うえ]です。', 3, cast('{}' as varchar[]));
insert into "grammar"."rule_reference" ("rule_id", "lesson_code") values (cast('a1ddb025-9616-4444-a349-8e65c522e55c' as uuid), 'GENKI3_L10');
insert into "grammar"."example_reference" ("example_id", "lesson_code") values (cast('6c552bbe-183c-4df4-81a9-a9f0c6a90168' as uuid), 'GENKI3_L10');
insert into "grammar"."example_reference" ("example_id", "lesson_code") values (cast('7413e5d5-8e3f-498d-ac02-19ec854b8390' as uuid), 'GENKI3_L10');
insert into "grammar"."example_reference" ("example_id", "lesson_code") values (cast('dcde22ae-a485-426f-b67d-e13f075352ee' as uuid), 'GENKI3_L10');
-- ＡとＢとどちらの方が〇〇か。 | Between A and B, which his more ____? --
insert into "grammar"."rule" ("id", "meaning", "title_preferred_spelling", "title_phonetic_spelling", "title_furigana_template", "how_to_use", "jlpt_level", "row_num", "date_added", "tags") values (cast('e2524a54-3d54-4645-8a43-303d5bff59cb' as uuid), 'Between A and B, which his more ____?', 'ＡとＢとどちらの方が〇〇か。', null, null, cast('{"noun + と + noun + と + どちら + の方 + が + property + か","noun + と + noun + と + どっち + の方 + が + property + ？","noun + と + noun + (と) + どちら + が + property + か","noun + と + noun + (と) + どっち + が + property + ？"}' as text[]), null, 41, date '2023-10-07', cast('{}' as varchar[]));
insert into "grammar"."example" ("id", "rule_id", "meaning", "text_preferred_spelling", "text_phonetic_spelling", "text_furigana_template", "sort_rank", "tags") values (cast('3d1210d6-fa47-424c-8e37-56d0fb7f08c9' as uuid), cast('e2524a54-3d54-4645-8a43-303d5bff59cb' as uuid), 'A: Which is colder, Japan or Canada?<br/>B: Canada is colder.', 'Ａ：日本とカナダとどちらの方が寒いですか。<br/>Ｂ：カナダの方が寒いです。', 'Ａ：にほんとカナダとどちらのほうがさむいですか。<br/>Ｂ：カナダのほうがさむいです。', 'Ａ： 日[に] 本[ほん]とカナダとどちらの 方[ほう]が 寒[さむ]いですか。<br/>Ｂ：カナダの 方[ほう]が 寒[さむ]いです。', 1, cast('{}' as varchar[]));
insert into "grammar"."example" ("id", "rule_id", "meaning", "text_preferred_spelling", "text_phonetic_spelling", "text_furigana_template", "sort_rank", "tags") values (cast('cb16d3fd-6281-4646-ad11-0886b9ff40eb' as uuid), cast('e2524a54-3d54-4645-8a43-303d5bff59cb' as uuid), 'A: Between you and your Japanese teacher, who is taller?<br/>I am taller (than my Japanese teacher).', 'Ａ：あなたと日本語の先生とどっちの方が背が高いですか。<br/>Ｂ：私の方が（日本語の先生より）背が高いです。', 'Ａ：あなたとにほんごのせんせいとどっちのほうがせがたかいですか。<br/>Ｂ：わたしのほうが（にほんごのせんせいより）せがたかいです。', 'Ａ：あなたと 日[に] 本[ほん] 語[ご]の 先[せん] 生[せい]とどっちの 方[ほう]が 背[せ]が 高[たか]いですか。<br/>Ｂ： 私[わたし]の 方[ほう]が（ 日[に] 本[ほん] 語[ご]の 先[せん] 生[せい]より） 背[せ]が 高[たか]いです。', 2, cast('{}' as varchar[]));
insert into "grammar"."example" ("id", "rule_id", "meaning", "text_preferred_spelling", "text_phonetic_spelling", "text_furigana_template", "sort_rank", "tags") values (cast('935e1ca9-98ef-4eda-a587-3f5bd921628e' as uuid), cast('e2524a54-3d54-4645-8a43-303d5bff59cb' as uuid), 'Q: Which do you like more, summer or winter?<br/>A: I like winter more.', 'Ｑ：夏と冬、どっちが好きだ？<br/>Ａ：冬の方が好きだ。', 'Ｑ：なつとふゆ、どっちがすきだ？<br/>Ａ：ふゆのほうがすきだ。', 'Ｑ： 夏[なつ]と 冬[ふゆ]、どっちが 好[す]きだ？<br/>Ａ： 冬[ふゆ]の 方[ほう]が 好[す]きだ。', 3, cast('{"not-from-book"}' as varchar[]));
insert into "grammar"."rule_reference" ("rule_id", "lesson_code") values (cast('e2524a54-3d54-4645-8a43-303d5bff59cb' as uuid), 'GENKI3_L10');
insert into "grammar"."example_reference" ("example_id", "lesson_code") values (cast('3d1210d6-fa47-424c-8e37-56d0fb7f08c9' as uuid), 'GENKI3_L10');
insert into "grammar"."example_reference" ("example_id", "lesson_code") values (cast('cb16d3fd-6281-4646-ad11-0886b9ff40eb' as uuid), 'GENKI3_L10');
-- ＡとＢとＣの中でＡが一番〇〇。<br/>Ｘの中でＡが一番〇〇。 | A is the most ____ (among the group of items). --
insert into "grammar"."rule" ("id", "meaning", "title_preferred_spelling", "title_phonetic_spelling", "title_furigana_template", "how_to_use", "jlpt_level", "row_num", "date_added", "tags") values (cast('872eef00-764f-4dcd-89b1-1819fae14850' as uuid), 'A is the most ____ (among the group of items).', 'ＡとＢとＣの中でＡが一番〇〇。<br/>Ｘの中でＡが一番〇〇。', null, null, cast('{"noun + と + noun + と + … + の中で + noun + が + 一番 + property。","category + の中で + noun + が + 一番 + property。","Note: For questions, どれ is usually used with item lists, while 何 is used with categories."}' as text[]), null, 42, date '2023-10-09', cast('{}' as varchar[]));
insert into "grammar"."example" ("id", "rule_id", "meaning", "text_preferred_spelling", "text_phonetic_spelling", "text_furigana_template", "sort_rank", "tags") values (cast('0547262e-2c60-4b75-b413-fcc45c4675d2' as uuid), cast('872eef00-764f-4dcd-89b1-1819fae14850' as uuid), 'Q: Among Canada, France, and Japan, which country has the coldest climate?<br/>A: Canada is coldest, I think.', 'Ｑ：カナダとフランスと日本の中で、どこが一番寒いですか。<br/>Ａ：カナダが一番寒いと思います。', 'Ｑ：カナダとフランスとにほんのなかで、どこがいちばんさむいですか。<br/>Ａ：カナダがいちばんさむいとおもいます。', 'Ｑ：カナダとフランスと 日本[にほん]の 中[なか]で、どこが 一[いち] 番[ばん] 寒[さむ]いですか。<br/>Ａ：カナダが 一[いち] 番[ばん] 寒[さむ]いと 思[おも]います。', 1, cast('{}' as varchar[]));
insert into "grammar"."example" ("id", "rule_id", "meaning", "text_preferred_spelling", "text_phonetic_spelling", "text_furigana_template", "sort_rank", "tags") values (cast('8efa8208-0bb3-47f5-8a50-d7864af0cb06' as uuid), cast('872eef00-764f-4dcd-89b1-1819fae14850' as uuid), 'Q: What season do you like the best?<br/>A: I like fall the most.', 'Ｑ：季節の中でいつが一番好きてすか。<br/>Ａ：秋が一番好きです。', 'Ｑ：きせつのなかでいつがいちばんすきてすか。<br/>Ａ：あきがいちばんすきです。', 'Ｑ： 季[き] 節[せつ]の 中[なか]でいつが 一[いち] 番[ばん] 好[す]きてすか。<br/>Ａ： 秋[あき]が 一[いち] 番[ばん] 好[す]きです。', 2, cast('{}' as varchar[]));
insert into "grammar"."example" ("id", "rule_id", "meaning", "text_preferred_spelling", "text_phonetic_spelling", "text_furigana_template", "sort_rank", "tags") values (cast('c9628c4c-51e3-4376-932b-9d33e671e3fb' as uuid), cast('872eef00-764f-4dcd-89b1-1819fae14850' as uuid), 'Q: What Japanese food is most delicious?<br/>A: Sushi is most delicious, I think.', 'Ｑ：日本料理の中で、何が一番美味しいですか。<br/>Ａ：寿司が一番美味しいと思います。', 'Ｑ：にほんりょうりのなかで、なにがいちばんおいしいですか。<br/>Ａ：すしがいちばんおいしいとおもいます。', 'Ｑ： 日[に] 本[ほん] 料[りょう] 理[り]の 中[なか]で、 何[なに]が 一[いち] 番[ばん] 美味[おい]しいですか。<br/>Ａ： 寿[す] 司[し]が 一[いち] 番[ばん] 美味[おい]しいと 思[おも]います。', 3, cast('{}' as varchar[]));
insert into "grammar"."example" ("id", "rule_id", "meaning", "text_preferred_spelling", "text_phonetic_spelling", "text_furigana_template", "sort_rank", "tags") values (cast('05479085-deb5-4997-b3f6-93db65411a67' as uuid), cast('872eef00-764f-4dcd-89b1-1819fae14850' as uuid), 'Which do you like best: apples, tangerines, or cherries?', 'りんごとみかんとさくらんぼの中で、どれが一番好きですか。', 'りんごとみかんとさくらんぼのなかで、どれがいちばんすきですか。', 'りんごとみかんとさくらんぼの 中[なか]で、どれが 一[いち] 番[ばん] 好[す]きですか。', 4, cast('{}' as varchar[]));
insert into "grammar"."example" ("id", "rule_id", "meaning", "text_preferred_spelling", "text_phonetic_spelling", "text_furigana_template", "sort_rank", "tags") values (cast('20f70fe9-5ac2-447c-9396-c15ce404283d' as uuid), cast('872eef00-764f-4dcd-89b1-1819fae14850' as uuid), 'What fruit do you like best?', '果物の中で、何が一番好きてすか。', 'くだもののなかで、なにがいちばんすきてすか。', '果[くだ] 物[もの]の 中[なか]で、 何[なに]が 一[いち] 番[ばん] 好[す]きてすか。', 5, cast('{}' as varchar[]));
insert into "grammar"."rule_reference" ("rule_id", "lesson_code") values (cast('872eef00-764f-4dcd-89b1-1819fae14850' as uuid), 'GENKI3_L10');
insert into "grammar"."example_reference" ("example_id", "lesson_code") values (cast('0547262e-2c60-4b75-b413-fcc45c4675d2' as uuid), 'GENKI3_L10');
insert into "grammar"."example_reference" ("example_id", "lesson_code") values (cast('8efa8208-0bb3-47f5-8a50-d7864af0cb06' as uuid), 'GENKI3_L10');
insert into "grammar"."example_reference" ("example_id", "lesson_code") values (cast('c9628c4c-51e3-4376-932b-9d33e671e3fb' as uuid), 'GENKI3_L10');
insert into "grammar"."example_reference" ("example_id", "lesson_code") values (cast('05479085-deb5-4997-b3f6-93db65411a67' as uuid), 'GENKI3_L10');
insert into "grammar"."example_reference" ("example_id", "lesson_code") values (cast('20f70fe9-5ac2-447c-9396-c15ce404283d' as uuid), 'GENKI3_L10');
-- ＡＮ ⟶ Ａの<br/>ＡのＢ ⟶ Ａの | Indefinite Noun --
insert into "grammar"."rule" ("id", "meaning", "title_preferred_spelling", "title_phonetic_spelling", "title_furigana_template", "how_to_use", "jlpt_level", "row_num", "date_added", "tags") values (cast('b5df7fe2-6198-44ad-9e45-aead8d6ab5e2' as uuid), 'Indefinite Noun', 'ＡＮ ⟶ Ａの<br/>ＡのＢ ⟶ Ａの', null, null, cast('{"adj + noun (thing) ⟶ adj + の","noun (possessor) + の + noun (possessed) ⟶ noun (possessor) + の","Note: Use 人 (ひと) for indefinite people"}' as text[]), null, 43, date '2023-10-28', cast('{}' as varchar[]));
insert into "grammar"."example" ("id", "rule_id", "meaning", "text_preferred_spelling", "text_phonetic_spelling", "text_furigana_template", "sort_rank", "tags") values (cast('2b787771-848d-4526-a018-8f84714e9690' as uuid), cast('b5df7fe2-6198-44ad-9e45-aead8d6ab5e2' as uuid), 'I have a black sweater. I have a red one, too.', '私は黒いセーターを持っています。赤いのも持っています。', 'わたしはくろいセーターをもっています。あかいのももっています。', '私[わたし]は 黒[くろ]いセーターを 持[も]っています。 赤[あか]いのも 持[も]っています。', 1, cast('{}' as varchar[]));
insert into "grammar"."example" ("id", "rule_id", "meaning", "text_preferred_spelling", "text_phonetic_spelling", "text_furigana_template", "sort_rank", "tags") values (cast('819768bf-5bed-4b90-83d8-0866d8fa6cec' as uuid), cast('b5df7fe2-6198-44ad-9e45-aead8d6ab5e2' as uuid), 'We have a lot of cakes. Take the ones you like.', 'ケーキがたくさんあります。好きなのを持っていって下さい。', 'ケーキがたくさんあります。すきなのをもっていってください。', 'ケーキがたくさんあります。 好[す]きなのを 持[も]っていって 下[くだ]さい。', 2, cast('{}' as varchar[]));
insert into "grammar"."example" ("id", "rule_id", "meaning", "text_preferred_spelling", "text_phonetic_spelling", "text_furigana_template", "sort_rank", "tags") values (cast('58852d0a-b0e4-4222-860e-dd69c69f0299' as uuid), cast('b5df7fe2-6198-44ad-9e45-aead8d6ab5e2' as uuid), 'A: Is this Sora''s bag?<br/>B: No, that is Mary''s', 'Ａ：これはソラさんの鞄ですか。<br/>Ｂ：いいえ、それはメアリーさんのです。', 'Ａ：これはソラさんのかばんですか。<br/>Ｂ：いいえ、それはメアリーさんのです。', 'Ａ：これはソラさんの 鞄[かばん]ですか。<br/>Ｂ：いいえ、それはメアリーさんのです。', 3, cast('{}' as varchar[]));
insert into "grammar"."example" ("id", "rule_id", "meaning", "text_preferred_spelling", "text_phonetic_spelling", "text_furigana_template", "sort_rank", "tags") values (cast('1e1b52eb-654e-480f-a9e6-405af267d711' as uuid), cast('b5df7fe2-6198-44ad-9e45-aead8d6ab5e2' as uuid), 'This clock is expensive. Give me a cheap one.', 'この時計は高いです。安いのを下さい。', 'このとけいはたかいです。やすいのをください。', 'この 時[と] 計[けい]は 高[たか]いです。 安[やす]いのを 下[くだ]さい。', 4, cast('{}' as varchar[]));
insert into "grammar"."example" ("id", "rule_id", "meaning", "text_preferred_spelling", "text_phonetic_spelling", "text_furigana_template", "sort_rank", "tags") values (cast('0b374020-95ac-4577-b409-b7be39be8ff1' as uuid), cast('b5df7fe2-6198-44ad-9e45-aead8d6ab5e2' as uuid), 'My computer is slower than yours.', '私のパソコンの方があなたのより遅いです。', 'わたしのパソコンのほうがあなたのよりおそいです。', '私[わたし]のパソコンの 方[ほう]があなたのより 遅[おそ]いです。', 5, cast('{}' as varchar[]));
insert into "grammar"."example" ("id", "rule_id", "meaning", "text_preferred_spelling", "text_phonetic_spelling", "text_furigana_template", "sort_rank", "tags") values (cast('9e39d1ad-70f2-4898-be34-339646f1cfe8' as uuid), cast('b5df7fe2-6198-44ad-9e45-aead8d6ab5e2' as uuid), 'This is Rin''s apple.', 'このりんごはリンさんのです。', 'このりんごはリンさんのです。', 'このりんごはリンさんのです。', 6, cast('{}' as varchar[]));
insert into "grammar"."rule_reference" ("rule_id", "lesson_code") values (cast('b5df7fe2-6198-44ad-9e45-aead8d6ab5e2' as uuid), 'GENKI3_L10');
insert into "grammar"."example_reference" ("example_id", "lesson_code") values (cast('2b787771-848d-4526-a018-8f84714e9690' as uuid), 'GENKI3_L10');
insert into "grammar"."example_reference" ("example_id", "lesson_code") values (cast('819768bf-5bed-4b90-83d8-0866d8fa6cec' as uuid), 'GENKI3_L10');
insert into "grammar"."example_reference" ("example_id", "lesson_code") values (cast('58852d0a-b0e4-4222-860e-dd69c69f0299' as uuid), 'GENKI3_L10');
insert into "grammar"."example_reference" ("example_id", "lesson_code") values (cast('1e1b52eb-654e-480f-a9e6-405af267d711' as uuid), 'GENKI3_L10');
insert into "grammar"."example_reference" ("example_id", "lesson_code") values (cast('0b374020-95ac-4577-b409-b7be39be8ff1' as uuid), 'GENKI3_L10');
insert into "grammar"."example_reference" ("example_id", "lesson_code") values (cast('9e39d1ad-70f2-4898-be34-339646f1cfe8' as uuid), 'GENKI3_L10');
-- 〜つもりだ | I intend to do... --
insert into "grammar"."rule" ("id", "meaning", "title_preferred_spelling", "title_phonetic_spelling", "title_furigana_template", "how_to_use", "jlpt_level", "row_num", "date_added", "tags") values (cast('33b3532b-9ce8-4fbb-96fb-39f6aa1cd073' as uuid), 'I intend to do...', '〜つもりだ', null, null, cast('{"verb (short, present) + つもりだ ⟶ I intend to do...","verb (short, negative, present) + つもりだ ⟶ I do not intend to do...","verb (short, past) + つもりだ ⟶ I intended to do, but didn''t do..."}' as text[]), null, 44, date '2023-10-28', cast('{}' as varchar[]));
insert into "grammar"."example" ("id", "rule_id", "meaning", "text_preferred_spelling", "text_phonetic_spelling", "text_furigana_template", "sort_rank", "tags") values (cast('dbca02ac-d348-4c0f-8f7a-e4942ae1f34b' as uuid), cast('33b3532b-9ce8-4fbb-96fb-39f6aa1cd073' as uuid), 'I intend to play tennis with Takeshi this weekend.', '週末にたけしさんとテニスをするつもりです。', 'しゅうまつにたけしさんとテニスをするつもりです。', '週[しゅう] 末[まつ]にたけしさんとテニスをするつもりです。', 1, cast('{}' as varchar[]));
insert into "grammar"."example" ("id", "rule_id", "meaning", "text_preferred_spelling", "text_phonetic_spelling", "text_furigana_template", "sort_rank", "tags") values (cast('f5aa06ea-1d79-4a1a-a8f6-eea972010878' as uuid), cast('33b3532b-9ce8-4fbb-96fb-39f6aa1cd073' as uuid), 'Professor Yamashita does not intend to come to school tomorrow.', '山下先生は明日大学に来ないつもりです。', 'やましたせんせいはあしただいがくにこないつもりです。', '山[やま] 下[した] 先[せん] 生[せい]は 明[あ] 日[した] 大[だい] 学[がく]に 来[こ]ないつもりです。', 2, cast('{}' as varchar[]));
insert into "grammar"."example" ("id", "rule_id", "meaning", "text_preferred_spelling", "text_phonetic_spelling", "text_furigana_template", "sort_rank", "tags") values (cast('3a9fe084-8fa2-4db0-9057-5a70555c4bf6' as uuid), cast('33b3532b-9ce8-4fbb-96fb-39f6aa1cd073' as uuid), 'We were planning to visit a temple, but we didn''t, because the weather was not good.', 'お寺を見に行くつもりでしたが、天気が良くなかったから、行きませんでした。', 'おてらをみにいくつもりでしたが、てんきがよくなかったから、いきませんでした。', 'お 寺[てら]を 見[み]に 行[い]くつもりでしたが、 天[てん] 気[き]が 良[よ]くなかったから、 行[い]きませんでした。', 3, cast('{}' as varchar[]));
insert into "grammar"."example" ("id", "rule_id", "meaning", "text_preferred_spelling", "text_phonetic_spelling", "text_furigana_template", "sort_rank", "tags") values (cast('ae991891-962d-4ed0-8b87-f3687d0d0d7b' as uuid), cast('33b3532b-9ce8-4fbb-96fb-39f6aa1cd073' as uuid), '(I will) stay at my friend''s house because hotels are expensive.', 'ホテルは高いから、友達のうちに泊まるつもりです。', 'ホテルはたかいから、ともだちのうちにとまるつもりです。', 'ホテルは 高[たか]いから、 友[とも] 達[だち]のうちに 泊[と]まるつもりです。', 4, cast('{}' as varchar[]));
insert into "grammar"."rule_reference" ("rule_id", "lesson_code") values (cast('33b3532b-9ce8-4fbb-96fb-39f6aa1cd073' as uuid), 'GENKI3_L10');
insert into "grammar"."example_reference" ("example_id", "lesson_code") values (cast('dbca02ac-d348-4c0f-8f7a-e4942ae1f34b' as uuid), 'GENKI3_L10');
insert into "grammar"."example_reference" ("example_id", "lesson_code") values (cast('f5aa06ea-1d79-4a1a-a8f6-eea972010878' as uuid), 'GENKI3_L10');
insert into "grammar"."example_reference" ("example_id", "lesson_code") values (cast('3a9fe084-8fa2-4db0-9057-5a70555c4bf6' as uuid), 'GENKI3_L10');
insert into "grammar"."example_reference" ("example_id", "lesson_code") values (cast('ae991891-962d-4ed0-8b87-f3687d0d0d7b' as uuid), 'GENKI3_L10');
-- Ａなる | to become A --
insert into "grammar"."rule" ("id", "meaning", "title_preferred_spelling", "title_phonetic_spelling", "title_furigana_template", "how_to_use", "jlpt_level", "row_num", "date_added", "tags") values (cast('c124fbd0-2ecb-4ce4-b4e6-f1b3534bc3c2' as uuid), 'to become A', 'Ａなる', null, null, cast('{"い-adj (stem) + く + なる","な-adj (stem) + に + なる","noun + に + なる"}' as text[]), null, 45, date '2023-10-28', cast('{}' as varchar[]));
insert into "grammar"."example" ("id", "rule_id", "meaning", "text_preferred_spelling", "text_phonetic_spelling", "text_furigana_template", "sort_rank", "tags") values (cast('357df4b7-6870-4505-b7ba-8e3cd60b1193' as uuid), cast('c124fbd0-2ecb-4ce4-b4e6-f1b3534bc3c2' as uuid), 'Studying Japanese has become fun<br/>(though it was like torture before).', '日本語の勉強が楽しくなりました。', 'にほんごのべんきょうがたのしくなりました。', '日[に] 本[ほん] 語[ご]の 勉[べん] 強[きょう]が 楽[たの]しくなりました。', 1, cast('{}' as varchar[]));
insert into "grammar"."example" ("id", "rule_id", "meaning", "text_preferred_spelling", "text_phonetic_spelling", "text_furigana_template", "sort_rank", "tags") values (cast('4f493e43-03e3-4326-9fed-5db136c123eb' as uuid), cast('c124fbd0-2ecb-4ce4-b4e6-f1b3534bc3c2' as uuid), 'I have become fond of studying Japanese.', '日本語の勉強が好きになりました。', 'にほんごのべんきょうがいきになりました。', '日[に] 本[ほん] 語[ご]の 勉[べん] 強[きょう]が 好[い]きになりました。', 2, cast('{}' as varchar[]));
insert into "grammar"."example" ("id", "rule_id", "meaning", "text_preferred_spelling", "text_phonetic_spelling", "text_furigana_template", "sort_rank", "tags") values (cast('b6d63151-4c1b-452d-9b43-a50cfa2c8af1' as uuid), cast('c124fbd0-2ecb-4ce4-b4e6-f1b3534bc3c2' as uuid), 'Mary has become better in Japanese than before.', 'メアリーさんは前より日本語が上手になりました。', 'メアリーさんはまえよりにほんごがじょうずになりました。', 'メアリーさんは 前[まえ]より 日[に] 本[ほん] 語[ご]が 上[じょう] 手[ず]になりました。', 3, cast('{}' as varchar[]));
insert into "grammar"."example" ("id", "rule_id", "meaning", "text_preferred_spelling", "text_phonetic_spelling", "text_furigana_template", "sort_rank", "tags") values (cast('26767e4f-0df1-49ee-a93a-53bc7110db88' as uuid), cast('c124fbd0-2ecb-4ce4-b4e6-f1b3534bc3c2' as uuid), 'My room became clean, because I cleand it this morning.', '今朝掃除したから、私の部屋がきれいになりました。', 'けさそうじしたから、わたしのへやがきれいになりました。', '今朝[けさ] 掃[そう] 除[じ]したから、 私[わたし]の 部[へ] 屋[や]がきれいになりました。', 4, cast('{}' as varchar[]));
insert into "grammar"."example" ("id", "rule_id", "meaning", "text_preferred_spelling", "text_phonetic_spelling", "text_furigana_template", "sort_rank", "tags") values (cast('8991aec7-e02f-49a5-81ba-17f59aa274e9' as uuid), cast('c124fbd0-2ecb-4ce4-b4e6-f1b3534bc3c2' as uuid), 'I have become very good at speaking Japanese, because I practiced a lot.', 'たくさん練習したから、日本語を話すのがすごく上手になりました。', 'たくさんれんしゅうしたから、にほんごをはなすのがすごくじょうずになりました。', 'たくさん 練[れん] 習[しゅう]したから、 日[に] 本[ほん] 語[ご]を 話[はな]すのがすごく 上[じょう] 手[ず]になりました。', 5, cast('{}' as varchar[]));
insert into "grammar"."example" ("id", "rule_id", "meaning", "text_preferred_spelling", "text_phonetic_spelling", "text_furigana_template", "sort_rank", "tags") values (cast('94a0472b-31ab-484a-bce4-981033212a0d' as uuid), cast('c124fbd0-2ecb-4ce4-b4e6-f1b3534bc3c2' as uuid), 'I will become a teacher, because I like children.', '子供が好きだから、先生になります。', 'こどもがすきだから、せんせいになります。', '子[こ] 供[ども]が 好[す]きだから、 先[せん] 生[せい]になります。', 6, cast('{}' as varchar[]));
insert into "grammar"."rule_reference" ("rule_id", "lesson_code") values (cast('c124fbd0-2ecb-4ce4-b4e6-f1b3534bc3c2' as uuid), 'GENKI3_L10');
insert into "grammar"."example_reference" ("example_id", "lesson_code") values (cast('357df4b7-6870-4505-b7ba-8e3cd60b1193' as uuid), 'GENKI3_L10');
insert into "grammar"."example_reference" ("example_id", "lesson_code") values (cast('4f493e43-03e3-4326-9fed-5db136c123eb' as uuid), 'GENKI3_L10');
insert into "grammar"."example_reference" ("example_id", "lesson_code") values (cast('b6d63151-4c1b-452d-9b43-a50cfa2c8af1' as uuid), 'GENKI3_L10');
insert into "grammar"."example_reference" ("example_id", "lesson_code") values (cast('26767e4f-0df1-49ee-a93a-53bc7110db88' as uuid), 'GENKI3_L10');
insert into "grammar"."example_reference" ("example_id", "lesson_code") values (cast('8991aec7-e02f-49a5-81ba-17f59aa274e9' as uuid), 'GENKI3_L10');
insert into "grammar"."example_reference" ("example_id", "lesson_code") values (cast('94a0472b-31ab-484a-bce4-981033212a0d' as uuid), 'GENKI3_L10');
-- 〇〇か＿／〇〇＿も | some__/not any__ --
insert into "grammar"."rule" ("id", "meaning", "title_preferred_spelling", "title_phonetic_spelling", "title_furigana_template", "how_to_use", "jlpt_level", "row_num", "date_added", "tags") values (cast('8b04fdb4-c837-4787-9a77-ccea20b77a04' as uuid), 'some__/not any__', '〇〇か＿／〇〇＿も', null, null, cast('{"何か＿ + positive　⟶　something","何＿も + negative　⟶　not anything","誰か＿ + positive　⟶　someone","誰＿も + negative　⟶　not anyone","どこか＿ + positive　⟶　somewhere","どこ＿も + negative　⟶　not anywhere","に, へ, で ⟶ go in underlined position","は, が, を ⟶ can be omitted"}' as text[]), null, 46, date '2023-11-24', cast('{}' as varchar[]));
insert into "grammar"."example" ("id", "rule_id", "meaning", "text_preferred_spelling", "text_phonetic_spelling", "text_furigana_template", "sort_rank", "tags") values (cast('52148959-e4c9-48cd-81d3-720fc0e29685' as uuid), cast('8b04fdb4-c837-4787-9a77-ccea20b77a04' as uuid), 'A: Did you go anywhere?<br/>B: No, I didn''t go anywhere.', 'Ａ：どこかへ行きましたか。<br/>Ｂ：いいえ、どこへも行きませんでした。', 'Ａ：どこかへいきましたか。<br/>Ｂ：いいえ、どこへもいきませんでした。', 'Ａ：どこかへ 行[い]きましたか。<br/>Ｂ：いいえ、どこへも 行[い]きませんでした。', 1, cast('{}' as varchar[]));
insert into "grammar"."example" ("id", "rule_id", "meaning", "text_preferred_spelling", "text_phonetic_spelling", "text_furigana_template", "sort_rank", "tags") values (cast('c6bb90ce-191f-4320-a3d3-b5ea362ab005' as uuid), cast('8b04fdb4-c837-4787-9a77-ccea20b77a04' as uuid), 'A: Did you see anybody?<br/>B: No, I didn''t see anybody.', 'Ａ：誰かに会いましたか。<br/>Ｂ：いいえ、誰にも会いませんでした。', 'Ａ：だれかにあいましたか。<br/>Ｂ：いいえ、だれにもあいませんでした。', 'Ａ： 誰[だれ]かに 会[あ]いましたか。<br/>Ｂ：いいえ、 誰[だれ]にも 会[あ]いませんでした。', 2, cast('{}' as varchar[]));
insert into "grammar"."example" ("id", "rule_id", "meaning", "text_preferred_spelling", "text_phonetic_spelling", "text_furigana_template", "sort_rank", "tags") values (cast('838ea81b-3111-4b8c-875b-322c37193375' as uuid), cast('8b04fdb4-c837-4787-9a77-ccea20b77a04' as uuid), 'A: Did you do anything?<br/>B: No, I didn''t do anything.', 'Ａ：何かしましたか。<br/>Ｂ：いいえ、何もしませんでした。', 'Ａ：なにかしましたか。<br/>Ｂ：いいえ、なにもしませんでした。', 'Ａ： 何[なに]かしましたか。<br/>Ｂ：いいえ、 何[なに]もしませんでした。', 3, cast('{}' as varchar[]));
insert into "grammar"."example" ("id", "rule_id", "meaning", "text_preferred_spelling", "text_phonetic_spelling", "text_furigana_template", "sort_rank", "tags") values (cast('d05250b3-2f76-4acf-b4ed-fbb20f832bd5' as uuid), cast('8b04fdb4-c837-4787-9a77-ccea20b77a04' as uuid), 'A: Did you meet anyone at the party?<br/>B: No, I did not meet anyone.', 'Ａ：パーティーで誰かに会いましたか。<br/>Ｂ：いいえ、誰にも会いませんでした。', 'Ａ：パーティーでだれかにあいましたか。<br/>Ｂ：いいえ、だれにもあいませんでした。', 'Ａ：パーティーで 誰[だれ]かに 会[あ]いましたか。<br/>Ｂ：いいえ、 誰[だれ]にも 会[あ]いませんでした。', 4, cast('{}' as varchar[]));
insert into "grammar"."rule_reference" ("rule_id", "lesson_code") values (cast('8b04fdb4-c837-4787-9a77-ccea20b77a04' as uuid), 'GENKI3_L10');
insert into "grammar"."example_reference" ("example_id", "lesson_code") values (cast('52148959-e4c9-48cd-81d3-720fc0e29685' as uuid), 'GENKI3_L10');
insert into "grammar"."example_reference" ("example_id", "lesson_code") values (cast('c6bb90ce-191f-4320-a3d3-b5ea362ab005' as uuid), 'GENKI3_L10');
insert into "grammar"."example_reference" ("example_id", "lesson_code") values (cast('838ea81b-3111-4b8c-875b-322c37193375' as uuid), 'GENKI3_L10');
insert into "grammar"."example_reference" ("example_id", "lesson_code") values (cast('d05250b3-2f76-4acf-b4ed-fbb20f832bd5' as uuid), 'GENKI3_L10');
-- 〜で | Particle for means of transportation and instruments that you use --
insert into "grammar"."rule" ("id", "meaning", "title_preferred_spelling", "title_phonetic_spelling", "title_furigana_template", "how_to_use", "jlpt_level", "row_num", "date_added", "tags") values (cast('b650b16c-4d67-4b69-aab0-1ac3deac3416' as uuid), 'Particle for means of transportation and instruments that you use', '〜で', null, null, cast('{"noun + で"}' as text[]), null, 47, date '2023-11-24', cast('{}' as varchar[]));
insert into "grammar"."example" ("id", "rule_id", "meaning", "text_preferred_spelling", "text_phonetic_spelling", "text_furigana_template", "sort_rank", "tags") values (cast('f7c280d7-2700-40d8-babe-364d1b4a1b76' as uuid), cast('b650b16c-4d67-4b69-aab0-1ac3deac3416' as uuid), 'We eat our meals with chopsticks.', '箸でご飯を食べます。', 'はしでごはんをたべます。', '箸[はし]でご 飯[はん]を 食[た]べます。', 1, cast('{}' as varchar[]));
insert into "grammar"."example" ("id", "rule_id", "meaning", "text_preferred_spelling", "text_phonetic_spelling", "text_furigana_template", "sort_rank", "tags") values (cast('c2c8ee26-0ab5-4b13-8b5f-a10e8e125112' as uuid), cast('b650b16c-4d67-4b69-aab0-1ac3deac3416' as uuid), 'Let''s talk in Japanese.', '日本語で話しましょう。', 'にほんごではなしましょう。', '日[に] 本[ほん] 語[ご]で 話[はな]しましょう。', 2, cast('{}' as varchar[]));
insert into "grammar"."example" ("id", "rule_id", "meaning", "text_preferred_spelling", "text_phonetic_spelling", "text_furigana_template", "sort_rank", "tags") values (cast('0ffd0db7-7e95-45c5-8b88-412fd2f96c9f' as uuid), cast('b650b16c-4d67-4b69-aab0-1ac3deac3416' as uuid), 'I went to the station by bus.', 'バスで駅まで行きました。', 'バスでえきまでいきました。', 'バスで 駅[えき]まで 行[い]きました。', 3, cast('{}' as varchar[]));
insert into "grammar"."example" ("id", "rule_id", "meaning", "text_preferred_spelling", "text_phonetic_spelling", "text_furigana_template", "sort_rank", "tags") values (cast('c1e9d5a9-c732-4530-97ad-80a305414a99' as uuid), cast('b650b16c-4d67-4b69-aab0-1ac3deac3416' as uuid), 'I saw a movie on TV.', 'テレビで映画を見ました。', 'テレビでえいがをみました。', 'テレビで 映[えい] 画[が]を 見[み]ました。', 4, cast('{}' as varchar[]));
insert into "grammar"."rule_reference" ("rule_id", "lesson_code") values (cast('b650b16c-4d67-4b69-aab0-1ac3deac3416' as uuid), 'GENKI3_L10');
insert into "grammar"."example_reference" ("example_id", "lesson_code") values (cast('f7c280d7-2700-40d8-babe-364d1b4a1b76' as uuid), 'GENKI3_L10');
insert into "grammar"."example_reference" ("example_id", "lesson_code") values (cast('c2c8ee26-0ab5-4b13-8b5f-a10e8e125112' as uuid), 'GENKI3_L10');
insert into "grammar"."example_reference" ("example_id", "lesson_code") values (cast('0ffd0db7-7e95-45c5-8b88-412fd2f96c9f' as uuid), 'GENKI3_L10');
insert into "grammar"."example_reference" ("example_id", "lesson_code") values (cast('c1e9d5a9-c732-4530-97ad-80a305414a99' as uuid), 'GENKI3_L10');
-- 〜から／〜まで | from... / to... --
insert into "grammar"."rule" ("id", "meaning", "title_preferred_spelling", "title_phonetic_spelling", "title_furigana_template", "how_to_use", "jlpt_level", "row_num", "date_added", "tags") values (cast('669a0167-49c4-4c07-aac1-64d4877a9533' as uuid), 'from... / to...', '〜から／〜まで', null, null, cast('{"noun + から ⟶ from noun","noun + まで ⟶ to/until noun"}' as text[]), null, 48, date '2023-11-24', cast('{}' as varchar[]));
insert into "grammar"."example" ("id", "rule_id", "meaning", "text_preferred_spelling", "text_phonetic_spelling", "text_furigana_template", "sort_rank", "tags") values (cast('d7b7f0a6-71c1-47b0-a0eb-1ca3ee9c48e0' as uuid), cast('669a0167-49c4-4c07-aac1-64d4877a9533' as uuid), 'A: Mary,how do you get from home to North Station?<br/>B: I walk.<br/>A: I see.', 'Ａ：メアリーさんは、家から北駅までどうやって行きますか。<br/>Ｂ：歩いて行きます。Ａ：そうですか。', 'Ａ：メアリーさんは、いえからきたえきまでどうやっていきますか。<br/>Ｂ：あるいていきます。Ａ：そうですか。', 'Ａ：メアリーさんは、 家[いえ]から 北[きた] 駅[えき]までどうやって 行[い]きますか。<br/>Ｂ： 歩[ある]いて 行[い]きます。Ａ：そうですか。', 1, cast('{}' as varchar[]));
insert into "grammar"."example" ("id", "rule_id", "meaning", "text_preferred_spelling", "text_phonetic_spelling", "text_furigana_template", "sort_rank", "tags") values (cast('a6867125-4248-48bb-81a7-5941a5cab996' as uuid), cast('669a0167-49c4-4c07-aac1-64d4877a9533' as uuid), 'A: How do you get from North Station to the University?<br/>B: I go by bus.', 'Ａ：北駅から大学までどうやって行きますか。<br/>Ｂ：バスで行きます。', 'Ａ：きたえきからだいがくまでどうやっていきますか。<br/>Ｂ：バスでいきます。', 'Ａ： 北[きた] 駅[えき]から 大[だい] 学[がく]までどうやって 行[い]きますか。<br/>Ｂ：バスで 行[い]きます。', 2, cast('{}' as varchar[]));
insert into "grammar"."example" ("id", "rule_id", "meaning", "text_preferred_spelling", "text_phonetic_spelling", "text_furigana_template", "sort_rank", "tags") values (cast('7762073b-f4de-4f4f-b09a-d61d9e5c9b71' as uuid), cast('669a0167-49c4-4c07-aac1-64d4877a9533' as uuid), 'A: How long does it take to get to the University?<br/>It takes fifteen minutes.', 'Ａ：大学まで、どのぐらいかかりますか。<br/>B：十五分かかります。', 'Ａ：だいがくまで、どのぐらいかかりますか。<br/>B：じゅうごぶんかかります。', 'Ａ： 大[だい] 学[がく]まで、どのぐらいかかりますか。<br/>B： 十[じゅう] 五[ご] 分[ぶん]かかります。', 3, cast('{}' as varchar[]));
insert into "grammar"."rule_reference" ("rule_id", "lesson_code") values (cast('669a0167-49c4-4c07-aac1-64d4877a9533' as uuid), 'GENKI3_L10');
insert into "grammar"."example_reference" ("example_id", "lesson_code") values (cast('d7b7f0a6-71c1-47b0-a0eb-1ca3ee9c48e0' as uuid), 'GENKI3_L10');
insert into "grammar"."example_reference" ("example_id", "lesson_code") values (cast('a6867125-4248-48bb-81a7-5941a5cab996' as uuid), 'GENKI3_L10');
insert into "grammar"."example_reference" ("example_id", "lesson_code") values (cast('7762073b-f4de-4f4f-b09a-d61d9e5c9b71' as uuid), 'GENKI3_L10');
-- 〜たいです | I want to... --
insert into "grammar"."rule" ("id", "meaning", "title_preferred_spelling", "title_phonetic_spelling", "title_furigana_template", "how_to_use", "jlpt_level", "row_num", "date_added", "tags") values (cast('acfe362d-4c4b-4223-8fb5-c6059debc79d' as uuid), 'I want to...', '〜たいです', null, null, cast('{"verb stem + たいです","を ⟶ が or を for a direct object","たい conjugates as an い-adjective"}' as text[]), null, 49, date '2023-12-27', cast('{}' as varchar[]));
insert into "grammar"."example" ("id", "rule_id", "meaning", "text_preferred_spelling", "text_phonetic_spelling", "text_furigana_template", "sort_rank", "tags") values (cast('7e8b78cb-ac43-4855-b629-0313bd3df012' as uuid), cast('acfe362d-4c4b-4223-8fb5-c6059debc79d' as uuid), 'I want to see a film this weekend.<br/>I want to go to China Someday.', '今度の週末は、映画を見たいです。<br/>いつか中国に行きたいです。', 'こんどのしゅうまつは、えいがをみたいです。<br/>いつかちゅうごくにいきたいです。', '今[こん] 度[ど]の 週[しゅう] 末[まつ]は、 映[えい] 画[が]を 見[み]たいです。<br/>いつか 中[ちゅう] 国[ごく]に 行[い]きたいです。', 1, cast('{}' as varchar[]));
insert into "grammar"."example" ("id", "rule_id", "meaning", "text_preferred_spelling", "text_phonetic_spelling", "text_furigana_template", "sort_rank", "tags") values (cast('460135a1-53aa-42dc-80c7-4295fcf16aa1' as uuid), cast('acfe362d-4c4b-4223-8fb5-c6059debc79d' as uuid), 'I don''t want to see that person.', 'あの人には会いたくないです。', 'あのひとにはあいたくないです。', 'あの 人[ひと]には 会[あ]いたくないです。', 2, cast('{}' as varchar[]));
insert into "grammar"."example" ("id", "rule_id", "meaning", "text_preferred_spelling", "text_phonetic_spelling", "text_furigana_template", "sort_rank", "tags") values (cast('3ee9b6ae-fccc-4a89-970b-b7c1fd34a088' as uuid), cast('acfe362d-4c4b-4223-8fb5-c6059debc79d' as uuid), 'I wanted to buy a boxed lunch, therefore I went to a convenience store.', 'お弁当が買いたかったから、コンビニに行きました。', 'おべんとうがかいたかったから、コンビニにいきました。', 'お 弁[べん] 当[とう]が 買[か]いたかったから、コンビニに 行[い]きました。', 3, cast('{}' as varchar[]));
insert into "grammar"."example" ("id", "rule_id", "meaning", "text_preferred_spelling", "text_phonetic_spelling", "text_furigana_template", "sort_rank", "tags") values (cast('464b552c-027b-4967-b7d6-5b9f6418f5a3' as uuid), cast('acfe362d-4c4b-4223-8fb5-c6059debc79d' as uuid), 'When I was a child, I didn''t want to play with toy trains.', '子供の時、おもちゃの電車で遊びたくなかったです。', 'こどものとき、おもちゃのでんしゃであそびたくなかったです。', '子[こ] 供[ども]の 時[とき]、おもちゃの 電[でん] 車[しゃ]で 遊[あそ]びたくなかったです。', 4, cast('{}' as varchar[]));
insert into "grammar"."example" ("id", "rule_id", "meaning", "text_preferred_spelling", "text_phonetic_spelling", "text_furigana_template", "sort_rank", "tags") values (cast('ab3f3543-7c3f-48dd-99c9-23981f88c2d5' as uuid), cast('acfe362d-4c4b-4223-8fb5-c6059debc79d' as uuid), 'A: When you were a child, what did you want to become?<br/>B: I wanted to become a singer.', 'Ａ：子供の時、何になりたかったですか。<br/>Ｂ：歌手になりたかったです。', 'Ａ：こどものとき、なにになりたかったですか。<br/>Ｂ：かしゅになりたかったです。', 'Ａ： 子[こ] 供[ども]の 時[とき]、 何[なに]になりたかったですか。<br/>Ｂ： 歌[か] 手[しゅ]になりたかったです。', 5, cast('{}' as varchar[]));
insert into "grammar"."example" ("id", "rule_id", "meaning", "text_preferred_spelling", "text_phonetic_spelling", "text_furigana_template", "sort_rank", "tags") values (cast('f93204ba-cb12-4f84-8b2c-f7a7abb75839' as uuid), cast('acfe362d-4c4b-4223-8fb5-c6059debc79d' as uuid), 'At this time, who would you thank? What would you like to say?', '今、誰にお礼を言いたいですか。何と言いたいですか。', 'いま、だれにおれいをいいたいですか。なにといいたいですか。', '今[いま]、 誰[だれ]にお 礼[れい]を 言[い]いたいですか。 何[なに]と 言[い]いたいですか。', 6, cast('{}' as varchar[]));
insert into "grammar"."rule_reference" ("rule_id", "lesson_code") values (cast('acfe362d-4c4b-4223-8fb5-c6059debc79d' as uuid), 'GENKI3_L11');
insert into "grammar"."example_reference" ("example_id", "lesson_code") values (cast('7e8b78cb-ac43-4855-b629-0313bd3df012' as uuid), 'GENKI3_L11');
insert into "grammar"."example_reference" ("example_id", "lesson_code") values (cast('460135a1-53aa-42dc-80c7-4295fcf16aa1' as uuid), 'GENKI3_L11');
insert into "grammar"."example_reference" ("example_id", "lesson_code") values (cast('3ee9b6ae-fccc-4a89-970b-b7c1fd34a088' as uuid), 'GENKI3_L11');
insert into "grammar"."example_reference" ("example_id", "lesson_code") values (cast('464b552c-027b-4967-b7d6-5b9f6418f5a3' as uuid), 'GENKI3_L11');
insert into "grammar"."example_reference" ("example_id", "lesson_code") values (cast('ab3f3543-7c3f-48dd-99c9-23981f88c2d5' as uuid), 'GENKI3_L11');
insert into "grammar"."example_reference" ("example_id", "lesson_code") values (cast('f93204ba-cb12-4f84-8b2c-f7a7abb75839' as uuid), 'GENKI3_L19');
-- 〜たいと思っています | I have wanted to... --
insert into "grammar"."rule" ("id", "meaning", "title_preferred_spelling", "title_phonetic_spelling", "title_furigana_template", "how_to_use", "jlpt_level", "row_num", "date_added", "tags") values (cast('128ef1ac-0962-4f18-960d-de55736c8c8d' as uuid), 'I have wanted to...', '〜たいと思っています', null, null, cast('{"verb stem + たいと思っています"}' as text[]), null, 50, date '2023-12-27', cast('{}' as varchar[]));
insert into "grammar"."example" ("id", "rule_id", "meaning", "text_preferred_spelling", "text_phonetic_spelling", "text_furigana_template", "sort_rank", "tags") values (cast('b890d5b7-942e-404f-b806-77ca8773557a' as uuid), cast('128ef1ac-0962-4f18-960d-de55736c8c8d' as uuid), 'I''ve wanted to study abroad', '留学したいと思っています。', 'りゅうがくしたいとおもっています。', '留[りゅう] 学[がく]したいと 思[おも]っています。', 1, cast('{}' as varchar[]));
insert into "grammar"."rule_reference" ("rule_id", "lesson_code") values (cast('128ef1ac-0962-4f18-960d-de55736c8c8d' as uuid), 'GENKI3_L11');
insert into "grammar"."example_reference" ("example_id", "lesson_code") values (cast('b890d5b7-942e-404f-b806-77ca8773557a' as uuid), 'GENKI3_L11');
-- 〜たいと言っていました | they said they wanted to... --
insert into "grammar"."rule" ("id", "meaning", "title_preferred_spelling", "title_phonetic_spelling", "title_furigana_template", "how_to_use", "jlpt_level", "row_num", "date_added", "tags") values (cast('df1c3d58-629f-4e0f-ab3d-613f0d21ddd3' as uuid), 'they said they wanted to...', '〜たいと言っていました', null, null, cast('{"verb stem + たいと言っていました"}' as text[]), null, 51, date '2023-12-27', cast('{}' as varchar[]));
insert into "grammar"."example" ("id", "rule_id", "meaning", "text_preferred_spelling", "text_phonetic_spelling", "text_furigana_template", "sort_rank", "tags") values (cast('dcc87073-7ee9-4e42-b671-bbffe0df3a03' as uuid), cast('df1c3d58-629f-4e0f-ab3d-613f0d21ddd3' as uuid), 'Nadeshiko said she wanted to go to Fujinomiya.', 'なでしこさんは富士宮に行きたいと言っていました。', 'なでしこさんはふじのみやにいきたいといっていました。', 'なでしこさんは 富士宮[ふじのみや]に 行[い]きたいと 言[い]っていました。', 1, cast('{}' as varchar[]));
insert into "grammar"."rule_reference" ("rule_id", "lesson_code") values (cast('df1c3d58-629f-4e0f-ab3d-613f0d21ddd3' as uuid), 'GENKI3_L11');
insert into "grammar"."example_reference" ("example_id", "lesson_code") values (cast('dcc87073-7ee9-4e42-b671-bbffe0df3a03' as uuid), 'GENKI3_L11');
-- 〜たがっています | (It seems) they want to... --
insert into "grammar"."rule" ("id", "meaning", "title_preferred_spelling", "title_phonetic_spelling", "title_furigana_template", "how_to_use", "jlpt_level", "row_num", "date_added", "tags") values (cast('52eb91b8-1e17-4e9e-8811-73cd17a6be4b' as uuid), '(It seems) they want to...', '〜たがっています', null, null, cast('{"verb stem + 〜たがっています","たがる conjugates as godan verb"}' as text[]), null, 52, date '2023-12-27', cast('{}' as varchar[]));
insert into "grammar"."example" ("id", "rule_id", "meaning", "text_preferred_spelling", "text_phonetic_spelling", "text_furigana_template", "sort_rank", "tags") values (cast('c000166a-9943-4aa5-9e7b-cb9966ee6518' as uuid), cast('52eb91b8-1e17-4e9e-8811-73cd17a6be4b' as uuid), '(It seems) Mary wants to wear a kimono.', 'メアリーさんは着物を着たがっています。', 'メアリーさんはきものをきたがっています。', 'メアリーさんは 着[き] 物[もの]を 着[き]たがっています。', 1, cast('{}' as varchar[]));
insert into "grammar"."rule_reference" ("rule_id", "lesson_code") values (cast('52eb91b8-1e17-4e9e-8811-73cd17a6be4b' as uuid), 'GENKI3_L11');
insert into "grammar"."example_reference" ("example_id", "lesson_code") values (cast('c000166a-9943-4aa5-9e7b-cb9966ee6518' as uuid), 'GENKI3_L11');
-- 〜たり〜たりする | do such things as this and that --
insert into "grammar"."rule" ("id", "meaning", "title_preferred_spelling", "title_phonetic_spelling", "title_furigana_template", "how_to_use", "jlpt_level", "row_num", "date_added", "tags") values (cast('bf1b4164-2102-4e58-99d1-56fc1d2d0d9c' as uuid), 'do such things as this and that', '〜たり〜たりする', null, null, cast('{"verb (short, past) + り + verb (short, past) + り + する","tense of する is overall tense","verb (short, past) + り + verb (short, past) + り + helping verb (with overall tense)"}' as text[]), null, 53, date '2023-12-27', cast('{}' as varchar[]));
insert into "grammar"."example" ("id", "rule_id", "meaning", "text_preferred_spelling", "text_phonetic_spelling", "text_furigana_template", "sort_rank", "tags") values (cast('90ae0fed-56cf-4ac8-bbe9-bfcd82106fa3' as uuid), cast('bf1b4164-2102-4e58-99d1-56fc1d2d0d9c' as uuid), 'In Osaka, I will do such things as shopping and eating dinner.', '大阪で買い物をしたり、晩御飯を食べたりします。', 'おおさかでかいものをしたり、ばんごはんをたべたりします。', '大[おお] 阪[さか]で 買[か]い 物[もの]をしたり、 晩[ばん] 御[ご] 飯[はん]を 食[た]べたりします。', 1, cast('{}' as varchar[]));
insert into "grammar"."example" ("id", "rule_id", "meaning", "text_preferred_spelling", "text_phonetic_spelling", "text_furigana_template", "sort_rank", "tags") values (cast('245905d2-459d-46e0-869c-d8cb469577a4' as uuid), cast('bf1b4164-2102-4e58-99d1-56fc1d2d0d9c' as uuid), 'Over the weekend, I studied and talked with my friends, among other things.', '週末は、勉強したり、友達と話したりしました。', 'しゅうまつは、べんきょうしたり、ともだちとはなしたりしました。', '週[しゅう] 末[まつ]は、 勉[べん] 強[きょう]したり、 友[とも] 達[だち]と 話[はな]したりしました。', 2, cast('{}' as varchar[]));
insert into "grammar"."example" ("id", "rule_id", "meaning", "text_preferred_spelling", "text_phonetic_spelling", "text_furigana_template", "sort_rank", "tags") values (cast('027d4e68-c179-49d8-85b4-b130ffa4160a' as uuid), cast('bf1b4164-2102-4e58-99d1-56fc1d2d0d9c' as uuid), 'I like dancing, listening to music, and so forth.', '踊ったり、音楽を聞いたりするのが好きです。', 'おどったり、おんがくをきいたりするのがすきです。', '踊[おど]ったり、 音[おん] 楽[がく]を 聞[き]いたりするのが 好[す]きです。', 3, cast('{}' as varchar[]));
insert into "grammar"."example" ("id", "rule_id", "meaning", "text_preferred_spelling", "text_phonetic_spelling", "text_furigana_template", "sort_rank", "tags") values (cast('9bf4cb64-fa39-4fbf-b916-1a9f3cb9d494' as uuid), cast('bf1b4164-2102-4e58-99d1-56fc1d2d0d9c' as uuid), 'This weekend, I want to climb a mountain, go to a hot spring, et cetera.', '今週の週末、山に登ったり、温泉に行ったりしたいです。', 'こんしゅうのしゅうまつ、やまにのぼったり、おんせんにいったりしたいです。', '今[こん] 週[しゅう]の 週[しゅう] 末[まつ]、 山[やま]に 登[のぼ]ったり、 温[おん] 泉[せん]に 行[い]ったりしたいです。', 4, cast('{}' as varchar[]));
insert into "grammar"."example" ("id", "rule_id", "meaning", "text_preferred_spelling", "text_phonetic_spelling", "text_furigana_template", "sort_rank", "tags") values (cast('b5127b81-7d33-4415-8164-cda55d51875d' as uuid), cast('bf1b4164-2102-4e58-99d1-56fc1d2d0d9c' as uuid), 'At the dormitory, you must not smoke, drink beer, et cetera.', '寮でタバコを吸ったり、ビールを飲んだりしてはいけません。', 'りょうでタバコをすったり、ビールをのんだりしてはいけません。', '寮[りょう]でタバコを 吸[す]ったり、ビールを 飲[の]んだりしてはいけません。', 5, cast('{}' as varchar[]));
insert into "grammar"."rule_reference" ("rule_id", "lesson_code") values (cast('bf1b4164-2102-4e58-99d1-56fc1d2d0d9c' as uuid), 'GENKI3_L11');
insert into "grammar"."example_reference" ("example_id", "lesson_code") values (cast('90ae0fed-56cf-4ac8-bbe9-bfcd82106fa3' as uuid), 'GENKI3_L11');
insert into "grammar"."example_reference" ("example_id", "lesson_code") values (cast('245905d2-459d-46e0-869c-d8cb469577a4' as uuid), 'GENKI3_L11');
insert into "grammar"."example_reference" ("example_id", "lesson_code") values (cast('027d4e68-c179-49d8-85b4-b130ffa4160a' as uuid), 'GENKI3_L11');
insert into "grammar"."example_reference" ("example_id", "lesson_code") values (cast('9bf4cb64-fa39-4fbf-b916-1a9f3cb9d494' as uuid), 'GENKI3_L11');
insert into "grammar"."example_reference" ("example_id", "lesson_code") values (cast('b5127b81-7d33-4415-8164-cda55d51875d' as uuid), 'GENKI3_L11');
-- 〜ことがある | to have the experience of... --
insert into "grammar"."rule" ("id", "meaning", "title_preferred_spelling", "title_phonetic_spelling", "title_furigana_template", "how_to_use", "jlpt_level", "row_num", "date_added", "tags") values (cast('d99d7c80-eb8c-4ed8-8709-3c6cc62c0fb7' as uuid), 'to have the experience of...', '〜ことがある', null, null, cast('{"verb (short, past, affirmative) + ことがある","verb (short, past, affirmative) + ことがありますか","When answering question, use either just あります/ありません or the whole verbal complex."}' as text[]), null, 54, date '2023-12-27', cast('{}' as varchar[]));
insert into "grammar"."example" ("id", "rule_id", "meaning", "text_preferred_spelling", "text_phonetic_spelling", "text_furigana_template", "sort_rank", "tags") values (cast('051e9497-b8e8-46e8-be99-055d6e7cad71' as uuid), cast('d99d7c80-eb8c-4ed8-8709-3c6cc62c0fb7' as uuid), 'I have had the experience of climbing Mt. Fuji.', '富士山に登ったことがあります。', 'ふじさんにのぼったことがあります。', '富[ふ] 士[じ] 山[さん]に 登[のぼ]ったことがあります。', 1, cast('{}' as varchar[]));
insert into "grammar"."example" ("id", "rule_id", "meaning", "text_preferred_spelling", "text_phonetic_spelling", "text_furigana_template", "sort_rank", "tags") values (cast('12892d5d-ff1c-4c30-acf4-b9ae097710f5' as uuid), cast('d99d7c80-eb8c-4ed8-8709-3c6cc62c0fb7' as uuid), 'Takeshi has never been absent from class (in his life).', 'たけしさんは授業を休んだことがありません。', 'たけしさんはじゅぎょうをやすんだことがありません。', 'たけしさんは 授[じゅ] 業[ぎょう]を 休[やす]んだことがありません。', 2, cast('{}' as varchar[]));
insert into "grammar"."example" ("id", "rule_id", "meaning", "text_preferred_spelling", "text_phonetic_spelling", "text_furigana_template", "sort_rank", "tags") values (cast('defd14a0-d57c-411e-ab2e-9cef8968e6f5' as uuid), cast('d99d7c80-eb8c-4ed8-8709-3c6cc62c0fb7' as uuid), 'A: Have you ever been to Europe?<br/>B: Yes, I have.', 'Ａ：ヨーロッパに行ったことがありますか。<br/>Ｂ：はい、あります。', 'Ａ：ヨーロッパにいったことがありますか。<br/>Ｂ：はい、あります。', 'Ａ：ヨーロッパに 行[い]ったことがありますか。<br/>Ｂ：はい、あります。', 3, cast('{}' as varchar[]));
insert into "grammar"."example" ("id", "rule_id", "meaning", "text_preferred_spelling", "text_phonetic_spelling", "text_furigana_template", "sort_rank", "tags") values (cast('a2d8dc4e-3122-4857-a016-bd2a88d64d51' as uuid), cast('d99d7c80-eb8c-4ed8-8709-3c6cc62c0fb7' as uuid), 'A: Have you ever had the experience of owning a pet, such as a cat or dog?<br/>B: Yes, I have had the experience of owning a cat.', 'Ａ：猫や犬を飼ったことがありますか。<br/>Ｂ：はい、猫を飼ったことがあります。', 'Ａ：ねこやいぬをかったことがありますか。<br/>Ｂ：はい、ねこをかったことがあります。', 'Ａ： 猫[ねこ]や 犬[いぬ]を 飼[か]ったことがありますか。<br/>Ｂ：はい、 猫[ねこ]を 飼[か]ったことがあります。', 4, cast('{}' as varchar[]));
insert into "grammar"."rule_reference" ("rule_id", "lesson_code") values (cast('d99d7c80-eb8c-4ed8-8709-3c6cc62c0fb7' as uuid), 'GENKI3_L11');
insert into "grammar"."example_reference" ("example_id", "lesson_code") values (cast('051e9497-b8e8-46e8-be99-055d6e7cad71' as uuid), 'GENKI3_L11');
insert into "grammar"."example_reference" ("example_id", "lesson_code") values (cast('12892d5d-ff1c-4c30-acf4-b9ae097710f5' as uuid), 'GENKI3_L11');
insert into "grammar"."example_reference" ("example_id", "lesson_code") values (cast('defd14a0-d57c-411e-ab2e-9cef8968e6f5' as uuid), 'GENKI3_L11');
insert into "grammar"."example_reference" ("example_id", "lesson_code") values (cast('a2d8dc4e-3122-4857-a016-bd2a88d64d51' as uuid), 'GENKI3_L11');
-- ＡやＢ | A and B, for example --
insert into "grammar"."rule" ("id", "meaning", "title_preferred_spelling", "title_phonetic_spelling", "title_furigana_template", "how_to_use", "jlpt_level", "row_num", "date_added", "tags") values (cast('e756d1d7-69d1-4729-bb3c-c0d796e272b8' as uuid), 'A and B, for example', 'ＡやＢ', null, null, cast('{"noun + や + noun"}' as text[]), null, 55, date '2023-12-27', cast('{}' as varchar[]));
insert into "grammar"."example" ("id", "rule_id", "meaning", "text_preferred_spelling", "text_phonetic_spelling", "text_furigana_template", "sort_rank", "tags") values (cast('41dff3dc-6197-4bad-b8b1-d7c6d0d7f3ba' as uuid), cast('e756d1d7-69d1-4729-bb3c-c0d796e272b8' as uuid), 'I went to Kyoto and Nara (and maybe other places as well).', '京都や奈良に行きました。', 'きょうとやならにいきました。', '京[きょう] 都[と]や 奈[な] 良[ら]に 行[い]きました。', 1, cast('{}' as varchar[]));
insert into "grammar"."example" ("id", "rule_id", "meaning", "text_preferred_spelling", "text_phonetic_spelling", "text_furigana_template", "sort_rank", "tags") values (cast('ad4e089d-109d-40c4-aa39-5840de906482' as uuid), cast('e756d1d7-69d1-4729-bb3c-c0d796e272b8' as uuid), 'A: Among singers, who do you like?<br/>B: I like Lisa Loeb and Towana (among others).', 'Ａ: 歌手の中で、誰が好きですか。<br/>Ｂ：リサ・ローブやトワナが好きです。', 'Ａ: かしゅのなかで、だれがすきですか。<br/>Ｂ：リサ・ローブやトワナがすきです。', 'Ａ:  歌[か] 手[しゅ]の 中[なか]で、 誰[だれ]が 好[す]きですか。<br/>Ｂ：リサ・ローブやトワナが 好[す]きです。', 2, cast('{}' as varchar[]));
insert into "grammar"."example" ("id", "rule_id", "meaning", "text_preferred_spelling", "text_phonetic_spelling", "text_furigana_template", "sort_rank", "tags") values (cast('f7530728-7862-4548-a7d9-9f7290588971' as uuid), cast('e756d1d7-69d1-4729-bb3c-c0d796e272b8' as uuid), 'I have had the experience of eating Tuna Sashimi and Tonkatsu Ramen, among others.', 'マグロの刺身や豚骨らーめんを食べたことがあります。', 'マグロのさしみやとんこつらーめんをたべたことがあります。', 'マグロの 刺[さし] 身[み]や 豚[とん] 骨[こつ]らーめんを 食[た]べたことがあります。', 3, cast('{}' as varchar[]));
insert into "grammar"."example" ("id", "rule_id", "meaning", "text_preferred_spelling", "text_phonetic_spelling", "text_furigana_template", "sort_rank", "tags") values (cast('671c6d0a-2737-4808-a71b-393a88388307' as uuid), cast('e756d1d7-69d1-4729-bb3c-c0d796e272b8' as uuid), 'A: Among famous people, who would you like to meet?<br/>B: I''d like to meet Dr. Plait and Inori Minase.', 'Ａ：有名人の中で、誰に会いたいですか。<br/>Ｂ：フィル・プレイトや水瀬いのりに会いたいです。', 'Ａ：ゆうめいじんのなかで、だれにあいたいですか。<br/>Ｂ：フィル・プレイトやみなせいのりにあいたいです。', 'Ａ： 有[ゆう] 名[めい] 人[じん]の 中[なか]で、 誰[だれ]に 会[あ]いたいですか。<br/>Ｂ：フィル・プレイトや 水[みな] 瀬[せ]いのりに 会[あ]いたいです。', 4, cast('{}' as varchar[]));
insert into "grammar"."rule_reference" ("rule_id", "lesson_code") values (cast('e756d1d7-69d1-4729-bb3c-c0d796e272b8' as uuid), 'GENKI3_L11');
insert into "grammar"."example_reference" ("example_id", "lesson_code") values (cast('41dff3dc-6197-4bad-b8b1-d7c6d0d7f3ba' as uuid), 'GENKI3_L11');
insert into "grammar"."example_reference" ("example_id", "lesson_code") values (cast('ad4e089d-109d-40c4-aa39-5840de906482' as uuid), 'GENKI3_L11');
insert into "grammar"."example_reference" ("example_id", "lesson_code") values (cast('f7530728-7862-4548-a7d9-9f7290588971' as uuid), 'GENKI3_L11');
insert into "grammar"."example_reference" ("example_id", "lesson_code") values (cast('671c6d0a-2737-4808-a71b-393a88388307' as uuid), 'GENKI3_L11');
-- 〜んです<br/>〜のです (written) | Explanation (in terms of verbs/adjectives/nouns), Formal --
insert into "grammar"."rule" ("id", "meaning", "title_preferred_spelling", "title_phonetic_spelling", "title_furigana_template", "how_to_use", "jlpt_level", "row_num", "date_added", "tags") values (cast('e0343470-cab9-4bd2-b337-3acf43e52aa0' as uuid), 'Explanation (in terms of verbs/adjectives/nouns), Formal', '〜んです<br/>〜のです (written)', null, null, cast('{"verb (short form) + んです","い-adj + んです","な-adj + な + んです","noun + な + んです","〜のです written means same thing but is stylistically more formal","Conjugate the verb/adjective to match tense."}' as text[]), null, 56, date '2024-02-18', cast('{}' as varchar[]));
insert into "grammar"."example" ("id", "rule_id", "meaning", "text_preferred_spelling", "text_phonetic_spelling", "text_furigana_template", "sort_rank", "tags") values (cast('d61594ef-d655-43c6-9afd-ee3840ead8eb' as uuid), cast('e0343470-cab9-4bd2-b337-3acf43e52aa0' as uuid), '(As it happens,) the bus didn''t come.', 'バスが来なかったんです。', 'バスがこなかったんです。', 'バスが 来[こ]なかったんです。', 1, cast('{}' as varchar[]));
insert into "grammar"."example" ("id", "rule_id", "meaning", "text_preferred_spelling", "text_phonetic_spelling", "text_furigana_template", "sort_rank", "tags") values (cast('e2ae3960-0a1f-4d0e-a5b4-b3579db40f50' as uuid), cast('e0343470-cab9-4bd2-b337-3acf43e52aa0' as uuid), 'I want to go to the bathroom. (So tell me where it is.)', 'トイレに行きたいんです。', 'トイレにいきたいんです。', 'トイレに 行[い]きたいんです。', 2, cast('{}' as varchar[]));
insert into "grammar"."example" ("id", "rule_id", "meaning", "text_preferred_spelling", "text_phonetic_spelling", "text_furigana_template", "sort_rank", "tags") values (cast('d8cb21e1-e048-4996-871c-5fe11c50c92d' as uuid), cast('e0343470-cab9-4bd2-b337-3acf43e52aa0' as uuid), 'A: What''s wrong?<br/>B: My grade is not good./I got a bad grade.', 'Ａ：どうしたんですか。<br/>Ｂ：成績がよくないんです。／成績が悪かったんです。', 'Ａ：どうしたんですか。<br/>Ｂ：せいせきがよくないんです。／せいせきがわるかったんです。', 'Ａ：どうしたんですか。<br/>Ｂ： 成[せい] 績[せき]がよくないんです。／ 成[せい] 績[せき]が 悪[わる]かったんです。', 3, cast('{}' as varchar[]));
insert into "grammar"."example" ("id", "rule_id", "meaning", "text_preferred_spelling", "text_phonetic_spelling", "text_furigana_template", "sort_rank", "tags") values (cast('1b45434f-61ce-4dc3-96c1-b87c1e2a087f' as uuid), cast('e0343470-cab9-4bd2-b337-3acf43e52aa0' as uuid), 'A: It''s new shoes, eh?<br/>B: They are italian ones.', 'Ａ：新しい靴ですね。<br/>Ｂ：イタリアのなんです。', 'Ａ：あたらしいくつですね。<br/>Ｂ：イタリアのなんです。', 'Ａ： 新[あたら]しい 靴[くつ]ですね。<br/>Ｂ：イタリアのなんです。', 4, cast('{}' as varchar[]));
insert into "grammar"."example" ("id", "rule_id", "meaning", "text_preferred_spelling", "text_phonetic_spelling", "text_furigana_template", "sort_rank", "tags") values (cast('5bdc9560-0e3b-4fdd-a6e4-a0e6a45c824d' as uuid), cast('e0343470-cab9-4bd2-b337-3acf43e52aa0' as uuid), 'The exam is over. (That''s why I''m smiling.)<br/>(In response to a person who caught you smiling.)', '試験が終わったんです。', 'しけんがおわったんです。', '試[し] 験[けん]が 終[お]わったんです。', 5, cast('{}' as varchar[]));
insert into "grammar"."example" ("id", "rule_id", "meaning", "text_preferred_spelling", "text_phonetic_spelling", "text_furigana_template", "sort_rank", "tags") values (cast('f926d282-5a3c-40bb-b9fe-98715f33c47a' as uuid), cast('e0343470-cab9-4bd2-b337-3acf43e52aa0' as uuid), 'A: What''s wrong?<br/>B: My girlfriend broke up with me.', 'Ａ：どうしたんですか。<br/>Ｂ：彼女と別れたんです。', 'Ａ：どうしたんですか。<br/>Ｂ：かのじょとわかれたんです。', 'Ａ：どうしたんですか。<br/>Ｂ： 彼[かの] 女[じょ]と 別[わか]れたんです。', 6, cast('{}' as varchar[]));
insert into "grammar"."rule_reference" ("rule_id", "lesson_code") values (cast('e0343470-cab9-4bd2-b337-3acf43e52aa0' as uuid), 'GENKI3_L12');
insert into "grammar"."example_reference" ("example_id", "lesson_code") values (cast('d61594ef-d655-43c6-9afd-ee3840ead8eb' as uuid), 'GENKI3_L12');
insert into "grammar"."example_reference" ("example_id", "lesson_code") values (cast('e2ae3960-0a1f-4d0e-a5b4-b3579db40f50' as uuid), 'GENKI3_L12');
insert into "grammar"."example_reference" ("example_id", "lesson_code") values (cast('d8cb21e1-e048-4996-871c-5fe11c50c92d' as uuid), 'GENKI3_L12');
insert into "grammar"."example_reference" ("example_id", "lesson_code") values (cast('1b45434f-61ce-4dc3-96c1-b87c1e2a087f' as uuid), 'GENKI3_L12');
insert into "grammar"."example_reference" ("example_id", "lesson_code") values (cast('5bdc9560-0e3b-4fdd-a6e4-a0e6a45c824d' as uuid), 'GENKI3_L12');
insert into "grammar"."example_reference" ("example_id", "lesson_code") values (cast('f926d282-5a3c-40bb-b9fe-98715f33c47a' as uuid), 'GENKI3_L12');
-- 〜んですか。 | Invite clarification or add comment to what has just been said, formal --
insert into "grammar"."rule" ("id", "meaning", "title_preferred_spelling", "title_phonetic_spelling", "title_furigana_template", "how_to_use", "jlpt_level", "row_num", "date_added", "tags") values (cast('efddbaa9-7652-4f28-bc45-731404c43c6a' as uuid), 'Invite clarification or add comment to what has just been said, formal', '〜んですか。', null, null, cast('{"verb (short form) + んですか","い-adj + んですか","な-adj + な + んですか","noun + な + んですか","Often paired with どうして (why) and どうした (what has happened)","Use が instead of は with どうしたんですか"}' as text[]), null, 57, date '2024-02-18', cast('{}' as varchar[]));
insert into "grammar"."example" ("id", "rule_id", "meaning", "text_preferred_spelling", "text_phonetic_spelling", "text_furigana_template", "sort_rank", "tags") values (cast('02d29806-d7d1-42c7-9517-020aaef31ef2' as uuid), cast('efddbaa9-7652-4f28-bc45-731404c43c6a' as uuid), 'A: Why did you break up with your boyfriend? (You''ve got to tell me.)<br/>B: Oh, him. He never takes a bath. (That''s a good enough reason, isn''t it?)', 'Ａ：どうして彼と別れたんですか。<br/>Ｂ：彼、全然お風呂に入らないんです。', 'Ａ：どうしてかれとわかれたんですか。<br/>Ｂ：かれ、ぜんぜんおふろにはいらないんです。', 'Ａ：どうして 彼[かれ]と 別[わか]れたんですか。<br/>Ｂ： 彼[かれ]、 全[ぜん] 然[ぜん]お 風[ふ] 呂[ろ]に 入[はい]らないんです。', 1, cast('{}' as varchar[]));
insert into "grammar"."example" ("id", "rule_id", "meaning", "text_preferred_spelling", "text_phonetic_spelling", "text_furigana_template", "sort_rank", "tags") values (cast('98477265-f945-4823-b6d2-2f90d2681327' as uuid), cast('efddbaa9-7652-4f28-bc45-731404c43c6a' as uuid), 'A: What happened? (You look shattered.)<br/>B: My cat dies. (That should explain how I look today).', 'Ａ：どうしたんですか。<br/>Ｂ：うちの猫が死んだんです。', 'Ａ：どうしたんですか。<br/>Ｂ：うちのねこがしんだんです。', 'Ａ：どうしたんですか。<br/>Ｂ：うちの 猫[ねこ]が 死[し]んだんです。', 2, cast('{}' as varchar[]));
insert into "grammar"."example" ("id", "rule_id", "meaning", "text_preferred_spelling", "text_phonetic_spelling", "text_furigana_template", "sort_rank", "tags") values (cast('cef0cd63-4c30-4577-b8ef-b22f588ed447' as uuid), cast('efddbaa9-7652-4f28-bc45-731404c43c6a' as uuid), 'A: that''s a cute notebook.<br/>You bet. I bout it in Japan (for your information).', 'Ａ：可愛いノートですね。<br/>Ｂ：ええ。日本で買ったんです。', 'Ａ：かわいいノートですね。<br/>Ｂ：ええ。にほんでかったんです。', 'Ａ： 可愛[かわい]いノートですね。<br/>Ｂ：ええ。 日[に] 本[ほん]で 買[か]ったんです。', 3, cast('{}' as varchar[]));
insert into "grammar"."example" ("id", "rule_id", "meaning", "text_preferred_spelling", "text_phonetic_spelling", "text_furigana_template", "sort_rank", "tags") values (cast('f086c66c-144b-405e-bfe6-b9d3f602e682' as uuid), cast('efddbaa9-7652-4f28-bc45-731404c43c6a' as uuid), 'A: Why are you working part time?</br>B: I don''t have money (is why).', 'Ａ：どうしてアルバイトをしているんですか。<br/>Ｂ：お金がないんです。', 'Ａ：どうしてアルバイトをしているんですか。<br/>Ｂ：おかねがないんです。', 'Ａ：どうしてアルバイトをしているんですか。<br/>Ｂ：お 金[かね]がないんです。', 4, cast('{}' as varchar[]));
insert into "grammar"."example" ("id", "rule_id", "meaning", "text_preferred_spelling", "text_phonetic_spelling", "text_furigana_template", "sort_rank", "tags") values (cast('cf05ac5d-3250-474e-9950-18c094b50aa5' as uuid), cast('efddbaa9-7652-4f28-bc45-731404c43c6a' as uuid), 'A: Why are you nervous?<br/>B: I have a test. (That is why.)', 'Ａ：どうして緊張しているんですか。<br/>Ｂ：テストがあるんです。', 'Ａ：どうしてきんちょうしているんですか。<br/>Ｂ：テストがあるんです。', 'Ａ：どうして 緊[きん] 張[ちょう]しているんですか。<br/>Ｂ：テストがあるんです。', 5, cast('{}' as varchar[]));
insert into "grammar"."example" ("id", "rule_id", "meaning", "text_preferred_spelling", "text_phonetic_spelling", "text_furigana_template", "sort_rank", "tags") values (cast('a118fd93-2baf-4f94-b263-14da33f6a1c9' as uuid), cast('efddbaa9-7652-4f28-bc45-731404c43c6a' as uuid), 'A: Why did you skip class yesterday?<br/>B: I was sleepy (is why).', 'Ａ：どうして昨日授業をサボったんですか。<br/>Ｂ：眠かったんです。', 'Ａ：どうしてきのうじゅぎょうをサボったんですか。<br/>Ｂ：ねむかったんです。', 'Ａ：どうして 昨日[きのう] 授[じゅ] 業[ぎょう]をサボったんですか。<br/>Ｂ： 眠[ねむ]かったんです。', 6, cast('{}' as varchar[]));
insert into "grammar"."rule_reference" ("rule_id", "lesson_code") values (cast('efddbaa9-7652-4f28-bc45-731404c43c6a' as uuid), 'GENKI3_L12');
insert into "grammar"."example_reference" ("example_id", "lesson_code") values (cast('02d29806-d7d1-42c7-9517-020aaef31ef2' as uuid), 'GENKI3_L12');
insert into "grammar"."example_reference" ("example_id", "lesson_code") values (cast('98477265-f945-4823-b6d2-2f90d2681327' as uuid), 'GENKI3_L12');
insert into "grammar"."example_reference" ("example_id", "lesson_code") values (cast('cef0cd63-4c30-4577-b8ef-b22f588ed447' as uuid), 'GENKI3_L12');
insert into "grammar"."example_reference" ("example_id", "lesson_code") values (cast('f086c66c-144b-405e-bfe6-b9d3f602e682' as uuid), 'GENKI3_L12');
insert into "grammar"."example_reference" ("example_id", "lesson_code") values (cast('cf05ac5d-3250-474e-9950-18c094b50aa5' as uuid), 'GENKI3_L12');
insert into "grammar"."example_reference" ("example_id", "lesson_code") values (cast('a118fd93-2baf-4f94-b263-14da33f6a1c9' as uuid), 'GENKI3_L12');
-- 〜すぎる | too much; to excess (negative connotation and complaining) --
insert into "grammar"."rule" ("id", "meaning", "title_preferred_spelling", "title_phonetic_spelling", "title_furigana_template", "how_to_use", "jlpt_level", "row_num", "date_added", "tags") values (cast('e007254a-59f0-4ec3-8a0b-41fbd0684148' as uuid), 'too much; to excess (negative connotation and complaining)', '〜すぎる', null, null, cast('{"verb (stem) + すぎる","adjective (stem) + すぎる","conjugate すぎる as ichidan verb","has negative connotation; consider とても or すごく"}' as text[]), null, 58, date '2024-02-19', cast('{}' as varchar[]));
insert into "grammar"."example" ("id", "rule_id", "meaning", "text_preferred_spelling", "text_phonetic_spelling", "text_furigana_template", "sort_rank", "tags") values (cast('e6f5635b-5b8c-4b16-a069-157fa499ceea' as uuid), cast('e007254a-59f0-4ec3-8a0b-41fbd0684148' as uuid), 'This book is too expensive.', 'この本は高すぎます。', 'このほんはたかすぎます。', 'この 本[ほん]は 高[たか]すぎます。', 1, cast('{}' as varchar[]));
insert into "grammar"."example" ("id", "rule_id", "meaning", "text_preferred_spelling", "text_phonetic_spelling", "text_furigana_template", "sort_rank", "tags") values (cast('9f327666-e8d2-4807-aed6-19af4cf32990' as uuid), cast('e007254a-59f0-4ec3-8a0b-41fbd0684148' as uuid), 'This town is too quiet.', 'この町は静かすぎます。', 'このまちはしずかすぎます。', 'この 町[まち]は 静[しず]かすぎます。', 2, cast('{}' as varchar[]));
insert into "grammar"."example" ("id", "rule_id", "meaning", "text_preferred_spelling", "text_phonetic_spelling", "text_furigana_template", "sort_rank", "tags") values (cast('be4c9c52-586d-46dc-ae32-3934d916f862' as uuid), cast('e007254a-59f0-4ec3-8a0b-41fbd0684148' as uuid), 'I got up too early.<br/>My Mom talks too much.<br/>You must not eat too much.', '早く起きすぎました。<br/>母は話しすぎます。<br/>食べすぎてはいけません。', 'はやくおきすぎました。<br/>ははははしすぎます。<br/>たべすぎてはいけません。', '早[はや]く 起[お]きすぎました。<br/> 母[はは]は 話[は]しすぎます。<br/> 食[た]べすぎてはいけません。', 3, cast('{}' as varchar[]));
insert into "grammar"."example" ("id", "rule_id", "meaning", "text_preferred_spelling", "text_phonetic_spelling", "text_furigana_template", "sort_rank", "tags") values (cast('d8369036-71ea-4092-910e-f00c38e78ef2' as uuid), cast('e007254a-59f0-4ec3-8a0b-41fbd0684148' as uuid), 'Today it''s too cold, therefore I don''t want to go to school.', '今日は寒すぎるから、学校に行きたくないです。', 'きょうはさむすぎるから、がっこうにいきたくないです。', '今日[きょう]は 寒[さむ]すぎるから、 学[がっ] 校[こう]に 行[い]きたくないです。', 4, cast('{}' as varchar[]));
insert into "grammar"."example" ("id", "rule_id", "meaning", "text_preferred_spelling", "text_phonetic_spelling", "text_furigana_template", "sort_rank", "tags") values (cast('4ee27ced-ab2b-4976-ad76-1d3f33ac1196' as uuid), cast('e007254a-59f0-4ec3-8a0b-41fbd0684148' as uuid), 'I was too nervous, therefore I got a headache<br/>(I was too nervous, therefore my head became painful.)', '緊張しすぎたから、頭が痛くなりました。', 'きんちょうしすぎたから、あたまがいたくなりました。', '緊[きん] 張[ちょう]しすぎたから、 頭[あたま]が 痛[いた]くなりました。', 5, cast('{}' as varchar[]));
insert into "grammar"."example" ("id", "rule_id", "meaning", "text_preferred_spelling", "text_phonetic_spelling", "text_furigana_template", "sort_rank", "tags") values (cast('e3f12eba-d190-4fe9-950c-098bc09e1fbc' as uuid), cast('e007254a-59f0-4ec3-8a0b-41fbd0684148' as uuid), 'I''m sorry, I said a bit too much.', 'ごめんなさい、少し言いすぎました。', 'ごめんなさい、すこしいいすぎました。', 'ごめんなさい、 少[すこ]し 言[い]いすぎました。', 6, cast('{}' as varchar[]));
insert into "grammar"."rule_reference" ("rule_id", "lesson_code") values (cast('e007254a-59f0-4ec3-8a0b-41fbd0684148' as uuid), 'GENKI3_L12');
insert into "grammar"."example_reference" ("example_id", "lesson_code") values (cast('e6f5635b-5b8c-4b16-a069-157fa499ceea' as uuid), 'GENKI3_L12');
insert into "grammar"."example_reference" ("example_id", "lesson_code") values (cast('9f327666-e8d2-4807-aed6-19af4cf32990' as uuid), 'GENKI3_L12');
insert into "grammar"."example_reference" ("example_id", "lesson_code") values (cast('be4c9c52-586d-46dc-ae32-3934d916f862' as uuid), 'GENKI3_L12');
insert into "grammar"."example_reference" ("example_id", "lesson_code") values (cast('d8369036-71ea-4092-910e-f00c38e78ef2' as uuid), 'GENKI3_L12');
insert into "grammar"."example_reference" ("example_id", "lesson_code") values (cast('4ee27ced-ab2b-4976-ad76-1d3f33ac1196' as uuid), 'GENKI3_L12');
insert into "grammar"."example_reference" ("example_id", "lesson_code") values (cast('e3f12eba-d190-4fe9-950c-098bc09e1fbc' as uuid), 'JLPT_SENSEI_GRAMMAR_N5');
-- 〜方がいいです | Give Advice: It is better (for you) --
insert into "grammar"."rule" ("id", "meaning", "title_preferred_spelling", "title_phonetic_spelling", "title_furigana_template", "how_to_use", "jlpt_level", "row_num", "date_added", "tags") values (cast('378369fc-6878-447d-b11c-e30a360ec005' as uuid), 'Give Advice: It is better (for you)', '〜方がいいです', null, null, cast('{"verb (short, past positive) + 方がいいです ⟶ It is better","verb (short, present negative) + 方がいいです ⟶ It is better not..."}' as text[]), null, 59, date '2024-02-21', cast('{}' as varchar[]));
insert into "grammar"."example" ("id", "rule_id", "meaning", "text_preferred_spelling", "text_phonetic_spelling", "text_furigana_template", "sort_rank", "tags") values (cast('dc5ff471-e68f-4317-87a3-6cae17a5e641' as uuid), cast('378369fc-6878-447d-b11c-e30a360ec005' as uuid), 'You''d better eat more vegetables.', 'もっと野菜を食べた方がいいですよ。', 'もっとやさいをたべたほうがいいですよ。', 'もっと 野[や] 菜[さい]を 食[た]べた 方[ほう]がいいですよ。', 1, cast('{}' as varchar[]));
insert into "grammar"."example" ("id", "rule_id", "meaning", "text_preferred_spelling", "text_phonetic_spelling", "text_furigana_template", "sort_rank", "tags") values (cast('fa479884-9432-4879-9916-f907f3a0625f' as uuid), cast('378369fc-6878-447d-b11c-e30a360ec005' as uuid), 'It is better not to skip classes.', '授業を休まない方がいいですよ。', 'じゅぎょうをやすまないほうがいいですよ。', '授[じゅ] 業[ぎょう]を 休[やす]まない 方[ほう]がいいですよ。', 2, cast('{}' as varchar[]));
insert into "grammar"."example" ("id", "rule_id", "meaning", "text_preferred_spelling", "text_phonetic_spelling", "text_furigana_template", "sort_rank", "tags") values (cast('1f40adba-b48d-43fc-a4b4-7807a78734c7' as uuid), cast('378369fc-6878-447d-b11c-e30a360ec005' as uuid), 'You''d better call your mother more.', 'お母さんにもっと電話した方がいいですよ。', 'おかあさんにもっとでんわしたほうがいいですよ。', 'お 母[かあ]さんにもっと 電[でん] 話[わ]した 方[ほう]がいいですよ。', 3, cast('{}' as varchar[]));
insert into "grammar"."example" ("id", "rule_id", "meaning", "text_preferred_spelling", "text_phonetic_spelling", "text_furigana_template", "sort_rank", "tags") values (cast('0cdaf7a0-d24d-409a-a2a9-6d553e455798' as uuid), cast('378369fc-6878-447d-b11c-e30a360ec005' as uuid), 'You''d better not eat too much.', '食べすぎない方がいいですよ。', 'たべすぎないほうがいいですよ。', '食[た]べすぎない 方[ほう]がいいですよ。', 4, cast('{}' as varchar[]));
insert into "grammar"."example" ("id", "rule_id", "meaning", "text_preferred_spelling", "text_phonetic_spelling", "text_furigana_template", "sort_rank", "tags") values (cast('66d1c1b0-6f6f-44bb-9562-573340302aac' as uuid), cast('378369fc-6878-447d-b11c-e30a360ec005' as uuid), 'A: When I have a cold, what should I do?<br/>(When you have a cold, what is better to do?)<br/>B: You''d better drink water often.', 'Ａ：風邪の時、何をした方がいいですか。<br/>Ｂ：水をよく飲んだ方がいいですよ。', 'Ａ：かぜのとき、なにをしたほうがいいですか。<br/>Ｂ：みずをよくのんだほうがいいですよ。', 'Ａ： 風邪[かぜ]の 時[とき]、 何[なに]をした 方[ほう]がいいですか。<br/>Ｂ： 水[みず]をよく 飲[の]んだ 方[ほう]がいいですよ。', 5, cast('{}' as varchar[]));
insert into "grammar"."rule_reference" ("rule_id", "lesson_code") values (cast('378369fc-6878-447d-b11c-e30a360ec005' as uuid), 'GENKI3_L12');
insert into "grammar"."example_reference" ("example_id", "lesson_code") values (cast('dc5ff471-e68f-4317-87a3-6cae17a5e641' as uuid), 'GENKI3_L12');
insert into "grammar"."example_reference" ("example_id", "lesson_code") values (cast('fa479884-9432-4879-9916-f907f3a0625f' as uuid), 'GENKI3_L12');
insert into "grammar"."example_reference" ("example_id", "lesson_code") values (cast('1f40adba-b48d-43fc-a4b4-7807a78734c7' as uuid), 'GENKI3_L12');
insert into "grammar"."example_reference" ("example_id", "lesson_code") values (cast('0cdaf7a0-d24d-409a-a2a9-6d553e455798' as uuid), 'GENKI3_L12');
insert into "grammar"."example_reference" ("example_id", "lesson_code") values (cast('66d1c1b0-6f6f-44bb-9562-573340302aac' as uuid), 'GENKI3_L12');
-- Ｒので、Ｓ。 | S, because R. (formal)<br/>R; therefore S. (formal) --
insert into "grammar"."rule" ("id", "meaning", "title_preferred_spelling", "title_phonetic_spelling", "title_furigana_template", "how_to_use", "jlpt_level", "row_num", "date_added", "tags") values (cast('42986145-a13f-49b5-904a-e6f610ddb20f' as uuid), 'S, because R. (formal)<br/>R; therefore S. (formal)', 'Ｒので、Ｓ。', null, null, cast('{"reason (verb short) + ので + situation","reason (な-adj) + な + ので + situation","reason (noun) + な + ので + situation"}' as text[]), null, 60, date '2024-02-23', cast('{}' as varchar[]));
insert into "grammar"."example" ("id", "rule_id", "meaning", "text_preferred_spelling", "text_phonetic_spelling", "text_furigana_template", "sort_rank", "tags") values (cast('3c47e905-de8b-4fdd-bfc0-79e80bc0b43b' as uuid), cast('42986145-a13f-49b5-904a-e6f610ddb20f' as uuid), 'My Japanese has improved because I always speak Japanese<br/>(I always speak Japanese, therefore my Japanese has improved.)', 'いつも日本語で話すので、日本語が上手になりました。', 'いつもにほんごではなすので、にほんごがじょうずになりました。', 'いつも 日[に] 本[ほん] 語[ご]で 話[はな]すので、 日[に] 本[ほん] 語[ご]が 上手[じょうず]になりました。', 1, cast('{}' as varchar[]));
insert into "grammar"."example" ("id", "rule_id", "meaning", "text_preferred_spelling", "text_phonetic_spelling", "text_furigana_template", "sort_rank", "tags") values (cast('70519e21-59e4-474d-8fa1-972c2bfbc7ba' as uuid), cast('42986145-a13f-49b5-904a-e6f610ddb20f' as uuid), 'I did not sleep last night because I had a lot of homework.<br/>(I had a lot of homework, therefore I did not sleep last night.)', '宿題がたくさんあったので、昨日の夜、寝ませんでした。', 'しゅくだいがたくさんあったので、きのうのよる、ねませんでした。', '宿[しゅく] 題[だい]がたくさんあったので、 昨日[きのう]の 夜[よる]、 寝[ね]ませんでした。', 2, cast('{}' as varchar[]));
insert into "grammar"."example" ("id", "rule_id", "meaning", "text_preferred_spelling", "text_phonetic_spelling", "text_furigana_template", "sort_rank", "tags") values (cast('27e18af5-86f8-4346-94e8-4d368a054f1e' as uuid), cast('42986145-a13f-49b5-904a-e6f610ddb20f' as uuid), 'I do not like that person because he is mean.<br/>(That person is mean, therefore I don''t like him.)', 'その人は意地悪なので、嫌いです。', 'そのひとはいじわるなので、きらいです。', 'その 人[ひと]は 意[い] 地[じ] 悪[わる]なので、 嫌[きら]いです。', 3, cast('{}' as varchar[]));
insert into "grammar"."example" ("id", "rule_id", "meaning", "text_preferred_spelling", "text_phonetic_spelling", "text_furigana_template", "sort_rank", "tags") values (cast('e46f6442-ae19-43a5-a3d3-f60744681c78' as uuid), cast('42986145-a13f-49b5-904a-e6f610ddb20f' as uuid), 'Banks are closed because today is a Sunday.<br/>(Today is a Sunday, therefore the banks are closed.)', '今日は日曜日なので、銀行は休みです。', 'きょうはにちようびなので、ぎんこうはやすみです。', '今日[きょう]は 日[にち] 曜[よう] 日[び]なので、 銀[ぎん] 行[こう]は 休[やす]みです。', 4, cast('{}' as varchar[]));
insert into "grammar"."example" ("id", "rule_id", "meaning", "text_preferred_spelling", "text_phonetic_spelling", "text_furigana_template", "sort_rank", "tags") values (cast('92fce58c-17a0-4b55-8b93-eb7647c2cc94' as uuid), cast('42986145-a13f-49b5-904a-e6f610ddb20f' as uuid), 'I don''t have money because I paid the electric bill (fee).<br/>(Because I paid the electric bill fee, I don''t have money.)', '電気代を払ったので、お金がありません。', 'でんきだいをはらったので、おかねがありません。', '電[でん] 気[き] 代[だい]を 払[はら]ったので、お 金[かね]がありません。', 5, cast('{}' as varchar[]));
insert into "grammar"."example" ("id", "rule_id", "meaning", "text_preferred_spelling", "text_phonetic_spelling", "text_furigana_template", "sort_rank", "tags") values (cast('23f4093c-d861-4f70-bfe7-f7859054c1ea' as uuid), cast('42986145-a13f-49b5-904a-e6f610ddb20f' as uuid), 'I don''t want to do anything because I have a hangover.<br/>I have a hangover, therefore I don''t want to do anything.', '二日酔いなので、何もしたくないです。', 'ふつかよいなので、なにもしたくないです。', '二[ふつ] 日[か] 酔[よ]いなので、 何[なに]もしたくないです。', 6, cast('{}' as varchar[]));
insert into "grammar"."rule_reference" ("rule_id", "lesson_code") values (cast('42986145-a13f-49b5-904a-e6f610ddb20f' as uuid), 'GENKI3_L12');
insert into "grammar"."example_reference" ("example_id", "lesson_code") values (cast('3c47e905-de8b-4fdd-bfc0-79e80bc0b43b' as uuid), 'GENKI3_L12');
insert into "grammar"."example_reference" ("example_id", "lesson_code") values (cast('70519e21-59e4-474d-8fa1-972c2bfbc7ba' as uuid), 'GENKI3_L12');
insert into "grammar"."example_reference" ("example_id", "lesson_code") values (cast('27e18af5-86f8-4346-94e8-4d368a054f1e' as uuid), 'GENKI3_L12');
insert into "grammar"."example_reference" ("example_id", "lesson_code") values (cast('e46f6442-ae19-43a5-a3d3-f60744681c78' as uuid), 'GENKI3_L12');
insert into "grammar"."example_reference" ("example_id", "lesson_code") values (cast('92fce58c-17a0-4b55-8b93-eb7647c2cc94' as uuid), 'GENKI3_L12');
insert into "grammar"."example_reference" ("example_id", "lesson_code") values (cast('23f4093c-d861-4f70-bfe7-f7859054c1ea' as uuid), 'GENKI3_L12');
-- 〜なければいけません／〜なきゃいけません | I must...; I have to... --
insert into "grammar"."rule" ("id", "meaning", "title_preferred_spelling", "title_phonetic_spelling", "title_furigana_template", "how_to_use", "jlpt_level", "row_num", "date_added", "tags") values (cast('b21accc1-6696-489c-a88e-50712eaf08e1' as uuid), 'I must...; I have to...', '〜なければいけません／〜なきゃいけません', null, null, cast('{"verb (short negative, drop い) + かればいけません ⟶ formal/written","verb (short negative, drop い) + かればいけない ⟶ formal/written","verb (short negative, drop い) + きゃいけません ⟶ informal","verb (short negative, drop い) + きゃいけない ⟶ informal","verb (short negative, drop い) + きゃ ⟶ casual","Use なければいけませんでした/なきゃいけませんでした for past tense, e.g. ''had to''"}' as text[]), null, 61, date '2024-03-23', cast('{}' as varchar[]));
insert into "grammar"."example" ("id", "rule_id", "meaning", "text_preferred_spelling", "text_phonetic_spelling", "text_furigana_template", "sort_rank", "tags") values (cast('cfe7afc1-90ca-4a58-8062-cd10d5fa5413' as uuid), cast('b21accc1-6696-489c-a88e-50712eaf08e1' as uuid), 'I have to study, because there will be an exam.', '試験があるから、勉強しなければいけません。<br/>試験があるから、勉強しなきゃいけません。', 'しけんがあるから、べんきょうしなければいけません。<br/>しけんがあるから、べんきょうしなきゃいけません。', '試[し] 験[けん]があるから、 勉[べん] 強[きょう]しなければいけません。<br/> 試[し] 験[けん]があるから、 勉[べん] 強[きょう]しなきゃいけません。', 1, cast('{}' as varchar[]));
insert into "grammar"."example" ("id", "rule_id", "meaning", "text_preferred_spelling", "text_phonetic_spelling", "text_furigana_template", "sort_rank", "tags") values (cast('0c73799d-4255-4472-9312-b2c04dc9f03a' as uuid), cast('b21accc1-6696-489c-a88e-50712eaf08e1' as uuid), 'I had to get up at six this morning.', '今朝は、六時に起きなきゃいけませんでした。', 'けさは、ろくじにおきなきゃいけませんでした。', '今朝[けさ]は、 六[ろく] 時[じ]に 起[お]きなきゃいけませんでした。', 2, cast('{}' as varchar[]));
insert into "grammar"."example" ("id", "rule_id", "meaning", "text_preferred_spelling", "text_phonetic_spelling", "text_furigana_template", "sort_rank", "tags") values (cast('c882b706-972b-4f28-b0dd-30bc2ae8dc84' as uuid), cast('b21accc1-6696-489c-a88e-50712eaf08e1' as uuid), 'I must clean the room, because my girlfriend is coming.', '彼女が来るから、部屋を掃除しなきゃ。', 'かのじょがくるから、へやをそうじしなきゃ。', '彼[かの] 女[じょ]が 来[く]るから、 部[へ] 屋[や]を 掃[そう] 除[じ]しなきゃ。', 3, cast('{}' as varchar[]));
insert into "grammar"."example" ("id", "rule_id", "meaning", "text_preferred_spelling", "text_phonetic_spelling", "text_furigana_template", "sort_rank", "tags") values (cast('552affcd-de62-4778-adda-825996ab197e' as uuid), cast('b21accc1-6696-489c-a88e-50712eaf08e1' as uuid), 'Tomorrow, I have class from 9 o''clock; therefore I have to get up early.', '明日は九時から授業があるので、早く起きなければいけません。', 'あしたはくじからじゅぎょうがあるので、はやくおきなければいけません。', '明[あ] 日[した]は 九[く] 時[じ]から 授[じゅ] 業[ぎょう]があるので、 早[はや]く 起[お]きなければいけません。', 4, cast('{}' as varchar[]));
insert into "grammar"."example" ("id", "rule_id", "meaning", "text_preferred_spelling", "text_phonetic_spelling", "text_furigana_template", "sort_rank", "tags") values (cast('8f7a9329-9e92-4aa4-ba02-ff0c8b6069c8' as uuid), cast('b21accc1-6696-489c-a88e-50712eaf08e1' as uuid), 'I had to do my Japanese language homework.', '日本語の宿題をしなければいけませんでした。<br/>日本語の宿題をしなきゃいけませんでした。', 'にほんごのしゅくだいをしなければいけませんでした。<br/>にほんごのしゅくだいをしなきゃいけませんでした。', '日[に] 本[ほん] 語[ご]の 宿[しゅく] 題[だい]をしなければいけませんでした。<br/> 日[に] 本[ほん] 語[ご]の 宿[しゅく] 題[だい]をしなきゃいけませんでした。', 5, cast('{}' as varchar[]));
insert into "grammar"."example" ("id", "rule_id", "meaning", "text_preferred_spelling", "text_phonetic_spelling", "text_furigana_template", "sort_rank", "tags") values (cast('abd26a19-2e99-492d-882f-60657b665eea' as uuid), cast('b21accc1-6696-489c-a88e-50712eaf08e1' as uuid), 'This weekend, what must you do?<br/>I have to do my best.', '今週の週末、何をしなければいけませんか。<br/>私は頑張らなければいけない。', 'こんしゅうのしゅうまつ、なにをしなければいけませんか。<br/>わたしはがんばらなければいけない。', '今[こん] 週[しゅう]の 週[しゅう] 末[まつ]、 何[なに]をしなければいけませんか。<br/> 私[わたし]は 頑張[がんば]らなければいけない。', 6, cast('{}' as varchar[]));
insert into "grammar"."rule_reference" ("rule_id", "lesson_code") values (cast('b21accc1-6696-489c-a88e-50712eaf08e1' as uuid), 'GENKI3_L12');
insert into "grammar"."example_reference" ("example_id", "lesson_code") values (cast('cfe7afc1-90ca-4a58-8062-cd10d5fa5413' as uuid), 'GENKI3_L12');
insert into "grammar"."example_reference" ("example_id", "lesson_code") values (cast('0c73799d-4255-4472-9312-b2c04dc9f03a' as uuid), 'GENKI3_L12');
insert into "grammar"."example_reference" ("example_id", "lesson_code") values (cast('c882b706-972b-4f28-b0dd-30bc2ae8dc84' as uuid), 'GENKI3_L12');
insert into "grammar"."example_reference" ("example_id", "lesson_code") values (cast('552affcd-de62-4778-adda-825996ab197e' as uuid), 'GENKI3_L12');
insert into "grammar"."example_reference" ("example_id", "lesson_code") values (cast('8f7a9329-9e92-4aa4-ba02-ff0c8b6069c8' as uuid), 'GENKI3_L12');
insert into "grammar"."example_reference" ("example_id", "lesson_code") values (cast('abd26a19-2e99-492d-882f-60657b665eea' as uuid), 'GENKI3_L12');
insert into "grammar"."example_reference" ("example_id", "lesson_code") values (cast('abd26a19-2e99-492d-882f-60657b665eea' as uuid), 'JLPT_SENSEI_GRAMMAR_N4');
-- 〜でしょうか | question (polite using 'probably' suffix) --
insert into "grammar"."rule" ("id", "meaning", "title_preferred_spelling", "title_phonetic_spelling", "title_furigana_template", "how_to_use", "jlpt_level", "row_num", "date_added", "tags") values (cast('933b71d2-d797-46e8-95d6-9022dd86d172' as uuid), 'question (polite using ''probably'' suffix)', '〜でしょうか', null, null, cast('{"verb (short, any tense) + でしょうか","い-adj + でしょうか","な-adj + でしょうか","noun + でしょうか"}' as text[]), 5, 62, date '2024-04-10', cast('{}' as varchar[]));
insert into "grammar"."example" ("id", "rule_id", "meaning", "text_preferred_spelling", "text_phonetic_spelling", "text_furigana_template", "sort_rank", "tags") values (cast('0b422d37-49cc-48c8-90a4-f3ee434a19d9' as uuid), cast('933b71d2-d797-46e8-95d6-9022dd86d172' as uuid), 'Have I told you about this already?', 'これ、もう話したでしょうか。', 'これ、もうはなしたでしょうか。', 'これ、もう 話[はな]したでしょうか。', 1, cast('{}' as varchar[]));
insert into "grammar"."example" ("id", "rule_id", "meaning", "text_preferred_spelling", "text_phonetic_spelling", "text_furigana_template", "sort_rank", "tags") values (cast('5cd828ae-801e-42a2-8547-6b6a32d1e391' as uuid), cast('933b71d2-d797-46e8-95d6-9022dd86d172' as uuid), 'Would you say that it will be warm next week?', '来週は暖かいでしょうか。', 'らいしゅうはあたたかいでしょうか。', '来[らい] 週[しゅう]は 暖[あたた]かいでしょうか。', 2, cast('{}' as varchar[]));
insert into "grammar"."example" ("id", "rule_id", "meaning", "text_preferred_spelling", "text_phonetic_spelling", "text_furigana_template", "sort_rank", "tags") values (cast('acb91b3d-bf51-4bd7-a76d-dbba20c030c6' as uuid), cast('933b71d2-d797-46e8-95d6-9022dd86d172' as uuid), 'Is a tomato a vegetable (maybe)?', 'トマトは野菜でしょうか。', 'トマトはやさいでしょうか。', 'トマトは 野[や] 菜[さい]でしょうか。', 3, cast('{}' as varchar[]));
insert into "grammar"."example" ("id", "rule_id", "meaning", "text_preferred_spelling", "text_phonetic_spelling", "text_furigana_template", "sort_rank", "tags") values (cast('ecf1cee5-ad90-4644-8578-03dbcbb52025' as uuid), cast('933b71d2-d797-46e8-95d6-9022dd86d172' as uuid), 'Does he/she have many friends?', '友達がたくさんいるでしょうか。', 'ともだちがたくさんいるでしょうか。', '友[とも] 達[だち]がたくさんいるでしょうか。', 4, cast('{}' as varchar[]));
insert into "grammar"."example" ("id", "rule_id", "meaning", "text_preferred_spelling", "text_phonetic_spelling", "text_furigana_template", "sort_rank", "tags") values (cast('215f99d7-40be-4f81-b86f-972c8fc8a367' as uuid), cast('933b71d2-d797-46e8-95d6-9022dd86d172' as uuid), 'When will class (probably) start?', '授業はいつ始めるでしょうか。', 'じゅぎょうはいつはじめるでしょうか。', '授[じゅ] 業[ぎょう]はいつ 始[はじ]めるでしょうか。', 5, cast('{}' as varchar[]));
insert into "grammar"."example" ("id", "rule_id", "meaning", "text_preferred_spelling", "text_phonetic_spelling", "text_furigana_template", "sort_rank", "tags") values (cast('84b27d6f-99ab-4553-99cd-30689affc32d' as uuid), cast('933b71d2-d797-46e8-95d6-9022dd86d172' as uuid), 'It would (probably) be better to bring medicine?', '薬を持って行った方がいいでしょうか。', 'くすりをもっていったほうがいいでしょうか。', '薬[くすり]を 持[も]って 行[い]った 方[ほう]がいいでしょうか。', 6, cast('{}' as varchar[]));
insert into "grammar"."rule_reference" ("rule_id", "lesson_code") values (cast('933b71d2-d797-46e8-95d6-9022dd86d172' as uuid), 'GENKI3_L12');
insert into "grammar"."example_reference" ("example_id", "lesson_code") values (cast('0b422d37-49cc-48c8-90a4-f3ee434a19d9' as uuid), 'GENKI3_L12');
insert into "grammar"."example_reference" ("example_id", "lesson_code") values (cast('5cd828ae-801e-42a2-8547-6b6a32d1e391' as uuid), 'GENKI3_L12');
insert into "grammar"."example_reference" ("example_id", "lesson_code") values (cast('acb91b3d-bf51-4bd7-a76d-dbba20c030c6' as uuid), 'GENKI3_L12');
insert into "grammar"."example_reference" ("example_id", "lesson_code") values (cast('ecf1cee5-ad90-4644-8578-03dbcbb52025' as uuid), 'GENKI3_L12');
insert into "grammar"."example_reference" ("example_id", "lesson_code") values (cast('215f99d7-40be-4f81-b86f-972c8fc8a367' as uuid), 'GENKI3_L12');
insert into "grammar"."example_reference" ("example_id", "lesson_code") values (cast('84b27d6f-99ab-4553-99cd-30689affc32d' as uuid), 'GENKI3_L12');
-- 〜でしょう | Stating a Guess: I think; it seems; probably; right?<br/>Seeking agreement --
insert into "grammar"."rule" ("id", "meaning", "title_preferred_spelling", "title_phonetic_spelling", "title_furigana_template", "how_to_use", "jlpt_level", "row_num", "date_added", "tags") values (cast('c18a6b75-0f33-412e-8e74-ca84b14dfead' as uuid), 'Stating a Guess: I think; it seems; probably; right?<br/>Seeking agreement', '〜でしょう', null, null, cast('{"verb (short, any tense) + でしょう","い-adj + でしょう","な-adj + でしょう","noun + でしょう","Adding 多分 helps signal its a guess"}' as text[]), 5, 63, date '2024-04-10', cast('{}' as varchar[]));
insert into "grammar"."example" ("id", "rule_id", "meaning", "text_preferred_spelling", "text_phonetic_spelling", "text_furigana_template", "sort_rank", "tags") values (cast('d21ef2ea-9dfd-4df1-b3de-5889b9acca53' as uuid), cast('c18a6b75-0f33-412e-8e74-ca84b14dfead' as uuid), 'I bet it will not be cold tomorrow.', '多分明日は寒くないでしょう。', 'たぶんあしたはさむくないでしょう。', '多[た] 分[ぶん] 明日[あした]は 寒[さむ]くないでしょう。', 1, cast('{}' as varchar[]));
insert into "grammar"."example" ("id", "rule_id", "meaning", "text_preferred_spelling", "text_phonetic_spelling", "text_furigana_template", "sort_rank", "tags") values (cast('3302cb48-9469-4f8f-aac4-4a98424f8bba' as uuid), cast('c18a6b75-0f33-412e-8e74-ca84b14dfead' as uuid), 'It will probably rain tomorrow.', '明日は雨が降るでしょう。', 'あしたはあめがふるでしょう。', '明日[あした]は 雨[あめ]が 降[ふ]るでしょう。', 2, cast('{}' as varchar[]));
insert into "grammar"."example" ("id", "rule_id", "meaning", "text_preferred_spelling", "text_phonetic_spelling", "text_furigana_template", "sort_rank", "tags") values (cast('808e59fd-c2b9-457f-8370-0328d74c69ea' as uuid), cast('c18a6b75-0f33-412e-8e74-ca84b14dfead' as uuid), 'I assume the test is not going to be difficult.', 'テストは難しくないでしょう。', 'テストはむずかしくないでしょう。', 'テストは 難[むずか]しくないでしょう。', 3, cast('{}' as varchar[]));
insert into "grammar"."example" ("id", "rule_id", "meaning", "text_preferred_spelling", "text_phonetic_spelling", "text_furigana_template", "sort_rank", "tags") values (cast('a2b03de5-83fd-4d4a-9490-acb0c7f65cd7' as uuid), cast('c18a6b75-0f33-412e-8e74-ca84b14dfead' as uuid), '(I assume) she is cute.', '彼女は可愛いでしょう。', 'かのじょはかわいいでしょう。', '彼[かの] 女[じょ]は 可[か] 愛[わい]いでしょう。', 4, cast('{}' as varchar[]));
insert into "grammar"."example" ("id", "rule_id", "meaning", "text_preferred_spelling", "text_phonetic_spelling", "text_furigana_template", "sort_rank", "tags") values (cast('8caf8b4a-bb8c-4ce0-af99-b50f16582dcb' as uuid), cast('c18a6b75-0f33-412e-8e74-ca84b14dfead' as uuid), 'How are they? They''re good, huh?<br/>(e.g. after giving a friend cookies)', 'どう？美味しいでしょう？', 'どう？おいしいでしょう？', 'どう？ 美味[おい]しいでしょう？', 5, cast('{}' as varchar[]));
insert into "grammar"."rule_reference" ("rule_id", "lesson_code") values (cast('c18a6b75-0f33-412e-8e74-ca84b14dfead' as uuid), 'GENKI3_L12');
insert into "grammar"."example_reference" ("example_id", "lesson_code") values (cast('d21ef2ea-9dfd-4df1-b3de-5889b9acca53' as uuid), 'GENKI3_L12');
insert into "grammar"."example_reference" ("example_id", "lesson_code") values (cast('3302cb48-9469-4f8f-aac4-4a98424f8bba' as uuid), 'JLPT_SENSEI_GRAMMAR_N5');
insert into "grammar"."example_reference" ("example_id", "lesson_code") values (cast('808e59fd-c2b9-457f-8370-0328d74c69ea' as uuid), 'TOFUGU_DESHOU');
insert into "grammar"."example_reference" ("example_id", "lesson_code") values (cast('a2b03de5-83fd-4d4a-9490-acb0c7f65cd7' as uuid), 'TOFUGU_DESHOU');
insert into "grammar"."example_reference" ("example_id", "lesson_code") values (cast('8caf8b4a-bb8c-4ce0-af99-b50f16582dcb' as uuid), 'TOFUGU_DESHOU');
-- 〜れる | potential: can, has the ability to do, or is possible --
insert into "grammar"."rule" ("id", "meaning", "title_preferred_spelling", "title_phonetic_spelling", "title_furigana_template", "how_to_use", "jlpt_level", "row_num", "date_added", "tags") values (cast('235440b0-4755-4201-84fb-1172bcfbe16c' as uuid), 'potential: can, has the ability to do, or is possible', '〜れる', null, null, cast('{"ichidan verb (stem) + られる","godan verb: -u ⟶ -eru","conjugates as ichidan verb"}' as text[]), null, 64, date '2024-04-17', cast('{}' as varchar[]));
insert into "grammar"."example" ("id", "rule_id", "meaning", "text_preferred_spelling", "text_phonetic_spelling", "text_furigana_template", "sort_rank", "tags") values (cast('e707c310-cf41-4f9f-a718-818c7f361848' as uuid), cast('235440b0-4755-4201-84fb-1172bcfbe16c' as uuid), 'I can speak Japanese.', '私は日本語が話せます。', 'わたしはにほんごがはなせます。', '私[わたし]は 日[に] 本[ほん] 語[ご]が 話[はな]せます。', 1, cast('{}' as varchar[]));
insert into "grammar"."example" ("id", "rule_id", "meaning", "text_preferred_spelling", "text_phonetic_spelling", "text_furigana_template", "sort_rank", "tags") values (cast('b4113f65-8b6e-4945-913d-2a61bd919e39' as uuid), cast('235440b0-4755-4201-84fb-1172bcfbe16c' as uuid), '(The truth is) I cannot swim.', '私は泳げないんです。', 'わたしはおよげないんです。', '私[わたし]は 泳[およ]げないんです。', 2, cast('{}' as varchar[]));
insert into "grammar"."example" ("id", "rule_id", "meaning", "text_preferred_spelling", "text_phonetic_spelling", "text_furigana_template", "sort_rank", "tags") values (cast('f4bf7c5b-bafd-487c-967a-d2be40364364' as uuid), cast('235440b0-4755-4201-84fb-1172bcfbe16c' as uuid), 'Because it rained, we could not got to the beach.', '雨が降ったので、海に行けませんでした。', 'あめがふったので、うみにいけませんでした。', '雨[あめ]が 降[ふ]ったので、 海[うみ]に 行[い]けませんでした。', 3, cast('{}' as varchar[]));
insert into "grammar"."example" ("id", "rule_id", "meaning", "text_preferred_spelling", "text_phonetic_spelling", "text_furigana_template", "sort_rank", "tags") values (cast('5d31612e-8251-498c-9a11-c9bc0dd5454d' as uuid), cast('235440b0-4755-4201-84fb-1172bcfbe16c' as uuid), 'Because I am afraid of the water, I cannot swim.', '水が怖いので、泳げません。', 'みずがこわいので、およげません。', '水[みず]が 怖[こわ]いので、 泳[およ]げません。', 4, cast('{}' as varchar[]));
insert into "grammar"."example" ("id", "rule_id", "meaning", "text_preferred_spelling", "text_phonetic_spelling", "text_furigana_template", "sort_rank", "tags") values (cast('00171cd5-bdb9-4c61-a933-ba2495d481ea' as uuid), cast('235440b0-4755-4201-84fb-1172bcfbe16c' as uuid), 'Because I have a cold, I cannot go to school.', '風邪を引いているので、明日学校に行けません。', 'かぜをひいているので、あしたがっこうにいけません。', '風邪[かぜ]を 引[ひ]いているので、 明日[あした] 学[がっ] 校[こう]に 行[い]けません。', 5, cast('{}' as varchar[]));
insert into "grammar"."example" ("id", "rule_id", "meaning", "text_preferred_spelling", "text_phonetic_spelling", "text_furigana_template", "sort_rank", "tags") values (cast('7221a18e-a8a2-43be-b9d4-0a8cd5b5b844' as uuid), cast('235440b0-4755-4201-84fb-1172bcfbe16c' as uuid), 'Because I''m hungry, I can eat a lot.', 'お腹が空いているので、たくさん食べられます。', 'おなかがすいているので、たくさんたべられます。', 'お 腹[なか]が 空[す]いているので、たくさん 食[た]べられます。', 6, cast('{}' as varchar[]));
insert into "grammar"."rule_reference" ("rule_id", "lesson_code") values (cast('235440b0-4755-4201-84fb-1172bcfbe16c' as uuid), 'GENKI3_L13');
insert into "grammar"."example_reference" ("example_id", "lesson_code") values (cast('e707c310-cf41-4f9f-a718-818c7f361848' as uuid), 'GENKI3_L13');
insert into "grammar"."example_reference" ("example_id", "lesson_code") values (cast('b4113f65-8b6e-4945-913d-2a61bd919e39' as uuid), 'GENKI3_L13');
insert into "grammar"."example_reference" ("example_id", "lesson_code") values (cast('f4bf7c5b-bafd-487c-967a-d2be40364364' as uuid), 'GENKI3_L13');
insert into "grammar"."example_reference" ("example_id", "lesson_code") values (cast('5d31612e-8251-498c-9a11-c9bc0dd5454d' as uuid), 'GENKI3_L13');
insert into "grammar"."example_reference" ("example_id", "lesson_code") values (cast('00171cd5-bdb9-4c61-a933-ba2495d481ea' as uuid), 'GENKI3_L13');
insert into "grammar"."example_reference" ("example_id", "lesson_code") values (cast('7221a18e-a8a2-43be-b9d4-0a8cd5b5b844' as uuid), 'GENKI3_L13');
-- 〜ことができる | can do...; be able to do... --
insert into "grammar"."rule" ("id", "meaning", "title_preferred_spelling", "title_phonetic_spelling", "title_furigana_template", "how_to_use", "jlpt_level", "row_num", "date_added", "tags") values (cast('135d54ce-443f-4865-bd85-d92f5fb03df1' as uuid), 'can do...; be able to do...', '〜ことができる', null, null, cast('{"verb (short) + ことができる","Usually same meaning as ordinary potential form (but preferred in written)"}' as text[]), 4, 65, date '2024-04-17', cast('{}' as varchar[]));
insert into "grammar"."example" ("id", "rule_id", "meaning", "text_preferred_spelling", "text_phonetic_spelling", "text_furigana_template", "sort_rank", "tags") values (cast('ec23639f-dd65-4382-8703-3af909ebf658' as uuid), cast('135d54ce-443f-4865-bd85-d92f5fb03df1' as uuid), 'Mary can play the guitar', 'マリーさんはギターを弾くことができます。', 'マリーさんはギターをひくことができます。', 'マリーさんはギターを 弾[ひ]くことができます。', 1, cast('{}' as varchar[]));
insert into "grammar"."example" ("id", "rule_id", "meaning", "text_preferred_spelling", "text_phonetic_spelling", "text_furigana_template", "sort_rank", "tags") values (cast('1055309d-3caf-42f7-9424-dbbb2f8243b7' as uuid), cast('135d54ce-443f-4865-bd85-d92f5fb03df1' as uuid), 'You cannot keep dogs in this apartment.', 'このアパートでは犬を飼うことができません。', 'このアパートではいぬをかうことができません。', 'このアパートでは 犬[いぬ]を 飼[か]うことができません。', 2, cast('{}' as varchar[]));
insert into "grammar"."example" ("id", "rule_id", "meaning", "text_preferred_spelling", "text_phonetic_spelling", "text_furigana_template", "sort_rank", "tags") values (cast('d95ccf3d-cd1b-494e-8779-d0bc1fec04b5' as uuid), cast('135d54ce-443f-4865-bd85-d92f5fb03df1' as uuid), 'Can you eat natto?', '納豆を食べることができますか。', 'なっとうをたべることができますか。', '納[なっ] 豆[とう]を 食[た]べることができますか。', 3, cast('{}' as varchar[]));
insert into "grammar"."rule_reference" ("rule_id", "lesson_code") values (cast('135d54ce-443f-4865-bd85-d92f5fb03df1' as uuid), 'GENKI3_L13');
insert into "grammar"."example_reference" ("example_id", "lesson_code") values (cast('ec23639f-dd65-4382-8703-3af909ebf658' as uuid), 'GENKI3_L13');
insert into "grammar"."example_reference" ("example_id", "lesson_code") values (cast('1055309d-3caf-42f7-9424-dbbb2f8243b7' as uuid), 'GENKI3_L13');
insert into "grammar"."example_reference" ("example_id", "lesson_code") values (cast('d95ccf3d-cd1b-494e-8779-d0bc1fec04b5' as uuid), 'JLPT_SENSEI_GRAMMAR_N4');
-- 〜し | multiple reasons for situation --
insert into "grammar"."rule" ("id", "meaning", "title_preferred_spelling", "title_phonetic_spelling", "title_furigana_template", "how_to_use", "jlpt_level", "row_num", "date_added", "tags") values (cast('683c8a48-61f0-435a-8e18-f48afee220e3' as uuid), 'multiple reasons for situation', '〜し', null, null, cast('{"(reason 1)し、(reason 2)し、(situation)。","(situation)。(reason 1)し、(reason 2)し。","(one reason of many)し、(situation)。"}' as text[]), null, 66, date '2024-04-18', cast('{}' as varchar[]));
insert into "grammar"."example" ("id", "rule_id", "meaning", "text_preferred_spelling", "text_phonetic_spelling", "text_furigana_template", "sort_rank", "tags") values (cast('cbf99a77-5c99-4bbc-8889-98db0110de75' as uuid), cast('683c8a48-61f0-435a-8e18-f48afee220e3' as uuid), 'Because Japanese is interesting, and our teacher is good, I really like my Japanese class.', '日本語は面白いし、先生はいいし、私は日本語の授業が大好きです。', 'にほんごはおもしろいし、せんせいはいいし、わたしはにほんごのじゅぎょうがだいすきです。', '日[に] 本[ほん] 語[ご]は 面[おも] 白[しろ]いし、 先[せん] 生[せい]はいいし、 私[わたし]は 日[に] 本[ほん] 語[ご]の 授[じゅ] 業[ぎょう]が 大[だい] 好[す]きです。', 1, cast('{}' as varchar[]));
insert into "grammar"."example" ("id", "rule_id", "meaning", "text_preferred_spelling", "text_phonetic_spelling", "text_furigana_template", "sort_rank", "tags") values (cast('7fcf8c9f-0b39-4496-a499-50d6df791a5f' as uuid), cast('683c8a48-61f0-435a-8e18-f48afee220e3' as uuid), 'Life in this city is easygoing. Things are inexpensive, for one thing', '物価が安いし、この町の生活は楽です', 'ぶっかがやすいし、このまちのせいかつはらくです', '物[ぶっ] 価[か]が 安[やす]いし、この 町[まち]の 生[せい] 活[かつ]は 楽[らく]です', 2, cast('{}' as varchar[]));
insert into "grammar"."example" ("id", "rule_id", "meaning", "text_preferred_spelling", "text_phonetic_spelling", "text_furigana_template", "sort_rank", "tags") values (cast('114b145a-7a0a-4c03-9fd4-3d90fad86844' as uuid), cast('683c8a48-61f0-435a-8e18-f48afee220e3' as uuid), 'Professor Yamashita is a great teacher. He is good at teaching, and he is kind.', '山下先生はいい先生です。教えるのが上手だし、親切だし。', 'やましたせんせいはいいせんせいです。おしえるのがじょうずだし、しんせつだし。', '山[やま] 下[した] 先[せん] 生[せい]はいい 先[せん] 生[せい]です。 教[おし]えるのが 上[じょう] 手[ず]だし、 親[しん] 切[せつ]だし。', 3, cast('{}' as varchar[]));
insert into "grammar"."example" ("id", "rule_id", "meaning", "text_preferred_spelling", "text_phonetic_spelling", "text_furigana_template", "sort_rank", "tags") values (cast('8bfffa8f-0ed9-468d-874d-a765617571af' as uuid), cast('683c8a48-61f0-435a-8e18-f48afee220e3' as uuid), 'Because I was able to enter the university, and I have many friends, I am happy now.', '大学に入れたし、友達がたくさんいるし、今幸せです。', 'だいがくにはいれたし、ともだちがたくさんいるし、いましあわせです。', '大[だい] 学[がく]に 入[はい]れたし、 友[とも] 達[だち]がたくさんいるし、 今[いま] 幸[しあわ]せです。', 4, cast('{}' as varchar[]));
insert into "grammar"."example" ("id", "rule_id", "meaning", "text_preferred_spelling", "text_phonetic_spelling", "text_furigana_template", "sort_rank", "tags") values (cast('0c54ba42-1ebd-4be8-901c-400a197e926c' as uuid), cast('683c8a48-61f0-435a-8e18-f48afee220e3' as uuid), 'A: Between summer and winter, which is your favorite?<br/>B: Winter is my favorite. I like snow and I can ski.', 'A：夏と冬どちらが好きですか。<br/>Ｂ：冬の方が好きです。雪が好きだし、スキーができるし。', 'A：なつとふゆどちらがすきですか。<br/>Ｂ：ふゆのほうがすきです。ゆきがすきだし、スキーができるし。', 'A： 夏[なつ]と 冬[ふゆ]どちらが 好[す]きですか。<br/>Ｂ： 冬[ふゆ]の 方[ほう]が 好[す]きです。 雪[ゆき]が 好[す]きだし、スキーができるし。', 5, cast('{}' as varchar[]));
insert into "grammar"."example" ("id", "rule_id", "meaning", "text_preferred_spelling", "text_phonetic_spelling", "text_furigana_template", "sort_rank", "tags") values (cast('e047c006-9568-4da8-a8bd-7be0a0a5195a' as uuid), cast('683c8a48-61f0-435a-8e18-f48afee220e3' as uuid), 'A: Are you busy right now?<br/>B: Yes. I have a lot of homework and I have to write a report.', 'Ａ：今、忙しいですか。<br/>Ｂ：はい。宿題がたくさんあるし、レポートを書かなきゃいけないし。', 'Ａ：いま、いそがしいですか。<br/>Ｂ：はい。しゅくだいがたくさんあるし、レポートをかかなきゃいけないし。', 'Ａ： 今[いま]、 忙[いそが]しいですか。<br/>Ｂ：はい。 宿[しゅく] 題[だい]がたくさんあるし、レポートを 書[か]かなきゃいけないし。', 6, cast('{}' as varchar[]));
insert into "grammar"."rule_reference" ("rule_id", "lesson_code") values (cast('683c8a48-61f0-435a-8e18-f48afee220e3' as uuid), 'GENKI3_L13');
insert into "grammar"."example_reference" ("example_id", "lesson_code") values (cast('cbf99a77-5c99-4bbc-8889-98db0110de75' as uuid), 'GENKI3_L13');
insert into "grammar"."example_reference" ("example_id", "lesson_code") values (cast('7fcf8c9f-0b39-4496-a499-50d6df791a5f' as uuid), 'GENKI3_L13');
insert into "grammar"."example_reference" ("example_id", "lesson_code") values (cast('114b145a-7a0a-4c03-9fd4-3d90fad86844' as uuid), 'GENKI3_L13');
insert into "grammar"."example_reference" ("example_id", "lesson_code") values (cast('8bfffa8f-0ed9-468d-874d-a765617571af' as uuid), 'GENKI3_L13');
insert into "grammar"."example_reference" ("example_id", "lesson_code") values (cast('0c54ba42-1ebd-4be8-901c-400a197e926c' as uuid), 'GENKI3_L13');
insert into "grammar"."example_reference" ("example_id", "lesson_code") values (cast('e047c006-9568-4da8-a8bd-7be0a0a5195a' as uuid), 'GENKI3_L13');
-- ①　〜そうです | it looks like... (adjective/verb) --
insert into "grammar"."rule" ("id", "meaning", "title_preferred_spelling", "title_phonetic_spelling", "title_furigana_template", "how_to_use", "jlpt_level", "row_num", "date_added", "tags") values (cast('40f32528-f85c-4d34-ada9-f59c7a7f1c81' as uuid), 'it looks like... (adjective/verb)', '①　〜そうです', null, null, cast('{"い-adj (stem) + そうです","な-adj + そうです","verb (stem) + そうです","いい ⟶ 良さそうです"}' as text[]), null, 67, date '2024-04-24', cast('{}' as varchar[]));
insert into "grammar"."example" ("id", "rule_id", "meaning", "text_preferred_spelling", "text_phonetic_spelling", "text_furigana_template", "sort_rank", "tags") values (cast('4c89a5e3-6eaa-4f7f-91df-9b4e80860167' as uuid), cast('40f32528-f85c-4d34-ada9-f59c7a7f1c81' as uuid), 'This apple looks delicious.', 'このリンゴは美味しそうです。', 'このリンゴはおいしそうです。', 'このリンゴは 美味[おい]しそうです。', 1, cast('{}' as varchar[]));
insert into "grammar"."example" ("id", "rule_id", "meaning", "text_preferred_spelling", "text_phonetic_spelling", "text_furigana_template", "sort_rank", "tags") values (cast('5c3984a7-c24d-4600-b2c4-550618d5fee0' as uuid), cast('40f32528-f85c-4d34-ada9-f59c7a7f1c81' as uuid), 'Mary looks like she is doing well.', 'メアリーさんは元気そうでした。', 'メアリーさんはげんきそうでした。', 'メアリーさんは 元[げん] 気[き]そうでした。', 2, cast('{}' as varchar[]));
insert into "grammar"."example" ("id", "rule_id", "meaning", "text_preferred_spelling", "text_phonetic_spelling", "text_furigana_template", "sort_rank", "tags") values (cast('1478b9dd-9687-4b89-af11-5898d6f45d9f' as uuid), cast('40f32528-f85c-4d34-ada9-f59c7a7f1c81' as uuid), 'It looks like the weather will be fine tomorrow', '明日は天気が良さそうです。', 'あしたはてんきがよさそうです。', '明日[あした]は 天[てん] 気[き]が 良[よ]さそうです。', 3, cast('{}' as varchar[]));
insert into "grammar"."example" ("id", "rule_id", "meaning", "text_preferred_spelling", "text_phonetic_spelling", "text_furigana_template", "sort_rank", "tags") values (cast('a12c0e10-c136-4b20-918b-8a8256192dc0' as uuid), cast('40f32528-f85c-4d34-ada9-f59c7a7f1c81' as uuid), 'This dog looks like it is smart.', 'この犬は頭が良さそうです。', 'このいぬはあたまがよさそうです。', 'この 犬[いぬ]は 頭[あたま]が 良[よ]さそうです。', 4, cast('{}' as varchar[]));
insert into "grammar"."example" ("id", "rule_id", "meaning", "text_preferred_spelling", "text_phonetic_spelling", "text_furigana_template", "sort_rank", "tags") values (cast('fdc9ad4e-9aa7-4cec-b98d-447415adaa9d' as uuid), cast('40f32528-f85c-4d34-ada9-f59c7a7f1c81' as uuid), 'It looks like this sweater is washable at home.', 'このセーターは家で洗えそうです。', 'このセーターはいえであらえそうです。', 'このセーターは 家[いえ]で 洗[あら]えそうです。', 5, cast('{}' as varchar[]));
insert into "grammar"."example" ("id", "rule_id", "meaning", "text_preferred_spelling", "text_phonetic_spelling", "text_furigana_template", "sort_rank", "tags") values (cast('01705611-9c98-4c94-8607-337bb80990db' as uuid), cast('40f32528-f85c-4d34-ada9-f59c7a7f1c81' as uuid), 'It looks like it will rain.', '雨が降りそうです', 'あめがふりそうです', '雨[あめ]が 降[ふ]りそうです', 6, cast('{}' as varchar[]));
insert into "grammar"."rule_reference" ("rule_id", "lesson_code") values (cast('40f32528-f85c-4d34-ada9-f59c7a7f1c81' as uuid), 'GENKI3_L13');
insert into "grammar"."example_reference" ("example_id", "lesson_code") values (cast('4c89a5e3-6eaa-4f7f-91df-9b4e80860167' as uuid), 'GENKI3_L13');
insert into "grammar"."example_reference" ("example_id", "lesson_code") values (cast('5c3984a7-c24d-4600-b2c4-550618d5fee0' as uuid), 'GENKI3_L13');
insert into "grammar"."example_reference" ("example_id", "lesson_code") values (cast('1478b9dd-9687-4b89-af11-5898d6f45d9f' as uuid), 'GENKI3_L13');
insert into "grammar"."example_reference" ("example_id", "lesson_code") values (cast('a12c0e10-c136-4b20-918b-8a8256192dc0' as uuid), 'GENKI3_L13');
insert into "grammar"."example_reference" ("example_id", "lesson_code") values (cast('fdc9ad4e-9aa7-4cec-b98d-447415adaa9d' as uuid), 'GENKI3_L13');
insert into "grammar"."example_reference" ("example_id", "lesson_code") values (cast('01705611-9c98-4c94-8607-337bb80990db' as uuid), 'GENKI3_L13');
-- 〜なさそうです | it does not look like... --
insert into "grammar"."rule" ("id", "meaning", "title_preferred_spelling", "title_phonetic_spelling", "title_furigana_template", "how_to_use", "jlpt_level", "row_num", "date_added", "tags") values (cast('1ed875a5-8206-4e16-b632-1321df17ad56' as uuid), 'it does not look like...', '〜なさそうです', null, null, cast('{"〜ない ⟶ 〜なさそうです","negate 〜そうです to 〜そうじゃないです"}' as text[]), null, 68, date '2024-04-24', cast('{}' as varchar[]));
insert into "grammar"."example" ("id", "rule_id", "meaning", "text_preferred_spelling", "text_phonetic_spelling", "text_furigana_template", "sort_rank", "tags") values (cast('072b0a5b-e062-4c58-9aae-344e59f58563' as uuid), cast('1ed875a5-8206-4e16-b632-1321df17ad56' as uuid), 'This book does not look difficult.', 'この本は難しくなさそうです。', 'このほんはむずかしくなさそうです。', 'この 本[ほん]は 難[むずか]しくなさそうです。', 1, cast('{}' as varchar[]));
insert into "grammar"."example" ("id", "rule_id", "meaning", "text_preferred_spelling", "text_phonetic_spelling", "text_furigana_template", "sort_rank", "tags") values (cast('204940de-5a14-4cd5-8335-e14b9b4d2419' as uuid), cast('1ed875a5-8206-4e16-b632-1321df17ad56' as uuid), 'It does not look like Sora is good at tennis.', 'ソラさんはテニスが上手じゃなさそうです。', 'ソラさんはテニスがじょうずじゃなさそうです。', 'ソラさんはテニスが 上手[じょうず]じゃなさそうです。', 2, cast('{}' as varchar[]));
insert into "grammar"."example" ("id", "rule_id", "meaning", "text_preferred_spelling", "text_phonetic_spelling", "text_furigana_template", "sort_rank", "tags") values (cast('e4b974c8-24a2-40c5-b910-27b82e8301ec' as uuid), cast('1ed875a5-8206-4e16-b632-1321df17ad56' as uuid), 'It does not look like it will rain.', '雨が降らなさそうです。', 'あめがふらなさそうです。', '雨[あめ]が 降[ふ]らなさそうです。', 3, cast('{}' as varchar[]));
insert into "grammar"."example" ("id", "rule_id", "meaning", "text_preferred_spelling", "text_phonetic_spelling", "text_furigana_template", "sort_rank", "tags") values (cast('e4d9daa0-35c7-40e5-b6a7-88b0d7ea6287' as uuid), cast('1ed875a5-8206-4e16-b632-1321df17ad56' as uuid), 'his book does not look difficult', 'この本は難しそうじゃないです。', 'このほんはむずかしそうじゃないです。', 'この 本[ほん]は 難[むずか]しそうじゃないです。', 4, cast('{}' as varchar[]));
insert into "grammar"."example" ("id", "rule_id", "meaning", "text_preferred_spelling", "text_phonetic_spelling", "text_furigana_template", "sort_rank", "tags") values (cast('04a8a350-0322-4692-b0f4-f624586dc8a4' as uuid), cast('1ed875a5-8206-4e16-b632-1321df17ad56' as uuid), 'It does not look like Sora is good at tennis.', 'ソラさんはテニスが上手そうじゃないです。', 'ソラさんはテニスがじょうずそうじゃないです。', 'ソラさんはテニスが 上手[じょうず]そうじゃないです。', 5, cast('{}' as varchar[]));
insert into "grammar"."example" ("id", "rule_id", "meaning", "text_preferred_spelling", "text_phonetic_spelling", "text_furigana_template", "sort_rank", "tags") values (cast('8f3f33c4-dafd-4b16-933b-6b2df045d85c' as uuid), cast('1ed875a5-8206-4e16-b632-1321df17ad56' as uuid), 'It does not look like it will rain.', '雨が降りそうじゃないです。', 'あめがふりそうじゃないです。', '雨[あめ]が 降[ふ]りそうじゃないです。', 6, cast('{}' as varchar[]));
insert into "grammar"."rule_reference" ("rule_id", "lesson_code") values (cast('1ed875a5-8206-4e16-b632-1321df17ad56' as uuid), 'GENKI3_L13');
insert into "grammar"."example_reference" ("example_id", "lesson_code") values (cast('072b0a5b-e062-4c58-9aae-344e59f58563' as uuid), 'GENKI3_L13');
insert into "grammar"."example_reference" ("example_id", "lesson_code") values (cast('204940de-5a14-4cd5-8335-e14b9b4d2419' as uuid), 'GENKI3_L13');
insert into "grammar"."example_reference" ("example_id", "lesson_code") values (cast('e4d9daa0-35c7-40e5-b6a7-88b0d7ea6287' as uuid), 'GENKI3_L13');
insert into "grammar"."example_reference" ("example_id", "lesson_code") values (cast('04a8a350-0322-4692-b0f4-f624586dc8a4' as uuid), 'GENKI3_L13');
insert into "grammar"."example_reference" ("example_id", "lesson_code") values (cast('8f3f33c4-dafd-4b16-933b-6b2df045d85c' as uuid), 'GENKI3_L13');
-- ＡそうなＮ | A-looking N --
insert into "grammar"."rule" ("id", "meaning", "title_preferred_spelling", "title_phonetic_spelling", "title_furigana_template", "how_to_use", "jlpt_level", "row_num", "date_added", "tags") values (cast('7483ce22-3fa6-4dcd-8bda-868c8104c37a' as uuid), 'A-looking N', 'ＡそうなＮ', null, null, cast('{"adjective + そう ⟶ な-adj","Note: いい ⟶ 良さそう"}' as text[]), null, 69, date '2024-04-24', cast('{}' as varchar[]));
insert into "grammar"."example" ("id", "rule_id", "meaning", "text_preferred_spelling", "text_phonetic_spelling", "text_furigana_template", "sort_rank", "tags") values (cast('5bc126f4-ce57-4344-ab1f-f9f74a12bf47' as uuid), cast('7483ce22-3fa6-4dcd-8bda-868c8104c37a' as uuid), 'She is wearing a warm-looking sweater.', '暖かそうなセーターを着ています。', 'あたたかそうなセーターをきています。', '暖[あたた]かそうなセーターを 着[き]ています。', 1, cast('{}' as varchar[]));
insert into "grammar"."example" ("id", "rule_id", "meaning", "text_preferred_spelling", "text_phonetic_spelling", "text_furigana_template", "sort_rank", "tags") values (cast('fe57e4d6-9a0d-4e1e-99ee-fa33fbc177f9' as uuid), cast('7483ce22-3fa6-4dcd-8bda-868c8104c37a' as uuid), 'That is a smart-looking dog, eh?', '頭が良さそうな犬ですね。', 'あたまがよさそうないぬですね。', '頭[あたま]が 良[よ]さそうな 犬[いぬ]ですね。', 2, cast('{}' as varchar[]));
insert into "grammar"."example" ("id", "rule_id", "meaning", "text_preferred_spelling", "text_phonetic_spelling", "text_furigana_template", "sort_rank", "tags") values (cast('938b811d-9c80-4149-bd0d-0b63b33a39d3' as uuid), cast('7483ce22-3fa6-4dcd-8bda-868c8104c37a' as uuid), 'That is an lively-looking kid, eh?', '元気そうな子供ですね。', 'げんきそうなこどもですね。', '元[げん] 気[き]そうな 子[こ] 供[ども]ですね。', 3, cast('{}' as varchar[]));
insert into "grammar"."rule_reference" ("rule_id", "lesson_code") values (cast('7483ce22-3fa6-4dcd-8bda-868c8104c37a' as uuid), 'GENKI3_L13');
insert into "grammar"."example_reference" ("example_id", "lesson_code") values (cast('5bc126f4-ce57-4344-ab1f-f9f74a12bf47' as uuid), 'GENKI3_L13');
insert into "grammar"."example_reference" ("example_id", "lesson_code") values (cast('fe57e4d6-9a0d-4e1e-99ee-fa33fbc177f9' as uuid), 'GENKI3_L13');
insert into "grammar"."example_reference" ("example_id", "lesson_code") values (cast('938b811d-9c80-4149-bd0d-0b63b33a39d3' as uuid), 'GENKI3_L13');
-- 〜てみる | doing something tentatively / trying something --
insert into "grammar"."rule" ("id", "meaning", "title_preferred_spelling", "title_phonetic_spelling", "title_furigana_template", "how_to_use", "jlpt_level", "row_num", "date_added", "tags") values (cast('dedb9dde-3d23-4004-adce-6d90a3c7915e' as uuid), 'doing something tentatively / trying something', '〜てみる', null, null, cast('{"verb (て form) + みる"}' as text[]), null, 70, date '2024-05-01', cast('{}' as varchar[]));
insert into "grammar"."example" ("id", "rule_id", "meaning", "text_preferred_spelling", "text_phonetic_spelling", "text_furigana_template", "sort_rank", "tags") values (cast('c8258ae1-3898-44a6-b036-605568b47131' as uuid), cast('dedb9dde-3d23-4004-adce-6d90a3c7915e' as uuid), 'I did not know the kanji, so I tried asking a Japanese friend of mine.', '漢字が分からなかったので、日本人の友達に聞いてみました。', 'かんじがわからなかったので、にほんじんのともだちにきいてみました。', '漢[かん] 字[じ]が 分[わ]からなかったので、 日[に] 本[ほん] 人[じん]の 友[とも] 達[だち]に 聞[き]いてみました。', 1, cast('{}' as varchar[]));
insert into "grammar"."example" ("id", "rule_id", "meaning", "text_preferred_spelling", "text_phonetic_spelling", "text_furigana_template", "sort_rank", "tags") values (cast('0c3359fc-1a3a-421a-aafb-b730612c5b7f' as uuid), cast('dedb9dde-3d23-4004-adce-6d90a3c7915e' as uuid), 'A: This book was interesting.<br/>B: Okay, I will take a look at it.', 'Ａ：この本、面白かったですよ。<br/>Ｂ：じゃあ、読んでみます。', 'Ａ：このほん、おもしろかったですよ。<br/>Ｂ：じゃあ、よんでみます。', 'Ａ：この 本[ほん]、 面[おも] 白[しろ]かったですよ。<br/>Ｂ：じゃあ、 読[よ]んでみます。', 2, cast('{}' as varchar[]));
insert into "grammar"."example" ("id", "rule_id", "meaning", "text_preferred_spelling", "text_phonetic_spelling", "text_furigana_template", "sort_rank", "tags") values (cast('b34e0315-3a15-4998-94f3-a30a04c1a7cf' as uuid), cast('dedb9dde-3d23-4004-adce-6d90a3c7915e' as uuid), 'A: That karate teacher is really good at teaching.<br/>B: Well then, I will try going to their karate class.', 'Ａ：あの空手の先生は教えるのがとても上手ですよ。<br/>B：じゃあ、空手のクラスに行ってみます。', 'Ａ：あのからてのせんせいはおしえるのがとてもじょうずですよ。<br/>B：じゃあ、からてのクラスにいってみます。', 'Ａ：あの 空[から] 手[て]の 先[せん] 生[せい]は 教[おし]えるのがとても 上手[じょうず]ですよ。<br/>B：じゃあ、 空[から] 手[て]のクラスに 行[い]ってみます。', 3, cast('{}' as varchar[]));
insert into "grammar"."example" ("id", "rule_id", "meaning", "text_preferred_spelling", "text_phonetic_spelling", "text_furigana_template", "sort_rank", "tags") values (cast('3cd356f1-8523-4378-b515-31c3d1257cf1' as uuid), cast('dedb9dde-3d23-4004-adce-6d90a3c7915e' as uuid), 'A: In Japan, what do you want to try doing?<br/>B: I want to try going to Akihabara.', '日本で何をしてみたいですか。<br/>秋葉原に行ってみたいです。', 'にほんでなにをしてみたいですか。<br/>あきはばらにいってみたいです。', '日[に] 本[ほん]で 何[なに]をしてみたいですか。<br/> 秋[あき] 葉[は] 原[ばら]に 行[い]ってみたいです。', 4, cast('{}' as varchar[]));
insert into "grammar"."example" ("id", "rule_id", "meaning", "text_preferred_spelling", "text_phonetic_spelling", "text_furigana_template", "sort_rank", "tags") values (cast('64fc707b-6796-46a6-9452-e428f6620090' as uuid), cast('dedb9dde-3d23-4004-adce-6d90a3c7915e' as uuid), 'When you were a child, what did you want try doing?', '子供の時、何がしてみたかったですか。', 'こどものとき、なにがしてみたかったですか。', '子[こ] 供[ども]の 時[とき]、 何[なに]がしてみたかったですか。', 5, cast('{}' as varchar[]));
insert into "grammar"."example" ("id", "rule_id", "meaning", "text_preferred_spelling", "text_phonetic_spelling", "text_furigana_template", "sort_rank", "tags") values (cast('19571f53-e235-49fa-845b-5311189002f3' as uuid), cast('dedb9dde-3d23-4004-adce-6d90a3c7915e' as uuid), 'A: Korean food is spicy and very delicious!<br/>B: Okay, I will try eating it.', 'Ａ：韓国の料理は辛くて、とても美味しですよ。<br/>Ｂ：じゃあ、食べてみます。', 'Ａ：かんこくのりょうりはからくて、とてもおいしですよ。<br/>Ｂ：じゃあ、たべてみます。', 'Ａ： 韓[かん] 国[こく]の 料[りょう] 理[り]は 辛[から]くて、とても 美味[おい]しですよ。<br/>Ｂ：じゃあ、 食[た]べてみます。', 6, cast('{}' as varchar[]));
insert into "grammar"."rule_reference" ("rule_id", "lesson_code") values (cast('dedb9dde-3d23-4004-adce-6d90a3c7915e' as uuid), 'GENKI3_L13');
insert into "grammar"."example_reference" ("example_id", "lesson_code") values (cast('c8258ae1-3898-44a6-b036-605568b47131' as uuid), 'GENKI3_L13');
insert into "grammar"."example_reference" ("example_id", "lesson_code") values (cast('0c3359fc-1a3a-421a-aafb-b730612c5b7f' as uuid), 'GENKI3_L13');
insert into "grammar"."example_reference" ("example_id", "lesson_code") values (cast('b34e0315-3a15-4998-94f3-a30a04c1a7cf' as uuid), 'GENKI3_L13');
insert into "grammar"."example_reference" ("example_id", "lesson_code") values (cast('3cd356f1-8523-4378-b515-31c3d1257cf1' as uuid), 'GENKI3_L13');
insert into "grammar"."example_reference" ("example_id", "lesson_code") values (cast('64fc707b-6796-46a6-9452-e428f6620090' as uuid), 'GENKI3_L13');
insert into "grammar"."example_reference" ("example_id", "lesson_code") values (cast('19571f53-e235-49fa-845b-5311189002f3' as uuid), 'GENKI3_L13');
-- ＮならＰ | predicate P only applies to noun N --
insert into "grammar"."rule" ("id", "meaning", "title_preferred_spelling", "title_phonetic_spelling", "title_furigana_template", "how_to_use", "jlpt_level", "row_num", "date_added", "tags") values (cast('442ed314-aa52-47ae-a180-e46770aaba16' as uuid), 'predicate P only applies to noun N', 'ＮならＰ', null, null, cast('{"noun + なら + predicate","noun + なら + predicate (positive) + が、 + noun (contrast) + は + predicate (negative)"}' as text[]), null, 71, date '2024-05-13', cast('{}' as varchar[]));
insert into "grammar"."example" ("id", "rule_id", "meaning", "text_preferred_spelling", "text_phonetic_spelling", "text_furigana_template", "sort_rank", "tags") values (cast('d3435fbc-9173-40d0-9fa8-850aacdce32c' as uuid), cast('442ed314-aa52-47ae-a180-e46770aaba16' as uuid), 'A: Have you ever been to Brazil?<br/>B: I''ve been to Chile, but never to Brazil.', 'Ａ：ブラジルに行ったことがありますか。<br/>Ｂ：チリなら行ったことがありますが、ブラジルは行ったことがありません', 'Ａ：ブラジルにいったことがありますか。<br/>Ｂ：チリならいったことがありますが、ブラジルはいったことがありません', 'Ａ：ブラジルに 行[い]ったことがありますか。<br/>Ｂ：チリなら 行[い]ったことがありますが、ブラジルは 行[い]ったことがありません', 1, cast('{}' as varchar[]));
insert into "grammar"."example" ("id", "rule_id", "meaning", "text_preferred_spelling", "text_phonetic_spelling", "text_furigana_template", "sort_rank", "tags") values (cast('d4d7fc87-6c5b-4c48-a87e-7b034c0c7881' as uuid), cast('442ed314-aa52-47ae-a180-e46770aaba16' as uuid), 'A: Can you read Japanese?<br/>B: If it is (written) in hiragana, yes', 'Ａ：日本語が読めますか。<br/>B：ひらがななら読めます。', 'Ａ：にほんごがよめますか。<br/>B：ひらがなならよめます。', 'Ａ： 日[に] 本[ほん] 語[ご]が 読[よ]めますか。<br/>B：ひらがななら 読[よ]めます。', 2, cast('{}' as varchar[]));
insert into "grammar"."example" ("id", "rule_id", "meaning", "text_preferred_spelling", "text_phonetic_spelling", "text_furigana_template", "sort_rank", "tags") values (cast('0ce7ec89-28cc-45da-b433-754244aa804a' as uuid), cast('442ed314-aa52-47ae-a180-e46770aaba16' as uuid), 'A: Do you want to buy a motorcycle?<br/>B: I want to buy a car, but I do not want to buy a bike.', 'Ａ：バイクが買いたいてすか。<br/>Ｂ：車なら買いたいですが、バイクは買いたいくないです。', 'Ａ：バイクがかいたいてすか。<br/>Ｂ：くるまならかいたいですが、バイクはかいたいくないです。', 'Ａ：バイクが 買[か]いたいてすか。<br/>Ｂ： 車[くるま]なら 買[か]いたいですが、バイクは 買[か]いたいくないです。', 3, cast('{}' as varchar[]));
insert into "grammar"."example" ("id", "rule_id", "meaning", "text_preferred_spelling", "text_phonetic_spelling", "text_furigana_template", "sort_rank", "tags") values (cast('49c91a91-7c3b-4754-8b81-539231de2652' as uuid), cast('442ed314-aa52-47ae-a180-e46770aaba16' as uuid), 'A: Can you play sports?<br/>B: I can play tennis (but not other sports).', 'Ａ：スポーツができますか。<br/>Ｂ：テニスならできます。', 'Ａ：スポーツができますか。<br/>Ｂ：テニスならできます。', 'Ａ：スポーツができますか。<br/>Ｂ：テニスならできます。', 4, cast('{}' as varchar[]));
insert into "grammar"."example" ("id", "rule_id", "meaning", "text_preferred_spelling", "text_phonetic_spelling", "text_furigana_template", "sort_rank", "tags") values (cast('b7ef8604-ef57-47f4-86cc-5b673ab973d6' as uuid), cast('442ed314-aa52-47ae-a180-e46770aaba16' as uuid), 'A: Can you lend me money?<br/>I can lend you ¥5000 (but no more).', 'Ａ：お金が貸せますか。<br/>Ｂ：五千円なら貸せます。', 'Ａ：おかねがかせますか。<br/>Ｂ：ごせんえんならかせます。', 'Ａ：お 金[かね]が 貸[か]せますか。<br/>Ｂ： 五[ご] 千[せん] 円[えん]なら 貸[か]せます。', 5, cast('{}' as varchar[]));
insert into "grammar"."example" ("id", "rule_id", "meaning", "text_preferred_spelling", "text_phonetic_spelling", "text_furigana_template", "sort_rank", "tags") values (cast('71a6dd0d-4136-480f-ad74-aa3d10ff1f89' as uuid), cast('442ed314-aa52-47ae-a180-e46770aaba16' as uuid), 'A: Are you free on Saturday?<br/>B: I am free on Sunday, but not on Saturday.', 'Ａ：土曜日は暇ですか。<br/>Ｂ：日曜日なら暇ですが、土曜日は暇じゃないです。', 'Ａ：どようびはひまですか。<br/>Ｂ：にちようびならひまですが、どようびはひまじゃないです。', 'Ａ： 土[ど] 曜[よう] 日[び]は 暇[ひま]ですか。<br/>Ｂ： 日[にち] 曜[よう] 日[び]なら 暇[ひま]ですが、 土[ど] 曜[よう] 日[び]は 暇[ひま]じゃないです。', 6, cast('{}' as varchar[]));
insert into "grammar"."rule_reference" ("rule_id", "lesson_code") values (cast('442ed314-aa52-47ae-a180-e46770aaba16' as uuid), 'GENKI3_L13');
insert into "grammar"."example_reference" ("example_id", "lesson_code") values (cast('d3435fbc-9173-40d0-9fa8-850aacdce32c' as uuid), 'GENKI3_L13');
insert into "grammar"."example_reference" ("example_id", "lesson_code") values (cast('d4d7fc87-6c5b-4c48-a87e-7b034c0c7881' as uuid), 'GENKI3_L13');
insert into "grammar"."example_reference" ("example_id", "lesson_code") values (cast('0ce7ec89-28cc-45da-b433-754244aa804a' as uuid), 'GENKI3_L13');
insert into "grammar"."example_reference" ("example_id", "lesson_code") values (cast('49c91a91-7c3b-4754-8b81-539231de2652' as uuid), 'GENKI3_L13');
insert into "grammar"."example_reference" ("example_id", "lesson_code") values (cast('b7ef8604-ef57-47f4-86cc-5b673ab973d6' as uuid), 'GENKI3_L13');
insert into "grammar"."example_reference" ("example_id", "lesson_code") values (cast('71a6dd0d-4136-480f-ad74-aa3d10ff1f89' as uuid), 'GENKI3_L13');
-- ＰにＦ | F per P --
insert into "grammar"."rule" ("id", "meaning", "title_preferred_spelling", "title_phonetic_spelling", "title_furigana_template", "how_to_use", "jlpt_level", "row_num", "date_added", "tags") values (cast('20a6a948-7846-4d1e-ab36-931859fbd8dc' as uuid), 'F per P', 'ＰにＦ', null, null, cast('{"period + に + frequency","Period can be greater than one"}' as text[]), null, 72, date '2024-05-13', cast('{}' as varchar[]));
insert into "grammar"."example" ("id", "rule_id", "meaning", "text_preferred_spelling", "text_phonetic_spelling", "text_furigana_template", "sort_rank", "tags") values (cast('9ef887bf-cfb4-409f-85b7-e7ca319763de' as uuid), cast('20a6a948-7846-4d1e-ab36-931859fbd8dc' as uuid), 'I shampoo three times a week.', '私は一週間に３回髪を洗います。', 'わたしはいっしゅうかんにさんかいかみをあらいます。', '私[わたし]は 一[いっ] 週[しゅう] 間[かん]に ３[さん] 回[かい] 髪[かみ]を 洗[あら]います。', 1, cast('{}' as varchar[]));
insert into "grammar"."example" ("id", "rule_id", "meaning", "text_preferred_spelling", "text_phonetic_spelling", "text_furigana_template", "sort_rank", "tags") values (cast('66308422-0f0d-4667-8a18-4f28573bca39' as uuid), cast('20a6a948-7846-4d1e-ab36-931859fbd8dc' as uuid), 'I play games for about three hours a day.', '一日に３時間ぐらいゲームをします。', 'いちにちにさんじかんぐらいゲームをします。', '一日[いちにち]に ３時間[さんじかん]ぐらいゲームをします。', 2, cast('{}' as varchar[]));
insert into "grammar"."example" ("id", "rule_id", "meaning", "text_preferred_spelling", "text_phonetic_spelling", "text_furigana_template", "sort_rank", "tags") values (cast('e1b78190-fd99-41ce-a5bf-d79aa9523bce' as uuid), cast('20a6a948-7846-4d1e-ab36-931859fbd8dc' as uuid), 'I work part-time three or four days a month.', '一ヶ月に三日か四日、アルバイトをします。', 'いっかげつにみっかかよっか、アルバイトをします。', '一[いっ] ヶ[か] 月[げつ]に 三[みっ] 日[か]か 四[よっ] 日[か]、アルバイトをします。', 3, cast('{}' as varchar[]));
insert into "grammar"."example" ("id", "rule_id", "meaning", "text_preferred_spelling", "text_phonetic_spelling", "text_furigana_template", "sort_rank", "tags") values (cast('aaa37086-fefc-45a3-b3f1-70f9e49ac18a' as uuid), cast('20a6a948-7846-4d1e-ab36-931859fbd8dc' as uuid), 'My older sister plays golf twice a month.', '姉は１ヶ月に２回ゴルフをします。', 'あねはいっかげつににかいゴルフをします。', '姉[あね]は １[いっ] ヶ[か] 月[げつ]に ２[に] 回[かい]ゴルフをします。', 4, cast('{}' as varchar[]));
insert into "grammar"."example" ("id", "rule_id", "meaning", "text_preferred_spelling", "text_phonetic_spelling", "text_furigana_template", "sort_rank", "tags") values (cast('281080bb-727e-4243-9437-84c07b54e0b2' as uuid), cast('20a6a948-7846-4d1e-ab36-931859fbd8dc' as uuid), 'I take a bath twice per six weeks.', '私は６週間に２回お風呂に入る。', 'わたしはろくしゅうかんににかいおふろにはいる。', '私[わたし]は ６[ろく] 週[しゅう] 間[かん]に ２[に] 回[かい]お 風呂[ふろ]に 入[はい]る。', 5, cast('{}' as varchar[]));
insert into "grammar"."rule_reference" ("rule_id", "lesson_code") values (cast('20a6a948-7846-4d1e-ab36-931859fbd8dc' as uuid), 'GENKI3_L13');
insert into "grammar"."example_reference" ("example_id", "lesson_code") values (cast('9ef887bf-cfb4-409f-85b7-e7ca319763de' as uuid), 'GENKI3_L13');
insert into "grammar"."example_reference" ("example_id", "lesson_code") values (cast('66308422-0f0d-4667-8a18-4f28573bca39' as uuid), 'GENKI3_L13');
insert into "grammar"."example_reference" ("example_id", "lesson_code") values (cast('e1b78190-fd99-41ce-a5bf-d79aa9523bce' as uuid), 'GENKI3_L13');
insert into "grammar"."example_reference" ("example_id", "lesson_code") values (cast('aaa37086-fefc-45a3-b3f1-70f9e49ac18a' as uuid), 'GENKI3_L13');
-- Ｎが欲しい | (I) want (to possess) N --
insert into "grammar"."rule" ("id", "meaning", "title_preferred_spelling", "title_phonetic_spelling", "title_furigana_template", "how_to_use", "jlpt_level", "row_num", "date_added", "tags") values (cast('f132b1f1-1660-4206-8eec-164438e9f3d1' as uuid), '(I) want (to possess) N', 'Ｎが欲しい', null, null, cast('{"noun + が + 欲しい","noun + が + 欲しくない","noun + は + 欲しくない"}' as text[]), null, 73, date '2024-05-16', cast('{}' as varchar[]));
insert into "grammar"."example" ("id", "rule_id", "meaning", "text_preferred_spelling", "text_phonetic_spelling", "text_furigana_template", "sort_rank", "tags") values (cast('7080910a-7ccb-4cb5-99e5-8cf40e6e20da' as uuid), cast('f132b1f1-1660-4206-8eec-164438e9f3d1' as uuid), 'I want a good grade.', 'いい成績が欲しいです。', 'いいせいせきがほしいです。', 'いい 成績[せいせき]が 欲[ほ]しいです。', 1, cast('{}' as varchar[]));
insert into "grammar"."example" ("id", "rule_id", "meaning", "text_preferred_spelling", "text_phonetic_spelling", "text_furigana_template", "sort_rank", "tags") values (cast('a69c7cdb-f1a1-48d4-b92b-6f33bc90e258' as uuid), cast('f132b1f1-1660-4206-8eec-164438e9f3d1' as uuid), 'When I was young, I wanted a Pokémon game.', '子供の時、ポケモンのゲームが欲しかったです。', 'こどものとき、ポケモンのゲームがほしかったです。', '子[こ] 供[ども]の 時[とき]、ポケモンのゲームが 欲[ほ]しかったです。', 2, cast('{}' as varchar[]));
insert into "grammar"."example" ("id", "rule_id", "meaning", "text_preferred_spelling", "text_phonetic_spelling", "text_furigana_template", "sort_rank", "tags") values (cast('b8f6faad-2f49-4c4d-b235-d6286edac9d3' as uuid), cast('f132b1f1-1660-4206-8eec-164438e9f3d1' as uuid), 'A: Do you want a present?<br/>B: No, I don''t (want).', 'Ａ：プレゼントが欲しい？<br/>Ｂ：ううん、欲しくない。', 'Ａ：プレゼントがほしい？<br/>Ｂ：ううん、ほしくない。', 'Ａ：プレゼントが 欲[ほ]しい？<br/>Ｂ：ううん、 欲[ほ]しくない。', 3, cast('{}' as varchar[]));
insert into "grammar"."example" ("id", "rule_id", "meaning", "text_preferred_spelling", "text_phonetic_spelling", "text_furigana_template", "sort_rank", "tags") values (cast('abaa1011-a1b9-4996-a596-8d070aa8299d' as uuid), cast('f132b1f1-1660-4206-8eec-164438e9f3d1' as uuid), 'When I was young, I did not want an instrument.', '子供の時、楽器が欲しくなかったです。', 'こどものとき、がっきがほしくなかったです。', '子[こ] 供[ども]の 時[とき]、 楽[がっ] 器[き]が 欲[ほ]しくなかったです。', 4, cast('{}' as varchar[]));
insert into "grammar"."example" ("id", "rule_id", "meaning", "text_preferred_spelling", "text_phonetic_spelling", "text_furigana_template", "sort_rank", "tags") values (cast('b622d86d-a1c1-457e-8879-84fba8caf0ea' as uuid), cast('f132b1f1-1660-4206-8eec-164438e9f3d1' as uuid), 'A: This upcoming birthday, what do you want? Why?<br/>I want a new camera because the current one is old and big.', 'Ａ：今度の誕生日に何が欲しいですか。とうしてですか。<br/>新しいカメラが欲しいです。今のは古くて大きいですから。', 'Ａ：こんどのたんじょうびになにがほしいですか。とうしてですか。<br/>あたらしいカメラがほしいです。いまのはふるくておおきいですから。', 'Ａ： 今[こん] 度[ど]の 誕[たん] 生[じょう] 日[び]に 何[なに]が 欲[ほ]しいですか。とうしてですか。<br/> 新[あたら]しいカメラが 欲[ほ]しいです。 今[いま]のは 古[ふる]くて 大[おお]きいですから。', 5, cast('{}' as varchar[]));
insert into "grammar"."example" ("id", "rule_id", "meaning", "text_preferred_spelling", "text_phonetic_spelling", "text_furigana_template", "sort_rank", "tags") values (cast('fa01f8c1-a8db-4888-9f5f-86347b05c7ef' as uuid), cast('f132b1f1-1660-4206-8eec-164438e9f3d1' as uuid), 'A: Time or money, which do you want more? Why?<br/>I want time more. You can''t buy happiness.', 'Ａ：時間とお金とどちらが欲しいですか。どうしてですか。<br/>Ｂ：時間の方が欲しいです。幸せを買えませんから。', 'Ａ：じかんとおかねとどちらがほしいですか。どうしてですか。<br/>Ｂ：じかんのほうがほしいです。しあわせをかえませんから。', 'Ａ： 時[じ] 間[かん]とお 金[かね]とどちらが 欲[ほ]しいですか。どうしてですか。<br/>Ｂ： 時[じ] 間[かん]の 方[ほう]が 欲[ほ]しいです。 幸[しあわ]せを 買[か]えませんから。', 6, cast('{}' as varchar[]));
insert into "grammar"."rule_reference" ("rule_id", "lesson_code") values (cast('f132b1f1-1660-4206-8eec-164438e9f3d1' as uuid), 'GENKI3_L14');
insert into "grammar"."example_reference" ("example_id", "lesson_code") values (cast('7080910a-7ccb-4cb5-99e5-8cf40e6e20da' as uuid), 'GENKI3_L14');
insert into "grammar"."example_reference" ("example_id", "lesson_code") values (cast('a69c7cdb-f1a1-48d4-b92b-6f33bc90e258' as uuid), 'GENKI3_L14');
insert into "grammar"."example_reference" ("example_id", "lesson_code") values (cast('b8f6faad-2f49-4c4d-b235-d6286edac9d3' as uuid), 'GENKI3_L14');
insert into "grammar"."example_reference" ("example_id", "lesson_code") values (cast('abaa1011-a1b9-4996-a596-8d070aa8299d' as uuid), 'GENKI3_L14');
insert into "grammar"."example_reference" ("example_id", "lesson_code") values (cast('b622d86d-a1c1-457e-8879-84fba8caf0ea' as uuid), 'GENKI3_L14');
insert into "grammar"."example_reference" ("example_id", "lesson_code") values (cast('fa01f8c1-a8db-4888-9f5f-86347b05c7ef' as uuid), 'GENKI3_L14');
-- ＰはＮが欲しいと言っています<br/>ＰはＮが欲しいでしょう | (Person) wants (to possess) N --
insert into "grammar"."rule" ("id", "meaning", "title_preferred_spelling", "title_phonetic_spelling", "title_furigana_template", "how_to_use", "jlpt_level", "row_num", "date_added", "tags") values (cast('a3226ad4-0eab-4bb2-9378-c5269be97d5c' as uuid), '(Person) wants (to possess) N', 'ＰはＮが欲しいと言っています<br/>ＰはＮが欲しいでしょう', null, null, cast('{"person + は + noun + 欲しい + と言っています","person + は + noun + 欲しい + でしょう"}' as text[]), null, 74, date '2024-05-16', cast('{}' as varchar[]));
insert into "grammar"."example" ("id", "rule_id", "meaning", "text_preferred_spelling", "text_phonetic_spelling", "text_furigana_template", "sort_rank", "tags") values (cast('0d526186-3d37-49d1-9d7e-d8a2a21423d3' as uuid), cast('a3226ad4-0eab-4bb2-9378-c5269be97d5c' as uuid), 'Yasmin says she wants a new phone.', 'ヤスミンさんは新しいスマホが欲しいと言っています。', 'ヤスミンさんはあたらしいスマホがほしいといっています。', 'ヤスミンさんは 新[あたら]しいスマホが 欲[ほ]しいと 言[い]っています。', 1, cast('{}' as varchar[]));
insert into "grammar"."example" ("id", "rule_id", "meaning", "text_preferred_spelling", "text_phonetic_spelling", "text_furigana_template", "sort_rank", "tags") values (cast('ac123ab2-6279-48ce-9d05-38abfe82934b' as uuid), cast('a3226ad4-0eab-4bb2-9378-c5269be97d5c' as uuid), 'Azusa probably doesn''t want a stuffed animal.', '梓さんはぬいぐるみが欲しくないでしょう。', 'あずささんはぬいぐるみがほしくないでしょう。', '梓[あずさ]さんはぬいぐるみが 欲[ほ]しくないでしょう。', 2, cast('{}' as varchar[]));
insert into "grammar"."rule_reference" ("rule_id", "lesson_code") values (cast('a3226ad4-0eab-4bb2-9378-c5269be97d5c' as uuid), 'GENKI3_L14');
insert into "grammar"."example_reference" ("example_id", "lesson_code") values (cast('0d526186-3d37-49d1-9d7e-d8a2a21423d3' as uuid), 'GENKI3_L14');
insert into "grammar"."example_reference" ("example_id", "lesson_code") values (cast('ac123ab2-6279-48ce-9d05-38abfe82934b' as uuid), 'GENKI3_L14');
-- 〜かもしれません<br/>〜かもしれない<br/>〜かも | Maybe... --
insert into "grammar"."rule" ("id", "meaning", "title_preferred_spelling", "title_phonetic_spelling", "title_furigana_template", "how_to_use", "jlpt_level", "row_num", "date_added", "tags") values (cast('be1c7e15-84c8-4b9e-bb7f-dd61a0404163' as uuid), 'Maybe...', '〜かもしれません<br/>〜かもしれない<br/>〜かも', null, null, cast('{"verb (short) + かもしれません","noun + かもしれません","な-adj + かもしれません","い-adj + かもしれません","〜かもしれない ⟶ casual","〜かも ⟶ casual","(Do not put だ after noun, but other conjugations are used)"}' as text[]), null, 75, date '2024-05-21', cast('{}' as varchar[]));
insert into "grammar"."example" ("id", "rule_id", "meaning", "text_preferred_spelling", "text_phonetic_spelling", "text_furigana_template", "sort_rank", "tags") values (cast('71ee25fc-e40d-4cfb-9cf1-b0c2745aafbe' as uuid), cast('be1c7e15-84c8-4b9e-bb7f-dd61a0404163' as uuid), 'It may rain tomorrow.', '明日は雨が降るかもしれません。', 'あしたはあめがふるかもしれません。', '明日[あした]は 雨[あめ]が 降[ふ]るかもしれません。', 1, cast('{}' as varchar[]));
insert into "grammar"."example" ("id", "rule_id", "meaning", "text_preferred_spelling", "text_phonetic_spelling", "text_furigana_template", "sort_rank", "tags") values (cast('9ea19e50-ed8c-4f1c-9f1d-fa3b754f9fee' as uuid), cast('be1c7e15-84c8-4b9e-bb7f-dd61a0404163' as uuid), 'Suzuki is perhaps taller than Tanaka', '田中さんより、鈴木さんの方が背が高いかもしれない。', 'たなかさんより、すずきさんのほうがせがたかいかもしれない。', '田[た] 中[なか]さんより、 鈴[すず] 木[き]さんの 方[ほう]が 背[せ]が 高[たか]いかもしれない。', 2, cast('{}' as varchar[]));
insert into "grammar"."example" ("id", "rule_id", "meaning", "text_preferred_spelling", "text_phonetic_spelling", "text_furigana_template", "sort_rank", "tags") values (cast('46096a66-5b4d-40bc-8789-1bf602955b04' as uuid), cast('be1c7e15-84c8-4b9e-bb7f-dd61a0404163' as uuid), 'The weather may not be good tomorrow.', '明日は天気がよくないかも。', 'あしたはてんきがよくないかも。', '明日[あした]は 天[てん] 気[き]がよくないかも。', 3, cast('{}' as varchar[]));
insert into "grammar"."example" ("id", "rule_id", "meaning", "text_preferred_spelling", "text_phonetic_spelling", "text_furigana_template", "sort_rank", "tags") values (cast('6cc832a0-5c1c-47b3-9c1d-1cf1994214be' as uuid), cast('be1c7e15-84c8-4b9e-bb7f-dd61a0404163' as uuid), 'Robert may have been a bully when he was a kid.', 'ロバートさんは、子供の時、意地悪だったかもしれません。', 'ロバートさんは、こどものとき、いじわるだったかもしれません。', 'ロバートさんは、 子[こ] 供[ども]の 時[とき]、 意[い] 地[じ] 悪[わる]だったかもしれません。', 4, cast('{}' as varchar[]));
insert into "grammar"."example" ("id", "rule_id", "meaning", "text_preferred_spelling", "text_phonetic_spelling", "text_furigana_template", "sort_rank", "tags") values (cast('a161a3ae-1375-48a9-a24c-6533c48811c0' as uuid), cast('be1c7e15-84c8-4b9e-bb7f-dd61a0404163' as uuid), 'It might be a cat.<br/>It might''ve been a cat.', '猫かもしれない。<br/>猫だったかもしれない。', 'ねこかもしれない。<br/>ねこだったかもしれない。', '猫[ねこ]かもしれない。<br/> 猫[ねこ]だったかもしれない。', 5, cast('{}' as varchar[]));
insert into "grammar"."example" ("id", "rule_id", "meaning", "text_preferred_spelling", "text_phonetic_spelling", "text_furigana_template", "sort_rank", "tags") values (cast('93a4f2d5-d48a-4e39-abc4-a3a976bd4a18' as uuid), cast('be1c7e15-84c8-4b9e-bb7f-dd61a0404163' as uuid), 'Professor Yamashita may not like dogs.', '山下先生は犬が嫌いかもしれません。', 'やましたせんせいはいぬがきらいかもしれません。', '山[やま] 下[した] 先[せん] 生[せい]は 犬[いぬ]が 嫌[きら]いかもしれません。', 6, cast('{}' as varchar[]));
insert into "grammar"."rule_reference" ("rule_id", "lesson_code") values (cast('be1c7e15-84c8-4b9e-bb7f-dd61a0404163' as uuid), 'GENKI3_L14');
insert into "grammar"."example_reference" ("example_id", "lesson_code") values (cast('71ee25fc-e40d-4cfb-9cf1-b0c2745aafbe' as uuid), 'GENKI3_L14');
insert into "grammar"."example_reference" ("example_id", "lesson_code") values (cast('9ea19e50-ed8c-4f1c-9f1d-fa3b754f9fee' as uuid), 'GENKI3_L14');
insert into "grammar"."example_reference" ("example_id", "lesson_code") values (cast('46096a66-5b4d-40bc-8789-1bf602955b04' as uuid), 'GENKI3_L14');
insert into "grammar"."example_reference" ("example_id", "lesson_code") values (cast('6cc832a0-5c1c-47b3-9c1d-1cf1994214be' as uuid), 'GENKI3_L14');
insert into "grammar"."example_reference" ("example_id", "lesson_code") values (cast('a161a3ae-1375-48a9-a24c-6533c48811c0' as uuid), 'TOFUGU_KAMOSHIRENAI');
insert into "grammar"."example_reference" ("example_id", "lesson_code") values (cast('93a4f2d5-d48a-4e39-abc4-a3a976bd4a18' as uuid), 'GENKI3_L14');
-- ＡはＢにあげる<br/>ＡはＢにくれる | A gives to B --
insert into "grammar"."rule" ("id", "meaning", "title_preferred_spelling", "title_phonetic_spelling", "title_furigana_template", "how_to_use", "jlpt_level", "row_num", "date_added", "tags") values (cast('706ea9f3-62e6-4604-97bd-34997150f05a' as uuid), 'A gives to B', 'ＡはＢにあげる<br/>ＡはＢにくれる', null, null, cast('{"giver + は/が + recipient + に + あげる ⟶ moving away, between others","giver + は/が + recipient + に + くれる ⟶ moving closer"}' as text[]), null, 76, date '2024-05-28', cast('{}' as varchar[]));
insert into "grammar"."example" ("id", "rule_id", "meaning", "text_preferred_spelling", "text_phonetic_spelling", "text_furigana_template", "sort_rank", "tags") values (cast('99ec02e7-399e-494f-a615-550a862cc464' as uuid), cast('706ea9f3-62e6-4604-97bd-34997150f05a' as uuid), 'I gave the woman flowers.', '私はその女の人に花をあげます。', 'わたしはそのおんあのひとにはなをあげます。', '私[わたし]はその 女[おんあ]の 人[ひと]に 花[はな]をあげます。', 1, cast('{}' as varchar[]));
insert into "grammar"."example" ("id", "rule_id", "meaning", "text_preferred_spelling", "text_phonetic_spelling", "text_furigana_template", "sort_rank", "tags") values (cast('826e698e-a39d-4182-897d-cdf00c3b49ee' as uuid), cast('706ea9f3-62e6-4604-97bd-34997150f05a' as uuid), 'My parents may give m a new car.', '両親が（私に）新しい車をくれるかもしれません。', 'りょうしんが（わたしに）あたらしいくるまをくれるかもしれません。', '両[りょう] 親[しん]が（ 私[わたし]に） 新[あたら]しい 車[くるま]をくれるかもしれません。', 2, cast('{}' as varchar[]));
insert into "grammar"."example" ("id", "rule_id", "meaning", "text_preferred_spelling", "text_phonetic_spelling", "text_furigana_template", "sort_rank", "tags") values (cast('dad2138a-e2db-45fc-8ba6-ccc5d2dca6ac' as uuid), cast('706ea9f3-62e6-4604-97bd-34997150f05a' as uuid), 'Who gave you that present?', 'そのプレゼント、誰がくれたんですか。', 'そのプレゼント、だれがくれたんですか。', 'そのプレゼント、 誰[だれ]がくれたんですか。', 3, cast('{}' as varchar[]));
insert into "grammar"."example" ("id", "rule_id", "meaning", "text_preferred_spelling", "text_phonetic_spelling", "text_furigana_template", "sort_rank", "tags") values (cast('302a1fb5-d543-492c-9bfc-35045211ddc5' as uuid), cast('706ea9f3-62e6-4604-97bd-34997150f05a' as uuid), 'Ms. Shima gave me a cap.', '志摩さんは私に帽子をくれました。', 'しまさんはわたしにぼうしをくれました。', '志[し] 摩[ま]さんは 私[わたし]に 帽[ぼう] 子[し]をくれました。', 4, cast('{}' as varchar[]));
insert into "grammar"."example" ("id", "rule_id", "meaning", "text_preferred_spelling", "text_phonetic_spelling", "text_furigana_template", "sort_rank", "tags") values (cast('457b52eb-ee4c-4b71-aa90-e70409d86a26' as uuid), cast('706ea9f3-62e6-4604-97bd-34997150f05a' as uuid), 'A: What do you intend to to give your friend for their birthday? Why?<br/>I intend to give (my friend) a necktie; because my friend only has one necktie.', 'Ａ：友達の誕生日に何をあげるつもりですか。どうしてですか。<br/>Ｂ：ネクタイをあげるつもりです。友達は、ネクタイを一本しか持っていませんから。', 'Ａ：ともだちのたんじょうびになにをあげるつもりですか。どうしてですか。<br/>Ｂ：ネクタイをあげるつもりです。ともだちは、ネクタイをいっぽんしかもっていませんから。', 'Ａ： 友[とも] 達[だち]の 誕[たん] 生[じょう] 日[び]に 何[なに]をあげるつもりですか。どうしてですか。<br/>Ｂ：ネクタイをあげるつもりです。 友[とも] 達[だち]は、ネクタイを 一[いっ] 本[ぽん]しか 持[も]っていませんから。', 5, cast('{}' as varchar[]));
insert into "grammar"."example" ("id", "rule_id", "meaning", "text_preferred_spelling", "text_phonetic_spelling", "text_furigana_template", "sort_rank", "tags") values (cast('db7b9224-fd84-4ba4-8f6f-7a503f408821' as uuid), cast('706ea9f3-62e6-4604-97bd-34997150f05a' as uuid), 'Of the presents until now, what present was most expensive looking? Who gave it to you?<br/>B: A computer. Dad gave it to me.', 'Ａ：今までのプレゼントの中で、一番高そうなプレゼントは何ですか。誰がくれましたか。<br/>Ｂ：パソコンです。父がくれました。', 'Ａ：いままでのプレゼントのなかで、いちばんたかそうなプレゼントはなんですか。だれがくれましたか。<br/>Ｂ：パソコンです。ちちがくれました。', 'Ａ： 今[いま]までのプレゼントの 中[なか]で、 一[いち] 番[ばん] 高[たか]そうなプレゼントは 何[なん]ですか。 誰[だれ]がくれましたか。<br/>Ｂ：パソコンです。 父[ちち]がくれました。', 6, cast('{}' as varchar[]));
insert into "grammar"."rule_reference" ("rule_id", "lesson_code") values (cast('706ea9f3-62e6-4604-97bd-34997150f05a' as uuid), 'GENKI3_L14');
insert into "grammar"."example_reference" ("example_id", "lesson_code") values (cast('99ec02e7-399e-494f-a615-550a862cc464' as uuid), 'GENKI3_L14');
insert into "grammar"."example_reference" ("example_id", "lesson_code") values (cast('826e698e-a39d-4182-897d-cdf00c3b49ee' as uuid), 'GENKI3_L14');
insert into "grammar"."example_reference" ("example_id", "lesson_code") values (cast('dad2138a-e2db-45fc-8ba6-ccc5d2dca6ac' as uuid), 'GENKI3_L14');
insert into "grammar"."example_reference" ("example_id", "lesson_code") values (cast('302a1fb5-d543-492c-9bfc-35045211ddc5' as uuid), 'GENKI3_L14');
insert into "grammar"."example_reference" ("example_id", "lesson_code") values (cast('457b52eb-ee4c-4b71-aa90-e70409d86a26' as uuid), 'GENKI3_L14');
insert into "grammar"."example_reference" ("example_id", "lesson_code") values (cast('db7b9224-fd84-4ba4-8f6f-7a503f408821' as uuid), 'GENKI3_L14');
-- ＡはＢにもらう | A receives from B --
insert into "grammar"."rule" ("id", "meaning", "title_preferred_spelling", "title_phonetic_spelling", "title_furigana_template", "how_to_use", "jlpt_level", "row_num", "date_added", "tags") values (cast('265152c2-864a-4f7c-90a1-06f5f2c64072' as uuid), 'A receives from B', 'ＡはＢにもらう', null, null, cast('{"recipient + は/が + giver + に/から + もらう"}' as text[]), null, 77, date '2024-05-28', cast('{}' as varchar[]));
insert into "grammar"."example" ("id", "rule_id", "meaning", "text_preferred_spelling", "text_phonetic_spelling", "text_furigana_template", "sort_rank", "tags") values (cast('a0a67dca-8859-4a1c-a9b7-2fc9a28de123' as uuid), cast('265152c2-864a-4f7c-90a1-06f5f2c64072' as uuid), 'I received a winter scarf from my big sister.', '私は姉からマフラーをもらいました。', 'わたしはあねからマフラーをもらいました。', '私[わたし]は 姉[あね]からマフラーをもらいました。', 1, cast('{}' as varchar[]));
insert into "grammar"."example" ("id", "rule_id", "meaning", "text_preferred_spelling", "text_phonetic_spelling", "text_furigana_template", "sort_rank", "tags") values (cast('9dde2a28-62f6-4277-aaab-357b7e1b8f1b' as uuid), cast('265152c2-864a-4f7c-90a1-06f5f2c64072' as uuid), 'I received a souvenir from my big brother.', '私は兄にお土産をもらいました。', 'わたしはあににおみやげをもらいました。', '私[わたし]は 兄[あに]にお 土産[みやげ]をもらいました。', 2, cast('{}' as varchar[]));
insert into "grammar"."example" ("id", "rule_id", "meaning", "text_preferred_spelling", "text_phonetic_spelling", "text_furigana_template", "sort_rank", "tags") values (cast('6dd7683c-c209-4cb9-a8c6-9e368c85df6d' as uuid), cast('265152c2-864a-4f7c-90a1-06f5f2c64072' as uuid), 'Sora received flowers from Ken.', 'そらさんはけんさんに花をもらいました。', 'そらさんはけんさんにはなをもらいました。', 'そらさんはけんさんに 花[はな]をもらいました。', 3, cast('{}' as varchar[]));
insert into "grammar"."example" ("id", "rule_id", "meaning", "text_preferred_spelling", "text_phonetic_spelling", "text_furigana_template", "sort_rank", "tags") values (cast('41749f93-2bd2-4542-9749-5a73a4b4f155' as uuid), cast('265152c2-864a-4f7c-90a1-06f5f2c64072' as uuid), 'I received a cap from Ms. Kagamihara.', '私は各務原さんに帽子をもらいました。', 'わたしはかがみはらさんにぼうしをもらいました。', '私[わたし]は 各[かが] 務[み] 原[はら]さんに 帽[ぼう] 子[し]をもらいました。', 4, cast('{}' as varchar[]));
insert into "grammar"."rule_reference" ("rule_id", "lesson_code") values (cast('265152c2-864a-4f7c-90a1-06f5f2c64072' as uuid), 'GENKI3_L14');
insert into "grammar"."example_reference" ("example_id", "lesson_code") values (cast('a0a67dca-8859-4a1c-a9b7-2fc9a28de123' as uuid), 'GENKI3_L14');
insert into "grammar"."example_reference" ("example_id", "lesson_code") values (cast('6dd7683c-c209-4cb9-a8c6-9e368c85df6d' as uuid), 'GENKI3_L14');
insert into "grammar"."example_reference" ("example_id", "lesson_code") values (cast('41749f93-2bd2-4542-9749-5a73a4b4f155' as uuid), 'GENKI3_L14');
-- 〜たらどうですか | why don't you...<br/>(to convey advice or recommendation) --
insert into "grammar"."rule" ("id", "meaning", "title_preferred_spelling", "title_phonetic_spelling", "title_furigana_template", "how_to_use", "jlpt_level", "row_num", "date_added", "tags") values (cast('7650ae69-cbd6-4434-afbd-364400b95301' as uuid), 'why don''t you...<br/>(to convey advice or recommendation)', '〜たらどうですか', null, null, cast('{"verb (short, past) + らどうですか","verb (short, past) + らどう","May sound disapproving/criticising in tone if unsolicited"}' as text[]), null, 78, date '2024-06-22', cast('{}' as varchar[]));
insert into "grammar"."example" ("id", "rule_id", "meaning", "text_preferred_spelling", "text_phonetic_spelling", "text_furigana_template", "sort_rank", "tags") values (cast('07abd509-ab77-41c6-aab5-6fcfe677d073' as uuid), cast('7650ae69-cbd6-4434-afbd-364400b95301' as uuid), 'How about taking some medicine?', '薬お飲んだらどうですか。', 'くすりおのんだらどうですか。', '薬[くすり]お 飲[の]んだらどうですか。', 1, cast('{}' as varchar[]));
insert into "grammar"."example" ("id", "rule_id", "meaning", "text_preferred_spelling", "text_phonetic_spelling", "text_furigana_template", "sort_rank", "tags") values (cast('43716a07-94a8-4854-baa7-55aaf9c028b5' as uuid), cast('7650ae69-cbd6-4434-afbd-364400b95301' as uuid), 'Why don''t you study harder?', 'もっと勉強したらどう？', 'もっとべんきょうしたらどう？', 'もっと 勉[べん] 強[きょう]したらどう？', 2, cast('{}' as varchar[]));
insert into "grammar"."example" ("id", "rule_id", "meaning", "text_preferred_spelling", "text_phonetic_spelling", "text_furigana_template", "sort_rank", "tags") values (cast('57f61c6c-5d1c-4b3c-9657-07458d70aa58' as uuid), cast('7650ae69-cbd6-4434-afbd-364400b95301' as uuid), 'A: Because you have a fever, you maybe have a cold.<br/>Why don''t you stay (exist) at home?', 'Ａ：熱があるので、風邪かもしれません。<br/>Ｂ：うちにいたらどうですか。', 'Ａ：ねつがあるので、かぜかもしれません。<br/>Ｂ：うちにいたらどうですか。', 'Ａ： 熱[ねつ]があるので、 風邪[かぜ]かもしれません。<br/>Ｂ：うちにいたらどうですか。', 3, cast('{}' as varchar[]));
insert into "grammar"."example" ("id", "rule_id", "meaning", "text_preferred_spelling", "text_phonetic_spelling", "text_furigana_template", "sort_rank", "tags") values (cast('61b2bbd4-efcf-45dd-9d99-29cb0ffe034b' as uuid), cast('7650ae69-cbd6-4434-afbd-364400b95301' as uuid), 'A: I want to work at a Japanese company.<br/>B: Why don''t you send a resume to the company?', 'Ａ：日本の会社で働きたいんです。<br/>Ｂ：会社に履歴書を送ったらどうですか。', 'Ａ：にほんのかいしゃではたらきたいんです。<br/>Ｂ：かいしゃにりれきしょをおくったらどうですか。', 'Ａ： 日[に] 本[ほん]の 会[かい] 社[しゃ]で 働[はたら]きたいんです。<br/>Ｂ： 会[かい] 社[しゃ]に 履[り] 歴[れき] 書[しょ]を 送[おく]ったらどうですか。', 4, cast('{}' as varchar[]));
insert into "grammar"."example" ("id", "rule_id", "meaning", "text_preferred_spelling", "text_phonetic_spelling", "text_furigana_template", "sort_rank", "tags") values (cast('9f3b9b47-984b-4426-a12a-5c287caee059' as uuid), cast('7650ae69-cbd6-4434-afbd-364400b95301' as uuid), 'A: I lost my wallet (what should I do)<br/>B: Why don''t you go to the police?', 'Ａ：財布をなくしたんです。<br/>Ｂ：警察に行ったらどうですか。', 'Ａ：さいふをなくしたんです。<br/>Ｂ：けいさつにいったらどうですか。', 'Ａ： 財[さい] 布[ふ]をなくしたんです。<br/>Ｂ： 警[けい] 察[さつ]に 行[い]ったらどうですか。', 5, cast('{}' as varchar[]));
insert into "grammar"."example" ("id", "rule_id", "meaning", "text_preferred_spelling", "text_phonetic_spelling", "text_furigana_template", "sort_rank", "tags") values (cast('cb002d30-0bb9-4129-bcac-7ca47d0988eb' as uuid), cast('7650ae69-cbd6-4434-afbd-364400b95301' as uuid), 'A: What''s wrong?<br/>B: Japanese class is too difficulty.<br/>A: Why don''t you try consulting with the teacher?<br/>B: I will do that. Thank you.', 'Ａ：どうしたんですか。<br/>Ｂ：日本語の授業が難しすぎるんです。<br/>Ａ：先生に相談したらどうですか。<br/>Ｂ：そうします。ありがとうございます。', 'Ａ：どうしたんですか。<br/>Ｂ：にほんごのじゅぎょうがむずかしすぎるんです。<br/>Ａ：せんせいにそうだんしたらどうですか。<br/>Ｂ：そうします。ありがとうございます。', 'Ａ：どうしたんですか。<br/>Ｂ： 日[に] 本[ほん] 語[ご]の 授[じゅ] 業[ぎょう]が 難[むずか]しすぎるんです。<br/>Ａ： 先[せん] 生[せい]に 相[そう] 談[だん]したらどうですか。<br/>Ｂ：そうします。ありがとうございます。', 6, cast('{}' as varchar[]));
insert into "grammar"."rule_reference" ("rule_id", "lesson_code") values (cast('7650ae69-cbd6-4434-afbd-364400b95301' as uuid), 'GENKI3_L14');
insert into "grammar"."example_reference" ("example_id", "lesson_code") values (cast('07abd509-ab77-41c6-aab5-6fcfe677d073' as uuid), 'GENKI3_L14');
insert into "grammar"."example_reference" ("example_id", "lesson_code") values (cast('43716a07-94a8-4854-baa7-55aaf9c028b5' as uuid), 'GENKI3_L14');
insert into "grammar"."example_reference" ("example_id", "lesson_code") values (cast('57f61c6c-5d1c-4b3c-9657-07458d70aa58' as uuid), 'GENKI3_L14');
insert into "grammar"."example_reference" ("example_id", "lesson_code") values (cast('61b2bbd4-efcf-45dd-9d99-29cb0ffe034b' as uuid), 'GENKI3_L14');
insert into "grammar"."example_reference" ("example_id", "lesson_code") values (cast('9f3b9b47-984b-4426-a12a-5c287caee059' as uuid), 'GENKI3_L14');
insert into "grammar"."example_reference" ("example_id", "lesson_code") values (cast('cb002d30-0bb9-4129-bcac-7ca47d0988eb' as uuid), 'GENKI3_L14');
-- ＮがＣ<br/>ＮをＣ | A count C, of noun N --
insert into "grammar"."rule" ("id", "meaning", "title_preferred_spelling", "title_phonetic_spelling", "title_furigana_template", "how_to_use", "jlpt_level", "row_num", "date_added", "tags") values (cast('8a2afd45-2de3-4060-96f3-c7d55028a136' as uuid), 'A count C, of noun N', 'ＮがＣ<br/>ＮをＣ', null, null, cast('{"noun + が + number","noun + を + number"}' as text[]), null, 79, date '2024-07-05', cast('{}' as varchar[]));
insert into "grammar"."example" ("id", "rule_id", "meaning", "text_preferred_spelling", "text_phonetic_spelling", "text_furigana_template", "sort_rank", "tags") values (cast('86decf1d-33f9-4095-b2ba-f0a08962021f' as uuid), cast('8a2afd45-2de3-4060-96f3-c7d55028a136' as uuid), 'THere are three cats in our house.', '私のうちには猫が三匹います。', 'わたしのうちにはねこがさんびきいます。', '私[わたし]のうちには 猫[ねこ]が 三[さん] 匹[びき]います。', 1, cast('{}' as varchar[]));
insert into "grammar"."example" ("id", "rule_id", "meaning", "text_preferred_spelling", "text_phonetic_spelling", "text_furigana_template", "sort_rank", "tags") values (cast('42b00b6e-0d06-40fe-8f8c-bdcfaf59c763' as uuid), cast('8a2afd45-2de3-4060-96f3-c7d55028a136' as uuid), 'We bought two umbrellas.', '傘を二本買いました。', 'かさをにほんかいました。', '傘[かさ]を 二[に] 本[ほん] 買[か]いました。', 2, cast('{}' as varchar[]));
insert into "grammar"."rule_reference" ("rule_id", "lesson_code") values (cast('8a2afd45-2de3-4060-96f3-c7d55028a136' as uuid), 'GENKI3_L14');
insert into "grammar"."example_reference" ("example_id", "lesson_code") values (cast('86decf1d-33f9-4095-b2ba-f0a08962021f' as uuid), 'GENKI3_L14');
insert into "grammar"."example_reference" ("example_id", "lesson_code") values (cast('42b00b6e-0d06-40fe-8f8c-bdcfaf59c763' as uuid), 'GENKI3_L14');
-- Ｎも | as many as N --
insert into "grammar"."rule" ("id", "meaning", "title_preferred_spelling", "title_phonetic_spelling", "title_furigana_template", "how_to_use", "jlpt_level", "row_num", "date_added", "tags") values (cast('324fc6fd-bac5-4bb7-9cf7-8719c2bd1baf' as uuid), 'as many as N', 'Ｎも', null, null, cast('{"number + も"}' as text[]), null, 80, date '2024-07-05', cast('{}' as varchar[]));
insert into "grammar"."example" ("id", "rule_id", "meaning", "text_preferred_spelling", "text_phonetic_spelling", "text_furigana_template", "sort_rank", "tags") values (cast('eddf8c11-3ba0-4f6e-b30d-0032c42f9452' as uuid), cast('324fc6fd-bac5-4bb7-9cf7-8719c2bd1baf' as uuid), 'My mother owns as many as three cats.', '私の母は猫を三匹も飼っています。', 'わたしのはははねこをさんびきもかっています。', '私[わたし]の 母[はは]は 猫[ねこ]を 三[さん] 匹[びき]も 飼[か]っています。', 1, cast('{}' as varchar[]));
insert into "grammar"."example" ("id", "rule_id", "meaning", "text_preferred_spelling", "text_phonetic_spelling", "text_furigana_template", "sort_rank", "tags") values (cast('e6dafe29-694a-47d8-93ab-e0e8debdb12e' as uuid), cast('324fc6fd-bac5-4bb7-9cf7-8719c2bd1baf' as uuid), 'As many as twenty students showed up at the party yesterday.', '昨日のパーティーには学生が２０人も来ました。', 'きのうのパーティーにはがくせいがにじゅうにんもきました。', '昨日[きのう]のパーティーには 学[がく] 生[せい]が ２[に] ０[じゅう] 人[にん]も 来[き]ました。', 2, cast('{}' as varchar[]));
insert into "grammar"."example" ("id", "rule_id", "meaning", "text_preferred_spelling", "text_phonetic_spelling", "text_furigana_template", "sort_rank", "tags") values (cast('aeda22b9-b913-4efa-add8-9ba54151728d' as uuid), cast('324fc6fd-bac5-4bb7-9cf7-8719c2bd1baf' as uuid), 'Mary has three part-time jobs.', 'メアリーさんはアルバイトが三つもあります。', 'メアリーさんはアルバイトがみっつもあります。', 'メアリーさんはアルバイトが 三[みっ]つもあります。', 3, cast('{}' as varchar[]));
insert into "grammar"."example" ("id", "rule_id", "meaning", "text_preferred_spelling", "text_phonetic_spelling", "text_furigana_template", "sort_rank", "tags") values (cast('b980a23b-a934-42fc-9f13-2f49b187bae0' as uuid), cast('324fc6fd-bac5-4bb7-9cf7-8719c2bd1baf' as uuid), 'A: Yesterday, how many hours did you spend studying Japanese?<br/>B: (I spent) 5 hours doing it.', 'Ａ：昨日何時間日本語を勉強しましたか。<br/>Ｂ：５時間もしました。', 'Ａ：きのうなんじかんにほんごをべんきょうしましたか。<br/>Ｂ：ごじかんもしました。', 'Ａ： 昨日[きのう] 何[なん] 時[じ] 間[かん] 日[に] 本[ほん] 語[ご]を 勉[べん] 強[きょう]しましたか。<br/>Ｂ： ５[ご] 時[じ] 間[かん]もしました。', 4, cast('{}' as varchar[]));
insert into "grammar"."rule_reference" ("rule_id", "lesson_code") values (cast('324fc6fd-bac5-4bb7-9cf7-8719c2bd1baf' as uuid), 'GENKI3_L14');
insert into "grammar"."example_reference" ("example_id", "lesson_code") values (cast('eddf8c11-3ba0-4f6e-b30d-0032c42f9452' as uuid), 'GENKI3_L14');
insert into "grammar"."example_reference" ("example_id", "lesson_code") values (cast('e6dafe29-694a-47d8-93ab-e0e8debdb12e' as uuid), 'GENKI3_L14');
insert into "grammar"."example_reference" ("example_id", "lesson_code") values (cast('aeda22b9-b913-4efa-add8-9ba54151728d' as uuid), 'GENKI3_L14');
insert into "grammar"."example_reference" ("example_id", "lesson_code") values (cast('b980a23b-a934-42fc-9f13-2f49b187bae0' as uuid), 'GENKI3_L14');
-- ＮしかＶない | as few as N --
insert into "grammar"."rule" ("id", "meaning", "title_preferred_spelling", "title_phonetic_spelling", "title_furigana_template", "how_to_use", "jlpt_level", "row_num", "date_added", "tags") values (cast('6d0ab9b7-815c-431e-b6f0-20b247fc3d09' as uuid), 'as few as N', 'ＮしかＶない', null, null, cast('{"number + しか + verb (negative)"}' as text[]), null, 81, date '2024-07-05', cast('{}' as varchar[]));
insert into "grammar"."example" ("id", "rule_id", "meaning", "text_preferred_spelling", "text_phonetic_spelling", "text_furigana_template", "sort_rank", "tags") values (cast('759d83a2-a548-488d-9bc6-5fb9acc57ca2' as uuid), cast('6d0ab9b7-815c-431e-b6f0-20b247fc3d09' as uuid), 'I have only one Japanese book.', '私は日本語の本を一冊しか持っていません。', 'わたしはにほんごのほんをいっさつしかもっていません。', '私[わたし]は 日[に] 本[ほん] 語[ご]の 本[ほん]を 一[いっ] 冊[さつ]しか 持[も]っていません。', 1, cast('{}' as varchar[]));
insert into "grammar"."example" ("id", "rule_id", "meaning", "text_preferred_spelling", "text_phonetic_spelling", "text_furigana_template", "sort_rank", "tags") values (cast('40188a7e-fa5b-4c42-84cf-91e024d0f827' as uuid), cast('6d0ab9b7-815c-431e-b6f0-20b247fc3d09' as uuid), 'There are only two computers in this company.', 'この会社にはパソコンが二台しかありません。', 'このかいしゃにはパソコンがにだいしかありません。', 'この 会[かい] 社[しゃ]にはパソコンが 二[に] 台[だい]しかありません。', 2, cast('{}' as varchar[]));
insert into "grammar"."example" ("id", "rule_id", "meaning", "text_preferred_spelling", "text_phonetic_spelling", "text_furigana_template", "sort_rank", "tags") values (cast('a9287de9-e417-4569-be9e-050ca6888bc7' as uuid), cast('6d0ab9b7-815c-431e-b6f0-20b247fc3d09' as uuid), 'John slept as few as four hours yesterday.', 'ジョンさんは昨日４時間しか寝ませんでした。', 'ジョンさんはきのうよんじかんしかねませんでした。', 'ジョンさんは 昨日[きのう] ４[よん] 時[じ] 間[かん]しか 寝[ね]ませんでした。', 3, cast('{}' as varchar[]));
insert into "grammar"."example" ("id", "rule_id", "meaning", "text_preferred_spelling", "text_phonetic_spelling", "text_furigana_template", "sort_rank", "tags") values (cast('0ac6d6f7-51f6-4117-913c-6e374a800908' as uuid), cast('6d0ab9b7-815c-431e-b6f0-20b247fc3d09' as uuid), 'Bocchi has only one friend.', 'ぼっちちゃんは友達が一人しかいません。', 'ぼっちちゃんはともだちがひとりしかいません。', 'ぼっちちゃんは 友達[ともだち]が 一人[ひとり]しかいません。', 4, cast('{}' as varchar[]));
insert into "grammar"."example" ("id", "rule_id", "meaning", "text_preferred_spelling", "text_phonetic_spelling", "text_furigana_template", "sort_rank", "tags") values (cast('5d8a7e17-8f72-4e4e-b1f4-d583d5687141' as uuid), cast('6d0ab9b7-815c-431e-b6f0-20b247fc3d09' as uuid), 'A: This semester, how many times have you been late?<br/>B: As few as once, I''ve been late.', 'Ａ：今学期、何回遅刻しましたか。<br/>Ｂ：１回しか遅刻しませんでした。', 'Ａ：こんがっき、なんかいちこくしましたか。<br/>Ｂ：いっかいしかちこくしませんでした。', 'Ａ： 今[こん] 学[がっ] 期[き]、 何[なん] 回[かい] 遅[ち] 刻[こく]しましたか。<br/>Ｂ： １[いっ] 回[かい]しか 遅[ち] 刻[こく]しませんでした。', 5, cast('{}' as varchar[]));
insert into "grammar"."rule_reference" ("rule_id", "lesson_code") values (cast('6d0ab9b7-815c-431e-b6f0-20b247fc3d09' as uuid), 'GENKI3_L14');
insert into "grammar"."example_reference" ("example_id", "lesson_code") values (cast('759d83a2-a548-488d-9bc6-5fb9acc57ca2' as uuid), 'GENKI3_L14');
insert into "grammar"."example_reference" ("example_id", "lesson_code") values (cast('40188a7e-fa5b-4c42-84cf-91e024d0f827' as uuid), 'GENKI3_L14');
insert into "grammar"."example_reference" ("example_id", "lesson_code") values (cast('a9287de9-e417-4569-be9e-050ca6888bc7' as uuid), 'GENKI3_L14');
insert into "grammar"."example_reference" ("example_id", "lesson_code") values (cast('0ac6d6f7-51f6-4117-913c-6e374a800908' as uuid), 'GENKI3_L14');
insert into "grammar"."example_reference" ("example_id", "lesson_code") values (cast('5d8a7e17-8f72-4e4e-b1f4-d583d5687141' as uuid), 'GENKI3_L14');
-- ①　〜できる | can do / be good at / do well --
insert into "grammar"."rule" ("id", "meaning", "title_preferred_spelling", "title_phonetic_spelling", "title_furigana_template", "how_to_use", "jlpt_level", "row_num", "date_added", "tags") values (cast('0e91e596-e242-4d77-a106-02f14ec60ca7' as uuid), 'can do / be good at / do well', '①　〜できる', null, null, cast('{"clause + できる"}' as text[]), null, 82, date '2024-07-17', cast('{}' as varchar[]));
insert into "grammar"."example" ("id", "rule_id", "meaning", "text_preferred_spelling", "text_phonetic_spelling", "text_furigana_template", "sort_rank", "tags") values (cast('05719729-2110-42d7-99c6-e1d0d1ca2af7' as uuid), cast('0e91e596-e242-4d77-a106-02f14ec60ca7' as uuid), 'I am capable in Japanese.', '日本語ができます。', 'にほんごができます。', '日[に] 本[ほん] 語[ご]ができます。', 1, cast('{}' as varchar[]));
insert into "grammar"."example" ("id", "rule_id", "meaning", "text_preferred_spelling", "text_phonetic_spelling", "text_furigana_template", "sort_rank", "tags") values (cast('5c0a1175-d16f-43df-98d0-e84ebbdf75cb' as uuid), cast('0e91e596-e242-4d77-a106-02f14ec60ca7' as uuid), 'He can''t ski.', '彼はスキーができません。', 'かれはスキーができません。', '彼[かれ]はスキーができません。', 2, cast('{}' as varchar[]));
insert into "grammar"."example" ("id", "rule_id", "meaning", "text_preferred_spelling", "text_phonetic_spelling", "text_furigana_template", "sort_rank", "tags") values (cast('b936ddaf-65ff-4b53-90c7-4ed6ae986b0c' as uuid), cast('0e91e596-e242-4d77-a106-02f14ec60ca7' as uuid), 'I didn''t do well on the exam.', 'テストであまりできませんでした。', 'テストであまりできませんでした。', 'テストであまりできませんでした。', 3, cast('{}' as varchar[]));
insert into "grammar"."rule_reference" ("rule_id", "lesson_code") values (cast('0e91e596-e242-4d77-a106-02f14ec60ca7' as uuid), 'GENKI3_L14');
insert into "grammar"."example_reference" ("example_id", "lesson_code") values (cast('05719729-2110-42d7-99c6-e1d0d1ca2af7' as uuid), 'GENKI3_L14');
insert into "grammar"."example_reference" ("example_id", "lesson_code") values (cast('5c0a1175-d16f-43df-98d0-e84ebbdf75cb' as uuid), 'GENKI3_L14');
insert into "grammar"."example_reference" ("example_id", "lesson_code") values (cast('b936ddaf-65ff-4b53-90c7-4ed6ae986b0c' as uuid), 'GENKI3_L14');
-- ②　〜できる | be completed / be finished --
insert into "grammar"."rule" ("id", "meaning", "title_preferred_spelling", "title_phonetic_spelling", "title_furigana_template", "how_to_use", "jlpt_level", "row_num", "date_added", "tags") values (cast('9390bbf7-0b6c-4662-8aaf-f1a61557ee96' as uuid), 'be completed / be finished', '②　〜できる', null, null, cast('{"clause + できる"}' as text[]), null, 83, date '2024-07-17', cast('{}' as varchar[]));
insert into "grammar"."example" ("id", "rule_id", "meaning", "text_preferred_spelling", "text_phonetic_spelling", "text_furigana_template", "sort_rank", "tags") values (cast('4c23dc8c-92c4-4640-8247-537ee1f210a2' as uuid), cast('9390bbf7-0b6c-4662-8aaf-f1a61557ee96' as uuid), 'Dinner is ready.', '晩ご飯ができましたよ。', 'ばんごはんができましたよ。', '晩[ばん]ご 飯[はん]ができましたよ。', 1, cast('{}' as varchar[]));
insert into "grammar"."example" ("id", "rule_id", "meaning", "text_preferred_spelling", "text_phonetic_spelling", "text_furigana_template", "sort_rank", "tags") values (cast('45e0ab3b-ee48-4501-9c1e-23d4dd06c60d' as uuid), cast('9390bbf7-0b6c-4662-8aaf-f1a61557ee96' as uuid), 'Is your homework done yet?', '宿題はできましたか。', 'しゅくだいはできましたか。', '宿[しゅく] 題[だい]はできましたか。', 2, cast('{}' as varchar[]));
insert into "grammar"."rule_reference" ("rule_id", "lesson_code") values (cast('9390bbf7-0b6c-4662-8aaf-f1a61557ee96' as uuid), 'GENKI3_L14');
insert into "grammar"."example_reference" ("example_id", "lesson_code") values (cast('4c23dc8c-92c4-4640-8247-537ee1f210a2' as uuid), 'GENKI3_L14');
insert into "grammar"."example_reference" ("example_id", "lesson_code") values (cast('45e0ab3b-ee48-4501-9c1e-23d4dd06c60d' as uuid), 'GENKI3_L14');
-- ③　〜できる | appear / come into existence / be made --
insert into "grammar"."rule" ("id", "meaning", "title_preferred_spelling", "title_phonetic_spelling", "title_furigana_template", "how_to_use", "jlpt_level", "row_num", "date_added", "tags") values (cast('62c89496-dbe6-425d-9b4d-c8d411085577' as uuid), 'appear / come into existence / be made', '③　〜できる', null, null, cast('{"clause + できる"}' as text[]), null, 84, date '2024-07-17', cast('{}' as varchar[]));
insert into "grammar"."example" ("id", "rule_id", "meaning", "text_preferred_spelling", "text_phonetic_spelling", "text_furigana_template", "sort_rank", "tags") values (cast('b3c580c6-8b6f-43ce-acb6-66dc51f8a396' as uuid), cast('62c89496-dbe6-425d-9b4d-c8d411085577' as uuid), 'A new store has opened.', '新しい店ができました。', 'あたらしいみせができました。', '新[あたら]しい 店[みせ]ができました。', 1, cast('{}' as varchar[]));
insert into "grammar"."example" ("id", "rule_id", "meaning", "text_preferred_spelling", "text_phonetic_spelling", "text_furigana_template", "sort_rank", "tags") values (cast('2ef8af2d-90a0-4a9c-8a50-440b397b2d3d' as uuid), cast('62c89496-dbe6-425d-9b4d-c8d411085577' as uuid), 'I have made many friends.', '友達がたくさんできました。', 'ともだちがたくさんできました。', '友[とも] 達[だち]がたくさんできました。', 2, cast('{}' as varchar[]));
insert into "grammar"."rule_reference" ("rule_id", "lesson_code") values (cast('62c89496-dbe6-425d-9b4d-c8d411085577' as uuid), 'GENKI3_L14');
insert into "grammar"."example_reference" ("example_id", "lesson_code") values (cast('b3c580c6-8b6f-43ce-acb6-66dc51f8a396' as uuid), 'GENKI3_L14');
insert into "grammar"."example_reference" ("example_id", "lesson_code") values (cast('2ef8af2d-90a0-4a9c-8a50-440b397b2d3d' as uuid), 'GENKI3_L14');
-- 〜よう | volitional: let's...<br/>(casual ましょう) --
insert into "grammar"."rule" ("id", "meaning", "title_preferred_spelling", "title_phonetic_spelling", "title_furigana_template", "how_to_use", "jlpt_level", "row_num", "date_added", "tags") values (cast('c83bf5df-9dea-47e4-8411-31b44818ab42' as uuid), 'volitional: let''s...<br/>(casual ましょう)', '〜よう', null, null, cast('{"ichidan verb (stem) + よう","godan verb: -u ⟶ -oo"}' as text[]), null, 85, date '2024-07-29', cast('{}' as varchar[]));
insert into "grammar"."example" ("id", "rule_id", "meaning", "text_preferred_spelling", "text_phonetic_spelling", "text_furigana_template", "sort_rank", "tags") values (cast('ab8adb6a-9105-43cb-94d7-56c0017a4df8' as uuid), cast('c83bf5df-9dea-47e4-8411-31b44818ab42' as uuid), 'A: We won''t have any classes tomorrow. Lets go somewhere this evening.<br/>B: Sounds good. Let''s do so.', 'Ａ：明日は授業がないから、今晩どこかに行こう。<br/>Ｂ：いいね。そうしよう。', 'Ａ：あしたはじゅぎょうがないから、こんばんどこかにいこう。<br/>Ｂ：いいね。そうしよう。', 'Ａ： 明日[あした]は 授[じゅ] 業[ぎょう]がないから、 今[こん] 晩[ばん]どこかに 行[い]こう。<br/>Ｂ：いいね。そうしよう。', 1, cast('{}' as varchar[]));
insert into "grammar"."example" ("id", "rule_id", "meaning", "text_preferred_spelling", "text_phonetic_spelling", "text_furigana_template", "sort_rank", "tags") values (cast('700b4e7d-a3cc-4099-a0b5-1e2b7fc33192' as uuid), cast('c83bf5df-9dea-47e4-8411-31b44818ab42' as uuid), 'A: Shall I lend you a hand?<br/>B: No, I''m doing okay.', 'Ａ：手伝おうか。<br/>Ｂ：ううん。大丈夫。', 'Ａ：てっだおうか。<br/>Ｂ：ううん。だいじょうぶ。', 'Ａ： 手[て] 伝[っだ]おうか。<br/>Ｂ：ううん。 大[だい] 丈[じょう] 夫[ぶ]。', 2, cast('{}' as varchar[]));
insert into "grammar"."example" ("id", "rule_id", "meaning", "text_preferred_spelling", "text_phonetic_spelling", "text_furigana_template", "sort_rank", "tags") values (cast('23cf3136-e230-4f4f-a6fe-aed825dcc7d6' as uuid), cast('c83bf5df-9dea-47e4-8411-31b44818ab42' as uuid), 'A: When shall we meet again?<br/>B: How about Saturaday next week?', 'Ａ：今度、いつ会おうか。<br/>B：来週の土曜日はどう？', 'Ａ：こんど、いつあおうか。<br/>B：らいしゅうのどようびはどう？', 'Ａ： 今[こん] 度[ど]、いつ 会[あ]おうか。<br/>B： 来[らい] 週[しゅう]の 土[ど] 曜[よう] 日[び]はどう？', 3, cast('{}' as varchar[]));
insert into "grammar"."example" ("id", "rule_id", "meaning", "text_preferred_spelling", "text_phonetic_spelling", "text_furigana_template", "sort_rank", "tags") values (cast('46736c37-f75c-4a45-b976-6ee48fcc56bc' as uuid), cast('c83bf5df-9dea-47e4-8411-31b44818ab42' as uuid), 'A: Let''s eat at a restaurant tonight.<br/>B: Sounds good. Let''s amke a reservation, shall we?', 'Ａ：今晩レストランで食べよう。<br/>Ｂ：いいね。予約しようか。<br/>Ａ：そうだね。', 'Ａ：こんばんレストランでたべよう。<br/>Ｂ：いいね。よやくしようか。<br/>Ａ：そうだね。', 'Ａ： 今[こん] 晩[ばん]レストランで 食[た]べよう。<br/>Ｂ：いいね。 予[よ] 約[やく]しようか。<br/>Ａ：そうだね。', 4, cast('{}' as varchar[]));
insert into "grammar"."example" ("id", "rule_id", "meaning", "text_preferred_spelling", "text_phonetic_spelling", "text_furigana_template", "sort_rank", "tags") values (cast('c08644d0-6696-4219-8c51-84852a77f545' as uuid), cast('c83bf5df-9dea-47e4-8411-31b44818ab42' as uuid), 'A: Let''s invite Yui too.<br/>B: Sounds great.', 'Ａ：唯さんも誘おう。<br/>Ｂ：いいよ。', 'Ａ：ゆいさんもさそおう。<br/>Ｂ：いいよ。', 'Ａ： 唯[ゆい]さんも 誘[さそ]おう。<br/>Ｂ：いいよ。', 5, cast('{}' as varchar[]));
insert into "grammar"."example" ("id", "rule_id", "meaning", "text_preferred_spelling", "text_phonetic_spelling", "text_furigana_template", "sort_rank", "tags") values (cast('719e66b8-b4a9-47cd-9dbf-886f6eac178c' as uuid), cast('c83bf5df-9dea-47e4-8411-31b44818ab42' as uuid), 'A: How shall we go [there]?<br/>B: Let''s go [there] by train.', 'Ａ：どうやって行こうか。<br/>Ｂ：電車で行こう。', 'Ａ：どうやっていこうか。<br/>Ｂ：でんしゃでいこう。', 'Ａ：どうやって 行[い]こうか。<br/>Ｂ： 電車[でんしゃ]で 行[い]こう。', 6, cast('{}' as varchar[]));
insert into "grammar"."rule_reference" ("rule_id", "lesson_code") values (cast('c83bf5df-9dea-47e4-8411-31b44818ab42' as uuid), 'GENKI3_L15');
insert into "grammar"."example_reference" ("example_id", "lesson_code") values (cast('ab8adb6a-9105-43cb-94d7-56c0017a4df8' as uuid), 'GENKI3_L15');
insert into "grammar"."example_reference" ("example_id", "lesson_code") values (cast('700b4e7d-a3cc-4099-a0b5-1e2b7fc33192' as uuid), 'GENKI3_L15');
insert into "grammar"."example_reference" ("example_id", "lesson_code") values (cast('23cf3136-e230-4f4f-a6fe-aed825dcc7d6' as uuid), 'GENKI3_L15');
insert into "grammar"."example_reference" ("example_id", "lesson_code") values (cast('46736c37-f75c-4a45-b976-6ee48fcc56bc' as uuid), 'GENKI3_L15');
insert into "grammar"."example_reference" ("example_id", "lesson_code") values (cast('c08644d0-6696-4219-8c51-84852a77f545' as uuid), 'GENKI3_L15');
insert into "grammar"."example_reference" ("example_id", "lesson_code") values (cast('719e66b8-b4a9-47cd-9dbf-886f6eac178c' as uuid), 'GENKI3_L15');
-- Ｖ（vol）+ と思っています | Talking about our resolutions; something we have already decided to do. --
insert into "grammar"."rule" ("id", "meaning", "title_preferred_spelling", "title_phonetic_spelling", "title_furigana_template", "how_to_use", "jlpt_level", "row_num", "date_added", "tags") values (cast('255b5117-c1d3-4726-85cd-82f934e6d4e9' as uuid), 'Talking about our resolutions; something we have already decided to do.', 'Ｖ（vol）+ と思っています', null, null, cast('{"verb (volitional) + と思っています"}' as text[]), null, 86, date '2024-07-30', cast('{}' as varchar[]));
insert into "grammar"."example" ("id", "rule_id", "meaning", "text_preferred_spelling", "text_phonetic_spelling", "text_furigana_template", "sort_rank", "tags") values (cast('94e05d61-9926-4c81-b88f-2076d3fa5805' as uuid), cast('255b5117-c1d3-4726-85cd-82f934e6d4e9' as uuid), 'I''ve decided to study Japanese for three hours every day.', '毎日三時間日本語を勉強しようと思っています。', 'まいにちさんじかんにほんごをべんきょうしようとおもっています。', '毎[まい] 日[にち] 三[さん] 時[じ] 間[かん] 日[に] 本[ほん] 語[ご]を 勉[べん] 強[きょう]しようと 思[おも]っています。', 1, cast('{}' as varchar[]));
insert into "grammar"."example" ("id", "rule_id", "meaning", "text_preferred_spelling", "text_phonetic_spelling", "text_furigana_template", "sort_rank", "tags") values (cast('7706b218-5e2b-470e-915a-39ab0238dc92' as uuid), cast('255b5117-c1d3-4726-85cd-82f934e6d4e9' as uuid), 'A:You got ¥100,000 from your parents? What are you using it for?<br/>B: I am going on a trip. (decision already made)', 'Ａ：両親から十万円もらったんですか。何に使うんですか。<br/>Ｂ：旅行に行こうと思っています。', 'Ａ：りょうしんからじゅうまんえんもらったんですか。なににつかうんですか。<br/>Ｂ：りょこうにいこうとおもっています。', 'Ａ： 両[りょう] 親[しん]から 十[じゅう] 万[まん] 円[えん]もらったんですか。 何[なに]に 使[つか]うんですか。<br/>Ｂ： 旅[りょ] 行[こう]に 行[い]こうと 思[おも]っています。', 2, cast('{}' as varchar[]));
insert into "grammar"."example" ("id", "rule_id", "meaning", "text_preferred_spelling", "text_phonetic_spelling", "text_furigana_template", "sort_rank", "tags") values (cast('564365a5-b46e-47f0-9da9-f07eecef7f91' as uuid), cast('255b5117-c1d3-4726-85cd-82f934e6d4e9' as uuid), 'I might become sick in the future, so I''ve decided to get insurance.', '将来病気になるかもしれないので、保険に入ろうと思っています。', 'しょうらいびょうきになるかもしれないので、ほけんにはいろうとおもっています。', '将[しょう] 来[らい] 病[びょう] 気[き]になるかもしれないので、 保[ほ] 険[けん]に 入[はい]ろうと 思[おも]っています。', 3, cast('{}' as varchar[]));
insert into "grammar"."example" ("id", "rule_id", "meaning", "text_preferred_spelling", "text_phonetic_spelling", "text_furigana_template", "sort_rank", "tags") values (cast('cec9d9c7-8ddc-41ad-a20a-f6e34fdf9d6c' as uuid), cast('255b5117-c1d3-4726-85cd-82f934e6d4e9' as uuid), 'I don''t have money, so I have decided to borrow money from my parents.', 'お金がないので、両親にお金を借りようと思っています。', 'おかねがないので、りょうしんにおかねをかりようとおもっています。', 'お 金[かね]がないので、 両[りょう] 親[しん]にお 金[かね]を 借[か]りようと 思[おも]っています。', 4, cast('{}' as varchar[]));
insert into "grammar"."example" ("id", "rule_id", "meaning", "text_preferred_spelling", "text_phonetic_spelling", "text_furigana_template", "sort_rank", "tags") values (cast('b550884d-d18d-4df9-b9fe-7a3cbbd14d72' as uuid), cast('255b5117-c1d3-4726-85cd-82f934e6d4e9' as uuid), 'A: What do you intend to do for the next holiday?<br/>B: My friends are coming, so with my friends, I''ve decided to go various places.', 'Ａ：今度の休みに何をしようと思っていますか。<br/>Ｂ：友達が来るので、友達と色々な所に行こうと思っています。', 'Ａ：こんどのやすみになにをしようとおもっていますか。<br/>Ｂ：ともだちがくるので、ともだちといろいろなところにいこうとおもっています。', 'Ａ： 今[こん] 度[ど]の 休[やす]みに 何[なに]をしようと 思[おも]っていますか。<br/>Ｂ： 友[とも] 達[だち]が 来[く]るので、 友[とも] 達[だち]と 色[いろ] 々[いろ]な 所[ところ]に 行[い]こうと 思[おも]っています。', 5, cast('{}' as varchar[]));
insert into "grammar"."example" ("id", "rule_id", "meaning", "text_preferred_spelling", "text_phonetic_spelling", "text_furigana_template", "sort_rank", "tags") values (cast('7c30bb92-dd8f-409a-b336-300a82428fe6' as uuid), cast('255b5117-c1d3-4726-85cd-82f934e6d4e9' as uuid), 'I always eat too many sweets, so this year I''ve decided to eat more vegetables. And then, about 3 times a week, I''ve decided to exercise.', 'いつもお菓子を食べすぎるので、今年はもっと野菜を食べようと思っています。それから、１週間に３回ぐらい運動しようと思っています。', 'いつもおかしをたべすぎるので、ことしはもっとやさいをたべようとおもっています。それから、いっしゅうかんにさんかいぐらいうんどうしようとおもっています。', 'いつもお 菓[か] 子[し]を 食[た]べすぎるので、 今[こ] 年[とし]はもっと 野[や] 菜[さい]を 食[た]べようと 思[おも]っています。それから、 １[いっ] 週[しゅう] 間[かん]に ３[さん] 回[かい]ぐらい 運[うん] 動[どう]しようと 思[おも]っています。', 6, cast('{}' as varchar[]));
insert into "grammar"."rule_reference" ("rule_id", "lesson_code") values (cast('255b5117-c1d3-4726-85cd-82f934e6d4e9' as uuid), 'GENKI3_L15');
insert into "grammar"."example_reference" ("example_id", "lesson_code") values (cast('94e05d61-9926-4c81-b88f-2076d3fa5805' as uuid), 'GENKI3_L15');
insert into "grammar"."example_reference" ("example_id", "lesson_code") values (cast('7706b218-5e2b-470e-915a-39ab0238dc92' as uuid), 'GENKI3_L15');
insert into "grammar"."example_reference" ("example_id", "lesson_code") values (cast('564365a5-b46e-47f0-9da9-f07eecef7f91' as uuid), 'GENKI3_L15');
insert into "grammar"."example_reference" ("example_id", "lesson_code") values (cast('cec9d9c7-8ddc-41ad-a20a-f6e34fdf9d6c' as uuid), 'GENKI3_L15');
insert into "grammar"."example_reference" ("example_id", "lesson_code") values (cast('b550884d-d18d-4df9-b9fe-7a3cbbd14d72' as uuid), 'GENKI3_L15');
insert into "grammar"."example_reference" ("example_id", "lesson_code") values (cast('7c30bb92-dd8f-409a-b336-300a82428fe6' as uuid), 'GENKI3_L15');
-- Ｖ（vol） + と思います | to suggest a decision is being made on the spot --
insert into "grammar"."rule" ("id", "meaning", "title_preferred_spelling", "title_phonetic_spelling", "title_furigana_template", "how_to_use", "jlpt_level", "row_num", "date_added", "tags") values (cast('97234b9f-a79b-4214-a9f4-4ebe57e019b9' as uuid), 'to suggest a decision is being made on the spot', 'Ｖ（vol） + と思います', null, null, cast('{"verb (volitional) + と思います"}' as text[]), null, 87, date '2024-07-30', cast('{}' as varchar[]));
insert into "grammar"."example" ("id", "rule_id", "meaning", "text_preferred_spelling", "text_phonetic_spelling", "text_furigana_template", "sort_rank", "tags") values (cast('ac79566b-d425-49bd-bd44-0b450ee2806b' as uuid), cast('97234b9f-a79b-4214-a9f4-4ebe57e019b9' as uuid), 'I will give you 100,000 yen. What will you use it for?<br/>I will go on a trip. (decision made on the spot)', 'Ａ：十万円あげましょう。何に使いますか。<br/>Ｂ：旅行に行こうと思います。', 'Ａ：じゅうまんえんあげましょう。なににつかいますか。<br/>Ｂ：りょこうにいこうとおもいます。', 'Ａ： 十[じゅう] 万[まん] 円[えん]あげましょう。 何[なに]に 使[つか]いますか。<br/>Ｂ： 旅[りょ] 行[こう]に 行[い]こうと 思[おも]います。', 1, cast('{}' as varchar[]));
insert into "grammar"."example" ("id", "rule_id", "meaning", "text_preferred_spelling", "text_phonetic_spelling", "text_furigana_template", "sort_rank", "tags") values (cast('36629d58-559f-4302-96ce-f80a1a6889e5' as uuid), cast('97234b9f-a79b-4214-a9f4-4ebe57e019b9' as uuid), 'I will/intend to work for a Japanese company.', '日本の会社で働こうと思います。', 'にほんのかいしゃではたらこうとおもいます。', '日[に] 本[ほん]の 会[かい] 社[しゃ]で 働[はたら]こうと 思[おも]います。', 2, cast('{}' as varchar[]));
insert into "grammar"."rule_reference" ("rule_id", "lesson_code") values (cast('97234b9f-a79b-4214-a9f4-4ebe57e019b9' as uuid), 'GENKI3_L15');
insert into "grammar"."example_reference" ("example_id", "lesson_code") values (cast('ac79566b-d425-49bd-bd44-0b450ee2806b' as uuid), 'GENKI3_L15');
insert into "grammar"."example_reference" ("example_id", "lesson_code") values (cast('36629d58-559f-4302-96ce-f80a1a6889e5' as uuid), 'GENKI3_L15');
-- 〜ておく | in preparation for... --
insert into "grammar"."rule" ("id", "meaning", "title_preferred_spelling", "title_phonetic_spelling", "title_furigana_template", "how_to_use", "jlpt_level", "row_num", "date_added", "tags") values (cast('ef2282a7-7e4d-421a-92eb-8c1f82b5ec0b' as uuid), 'in preparation for...', '〜ておく', null, null, cast('{"verb (て form) + おく","verb (て form without て) + とく","verb (て form) + 置く"}' as text[]), null, 88, date '2024-07-31', cast('{}' as varchar[]));
insert into "grammar"."example" ("id", "rule_id", "meaning", "text_preferred_spelling", "text_phonetic_spelling", "text_furigana_template", "sort_rank", "tags") values (cast('76895aef-2a73-4303-9c8f-ca04ba4b2255' as uuid), cast('ef2282a7-7e4d-421a-92eb-8c1f82b5ec0b' as uuid), 'Since there will be an exam tomorrow, I will study for it tonight.', '明日試験があるので、今晩勉強しておきます。', 'あしたしけんがあるので、こんばんべんきょうしておきます。', '明日[あした] 試[し] 験[けん]があるので、 今[こん] 晩[ばん] 勉[べん] 強[きょう]しておきます。', 1, cast('{}' as varchar[]));
insert into "grammar"."example" ("id", "rule_id", "meaning", "text_preferred_spelling", "text_phonetic_spelling", "text_furigana_template", "sort_rank", "tags") values (cast('401939e5-f57a-43fd-8d0e-a694ae4930eb' as uuid), cast('ef2282a7-7e4d-421a-92eb-8c1f82b5ec0b' as uuid), 'Because my friends are coming, I have to clean the room.', '友達が来るから、部屋を掃除しておかなきゃいけません。', 'ともだちがくるから、へやをそうじしておかなきゃいけません。', '友[とも] 達[だち]が 来[く]るから、 部[へ] 屋[や]を 掃[そう] 除[じ]しておかなきゃいけません。', 2, cast('{}' as varchar[]));
insert into "grammar"."example" ("id", "rule_id", "meaning", "text_preferred_spelling", "text_phonetic_spelling", "text_furigana_template", "sort_rank", "tags") values (cast('2afd4c42-d93b-44a8-8847-9199b26dc42a' as uuid), cast('ef2282a7-7e4d-421a-92eb-8c1f82b5ec0b' as uuid), 'I will make a hotel reservation in advance.', 'ホテルを予約しとくね。', 'ホテルをよやくしとくね。', 'ホテルを 予[よ] 約[やく]しとくね。', 3, cast('{}' as varchar[]));
insert into "grammar"."example" ("id", "rule_id", "meaning", "text_preferred_spelling", "text_phonetic_spelling", "text_furigana_template", "sort_rank", "tags") values (cast('4f3938a8-6093-48d0-8443-006f39f7062d' as uuid), cast('ef2282a7-7e4d-421a-92eb-8c1f82b5ec0b' as uuid), 'Because I''m going to Tokyo by train, I will check the time of the train.', '電車で東京に行くので、電車の時間を調べておきます。', 'でんしゃでとうきょうにいくので、でんしゃのじかんをしらべておきます。', '電[でん] 車[しゃ]で 東[とう] 京[きょう]に 行[い]くので、 電[でん] 車[しゃ]の 時[じ] 間[かん]を 調[しら]べておきます。', 4, cast('{}' as varchar[]));
insert into "grammar"."example" ("id", "rule_id", "meaning", "text_preferred_spelling", "text_phonetic_spelling", "text_furigana_template", "sort_rank", "tags") values (cast('bfca4b71-f808-44a8-81fc-59282625a4a0' as uuid), cast('ef2282a7-7e4d-421a-92eb-8c1f82b5ec0b' as uuid), 'A: Next time''s vacation you will climb Mt. Fuji. What must you do to prepare?<br/>B: I must buy warm clothes in preparation.', 'Ａ：今度の休みに富士山に登ります。何をしておかなければいけませんか。<br/>Ｂ：暖かい服を買っておかなければいけません。', 'Ａ：こんどのやすみにふじさんにのぼります。なにをしておかなければいけませんか。<br/>Ｂ：あたたかいふくをかっておかなければいけません。', 'Ａ： 今[こん] 度[ど]の 休[やす]みに 富[ふ] 士[じ] 山[さん]に 登[のぼ]ります。 何[なに]をしておかなければいけませんか。<br/>Ｂ： 暖[あたた]かい 服[ふく]を 買[か]っておかなければいけません。', 5, cast('{}' as varchar[]));
insert into "grammar"."example" ("id", "rule_id", "meaning", "text_preferred_spelling", "text_phonetic_spelling", "text_furigana_template", "sort_rank", "tags") values (cast('802befcf-55c8-4fff-8103-f05c93d1003c' as uuid), cast('ef2282a7-7e4d-421a-92eb-8c1f82b5ec0b' as uuid), 'Soon you will be going on a trip to a foreign country. What must you do to prepare?', 'もうすぐ海外旅行に行きます。何をしておかなければいけませんか。', 'もうすぐかいがいりょこうにいきます。なにをしておかなければいけませんか。', 'もうすぐ 海[かい] 外[がい] 旅[りょ] 行[こう]に 行[い]きます。 何[なに]をしておかなければいけませんか。', 6, cast('{}' as varchar[]));
insert into "grammar"."rule_reference" ("rule_id", "lesson_code") values (cast('ef2282a7-7e4d-421a-92eb-8c1f82b5ec0b' as uuid), 'GENKI3_L15');
insert into "grammar"."example_reference" ("example_id", "lesson_code") values (cast('76895aef-2a73-4303-9c8f-ca04ba4b2255' as uuid), 'GENKI3_L15');
insert into "grammar"."example_reference" ("example_id", "lesson_code") values (cast('401939e5-f57a-43fd-8d0e-a694ae4930eb' as uuid), 'GENKI3_L15');
insert into "grammar"."example_reference" ("example_id", "lesson_code") values (cast('2afd4c42-d93b-44a8-8847-9199b26dc42a' as uuid), 'GENKI3_L15');
insert into "grammar"."example_reference" ("example_id", "lesson_code") values (cast('4f3938a8-6093-48d0-8443-006f39f7062d' as uuid), 'GENKI3_L15');
insert into "grammar"."example_reference" ("example_id", "lesson_code") values (cast('bfca4b71-f808-44a8-81fc-59282625a4a0' as uuid), 'GENKI3_L15');
insert into "grammar"."example_reference" ("example_id", "lesson_code") values (cast('802befcf-55c8-4fff-8103-f05c93d1003c' as uuid), 'GENKI3_L15');
-- ＳＮ | Using a sentence to qualify a noun --
insert into "grammar"."rule" ("id", "meaning", "title_preferred_spelling", "title_phonetic_spelling", "title_furigana_template", "how_to_use", "jlpt_level", "row_num", "date_added", "tags") values (cast('746f1712-ac8e-4f9e-aae5-30fc75b10412' as uuid), 'Using a sentence to qualify a noun', 'ＳＮ', null, null, cast('{"qualifier sentence (short verb) + noun","When subject is in qualifier, use が instead of は"}' as text[]), null, 89, date '2024-08-13', cast('{}' as varchar[]));
insert into "grammar"."example" ("id", "rule_id", "meaning", "text_preferred_spelling", "text_phonetic_spelling", "text_furigana_template", "sort_rank", "tags") values (cast('6b92d7f4-c423-4d56-a611-e254eff70f91' as uuid), cast('746f1712-ac8e-4f9e-aae5-30fc75b10412' as uuid), 'This is a book that my girlfriend gave me on my birthday last year.', 'これは<u>去年の誕生日に彼女がくれた</u>本です。', 'これは<u>きょねんのたんじょうびにかのじょがくれた</u>ほんです。', 'これは<u> 去[きょ] 年[ねん]の 誕[たん] 生[じょう] 日[び]に 彼[かの] 女[じょ]がくれた</u> 本[ほん]です。', 1, cast('{}' as varchar[]));
insert into "grammar"."example" ("id", "rule_id", "meaning", "text_preferred_spelling", "text_phonetic_spelling", "text_furigana_template", "sort_rank", "tags") values (cast('f7bbf714-22eb-4875-82d3-8293d75a8f45' as uuid), cast('746f1712-ac8e-4f9e-aae5-30fc75b10412' as uuid), 'My father gave me a book that Haruki Murakami wrote.', '父が<u>村上春樹が書いた</u>本をくれました。', 'ちちが<u>むらかみはるきがかいた</u>ほんをくれました。', '父[ちち]が<u> 村[むら] 上[かみ] 春[はる] 樹[き]が 書[か]いた</u> 本[ほん]をくれました。', 2, cast('{}' as varchar[]));
insert into "grammar"."example" ("id", "rule_id", "meaning", "text_preferred_spelling", "text_phonetic_spelling", "text_furigana_template", "sort_rank", "tags") values (cast('01ec31c1-b127-40ab-aff5-7a6cabcc5bf0' as uuid), cast('746f1712-ac8e-4f9e-aae5-30fc75b10412' as uuid), 'The movie that moved me most is <i>Your Name</i>.', '<u>私が一番感動した</u>映画は「君の名は」です。', '<u>わたしがいちばんかんどうした</u>えいがは「きみのなは」です。', '<u> 私[わたし]が 一[いち] 番[ばん] 感[かん] 動[どう]した</u> 映[えい] 画[が]は「 君[きみ]の 名[な]は」です。', 3, cast('{}' as varchar[]));
insert into "grammar"."example" ("id", "rule_id", "meaning", "text_preferred_spelling", "text_phonetic_spelling", "text_furigana_template", "sort_rank", "tags") values (cast('be0c8ca6-c804-4dd5-afc6-6e3dbcd97ac5' as uuid), cast('746f1712-ac8e-4f9e-aae5-30fc75b10412' as uuid), 'A: What kind of friend do you want?<br>B: A friend who doesn''t lie.', 'Ａ：どんな友達が欲しいてすか。<br/>Ｂ：<u>嘘をつかない</u>友達が欲しいです。', 'Ａ：どんなともだちがほしいしいてすか。<br/>Ｂ：<u>うそをつかない</u>ともだちがほしいしいです。', 'Ａ：どんな 友[とも] 達[だち]が 欲[ほしい]しいてすか。<br/>Ｂ：<u> 嘘[うそ]をつかない</u> 友[とも] 達[だち]が 欲[ほしい]しいです。', 4, cast('{}' as varchar[]));
insert into "grammar"."example" ("id", "rule_id", "meaning", "text_preferred_spelling", "text_phonetic_spelling", "text_furigana_template", "sort_rank", "tags") values (cast('eedf8a60-4690-4709-a28a-4ba22762b0d9' as uuid), cast('746f1712-ac8e-4f9e-aae5-30fc75b10412' as uuid), 'This is the mountain that I climbed last year.', 'これは<u>私が去年登った</u>山です。', 'これは<u>わたしがきょねんのぼった</u>やまです。', 'これは<u> 私[わたし]が 去[きょ] 年[ねん] 登[のぼ]った</u> 山[やま]です。', 5, cast('{}' as varchar[]));
insert into "grammar"."example" ("id", "rule_id", "meaning", "text_preferred_spelling", "text_phonetic_spelling", "text_furigana_template", "sort_rank", "tags") values (cast('f6df5eaf-8ff7-4346-b44a-709085cb9b98' as uuid), cast('746f1712-ac8e-4f9e-aae5-30fc75b10412' as uuid), 'A: You are going to Tokyo. WHere would you like to visit? Why?<br/>B: I want to visit Shibuya; because I want to a picture with Hachiko.', 'Ａ：東京に行きます。観光したい所はどこですか。どうしてですか。<br/>Ｂ：観光したい所は、渋谷です。ハチ公と一緒に写真を撮りたいからです。', 'Ａ：とうきょうにいきます。かんこうしたいところはどこですか。どうしてですか。<br/>Ｂ：かんこうしたいところは、しぶやです。ハチこうといっしょにしゃしんをとりたいからです。', 'Ａ： 東[とう] 京[きょう]に 行[い]きます。 観光[かんこう]したい 所[ところ]はどこですか。どうしてですか。<br/>Ｂ： 観光[かんこう]したい 所[ところ]は、 渋[しぶ] 谷[や]です。ハチ 公[こう]と 一[いっ] 緒[しょ]に 写[しゃ] 真[しん]を 撮[と]りたいからです。', 6, cast('{}' as varchar[]));
insert into "grammar"."rule_reference" ("rule_id", "lesson_code") values (cast('746f1712-ac8e-4f9e-aae5-30fc75b10412' as uuid), 'GENKI3_L15');
insert into "grammar"."example_reference" ("example_id", "lesson_code") values (cast('6b92d7f4-c423-4d56-a611-e254eff70f91' as uuid), 'GENKI3_L15');
insert into "grammar"."example_reference" ("example_id", "lesson_code") values (cast('f7bbf714-22eb-4875-82d3-8293d75a8f45' as uuid), 'GENKI3_L15');
insert into "grammar"."example_reference" ("example_id", "lesson_code") values (cast('01ec31c1-b127-40ab-aff5-7a6cabcc5bf0' as uuid), 'GENKI3_L15');
insert into "grammar"."example_reference" ("example_id", "lesson_code") values (cast('be0c8ca6-c804-4dd5-afc6-6e3dbcd97ac5' as uuid), 'GENKI3_L15');
insert into "grammar"."example_reference" ("example_id", "lesson_code") values (cast('eedf8a60-4690-4709-a28a-4ba22762b0d9' as uuid), 'GENKI3_L15');
insert into "grammar"."example_reference" ("example_id", "lesson_code") values (cast('f6df5eaf-8ff7-4346-b44a-709085cb9b98' as uuid), 'GENKI3_L15');
-- 〜予定です | is scheduled to take place --
insert into "grammar"."rule" ("id", "meaning", "title_preferred_spelling", "title_phonetic_spelling", "title_furigana_template", "how_to_use", "jlpt_level", "row_num", "date_added", "tags") values (cast('c115b537-b11e-447b-b9e4-f4d55a78acf8' as uuid), 'is scheduled to take place', '〜予定です', null, null, cast('{"verb (short present) + 予定です","verb (short negative) + 予定です"}' as text[]), null, 90, date '2024-08-14', cast('{}' as varchar[]));
insert into "grammar"."example" ("id", "rule_id", "meaning", "text_preferred_spelling", "text_phonetic_spelling", "text_furigana_template", "sort_rank", "tags") values (cast('7b9a61a3-06e4-4902-a07a-7bafc67744cb' as uuid), cast('c115b537-b11e-447b-b9e4-f4d55a78acf8' as uuid), 'I am scheduled to go to Korea this coming weekend.', '私は今度の週末に韓国に行く予定です。', 'わたしはこんどのしゅうまつにかんこくにいくよていです。', '私[わたし]は 今[こん] 度[ど]の 週[しゅう] 末[まつ]に 韓[かん] 国[こく]に 行[い]く 予[よ] 定[てい]です。', 1, cast('{}' as varchar[]));
insert into "grammar"."example" ("id", "rule_id", "meaning", "text_preferred_spelling", "text_phonetic_spelling", "text_furigana_template", "sort_rank", "tags") values (cast('4e4b510d-e261-4231-9038-23e3f73ec073' as uuid), cast('c115b537-b11e-447b-b9e4-f4d55a78acf8' as uuid), 'My big brother is scheduled to get married this September.', '兄は九月に結婚する予定です。', 'あにはくがつにけっこんするよていです。', '兄[あに]は 九[く] 月[がつ]に 結[けっ] 婚[こん]する 予[よ] 定[てい]です。', 2, cast('{}' as varchar[]));
insert into "grammar"."example" ("id", "rule_id", "meaning", "text_preferred_spelling", "text_phonetic_spelling", "text_furigana_template", "sort_rank", "tags") values (cast('23770413-3b86-4f13-aa9b-481b381c5be7' as uuid), cast('c115b537-b11e-447b-b9e4-f4d55a78acf8' as uuid), 'I am not planning to come to school tomorrow.', '明日は学校に来ない予定です。', 'あしたはがっこうにこないよていです。', '明日[あした]は 学[がっ] 校[こう]に 来[こ]ない 予[よ] 定[てい]です。', 3, cast('{}' as varchar[]));
insert into "grammar"."rule_reference" ("rule_id", "lesson_code") values (cast('c115b537-b11e-447b-b9e4-f4d55a78acf8' as uuid), 'GENKI3_L15');
insert into "grammar"."example_reference" ("example_id", "lesson_code") values (cast('7b9a61a3-06e4-4902-a07a-7bafc67744cb' as uuid), 'GENKI3_L15');
insert into "grammar"."example_reference" ("example_id", "lesson_code") values (cast('4e4b510d-e261-4231-9038-23e3f73ec073' as uuid), 'GENKI3_L15');
insert into "grammar"."example_reference" ("example_id", "lesson_code") values (cast('23770413-3b86-4f13-aa9b-481b381c5be7' as uuid), 'GENKI3_L15');
-- 〜てあげる | Somebody does something for somebody else (e.g. as a favor)<br/>I do something for you (e.g. as a favor) --
insert into "grammar"."rule" ("id", "meaning", "title_preferred_spelling", "title_phonetic_spelling", "title_furigana_template", "how_to_use", "jlpt_level", "row_num", "date_added", "tags") values (cast('6cd3346b-bae2-4d8b-8316-878f0aea7509' as uuid), 'Somebody does something for somebody else (e.g. as a favor)<br/>I do something for you (e.g. as a favor)', '〜てあげる', null, null, cast('{"verb (て form) + あげる","does no change basic meaning; implies ''on demand'' or as a ''favor action''","nouns referring to beneficiary use whatever particle the main verb calls for."}' as text[]), null, 91, date '2024-09-03', cast('{}' as varchar[]));
insert into "grammar"."example" ("id", "rule_id", "meaning", "text_preferred_spelling", "text_phonetic_spelling", "text_furigana_template", "sort_rank", "tags") values (cast('d397765f-a898-48ed-bdb1-dd5da2dda7c8' as uuid), cast('6cd3346b-bae2-4d8b-8316-878f0aea7509' as uuid), 'I (generously) lent my sister money (to help her out).', '私は妹にお金を貸してあげました。', 'わたしはいもうとにおかねをかしてあげました。', '私[わたし]は 妹[いもうと]にお 金[かね]を 貸[か]してあげました。', 1, cast('{}' as varchar[]));
insert into "grammar"."example" ("id", "rule_id", "meaning", "text_preferred_spelling", "text_phonetic_spelling", "text_furigana_template", "sort_rank", "tags") values (cast('67d7a341-dd77-4302-af9f-f41dda1c58ac' as uuid), cast('6cd3346b-bae2-4d8b-8316-878f0aea7509' as uuid), 'Natsumi (kindly) took Hotaru Ichijou to the station (because she''d be lost if left all by herself).', '夏海さんは一条蛍さんを駅に連れて行ってあげました。', 'なつみさんはいちじょうほたるさんをえきにつれていってあげました。', '夏[なつ] 海[み]さんは 一[いち] 条[じょう] 蛍[ほたる]さんを 駅[えき]に 連[つ]れて 行[い]ってあげました。', 2, cast('{}' as varchar[]));
insert into "grammar"."example" ("id", "rule_id", "meaning", "text_preferred_spelling", "text_phonetic_spelling", "text_furigana_template", "sort_rank", "tags") values (cast('6434e9a8-a7cc-454d-b687-5b6fd3e842d7' as uuid), cast('6cd3346b-bae2-4d8b-8316-878f0aea7509' as uuid), 'I (kindly) took a grandma to the station', 'おばあさんを駅に連れて行ってあげました。', 'おばあさんをえきにつれていってあげました。', 'おばあさんを 駅[えき]に 連[つ]れて 行[い]ってあげました。', 3, cast('{}' as varchar[]));
insert into "grammar"."example" ("id", "rule_id", "meaning", "text_preferred_spelling", "text_phonetic_spelling", "text_furigana_template", "sort_rank", "tags") values (cast('9807b2f2-c314-4127-af71-c609f19523b4' as uuid), cast('6cd3346b-bae2-4d8b-8316-878f0aea7509' as uuid), 'A: When your friend is feeling depressed, what do you do for them?<br/>B: I (help them by) treating them to a meal.', 'Ａ：友達が落ち込んでいる時、友達に何をしてあげますか。<br/>Ｂ：ご飯を奢ってあげます。', 'Ａ：ともだちがおちこんでいるとき、ともだちになにをしてあげますか。<br/>Ｂ：ごはんをおごってあげます。', 'Ａ： 友[とも] 達[だち]が 落[お]ち 込[こ]んでいる 時[とき]、 友[とも] 達[だち]に 何[なに]をしてあげますか。<br/>Ｂ：ご 飯[はん]を 奢[おご]ってあげます。', 4, cast('{}' as varchar[]));
insert into "grammar"."example" ("id", "rule_id", "meaning", "text_preferred_spelling", "text_phonetic_spelling", "text_furigana_template", "sort_rank", "tags") values (cast('3cc868ee-c855-4a49-bb46-3e81dd16b62c' as uuid), cast('6cd3346b-bae2-4d8b-8316-878f0aea7509' as uuid), 'Since my family will come to Japan, I will show them around Kyoto.', '家族が日本に来るので、（私は）京都を案内してあげます。', 'かぞくがにほんにくるので、（わたしは）きょうとをあんないしてあげます。', '家[か] 族[ぞく]が 日[に] 本[ほん]に 来[く]るので、（ 私[わたし]は） 京[きょう] 都[と]を 案[あん] 内[ない]してあげます。', 5, cast('{}' as varchar[]));
insert into "grammar"."rule_reference" ("rule_id", "lesson_code") values (cast('6cd3346b-bae2-4d8b-8316-878f0aea7509' as uuid), 'GENKI3_L16');
insert into "grammar"."example_reference" ("example_id", "lesson_code") values (cast('d397765f-a898-48ed-bdb1-dd5da2dda7c8' as uuid), 'GENKI3_L16');
insert into "grammar"."example_reference" ("example_id", "lesson_code") values (cast('67d7a341-dd77-4302-af9f-f41dda1c58ac' as uuid), 'GENKI3_L16');
insert into "grammar"."example_reference" ("example_id", "lesson_code") values (cast('6434e9a8-a7cc-454d-b687-5b6fd3e842d7' as uuid), 'GENKI3_L16');
insert into "grammar"."example_reference" ("example_id", "lesson_code") values (cast('9807b2f2-c314-4127-af71-c609f19523b4' as uuid), 'GENKI3_L16');
insert into "grammar"."example_reference" ("example_id", "lesson_code") values (cast('3cc868ee-c855-4a49-bb46-3e81dd16b62c' as uuid), 'GENKI3_L16');
-- 〜てくれる | somebody does something for me --
insert into "grammar"."rule" ("id", "meaning", "title_preferred_spelling", "title_phonetic_spelling", "title_furigana_template", "how_to_use", "jlpt_level", "row_num", "date_added", "tags") values (cast('19c5e6c0-f03e-4415-bca0-ce2cedb40396' as uuid), 'somebody does something for me', '〜てくれる', null, null, cast('{"verb (て form) + くれる","does no change basic meaning; implies on demand or as a favor action","nouns referring to beneficiary (when present) use whatever particle the main verb calls for."}' as text[]), null, 92, date '2024-09-04', cast('{}' as varchar[]));
insert into "grammar"."example" ("id", "rule_id", "meaning", "text_preferred_spelling", "text_phonetic_spelling", "text_furigana_template", "sort_rank", "tags") values (cast('422987d3-c86e-487a-bb68-6717991ba0b1' as uuid), cast('19c5e6c0-f03e-4415-bca0-ce2cedb40396' as uuid), 'A friend helps me with my homework (for which I am grateful).', '友達が宿題を手伝ってくれます。', 'ともだちがしゅくだいをてつだってくれます。', '友[とも] 達[だち]が 宿[しゅく] 題[だい]を 手[て] 伝[つだ]ってくれます。', 1, cast('{}' as varchar[]));
insert into "grammar"."example" ("id", "rule_id", "meaning", "text_preferred_spelling", "text_phonetic_spelling", "text_furigana_template", "sort_rank", "tags") values (cast('cb257f99-53c4-4547-a3e1-fe0f6e69d2df' as uuid), cast('19c5e6c0-f03e-4415-bca0-ce2cedb40396' as uuid), 'A relative sent me apples (I should ber so lucky.)', '親戚がりんごを送ってくれました。', 'しんせきがりんごをおくってくれました。', '親[しん] 戚[せき]がりんごを 送[おく]ってくれました。', 2, cast('{}' as varchar[]));
insert into "grammar"."example" ("id", "rule_id", "meaning", "text_preferred_spelling", "text_phonetic_spelling", "text_furigana_template", "sort_rank", "tags") values (cast('4c14a6de-ff00-4174-aa18-bda63bb7c05d' as uuid), cast('19c5e6c0-f03e-4415-bca0-ce2cedb40396' as uuid), 'My teacher (helped me out having) wrote me a letter of recommendation.', '先生が推薦状を書いてくれました。', 'せんせいがすいせんじょうをかいてくれました。', '先[せん] 生[せい]が 推[すい] 薦[せん] 状[じょう]を 書[か]いてくれました。', 3, cast('{}' as varchar[]));
insert into "grammar"."example" ("id", "rule_id", "meaning", "text_preferred_spelling", "text_phonetic_spelling", "text_furigana_template", "sort_rank", "tags") values (cast('c1065d09-50f3-477e-96d2-116e25c76c43' as uuid), cast('19c5e6c0-f03e-4415-bca0-ce2cedb40396' as uuid), '(As a favor) my older sister sometimes lends me her car.', '姉は時々（私に）車を貸してくれます。', 'あねはときどき（わたしに）くるまをかしてくれます。', '姉[あね]は 時[とき] 々[どき]（ 私[わたし]に） 車[くるま]を 貸[か]してくれます。', 4, cast('{}' as varchar[]));
insert into "grammar"."rule_reference" ("rule_id", "lesson_code") values (cast('19c5e6c0-f03e-4415-bca0-ce2cedb40396' as uuid), 'GENKI3_L16');
insert into "grammar"."example_reference" ("example_id", "lesson_code") values (cast('422987d3-c86e-487a-bb68-6717991ba0b1' as uuid), 'GENKI3_L16');
insert into "grammar"."example_reference" ("example_id", "lesson_code") values (cast('cb257f99-53c4-4547-a3e1-fe0f6e69d2df' as uuid), 'GENKI3_L16');
insert into "grammar"."example_reference" ("example_id", "lesson_code") values (cast('4c14a6de-ff00-4174-aa18-bda63bb7c05d' as uuid), 'GENKI3_L16');
insert into "grammar"."example_reference" ("example_id", "lesson_code") values (cast('c1065d09-50f3-477e-96d2-116e25c76c43' as uuid), 'GENKI3_L16');
-- 〜てもらう | get, persuade, or arrange for somebody to do something for me --
insert into "grammar"."rule" ("id", "meaning", "title_preferred_spelling", "title_phonetic_spelling", "title_furigana_template", "how_to_use", "jlpt_level", "row_num", "date_added", "tags") values (cast('1bd236d1-f260-4af4-b39d-3d684ec248b0' as uuid), 'get, persuade, or arrange for somebody to do something for me', '〜てもらう', null, null, cast('{"(私 + は）+ benefactor + に + sentence (て form) + もらう"}' as text[]), null, 93, date '2024-09-04', cast('{}' as varchar[]));
insert into "grammar"."example" ("id", "rule_id", "meaning", "text_preferred_spelling", "text_phonetic_spelling", "text_furigana_template", "sort_rank", "tags") values (cast('31b92d75-de37-4391-816e-59b08a096af0' as uuid), cast('1bd236d1-f260-4af4-b39d-3d684ec248b0' as uuid), 'I got my friend to help me with my homework.', '私は友達に宿題を手伝ってもらいました。', 'わたしはともだちにしゅくだいをてっだってもらいました。', '私[わたし]は 友[とも] 達[だち]に 宿[しゅく] 題[だい]を 手[て] 伝[っだ]ってもらいました。', 1, cast('{}' as varchar[]));
insert into "grammar"."example" ("id", "rule_id", "meaning", "text_preferred_spelling", "text_phonetic_spelling", "text_furigana_template", "sort_rank", "tags") values (cast('ef2dea3e-ef6f-48f5-bd0c-8ba2b930aa13' as uuid), cast('1bd236d1-f260-4af4-b39d-3d684ec248b0' as uuid), 'I got my older sister to sometimes lend me her car.', '（私は）時々姉に車を貸してもらいます。', '（わたしは）ときどきあねにくるまをかしてもらいます。', '（ 私[わたし]は） 時[とき] 々[どき] 姉[あね]に 車[くるま]を 貸[か]してもらいます。', 2, cast('{}' as varchar[]));
insert into "grammar"."example" ("id", "rule_id", "meaning", "text_preferred_spelling", "text_phonetic_spelling", "text_furigana_template", "sort_rank", "tags") values (cast('520ce4fc-8c8d-4608-8bd3-c358cbc5cb65' as uuid), cast('1bd236d1-f260-4af4-b39d-3d684ec248b0' as uuid), 'I got my friend to translate to English.', '友達に英語に訳してもらいました。', 'ともだちにえいごにやくしてもらいました。', '友[とも] 達[だち]に 英[えい] 語[ご]に 訳[やく]してもらいました。', 3, cast('{}' as varchar[]));
insert into "grammar"."example" ("id", "rule_id", "meaning", "text_preferred_spelling", "text_phonetic_spelling", "text_furigana_template", "sort_rank", "tags") values (cast('955e1dc7-db35-4eba-85bb-614e3c49c03f' as uuid), cast('1bd236d1-f260-4af4-b39d-3d684ec248b0' as uuid), 'I got my friend to treat me to dinner.', '（私は）友達に晩ご飯を奢ってもらいました。', '（わたしは）ともだちにばんごはんをおごってもらいました。', '（ 私[わたし]は） 友[とも] 達[だち]に 晩[ばん]ご 飯[はん]を 奢[おご]ってもらいました。', 4, cast('{}' as varchar[]));
insert into "grammar"."example" ("id", "rule_id", "meaning", "text_preferred_spelling", "text_phonetic_spelling", "text_furigana_template", "sort_rank", "tags") values (cast('a3b5f60f-47e9-47ab-bee8-7cb058fa29bc' as uuid), cast('1bd236d1-f260-4af4-b39d-3d684ec248b0' as uuid), 'A: When you are lonely, who do you want to do what for you?<br/>B: I want my friends to call me.', 'Ａ：寂しい時、誰に何をしてもらいたいですか。<br/>友達に電話してもらいたい。', 'Ａ：さびしいとき、だれになにをしてもらいたいですか。<br/>ともだちにでんわしてもらいたい。', 'Ａ： 寂[さび]しい 時[とき]、 誰[だれ]に 何[なに]をしてもらいたいですか。<br/> 友[とも] 達[だち]に 電[でん] 話[わ]してもらいたい。', 5, cast('{}' as varchar[]));
insert into "grammar"."rule_reference" ("rule_id", "lesson_code") values (cast('1bd236d1-f260-4af4-b39d-3d684ec248b0' as uuid), 'GENKI3_L16');
insert into "grammar"."example_reference" ("example_id", "lesson_code") values (cast('31b92d75-de37-4391-816e-59b08a096af0' as uuid), 'GENKI3_L16');
insert into "grammar"."example_reference" ("example_id", "lesson_code") values (cast('ef2dea3e-ef6f-48f5-bd0c-8ba2b930aa13' as uuid), 'GENKI3_L16');
insert into "grammar"."example_reference" ("example_id", "lesson_code") values (cast('520ce4fc-8c8d-4608-8bd3-c358cbc5cb65' as uuid), 'GENKI3_L16');
insert into "grammar"."example_reference" ("example_id", "lesson_code") values (cast('955e1dc7-db35-4eba-85bb-614e3c49c03f' as uuid), 'GENKI3_L16');
insert into "grammar"."example_reference" ("example_id", "lesson_code") values (cast('a3b5f60f-47e9-47ab-bee8-7cb058fa29bc' as uuid), 'GENKI3_L16');
-- 〜のために | Doing somebody a favor (when verb has no place for beneficiary)<br/>(for the benefit of...) --
insert into "grammar"."rule" ("id", "meaning", "title_preferred_spelling", "title_phonetic_spelling", "title_furigana_template", "how_to_use", "jlpt_level", "row_num", "date_added", "tags") values (cast('0097dd84-d584-44ba-8075-de406ece08af' as uuid), 'Doing somebody a favor (when verb has no place for beneficiary)<br/>(for the benefit of...)', '〜のために', null, null, cast('{"beneficiary + の + ため + に + verb"}' as text[]), null, 94, date '2024-09-03', cast('{}' as varchar[]));
insert into "grammar"."example" ("id", "rule_id", "meaning", "text_preferred_spelling", "text_phonetic_spelling", "text_furigana_template", "sort_rank", "tags") values (cast('8912ae37-d11f-4490-a6f8-6114dcde6460' as uuid), cast('0097dd84-d584-44ba-8075-de406ece08af' as uuid), 'I went shopping for Mio.', '私は澪さんのために買い物に行きました<br/>(cf. 私は買い物に行きました。)', 'わたしはみおさんのためにかいものにいきました<br/>(cf. わたしはかいものにいきました。)', '私[わたし]は 澪[みお]さんのために 買[か]い 物[もの]に 行[い]きました<br/>(cf.  私[わたし]は 買[か]い 物[もの]に 行[い]きました。)', 1, cast('{}' as varchar[]));
insert into "grammar"."example" ("id", "rule_id", "meaning", "text_preferred_spelling", "text_phonetic_spelling", "text_furigana_template", "sort_rank", "tags") values (cast('e0e74a19-d040-4e1f-9bac-8845a3115983' as uuid), cast('0097dd84-d584-44ba-8075-de406ece08af' as uuid), 'Ken cleand the room for me.', 'けんさんが私のために部屋を掃除してくれました。', 'けんさんがわたしのためにへやをそうじしてくれました。', 'けんさんが 私[わたし]のために 部[へ] 屋[や]を 掃[そう] 除[じ]してくれました。', 2, cast('{}' as varchar[]));
insert into "grammar"."rule_reference" ("rule_id", "lesson_code") values (cast('0097dd84-d584-44ba-8075-de406ece08af' as uuid), 'GENKI3_L16');
insert into "grammar"."example_reference" ("example_id", "lesson_code") values (cast('8912ae37-d11f-4490-a6f8-6114dcde6460' as uuid), 'GENKI3_L16');
insert into "grammar"."example_reference" ("example_id", "lesson_code") values (cast('e0e74a19-d040-4e1f-9bac-8845a3115983' as uuid), 'GENKI3_L16');
-- 〜ていただけませんか<br/>〜てくれませんか | Making a request (for a favor) --
insert into "grammar"."rule" ("id", "meaning", "title_preferred_spelling", "title_phonetic_spelling", "title_furigana_template", "how_to_use", "jlpt_level", "row_num", "date_added", "tags") values (cast('939f1825-94e0-45dc-9e58-7f18b2e8e61a' as uuid), 'Making a request (for a favor)', '〜ていただけませんか<br/>〜てくれませんか', null, null, cast('{"verb (て form) + いただけませんか (polite)","verb (て form) + くれませんか","verb (て form) + くれない？ (casual)","Fuller lest of variants, from polite to casual:","〜ていただけませんか (いただける, potential verb for いただく)","〜てくださいませんか (下さる)","〜てもらえませんか (もらえる, potential verb for もらう)","〜てくれませんか (くれる)","〜てもらえない？ (もらえる, short form)","〜てくれいない？ (くれる, short form)"}' as text[]), null, 95, date '2024-09-09', cast('{}' as varchar[]));
insert into "grammar"."example" ("id", "rule_id", "meaning", "text_preferred_spelling", "text_phonetic_spelling", "text_furigana_template", "sort_rank", "tags") values (cast('9429cb27-365e-4205-8cc9-c27e1bc72b81' as uuid), cast('939f1825-94e0-45dc-9e58-7f18b2e8e61a' as uuid), 'Would you lend me a hand?', '手伝っていただけませんか。', 'てつだっていただけませんか。', '手[て] 伝[つだ]っていただけませんか。', 1, cast('{}' as varchar[]));
insert into "grammar"."example" ("id", "rule_id", "meaning", "text_preferred_spelling", "text_phonetic_spelling", "text_furigana_template", "sort_rank", "tags") values (cast('b08e973a-f736-4c9c-ac57-af8e9a5e350e' as uuid), cast('939f1825-94e0-45dc-9e58-7f18b2e8e61a' as uuid), 'Will you wait for a second?', 'ちょっと待ってくれませんか。', 'ちょっとまってくれませんか。', 'ちょっと 待[ま]ってくれませんか。', 2, cast('{}' as varchar[]));
insert into "grammar"."example" ("id", "rule_id", "meaning", "text_preferred_spelling", "text_phonetic_spelling", "text_furigana_template", "sort_rank", "tags") values (cast('b6364f79-1348-405a-83b4-61500409958c' as uuid), cast('939f1825-94e0-45dc-9e58-7f18b2e8e61a' as uuid), 'Pick that thing up (and pass it to me), will you?', 'それ取ってくれない？', 'それとってくれない？', 'それ 取[と]ってくれない？', 3, cast('{}' as varchar[]));
insert into "grammar"."example" ("id", "rule_id", "meaning", "text_preferred_spelling", "text_phonetic_spelling", "text_furigana_template", "sort_rank", "tags") values (cast('39e597a6-e7e1-42b9-9369-87875ab7744e' as uuid), cast('939f1825-94e0-45dc-9e58-7f18b2e8e61a' as uuid), '(<i>to your host family</i>) Would you wake me up at 7 o''clock tomorrow?', '明日七時に起こしてくれませんか。', 'あしたしちじにおこしてくれませんか。', '明日[あした] 七[しち] 時[じ]に 起[お]こしてくれませんか。', 4, cast('{}' as varchar[]));
insert into "grammar"."example" ("id", "rule_id", "meaning", "text_preferred_spelling", "text_phonetic_spelling", "text_furigana_template", "sort_rank", "tags") values (cast('be04593a-9973-4d4f-ae7f-d86322131dce' as uuid), cast('939f1825-94e0-45dc-9e58-7f18b2e8e61a' as uuid), '(<i>to your professor</i>) Can you translate this into English?', 'これを英語に訳していただけませんか。', 'これをえいごにやくしていただけませんか。', 'これを 英[えい] 語[ご]に 訳[やく]していただけませんか。', 5, cast('{}' as varchar[]));
insert into "grammar"."example" ("id", "rule_id", "meaning", "text_preferred_spelling", "text_phonetic_spelling", "text_furigana_template", "sort_rank", "tags") values (cast('b193ebae-9336-40a7-b930-834b68dd0918' as uuid), cast('939f1825-94e0-45dc-9e58-7f18b2e8e61a' as uuid), 'You: Would you give me my money back?<br/>Friend: Sorry. Wait until next week. (Because) I don''t have any money right now.', 'あなた：お金を返してくれない？<br/>友達：ごめん。来週まで待って。今、お金がないんだ。', 'あなた：おかねをかえしてくれない？<br/>ともだち：ごめん。らいしゅうまでまって。いま、おかねがないんだ。', 'あなた：お 金[かね]を 返[かえ]してくれない？<br/> 友[とも] 達[だち]：ごめん。 来[らい] 週[しゅう]まで 待[ま]って。 今[いま]、お 金[かね]がないんだ。', 6, cast('{}' as varchar[]));
insert into "grammar"."rule_reference" ("rule_id", "lesson_code") values (cast('939f1825-94e0-45dc-9e58-7f18b2e8e61a' as uuid), 'GENKI3_L16');
insert into "grammar"."example_reference" ("example_id", "lesson_code") values (cast('9429cb27-365e-4205-8cc9-c27e1bc72b81' as uuid), 'GENKI3_L16');
insert into "grammar"."example_reference" ("example_id", "lesson_code") values (cast('b08e973a-f736-4c9c-ac57-af8e9a5e350e' as uuid), 'GENKI3_L16');
insert into "grammar"."example_reference" ("example_id", "lesson_code") values (cast('b6364f79-1348-405a-83b4-61500409958c' as uuid), 'GENKI3_L16');
insert into "grammar"."example_reference" ("example_id", "lesson_code") values (cast('39e597a6-e7e1-42b9-9369-87875ab7744e' as uuid), 'GENKI3_L16');
insert into "grammar"."example_reference" ("example_id", "lesson_code") values (cast('be04593a-9973-4d4f-ae7f-d86322131dce' as uuid), 'GENKI3_L16');
insert into "grammar"."example_reference" ("example_id", "lesson_code") values (cast('b193ebae-9336-40a7-b930-834b68dd0918' as uuid), 'GENKI3_L16');
-- 〜といいですね | I hope... (for you/them) --
insert into "grammar"."rule" ("id", "meaning", "title_preferred_spelling", "title_phonetic_spelling", "title_furigana_template", "how_to_use", "jlpt_level", "row_num", "date_added", "tags") values (cast('9c7bf747-f9ef-4046-9f58-eee10d77c8b8' as uuid), 'I hope... (for you/them)', '〜といいですね', null, null, cast('{"verb (short present) + と + いいですね (polite)","verb (short present) + と + いいね (casual)"}' as text[]), null, 96, date '2024-09-11', cast('{}' as varchar[]));
insert into "grammar"."example" ("id", "rule_id", "meaning", "text_preferred_spelling", "text_phonetic_spelling", "text_furigana_template", "sort_rank", "tags") values (cast('4e8f062a-439e-4263-869f-7c11627c9869' as uuid), cast('9c7bf747-f9ef-4046-9f58-eee10d77c8b8' as uuid), 'I hope you find a good part-time job.', 'いいアルバイトが見つかるといいですね。', 'いいアルバイトがみつかるといいですね。', 'いいアルバイトが 見[み]つかるといいですね。', 1, cast('{}' as varchar[]));
insert into "grammar"."example" ("id", "rule_id", "meaning", "text_preferred_spelling", "text_phonetic_spelling", "text_furigana_template", "sort_rank", "tags") values (cast('7f8bce50-b668-49d6-9131-d58288ff61bb' as uuid), cast('9c7bf747-f9ef-4046-9f58-eee10d77c8b8' as uuid), 'I hope it doesn''t rain.', '雨が降らないといいね。', 'あめがふらないといいね。', '雨[あめ]が 降[ふ]らないといいね。', 2, cast('{}' as varchar[]));
insert into "grammar"."example" ("id", "rule_id", "meaning", "text_preferred_spelling", "text_phonetic_spelling", "text_furigana_template", "sort_rank", "tags") values (cast('5ce24f61-e479-4cb9-bce0-4874b2184a26' as uuid), cast('9c7bf747-f9ef-4046-9f58-eee10d77c8b8' as uuid), 'Friend: Next year I plan to study abroad.<br/>You: I hope you get to have various experiences.', '友達：来年留学する予定です。<br/>あなた：色々な経験ができるといいですね。', 'ともだち：らいねんりゅうがくするよていです。<br/>あなた：いろいろなけいけんができるといいですね。', '友[とも] 達[だち]： 来[らい] 年[ねん] 留[りゅう] 学[がく]する 予[よ] 定[てい]です。<br/>あなた： 色[いろ] 々[いろ]な 経[けい] 験[けん]ができるといいですね。', 3, cast('{}' as varchar[]));
insert into "grammar"."example" ("id", "rule_id", "meaning", "text_preferred_spelling", "text_phonetic_spelling", "text_furigana_template", "sort_rank", "tags") values (cast('68330ffd-9a0d-4477-be1d-d3f46947e884' as uuid), cast('9c7bf747-f9ef-4046-9f58-eee10d77c8b8' as uuid), 'Friend： My cat is sick.<br/>You: I hope (the cat) becomes better soon.', '友達：私の猫が病気なんです。<br/>あなた：早くよくなるといいですね。', 'ともだち：わたしのねこがびょうきなんです。<br/>あなた：はやくよくなるといいですね。', '友[とも] 達[だち]： 私[わたし]の 猫[ねこ]が 病[びょう] 気[き]なんです。<br/>あなた： 早[はや]くよくなるといいですね。', 4, cast('{}' as varchar[]));
insert into "grammar"."example" ("id", "rule_id", "meaning", "text_preferred_spelling", "text_phonetic_spelling", "text_furigana_template", "sort_rank", "tags") values (cast('f3666a45-9f66-4a7a-b0be-36f4fd675162' as uuid), cast('9c7bf747-f9ef-4046-9f58-eee10d77c8b8' as uuid), 'Friend: Tomorrow is my birthday.<br/>You: I hope you get lots of presents.', '友達：明日は私の誕生日なんです。<br/>あなた：プレゼントがたくさんもらえるといいですね。', 'ともだち：あしたはわたしのたんじょうびなんです。<br/>あなた：プレゼントがたくさんもらえるといいですね。', '友[とも] 達[だち]： 明日[あした]は 私[わたし]の 誕[たん] 生[じょう] 日[び]なんです。<br/>あなた：プレゼントがたくさんもらえるといいですね。', 5, cast('{}' as varchar[]));
insert into "grammar"."rule_reference" ("rule_id", "lesson_code") values (cast('9c7bf747-f9ef-4046-9f58-eee10d77c8b8' as uuid), 'GENKI3_L16');
insert into "grammar"."example_reference" ("example_id", "lesson_code") values (cast('4e8f062a-439e-4263-869f-7c11627c9869' as uuid), 'GENKI3_L16');
insert into "grammar"."example_reference" ("example_id", "lesson_code") values (cast('7f8bce50-b668-49d6-9131-d58288ff61bb' as uuid), 'GENKI3_L16');
insert into "grammar"."example_reference" ("example_id", "lesson_code") values (cast('5ce24f61-e479-4cb9-bce0-4874b2184a26' as uuid), 'GENKI3_L16');
insert into "grammar"."example_reference" ("example_id", "lesson_code") values (cast('68330ffd-9a0d-4477-be1d-d3f46947e884' as uuid), 'GENKI3_L16');
insert into "grammar"."example_reference" ("example_id", "lesson_code") values (cast('f3666a45-9f66-4a7a-b0be-36f4fd675162' as uuid), 'GENKI3_L16');
-- 〜といいんですが | I hope... (for myself) --
insert into "grammar"."rule" ("id", "meaning", "title_preferred_spelling", "title_phonetic_spelling", "title_furigana_template", "how_to_use", "jlpt_level", "row_num", "date_added", "tags") values (cast('67eb606b-72a8-4854-b93c-e0d7c87296bd' as uuid), 'I hope... (for myself)', '〜といいんですが', null, null, cast('{"verb (short present) + と + いいんですねが (polite)","verb (short present) + と + いいんだけど (casual)"}' as text[]), null, 97, date '2024-09-12', cast('{}' as varchar[]));
insert into "grammar"."example" ("id", "rule_id", "meaning", "text_preferred_spelling", "text_phonetic_spelling", "text_furigana_template", "sort_rank", "tags") values (cast('a00259c9-78d3-4fc5-8469-78f95029cb2b' as uuid), cast('67eb606b-72a8-4854-b93c-e0d7c87296bd' as uuid), 'I am hoping that the exam is easy.', '試験が優しいといいんですが。', 'しけんがやさしいといいんですが。', '試[し] 験[けん]が 優[やさ]しいといいんですが。', 1, cast('{}' as varchar[]));
insert into "grammar"."example" ("id", "rule_id", "meaning", "text_preferred_spelling", "text_phonetic_spelling", "text_furigana_template", "sort_rank", "tags") values (cast('81040f79-acdd-41a4-9f18-398a5740c6ce' as uuid), cast('67eb606b-72a8-4854-b93c-e0d7c87296bd' as uuid), 'There is an exam tomorrow morning. I hope I do not oversleep.', '明日の朝、試験があります。朝寝坊しないといいんですが。', 'あしたのあさ、しけんがあります。あさねぼうしないといいんですが。', '明日[あした]の 朝[あさ]、 試[し] 験[けん]があります。 朝[あさ] 寝[ね] 坊[ぼう]しないといいんですが。', 2, cast('{}' as varchar[]));
insert into "grammar"."example" ("id", "rule_id", "meaning", "text_preferred_spelling", "text_phonetic_spelling", "text_furigana_template", "sort_rank", "tags") values (cast('fe8920e7-3bac-4047-989e-74c867f092f5' as uuid), cast('67eb606b-72a8-4854-b93c-e0d7c87296bd' as uuid), 'I have to give a presentation tomorrow. I hope I will not be too nervous.', '明日、発表しなければいけません。緊張しすぎないといいんだけど。', 'あした、はっぴょうしなければいけません。きんちょうしすぎないといいんだけど。', '明日[あした]、 発[はっ] 表[ぴょう]しなければいけません。 緊[きん] 張[ちょう]しすぎないといいんだけど。', 3, cast('{}' as varchar[]));
insert into "grammar"."example" ("id", "rule_id", "meaning", "text_preferred_spelling", "text_phonetic_spelling", "text_furigana_template", "sort_rank", "tags") values (cast('dbe04b0f-30ec-419a-ae40-bd62607d030f' as uuid), cast('67eb606b-72a8-4854-b93c-e0d7c87296bd' as uuid), 'We are planning on having a barbecue. I hope it does not rain.', 'バーベキューをするつもりです。雨が降らないといいんですが。', 'バーベキューをするつもりです。あめがふらないといいんですが。', 'バーベキューをするつもりです。 雨[あめ]が 降[ふ]らないといいんですが。', 4, cast('{}' as varchar[]));
insert into "grammar"."rule_reference" ("rule_id", "lesson_code") values (cast('67eb606b-72a8-4854-b93c-e0d7c87296bd' as uuid), 'GENKI3_L16');
insert into "grammar"."example_reference" ("example_id", "lesson_code") values (cast('a00259c9-78d3-4fc5-8469-78f95029cb2b' as uuid), 'GENKI3_L16');
insert into "grammar"."example_reference" ("example_id", "lesson_code") values (cast('81040f79-acdd-41a4-9f18-398a5740c6ce' as uuid), 'GENKI3_L16');
insert into "grammar"."example_reference" ("example_id", "lesson_code") values (cast('fe8920e7-3bac-4047-989e-74c867f092f5' as uuid), 'GENKI3_L16');
insert into "grammar"."example_reference" ("example_id", "lesson_code") values (cast('dbe04b0f-30ec-419a-ae40-bd62607d030f' as uuid), 'GENKI3_L16');
-- Ｖ（potential）+ といいんですが | I hope <i>to do</i>... --
insert into "grammar"."rule" ("id", "meaning", "title_preferred_spelling", "title_phonetic_spelling", "title_furigana_template", "how_to_use", "jlpt_level", "row_num", "date_added", "tags") values (cast('43fa5160-a6e2-4aef-b7c1-46014d9bd99a' as uuid), 'I hope <i>to do</i>...', 'Ｖ（potential）+ といいんですが', null, null, cast('{"verb (potential) + と + いいんですが","verb (potential) + と + いいんだけど"}' as text[]), null, 98, date '2024-09-12', cast('{}' as varchar[]));
insert into "grammar"."example" ("id", "rule_id", "meaning", "text_preferred_spelling", "text_phonetic_spelling", "text_furigana_template", "sort_rank", "tags") values (cast('5bb895ab-8f6e-40a3-a3bc-74962d7e96de' as uuid), cast('43fa5160-a6e2-4aef-b7c1-46014d9bd99a' as uuid), 'I am hoping to go to college.', '大学に行けるといいんですが。', 'だいがくにいけるといいんですが。', '大[だい] 学[がく]に 行[い]けるといいんですが。', 1, cast('{}' as varchar[]));
insert into "grammar"."example" ("id", "rule_id", "meaning", "text_preferred_spelling", "text_phonetic_spelling", "text_furigana_template", "sort_rank", "tags") values (cast('c255b71f-a032-4604-b936-24ac6ae35952' as uuid), cast('43fa5160-a6e2-4aef-b7c1-46014d9bd99a' as uuid), 'I hope I can catch the eight o''clock train.', '８時の電車に乗れるといいんだけど。', 'はちじのでんしゃにのれるといいんだけど。', '８[はち] 時[じ]の 電[でん] 車[しゃ]に 乗[の]れるといいんだけど。', 2, cast('{}' as varchar[]));
insert into "grammar"."example" ("id", "rule_id", "meaning", "text_preferred_spelling", "text_phonetic_spelling", "text_furigana_template", "sort_rank", "tags") values (cast('ce53ccc9-21db-4d80-b930-ec76a7e40440' as uuid), cast('43fa5160-a6e2-4aef-b7c1-46014d9bd99a' as uuid), 'I want to go to graduate school. I hope I can receive a scholarship.', '大覚院に行きたいです。奨学金がもらえるといいんですが。', 'だいがくいんにいきたいです。しょうがくきんがもらえるといいんですが。', '大[だい] 覚[がく] 院[いん]に 行[い]きたいです。 奨[しょう] 学[がく] 金[きん]がもらえるといいんですが。', 3, cast('{}' as varchar[]));
insert into "grammar"."rule_reference" ("rule_id", "lesson_code") values (cast('43fa5160-a6e2-4aef-b7c1-46014d9bd99a' as uuid), 'GENKI3_L16');
insert into "grammar"."example_reference" ("example_id", "lesson_code") values (cast('5bb895ab-8f6e-40a3-a3bc-74962d7e96de' as uuid), 'GENKI3_L16');
insert into "grammar"."example_reference" ("example_id", "lesson_code") values (cast('c255b71f-a032-4604-b936-24ac6ae35952' as uuid), 'GENKI3_L16');
insert into "grammar"."example_reference" ("example_id", "lesson_code") values (cast('ce53ccc9-21db-4d80-b930-ec76a7e40440' as uuid), 'GENKI3_L16');
-- Ａ時、Ｂ。<br/>(Ａ is present tense) | When A, B <br/>(where t<sub>a</sub> ⋝ t<sub>b</sub>) --
insert into "grammar"."rule" ("id", "meaning", "title_preferred_spelling", "title_phonetic_spelling", "title_furigana_template", "how_to_use", "jlpt_level", "row_num", "date_added", "tags") values (cast('7b8c06dd-5083-4794-a847-574ab226e28c' as uuid), 'When A, B <br/>(where t<sub>a</sub> ⋝ t<sub>b</sub>)', 'Ａ時、Ｂ。<br/>(Ａ is present tense)', null, null, cast('{"verb (present) + 時、+ sentence","can also be used where t<sub>a</sub> during B"}' as text[]), null, 99, date '2024-09-16', cast('{}' as varchar[]));
insert into "grammar"."example" ("id", "rule_id", "meaning", "text_preferred_spelling", "text_phonetic_spelling", "text_furigana_template", "sort_rank", "tags") values (cast('505a8afa-4337-4df3-845c-837370b16908' as uuid), cast('7b8c06dd-5083-4794-a847-574ab226e28c' as uuid), 'When I go to Tibet, I will get a visa.<br/><i>(Will go to Tibet <u>after</u> will get a visa)</i>', 'チベットに行く時、ビザを撮ります。', 'チベットにいくとき、ビザをとります。', 'チベットに 行[い]く 時[とき]、ビザを 撮[と]ります。', 1, cast('{}' as varchar[]));
insert into "grammar"."example" ("id", "rule_id", "meaning", "text_preferred_spelling", "text_phonetic_spelling", "text_furigana_template", "sort_rank", "tags") values (cast('c0e18375-2ffc-4657-a03f-db768af229cf' as uuid), cast('7b8c06dd-5083-4794-a847-574ab226e28c' as uuid), 'When I was going to Tibet, I got a visa.<br/><i>(Went to Tibet <u>after</u> did get a visa)</i>', 'チベットに行く時、ビザを撮りました。', 'チベットにいくとき、ビザをとりました。', 'チベットに 行[い]く 時[とき]、ビザを 撮[と]りました。', 2, cast('{}' as varchar[]));
insert into "grammar"."example" ("id", "rule_id", "meaning", "text_preferred_spelling", "text_phonetic_spelling", "text_furigana_template", "sort_rank", "tags") values (cast('4709d9bd-6843-47c0-9f49-c931fa850a0a' as uuid), cast('7b8c06dd-5083-4794-a847-574ab226e28c' as uuid), 'When I go to sleep, I turn off the light<br/><i>(Will go to sleep <u>after</u> will turn off light)</i>', '寝る時、電気を消します。', 'ねるとき、でんきをけします。', '寝[ね]る 時[とき]、 電[でん] 気[き]を 消[け]します。', 3, cast('{}' as varchar[]));
insert into "grammar"."example" ("id", "rule_id", "meaning", "text_preferred_spelling", "text_phonetic_spelling", "text_furigana_template", "sort_rank", "tags") values (cast('90d914a2-2cdc-4032-97d4-77ed1e996c09' as uuid), cast('7b8c06dd-5083-4794-a847-574ab226e28c' as uuid), 'When I went out, I locked the door.<br/><i>(Did go out <u>after</u> did lock the door)</i>', '出かける時、ドアに鍵をかけました。', 'でかけるとき、ドアにかぎをかけました。', '出[で]かける 時[とき]、ドアに 鍵[かぎ]をかけました。', 4, cast('{}' as varchar[]));
insert into "grammar"."example" ("id", "rule_id", "meaning", "text_preferred_spelling", "text_phonetic_spelling", "text_furigana_template", "sort_rank", "tags") values (cast('1c38ec51-3479-4ec9-9130-77176ccca135' as uuid), cast('7b8c06dd-5083-4794-a847-574ab226e28c' as uuid), 'When I went to bed yesterday, I didn''t brush my teeth.<br/><i>(Went to bed <u>after</u> didn''t brush my teeth)</i>', '昨日寝る時、歯を磨きませんでした。', 'きのうねるとき、はをみがきませんでした。', '昨日[きのう] 寝[ね]る 時[とき]、 歯[は]を 磨[みが]きませんでした。', 5, cast('{}' as varchar[]));
insert into "grammar"."example" ("id", "rule_id", "meaning", "text_preferred_spelling", "text_phonetic_spelling", "text_furigana_template", "sort_rank", "tags") values (cast('ded3e861-2226-4a50-828f-18aba38ca17f' as uuid), cast('7b8c06dd-5083-4794-a847-574ab226e28c' as uuid), 'When I bought this car, I borrowed money from the bank.<br/><i>(Bought this car <u>after</u> borrowed money)</i>', 'この車を買う時、銀行からお金を借りました。', 'このくるまをかうとき、ぎんこうからおかねをかりました。', 'この 車[くるま]を 買[か]う 時[とき]、 銀[ぎん] 行[こう]からお 金[かね]を 借[か]りました。', 6, cast('{}' as varchar[]));
insert into "grammar"."rule_reference" ("rule_id", "lesson_code") values (cast('7b8c06dd-5083-4794-a847-574ab226e28c' as uuid), 'GENKI3_L16');
insert into "grammar"."example_reference" ("example_id", "lesson_code") values (cast('505a8afa-4337-4df3-845c-837370b16908' as uuid), 'GENKI3_L16');
insert into "grammar"."example_reference" ("example_id", "lesson_code") values (cast('c0e18375-2ffc-4657-a03f-db768af229cf' as uuid), 'GENKI3_L16');
insert into "grammar"."example_reference" ("example_id", "lesson_code") values (cast('4709d9bd-6843-47c0-9f49-c931fa850a0a' as uuid), 'GENKI3_L16');
insert into "grammar"."example_reference" ("example_id", "lesson_code") values (cast('90d914a2-2cdc-4032-97d4-77ed1e996c09' as uuid), 'GENKI3_L16');
insert into "grammar"."example_reference" ("example_id", "lesson_code") values (cast('1c38ec51-3479-4ec9-9130-77176ccca135' as uuid), 'GENKI3_L16');
insert into "grammar"."example_reference" ("example_id", "lesson_code") values (cast('ded3e861-2226-4a50-828f-18aba38ca17f' as uuid), 'GENKI3_L16');
-- Ａ時、Ｂ。<br/>(with adjectives and nouns) | When A, B (with adjectives and nouns) --
insert into "grammar"."rule" ("id", "meaning", "title_preferred_spelling", "title_phonetic_spelling", "title_furigana_template", "how_to_use", "jlpt_level", "row_num", "date_added", "tags") values (cast('95dbcceb-5015-4853-baf3-765e94d8df24' as uuid), 'When A, B (with adjectives and nouns)', 'Ａ時、Ｂ。<br/>(with adjectives and nouns)', null, null, cast('{"い-adj + 時、+ sentence","な-adj + な + 時、+ sentence","noun + の + 時、+ sentence"}' as text[]), null, 100, date '2024-09-16', cast('{}' as varchar[]));
insert into "grammar"."example" ("id", "rule_id", "meaning", "text_preferred_spelling", "text_phonetic_spelling", "text_furigana_template", "sort_rank", "tags") values (cast('81da606c-bb88-4ba3-ae25-e5efe80f3340' as uuid), cast('95dbcceb-5015-4853-baf3-765e94d8df24' as uuid), 'When I am lonely, I call up friends.', '寂しい時、友達に電話します。', 'さびしいとき、ともだちにでんしゃします。', '寂[さび]しい 時[とき]、 友[とも] 達[だち]に 電[でん] 話[しゃ]します。', 1, cast('{}' as varchar[]));
insert into "grammar"."example" ("id", "rule_id", "meaning", "text_preferred_spelling", "text_phonetic_spelling", "text_furigana_template", "sort_rank", "tags") values (cast('bc4cba29-cc01-406d-8ccc-15d94fabc34d' as uuid), cast('95dbcceb-5015-4853-baf3-765e94d8df24' as uuid), 'When it is cold, I get a headache.<br/>(lit. During times of cold, my head becomes painful.)', '寒い時、頭が痛くなります。', 'さむいとき、あたまがいたくなります。', '寒[さむ]い 時[とき]、 頭[あたま]が 痛[いた]くなります。', 2, cast('{}' as varchar[]));
insert into "grammar"."example" ("id", "rule_id", "meaning", "text_preferred_spelling", "text_phonetic_spelling", "text_furigana_template", "sort_rank", "tags") values (cast('212b1217-29ad-4229-8870-5e20809d3b03' as uuid), cast('95dbcceb-5015-4853-baf3-765e94d8df24' as uuid), 'When I feel fit, I jog in the park.', '元気な時、公園を走ります。', 'げんきなとき、こうえんをはしります。', '元[げん] 気[き]な 時[とき]、 公[こう] 園[えん]を 走[はし]ります。', 3, cast('{}' as varchar[]));
insert into "grammar"."example" ("id", "rule_id", "meaning", "text_preferred_spelling", "text_phonetic_spelling", "text_furigana_template", "sort_rank", "tags") values (cast('79ba4295-4a61-4557-8318-270076e4ebed' as uuid), cast('95dbcceb-5015-4853-baf3-765e94d8df24' as uuid), 'When the dog was sick, I took it to the vet.', '犬が病気の時、病院に連れていました。', 'いぬがびょうきのとき、びょういんにつれていました。', '犬[いぬ]が 病[びょう] 気[き]の 時[とき]、 病[びょう] 院[いん]に 連[つ]れていました。', 4, cast('{}' as varchar[]));
insert into "grammar"."rule_reference" ("rule_id", "lesson_code") values (cast('95dbcceb-5015-4853-baf3-765e94d8df24' as uuid), 'GENKI3_L16');
insert into "grammar"."example_reference" ("example_id", "lesson_code") values (cast('81da606c-bb88-4ba3-ae25-e5efe80f3340' as uuid), 'GENKI3_L16');
insert into "grammar"."example_reference" ("example_id", "lesson_code") values (cast('bc4cba29-cc01-406d-8ccc-15d94fabc34d' as uuid), 'GENKI3_L16');
insert into "grammar"."example_reference" ("example_id", "lesson_code") values (cast('212b1217-29ad-4229-8870-5e20809d3b03' as uuid), 'GENKI3_L16');
insert into "grammar"."example_reference" ("example_id", "lesson_code") values (cast('79ba4295-4a61-4557-8318-270076e4ebed' as uuid), 'GENKI3_L16');
-- Ａ時、Ｂ。<br/>(Ａ is past tense) | When A, B<br/>(where t<sub>a</sub> ⋜ t<sub>b</sub>) --
insert into "grammar"."rule" ("id", "meaning", "title_preferred_spelling", "title_phonetic_spelling", "title_furigana_template", "how_to_use", "jlpt_level", "row_num", "date_added", "tags") values (cast('c8f4cf35-b982-43e7-87aa-bb3cf394ad3e' as uuid), 'When A, B<br/>(where t<sub>a</sub> ⋜ t<sub>b</sub>)', 'Ａ時、Ｂ。<br/>(Ａ is past tense)', null, null, cast('{"verb (past) + 時、+ sentence"}' as text[]), null, 101, date '2024-09-16', cast('{}' as varchar[]));
insert into "grammar"."example" ("id", "rule_id", "meaning", "text_preferred_spelling", "text_phonetic_spelling", "text_furigana_template", "sort_rank", "tags") values (cast('dc32eb3c-ab00-45a6-a6b4-b5b5ad8dd6c1' as uuid), cast('c8f4cf35-b982-43e7-87aa-bb3cf394ad3e' as uuid), 'When I go to china, I will buy oolong tea.<br/><i>(Will go to China <u>before</u> buying oolong tea)</i>', '中国に行った時、ウーロン茶を買います。', 'ちゅうごくにいったとき、ウーロンちゃをかいます。', '中[ちゅ] 国[うごく]に 行[い]った 時[とき]、ウーロン 茶[ちゃ]を 買[か]います。', 1, cast('{}' as varchar[]));
insert into "grammar"."example" ("id", "rule_id", "meaning", "text_preferred_spelling", "text_phonetic_spelling", "text_furigana_template", "sort_rank", "tags") values (cast('d45fa36d-a04d-4297-997b-fe057eda58bc' as uuid), cast('c8f4cf35-b982-43e7-87aa-bb3cf394ad3e' as uuid), 'When I went to China, I bought oolong tea.<br/><i>(Went to China <u>before</u> bought oolong tea)</i>', '中国に行った時、ウーロン茶を買いました。', 'ちゅうごくにいったとき、ウーロンちゃをかいました。', '中[ちゅ] 国[うごく]に 行[い]った 時[とき]、ウーロン 茶[ちゃ]を 買[か]いました。', 2, cast('{}' as varchar[]));
insert into "grammar"."example" ("id", "rule_id", "meaning", "text_preferred_spelling", "text_phonetic_spelling", "text_furigana_template", "sort_rank", "tags") values (cast('1090d9ce-51e1-4d92-a147-9ae3ee7b9ff0' as uuid), cast('c8f4cf35-b982-43e7-87aa-bb3cf394ad3e' as uuid), 'When I have gotten tired, I take a long bath.<br/><i>(Gotten tired <u>before</u> will take a long bath)</i>', '疲れた時、ゆっくりお風呂に入ります。', 'つかれたとき、ゆっくりおふろにはいります。', '疲[つか]れた 時[とき]、ゆっくりお 風[ふ] 呂[ろ]に 入[はい]ります。', 3, cast('{}' as varchar[]));
insert into "grammar"."example" ("id", "rule_id", "meaning", "text_preferred_spelling", "text_phonetic_spelling", "text_furigana_template", "sort_rank", "tags") values (cast('13d3230d-a6e1-44f6-91da-cf3bcfc9c724' as uuid), cast('c8f4cf35-b982-43e7-87aa-bb3cf394ad3e' as uuid), 'When I had forgotten to bring my wallet, I borrowed money from a friend.<br/><i>(Had forgotten wallet <u>before</u> borrowed money)</i>', '財布を忘れた時、友達にお金を借りました。', 'さいふをわすれたとき、ともだちにおかねをかりました。', '財[さい] 布[ふ]を 忘[わす]れた 時[とき]、 友[とも] 達[だち]にお 金[かね]を 借[か]りました。', 4, cast('{}' as varchar[]));
insert into "grammar"."example" ("id", "rule_id", "meaning", "text_preferred_spelling", "text_phonetic_spelling", "text_furigana_template", "sort_rank", "tags") values (cast('f464bbb8-7412-47ae-be40-7c9368cb4438' as uuid), cast('c8f4cf35-b982-43e7-87aa-bb3cf394ad3e' as uuid), 'When I attended a volunteer activity, I met various people.<br/><i>(Attended volunteer activity <u>before</u> meeting various people)</i>', 'ボランティア活動に参加した時、色々な人に会いました。', 'ボランティアかつどうにさんかしたとき、いろいろなひとにあいました。', 'ボランティア 活[かつ] 動[どう]に 参[さん] 加[か]した 時[とき]、 色[いろ] 々[いろ]な 人[ひと]に 会[あ]いました。', 5, cast('{}' as varchar[]));
insert into "grammar"."rule_reference" ("rule_id", "lesson_code") values (cast('c8f4cf35-b982-43e7-87aa-bb3cf394ad3e' as uuid), 'GENKI3_L16');
insert into "grammar"."example_reference" ("example_id", "lesson_code") values (cast('dc32eb3c-ab00-45a6-a6b4-b5b5ad8dd6c1' as uuid), 'GENKI3_L16');
insert into "grammar"."example_reference" ("example_id", "lesson_code") values (cast('d45fa36d-a04d-4297-997b-fe057eda58bc' as uuid), 'GENKI3_L16');
insert into "grammar"."example_reference" ("example_id", "lesson_code") values (cast('1090d9ce-51e1-4d92-a147-9ae3ee7b9ff0' as uuid), 'GENKI3_L16');
insert into "grammar"."example_reference" ("example_id", "lesson_code") values (cast('13d3230d-a6e1-44f6-91da-cf3bcfc9c724' as uuid), 'GENKI3_L16');
insert into "grammar"."example_reference" ("example_id", "lesson_code") values (cast('f464bbb8-7412-47ae-be40-7c9368cb4438' as uuid), 'GENKI3_L16');
-- 〜てすみませんでした<br/>〜てごめん | Sorry for doing... --
insert into "grammar"."rule" ("id", "meaning", "title_preferred_spelling", "title_phonetic_spelling", "title_furigana_template", "how_to_use", "jlpt_level", "row_num", "date_added", "tags") values (cast('db44593c-429d-4527-ad27-5614dd59282c' as uuid), 'Sorry for doing...', '〜てすみませんでした<br/>〜てごめん', null, null, cast('{"verb (て form) + すみませんでした (polite)","verb (て form) + ごめん (casual)","To apologize for something you didn''t do, use the negative て form."}' as text[]), null, 102, date '2024-09-18', cast('{}' as varchar[]));
insert into "grammar"."example" ("id", "rule_id", "meaning", "text_preferred_spelling", "text_phonetic_spelling", "text_furigana_template", "sort_rank", "tags") values (cast('f334d968-b6ea-424f-bca1-662a14777cf5' as uuid), cast('db44593c-429d-4527-ad27-5614dd59282c' as uuid), 'I''m sorry for using dirty language.', '汚い言葉を使ってすみませんでした。', 'きたないことばをつかってすみませんでした。', '汚[きたな]い 言[こと] 葉[ば]を 使[つか]ってすみませんでした。', 1, cast('{}' as varchar[]));
insert into "grammar"."example" ("id", "rule_id", "meaning", "text_preferred_spelling", "text_phonetic_spelling", "text_furigana_template", "sort_rank", "tags") values (cast('be401010-7cc5-4579-9547-3610f1a3428d' as uuid), cast('db44593c-429d-4527-ad27-5614dd59282c' as uuid), 'Sorry that I stood you up.', 'デートの約束を忘れてごめん。', 'デートのやくそくをわすれてごめん。', 'デートの 約[やく] 束[そく]を 忘[わす]れてごめん。', 2, cast('{}' as varchar[]));
insert into "grammar"."example" ("id", "rule_id", "meaning", "text_preferred_spelling", "text_phonetic_spelling", "text_furigana_template", "sort_rank", "tags") values (cast('c482e12f-4629-4246-9345-f0ddcf57baca' as uuid), cast('db44593c-429d-4527-ad27-5614dd59282c' as uuid), 'I''m sorry for not bringing the homework.', '宿題を持ってくなくてすみませんでした。', 'しゅくだいをもってくなくてすみませんでした。', '宿[しゅく] 題[だい]を 持[も]ってくなくてすみませんでした。', 3, cast('{}' as varchar[]));
insert into "grammar"."example" ("id", "rule_id", "meaning", "text_preferred_spelling", "text_phonetic_spelling", "text_furigana_template", "sort_rank", "tags") values (cast('be5a3a37-d870-4ca4-a8d2-c79471d34d9e' as uuid), cast('db44593c-429d-4527-ad27-5614dd59282c' as uuid), 'Sorry that I did not tell you earlier.', 'もっと早く言わなくてごめん。', 'もっとはやくいわなくてごめん。', 'もっと 早[はや]く 言[い]わなくてごめん。', 4, cast('{}' as varchar[]));
insert into "grammar"."example" ("id", "rule_id", "meaning", "text_preferred_spelling", "text_phonetic_spelling", "text_furigana_template", "sort_rank", "tags") values (cast('ed00b51c-286e-4b9f-b0d4-e0c81eb0c8a7' as uuid), cast('db44593c-429d-4527-ad27-5614dd59282c' as uuid), 'Teacher, sorry for losing the book I borrowed.', '先生に借りた本をなくしてすみませんでした。', 'せんせいにかりたほんをなくしてすみませんでした。', '先[せん] 生[せい]に 借[か]りた 本[ほん]をなくしてすみませんでした。', 5, cast('{}' as varchar[]));
insert into "grammar"."example" ("id", "rule_id", "meaning", "text_preferred_spelling", "text_phonetic_spelling", "text_furigana_template", "sort_rank", "tags") values (cast('70fe768f-e15b-4477-9592-ed96f9d76df9' as uuid), cast('db44593c-429d-4527-ad27-5614dd59282c' as uuid), 'Sorry for not handing in yesterday''s report.', '昨日レポートを出さなくてすみませんでした。', 'きのうレポートをださなくてすみませんでした。', '昨日[きのう]レポートを 出[だ]さなくてすみませんでした。', 6, cast('{}' as varchar[]));
insert into "grammar"."rule_reference" ("rule_id", "lesson_code") values (cast('db44593c-429d-4527-ad27-5614dd59282c' as uuid), 'GENKI3_L16');
insert into "grammar"."example_reference" ("example_id", "lesson_code") values (cast('f334d968-b6ea-424f-bca1-662a14777cf5' as uuid), 'GENKI3_L16');
insert into "grammar"."example_reference" ("example_id", "lesson_code") values (cast('be401010-7cc5-4579-9547-3610f1a3428d' as uuid), 'GENKI3_L16');
insert into "grammar"."example_reference" ("example_id", "lesson_code") values (cast('c482e12f-4629-4246-9345-f0ddcf57baca' as uuid), 'GENKI3_L16');
insert into "grammar"."example_reference" ("example_id", "lesson_code") values (cast('be5a3a37-d870-4ca4-a8d2-c79471d34d9e' as uuid), 'GENKI3_L16');
insert into "grammar"."example_reference" ("example_id", "lesson_code") values (cast('ed00b51c-286e-4b9f-b0d4-e0c81eb0c8a7' as uuid), 'GENKI3_L16');
insert into "grammar"."example_reference" ("example_id", "lesson_code") values (cast('70fe768f-e15b-4477-9592-ed96f9d76df9' as uuid), 'GENKI3_L16');
-- 〜さ | adjective normalizer, to objective and measurable noun<br/>...ness --
insert into "grammar"."rule" ("id", "meaning", "title_preferred_spelling", "title_phonetic_spelling", "title_furigana_template", "how_to_use", "jlpt_level", "row_num", "date_added", "tags") values (cast('d6710b8c-f989-4b71-8c2e-9e9db8f6307f' as uuid), 'adjective normalizer, to objective and measurable noun<br/>...ness', '〜さ', null, null, cast('{"い-adj (stem) + さ","な-adj + さ"}' as text[]), null, 103, date '2024-09-18', cast('{}' as varchar[]));
insert into "grammar"."example" ("id", "rule_id", "meaning", "text_preferred_spelling", "text_phonetic_spelling", "text_furigana_template", "sort_rank", "tags") values (cast('03d26b46-0f63-4c35-b835-2dfec0bf8748' as uuid), cast('d6710b8c-f989-4b71-8c2e-9e9db8f6307f' as uuid), 'I measured the weight (lit., heaviness) of my luggage before going to the airport.', '空港へ行く前に、カバンの<u>重さ</u>を測りました。', 'くうこうへいくまえに、カバンの<u>おもさ</u>をはかりました。', '空港[くうこう]へ 行[い]く 前[まえ]に、カバンの<u> 重[おも]さ</u>を 測[はか]りました。', 1, cast('{}' as varchar[]));
insert into "grammar"."example" ("id", "rule_id", "meaning", "text_preferred_spelling", "text_phonetic_spelling", "text_furigana_template", "sort_rank", "tags") values (cast('726221d7-97a0-48f7-a062-1959ed9e3a5d' as uuid), cast('d6710b8c-f989-4b71-8c2e-9e9db8f6307f' as uuid), 'Check the depth (lit., deepness) of the swimming pool before you get in.', 'プールの<u>深さ</u>を確認してから入ろう。', 'プールの<u>ふかさ</u>をかくにんしてからはろう。', 'プールの<u> 深[ふか]さ</u>を 確認[かくにん]してから 入[は]ろう。', 2, cast('{}' as varchar[]));
insert into "grammar"."rule_reference" ("rule_id", "lesson_code") values (cast('d6710b8c-f989-4b71-8c2e-9e9db8f6307f' as uuid), 'GENKI3_L16');
insert into "grammar"."example_reference" ("example_id", "lesson_code") values (cast('03d26b46-0f63-4c35-b835-2dfec0bf8748' as uuid), 'TOFUGU_ADJECTIVE_SUFFIX_SA');
insert into "grammar"."example_reference" ("example_id", "lesson_code") values (cast('726221d7-97a0-48f7-a062-1959ed9e3a5d' as uuid), 'TOFUGU_ADJECTIVE_SUFFIX_SA');
-- ②　〜そうです | I hear that... (hearsay report) --
insert into "grammar"."rule" ("id", "meaning", "title_preferred_spelling", "title_phonetic_spelling", "title_furigana_template", "how_to_use", "jlpt_level", "row_num", "date_added", "tags") values (cast('2d74b2f3-9351-4969-975c-3f5f4168e132' as uuid), 'I hear that... (hearsay report)', '②　〜そうです', null, null, cast('{"verb + そうです","い-adj + そうです","な-adj + そうです","noun + だ + そうです","Use original tense and polarity of original utterance, except です ⟶ だ","そうです itself is invariant, being only そうです and そうだ.","c.f. adjectives with stem are \"it looks like\" (see ①)"}' as text[]), null, 104, date '2024-11-12', cast('{}' as varchar[]));
insert into "grammar"."example" ("id", "rule_id", "meaning", "text_preferred_spelling", "text_phonetic_spelling", "text_furigana_template", "sort_rank", "tags") values (cast('4f926bcd-8283-4264-b8ee-aacec403e1d8' as uuid), cast('2d74b2f3-9351-4969-975c-3f5f4168e132' as uuid), 'I''ve heard that their Japanese class is fun.', '日本語の授業は楽しいそうです。', 'にほんごのじゅぎょうはたのしいそうです。', '日[に] 本[ほん] 語[ご]の 授[じゅ] 業[ぎょう]は 楽[たの]しいそうです。', 1, cast('{}' as varchar[]));
insert into "grammar"."example" ("id", "rule_id", "meaning", "text_preferred_spelling", "text_phonetic_spelling", "text_furigana_template", "sort_rank", "tags") values (cast('ad5c249c-d4db-407a-9cf0-15eabcffdb17' as uuid), cast('2d74b2f3-9351-4969-975c-3f5f4168e132' as uuid), 'I''ve heard that their professor is very kind.', '先生はとても親切だそうです。', 'せんせいはとてもしんせつだそうです。', '先[せん] 生[せい]はとても 親[しん] 切[せつ]だそうです。', 2, cast('{}' as varchar[]));
insert into "grammar"."example" ("id", "rule_id", "meaning", "text_preferred_spelling", "text_phonetic_spelling", "text_furigana_template", "sort_rank", "tags") values (cast('b443fcee-5d58-4788-8817-0040f4d49f04' as uuid), cast('2d74b2f3-9351-4969-975c-3f5f4168e132' as uuid), 'I''ve heard that they didn''t have a class that day.', 'その日は授業がなかったそうです。', 'そのひはじゅぎょうがなかったそうです。', 'その 日[ひ]は 授[じゅ] 業[ぎょう]がなかったそうです。', 3, cast('{}' as varchar[]));
insert into "grammar"."example" ("id", "rule_id", "meaning", "text_preferred_spelling", "text_phonetic_spelling", "text_furigana_template", "sort_rank", "tags") values (cast('e5a3b620-7aac-45b4-bbdc-ea753f863d3c' as uuid), cast('2d74b2f3-9351-4969-975c-3f5f4168e132' as uuid), 'I hear my friend''s dormitory is not dirty.', '私の友達の寮は汚くないそうです。', 'わたしのともだちのりょうはきたなくないそうです。', '私[わたし]の 友[とも] 達[だち]の 寮[りょう]は 汚[きたな]くないそうです。', 4, cast('{}' as varchar[]));
insert into "grammar"."example" ("id", "rule_id", "meaning", "text_preferred_spelling", "text_phonetic_spelling", "text_furigana_template", "sort_rank", "tags") values (cast('5d6089b8-1ef7-4bfd-b329-6b39a2a05d21' as uuid), cast('2d74b2f3-9351-4969-975c-3f5f4168e132' as uuid), 'I hear the movie theater was not crowded.', '映画館は混んでいなかったそうです。', 'えいがかんはこんでいなかったそうです。', '映[えい] 画[が] 館[かん]は 混[こ]んでいなかったそうです。', 5, cast('{}' as varchar[]));
insert into "grammar"."example" ("id", "rule_id", "meaning", "text_preferred_spelling", "text_phonetic_spelling", "text_furigana_template", "sort_rank", "tags") values (cast('ade6c757-cad0-4582-a267-0c44ddd38def' as uuid), cast('2d74b2f3-9351-4969-975c-3f5f4168e132' as uuid), 'A: Concerning your classmates, what do you know?<br/>I hear that Kumiko Ōmae broke-up with their boyfriend.', 'Ａ：同じクラスの学生について何か知っていますか。<br/>Ｂ：はい。黄前久美子さんは彼と別れたそうです。', 'Ａ：おなじクラスのせんせいについてなにかしっていますか。<br/>Ｂ：はい。おうまえくみこさんはかれとわかれたそうです。', 'Ａ： 同[おな]じクラスの 学[せん] 生[せい]について 何[なに]か 知[し]っていますか。<br/>Ｂ：はい。 黄[おう] 前[まえ] 久[く] 美[み] 子[こ]さんは 彼[かれ]と 別[わか]れたそうです。', 6, cast('{}' as varchar[]));
insert into "grammar"."rule_reference" ("rule_id", "lesson_code") values (cast('2d74b2f3-9351-4969-975c-3f5f4168e132' as uuid), 'GENKI3_L17');
insert into "grammar"."example_reference" ("example_id", "lesson_code") values (cast('4f926bcd-8283-4264-b8ee-aacec403e1d8' as uuid), 'GENKI3_L17');
insert into "grammar"."example_reference" ("example_id", "lesson_code") values (cast('ad5c249c-d4db-407a-9cf0-15eabcffdb17' as uuid), 'GENKI3_L17');
insert into "grammar"."example_reference" ("example_id", "lesson_code") values (cast('b443fcee-5d58-4788-8817-0040f4d49f04' as uuid), 'GENKI3_L17');
insert into "grammar"."example_reference" ("example_id", "lesson_code") values (cast('e5a3b620-7aac-45b4-bbdc-ea753f863d3c' as uuid), 'GENKI3_L17');
insert into "grammar"."example_reference" ("example_id", "lesson_code") values (cast('5d6089b8-1ef7-4bfd-b329-6b39a2a05d21' as uuid), 'GENKI3_L17');
insert into "grammar"."example_reference" ("example_id", "lesson_code") values (cast('ade6c757-cad0-4582-a267-0c44ddd38def' as uuid), 'GENKI3_L17');
-- 〜によると、〜そうです。 | According to (named source) --
insert into "grammar"."rule" ("id", "meaning", "title_preferred_spelling", "title_phonetic_spelling", "title_furigana_template", "how_to_use", "jlpt_level", "row_num", "date_added", "tags") values (cast('a48a4454-8c09-4cc3-886a-f61dab67ded2' as uuid), 'According to (named source)', '〜によると、〜そうです。', null, null, cast('{"source + によると + quoted-statement + そうです"}' as text[]), null, 105, date '2024-11-12', cast('{}' as varchar[]));
insert into "grammar"."example" ("id", "rule_id", "meaning", "text_preferred_spelling", "text_phonetic_spelling", "text_furigana_template", "sort_rank", "tags") values (cast('d0b5bcf4-6fb5-43aa-ad4a-4a6ed0b9caef' as uuid), cast('a48a4454-8c09-4cc3-886a-f61dab67ded2' as uuid), 'According to the weather forecast, a typhoon is approaching.', '天気予報によると、台風が来るそうです。', 'てんきよほうによると、たいふうがくるそうです。', '天[てん] 気[き] 予[よ] 報[ほう]によると、 台[たい] 風[ふう]が 来[く]るそうです。', 1, cast('{}' as varchar[]));
insert into "grammar"."example" ("id", "rule_id", "meaning", "text_preferred_spelling", "text_phonetic_spelling", "text_furigana_template", "sort_rank", "tags") values (cast('5c9772e5-00ae-4631-833c-34dc34eede0b' as uuid), cast('a48a4454-8c09-4cc3-886a-f61dab67ded2' as uuid), 'According to the newspaper, there was an earthquake in Nagano', '新聞によると、長野で地震があったそうです。', 'しんぶんによると、ながのでじしんがあったそうです。', '新[しん] 聞[ぶん]によると、 長[なが] 野[の]で 地[じ] 震[しん]があったそうです。', 2, cast('{}' as varchar[]));
insert into "grammar"."example" ("id", "rule_id", "meaning", "text_preferred_spelling", "text_phonetic_spelling", "text_furigana_template", "sort_rank", "tags") values (cast('524bac82-3e67-49fd-b498-06501ed6512f' as uuid), cast('a48a4454-8c09-4cc3-886a-f61dab67ded2' as uuid), 'According to Kōsaka Reina, tomorrow there is no class.', '高坂麗奈さんによると、明日は授業がないそうです。', 'こうさかれいなさんによると、あしたはじゅぎょうがないそうです。', '高[こう] 坂[さか] 麗奈[れいな]さんによると、 明日[あした]は 授[じゅ] 業[ぎょう]がないそうです。', 3, cast('{}' as varchar[]));
insert into "grammar"."example" ("id", "rule_id", "meaning", "text_preferred_spelling", "text_phonetic_spelling", "text_furigana_template", "sort_rank", "tags") values (cast('a2b2ea23-a606-4bf5-ae26-803ae2c01399' as uuid), cast('a48a4454-8c09-4cc3-886a-f61dab67ded2' as uuid), 'A: Recently, what kind of news has there been?<br/>According to the TV news, recently, there have been earthquakes in various places.', 'Ａ：最近どんなニュースがありましたか。<br/>テレビのニュースによると、最近、色々なところで地震があったそうです。', 'Ａ：さいきんどんなニュースがありましたか。<br/>テレビのニュースによると、さいきん、いろいろなところでじしんがあったそうです。', 'Ａ： 最[さい] 近[きん]どんなニュースがありましたか。<br/>テレビのニュースによると、 最[さい] 近[きん]、 色[いろ] 々[いろ]なところで 地[じ] 震[しん]があったそうです。', 4, cast('{}' as varchar[]));
insert into "grammar"."rule_reference" ("rule_id", "lesson_code") values (cast('a48a4454-8c09-4cc3-886a-f61dab67ded2' as uuid), 'GENKI3_L17');
insert into "grammar"."example_reference" ("example_id", "lesson_code") values (cast('d0b5bcf4-6fb5-43aa-ad4a-4a6ed0b9caef' as uuid), 'GENKI3_L17');
insert into "grammar"."example_reference" ("example_id", "lesson_code") values (cast('5c9772e5-00ae-4631-833c-34dc34eede0b' as uuid), 'GENKI3_L17');
insert into "grammar"."example_reference" ("example_id", "lesson_code") values (cast('524bac82-3e67-49fd-b498-06501ed6512f' as uuid), 'GENKI3_L17');
insert into "grammar"."example_reference" ("example_id", "lesson_code") values (cast('a2b2ea23-a606-4bf5-ae26-803ae2c01399' as uuid), 'GENKI3_L17');
-- 〜って | Quote what you have heard (informal 〜そうです) --
insert into "grammar"."rule" ("id", "meaning", "title_preferred_spelling", "title_phonetic_spelling", "title_furigana_template", "how_to_use", "jlpt_level", "row_num", "date_added", "tags") values (cast('34f93e5e-381c-41e7-a04f-83f017e84a9a' as uuid), 'Quote what you have heard (informal 〜そうです)', '〜って', null, null, cast('{"verb (shortened) + って","verb (shortened) + って + 言っている","exact quote + って","exact quote + って + 言っている","Note: って ⟶ て after ん","Note: って is the informal variant of the particle と"}' as text[]), null, 106, date '2024-11-13', cast('{}' as varchar[]));
insert into "grammar"."example" ("id", "rule_id", "meaning", "text_preferred_spelling", "text_phonetic_spelling", "text_furigana_template", "sort_rank", "tags") values (cast('bebf136d-3f2d-49be-a2fb-f58bb989791f' as uuid), cast('34f93e5e-381c-41e7-a04f-83f017e84a9a' as uuid), 'Hoshino says he''s busy today. He says he has an exam tomorrow.', '星野さん、今日は忙しい<u>って</u>。明日、試験あるんだ<u>って</u>。', 'ほしのさん、きょうはいそがしい<u>って</u>。あした、しけんあるんだ<u>って</u>。', '星[ほし] 野[の]さん、 今日[きょう]は 忙[いそが]しい<u>って</u>。 明日[あした]、 試験[しけん]あるんだ<u>って</u>。', 1, cast('{}' as varchar[]));
insert into "grammar"."example" ("id", "rule_id", "meaning", "text_preferred_spelling", "text_phonetic_spelling", "text_furigana_template", "sort_rank", "tags") values (cast('3580fee4-a30f-4288-ab1c-60520bd67e8e' as uuid), cast('34f93e5e-381c-41e7-a04f-83f017e84a9a' as uuid), 'A: What did Tsumugi Kotobuki say?<br/>B: She said she ate too much chocolate.', 'Ａ：琴吹紬さんは何<u>て</u>言ってか？<br/>Ｂ：チョコを食べすぎた<u>って</u>言ってた。', 'Ａ：ことぶきつむぎさんはなん<u>て</u>いってか？<br/>Ｂ：チョコをたべすぎた<u>って</u>いってた。', 'Ａ： 琴[こと] 吹[ぶき] 紬[つむぎ]さんは 何[なん]<u>て</u> 言[い]ってか？<br/>Ｂ：チョコを 食[た]べすぎた<u>って</u> 言[い]ってた。', 2, cast('{}' as varchar[]));
insert into "grammar"."example" ("id", "rule_id", "meaning", "text_preferred_spelling", "text_phonetic_spelling", "text_furigana_template", "sort_rank", "tags") values (cast('16b8aabd-2e4c-44b0-b6b6-dc0bcc2c58da' as uuid), cast('34f93e5e-381c-41e7-a04f-83f017e84a9a' as uuid), 'Did you see the news? It said the Yen has become high again.', 'ニュース見た？また円が高くなったって。', 'ニュースみた？またえんがたかくなったって。', 'ニュース 見[み]た？また 円[えん]が 高[たか]くなったって。', 3, cast('{}' as varchar[]));
insert into "grammar"."example" ("id", "rule_id", "meaning", "text_preferred_spelling", "text_phonetic_spelling", "text_furigana_template", "sort_rank", "tags") values (cast('a20f1f0f-fc14-48e2-b743-faa1d7b9dc1f' as uuid), cast('34f93e5e-381c-41e7-a04f-83f017e84a9a' as uuid), 'Did you hear? I hear the teacher is sick.', '聞いた？先生は病気だって。', 'きいた？せんせいはびょうきだって。', '聞[き]いた？ 先[せん] 生[せい]は 病[びょう] 気[き]だって。', 4, cast('{}' as varchar[]));
insert into "grammar"."rule_reference" ("rule_id", "lesson_code") values (cast('34f93e5e-381c-41e7-a04f-83f017e84a9a' as uuid), 'GENKI3_L17');
insert into "grammar"."example_reference" ("example_id", "lesson_code") values (cast('bebf136d-3f2d-49be-a2fb-f58bb989791f' as uuid), 'GENKI3_L17');
insert into "grammar"."example_reference" ("example_id", "lesson_code") values (cast('3580fee4-a30f-4288-ab1c-60520bd67e8e' as uuid), 'GENKI3_L17');
insert into "grammar"."example_reference" ("example_id", "lesson_code") values (cast('16b8aabd-2e4c-44b0-b6b6-dc0bcc2c58da' as uuid), 'GENKI3_L17');
insert into "grammar"."example_reference" ("example_id", "lesson_code") values (cast('a20f1f0f-fc14-48e2-b743-faa1d7b9dc1f' as uuid), 'GENKI3_L17');
-- 〜たら | If/when A, then B --
insert into "grammar"."rule" ("id", "meaning", "title_preferred_spelling", "title_phonetic_spelling", "title_furigana_template", "how_to_use", "jlpt_level", "row_num", "date_added", "tags") values (cast('9a1a1644-2912-47ae-8148-8c3e94f1b327' as uuid), 'If/when A, then B', '〜たら', null, null, cast('{"condition + たら + result","Can be used in three ways:","1. If A, then B (where t<sub>a</sub> ⋜ t<sub>b</sub>)","2. A <i>probable</i> condition (e.g. when A then B)","3. A <i>hypothetical</i> condition''s result"}' as text[]), null, 107, date '2024-11-14', cast('{}' as varchar[]));
insert into "grammar"."example" ("id", "rule_id", "meaning", "text_preferred_spelling", "text_phonetic_spelling", "text_furigana_template", "sort_rank", "tags") values (cast('ca0f7a06-bb4b-4818-94b3-d6c786677961' as uuid), cast('9a1a1644-2912-47ae-8148-8c3e94f1b327' as uuid), 'If and when I go to Japan, I will buy a kimono.', '日本に行ったら、着物を買います。', 'にほんにいったら、きものをかいます。', '日[に] 本[ほん]に 行[い]ったら、 着[き] 物[もの]を 買[か]います。', 1, cast('{}' as varchar[]));
insert into "grammar"."example" ("id", "rule_id", "meaning", "text_preferred_spelling", "text_phonetic_spelling", "text_furigana_template", "sort_rank", "tags") values (cast('7613cece-2424-4f32-9d7e-ba020e5b8ce3' as uuid), cast('9a1a1644-2912-47ae-8148-8c3e94f1b327' as uuid), 'If somebody is a Japanese person, then they will probably know this word.', '日本人だったら、この言葉を知っているでしょう。', 'にほんじんだったら、このことばをしっているでしょう。', '日[に] 本[ほん] 人[じん]だったら、この 言[こと] 葉[ば]を 知[し]っているでしょう。', 2, cast('{}' as varchar[]));
insert into "grammar"."example" ("id", "rule_id", "meaning", "text_preferred_spelling", "text_phonetic_spelling", "text_furigana_template", "sort_rank", "tags") values (cast('914ec8d7-8a5e-4c57-a708-ce144e250dfa' as uuid), cast('9a1a1644-2912-47ae-8148-8c3e94f1b327' as uuid), 'When we are done with the homework, let''s go out and have some fun.<br/>(lit. when and if the homework is finished, let''s go out and have fun.', '宿題が終わったら、遊びに行きましょう。', 'しゅくだいがおわったら、あそびにいきましょう。', '宿[しゅく] 題[だい]が 終[お]わったら、 遊[あそ]びに 行[い]きましょう。', 3, cast('{}' as varchar[]));
insert into "grammar"."example" ("id", "rule_id", "meaning", "text_preferred_spelling", "text_phonetic_spelling", "text_furigana_template", "sort_rank", "tags") values (cast('88eb1fdb-89e1-4cc7-849d-8e6d403de9b0' as uuid), cast('9a1a1644-2912-47ae-8148-8c3e94f1b327' as uuid), 'If I had a million yen, I would buy a car.', '１００万円あったら、車を買うんですけど。', 'ひゃくまんえんあったら、くるまをかうんですけど。', '１００[ひゃく] 万[まん] 円[えん]あったら、 車[くるま]を 買[か]うんですけど。', 4, cast('{}' as varchar[]));
insert into "grammar"."example" ("id", "rule_id", "meaning", "text_preferred_spelling", "text_phonetic_spelling", "text_furigana_template", "sort_rank", "tags") values (cast('4954e5d8-1b8b-4ee8-b5c2-f02e85333ace' as uuid), cast('9a1a1644-2912-47ae-8148-8c3e94f1b327' as uuid), 'If you are interested in this part-time job, please call me.', 'このアルバイトに興味があったら、電話して下さい。', 'このアルバイトにきょうみがあったら、でんわしてください。', 'このアルバイトに 興[きょう] 味[み]があったら、 電[でん] 話[わ]して 下[くだ]さい。', 5, cast('{}' as varchar[]));
insert into "grammar"."example" ("id", "rule_id", "meaning", "text_preferred_spelling", "text_phonetic_spelling", "text_furigana_template", "sort_rank", "tags") values (cast('c9061a48-30d8-4022-8c83-db912af2a90b' as uuid), cast('9a1a1644-2912-47ae-8148-8c3e94f1b327' as uuid), 'If the weather is not good, we will not go camping.', '天気が良くなかったら、キャンプに行きません。', 'てんきがよくなかったら、キャンプにいきません。', '天[てん] 気[き]が 良[よ]くなかったら、キャンプに 行[い]きません。', 6, cast('{}' as varchar[]));
insert into "grammar"."example" ("id", "rule_id", "meaning", "text_preferred_spelling", "text_phonetic_spelling", "text_furigana_template", "sort_rank", "tags") values (cast('016815b7-a3f3-4fff-b24d-802789ca9660' as uuid), cast('9a1a1644-2912-47ae-8148-8c3e94f1b327' as uuid), 'If I were a cat, I would be asleep all day long.', '私が猫だったら、一日中寝ているでしょう。', 'わたしがねこだったら、いちにちじゅうねているでしょう。', '私[わたし]が 猫[ねこ]だったら、 一[いち] 日[にち] 中[じゅう] 寝[ね]ているでしょう。', 7, cast('{}' as varchar[]));
insert into "grammar"."rule_reference" ("rule_id", "lesson_code") values (cast('9a1a1644-2912-47ae-8148-8c3e94f1b327' as uuid), 'GENKI3_L17');
insert into "grammar"."example_reference" ("example_id", "lesson_code") values (cast('ca0f7a06-bb4b-4818-94b3-d6c786677961' as uuid), 'GENKI3_L17');
insert into "grammar"."example_reference" ("example_id", "lesson_code") values (cast('7613cece-2424-4f32-9d7e-ba020e5b8ce3' as uuid), 'GENKI3_L17');
insert into "grammar"."example_reference" ("example_id", "lesson_code") values (cast('914ec8d7-8a5e-4c57-a708-ce144e250dfa' as uuid), 'GENKI3_L17');
insert into "grammar"."example_reference" ("example_id", "lesson_code") values (cast('88eb1fdb-89e1-4cc7-849d-8e6d403de9b0' as uuid), 'GENKI3_L17');
insert into "grammar"."example_reference" ("example_id", "lesson_code") values (cast('4954e5d8-1b8b-4ee8-b5c2-f02e85333ace' as uuid), 'GENKI3_L17');
insert into "grammar"."example_reference" ("example_id", "lesson_code") values (cast('c9061a48-30d8-4022-8c83-db912af2a90b' as uuid), 'GENKI3_L17');
insert into "grammar"."example_reference" ("example_id", "lesson_code") values (cast('016815b7-a3f3-4fff-b24d-802789ca9660' as uuid), 'GENKI3_L17');
-- 〜なくてもいいです<br/>〜なくていい | does not need too... --
insert into "grammar"."rule" ("id", "meaning", "title_preferred_spelling", "title_phonetic_spelling", "title_furigana_template", "how_to_use", "jlpt_level", "row_num", "date_added", "tags") values (cast('e5aa9148-0a36-45d3-ac5c-0dd29944f903' as uuid), 'does not need too...', '〜なくてもいいです<br/>〜なくていい', null, null, cast('{"verb/adj (neg-て) + もいいです (formal)","verb/adj (neg-て) + もいい (casual)","verb/adj (neg-て) + いい (more casual)"}' as text[]), null, 108, date '2024-12-23', cast('{}' as varchar[]));
insert into "grammar"."example" ("id", "rule_id", "meaning", "text_preferred_spelling", "text_phonetic_spelling", "text_furigana_template", "sort_rank", "tags") values (cast('71e30908-ca8d-43fb-876f-a60ef8e3ef0d' as uuid), cast('e5aa9148-0a36-45d3-ac5c-0dd29944f903' as uuid), 'You do not need to take off your shoes.', '靴を脱がなくてもいいです。', 'くつをぬがなくてもいいです。', '靴[くつ]を 脱[ぬ]がなくてもいいです。', 1, cast('{}' as varchar[]));
insert into "grammar"."example" ("id", "rule_id", "meaning", "text_preferred_spelling", "text_phonetic_spelling", "text_furigana_template", "sort_rank", "tags") values (cast('18407a73-58f2-4947-813d-f5db49648f7a' as uuid), cast('e5aa9148-0a36-45d3-ac5c-0dd29944f903' as uuid), 'The present does not need to be anything expensive.', 'プレゼントは高くなくてもいいです。', 'プレゼントはたかくなくてもいいです。', 'プレゼントは 高[たか]くなくてもいいです。', 2, cast('{}' as varchar[]));
insert into "grammar"."example" ("id", "rule_id", "meaning", "text_preferred_spelling", "text_phonetic_spelling", "text_furigana_template", "sort_rank", "tags") values (cast('38f875cd-5246-4b26-a049-18c5d06d4647' as uuid), cast('e5aa9148-0a36-45d3-ac5c-0dd29944f903' as uuid), 'I will treat you today. You do not have to pay.', '今日は奢ってあげます。払わなくてもいいです。', 'きょうはおごってあげます。はらわなくてもいいです。', '今日[きょう]は 奢[おご]ってあげます。 払[はら]わなくてもいいです。', 3, cast('{}' as varchar[]));
insert into "grammar"."example" ("id", "rule_id", "meaning", "text_preferred_spelling", "text_phonetic_spelling", "text_furigana_template", "sort_rank", "tags") values (cast('c12375de-3953-478e-b907-880815a8fd2f' as uuid), cast('e5aa9148-0a36-45d3-ac5c-0dd29944f903' as uuid), 'Since that hotel is not crowded, we do not need to make a reservation.', 'そのホテルは混んでいないので、予約をしなくてもいいです。', 'そのホテルはこんでいないので、よやくをしなくてもいいです。', 'そのホテルは 混[こ]んでいないので、 予[よ] 約[やく]をしなくてもいいです。', 4, cast('{}' as varchar[]));
insert into "grammar"."example" ("id", "rule_id", "meaning", "text_preferred_spelling", "text_phonetic_spelling", "text_furigana_template", "sort_rank", "tags") values (cast('fe2b04f0-b162-4758-9030-529bfbff54c0' as uuid), cast('e5aa9148-0a36-45d3-ac5c-0dd29944f903' as uuid), 'At my house, I do not have to do the dishes. My host family''s mother does them for me (and I am grateful).', '私は家でお皿を洗わなくてもいいです。ホストファミリーのお母さんがしてくれます。', 'わたしはいえでおさらをあらわなくてもいいです。ホストファミリーのおかあさんがしてくれます。', '私[わたし]は 家[いえ]でお 皿[さら]を 洗[あら]わなくてもいいです。ホストファミリーのお 母[かあ]さんがしてくれます。', 5, cast('{}' as varchar[]));
insert into "grammar"."example" ("id", "rule_id", "meaning", "text_preferred_spelling", "text_phonetic_spelling", "text_furigana_template", "sort_rank", "tags") values (cast('c8bcc6c0-4366-4699-acfa-4de6d45140fc' as uuid), cast('e5aa9148-0a36-45d3-ac5c-0dd29944f903' as uuid), 'A: Thank you for lending me your notebook. Shall I return it tomorrow?<br/>No, you do not need to return it until next week.', 'Ａ：ノート貸してくれてありがとう。明日返そうか？<br/>Ｂ：ううん、来週まで返さなくてもいいよ。', 'Ａ：ノートかしてくれてありがとう。あしたかえそうか？<br/>Ｂ：ううん、らいしゅうまでかえさなくてもいいよ。', 'Ａ：ノート 貸[か]してくれてありがとう。 明日[あした] 返[かえ]そうか？<br/>Ｂ：ううん、 来[らい] 週[しゅう]まで 返[かえ]さなくてもいいよ。', 6, cast('{}' as varchar[]));
insert into "grammar"."rule_reference" ("rule_id", "lesson_code") values (cast('e5aa9148-0a36-45d3-ac5c-0dd29944f903' as uuid), 'GENKI3_L17');
insert into "grammar"."example_reference" ("example_id", "lesson_code") values (cast('71e30908-ca8d-43fb-876f-a60ef8e3ef0d' as uuid), 'GENKI3_L17');
insert into "grammar"."example_reference" ("example_id", "lesson_code") values (cast('18407a73-58f2-4947-813d-f5db49648f7a' as uuid), 'GENKI3_L17');
insert into "grammar"."example_reference" ("example_id", "lesson_code") values (cast('38f875cd-5246-4b26-a049-18c5d06d4647' as uuid), 'GENKI3_L17');
insert into "grammar"."example_reference" ("example_id", "lesson_code") values (cast('c12375de-3953-478e-b907-880815a8fd2f' as uuid), 'GENKI3_L17');
insert into "grammar"."example_reference" ("example_id", "lesson_code") values (cast('fe2b04f0-b162-4758-9030-529bfbff54c0' as uuid), 'GENKI3_L17');
insert into "grammar"."example_reference" ("example_id", "lesson_code") values (cast('c8bcc6c0-4366-4699-acfa-4de6d45140fc' as uuid), 'GENKI3_L17');
-- 〜みたいです | It looks like... (noun/verb) --
insert into "grammar"."rule" ("id", "meaning", "title_preferred_spelling", "title_phonetic_spelling", "title_furigana_template", "how_to_use", "jlpt_level", "row_num", "date_added", "tags") values (cast('7f0b7b10-09ab-4ddd-b071-76c958960f47' as uuid), 'It looks like... (noun/verb)', '〜みたいです', null, null, cast('{"noun + みたいです","verb (short) + みたいです","Can use for adjectives, but usually use 〜そうです"}' as text[]), null, 109, date '2024-12-24', cast('{}' as varchar[]));
insert into "grammar"."example" ("id", "rule_id", "meaning", "text_preferred_spelling", "text_phonetic_spelling", "text_furigana_template", "sort_rank", "tags") values (cast('41d0ab23-7974-466e-b956-70bba24f81af' as uuid), cast('7f0b7b10-09ab-4ddd-b071-76c958960f47' as uuid), 'My data looks/acts like Colonel Sanders.', '私の父はカーネルおじさんみたいです。', 'わたしのちちはカーネルおじさんみたいです。', '私[わたし]の 父[ちち]はカーネルおじさんみたいです。', 1, cast('{}' as varchar[]));
insert into "grammar"."example" ("id", "rule_id", "meaning", "text_preferred_spelling", "text_phonetic_spelling", "text_furigana_template", "sort_rank", "tags") values (cast('3ee3a639-7283-490a-8a90-02dc865b8b55' as uuid), cast('7f0b7b10-09ab-4ddd-b071-76c958960f47' as uuid), 'It looks like I have left my wallet at home.', '財布を忘れたみたいです。', 'さいふをわすれたみたいです。', '財[さい] 布[ふ]を 忘[わす]れたみたいです。', 2, cast('{}' as varchar[]));
insert into "grammar"."example" ("id", "rule_id", "meaning", "text_preferred_spelling", "text_phonetic_spelling", "text_furigana_template", "sort_rank", "tags") values (cast('71ac8ac9-11cd-45c9-ab57-3719c309ad2c' as uuid), cast('7f0b7b10-09ab-4ddd-b071-76c958960f47' as uuid), 'My younger sister cries a lot. She is like a child.', '妹はよく泣きます。子供みたいです。', 'いもうとはよくなきます。こどもみたいです。', '妹[いもうと]はよく 泣[な]きます。 子[こ] 供[ども]みたいです。', 3, cast('{}' as varchar[]));
insert into "grammar"."example" ("id", "rule_id", "meaning", "text_preferred_spelling", "text_phonetic_spelling", "text_furigana_template", "sort_rank", "tags") values (cast('d0158cef-aee8-41fd-abe9-277f3980bd2d' as uuid), cast('7f0b7b10-09ab-4ddd-b071-76c958960f47' as uuid), 'It looks like it has rained, doesn''t it?', '雨が降ったみたいですね。', 'あめがふったみたいですね。', '雨[あめ]が 降[ふ]ったみたいですね。', 4, cast('{}' as varchar[]));
insert into "grammar"."example" ("id", "rule_id", "meaning", "text_preferred_spelling", "text_phonetic_spelling", "text_furigana_template", "sort_rank", "tags") values (cast('8b4b9e08-d8f1-4901-aad9-61e4aeb64358' as uuid), cast('7f0b7b10-09ab-4ddd-b071-76c958960f47' as uuid), 'It looks like that person did not sleep last night.', 'あの人は昨日の夜寝なかったみたいです。', 'あのひとはきのうのよるねなかったみたいです。', 'あの 人[ひと]は 昨日[きのう]の 夜[よる] 寝[ね]なかったみたいです。', 5, cast('{}' as varchar[]));
insert into "grammar"."example" ("id", "rule_id", "meaning", "text_preferred_spelling", "text_phonetic_spelling", "text_furigana_template", "sort_rank", "tags") values (cast('7a43a459-7a67-4066-a7f7-4f475190ef37' as uuid), cast('7f0b7b10-09ab-4ddd-b071-76c958960f47' as uuid), 'It seems that my friend is not used to life in Japan yet.', '友達はまだ日本の生活に慣れていないみたいです。', 'ともだちはまだにほんのせいかつになれていないみたいです。', '友[とも] 達[だち]はまだ 日[に] 本[ほん]の 生[せい] 活[かつ]に 慣[な]れていないみたいです。', 6, cast('{}' as varchar[]));
insert into "grammar"."rule_reference" ("rule_id", "lesson_code") values (cast('7f0b7b10-09ab-4ddd-b071-76c958960f47' as uuid), 'GENKI3_L17');
insert into "grammar"."example_reference" ("example_id", "lesson_code") values (cast('41d0ab23-7974-466e-b956-70bba24f81af' as uuid), 'GENKI3_L17');
insert into "grammar"."example_reference" ("example_id", "lesson_code") values (cast('3ee3a639-7283-490a-8a90-02dc865b8b55' as uuid), 'GENKI3_L17');
insert into "grammar"."example_reference" ("example_id", "lesson_code") values (cast('71ac8ac9-11cd-45c9-ab57-3719c309ad2c' as uuid), 'GENKI3_L17');
insert into "grammar"."example_reference" ("example_id", "lesson_code") values (cast('d0158cef-aee8-41fd-abe9-277f3980bd2d' as uuid), 'GENKI3_L17');
insert into "grammar"."example_reference" ("example_id", "lesson_code") values (cast('8b4b9e08-d8f1-4901-aad9-61e4aeb64358' as uuid), 'GENKI3_L17');
insert into "grammar"."example_reference" ("example_id", "lesson_code") values (cast('7a43a459-7a67-4066-a7f7-4f475190ef37' as uuid), 'GENKI3_L17');
-- Ａ前にＢ | Before A, B. --
insert into "grammar"."rule" ("id", "meaning", "title_preferred_spelling", "title_phonetic_spelling", "title_furigana_template", "how_to_use", "jlpt_level", "row_num", "date_added", "tags") values (cast('0d4c9a64-2c8d-4ac2-ac82-f11fc67e13eb' as uuid), 'Before A, B.', 'Ａ前にＢ', null, null, cast('{"verb (short, present) + 前に + verb"}' as text[]), null, 110, date '2024-12-24', cast('{}' as varchar[]));
insert into "grammar"."example" ("id", "rule_id", "meaning", "text_preferred_spelling", "text_phonetic_spelling", "text_furigana_template", "sort_rank", "tags") values (cast('2d495b70-c954-4c1d-ba8d-627f61ce9b01' as uuid), cast('0d4c9a64-2c8d-4ac2-ac82-f11fc67e13eb' as uuid), 'Before I buy jeans, I try them on.', 'ジーンズを買う前に、履いてみます。', 'ジーンズをかうまえに、はいてみます。', 'ジーンズを 買[か]う 前[まえ]に、 履[は]いてみます。', 1, cast('{}' as varchar[]));
insert into "grammar"."example" ("id", "rule_id", "meaning", "text_preferred_spelling", "text_phonetic_spelling", "text_furigana_template", "sort_rank", "tags") values (cast('7fb4fc7e-61d4-443f-8b27-3ef6aa3e3506' as uuid), cast('0d4c9a64-2c8d-4ac2-ac82-f11fc67e13eb' as uuid), 'Before I came to Japan, I studied Japanese for one semester.', '日本に来る前に、一学期日本語を勉強しました。', 'にほんにくるまえに、いちがっきにほんごをべんきょうしました。', '日[に] 本[ほん]に 来[く]る 前[まえ]に、 一[いち] 学期[がっき] 日[に] 本[ほん] 語[ご]を 勉強[べんきょう]しました。', 2, cast('{}' as varchar[]));
insert into "grammar"."example" ("id", "rule_id", "meaning", "text_preferred_spelling", "text_phonetic_spelling", "text_furigana_template", "sort_rank", "tags") values (cast('28d8f7ee-f9db-4caf-b99a-1646adb1125d' as uuid), cast('0d4c9a64-2c8d-4ac2-ac82-f11fc67e13eb' as uuid), 'Before cooking, I wash my hands.', '料理する前に、手を洗います。', 'りょうりするまえに、てをあらいます。', '料[りょう] 理[り]する 前[まえ]に、 手[て]を 洗[あら]います。', 3, cast('{}' as varchar[]));
insert into "grammar"."example" ("id", "rule_id", "meaning", "text_preferred_spelling", "text_phonetic_spelling", "text_furigana_template", "sort_rank", "tags") values (cast('416c2ebb-dd4f-4fbb-8845-433a809a88e4' as uuid), cast('0d4c9a64-2c8d-4ac2-ac82-f11fc67e13eb' as uuid), 'Before going out, I always watch the weather forecast', '出かける前に、いつも天気予報をみます。', 'でかけるまえに、いつもてんきよほうをみます。', '出[で]かける 前[まえ]に、いつも 天[てん] 気[き] 予[よ] 報[ほう]をみます。', 4, cast('{}' as varchar[]));
insert into "grammar"."rule_reference" ("rule_id", "lesson_code") values (cast('0d4c9a64-2c8d-4ac2-ac82-f11fc67e13eb' as uuid), 'GENKI3_L17');
insert into "grammar"."example_reference" ("example_id", "lesson_code") values (cast('2d495b70-c954-4c1d-ba8d-627f61ce9b01' as uuid), 'GENKI3_L17');
insert into "grammar"."example_reference" ("example_id", "lesson_code") values (cast('7fb4fc7e-61d4-443f-8b27-3ef6aa3e3506' as uuid), 'GENKI3_L17');
insert into "grammar"."example_reference" ("example_id", "lesson_code") values (cast('28d8f7ee-f9db-4caf-b99a-1646adb1125d' as uuid), 'GENKI3_L17');
insert into "grammar"."example_reference" ("example_id", "lesson_code") values (cast('416c2ebb-dd4f-4fbb-8845-433a809a88e4' as uuid), 'GENKI3_L17');
-- ＡてからＢ | After A, B. --
insert into "grammar"."rule" ("id", "meaning", "title_preferred_spelling", "title_phonetic_spelling", "title_furigana_template", "how_to_use", "jlpt_level", "row_num", "date_added", "tags") values (cast('3134c528-d027-47d5-b35c-6ad8793b2680' as uuid), 'After A, B.', 'ＡてからＢ', null, null, cast('{"verb (te-form) + から"}' as text[]), null, 111, date '2024-12-24', cast('{}' as varchar[]));
insert into "grammar"."example" ("id", "rule_id", "meaning", "text_preferred_spelling", "text_phonetic_spelling", "text_furigana_template", "sort_rank", "tags") values (cast('d9cd95ec-b8ae-4d48-8ec1-46e580ff604a' as uuid), cast('3134c528-d027-47d5-b35c-6ad8793b2680' as uuid), 'After I studied, I went out.', '勉強してから、遊びに行きました。', 'べんきょうしてから、あそびにいきました。', '勉[べん] 強[きょう]してから、 遊[あそ]びに 行[い]きました。', 1, cast('{}' as varchar[]));
insert into "grammar"."example" ("id", "rule_id", "meaning", "text_preferred_spelling", "text_phonetic_spelling", "text_furigana_template", "sort_rank", "tags") values (cast('9bd7d30a-90fb-49e4-8444-bbae28e1189a' as uuid), cast('3134c528-d027-47d5-b35c-6ad8793b2680' as uuid), 'After Ms. Inoue has arrived, why don''t we start eating?', '井ノ上さんが来てから、食べましょう。', 'いノうえさんがきてから、たべましょう。', '井[い]ノ 上[うえ]さんが 来[き]てから、 食[た]べましょう。', 2, cast('{}' as varchar[]));
insert into "grammar"."example" ("id", "rule_id", "meaning", "text_preferred_spelling", "text_phonetic_spelling", "text_furigana_template", "sort_rank", "tags") values (cast('2d25b52f-f829-4088-a46f-158b9eaac513' as uuid), cast('3134c528-d027-47d5-b35c-6ad8793b2680' as uuid), 'After washing the dishes, I brush my teeth.', 'お皿を洗ってから、歯を磨きます。', 'おさらをあらってから、はをみがきます。', 'お 皿[さら]を 洗[あら]ってから、 歯[は]を 磨[みが]きます。', 3, cast('{}' as varchar[]));
insert into "grammar"."example" ("id", "rule_id", "meaning", "text_preferred_spelling", "text_phonetic_spelling", "text_furigana_template", "sort_rank", "tags") values (cast('1c1ac6dc-2f01-47a2-a757-20f991d83323' as uuid), cast('3134c528-d027-47d5-b35c-6ad8793b2680' as uuid), 'After I graduate, I intend to look for a job.', '卒業してから、仕事を探すつもりです。', 'そつぎょうしてから、しごとをさがすつもりです。', '卒[そつ] 業[ぎょう]してから、 仕[し] 事[ごと]を 探[さが]すつもりです。', 4, cast('{}' as varchar[]));
insert into "grammar"."rule_reference" ("rule_id", "lesson_code") values (cast('3134c528-d027-47d5-b35c-6ad8793b2680' as uuid), 'GENKI3_L17');
insert into "grammar"."example_reference" ("example_id", "lesson_code") values (cast('d9cd95ec-b8ae-4d48-8ec1-46e580ff604a' as uuid), 'GENKI3_L17');
insert into "grammar"."example_reference" ("example_id", "lesson_code") values (cast('9bd7d30a-90fb-49e4-8444-bbae28e1189a' as uuid), 'GENKI3_L17');
insert into "grammar"."example_reference" ("example_id", "lesson_code") values (cast('2d25b52f-f829-4088-a46f-158b9eaac513' as uuid), 'GENKI3_L17');
insert into "grammar"."example_reference" ("example_id", "lesson_code") values (cast('1c1ac6dc-2f01-47a2-a757-20f991d83323' as uuid), 'GENKI3_L17');
-- (in)transitive verb + ている | activities (transitive) and changes (intransitive) --
insert into "grammar"."rule" ("id", "meaning", "title_preferred_spelling", "title_phonetic_spelling", "title_furigana_template", "how_to_use", "jlpt_level", "row_num", "date_added", "tags") values (cast('08474944-2cb3-494b-944c-88c3e71020cc' as uuid), 'activities (transitive) and changes (intransitive)', '(in)transitive verb + ている', null, null, cast('{"verb (transitive/他動詞) + ている ⟶ activity, action in progress","verb (intransitive/自動詞) + ている ⟶ change, result state","transitive ⟺ 他動詞 (lit. other-verb)","intransitive ⟺ 自動詞 (lit. self-verb)"}' as text[]), null, 112, date '2024-12-26', cast('{}' as varchar[]));
insert into "grammar"."example" ("id", "rule_id", "meaning", "text_preferred_spelling", "text_phonetic_spelling", "text_furigana_template", "sort_rank", "tags") values (cast('700d6ee8-107f-4be6-bf6f-85592a76a546' as uuid), cast('08474944-2cb3-494b-944c-88c3e71020cc' as uuid), 'Transitive: Sora is talking with a friend right now.', '他動詞：ソラさんは今、友達と話しています。', 'たどうし：ソラさんはいま、ともだちとはなしています。', '他[た] 動[どう] 詞[し]：ソラさんは 今[いま]、 友[とも] 達[だち]と 話[はな]しています。', 1, cast('{}' as varchar[]));
insert into "grammar"."example" ("id", "rule_id", "meaning", "text_preferred_spelling", "text_phonetic_spelling", "text_furigana_template", "sort_rank", "tags") values (cast('198400bd-aba6-4dd7-903c-8f3966e5fd35' as uuid), cast('08474944-2cb3-494b-944c-88c3e71020cc' as uuid), 'Intransitive: Professor Yamanaka is married.', '自動詞：山中先生は結婚しています。', 'じどうし：やまなかせんせいはけっこんしています。', '自[じ] 動[どう] 詞[し]： 山[やま] 中[なか] 先[せん] 生[せい]は 結婚[けっこん]しています。', 2, cast('{}' as varchar[]));
insert into "grammar"."example" ("id", "rule_id", "meaning", "text_preferred_spelling", "text_phonetic_spelling", "text_furigana_template", "sort_rank", "tags") values (cast('f9ac08ed-b611-496f-801c-b80d28ff0ca1' as uuid), cast('08474944-2cb3-494b-944c-88c3e71020cc' as uuid), 'T: Kuroe Mayu is opening the windows.<br/>I: The windows are open.', '他動詞：黒江真由さんは窓を開けています。<br/>自動詞：窓が開いています。', 'たどうし：くろえまゆさんはまどをあけています。<br/>じどうし：まどがあいています。', '他[た] 動[どう] 詞[し]： 黒[くろ] 江[え] 真[ま] 由[ゆ]さんは 窓[まど]を 開[あ]けています。<br/> 自[じ] 動[どう] 詞[し]： 窓[まど]が 開[あ]いています。', 3, cast('{}' as varchar[]));
insert into "grammar"."example" ("id", "rule_id", "meaning", "text_preferred_spelling", "text_phonetic_spelling", "text_furigana_template", "sort_rank", "tags") values (cast('bfbf7cc9-4a85-4d76-be11-4ab4b3957fe5' as uuid), cast('08474944-2cb3-494b-944c-88c3e71020cc' as uuid), 'T: Ms. Aharen is turning the light off.<br/>I: The light is off.', '他動詞：阿波連さんは電気を消しています。<br/>自動詞：電気は消えています。', 'たどうし：あはれんさんはでんきをけしています。<br/>じどうし：でんきはきえています。', '他[た] 動[どう] 詞[し]： 阿[あ] 波[は] 連[れん]さんは 電[でん] 気[き]を 消[け]しています。<br/> 自[じ] 動[どう] 詞[し]： 電[でん] 気[き]は 消[き]えています。', 4, cast('{}' as varchar[]));
insert into "grammar"."example" ("id", "rule_id", "meaning", "text_preferred_spelling", "text_phonetic_spelling", "text_furigana_template", "sort_rank", "tags") values (cast('53bb3c04-f577-4e49-9bb1-eb0b8e778c19' as uuid), cast('08474944-2cb3-494b-944c-88c3e71020cc' as uuid), 'T: Godzilla is destroying the city.<br/>I: This computer is broken.', '他動詞：ゴジラが町を壊しています。<br/>自動詞：このパソコンは壊れています。', 'たどうし：ゴジラがまちをこわしています。<br/>じどうし：このパソコンはこわれています。', '他[た] 動[どう] 詞[し]：ゴジラが 町[まち]を 壊[こわ]しています。<br/> 自[じ] 動[どう] 詞[し]：このパソコンは 壊[こわ]れています。', 5, cast('{}' as varchar[]));
insert into "grammar"."rule_reference" ("rule_id", "lesson_code") values (cast('08474944-2cb3-494b-944c-88c3e71020cc' as uuid), 'GENKI3_L18');
insert into "grammar"."example_reference" ("example_id", "lesson_code") values (cast('700d6ee8-107f-4be6-bf6f-85592a76a546' as uuid), 'GENKI3_L18');
insert into "grammar"."example_reference" ("example_id", "lesson_code") values (cast('198400bd-aba6-4dd7-903c-8f3966e5fd35' as uuid), 'GENKI3_L18');
insert into "grammar"."example_reference" ("example_id", "lesson_code") values (cast('f9ac08ed-b611-496f-801c-b80d28ff0ca1' as uuid), 'GENKI3_L18');
insert into "grammar"."example_reference" ("example_id", "lesson_code") values (cast('bfbf7cc9-4a85-4d76-be11-4ab4b3957fe5' as uuid), 'GENKI3_L18');
insert into "grammar"."example_reference" ("example_id", "lesson_code") values (cast('53bb3c04-f577-4e49-9bb1-eb0b8e778c19' as uuid), 'GENKI3_L18');
-- 〜てしまう | to finish completely<br/>to regrettably do --
insert into "grammar"."rule" ("id", "meaning", "title_preferred_spelling", "title_phonetic_spelling", "title_furigana_template", "how_to_use", "jlpt_level", "row_num", "date_added", "tags") values (cast('fb2f3737-38e2-4d89-9d8e-49f4d83bb445' as uuid), 'to finish completely<br/>to regrettably do', '〜てしまう', null, null, cast('{"verb (te-form) + しまう","Note: The meanings two meanings are ambiguous, and determined by context."}' as text[]), null, 113, date '2024-12-26', cast('{}' as varchar[]));
insert into "grammar"."example" ("id", "rule_id", "meaning", "text_preferred_spelling", "text_phonetic_spelling", "text_furigana_template", "sort_rank", "tags") values (cast('0cfea0f1-f3c6-411d-9855-b00f29fec7f5' as uuid), cast('fb2f3737-38e2-4d89-9d8e-49f4d83bb445' as uuid), 'I (completely) finished reading the book.', '本を読んでしまいました。', 'ほんをよんでしまいました。', '本[ほん]を 読[よ]んでしまいました。', 1, cast('{}' as varchar[]));
insert into "grammar"."example" ("id", "rule_id", "meaning", "text_preferred_spelling", "text_phonetic_spelling", "text_furigana_template", "sort_rank", "tags") values (cast('c11b0708-1de6-4a51-8177-97d01ebb7549' as uuid), cast('fb2f3737-38e2-4d89-9d8e-49f4d83bb445' as uuid), 'I inadvertently left my bag on the train.', '電車の中に鞄を忘れてしまいました。', 'でんしゃのなかにかばんをわすれてしまいました。', '電[でん] 車[しゃ]の 中[なか]に 鞄[かばん]を 忘[わす]れてしまいました。', 2, cast('{}' as varchar[]));
insert into "grammar"."example" ("id", "rule_id", "meaning", "text_preferred_spelling", "text_phonetic_spelling", "text_furigana_template", "sort_rank", "tags") values (cast('05bde5e7-bee9-4f86-a4b2-1cb46cac6d43' as uuid), cast('fb2f3737-38e2-4d89-9d8e-49f4d83bb445' as uuid), 'I already finished writing a paper.', 'もうレポートを書いてしまいました。', 'もうレポートをかいてしまいました。', 'もうレポートを 書[か]いてしまいました。', 3, cast('{}' as varchar[]));
insert into "grammar"."example" ("id", "rule_id", "meaning", "text_preferred_spelling", "text_phonetic_spelling", "text_furigana_template", "sort_rank", "tags") values (cast('70ff1d76-9e88-4052-9588-1fa8a2b7443c' as uuid), cast('fb2f3737-38e2-4d89-9d8e-49f4d83bb445' as uuid), 'Since my friend didn''t keep her promise, I (regrettably) had a fight.', '友達が約束を守らなかったので、喧嘩してしまいました。', 'ともだちがやくそくをまもらなかったので、けんかしてしまいました。', '友[とも] 達[だち]が 約[やく] 束[そく]を 守[まも]らなかったので、 喧[けん] 嘩[か]してしまいました。', 4, cast('{}' as varchar[]));
insert into "grammar"."example" ("id", "rule_id", "meaning", "text_preferred_spelling", "text_phonetic_spelling", "text_furigana_template", "sort_rank", "tags") values (cast('8c21615b-8d2d-42ab-9556-15c0a1aecc4c' as uuid), cast('fb2f3737-38e2-4d89-9d8e-49f4d83bb445' as uuid), 'I broke my father''s car, but I (regrettably) broke it.', '父の車を借りましたが、壊してしまいました。', 'ちちのくるまをかりましたが、こわしてしまいました。', '父[ちち]の 車[くるま]を 借[か]りましたが、 壊[こわ]してしまいました。', 5, cast('{}' as varchar[]));
insert into "grammar"."rule_reference" ("rule_id", "lesson_code") values (cast('fb2f3737-38e2-4d89-9d8e-49f4d83bb445' as uuid), 'GENKI3_L18');
insert into "grammar"."example_reference" ("example_id", "lesson_code") values (cast('0cfea0f1-f3c6-411d-9855-b00f29fec7f5' as uuid), 'GENKI3_L18');
insert into "grammar"."example_reference" ("example_id", "lesson_code") values (cast('c11b0708-1de6-4a51-8177-97d01ebb7549' as uuid), 'GENKI3_L18');
insert into "grammar"."example_reference" ("example_id", "lesson_code") values (cast('05bde5e7-bee9-4f86-a4b2-1cb46cac6d43' as uuid), 'GENKI3_L18');
insert into "grammar"."example_reference" ("example_id", "lesson_code") values (cast('70ff1d76-9e88-4052-9588-1fa8a2b7443c' as uuid), 'GENKI3_L18');
insert into "grammar"."example_reference" ("example_id", "lesson_code") values (cast('8c21615b-8d2d-42ab-9556-15c0a1aecc4c' as uuid), 'GENKI3_L18');
-- 〜ちゃう/〜じゃう | to finish completely; to regrettably do<br/>(spoken, informal) --
insert into "grammar"."rule" ("id", "meaning", "title_preferred_spelling", "title_phonetic_spelling", "title_furigana_template", "how_to_use", "jlpt_level", "row_num", "date_added", "tags") values (cast('ebf4802e-1eae-4403-bd51-46103b79f1ee' as uuid), 'to finish completely; to regrettably do<br/>(spoken, informal)', '〜ちゃう/〜じゃう', null, null, cast('{"〜てしまう ⟶ 〜ちゃう","〜でしまう ⟶ 〜じゃう"}' as text[]), null, 114, date '2024-12-26', cast('{}' as varchar[]));
insert into "grammar"."example" ("id", "rule_id", "meaning", "text_preferred_spelling", "text_phonetic_spelling", "text_furigana_template", "sort_rank", "tags") values (cast('5d3608e5-f82c-4dc7-84f3-55d2e2568217' as uuid), cast('ebf4802e-1eae-4403-bd51-46103b79f1ee' as uuid), 'I (regrettably) lost my homework!', '宿題をなくしちゃった。', 'しゅくだいをなくしちゃった。', '宿[しゅく] 題[だい]をなくしちゃった。', 1, cast('{}' as varchar[]));
insert into "grammar"."example" ("id", "rule_id", "meaning", "text_preferred_spelling", "text_phonetic_spelling", "text_furigana_template", "sort_rank", "tags") values (cast('b11cdf03-fa5c-4ff8-8f76-847da30ce038' as uuid), cast('ebf4802e-1eae-4403-bd51-46103b79f1ee' as uuid), 'A: There''s no milk in the fridge...<br/>B: Sorry. I drank it, completely finishing it off. <i>OR</i> Sorry. I regrettably drank it.', 'Ａ：冷蔵庫の牛乳がないんけど……。<br/>Ｂ：ごめん。飲んじゃった。', 'Ａ：れいぞうこのぎゅうにゅうがないんけど……。<br/>Ｂ：ごめん。のんじゃった。', 'Ａ： 冷[れい] 蔵[ぞう] 庫[こ]の 牛[ぎゅう] 乳[にゅう]がないんけど……。<br/>Ｂ：ごめん。 飲[の]んじゃった。', 2, cast('{}' as varchar[]));
insert into "grammar"."example" ("id", "rule_id", "meaning", "text_preferred_spelling", "text_phonetic_spelling", "text_furigana_template", "sort_rank", "tags") values (cast('daa7a7f5-cd81-4d43-8c2b-6a974338f6a6' as uuid), cast('ebf4802e-1eae-4403-bd51-46103b79f1ee' as uuid), 'A: The magazine on the desk is also gone.<br/>B: To tell you the truth, I (regrettably) threw them away.', 'Ａ：机の上の雑誌もない。<br/>Ｂ：ごめん。実は捨てちゃった。', 'Ａ：つくえのうえのざっしもない。<br/>Ｂ：ごめん。じつはすてちゃった。', 'Ａ： 机[つくえ]の 上[うえ]の 雑[ざっ] 誌[し]もない。<br/>Ｂ：ごめん。 実[じつ]は 捨[す]てちゃった。', 3, cast('{}' as varchar[]));
insert into "grammar"."rule_reference" ("rule_id", "lesson_code") values (cast('ebf4802e-1eae-4403-bd51-46103b79f1ee' as uuid), 'GENKI3_L18');
insert into "grammar"."example_reference" ("example_id", "lesson_code") values (cast('5d3608e5-f82c-4dc7-84f3-55d2e2568217' as uuid), 'GENKI3_L18');
insert into "grammar"."example_reference" ("example_id", "lesson_code") values (cast('b11cdf03-fa5c-4ff8-8f76-847da30ce038' as uuid), 'GENKI3_L18');
insert into "grammar"."example_reference" ("example_id", "lesson_code") values (cast('daa7a7f5-cd81-4d43-8c2b-6a974338f6a6' as uuid), 'GENKI3_L18');
-- ＰとＲ | Whenever P happens, R happens too --
insert into "grammar"."rule" ("id", "meaning", "title_preferred_spelling", "title_phonetic_spelling", "title_furigana_template", "how_to_use", "jlpt_level", "row_num", "date_added", "tags") values (cast('b597e03b-4402-40e9-b2a6-62aa21253df7' as uuid), 'Whenever P happens, R happens too', 'ＰとＲ', null, null, cast('{"predicate clause (short, present) + と + result clause","Sometimes used to describe a cause-effect relationship between events","The result <u>must follow</u> the event described in the predicate."}' as text[]), null, 115, date '2024-12-27', cast('{}' as varchar[]));
insert into "grammar"."example" ("id", "rule_id", "meaning", "text_preferred_spelling", "text_phonetic_spelling", "text_furigana_template", "sort_rank", "tags") values (cast('4af1259c-9296-48bb-a97a-df9ee186e5cc' as uuid), cast('b597e03b-4402-40e9-b2a6-62aa21253df7' as uuid), 'Whenever I talk with that person, I feel uplifted.', '私はその人と話すと元気になる。', 'わたしはそのひととはなすとげんきになる。', '私[わたし]はその 人[ひと]と 話[はな]すと 元[げん] 気[き]になる。', 1, cast('{}' as varchar[]));
insert into "grammar"."example" ("id", "rule_id", "meaning", "text_preferred_spelling", "text_phonetic_spelling", "text_furigana_template", "sort_rank", "tags") values (cast('e19f8f88-c648-48ec-936d-251cbc5e7408' as uuid), cast('b597e03b-4402-40e9-b2a6-62aa21253df7' as uuid), 'Whenever the streets are crowded, it takes longer to get there.', '道が混んでいると時間がかかる。', 'みちがこんでいるとじかんがかかる。', '道[みち]が 混[こ]んでいると 時[じ] 間[かん]がかかる。', 2, cast('{}' as varchar[]));
insert into "grammar"."example" ("id", "rule_id", "meaning", "text_preferred_spelling", "text_phonetic_spelling", "text_furigana_template", "sort_rank", "tags") values (cast('a4f162b3-bc81-4a32-ba12-5334d3c29a50' as uuid), cast('b597e03b-4402-40e9-b2a6-62aa21253df7' as uuid), 'When I was young, whenever winter arrived, I caught a cold.', '私は子供の時、冬になると風邪を引きました', 'わたしはこどものとき、ふゆになるとかぜをひきました', '私[わたし]は 子[こ] 供[ども]の 時[とき]、 冬[ふゆ]になると 風[か] 邪[ぜ]を 引[ひ]きました', 3, cast('{}' as varchar[]));
insert into "grammar"."example" ("id", "rule_id", "meaning", "text_preferred_spelling", "text_phonetic_spelling", "text_furigana_template", "sort_rank", "tags") values (cast('2851d11d-bdc2-4823-9f04-eba3ae13f5e1' as uuid), cast('b597e03b-4402-40e9-b2a6-62aa21253df7' as uuid), 'Whenever I get nervous, I get thirsty.', '緊張すると、喉が渇きます。', 'きんちょうすると、のどがかわきます。', '緊[きん] 張[ちょう]すると、 喉[のど]が 渇[かわ]きます。', 4, cast('{}' as varchar[]));
insert into "grammar"."rule_reference" ("rule_id", "lesson_code") values (cast('b597e03b-4402-40e9-b2a6-62aa21253df7' as uuid), 'GENKI3_L18');
insert into "grammar"."example_reference" ("example_id", "lesson_code") values (cast('4af1259c-9296-48bb-a97a-df9ee186e5cc' as uuid), 'GENKI3_L18');
insert into "grammar"."example_reference" ("example_id", "lesson_code") values (cast('e19f8f88-c648-48ec-936d-251cbc5e7408' as uuid), 'GENKI3_L18');
insert into "grammar"."example_reference" ("example_id", "lesson_code") values (cast('a4f162b3-bc81-4a32-ba12-5334d3c29a50' as uuid), 'GENKI3_L18');
insert into "grammar"."example_reference" ("example_id", "lesson_code") values (cast('2851d11d-bdc2-4823-9f04-eba3ae13f5e1' as uuid), 'GENKI3_L18');
-- ＰとＡになる | Whenever P happens, something becomes A --
insert into "grammar"."rule" ("id", "meaning", "title_preferred_spelling", "title_phonetic_spelling", "title_furigana_template", "how_to_use", "jlpt_level", "row_num", "date_added", "tags") values (cast('a58249a4-06c3-45ce-b026-33a73eecbbf5' as uuid), 'Whenever P happens, something becomes A', 'ＰとＡになる', null, null, cast('{"predicate clause (short, present) + と + result clause + adjective + に/く + なる","Sometimes used to describe a cause-effect relationship between events","The result <u>must follow</u> the event described in the predicate."}' as text[]), null, 116, date '2024-12-27', cast('{}' as varchar[]));
insert into "grammar"."example" ("id", "rule_id", "meaning", "text_preferred_spelling", "text_phonetic_spelling", "text_furigana_template", "sort_rank", "tags") values (cast('9060b52a-32be-4857-b5eb-98cf12676f15' as uuid), cast('a58249a4-06c3-45ce-b026-33a73eecbbf5' as uuid), 'If Mary goes back home, we will become sad/lonely.', 'メアリーさんが国に帰ると寂しくなります。', 'メアリーさんがくににかえるとさびしくなります。', 'メアリーさんが 国[くに]に 帰[かえ]ると 寂[さび]しくなります。', 1, cast('{}' as varchar[]));
insert into "grammar"."example" ("id", "rule_id", "meaning", "text_preferred_spelling", "text_phonetic_spelling", "text_furigana_template", "sort_rank", "tags") values (cast('cf977382-568b-42df-bafa-f31326d79893' as uuid), cast('a58249a4-06c3-45ce-b026-33a73eecbbf5' as uuid), 'Whenever fall arrives, trees turn red.', '秋になると木が赤くなります。', 'あきになるときがあかくなります。', '秋[あき]になると 木[き]が 赤[あか]くなります。', 2, cast('{}' as varchar[]));
insert into "grammar"."example" ("id", "rule_id", "meaning", "text_preferred_spelling", "text_phonetic_spelling", "text_furigana_template", "sort_rank", "tags") values (cast('f207ae3a-4dbe-480c-b275-9b4bdefd21f1' as uuid), cast('a58249a4-06c3-45ce-b026-33a73eecbbf5' as uuid), 'Whenever night comes, the town becomes quiet.', '夜になると町が静かになります。', 'よるになるとまちがしずかになります。', '夜[よる]になると 町[まち]が 静[しず]かになります。', 3, cast('{}' as varchar[]));
insert into "grammar"."example" ("id", "rule_id", "meaning", "text_preferred_spelling", "text_phonetic_spelling", "text_furigana_template", "sort_rank", "tags") values (cast('225dae80-f417-4572-aecc-d5133675781a' as uuid), cast('a58249a4-06c3-45ce-b026-33a73eecbbf5' as uuid), 'Whenever a response doesn''t come from a friend, I get uneasy.', '友達から返事が来ないと、不安になります。', 'ともだちからへんじがこないと、ふあんになります。', '友達[ともだち]から 返事[へんじ]が 来[こ]ないと、 不[ふ] 安[あん]になります。', 4, cast('{}' as varchar[]));
insert into "grammar"."example" ("id", "rule_id", "meaning", "text_preferred_spelling", "text_phonetic_spelling", "text_furigana_template", "sort_rank", "tags") values (cast('7b53d4f2-b614-4e07-8742-db01a73f8b01' as uuid), cast('a58249a4-06c3-45ce-b026-33a73eecbbf5' as uuid), 'When spring comes, cherry blossoms bloom.', '春が来ると、桜が咲きます。', 'はるがくるると、さくらがさきます。', '春[はる]が 来[くる]ると、 桜[さくら]が 咲[さ]きます。', 5, cast('{}' as varchar[]));
insert into "grammar"."example" ("id", "rule_id", "meaning", "text_preferred_spelling", "text_phonetic_spelling", "text_furigana_template", "sort_rank", "tags") values (cast('0423ed89-6d89-48b8-876c-8724e251070a' as uuid), cast('a58249a4-06c3-45ce-b026-33a73eecbbf5' as uuid), 'Whenever you fall in a crowded place, it''s embarrassing.', '人がたくさんいる所で転ぶと、恥ずかしくなります。', 'ひとがたくさんいるところでころぶと、はずかしくなります。', '人[ひと]がたくさんいる 所[ところ]で 転[ころ]ぶと、 恥[は]ずかしくなります。', 6, cast('{}' as varchar[]));
insert into "grammar"."rule_reference" ("rule_id", "lesson_code") values (cast('a58249a4-06c3-45ce-b026-33a73eecbbf5' as uuid), 'GENKI3_L18');
insert into "grammar"."example_reference" ("example_id", "lesson_code") values (cast('9060b52a-32be-4857-b5eb-98cf12676f15' as uuid), 'GENKI3_L18');
insert into "grammar"."example_reference" ("example_id", "lesson_code") values (cast('cf977382-568b-42df-bafa-f31326d79893' as uuid), 'GENKI3_L18');
insert into "grammar"."example_reference" ("example_id", "lesson_code") values (cast('f207ae3a-4dbe-480c-b275-9b4bdefd21f1' as uuid), 'GENKI3_L18');
insert into "grammar"."example_reference" ("example_id", "lesson_code") values (cast('225dae80-f417-4572-aecc-d5133675781a' as uuid), 'GENKI3_L18');
insert into "grammar"."example_reference" ("example_id", "lesson_code") values (cast('7b53d4f2-b614-4e07-8742-db01a73f8b01' as uuid), 'GENKI3_L18');
insert into "grammar"."example_reference" ("example_id", "lesson_code") values (cast('0423ed89-6d89-48b8-876c-8724e251070a' as uuid), 'GENKI3_L18');
-- Ａながら、Ｂ | A while B<br/>A at the same time as B --
insert into "grammar"."rule" ("id", "meaning", "title_preferred_spelling", "title_phonetic_spelling", "title_furigana_template", "how_to_use", "jlpt_level", "row_num", "date_added", "tags") values (cast('fdeb200b-f829-4b5c-b696-c9bcbc565c62' as uuid), 'A while B<br/>A at the same time as B', 'Ａながら、Ｂ', null, null, cast('{"verb (stem) + ながら + verb","Both actions must be performed by the same person"}' as text[]), null, 117, date '2024-12-27', cast('{}' as varchar[]));
insert into "grammar"."example" ("id", "rule_id", "meaning", "text_preferred_spelling", "text_phonetic_spelling", "text_furigana_template", "sort_rank", "tags") values (cast('be4851ff-9d34-474a-91b4-3fd2e11009a6' as uuid), cast('fdeb200b-f829-4b5c-b696-c9bcbc565c62' as uuid), 'I always listen to music while studying Japanese.', '私はいつも音楽を聞きながら日本語を勉強します。', 'わたしはいつもおんがくをききながらにほんごをべんきょうします。', '私[わたし]はいつも 音[おん] 楽[がく]を 聞[き]きながら 日[に] 本[ほん] 語[ご]を 勉[べん] 強[きょう]します。', 1, cast('{}' as varchar[]));
insert into "grammar"."example" ("id", "rule_id", "meaning", "text_preferred_spelling", "text_phonetic_spelling", "text_furigana_template", "sort_rank", "tags") values (cast('2fe14594-3cc0-4993-a11a-d65a696e0c5c' as uuid), cast('fdeb200b-f829-4b5c-b696-c9bcbc565c62' as uuid), 'Fumino Furuhashi is singing a song while doing laundry.', '古橋文乃さんは歌を歌いながら洗濯しています。', 'ふるはしふみのさんはうたをうたいながらせんたくしています。', '古[ふる] 橋[はし] 文[ふみ] 乃[の]さんは 歌[うた]を 歌[うた]いながら 洗濯[せんたく]しています。', 2, cast('{}' as varchar[]));
insert into "grammar"."example" ("id", "rule_id", "meaning", "text_preferred_spelling", "text_phonetic_spelling", "text_furigana_template", "sort_rank", "tags") values (cast('24ecf426-da64-4144-af59-8cd857934e13' as uuid), cast('fdeb200b-f829-4b5c-b696-c9bcbc565c62' as uuid), 'Part-time working while going to school is not easy.', 'アルバイトをしながら学校に行くのは大変です。', 'アルバイトをしながらがっこうにいくのはたいへんです。', 'アルバイトをしながら 学[がっ] 校[こう]に 行[い]くのは 大[たい] 変[へん]です。', 3, cast('{}' as varchar[]));
insert into "grammar"."example" ("id", "rule_id", "meaning", "text_preferred_spelling", "text_phonetic_spelling", "text_furigana_template", "sort_rank", "tags") values (cast('6028101b-228a-481d-92a4-c0458cf3cfdb' as uuid), cast('fdeb200b-f829-4b5c-b696-c9bcbc565c62' as uuid), 'Ms. Takemoto, while laughing, showed me the picture.', '武元さんは笑いながら写真を見せてくれました。', 'たけもとさんはわらいながらしゃしんをみせてくれました。', '武[たけ] 元[もと]さんは 笑[わら]いながら 写[しゃ] 真[しん]を 見[み]せてくれました。', 4, cast('{}' as varchar[]));
insert into "grammar"."example" ("id", "rule_id", "meaning", "text_preferred_spelling", "text_phonetic_spelling", "text_furigana_template", "sort_rank", "tags") values (cast('51f690d6-93a1-43b0-87a2-6575de1ddeb9' as uuid), cast('fdeb200b-f829-4b5c-b696-c9bcbc565c62' as uuid), 'You better not walk and eat at the same time.<br/>(lit. walking while eating, it would be better not to do.)', '歩きながら食べない方がいいですよ。', 'あるきながらたべないほうがいいですよ。', '歩[ある]きながら 食[た]べない 方[ほう]がいいですよ。', 5, cast('{}' as varchar[]));
insert into "grammar"."example" ("id", "rule_id", "meaning", "text_preferred_spelling", "text_phonetic_spelling", "text_furigana_template", "sort_rank", "tags") values (cast('29415f63-fc34-45bd-9a79-bb8ffb4967af' as uuid), cast('fdeb200b-f829-4b5c-b696-c9bcbc565c62' as uuid), 'I often listen to music while driving', '音楽を聞きながら、よく運転します。', 'おんがくをききながら、よくうんてんします。', '音[おん] 楽[がく]を 聞[き]きながら、よく 運[うん] 転[てん]します。', 6, cast('{}' as varchar[]));
insert into "grammar"."rule_reference" ("rule_id", "lesson_code") values (cast('fdeb200b-f829-4b5c-b696-c9bcbc565c62' as uuid), 'GENKI3_L18');
insert into "grammar"."example_reference" ("example_id", "lesson_code") values (cast('be4851ff-9d34-474a-91b4-3fd2e11009a6' as uuid), 'GENKI3_L18');
insert into "grammar"."example_reference" ("example_id", "lesson_code") values (cast('2fe14594-3cc0-4993-a11a-d65a696e0c5c' as uuid), 'GENKI3_L18');
insert into "grammar"."example_reference" ("example_id", "lesson_code") values (cast('24ecf426-da64-4144-af59-8cd857934e13' as uuid), 'GENKI3_L18');
insert into "grammar"."example_reference" ("example_id", "lesson_code") values (cast('6028101b-228a-481d-92a4-c0458cf3cfdb' as uuid), 'GENKI3_L18');
insert into "grammar"."example_reference" ("example_id", "lesson_code") values (cast('51f690d6-93a1-43b0-87a2-6575de1ddeb9' as uuid), 'GENKI3_L18');
insert into "grammar"."example_reference" ("example_id", "lesson_code") values (cast('29415f63-fc34-45bd-9a79-bb8ffb4967af' as uuid), 'GENKI3_L18');
-- 〜ばよかったです<br/>〜なければよかったです | I should have done...<br/>I should have not done... --
insert into "grammar"."rule" ("id", "meaning", "title_preferred_spelling", "title_phonetic_spelling", "title_furigana_template", "how_to_use", "jlpt_level", "row_num", "date_added", "tags") values (cast('f8a7d609-b489-4554-9ce4-03efb9320cc6' as uuid), 'I should have done...<br/>I should have not done...', '〜ばよかったです<br/>〜なければよかったです', null, null, cast('{"verb (eba) + よかった ⟶ I should have done...","verb (short negative, drop い) + かればよかった ⟶ I should not have done..."}' as text[]), null, 118, date '2024-12-27', cast('{}' as varchar[]));
insert into "grammar"."example" ("id", "rule_id", "meaning", "text_preferred_spelling", "text_phonetic_spelling", "text_furigana_template", "sort_rank", "tags") values (cast('ccdf847d-a91b-448d-99ed-0581925ff407' as uuid), cast('f8a7d609-b489-4554-9ce4-03efb9320cc6' as uuid), 'I wish I had told her that I loved her.', 'あの時、「愛している」と言えばよかったです。', 'あのとき、「あいしている」といえばよかったです。', 'あの 時[とき]、「 愛[あい]している」と 言[い]えばよかったです。', 1, cast('{}' as varchar[]));
insert into "grammar"."example" ("id", "rule_id", "meaning", "text_preferred_spelling", "text_phonetic_spelling", "text_furigana_template", "sort_rank", "tags") values (cast('6f33deb1-abf9-43bc-9bfb-ba63d2843973' as uuid), cast('f8a7d609-b489-4554-9ce4-03efb9320cc6' as uuid), 'I wish that I had not broken up with her.', '彼女と別れなければよかったです。', 'かのじょとわかれなければよかったです。', '彼[かの] 女[じょ]と 別[わか]れなければよかったです。', 2, cast('{}' as varchar[]));
insert into "grammar"."example" ("id", "rule_id", "meaning", "text_preferred_spelling", "text_phonetic_spelling", "text_furigana_template", "sort_rank", "tags") values (cast('f6c7851c-2c00-4d79-b993-41a6c3a2eab0' as uuid), cast('f8a7d609-b489-4554-9ce4-03efb9320cc6' as uuid), 'I regrettably lost my father''s precious watch. I should have been more careful.', '父の大切な時計をなくしてしまったんです。もっと気をつければよかったです。', 'ちちのたいせつなとけいをなくしてしまったんです。もっときをつければよかったです。', '父[ちち]の 大切[たいせつ]な 時計[とけい]をなくしてしまったんです。もっと 気[き]をつければよかったです。', 3, cast('{}' as varchar[]));
insert into "grammar"."example" ("id", "rule_id", "meaning", "text_preferred_spelling", "text_phonetic_spelling", "text_furigana_template", "sort_rank", "tags") values (cast('a7684f46-5397-4c89-8c80-ac4ba9db3138' as uuid), cast('f8a7d609-b489-4554-9ce4-03efb9320cc6' as uuid), 'I bought a refrigerator, however right away it completely broke. I should not have bought a cheap one.', '冷蔵庫を買いましたが、すぐ壊れてしまいました。安いのを買わなければよかったです。', 'れいぞうこをかいましたが、すぐこわれてしまいました。やいのをかわなければよかったです。', '冷[れい] 蔵[ぞう] 庫[こ]を 買[か]いましたが、すぐ 壊[こわ]れてしまいました。 安[や]いのを 買[か]わなければよかったです。', 4, cast('{}' as varchar[]));
insert into "grammar"."example" ("id", "rule_id", "meaning", "text_preferred_spelling", "text_phonetic_spelling", "text_furigana_template", "sort_rank", "tags") values (cast('fe5dc7e5-d689-4586-a957-d4cbc8672248' as uuid), cast('f8a7d609-b489-4554-9ce4-03efb9320cc6' as uuid), 'A: During your childhood, what do you think you wished you did?<br/>B: I think I wished I practiced piano more.', 'Ａ：子供の時、何をすればよかったと思いますか。<br/>Ｂ：もっとピアノを練習すればよかったと思います。', 'Ａ：こどものとき、なにをすればよかったとおもいますか。<br/>Ｂ：もっとピアノをれんしゅうすればよかったとおもいます。', 'Ａ： 子[こ] 供[ども]の 時[とき]、 何[なに]をすればよかったと 思[おも]いますか。<br/>Ｂ：もっとピアノを 練[れん] 習[しゅう]すればよかったと 思[おも]います。', 5, cast('{}' as varchar[]));
insert into "grammar"."example" ("id", "rule_id", "meaning", "text_preferred_spelling", "text_phonetic_spelling", "text_furigana_template", "sort_rank", "tags") values (cast('d7552493-aa1e-4a27-b908-0debef0c643c' as uuid), cast('f8a7d609-b489-4554-9ce4-03efb9320cc6' as uuid), 'I wish I had not read in the car.', '車の中でを読まなければよかったです', 'くるまのなかでをよまなければよかったです', '車[くるま]の 中[なか]でを 読[よ]まなければよかったです', 6, cast('{}' as varchar[]));
insert into "grammar"."rule_reference" ("rule_id", "lesson_code") values (cast('f8a7d609-b489-4554-9ce4-03efb9320cc6' as uuid), 'GENKI3_L18');
insert into "grammar"."example_reference" ("example_id", "lesson_code") values (cast('ccdf847d-a91b-448d-99ed-0581925ff407' as uuid), 'GENKI3_L18');
insert into "grammar"."example_reference" ("example_id", "lesson_code") values (cast('6f33deb1-abf9-43bc-9bfb-ba63d2843973' as uuid), 'GENKI3_L18');
insert into "grammar"."example_reference" ("example_id", "lesson_code") values (cast('f6c7851c-2c00-4d79-b993-41a6c3a2eab0' as uuid), 'GENKI3_L18');
insert into "grammar"."example_reference" ("example_id", "lesson_code") values (cast('a7684f46-5397-4c89-8c80-ac4ba9db3138' as uuid), 'GENKI3_L18');
insert into "grammar"."example_reference" ("example_id", "lesson_code") values (cast('fe5dc7e5-d689-4586-a957-d4cbc8672248' as uuid), 'GENKI3_L18');
insert into "grammar"."example_reference" ("example_id", "lesson_code") values (cast('d7552493-aa1e-4a27-b908-0debef0c643c' as uuid), 'GENKI3_L18');
-- おかげで | expression of gratitude (thanks to) --
insert into "grammar"."rule" ("id", "meaning", "title_preferred_spelling", "title_phonetic_spelling", "title_furigana_template", "how_to_use", "jlpt_level", "row_num", "date_added", "tags") values (cast('82b2673d-814c-4b50-b85a-f3efdb02ca67' as uuid), 'expression of gratitude (thanks to)', 'おかげで', null, null, cast('{"noun + の + おかげ + で","noun + の + おかげ + です","おかげさまで"}' as text[]), null, 119, date '2024-12-27', cast('{}' as varchar[]));
insert into "grammar"."example" ("id", "rule_id", "meaning", "text_preferred_spelling", "text_phonetic_spelling", "text_furigana_template", "sort_rank", "tags") values (cast('0d8aa0ad-d178-4369-a242-7721f6f40980' as uuid), cast('82b2673d-814c-4b50-b85a-f3efdb02ca67' as uuid), 'Thanks to the map my friend drew, I didn''t get lost.', '友達が書いてくれた地図のおかげで道に迷わなかった。', 'ともだちがきいてくれたちずのおかげでみちにまよわなかった。', '友[とも] 達[だち]が 書[き]いてくれた 地図[ちず]のおかげで 道[みち]に 迷[まよ]わなかった。', 1, cast('{}' as varchar[]));
insert into "grammar"."example" ("id", "rule_id", "meaning", "text_preferred_spelling", "text_phonetic_spelling", "text_furigana_template", "sort_rank", "tags") values (cast('fbae78e1-0192-4be9-8215-70420c08b57c' as uuid), cast('82b2673d-814c-4b50-b85a-f3efdb02ca67' as uuid), 'Teacher: Congratulations on your graduation.<br/>Student: Professor, I owe it to you.', '先生：卒業おめでとう。<br/>学生：先生のおかげです。', 'せんせい：そつぎょうおめでとう。<br/>がくせい：せんせいのおかげです。', '先[せん] 生[せい]： 卒業[そつぎょう]おめでとう。<br/> 学生[がくせい]： 先[せん] 生[せい]のおかげです。', 2, cast('{}' as varchar[]));
insert into "grammar"."example" ("id", "rule_id", "meaning", "text_preferred_spelling", "text_phonetic_spelling", "text_furigana_template", "sort_rank", "tags") values (cast('30c57caf-e32d-43c4-9498-8398a2e7ee72' as uuid), cast('82b2673d-814c-4b50-b85a-f3efdb02ca67' as uuid), 'A: How are you?<br/>B: I''m fine (thanks to you).', 'Ａ：元気ですか。<br/>Ｂ：ええ、おかげさまで。', 'Ａ：げんきですか。<br/>Ｂ：ええ、おかげさまで。', 'Ａ： 元[げん] 気[き]ですか。<br/>Ｂ：ええ、おかげさまで。', 3, cast('{}' as varchar[]));
insert into "grammar"."example" ("id", "rule_id", "meaning", "text_preferred_spelling", "text_phonetic_spelling", "text_furigana_template", "sort_rank", "tags") values (cast('7f3f105b-92f3-4a5f-85f2-763f9d2e2a18' as uuid), cast('82b2673d-814c-4b50-b85a-f3efdb02ca67' as uuid), 'A: Have you gotten used to the job?<br/>B: Yes, thanks to you, I''ve mostly gotten used to it.', 'Ａ：仕事に慣れましたか。<br/>ええ、おかげさまで、だいぶ慣れました。', 'Ａ：しごとになれましたか。<br/>ええ、おかげさまで、だいぶなれました。', 'Ａ： 仕[し] 事[ごと]に 慣[な]れましたか。<br/>ええ、おかげさまで、だいぶ 慣[な]れました。', 4, cast('{}' as varchar[]));
insert into "grammar"."rule_reference" ("rule_id", "lesson_code") values (cast('82b2673d-814c-4b50-b85a-f3efdb02ca67' as uuid), 'GENKI3_L18');
insert into "grammar"."example_reference" ("example_id", "lesson_code") values (cast('0d8aa0ad-d178-4369-a242-7721f6f40980' as uuid), 'GENKI3_L18');
insert into "grammar"."example_reference" ("example_id", "lesson_code") values (cast('fbae78e1-0192-4be9-8215-70420c08b57c' as uuid), 'GENKI3_L18');
insert into "grammar"."example_reference" ("example_id", "lesson_code") values (cast('30c57caf-e32d-43c4-9498-8398a2e7ee72' as uuid), 'GENKI3_L18');
insert into "grammar"."example_reference" ("example_id", "lesson_code") values (cast('7f3f105b-92f3-4a5f-85f2-763f9d2e2a18' as uuid), 'GENKI3_L18');
-- 敬語の動詞 | honorific verbs (special) --
insert into "grammar"."rule" ("id", "meaning", "title_preferred_spelling", "title_phonetic_spelling", "title_furigana_template", "how_to_use", "jlpt_level", "row_num", "date_added", "tags") values (cast('9b4e32d6-2700-4ee8-bf1e-3ce92c3b7959' as uuid), 'honorific verbs (special)', '敬語の動詞', null, null, cast('{"Use to mean somebody graciously does something","Never use to describe our own actions.","① Used for somebody higher up","② Used for somebody we don''t know well, esp. when addressing directly."}' as text[]), null, 120, date '2025-04-10', cast('{}' as varchar[]));
insert into "grammar"."example" ("id", "rule_id", "meaning", "text_preferred_spelling", "text_phonetic_spelling", "text_furigana_template", "sort_rank", "tags") values (cast('c1c38b65-8c15-4ab8-a6cc-13eb04e164a5' as uuid), cast('9b4e32d6-2700-4ee8-bf1e-3ce92c3b7959' as uuid), 'The professor will not go to / come to / be at the school.<br/>(3-way ambiguous)', '先生は今日学校にいらしゃいません。', 'せんせいはきょうがっこうにいらしゃいません。', '先[せん] 生[せい]は 今日[きょう] 学[がっ] 校[こう]にいらしゃいません。', 1, cast('{}' as varchar[]));
insert into "grammar"."example" ("id", "rule_id", "meaning", "text_preferred_spelling", "text_phonetic_spelling", "text_furigana_template", "sort_rank", "tags") values (cast('5fcd99cb-b071-49f3-879b-2d939109d4a0' as uuid), cast('9b4e32d6-2700-4ee8-bf1e-3ce92c3b7959' as uuid), 'What will you eat/drink?', '何を召し上がりますか。', 'なにをめしあがりますか。', '何[なに]を 召[め]し 上[あ]がりますか。', 2, cast('{}' as varchar[]));
insert into "grammar"."example" ("id", "rule_id", "meaning", "text_preferred_spelling", "text_phonetic_spelling", "text_furigana_template", "sort_rank", "tags") values (cast('d8fd98ea-b6a3-48a7-80b9-75259aa760c6' as uuid), cast('9b4e32d6-2700-4ee8-bf1e-3ce92c3b7959' as uuid), 'Ms. Tanaka''s mother gave me this book.', '田中さんのお母さんがこの本をくださいました。', 'たなかさんのおかさんがこのほんをくださいました。', '田[た] 中[なか]さんのお 母[か]さんがこの 本[ほん]をくださいました。', 3, cast('{}' as varchar[]));
insert into "grammar"."example" ("id", "rule_id", "meaning", "text_preferred_spelling", "text_phonetic_spelling", "text_furigana_template", "sort_rank", "tags") values (cast('3e205c17-74f7-4c83-b177-a8a010e85dba' as uuid), cast('9b4e32d6-2700-4ee8-bf1e-3ce92c3b7959' as uuid), 'Please don''t worry.', '心配なさらないでください', 'しんぱいなさらないでください', '心[しん] 配[ぱい]なさらないでください', 4, cast('{}' as varchar[]));
insert into "grammar"."example" ("id", "rule_id", "meaning", "text_preferred_spelling", "text_phonetic_spelling", "text_furigana_template", "sort_rank", "tags") values (cast('c3c61422-2541-45dc-b6a8-b711399bc416' as uuid), cast('9b4e32d6-2700-4ee8-bf1e-3ce92c3b7959' as uuid), 'I hear the professor goes to bed around 10.', '先生は十時ごろお休みになるそうです。', 'せんせいはじゅうじごろおやすみになるそうです。', '先[せん] 生[せい]は 十[じゅう] 時[じ]ごろお 休[やす]みになるそうです。', 5, cast('{}' as varchar[]));
insert into "grammar"."example" ("id", "rule_id", "meaning", "text_preferred_spelling", "text_phonetic_spelling", "text_furigana_template", "sort_rank", "tags") values (cast('be2aa4fe-2b7d-47a4-a612-ba51fdf91f70' as uuid), cast('9b4e32d6-2700-4ee8-bf1e-3ce92c3b7959' as uuid), 'Have you seen this movie yet?', 'もうこの映画をご覧になりましたか。', 'もうこのえいがをごらんになりましたか。', 'もうこの 映[えい] 画[が]をご 覧[らん]になりましたか。', 6, cast('{}' as varchar[]));
insert into "grammar"."example" ("id", "rule_id", "meaning", "text_preferred_spelling", "text_phonetic_spelling", "text_furigana_template", "sort_rank", "tags") values (cast('cf84a15e-0f3b-43ea-b43a-4afbb21afbb5' as uuid), cast('9b4e32d6-2700-4ee8-bf1e-3ce92c3b7959' as uuid), 'The president has brought her child to the office.', '社長はお子さんを会社に連れていらしゃいました。', 'しゃちょうはおこさんをかいしゃにつれていらしゃいました。', '社[しゃ] 長[ちょう]はお 子[こ]さんを 会[かい] 社[しゃ]に 連[つ]れていらしゃいました。', 7, cast('{}' as varchar[]));
insert into "grammar"."rule_reference" ("rule_id", "lesson_code") values (cast('9b4e32d6-2700-4ee8-bf1e-3ce92c3b7959' as uuid), 'GENKI3_L19');
insert into "grammar"."example_reference" ("example_id", "lesson_code") values (cast('c1c38b65-8c15-4ab8-a6cc-13eb04e164a5' as uuid), 'GENKI3_L19');
insert into "grammar"."example_reference" ("example_id", "lesson_code") values (cast('5fcd99cb-b071-49f3-879b-2d939109d4a0' as uuid), 'GENKI3_L19');
insert into "grammar"."example_reference" ("example_id", "lesson_code") values (cast('d8fd98ea-b6a3-48a7-80b9-75259aa760c6' as uuid), 'GENKI3_L19');
insert into "grammar"."example_reference" ("example_id", "lesson_code") values (cast('3e205c17-74f7-4c83-b177-a8a010e85dba' as uuid), 'GENKI3_L19');
insert into "grammar"."example_reference" ("example_id", "lesson_code") values (cast('c3c61422-2541-45dc-b6a8-b711399bc416' as uuid), 'GENKI3_L19');
insert into "grammar"."example_reference" ("example_id", "lesson_code") values (cast('be2aa4fe-2b7d-47a4-a612-ba51fdf91f70' as uuid), 'GENKI3_L19');
insert into "grammar"."example_reference" ("example_id", "lesson_code") values (cast('cf84a15e-0f3b-43ea-b43a-4afbb21afbb5' as uuid), 'GENKI3_L19');
-- 〜ていらしゃいます | honorific verbs (using 〜ている) --
insert into "grammar"."rule" ("id", "meaning", "title_preferred_spelling", "title_phonetic_spelling", "title_furigana_template", "how_to_use", "jlpt_level", "row_num", "date_added", "tags") values (cast('c6f62bd3-f92c-4c0b-a60e-705eb243bd9f' as uuid), 'honorific verbs (using 〜ている)', '〜ていらしゃいます', null, null, cast('{"〜ている ⟶ 〜ていらしゃいます","〜ています ⟶ 〜ていらしゃいます","Makes any 〜ている conjugation 敬語"}' as text[]), null, 121, date '2025-04-10', cast('{}' as varchar[]));
insert into "grammar"."example" ("id", "rule_id", "meaning", "text_preferred_spelling", "text_phonetic_spelling", "text_furigana_template", "sort_rank", "tags") values (cast('d4fef3da-da30-4e6d-bc29-f87f90c3140f' as uuid), cast('c6f62bd3-f92c-4c0b-a60e-705eb243bd9f' as uuid), 'The professor is talking on the phone.', '先生は電話で話していらっしゃいます。', 'せんせいはでんわではなしていらっしゃいます。', '先[せん] 生[せい]は 電[でん] 話[わ]で 話[はな]していらっしゃいます。', 1, cast('{}' as varchar[]));
insert into "grammar"."example" ("id", "rule_id", "meaning", "text_preferred_spelling", "text_phonetic_spelling", "text_furigana_template", "sort_rank", "tags") values (cast('99f91b92-ce86-4aec-948d-dd9a34be3d97' as uuid), cast('c6f62bd3-f92c-4c0b-a60e-705eb243bd9f' as uuid), 'It appears that the department manager is tired.', '部長は疲れていらしゃるみたいです。', 'ぶちょうはつかれていらしゃるみたいです。', '部[ぶ] 長[ちょう]は 疲[つか]れていらしゃるみたいです。', 2, cast('{}' as varchar[]));
insert into "grammar"."rule_reference" ("rule_id", "lesson_code") values (cast('c6f62bd3-f92c-4c0b-a60e-705eb243bd9f' as uuid), 'GENKI3_L19');
insert into "grammar"."example_reference" ("example_id", "lesson_code") values (cast('d4fef3da-da30-4e6d-bc29-f87f90c3140f' as uuid), 'GENKI3_L19');
insert into "grammar"."example_reference" ("example_id", "lesson_code") values (cast('99f91b92-ce86-4aec-948d-dd9a34be3d97' as uuid), 'GENKI3_L19');
-- おＶになる | honorific verbs (when no special honorific verb) --
insert into "grammar"."rule" ("id", "meaning", "title_preferred_spelling", "title_phonetic_spelling", "title_furigana_template", "how_to_use", "jlpt_level", "row_num", "date_added", "tags") values (cast('592abdf3-6b59-4cdb-9a2c-de63a16a1d2e' as uuid), 'honorific verbs (when no special honorific verb)', 'おＶになる', null, null, cast('{"お + verb (stem) + になる","Works for most combinations of verb + post-predicate expression","Do not use with potential form; it is in poor taste"}' as text[]), null, 122, date '2025-04-10', cast('{}' as varchar[]));
insert into "grammar"."example" ("id", "rule_id", "meaning", "text_preferred_spelling", "text_phonetic_spelling", "text_furigana_template", "sort_rank", "tags") values (cast('28425f89-497b-483b-b550-5586c35a4b40' as uuid), cast('592abdf3-6b59-4cdb-9a2c-de63a16a1d2e' as uuid), 'The professor has already gone home.', '先生はもうお帰りになりました。', 'せんせいはもうおかえりになりました。', '先[せん] 生[せい]はもうお 帰[かえ]りになりました。', 1, cast('{}' as varchar[]));
insert into "grammar"."example" ("id", "rule_id", "meaning", "text_preferred_spelling", "text_phonetic_spelling", "text_furigana_template", "sort_rank", "tags") values (cast('cb3f4ead-8e1e-452c-a780-ab595a06675f' as uuid), cast('592abdf3-6b59-4cdb-9a2c-de63a16a1d2e' as uuid), 'Have you ever read this magazine?', 'この雑誌を読みになったことがりますか。', 'このざっしをよみになったことがりますか。', 'この 雑[ざっ] 誌[し]を 読[よ]みになったことがりますか。', 2, cast('{}' as varchar[]));
insert into "grammar"."example" ("id", "rule_id", "meaning", "text_preferred_spelling", "text_phonetic_spelling", "text_furigana_template", "sort_rank", "tags") values (cast('05bb8ca3-3eea-4f19-9c64-99ca7d1c090d' as uuid), cast('592abdf3-6b59-4cdb-9a2c-de63a16a1d2e' as uuid), 'Please use it.', 'どうぞお使いになってください。', 'どうぞおつかいになってください。', 'どうぞお 使[つか]いになってください。', 3, cast('{}' as varchar[]));
insert into "grammar"."rule_reference" ("rule_id", "lesson_code") values (cast('592abdf3-6b59-4cdb-9a2c-de63a16a1d2e' as uuid), 'GENKI3_L19');
insert into "grammar"."example_reference" ("example_id", "lesson_code") values (cast('28425f89-497b-483b-b550-5586c35a4b40' as uuid), 'GENKI3_L19');
insert into "grammar"."example_reference" ("example_id", "lesson_code") values (cast('cb3f4ead-8e1e-452c-a780-ab595a06675f' as uuid), 'GENKI3_L19');
insert into "grammar"."example_reference" ("example_id", "lesson_code") values (cast('05bb8ca3-3eea-4f19-9c64-99ca7d1c090d' as uuid), 'GENKI3_L19');
-- おＶください | courteously phrased commands<br/>giving respectful advice --
insert into "grammar"."rule" ("id", "meaning", "title_preferred_spelling", "title_phonetic_spelling", "title_furigana_template", "how_to_use", "jlpt_level", "row_num", "date_added", "tags") values (cast('3cff374c-5954-471f-aaa0-58201688e0c5' as uuid), 'courteously phrased commands<br/>giving respectful advice', 'おＶください', null, null, cast('{"お + verb (stem) + ください","ご + suru verb (noun part) + ください"}' as text[]), null, 123, date '2025-04-10', cast('{}' as varchar[]));
insert into "grammar"."example" ("id", "rule_id", "meaning", "text_preferred_spelling", "text_phonetic_spelling", "text_furigana_template", "sort_rank", "tags") values (cast('212e0dfd-aed0-4b9f-a612-21dd4ec34d8b' as uuid), cast('3cff374c-5954-471f-aaa0-58201688e0c5' as uuid), 'Please take a ticket.', '切符をお取りください。', 'きっぷをおとりください。', '切[きっ] 符[ぷ]をお 取[と]りください。', 1, cast('{}' as varchar[]));
insert into "grammar"."example" ("id", "rule_id", "meaning", "text_preferred_spelling", "text_phonetic_spelling", "text_furigana_template", "sort_rank", "tags") values (cast('4af78f9a-c6d0-44e4-8efa-738abeb522e1' as uuid), cast('3cff374c-5954-471f-aaa0-58201688e0c5' as uuid), 'Please read the instruction.', '説明をお読みください。', 'せつめいをおよみください。', '説[せつ] 明[めい]をお 読[よ]みください。', 2, cast('{}' as varchar[]));
insert into "grammar"."example" ("id", "rule_id", "meaning", "text_preferred_spelling", "text_phonetic_spelling", "text_furigana_template", "sort_rank", "tags") values (cast('cb2467e6-d913-490b-90e6-73a7b1f30cfa' as uuid), cast('3cff374c-5954-471f-aaa0-58201688e0c5' as uuid), 'Please watch out.', 'ご注意ください。', 'ごちゅういください。', 'ご 注[ちゅう] 意[い]ください。', 3, cast('{}' as varchar[]));
insert into "grammar"."example" ("id", "rule_id", "meaning", "text_preferred_spelling", "text_phonetic_spelling", "text_furigana_template", "sort_rank", "tags") values (cast('cadb57b7-a886-49f0-83aa-4fe7289afe38' as uuid), cast('3cff374c-5954-471f-aaa0-58201688e0c5' as uuid), 'Look to your right please. Mt. Fuji is visible.', '右をご覧ください。富士山が見えます。', 'みぎをごらんください。ふじさんがみえます。', '右[みぎ]をご 覧[らん]ください。 富[ふ] 士[じ] 山[さん]が 見[み]えます。', 4, cast('{}' as varchar[]));
insert into "grammar"."example" ("id", "rule_id", "meaning", "text_preferred_spelling", "text_phonetic_spelling", "text_furigana_template", "sort_rank", "tags") values (cast('9319fbec-5f62-465a-b1dd-36a079422b6a' as uuid), cast('3cff374c-5954-471f-aaa0-58201688e0c5' as uuid), 'Because the plate is hot, be careful when eating please.', 'お皿が熱いですから、気おつけてお召し上がりください。', 'おさらがあついですから、きおつけておめしあがりください。', 'お 皿[さら]が 熱[あつ]いですから、 気[き]おつけてお 召[め]し 上[あ]がりください。', 5, cast('{}' as varchar[]));
insert into "grammar"."example" ("id", "rule_id", "meaning", "text_preferred_spelling", "text_phonetic_spelling", "text_furigana_template", "sort_rank", "tags") values (cast('ae02132e-a473-4bda-b54d-d8e7f5554e69' as uuid), cast('3cff374c-5954-471f-aaa0-58201688e0c5' as uuid), 'Please have a good rest.', 'お休みください', 'おやすみください', 'お 休[やす]みください', 6, cast('{}' as varchar[]));
insert into "grammar"."rule_reference" ("rule_id", "lesson_code") values (cast('3cff374c-5954-471f-aaa0-58201688e0c5' as uuid), 'GENKI3_L19');
insert into "grammar"."example_reference" ("example_id", "lesson_code") values (cast('212e0dfd-aed0-4b9f-a612-21dd4ec34d8b' as uuid), 'GENKI3_L19');
insert into "grammar"."example_reference" ("example_id", "lesson_code") values (cast('4af78f9a-c6d0-44e4-8efa-738abeb522e1' as uuid), 'GENKI3_L19');
insert into "grammar"."example_reference" ("example_id", "lesson_code") values (cast('cb2467e6-d913-490b-90e6-73a7b1f30cfa' as uuid), 'GENKI3_L19');
insert into "grammar"."example_reference" ("example_id", "lesson_code") values (cast('cadb57b7-a886-49f0-83aa-4fe7289afe38' as uuid), 'GENKI3_L19');
insert into "grammar"."example_reference" ("example_id", "lesson_code") values (cast('9319fbec-5f62-465a-b1dd-36a079422b6a' as uuid), 'GENKI3_L19');
insert into "grammar"."example_reference" ("example_id", "lesson_code") values (cast('ae02132e-a473-4bda-b54d-d8e7f5554e69' as uuid), 'GENKI3_L19');
-- 〜てくれてありがとう | Thank you for doing... --
insert into "grammar"."rule" ("id", "meaning", "title_preferred_spelling", "title_phonetic_spelling", "title_furigana_template", "how_to_use", "jlpt_level", "row_num", "date_added", "tags") values (cast('b89a9699-18a1-4334-8d37-f17249f4b2f0' as uuid), 'Thank you for doing...', '〜てくれてありがとう', null, null, cast('{"verb (て form) + くれてありがとう ⟶ casual","verb (て form) + くださってありがとうございました ⟶ honorific","verb (て form) + くださってありがとうございます ⟶ honorific/ongoing"}' as text[]), null, 124, date '2025-04-12', cast('{}' as varchar[]));
insert into "grammar"."example" ("id", "rule_id", "meaning", "text_preferred_spelling", "text_phonetic_spelling", "text_furigana_template", "sort_rank", "tags") values (cast('ee3603f6-1afe-4ada-99b2-5e66e06a197b' as uuid), cast('b89a9699-18a1-4334-8d37-f17249f4b2f0' as uuid), 'Thank you for helping me out.', '手伝ってくれてありがとう。', 'てつだってくれてありがとう。', '手[てつ] 伝[だ]ってくれてありがとう。', 1, cast('{}' as varchar[]));
insert into "grammar"."example" ("id", "rule_id", "meaning", "text_preferred_spelling", "text_phonetic_spelling", "text_furigana_template", "sort_rank", "tags") values (cast('90921954-da1d-4bdd-a674-c62711d536ff' as uuid), cast('b89a9699-18a1-4334-8d37-f17249f4b2f0' as uuid), 'Thank you for writing a letter of recommendation for me.', '推薦状を書いてくださってありがとうございました。', 'すいせんじょうをきいてくださってありがとうございました。', '推[すい] 薦[せん] 状[じょう]を 書[き]いてくださってありがとうございました。', 2, cast('{}' as varchar[]));
insert into "grammar"."example" ("id", "rule_id", "meaning", "text_preferred_spelling", "text_phonetic_spelling", "text_furigana_template", "sort_rank", "tags") values (cast('d7f6ae51-2792-4a3b-a10c-175478f20001' as uuid), cast('b89a9699-18a1-4334-8d37-f17249f4b2f0' as uuid), 'Thank you for your kind instructions.', 'いつも親切に教えてくださってありがとうございます。', 'いつもしんせつにおしえてくださってありがとうございます。', 'いつも 親[しん] 切[せつ]に 教[おし]えてくださってありがとうございます。', 3, cast('{}' as varchar[]));
insert into "grammar"."example" ("id", "rule_id", "meaning", "text_preferred_spelling", "text_phonetic_spelling", "text_furigana_template", "sort_rank", "tags") values (cast('cc23932b-978b-42ff-8719-1e42e097697e' as uuid), cast('b89a9699-18a1-4334-8d37-f17249f4b2f0' as uuid), '(To a friend): Thank you for driving me home.', '家まで送ってくれてありがとう。', 'いえまでおくってくれてありがとう。', '家[いえ]まで 送[おく]ってくれてありがとう。', 4, cast('{}' as varchar[]));
insert into "grammar"."example" ("id", "rule_id", "meaning", "text_preferred_spelling", "text_phonetic_spelling", "text_furigana_template", "sort_rank", "tags") values (cast('b2b8793f-82cc-419d-85c8-83317f6d4e9c' as uuid), cast('b89a9699-18a1-4334-8d37-f17249f4b2f0' as uuid), '(To your boss): Thank you for treating me to dinner.', '晩ご飯をご馳走してくださってありがとうございました。', 'ばんごはんをごちそうしてくださってありがとうございました。', '晩[ばん]ご 飯[はん]をご 馳[ち] 走[そう]してくださってありがとうございました。', 5, cast('{}' as varchar[]));
insert into "grammar"."example" ("id", "rule_id", "meaning", "text_preferred_spelling", "text_phonetic_spelling", "text_furigana_template", "sort_rank", "tags") values (cast('a9cc517b-1106-4389-ba44-bd5e77e33ea9' as uuid), cast('b89a9699-18a1-4334-8d37-f17249f4b2f0' as uuid), 'Thank you for being a good fiend.', 'いい友達でいてくれてありがとう。', 'いいともだちでいてくれてありがとう。', 'いい 友[とも] 達[だち]でいてくれてありがとう。', 6, cast('{}' as varchar[]));
insert into "grammar"."rule_reference" ("rule_id", "lesson_code") values (cast('b89a9699-18a1-4334-8d37-f17249f4b2f0' as uuid), 'GENKI3_L19');
insert into "grammar"."example_reference" ("example_id", "lesson_code") values (cast('ee3603f6-1afe-4ada-99b2-5e66e06a197b' as uuid), 'GENKI3_L19');
insert into "grammar"."example_reference" ("example_id", "lesson_code") values (cast('90921954-da1d-4bdd-a674-c62711d536ff' as uuid), 'GENKI3_L19');
insert into "grammar"."example_reference" ("example_id", "lesson_code") values (cast('d7f6ae51-2792-4a3b-a10c-175478f20001' as uuid), 'GENKI3_L19');
insert into "grammar"."example_reference" ("example_id", "lesson_code") values (cast('cc23932b-978b-42ff-8719-1e42e097697e' as uuid), 'GENKI3_L19');
insert into "grammar"."example_reference" ("example_id", "lesson_code") values (cast('b2b8793f-82cc-419d-85c8-83317f6d4e9c' as uuid), 'GENKI3_L19');
insert into "grammar"."example_reference" ("example_id", "lesson_code") values (cast('a9cc517b-1106-4389-ba44-bd5e77e33ea9' as uuid), 'GENKI3_L19');
-- 〜てよかったです<br/>〜なくてよかったです | I am glad that I did.../...was the case<br/>I am glad that I didn't.../...was not the case --
insert into "grammar"."rule" ("id", "meaning", "title_preferred_spelling", "title_phonetic_spelling", "title_furigana_template", "how_to_use", "jlpt_level", "row_num", "date_added", "tags") values (cast('ab92becb-40ca-4a7f-8445-cfb0e9714643' as uuid), 'I am glad that I did.../...was the case<br/>I am glad that I didn''t.../...was not the case', '〜てよかったです<br/>〜なくてよかったです', null, null, cast('{"verb (て form) + よかったです","verb (neg て form) + よかったです"}' as text[]), null, 125, date '2025-04-12', cast('{}' as varchar[]));
insert into "grammar"."example" ("id", "rule_id", "meaning", "text_preferred_spelling", "text_phonetic_spelling", "text_furigana_template", "sort_rank", "tags") values (cast('aacca6d2-ac1c-4663-8087-940614650397' as uuid), cast('ab92becb-40ca-4a7f-8445-cfb0e9714643' as uuid), 'I''m glad that I have studied Japanese.', '日本語と勉強してよかったです。', 'にほんごとべんきょうしてよかったです。', '日[に] 本[ほん] 語[ご]と 勉[べん] 強[きょう]してよかったです。', 1, cast('{}' as varchar[]));
insert into "grammar"."example" ("id", "rule_id", "meaning", "text_preferred_spelling", "text_phonetic_spelling", "text_furigana_template", "sort_rank", "tags") values (cast('a86e5fdb-7459-42f3-9e84-25b41e150f84' as uuid), cast('ab92becb-40ca-4a7f-8445-cfb0e9714643' as uuid), 'I''m glad that Marry became well.', 'メアリーさんが元気になってよかったです。', 'メアリーさんがげんきになってよかったです。', 'メアリーさんが 元[げん] 気[き]になってよかったです。', 2, cast('{}' as varchar[]));
insert into "grammar"."example" ("id", "rule_id", "meaning", "text_preferred_spelling", "text_phonetic_spelling", "text_furigana_template", "sort_rank", "tags") values (cast('7821009e-9193-4a07-8047-f33f0742aca0' as uuid), cast('ab92becb-40ca-4a7f-8445-cfb0e9714643' as uuid), 'I''m glad that I had not become late for the appointment.', '約束の時に送れなくてよかったです。', 'やくそくのじにおくれなくてよかったです。', '約[やく] 束[そく]の 時[じ]に 送[おく]れなくてよかったです。', 3, cast('{}' as varchar[]));
insert into "grammar"."example" ("id", "rule_id", "meaning", "text_preferred_spelling", "text_phonetic_spelling", "text_furigana_template", "sort_rank", "tags") values (cast('626aba4d-d6e1-41c5-a1a3-d65e673e3c72' as uuid), cast('ab92becb-40ca-4a7f-8445-cfb0e9714643' as uuid), 'I am glad it became sunny today.', '今日晴れてよかったです。', 'きょうはれてよかったです。', '今日[きょう] 晴[は]れてよかったです。', 4, cast('{}' as varchar[]));
insert into "grammar"."example" ("id", "rule_id", "meaning", "text_preferred_spelling", "text_phonetic_spelling", "text_furigana_template", "sort_rank", "tags") values (cast('12f67a82-b03a-4dac-82cb-bed2a63a3c9c' as uuid), cast('ab92becb-40ca-4a7f-8445-cfb0e9714643' as uuid), 'I am glad that I did not quit (my) Japanese studies.', '日本語の勉強をやめなくてよかったです。', 'にほんごのべんきょうをやめなくてよかったです。', '日[に] 本[ほん] 語[ご]の 勉[べん] 強[きょう]をやめなくてよかったです。', 5, cast('{}' as varchar[]));
insert into "grammar"."rule_reference" ("rule_id", "lesson_code") values (cast('ab92becb-40ca-4a7f-8445-cfb0e9714643' as uuid), 'GENKI3_L19');
insert into "grammar"."example_reference" ("example_id", "lesson_code") values (cast('aacca6d2-ac1c-4663-8087-940614650397' as uuid), 'GENKI3_L19');
insert into "grammar"."example_reference" ("example_id", "lesson_code") values (cast('a86e5fdb-7459-42f3-9e84-25b41e150f84' as uuid), 'GENKI3_L19');
insert into "grammar"."example_reference" ("example_id", "lesson_code") values (cast('7821009e-9193-4a07-8047-f33f0742aca0' as uuid), 'GENKI3_L19');
insert into "grammar"."example_reference" ("example_id", "lesson_code") values (cast('626aba4d-d6e1-41c5-a1a3-d65e673e3c72' as uuid), 'GENKI3_L19');
insert into "grammar"."example_reference" ("example_id", "lesson_code") values (cast('12f67a82-b03a-4dac-82cb-bed2a63a3c9c' as uuid), 'GENKI3_L19');
-- 〜はずです | I believe it is true or likely the case that... --
insert into "grammar"."rule" ("id", "meaning", "title_preferred_spelling", "title_phonetic_spelling", "title_furigana_template", "how_to_use", "jlpt_level", "row_num", "date_added", "tags") values (cast('61d4a5e2-77ec-4b28-af8b-f79e9899d880' as uuid), 'I believe it is true or likely the case that...', '〜はずです', null, null, cast('{"verb (short) + はず + です","い-adj + はず + です","な-adj + な + はず + です","noun + の + はず + です"}' as text[]), null, 126, date '2025-04-12', cast('{}' as varchar[]));
insert into "grammar"."example" ("id", "rule_id", "meaning", "text_preferred_spelling", "text_phonetic_spelling", "text_furigana_template", "sort_rank", "tags") values (cast('63a0e12d-7a33-451b-bfdb-136c2b37453b' as uuid), cast('61d4a5e2-77ec-4b28-af8b-f79e9899d880' as uuid), 'Because today is Sunday, the bank must be closed, I believe.', '今日は日曜日だから、銀行は閉まっているはずです。', 'きょうはにちようびだから、ぎんこうはしまっているはずです。', '今日[きょう]は 日[にち] 曜[よう] 日[び]だから、 銀[ぎん] 行[こう]は 閉[し]まっているはずです。', 1, cast('{}' as varchar[]));
insert into "grammar"."example" ("id", "rule_id", "meaning", "text_preferred_spelling", "text_phonetic_spelling", "text_furigana_template", "sort_rank", "tags") values (cast('1daef17d-6acc-4a60-818e-da7773d07e34' as uuid), cast('61d4a5e2-77ec-4b28-af8b-f79e9899d880' as uuid), 'The report is not due tomorrow, I believe.', 'レポートの締め切りは明日じゃないはずです。', 'レポートのしめきりはあしたじゃないhaずです。', 'レポートの 締[し]め 切[き]りは 明日[あした]じゃない は[ha]ずです。', 2, cast('{}' as varchar[]));
insert into "grammar"."example" ("id", "rule_id", "meaning", "text_preferred_spelling", "text_phonetic_spelling", "text_furigana_template", "sort_rank", "tags") values (cast('6682efd9-c326-4625-a294-93a245fd1c33' as uuid), cast('61d4a5e2-77ec-4b28-af8b-f79e9899d880' as uuid), 'Last week I was supposed to receive a phone cal last week, but I did not.', '先週電話をもらうはずでしたが、電話がありませんでした。', 'せんしゅうでんわをもらうhaずでしたが、でんわがありませんでした。', '先[せん] 週[しゅう] 電[でん] 話[わ]をもらう は[ha]ずでしたが、 電[でん] 話[わ]がありませんでした。', 3, cast('{}' as varchar[]));
insert into "grammar"."example" ("id", "rule_id", "meaning", "text_preferred_spelling", "text_phonetic_spelling", "text_furigana_template", "sort_rank", "tags") values (cast('ecd386ff-1ad0-43aa-aec0-30fc5b6c534c' as uuid), cast('61d4a5e2-77ec-4b28-af8b-f79e9899d880' as uuid), 'Canada is larger than the United States, I believe.', 'カナダはアメリカより大はずです。', 'カナダはアメリカよりおおhaずです。', 'カナダはアメリカより 大[おお] は[ha]ずです。', 4, cast('{}' as varchar[]));
insert into "grammar"."example" ("id", "rule_id", "meaning", "text_preferred_spelling", "text_phonetic_spelling", "text_furigana_template", "sort_rank", "tags") values (cast('bc3b437b-9612-41cb-885d-c3e425ab291c' as uuid), cast('61d4a5e2-77ec-4b28-af8b-f79e9899d880' as uuid), 'Because about 30 minutes ago I saw Ms Chiaki Oogaki, she is coming I, believe.', '三十分ぐらい前に大垣千明さんを見たので、来るはずです。', 'さんじゅうぶんぐらいまえにおおがきちあきさんをみたので、くるはずです。', '三[さん] 十[じゅう] 分[ぶん]ぐらい 前[まえ]に 大[おお] 垣[がき] 千[ち] 明[あき]さんを 見[み]たので、 来[く]るはずです。', 5, cast('{}' as varchar[]));
insert into "grammar"."rule_reference" ("rule_id", "lesson_code") values (cast('61d4a5e2-77ec-4b28-af8b-f79e9899d880' as uuid), 'GENKI3_L19');
insert into "grammar"."example_reference" ("example_id", "lesson_code") values (cast('63a0e12d-7a33-451b-bfdb-136c2b37453b' as uuid), 'GENKI3_L19');
insert into "grammar"."example_reference" ("example_id", "lesson_code") values (cast('1daef17d-6acc-4a60-818e-da7773d07e34' as uuid), 'GENKI3_L19');
insert into "grammar"."example_reference" ("example_id", "lesson_code") values (cast('6682efd9-c326-4625-a294-93a245fd1c33' as uuid), 'GENKI3_L19');
insert into "grammar"."example_reference" ("example_id", "lesson_code") values (cast('ecd386ff-1ad0-43aa-aec0-30fc5b6c534c' as uuid), 'GENKI3_L19');
insert into "grammar"."example_reference" ("example_id", "lesson_code") values (cast('bc3b437b-9612-41cb-885d-c3e425ab291c' as uuid), 'GENKI3_L19');
-- 〜はずがありません | It cannot be / is impossible that... --
insert into "grammar"."rule" ("id", "meaning", "title_preferred_spelling", "title_phonetic_spelling", "title_furigana_template", "how_to_use", "jlpt_level", "row_num", "date_added", "tags") values (cast('fe3051f8-53f6-4223-a128-39bdd8d1cbf8' as uuid), 'It cannot be / is impossible that...', '〜はずがありません', null, null, cast('{"verb (short) + はず + が + ない","い-adj + はず + が + ない","な-adj + な + はず + が + ない","noun + の + はず + が + ない","verb (short) + はず + が + ありません","い-adj + はず + が + ありません","な-adj + な + はず + が + ありません","noun + の + はず + が + ありません"}' as text[]), null, 127, date '2025-04-12', cast('{}' as varchar[]));
insert into "grammar"."example" ("id", "rule_id", "meaning", "text_preferred_spelling", "text_phonetic_spelling", "text_furigana_template", "sort_rank", "tags") values (cast('0522ddf1-3c5b-4583-8fc8-bb1a72e87b4a' as uuid), cast('fe3051f8-53f6-4223-a128-39bdd8d1cbf8' as uuid), 'I cannot imagine that he would tell a lie.', '彼が嘘をつくはずがありません。', 'かれがうそをつくhaずがありません。', '彼[かれ]が 嘘[うそ]をつく は[ha]ずがありません。', 1, cast('{}' as varchar[]));
insert into "grammar"."example" ("id", "rule_id", "meaning", "text_preferred_spelling", "text_phonetic_spelling", "text_furigana_template", "sort_rank", "tags") values (cast('74d46f4c-02bf-490c-9f4b-b6cb7c4ccde8' as uuid), cast('fe3051f8-53f6-4223-a128-39bdd8d1cbf8' as uuid), 'He would never say such a thing.', '彼はそんなことを言うはずがない。', 'かれはそんなことをいうhaずがない。', '彼[かれ]はそんなことを 言[い]う は[ha]ずがない。', 2, cast('{}' as varchar[]));
insert into "grammar"."example" ("id", "rule_id", "meaning", "text_preferred_spelling", "text_phonetic_spelling", "text_furigana_template", "sort_rank", "tags") values (cast('7a840a91-8bab-47fc-9428-24bca3ad4518' as uuid), cast('fe3051f8-53f6-4223-a128-39bdd8d1cbf8' as uuid), 'That kind of large portion is impossible to eat all of.', 'そんな大きな量を全部食べられるはずがない。', 'そんなおおきなりょうをぜんぶたべられるhaずがない。', 'そんな 大[おお]きな 量[りょう]を 全[ぜん] 部[ぶ] 食[た]べられる は[ha]ずがない。', 3, cast('{}' as varchar[]));
insert into "grammar"."rule_reference" ("rule_id", "lesson_code") values (cast('fe3051f8-53f6-4223-a128-39bdd8d1cbf8' as uuid), 'GENKI3_L19');
insert into "grammar"."example_reference" ("example_id", "lesson_code") values (cast('0522ddf1-3c5b-4583-8fc8-bb1a72e87b4a' as uuid), 'GENKI3_L19');
insert into "grammar"."example_reference" ("example_id", "lesson_code") values (cast('74d46f4c-02bf-490c-9f4b-b6cb7c4ccde8' as uuid), 'JLPT_SENSEI_GRAMMAR_N4');
insert into "grammar"."example_reference" ("example_id", "lesson_code") values (cast('7a840a91-8bab-47fc-9428-24bca3ad4518' as uuid), 'JLPT_SENSEI_GRAMMAR_N4');
